[2026-05-20T06:57:24.690+0000] {processor.py:186} INFO - Started process (PID=21846) to work on /opt/airflow/dags/submit_spark_dag.py
[2026-05-20T06:57:24.693+0000] {processor.py:914} INFO - Processing file /opt/airflow/dags/submit_spark_dag.py for tasks to queue
[2026-05-20T06:57:24.699+0000] {logging_mixin.py:190} INFO - [2026-05-20T06:57:24.699+0000] {dagbag.py:588} INFO - Filling up the DagBag from /opt/airflow/dags/submit_spark_dag.py
[2026-05-20T06:57:24.726+0000] {processor.py:925} INFO - DAG(s) 'hello_spark' retrieved from /opt/airflow/dags/submit_spark_dag.py
[2026-05-20T06:57:24.776+0000] {logging_mixin.py:190} INFO - [2026-05-20T06:57:24.776+0000] {dag.py:3239} INFO - Sync 1 DAGs
[2026-05-20T06:57:24.871+0000] {logging_mixin.py:190} INFO - [2026-05-20T06:57:24.871+0000] {dag.py:4180} INFO - Setting next_dagrun for hello_spark to 2026-05-19 00:00:00+00:00, run_after=2026-05-20 00:00:00+00:00
[2026-05-20T06:57:24.934+0000] {processor.py:208} INFO - Processing /opt/airflow/dags/submit_spark_dag.py took 0.259 seconds
[2026-05-20T06:57:55.715+0000] {processor.py:186} INFO - Started process (PID=21858) to work on /opt/airflow/dags/submit_spark_dag.py
[2026-05-20T06:57:55.715+0000] {processor.py:914} INFO - Processing file /opt/airflow/dags/submit_spark_dag.py for tasks to queue
[2026-05-20T06:57:55.717+0000] {logging_mixin.py:190} INFO - [2026-05-20T06:57:55.716+0000] {dagbag.py:588} INFO - Filling up the DagBag from /opt/airflow/dags/submit_spark_dag.py
[2026-05-20T06:57:55.723+0000] {processor.py:925} INFO - DAG(s) 'hello_spark' retrieved from /opt/airflow/dags/submit_spark_dag.py
[2026-05-20T06:57:55.738+0000] {logging_mixin.py:190} INFO - [2026-05-20T06:57:55.738+0000] {dag.py:3239} INFO - Sync 1 DAGs
[2026-05-20T06:57:55.755+0000] {logging_mixin.py:190} INFO - [2026-05-20T06:57:55.755+0000] {dag.py:4180} INFO - Setting next_dagrun for hello_spark to 2026-05-19 00:00:00+00:00, run_after=2026-05-20 00:00:00+00:00
[2026-05-20T06:57:55.771+0000] {processor.py:208} INFO - Processing /opt/airflow/dags/submit_spark_dag.py took 0.060 seconds
[2026-05-20T06:58:26.244+0000] {processor.py:186} INFO - Started process (PID=21870) to work on /opt/airflow/dags/submit_spark_dag.py
[2026-05-20T06:58:26.245+0000] {processor.py:914} INFO - Processing file /opt/airflow/dags/submit_spark_dag.py for tasks to queue
[2026-05-20T06:58:26.247+0000] {logging_mixin.py:190} INFO - [2026-05-20T06:58:26.247+0000] {dagbag.py:588} INFO - Filling up the DagBag from /opt/airflow/dags/submit_spark_dag.py
[2026-05-20T06:58:26.254+0000] {processor.py:925} INFO - DAG(s) 'hello_spark' retrieved from /opt/airflow/dags/submit_spark_dag.py
[2026-05-20T06:58:26.269+0000] {logging_mixin.py:190} INFO - [2026-05-20T06:58:26.269+0000] {dag.py:3239} INFO - Sync 1 DAGs
[2026-05-20T06:58:26.288+0000] {logging_mixin.py:190} INFO - [2026-05-20T06:58:26.288+0000] {dag.py:4180} INFO - Setting next_dagrun for hello_spark to 2026-05-19 00:00:00+00:00, run_after=2026-05-20 00:00:00+00:00
[2026-05-20T06:58:26.300+0000] {processor.py:208} INFO - Processing /opt/airflow/dags/submit_spark_dag.py took 0.060 seconds
[2026-05-20T06:58:56.709+0000] {processor.py:186} INFO - Started process (PID=21883) to work on /opt/airflow/dags/submit_spark_dag.py
[2026-05-20T06:58:56.710+0000] {processor.py:914} INFO - Processing file /opt/airflow/dags/submit_spark_dag.py for tasks to queue
[2026-05-20T06:58:56.712+0000] {logging_mixin.py:190} INFO - [2026-05-20T06:58:56.711+0000] {dagbag.py:588} INFO - Filling up the DagBag from /opt/airflow/dags/submit_spark_dag.py
[2026-05-20T06:58:56.718+0000] {processor.py:925} INFO - DAG(s) 'hello_spark' retrieved from /opt/airflow/dags/submit_spark_dag.py
[2026-05-20T06:58:56.734+0000] {logging_mixin.py:190} INFO - [2026-05-20T06:58:56.734+0000] {dag.py:3239} INFO - Sync 1 DAGs
[2026-05-20T06:58:56.751+0000] {logging_mixin.py:190} INFO - [2026-05-20T06:58:56.751+0000] {dag.py:4180} INFO - Setting next_dagrun for hello_spark to 2026-05-19 00:00:00+00:00, run_after=2026-05-20 00:00:00+00:00
[2026-05-20T06:58:56.764+0000] {processor.py:208} INFO - Processing /opt/airflow/dags/submit_spark_dag.py took 0.059 seconds
[2026-05-20T06:59:27.104+0000] {processor.py:186} INFO - Started process (PID=21894) to work on /opt/airflow/dags/submit_spark_dag.py
[2026-05-20T06:59:27.106+0000] {processor.py:914} INFO - Processing file /opt/airflow/dags/submit_spark_dag.py for tasks to queue
[2026-05-20T06:59:27.107+0000] {logging_mixin.py:190} INFO - [2026-05-20T06:59:27.107+0000] {dagbag.py:588} INFO - Filling up the DagBag from /opt/airflow/dags/submit_spark_dag.py
[2026-05-20T06:59:27.114+0000] {processor.py:925} INFO - DAG(s) 'hello_spark' retrieved from /opt/airflow/dags/submit_spark_dag.py
[2026-05-20T06:59:27.130+0000] {logging_mixin.py:190} INFO - [2026-05-20T06:59:27.130+0000] {dag.py:3239} INFO - Sync 1 DAGs
[2026-05-20T06:59:27.147+0000] {logging_mixin.py:190} INFO - [2026-05-20T06:59:27.147+0000] {dag.py:4180} INFO - Setting next_dagrun for hello_spark to 2026-05-19 00:00:00+00:00, run_after=2026-05-20 00:00:00+00:00
[2026-05-20T06:59:27.159+0000] {processor.py:208} INFO - Processing /opt/airflow/dags/submit_spark_dag.py took 0.059 seconds
[2026-05-20T06:59:57.492+0000] {processor.py:186} INFO - Started process (PID=21906) to work on /opt/airflow/dags/submit_spark_dag.py
[2026-05-20T06:59:57.493+0000] {processor.py:914} INFO - Processing file /opt/airflow/dags/submit_spark_dag.py for tasks to queue
[2026-05-20T06:59:57.495+0000] {logging_mixin.py:190} INFO - [2026-05-20T06:59:57.495+0000] {dagbag.py:588} INFO - Filling up the DagBag from /opt/airflow/dags/submit_spark_dag.py
[2026-05-20T06:59:57.501+0000] {processor.py:925} INFO - DAG(s) 'hello_spark' retrieved from /opt/airflow/dags/submit_spark_dag.py
[2026-05-20T06:59:57.517+0000] {logging_mixin.py:190} INFO - [2026-05-20T06:59:57.516+0000] {dag.py:3239} INFO - Sync 1 DAGs
[2026-05-20T06:59:57.535+0000] {logging_mixin.py:190} INFO - [2026-05-20T06:59:57.535+0000] {dag.py:4180} INFO - Setting next_dagrun for hello_spark to 2026-05-19 00:00:00+00:00, run_after=2026-05-20 00:00:00+00:00
[2026-05-20T06:59:57.546+0000] {processor.py:208} INFO - Processing /opt/airflow/dags/submit_spark_dag.py took 0.058 seconds
[2026-05-20T07:00:28.048+0000] {processor.py:186} INFO - Started process (PID=21918) to work on /opt/airflow/dags/submit_spark_dag.py
[2026-05-20T07:00:28.048+0000] {processor.py:914} INFO - Processing file /opt/airflow/dags/submit_spark_dag.py for tasks to queue
[2026-05-20T07:00:28.050+0000] {logging_mixin.py:190} INFO - [2026-05-20T07:00:28.050+0000] {dagbag.py:588} INFO - Filling up the DagBag from /opt/airflow/dags/submit_spark_dag.py
[2026-05-20T07:00:28.058+0000] {processor.py:925} INFO - DAG(s) 'hello_spark' retrieved from /opt/airflow/dags/submit_spark_dag.py
[2026-05-20T07:00:28.080+0000] {logging_mixin.py:190} INFO - [2026-05-20T07:00:28.080+0000] {dag.py:3239} INFO - Sync 1 DAGs
[2026-05-20T07:00:28.111+0000] {logging_mixin.py:190} INFO - [2026-05-20T07:00:28.111+0000] {dag.py:4180} INFO - Setting next_dagrun for hello_spark to 2026-05-19 00:00:00+00:00, run_after=2026-05-20 00:00:00+00:00
[2026-05-20T07:00:28.124+0000] {processor.py:208} INFO - Processing /opt/airflow/dags/submit_spark_dag.py took 0.081 seconds
[2026-05-20T07:00:58.785+0000] {processor.py:186} INFO - Started process (PID=21931) to work on /opt/airflow/dags/submit_spark_dag.py
[2026-05-20T07:00:58.786+0000] {processor.py:914} INFO - Processing file /opt/airflow/dags/submit_spark_dag.py for tasks to queue
[2026-05-20T07:00:58.791+0000] {logging_mixin.py:190} INFO - [2026-05-20T07:00:58.789+0000] {dagbag.py:588} INFO - Filling up the DagBag from /opt/airflow/dags/submit_spark_dag.py
[2026-05-20T07:00:58.804+0000] {processor.py:925} INFO - DAG(s) 'hello_spark' retrieved from /opt/airflow/dags/submit_spark_dag.py
[2026-05-20T07:00:58.837+0000] {logging_mixin.py:190} INFO - [2026-05-20T07:00:58.837+0000] {dag.py:3239} INFO - Sync 1 DAGs
[2026-05-20T07:00:58.899+0000] {logging_mixin.py:190} INFO - [2026-05-20T07:00:58.899+0000] {dag.py:4180} INFO - Setting next_dagrun for hello_spark to 2026-05-19 00:00:00+00:00, run_after=2026-05-20 00:00:00+00:00
[2026-05-20T07:00:58.959+0000] {processor.py:208} INFO - Processing /opt/airflow/dags/submit_spark_dag.py took 0.182 seconds
[2026-05-20T07:01:29.631+0000] {processor.py:186} INFO - Started process (PID=21942) to work on /opt/airflow/dags/submit_spark_dag.py
[2026-05-20T07:01:29.632+0000] {processor.py:914} INFO - Processing file /opt/airflow/dags/submit_spark_dag.py for tasks to queue
[2026-05-20T07:01:29.634+0000] {logging_mixin.py:190} INFO - [2026-05-20T07:01:29.634+0000] {dagbag.py:588} INFO - Filling up the DagBag from /opt/airflow/dags/submit_spark_dag.py
[2026-05-20T07:01:29.640+0000] {processor.py:925} INFO - DAG(s) 'hello_spark' retrieved from /opt/airflow/dags/submit_spark_dag.py
[2026-05-20T07:01:29.666+0000] {logging_mixin.py:190} INFO - [2026-05-20T07:01:29.666+0000] {dag.py:3239} INFO - Sync 1 DAGs
[2026-05-20T07:01:29.701+0000] {logging_mixin.py:190} INFO - [2026-05-20T07:01:29.700+0000] {dag.py:4180} INFO - Setting next_dagrun for hello_spark to 2026-05-19 00:00:00+00:00, run_after=2026-05-20 00:00:00+00:00
[2026-05-20T07:01:29.717+0000] {processor.py:208} INFO - Processing /opt/airflow/dags/submit_spark_dag.py took 0.091 seconds
[2026-05-20T07:02:00.212+0000] {processor.py:186} INFO - Started process (PID=21953) to work on /opt/airflow/dags/submit_spark_dag.py
[2026-05-20T07:02:00.212+0000] {processor.py:914} INFO - Processing file /opt/airflow/dags/submit_spark_dag.py for tasks to queue
[2026-05-20T07:02:00.221+0000] {logging_mixin.py:190} INFO - [2026-05-20T07:02:00.221+0000] {dagbag.py:588} INFO - Filling up the DagBag from /opt/airflow/dags/submit_spark_dag.py
[2026-05-20T07:02:00.234+0000] {processor.py:925} INFO - DAG(s) 'hello_spark' retrieved from /opt/airflow/dags/submit_spark_dag.py
[2026-05-20T07:02:00.254+0000] {logging_mixin.py:190} INFO - [2026-05-20T07:02:00.254+0000] {dag.py:3239} INFO - Sync 1 DAGs
[2026-05-20T07:02:00.271+0000] {logging_mixin.py:190} INFO - [2026-05-20T07:02:00.271+0000] {dag.py:4180} INFO - Setting next_dagrun for hello_spark to 2026-05-19 00:00:00+00:00, run_after=2026-05-20 00:00:00+00:00
[2026-05-20T07:02:00.295+0000] {processor.py:208} INFO - Processing /opt/airflow/dags/submit_spark_dag.py took 0.088 seconds
[2026-05-20T07:02:30.817+0000] {processor.py:186} INFO - Started process (PID=21965) to work on /opt/airflow/dags/submit_spark_dag.py
[2026-05-20T07:02:30.818+0000] {processor.py:914} INFO - Processing file /opt/airflow/dags/submit_spark_dag.py for tasks to queue
[2026-05-20T07:02:30.820+0000] {logging_mixin.py:190} INFO - [2026-05-20T07:02:30.820+0000] {dagbag.py:588} INFO - Filling up the DagBag from /opt/airflow/dags/submit_spark_dag.py
[2026-05-20T07:02:30.827+0000] {processor.py:925} INFO - DAG(s) 'hello_spark' retrieved from /opt/airflow/dags/submit_spark_dag.py
[2026-05-20T07:02:30.848+0000] {logging_mixin.py:190} INFO - [2026-05-20T07:02:30.848+0000] {dag.py:3239} INFO - Sync 1 DAGs
[2026-05-20T07:02:30.867+0000] {logging_mixin.py:190} INFO - [2026-05-20T07:02:30.867+0000] {dag.py:4180} INFO - Setting next_dagrun for hello_spark to 2026-05-19 00:00:00+00:00, run_after=2026-05-20 00:00:00+00:00
[2026-05-20T07:02:30.890+0000] {processor.py:208} INFO - Processing /opt/airflow/dags/submit_spark_dag.py took 0.085 seconds
[2026-05-20T07:03:01.739+0000] {processor.py:186} INFO - Started process (PID=21976) to work on /opt/airflow/dags/submit_spark_dag.py
[2026-05-20T07:03:01.740+0000] {processor.py:914} INFO - Processing file /opt/airflow/dags/submit_spark_dag.py for tasks to queue
[2026-05-20T07:03:01.741+0000] {logging_mixin.py:190} INFO - [2026-05-20T07:03:01.741+0000] {dagbag.py:588} INFO - Filling up the DagBag from /opt/airflow/dags/submit_spark_dag.py
[2026-05-20T07:03:01.757+0000] {processor.py:925} INFO - DAG(s) 'hello_spark' retrieved from /opt/airflow/dags/submit_spark_dag.py
[2026-05-20T07:03:01.785+0000] {logging_mixin.py:190} INFO - [2026-05-20T07:03:01.785+0000] {dag.py:3239} INFO - Sync 1 DAGs
[2026-05-20T07:03:01.823+0000] {logging_mixin.py:190} INFO - [2026-05-20T07:03:01.823+0000] {dag.py:4180} INFO - Setting next_dagrun for hello_spark to 2026-05-19 00:00:00+00:00, run_after=2026-05-20 00:00:00+00:00
[2026-05-20T07:03:01.886+0000] {processor.py:208} INFO - Processing /opt/airflow/dags/submit_spark_dag.py took 0.160 seconds
[2026-05-20T07:03:32.541+0000] {processor.py:186} INFO - Started process (PID=21989) to work on /opt/airflow/dags/submit_spark_dag.py
[2026-05-20T07:03:32.542+0000] {processor.py:914} INFO - Processing file /opt/airflow/dags/submit_spark_dag.py for tasks to queue
[2026-05-20T07:03:32.544+0000] {logging_mixin.py:190} INFO - [2026-05-20T07:03:32.543+0000] {dagbag.py:588} INFO - Filling up the DagBag from /opt/airflow/dags/submit_spark_dag.py
[2026-05-20T07:03:32.551+0000] {processor.py:925} INFO - DAG(s) 'hello_spark' retrieved from /opt/airflow/dags/submit_spark_dag.py
[2026-05-20T07:03:32.568+0000] {logging_mixin.py:190} INFO - [2026-05-20T07:03:32.568+0000] {dag.py:3239} INFO - Sync 1 DAGs
[2026-05-20T07:03:32.590+0000] {logging_mixin.py:190} INFO - [2026-05-20T07:03:32.590+0000] {dag.py:4180} INFO - Setting next_dagrun for hello_spark to 2026-05-19 00:00:00+00:00, run_after=2026-05-20 00:00:00+00:00
[2026-05-20T07:03:32.602+0000] {processor.py:208} INFO - Processing /opt/airflow/dags/submit_spark_dag.py took 0.066 seconds
[2026-05-20T07:04:03.286+0000] {processor.py:186} INFO - Started process (PID=22001) to work on /opt/airflow/dags/submit_spark_dag.py
[2026-05-20T07:04:03.288+0000] {processor.py:914} INFO - Processing file /opt/airflow/dags/submit_spark_dag.py for tasks to queue
[2026-05-20T07:04:03.294+0000] {logging_mixin.py:190} INFO - [2026-05-20T07:04:03.289+0000] {dagbag.py:588} INFO - Filling up the DagBag from /opt/airflow/dags/submit_spark_dag.py
[2026-05-20T07:04:03.310+0000] {processor.py:925} INFO - DAG(s) 'hello_spark' retrieved from /opt/airflow/dags/submit_spark_dag.py
[2026-05-20T07:04:03.348+0000] {logging_mixin.py:190} INFO - [2026-05-20T07:04:03.348+0000] {dag.py:3239} INFO - Sync 1 DAGs
[2026-05-20T07:04:03.379+0000] {logging_mixin.py:190} INFO - [2026-05-20T07:04:03.379+0000] {dag.py:4180} INFO - Setting next_dagrun for hello_spark to 2026-05-19 00:00:00+00:00, run_after=2026-05-20 00:00:00+00:00
[2026-05-20T07:04:03.405+0000] {processor.py:208} INFO - Processing /opt/airflow/dags/submit_spark_dag.py took 0.138 seconds
[2026-05-20T07:04:33.949+0000] {processor.py:186} INFO - Started process (PID=22013) to work on /opt/airflow/dags/submit_spark_dag.py
[2026-05-20T07:04:33.949+0000] {processor.py:914} INFO - Processing file /opt/airflow/dags/submit_spark_dag.py for tasks to queue
[2026-05-20T07:04:33.951+0000] {logging_mixin.py:190} INFO - [2026-05-20T07:04:33.951+0000] {dagbag.py:588} INFO - Filling up the DagBag from /opt/airflow/dags/submit_spark_dag.py
[2026-05-20T07:04:33.958+0000] {processor.py:925} INFO - DAG(s) 'hello_spark' retrieved from /opt/airflow/dags/submit_spark_dag.py
[2026-05-20T07:04:33.975+0000] {logging_mixin.py:190} INFO - [2026-05-20T07:04:33.974+0000] {dag.py:3239} INFO - Sync 1 DAGs
[2026-05-20T07:04:33.993+0000] {logging_mixin.py:190} INFO - [2026-05-20T07:04:33.993+0000] {dag.py:4180} INFO - Setting next_dagrun for hello_spark to 2026-05-19 00:00:00+00:00, run_after=2026-05-20 00:00:00+00:00
[2026-05-20T07:04:34.008+0000] {processor.py:208} INFO - Processing /opt/airflow/dags/submit_spark_dag.py took 0.064 seconds
[2026-05-20T07:05:04.350+0000] {processor.py:186} INFO - Started process (PID=22025) to work on /opt/airflow/dags/submit_spark_dag.py
[2026-05-20T07:05:04.351+0000] {processor.py:914} INFO - Processing file /opt/airflow/dags/submit_spark_dag.py for tasks to queue
[2026-05-20T07:05:04.352+0000] {logging_mixin.py:190} INFO - [2026-05-20T07:05:04.352+0000] {dagbag.py:588} INFO - Filling up the DagBag from /opt/airflow/dags/submit_spark_dag.py
[2026-05-20T07:05:04.359+0000] {processor.py:925} INFO - DAG(s) 'hello_spark' retrieved from /opt/airflow/dags/submit_spark_dag.py
[2026-05-20T07:05:04.373+0000] {logging_mixin.py:190} INFO - [2026-05-20T07:05:04.373+0000] {dag.py:3239} INFO - Sync 1 DAGs
[2026-05-20T07:05:04.391+0000] {logging_mixin.py:190} INFO - [2026-05-20T07:05:04.391+0000] {dag.py:4180} INFO - Setting next_dagrun for hello_spark to 2026-05-19 00:00:00+00:00, run_after=2026-05-20 00:00:00+00:00
[2026-05-20T07:05:04.403+0000] {processor.py:208} INFO - Processing /opt/airflow/dags/submit_spark_dag.py took 0.057 seconds
[2026-05-20T07:05:34.842+0000] {processor.py:186} INFO - Started process (PID=22036) to work on /opt/airflow/dags/submit_spark_dag.py
[2026-05-20T07:05:34.842+0000] {processor.py:914} INFO - Processing file /opt/airflow/dags/submit_spark_dag.py for tasks to queue
[2026-05-20T07:05:34.844+0000] {logging_mixin.py:190} INFO - [2026-05-20T07:05:34.844+0000] {dagbag.py:588} INFO - Filling up the DagBag from /opt/airflow/dags/submit_spark_dag.py
[2026-05-20T07:05:34.852+0000] {processor.py:925} INFO - DAG(s) 'hello_spark' retrieved from /opt/airflow/dags/submit_spark_dag.py
[2026-05-20T07:05:34.871+0000] {logging_mixin.py:190} INFO - [2026-05-20T07:05:34.871+0000] {dag.py:3239} INFO - Sync 1 DAGs
[2026-05-20T07:05:34.891+0000] {logging_mixin.py:190} INFO - [2026-05-20T07:05:34.890+0000] {dag.py:4180} INFO - Setting next_dagrun for hello_spark to 2026-05-19 00:00:00+00:00, run_after=2026-05-20 00:00:00+00:00
[2026-05-20T07:05:34.921+0000] {processor.py:208} INFO - Processing /opt/airflow/dags/submit_spark_dag.py took 0.085 seconds
[2026-05-20T07:06:05.820+0000] {processor.py:186} INFO - Started process (PID=22050) to work on /opt/airflow/dags/submit_spark_dag.py
[2026-05-20T07:06:05.827+0000] {processor.py:914} INFO - Processing file /opt/airflow/dags/submit_spark_dag.py for tasks to queue
[2026-05-20T07:06:05.828+0000] {logging_mixin.py:190} INFO - [2026-05-20T07:06:05.828+0000] {dagbag.py:588} INFO - Filling up the DagBag from /opt/airflow/dags/submit_spark_dag.py
[2026-05-20T07:06:05.845+0000] {processor.py:925} INFO - DAG(s) 'hello_spark' retrieved from /opt/airflow/dags/submit_spark_dag.py
[2026-05-20T07:06:05.869+0000] {logging_mixin.py:190} INFO - [2026-05-20T07:06:05.868+0000] {dag.py:3239} INFO - Sync 1 DAGs
[2026-05-20T07:06:05.889+0000] {logging_mixin.py:190} INFO - [2026-05-20T07:06:05.889+0000] {dag.py:4180} INFO - Setting next_dagrun for hello_spark to 2026-05-19 00:00:00+00:00, run_after=2026-05-20 00:00:00+00:00
[2026-05-20T07:06:05.921+0000] {processor.py:208} INFO - Processing /opt/airflow/dags/submit_spark_dag.py took 0.106 seconds
[2026-05-20T07:06:36.637+0000] {processor.py:186} INFO - Started process (PID=22062) to work on /opt/airflow/dags/submit_spark_dag.py
[2026-05-20T07:06:36.647+0000] {processor.py:914} INFO - Processing file /opt/airflow/dags/submit_spark_dag.py for tasks to queue
[2026-05-20T07:06:36.656+0000] {logging_mixin.py:190} INFO - [2026-05-20T07:06:36.655+0000] {dagbag.py:588} INFO - Filling up the DagBag from /opt/airflow/dags/submit_spark_dag.py
[2026-05-20T07:06:36.690+0000] {processor.py:925} INFO - DAG(s) 'hello_spark' retrieved from /opt/airflow/dags/submit_spark_dag.py
[2026-05-20T07:06:36.766+0000] {logging_mixin.py:190} INFO - [2026-05-20T07:06:36.766+0000] {dag.py:3239} INFO - Sync 1 DAGs
[2026-05-20T07:06:36.811+0000] {logging_mixin.py:190} INFO - [2026-05-20T07:06:36.811+0000] {dag.py:4180} INFO - Setting next_dagrun for hello_spark to 2026-05-19 00:00:00+00:00, run_after=2026-05-20 00:00:00+00:00
[2026-05-20T07:06:36.838+0000] {processor.py:208} INFO - Processing /opt/airflow/dags/submit_spark_dag.py took 0.214 seconds
[2026-05-20T07:07:07.267+0000] {processor.py:186} INFO - Started process (PID=22074) to work on /opt/airflow/dags/submit_spark_dag.py
[2026-05-20T07:07:07.268+0000] {processor.py:914} INFO - Processing file /opt/airflow/dags/submit_spark_dag.py for tasks to queue
[2026-05-20T07:07:07.270+0000] {logging_mixin.py:190} INFO - [2026-05-20T07:07:07.269+0000] {dagbag.py:588} INFO - Filling up the DagBag from /opt/airflow/dags/submit_spark_dag.py
[2026-05-20T07:07:07.276+0000] {processor.py:925} INFO - DAG(s) 'hello_spark' retrieved from /opt/airflow/dags/submit_spark_dag.py
[2026-05-20T07:07:07.290+0000] {logging_mixin.py:190} INFO - [2026-05-20T07:07:07.290+0000] {dag.py:3239} INFO - Sync 1 DAGs
[2026-05-20T07:07:07.306+0000] {logging_mixin.py:190} INFO - [2026-05-20T07:07:07.306+0000] {dag.py:4180} INFO - Setting next_dagrun for hello_spark to 2026-05-19 00:00:00+00:00, run_after=2026-05-20 00:00:00+00:00
[2026-05-20T07:07:07.321+0000] {processor.py:208} INFO - Processing /opt/airflow/dags/submit_spark_dag.py took 0.058 seconds
[2026-05-20T07:07:37.790+0000] {processor.py:186} INFO - Started process (PID=22086) to work on /opt/airflow/dags/submit_spark_dag.py
[2026-05-20T07:07:37.790+0000] {processor.py:914} INFO - Processing file /opt/airflow/dags/submit_spark_dag.py for tasks to queue
[2026-05-20T07:07:37.792+0000] {logging_mixin.py:190} INFO - [2026-05-20T07:07:37.792+0000] {dagbag.py:588} INFO - Filling up the DagBag from /opt/airflow/dags/submit_spark_dag.py
[2026-05-20T07:07:37.798+0000] {processor.py:925} INFO - DAG(s) 'hello_spark' retrieved from /opt/airflow/dags/submit_spark_dag.py
[2026-05-20T07:07:37.813+0000] {logging_mixin.py:190} INFO - [2026-05-20T07:07:37.813+0000] {dag.py:3239} INFO - Sync 1 DAGs
[2026-05-20T07:07:37.828+0000] {logging_mixin.py:190} INFO - [2026-05-20T07:07:37.828+0000] {dag.py:4180} INFO - Setting next_dagrun for hello_spark to 2026-05-19 00:00:00+00:00, run_after=2026-05-20 00:00:00+00:00
[2026-05-20T07:07:37.840+0000] {processor.py:208} INFO - Processing /opt/airflow/dags/submit_spark_dag.py took 0.055 seconds
[2026-05-20T07:08:08.290+0000] {processor.py:186} INFO - Started process (PID=22098) to work on /opt/airflow/dags/submit_spark_dag.py
[2026-05-20T07:08:08.291+0000] {processor.py:914} INFO - Processing file /opt/airflow/dags/submit_spark_dag.py for tasks to queue
[2026-05-20T07:08:08.292+0000] {logging_mixin.py:190} INFO - [2026-05-20T07:08:08.292+0000] {dagbag.py:588} INFO - Filling up the DagBag from /opt/airflow/dags/submit_spark_dag.py
[2026-05-20T07:08:08.299+0000] {processor.py:925} INFO - DAG(s) 'hello_spark' retrieved from /opt/airflow/dags/submit_spark_dag.py
[2026-05-20T07:08:08.315+0000] {logging_mixin.py:190} INFO - [2026-05-20T07:08:08.315+0000] {dag.py:3239} INFO - Sync 1 DAGs
[2026-05-20T07:08:08.332+0000] {logging_mixin.py:190} INFO - [2026-05-20T07:08:08.331+0000] {dag.py:4180} INFO - Setting next_dagrun for hello_spark to 2026-05-19 00:00:00+00:00, run_after=2026-05-20 00:00:00+00:00
[2026-05-20T07:08:08.343+0000] {processor.py:208} INFO - Processing /opt/airflow/dags/submit_spark_dag.py took 0.057 seconds
[2026-05-20T07:08:38.813+0000] {processor.py:186} INFO - Started process (PID=22110) to work on /opt/airflow/dags/submit_spark_dag.py
[2026-05-20T07:08:38.813+0000] {processor.py:914} INFO - Processing file /opt/airflow/dags/submit_spark_dag.py for tasks to queue
[2026-05-20T07:08:38.815+0000] {logging_mixin.py:190} INFO - [2026-05-20T07:08:38.815+0000] {dagbag.py:588} INFO - Filling up the DagBag from /opt/airflow/dags/submit_spark_dag.py
[2026-05-20T07:08:38.821+0000] {processor.py:925} INFO - DAG(s) 'hello_spark' retrieved from /opt/airflow/dags/submit_spark_dag.py
[2026-05-20T07:08:38.836+0000] {logging_mixin.py:190} INFO - [2026-05-20T07:08:38.836+0000] {dag.py:3239} INFO - Sync 1 DAGs
[2026-05-20T07:08:38.853+0000] {logging_mixin.py:190} INFO - [2026-05-20T07:08:38.853+0000] {dag.py:4180} INFO - Setting next_dagrun for hello_spark to 2026-05-19 00:00:00+00:00, run_after=2026-05-20 00:00:00+00:00
[2026-05-20T07:08:38.864+0000] {processor.py:208} INFO - Processing /opt/airflow/dags/submit_spark_dag.py took 0.055 seconds
[2026-05-20T07:09:09.318+0000] {processor.py:186} INFO - Started process (PID=22123) to work on /opt/airflow/dags/submit_spark_dag.py
[2026-05-20T07:09:09.319+0000] {processor.py:914} INFO - Processing file /opt/airflow/dags/submit_spark_dag.py for tasks to queue
[2026-05-20T07:09:09.320+0000] {logging_mixin.py:190} INFO - [2026-05-20T07:09:09.320+0000] {dagbag.py:588} INFO - Filling up the DagBag from /opt/airflow/dags/submit_spark_dag.py
[2026-05-20T07:09:09.326+0000] {processor.py:925} INFO - DAG(s) 'hello_spark' retrieved from /opt/airflow/dags/submit_spark_dag.py
[2026-05-20T07:09:09.340+0000] {logging_mixin.py:190} INFO - [2026-05-20T07:09:09.340+0000] {dag.py:3239} INFO - Sync 1 DAGs
[2026-05-20T07:09:09.355+0000] {logging_mixin.py:190} INFO - [2026-05-20T07:09:09.355+0000] {dag.py:4180} INFO - Setting next_dagrun for hello_spark to 2026-05-19 00:00:00+00:00, run_after=2026-05-20 00:00:00+00:00
[2026-05-20T07:09:09.366+0000] {processor.py:208} INFO - Processing /opt/airflow/dags/submit_spark_dag.py took 0.052 seconds
[2026-05-20T07:09:39.770+0000] {processor.py:186} INFO - Started process (PID=22135) to work on /opt/airflow/dags/submit_spark_dag.py
[2026-05-20T07:09:39.771+0000] {processor.py:914} INFO - Processing file /opt/airflow/dags/submit_spark_dag.py for tasks to queue
[2026-05-20T07:09:39.772+0000] {logging_mixin.py:190} INFO - [2026-05-20T07:09:39.772+0000] {dagbag.py:588} INFO - Filling up the DagBag from /opt/airflow/dags/submit_spark_dag.py
[2026-05-20T07:09:39.779+0000] {processor.py:925} INFO - DAG(s) 'hello_spark' retrieved from /opt/airflow/dags/submit_spark_dag.py
[2026-05-20T07:09:39.793+0000] {logging_mixin.py:190} INFO - [2026-05-20T07:09:39.793+0000] {dag.py:3239} INFO - Sync 1 DAGs
[2026-05-20T07:09:39.809+0000] {logging_mixin.py:190} INFO - [2026-05-20T07:09:39.809+0000] {dag.py:4180} INFO - Setting next_dagrun for hello_spark to 2026-05-19 00:00:00+00:00, run_after=2026-05-20 00:00:00+00:00
[2026-05-20T07:09:39.820+0000] {processor.py:208} INFO - Processing /opt/airflow/dags/submit_spark_dag.py took 0.054 seconds
[2026-05-20T07:10:10.282+0000] {processor.py:186} INFO - Started process (PID=22147) to work on /opt/airflow/dags/submit_spark_dag.py
[2026-05-20T07:10:10.284+0000] {processor.py:914} INFO - Processing file /opt/airflow/dags/submit_spark_dag.py for tasks to queue
[2026-05-20T07:10:10.287+0000] {logging_mixin.py:190} INFO - [2026-05-20T07:10:10.287+0000] {dagbag.py:588} INFO - Filling up the DagBag from /opt/airflow/dags/submit_spark_dag.py
[2026-05-20T07:10:10.301+0000] {processor.py:925} INFO - DAG(s) 'hello_spark' retrieved from /opt/airflow/dags/submit_spark_dag.py
[2026-05-20T07:10:10.350+0000] {logging_mixin.py:190} INFO - [2026-05-20T07:10:10.350+0000] {dag.py:3239} INFO - Sync 1 DAGs
[2026-05-20T07:10:10.387+0000] {logging_mixin.py:190} INFO - [2026-05-20T07:10:10.387+0000] {dag.py:4180} INFO - Setting next_dagrun for hello_spark to 2026-05-19 00:00:00+00:00, run_after=2026-05-20 00:00:00+00:00
[2026-05-20T07:10:10.415+0000] {processor.py:208} INFO - Processing /opt/airflow/dags/submit_spark_dag.py took 0.142 seconds
[2026-05-20T07:10:41.001+0000] {processor.py:186} INFO - Started process (PID=22159) to work on /opt/airflow/dags/submit_spark_dag.py
[2026-05-20T07:10:41.002+0000] {processor.py:914} INFO - Processing file /opt/airflow/dags/submit_spark_dag.py for tasks to queue
[2026-05-20T07:10:41.003+0000] {logging_mixin.py:190} INFO - [2026-05-20T07:10:41.003+0000] {dagbag.py:588} INFO - Filling up the DagBag from /opt/airflow/dags/submit_spark_dag.py
[2026-05-20T07:10:41.011+0000] {processor.py:925} INFO - DAG(s) 'hello_spark' retrieved from /opt/airflow/dags/submit_spark_dag.py
[2026-05-20T07:10:41.027+0000] {logging_mixin.py:190} INFO - [2026-05-20T07:10:41.027+0000] {dag.py:3239} INFO - Sync 1 DAGs
[2026-05-20T07:10:41.045+0000] {logging_mixin.py:190} INFO - [2026-05-20T07:10:41.045+0000] {dag.py:4180} INFO - Setting next_dagrun for hello_spark to 2026-05-19 00:00:00+00:00, run_after=2026-05-20 00:00:00+00:00
[2026-05-20T07:10:41.058+0000] {processor.py:208} INFO - Processing /opt/airflow/dags/submit_spark_dag.py took 0.061 seconds
[2026-05-20T07:11:11.558+0000] {processor.py:186} INFO - Started process (PID=22172) to work on /opt/airflow/dags/submit_spark_dag.py
[2026-05-20T07:11:11.560+0000] {processor.py:914} INFO - Processing file /opt/airflow/dags/submit_spark_dag.py for tasks to queue
[2026-05-20T07:11:11.562+0000] {logging_mixin.py:190} INFO - [2026-05-20T07:11:11.562+0000] {dagbag.py:588} INFO - Filling up the DagBag from /opt/airflow/dags/submit_spark_dag.py
[2026-05-20T07:11:11.570+0000] {processor.py:925} INFO - DAG(s) 'hello_spark' retrieved from /opt/airflow/dags/submit_spark_dag.py
[2026-05-20T07:11:11.596+0000] {logging_mixin.py:190} INFO - [2026-05-20T07:11:11.595+0000] {dag.py:3239} INFO - Sync 1 DAGs
[2026-05-20T07:11:11.673+0000] {logging_mixin.py:190} INFO - [2026-05-20T07:11:11.673+0000] {dag.py:4180} INFO - Setting next_dagrun for hello_spark to 2026-05-19 00:00:00+00:00, run_after=2026-05-20 00:00:00+00:00
[2026-05-20T07:11:11.722+0000] {processor.py:208} INFO - Processing /opt/airflow/dags/submit_spark_dag.py took 0.169 seconds
[2026-05-20T07:11:42.514+0000] {processor.py:186} INFO - Started process (PID=22184) to work on /opt/airflow/dags/submit_spark_dag.py
[2026-05-20T07:11:42.515+0000] {processor.py:914} INFO - Processing file /opt/airflow/dags/submit_spark_dag.py for tasks to queue
[2026-05-20T07:11:42.522+0000] {logging_mixin.py:190} INFO - [2026-05-20T07:11:42.522+0000] {dagbag.py:588} INFO - Filling up the DagBag from /opt/airflow/dags/submit_spark_dag.py
[2026-05-20T07:11:42.539+0000] {processor.py:925} INFO - DAG(s) 'hello_spark' retrieved from /opt/airflow/dags/submit_spark_dag.py
[2026-05-20T07:11:42.579+0000] {logging_mixin.py:190} INFO - [2026-05-20T07:11:42.579+0000] {dag.py:3239} INFO - Sync 1 DAGs
[2026-05-20T07:11:42.655+0000] {logging_mixin.py:190} INFO - [2026-05-20T07:11:42.654+0000] {dag.py:4180} INFO - Setting next_dagrun for hello_spark to 2026-05-19 00:00:00+00:00, run_after=2026-05-20 00:00:00+00:00
[2026-05-20T07:11:42.713+0000] {processor.py:208} INFO - Processing /opt/airflow/dags/submit_spark_dag.py took 0.210 seconds
[2026-05-20T07:12:13.542+0000] {processor.py:186} INFO - Started process (PID=22202) to work on /opt/airflow/dags/submit_spark_dag.py
[2026-05-20T07:12:13.543+0000] {processor.py:914} INFO - Processing file /opt/airflow/dags/submit_spark_dag.py for tasks to queue
[2026-05-20T07:12:13.552+0000] {logging_mixin.py:190} INFO - [2026-05-20T07:12:13.551+0000] {dagbag.py:588} INFO - Filling up the DagBag from /opt/airflow/dags/submit_spark_dag.py
[2026-05-20T07:12:13.566+0000] {processor.py:925} INFO - DAG(s) 'hello_spark' retrieved from /opt/airflow/dags/submit_spark_dag.py
[2026-05-20T07:12:13.598+0000] {logging_mixin.py:190} INFO - [2026-05-20T07:12:13.598+0000] {dag.py:3239} INFO - Sync 1 DAGs
[2026-05-20T07:12:13.648+0000] {logging_mixin.py:190} INFO - [2026-05-20T07:12:13.648+0000] {dag.py:4180} INFO - Setting next_dagrun for hello_spark to 2026-05-19 00:00:00+00:00, run_after=2026-05-20 00:00:00+00:00
[2026-05-20T07:12:13.689+0000] {processor.py:208} INFO - Processing /opt/airflow/dags/submit_spark_dag.py took 0.152 seconds
[2026-05-20T07:12:44.333+0000] {processor.py:186} INFO - Started process (PID=22215) to work on /opt/airflow/dags/submit_spark_dag.py
[2026-05-20T07:12:44.336+0000] {processor.py:914} INFO - Processing file /opt/airflow/dags/submit_spark_dag.py for tasks to queue
[2026-05-20T07:12:44.344+0000] {logging_mixin.py:190} INFO - [2026-05-20T07:12:44.344+0000] {dagbag.py:588} INFO - Filling up the DagBag from /opt/airflow/dags/submit_spark_dag.py
[2026-05-20T07:12:44.363+0000] {processor.py:925} INFO - DAG(s) 'hello_spark' retrieved from /opt/airflow/dags/submit_spark_dag.py
[2026-05-20T07:12:44.398+0000] {logging_mixin.py:190} INFO - [2026-05-20T07:12:44.397+0000] {dag.py:3239} INFO - Sync 1 DAGs
[2026-05-20T07:12:44.442+0000] {logging_mixin.py:190} INFO - [2026-05-20T07:12:44.442+0000] {dag.py:4180} INFO - Setting next_dagrun for hello_spark to 2026-05-19 00:00:00+00:00, run_after=2026-05-20 00:00:00+00:00
[2026-05-20T07:12:44.481+0000] {processor.py:208} INFO - Processing /opt/airflow/dags/submit_spark_dag.py took 0.159 seconds
[2026-05-20T07:13:14.869+0000] {processor.py:186} INFO - Started process (PID=22227) to work on /opt/airflow/dags/submit_spark_dag.py
[2026-05-20T07:13:14.870+0000] {processor.py:914} INFO - Processing file /opt/airflow/dags/submit_spark_dag.py for tasks to queue
[2026-05-20T07:13:14.872+0000] {logging_mixin.py:190} INFO - [2026-05-20T07:13:14.872+0000] {dagbag.py:588} INFO - Filling up the DagBag from /opt/airflow/dags/submit_spark_dag.py
[2026-05-20T07:13:14.881+0000] {processor.py:925} INFO - DAG(s) 'hello_spark' retrieved from /opt/airflow/dags/submit_spark_dag.py
[2026-05-20T07:13:14.897+0000] {logging_mixin.py:190} INFO - [2026-05-20T07:13:14.897+0000] {dag.py:3239} INFO - Sync 1 DAGs
[2026-05-20T07:13:14.925+0000] {logging_mixin.py:190} INFO - [2026-05-20T07:13:14.925+0000] {dag.py:4180} INFO - Setting next_dagrun for hello_spark to 2026-05-19 00:00:00+00:00, run_after=2026-05-20 00:00:00+00:00
[2026-05-20T07:13:14.947+0000] {processor.py:208} INFO - Processing /opt/airflow/dags/submit_spark_dag.py took 0.083 seconds
[2026-05-20T07:13:45.334+0000] {processor.py:186} INFO - Started process (PID=22236) to work on /opt/airflow/dags/submit_spark_dag.py
[2026-05-20T07:13:45.335+0000] {processor.py:914} INFO - Processing file /opt/airflow/dags/submit_spark_dag.py for tasks to queue
[2026-05-20T07:13:45.336+0000] {logging_mixin.py:190} INFO - [2026-05-20T07:13:45.336+0000] {dagbag.py:588} INFO - Filling up the DagBag from /opt/airflow/dags/submit_spark_dag.py
[2026-05-20T07:13:45.345+0000] {processor.py:925} INFO - DAG(s) 'hello_spark' retrieved from /opt/airflow/dags/submit_spark_dag.py
[2026-05-20T07:13:45.371+0000] {logging_mixin.py:190} INFO - [2026-05-20T07:13:45.371+0000] {dag.py:3239} INFO - Sync 1 DAGs
[2026-05-20T07:13:45.405+0000] {logging_mixin.py:190} INFO - [2026-05-20T07:13:45.405+0000] {dag.py:4180} INFO - Setting next_dagrun for hello_spark to 2026-05-19 00:00:00+00:00, run_after=2026-05-20 00:00:00+00:00
[2026-05-20T07:13:45.420+0000] {processor.py:208} INFO - Processing /opt/airflow/dags/submit_spark_dag.py took 0.091 seconds
[2026-05-20T07:14:15.761+0000] {processor.py:186} INFO - Started process (PID=22248) to work on /opt/airflow/dags/submit_spark_dag.py
[2026-05-20T07:14:15.762+0000] {processor.py:914} INFO - Processing file /opt/airflow/dags/submit_spark_dag.py for tasks to queue
[2026-05-20T07:14:15.765+0000] {logging_mixin.py:190} INFO - [2026-05-20T07:14:15.764+0000] {dagbag.py:588} INFO - Filling up the DagBag from /opt/airflow/dags/submit_spark_dag.py
[2026-05-20T07:14:15.772+0000] {processor.py:925} INFO - DAG(s) 'hello_spark' retrieved from /opt/airflow/dags/submit_spark_dag.py
[2026-05-20T07:14:15.790+0000] {logging_mixin.py:190} INFO - [2026-05-20T07:14:15.790+0000] {dag.py:3239} INFO - Sync 1 DAGs
[2026-05-20T07:14:15.808+0000] {logging_mixin.py:190} INFO - [2026-05-20T07:14:15.808+0000] {dag.py:4180} INFO - Setting next_dagrun for hello_spark to 2026-05-19 00:00:00+00:00, run_after=2026-05-20 00:00:00+00:00
[2026-05-20T07:14:15.822+0000] {processor.py:208} INFO - Processing /opt/airflow/dags/submit_spark_dag.py took 0.066 seconds
[2026-05-20T07:14:46.174+0000] {processor.py:186} INFO - Started process (PID=22260) to work on /opt/airflow/dags/submit_spark_dag.py
[2026-05-20T07:14:46.176+0000] {processor.py:914} INFO - Processing file /opt/airflow/dags/submit_spark_dag.py for tasks to queue
[2026-05-20T07:14:46.179+0000] {logging_mixin.py:190} INFO - [2026-05-20T07:14:46.178+0000] {dagbag.py:588} INFO - Filling up the DagBag from /opt/airflow/dags/submit_spark_dag.py
[2026-05-20T07:14:46.188+0000] {processor.py:925} INFO - DAG(s) 'hello_spark' retrieved from /opt/airflow/dags/submit_spark_dag.py
[2026-05-20T07:14:46.220+0000] {logging_mixin.py:190} INFO - [2026-05-20T07:14:46.220+0000] {dag.py:3239} INFO - Sync 1 DAGs
[2026-05-20T07:14:46.248+0000] {logging_mixin.py:190} INFO - [2026-05-20T07:14:46.248+0000] {dag.py:4180} INFO - Setting next_dagrun for hello_spark to 2026-05-19 00:00:00+00:00, run_after=2026-05-20 00:00:00+00:00
[2026-05-20T07:14:46.269+0000] {processor.py:208} INFO - Processing /opt/airflow/dags/submit_spark_dag.py took 0.101 seconds
[2026-05-20T07:15:16.645+0000] {processor.py:186} INFO - Started process (PID=22272) to work on /opt/airflow/dags/submit_spark_dag.py
[2026-05-20T07:15:16.646+0000] {processor.py:914} INFO - Processing file /opt/airflow/dags/submit_spark_dag.py for tasks to queue
[2026-05-20T07:15:16.649+0000] {logging_mixin.py:190} INFO - [2026-05-20T07:15:16.649+0000] {dagbag.py:588} INFO - Filling up the DagBag from /opt/airflow/dags/submit_spark_dag.py
[2026-05-20T07:15:16.658+0000] {processor.py:925} INFO - DAG(s) 'hello_spark' retrieved from /opt/airflow/dags/submit_spark_dag.py
[2026-05-20T07:15:16.682+0000] {logging_mixin.py:190} INFO - [2026-05-20T07:15:16.682+0000] {dag.py:3239} INFO - Sync 1 DAGs
[2026-05-20T07:15:16.708+0000] {logging_mixin.py:190} INFO - [2026-05-20T07:15:16.708+0000] {dag.py:4180} INFO - Setting next_dagrun for hello_spark to 2026-05-19 00:00:00+00:00, run_after=2026-05-20 00:00:00+00:00
[2026-05-20T07:15:16.728+0000] {processor.py:208} INFO - Processing /opt/airflow/dags/submit_spark_dag.py took 0.089 seconds
[2026-05-20T07:15:47.271+0000] {processor.py:186} INFO - Started process (PID=22284) to work on /opt/airflow/dags/submit_spark_dag.py
[2026-05-20T07:15:47.277+0000] {processor.py:914} INFO - Processing file /opt/airflow/dags/submit_spark_dag.py for tasks to queue
[2026-05-20T07:15:47.279+0000] {logging_mixin.py:190} INFO - [2026-05-20T07:15:47.279+0000] {dagbag.py:588} INFO - Filling up the DagBag from /opt/airflow/dags/submit_spark_dag.py
[2026-05-20T07:15:47.317+0000] {processor.py:925} INFO - DAG(s) 'hello_spark' retrieved from /opt/airflow/dags/submit_spark_dag.py
[2026-05-20T07:15:47.380+0000] {logging_mixin.py:190} INFO - [2026-05-20T07:15:47.380+0000] {dag.py:3239} INFO - Sync 1 DAGs
[2026-05-20T07:15:47.534+0000] {logging_mixin.py:190} INFO - [2026-05-20T07:15:47.534+0000] {dag.py:4180} INFO - Setting next_dagrun for hello_spark to 2026-05-19 00:00:00+00:00, run_after=2026-05-20 00:00:00+00:00
[2026-05-20T07:15:47.622+0000] {processor.py:208} INFO - Processing /opt/airflow/dags/submit_spark_dag.py took 0.385 seconds
[2026-05-20T07:16:17.893+0000] {processor.py:186} INFO - Started process (PID=22295) to work on /opt/airflow/dags/submit_spark_dag.py
[2026-05-20T07:16:17.894+0000] {processor.py:914} INFO - Processing file /opt/airflow/dags/submit_spark_dag.py for tasks to queue
[2026-05-20T07:16:17.897+0000] {logging_mixin.py:190} INFO - [2026-05-20T07:16:17.897+0000] {dagbag.py:588} INFO - Filling up the DagBag from /opt/airflow/dags/submit_spark_dag.py
[2026-05-20T07:16:17.915+0000] {processor.py:925} INFO - DAG(s) 'hello_spark' retrieved from /opt/airflow/dags/submit_spark_dag.py
[2026-05-20T07:16:17.967+0000] {logging_mixin.py:190} INFO - [2026-05-20T07:16:17.967+0000] {dag.py:3239} INFO - Sync 1 DAGs
[2026-05-20T07:16:18.017+0000] {logging_mixin.py:190} INFO - [2026-05-20T07:16:18.017+0000] {dag.py:4180} INFO - Setting next_dagrun for hello_spark to 2026-05-19 00:00:00+00:00, run_after=2026-05-20 00:00:00+00:00
[2026-05-20T07:16:18.063+0000] {processor.py:208} INFO - Processing /opt/airflow/dags/submit_spark_dag.py took 0.180 seconds
[2026-05-20T07:16:48.667+0000] {processor.py:186} INFO - Started process (PID=22308) to work on /opt/airflow/dags/submit_spark_dag.py
[2026-05-20T07:16:48.667+0000] {processor.py:914} INFO - Processing file /opt/airflow/dags/submit_spark_dag.py for tasks to queue
[2026-05-20T07:16:48.669+0000] {logging_mixin.py:190} INFO - [2026-05-20T07:16:48.669+0000] {dagbag.py:588} INFO - Filling up the DagBag from /opt/airflow/dags/submit_spark_dag.py
[2026-05-20T07:16:48.692+0000] {processor.py:925} INFO - DAG(s) 'hello_spark' retrieved from /opt/airflow/dags/submit_spark_dag.py
[2026-05-20T07:16:48.720+0000] {logging_mixin.py:190} INFO - [2026-05-20T07:16:48.720+0000] {dag.py:3239} INFO - Sync 1 DAGs
[2026-05-20T07:16:48.745+0000] {logging_mixin.py:190} INFO - [2026-05-20T07:16:48.745+0000] {dag.py:4180} INFO - Setting next_dagrun for hello_spark to 2026-05-19 00:00:00+00:00, run_after=2026-05-20 00:00:00+00:00
[2026-05-20T07:16:48.763+0000] {processor.py:208} INFO - Processing /opt/airflow/dags/submit_spark_dag.py took 0.110 seconds
[2026-05-20T07:17:19.058+0000] {processor.py:186} INFO - Started process (PID=22320) to work on /opt/airflow/dags/submit_spark_dag.py
[2026-05-20T07:17:19.059+0000] {processor.py:914} INFO - Processing file /opt/airflow/dags/submit_spark_dag.py for tasks to queue
[2026-05-20T07:17:19.061+0000] {logging_mixin.py:190} INFO - [2026-05-20T07:17:19.061+0000] {dagbag.py:588} INFO - Filling up the DagBag from /opt/airflow/dags/submit_spark_dag.py
[2026-05-20T07:17:19.069+0000] {processor.py:925} INFO - DAG(s) 'hello_spark' retrieved from /opt/airflow/dags/submit_spark_dag.py
[2026-05-20T07:17:19.102+0000] {logging_mixin.py:190} INFO - [2026-05-20T07:17:19.102+0000] {dag.py:3239} INFO - Sync 1 DAGs
[2026-05-20T07:17:19.124+0000] {logging_mixin.py:190} INFO - [2026-05-20T07:17:19.124+0000] {dag.py:4180} INFO - Setting next_dagrun for hello_spark to 2026-05-19 00:00:00+00:00, run_after=2026-05-20 00:00:00+00:00
[2026-05-20T07:17:19.143+0000] {processor.py:208} INFO - Processing /opt/airflow/dags/submit_spark_dag.py took 0.090 seconds
[2026-05-20T07:17:49.496+0000] {processor.py:186} INFO - Started process (PID=22332) to work on /opt/airflow/dags/submit_spark_dag.py
[2026-05-20T07:17:49.497+0000] {processor.py:914} INFO - Processing file /opt/airflow/dags/submit_spark_dag.py for tasks to queue
[2026-05-20T07:17:49.499+0000] {logging_mixin.py:190} INFO - [2026-05-20T07:17:49.498+0000] {dagbag.py:588} INFO - Filling up the DagBag from /opt/airflow/dags/submit_spark_dag.py
[2026-05-20T07:17:49.507+0000] {processor.py:925} INFO - DAG(s) 'hello_spark' retrieved from /opt/airflow/dags/submit_spark_dag.py
[2026-05-20T07:17:49.526+0000] {logging_mixin.py:190} INFO - [2026-05-20T07:17:49.526+0000] {dag.py:3239} INFO - Sync 1 DAGs
[2026-05-20T07:17:49.546+0000] {logging_mixin.py:190} INFO - [2026-05-20T07:17:49.545+0000] {dag.py:4180} INFO - Setting next_dagrun for hello_spark to 2026-05-19 00:00:00+00:00, run_after=2026-05-20 00:00:00+00:00
[2026-05-20T07:17:49.563+0000] {processor.py:208} INFO - Processing /opt/airflow/dags/submit_spark_dag.py took 0.072 seconds
[2026-05-20T07:18:19.912+0000] {processor.py:186} INFO - Started process (PID=22345) to work on /opt/airflow/dags/submit_spark_dag.py
[2026-05-20T07:18:19.915+0000] {processor.py:914} INFO - Processing file /opt/airflow/dags/submit_spark_dag.py for tasks to queue
[2026-05-20T07:18:19.919+0000] {logging_mixin.py:190} INFO - [2026-05-20T07:18:19.916+0000] {dagbag.py:588} INFO - Filling up the DagBag from /opt/airflow/dags/submit_spark_dag.py
[2026-05-20T07:18:19.939+0000] {processor.py:925} INFO - DAG(s) 'hello_spark' retrieved from /opt/airflow/dags/submit_spark_dag.py
[2026-05-20T07:18:19.961+0000] {logging_mixin.py:190} INFO - [2026-05-20T07:18:19.961+0000] {dag.py:3239} INFO - Sync 1 DAGs
[2026-05-20T07:18:20.005+0000] {logging_mixin.py:190} INFO - [2026-05-20T07:18:20.005+0000] {dag.py:4180} INFO - Setting next_dagrun for hello_spark to 2026-05-19 00:00:00+00:00, run_after=2026-05-20 00:00:00+00:00
[2026-05-20T07:18:20.029+0000] {processor.py:208} INFO - Processing /opt/airflow/dags/submit_spark_dag.py took 0.127 seconds
[2026-05-20T07:18:50.387+0000] {processor.py:186} INFO - Started process (PID=22357) to work on /opt/airflow/dags/submit_spark_dag.py
[2026-05-20T07:18:50.388+0000] {processor.py:914} INFO - Processing file /opt/airflow/dags/submit_spark_dag.py for tasks to queue
[2026-05-20T07:18:50.390+0000] {logging_mixin.py:190} INFO - [2026-05-20T07:18:50.390+0000] {dagbag.py:588} INFO - Filling up the DagBag from /opt/airflow/dags/submit_spark_dag.py
[2026-05-20T07:18:50.398+0000] {processor.py:925} INFO - DAG(s) 'hello_spark' retrieved from /opt/airflow/dags/submit_spark_dag.py
[2026-05-20T07:18:50.416+0000] {logging_mixin.py:190} INFO - [2026-05-20T07:18:50.416+0000] {dag.py:3239} INFO - Sync 1 DAGs
[2026-05-20T07:18:50.449+0000] {logging_mixin.py:190} INFO - [2026-05-20T07:18:50.447+0000] {dag.py:4180} INFO - Setting next_dagrun for hello_spark to 2026-05-19 00:00:00+00:00, run_after=2026-05-20 00:00:00+00:00
[2026-05-20T07:18:50.471+0000] {processor.py:208} INFO - Processing /opt/airflow/dags/submit_spark_dag.py took 0.089 seconds
[2026-05-20T07:19:20.776+0000] {processor.py:186} INFO - Started process (PID=22369) to work on /opt/airflow/dags/submit_spark_dag.py
[2026-05-20T07:19:20.777+0000] {processor.py:914} INFO - Processing file /opt/airflow/dags/submit_spark_dag.py for tasks to queue
[2026-05-20T07:19:20.779+0000] {logging_mixin.py:190} INFO - [2026-05-20T07:19:20.778+0000] {dagbag.py:588} INFO - Filling up the DagBag from /opt/airflow/dags/submit_spark_dag.py
[2026-05-20T07:19:20.786+0000] {processor.py:925} INFO - DAG(s) 'hello_spark' retrieved from /opt/airflow/dags/submit_spark_dag.py
[2026-05-20T07:19:20.802+0000] {logging_mixin.py:190} INFO - [2026-05-20T07:19:20.802+0000] {dag.py:3239} INFO - Sync 1 DAGs
[2026-05-20T07:19:20.818+0000] {logging_mixin.py:190} INFO - [2026-05-20T07:19:20.818+0000] {dag.py:4180} INFO - Setting next_dagrun for hello_spark to 2026-05-19 00:00:00+00:00, run_after=2026-05-20 00:00:00+00:00
[2026-05-20T07:19:20.831+0000] {processor.py:208} INFO - Processing /opt/airflow/dags/submit_spark_dag.py took 0.060 seconds
[2026-05-20T07:19:51.163+0000] {processor.py:186} INFO - Started process (PID=22381) to work on /opt/airflow/dags/submit_spark_dag.py
[2026-05-20T07:19:51.164+0000] {processor.py:914} INFO - Processing file /opt/airflow/dags/submit_spark_dag.py for tasks to queue
[2026-05-20T07:19:51.165+0000] {logging_mixin.py:190} INFO - [2026-05-20T07:19:51.165+0000] {dagbag.py:588} INFO - Filling up the DagBag from /opt/airflow/dags/submit_spark_dag.py
[2026-05-20T07:19:51.173+0000] {processor.py:925} INFO - DAG(s) 'hello_spark' retrieved from /opt/airflow/dags/submit_spark_dag.py
[2026-05-20T07:19:51.188+0000] {logging_mixin.py:190} INFO - [2026-05-20T07:19:51.188+0000] {dag.py:3239} INFO - Sync 1 DAGs
[2026-05-20T07:19:51.205+0000] {logging_mixin.py:190} INFO - [2026-05-20T07:19:51.205+0000] {dag.py:4180} INFO - Setting next_dagrun for hello_spark to 2026-05-19 00:00:00+00:00, run_after=2026-05-20 00:00:00+00:00
[2026-05-20T07:19:51.217+0000] {processor.py:208} INFO - Processing /opt/airflow/dags/submit_spark_dag.py took 0.058 seconds
[2026-05-20T07:20:21.571+0000] {processor.py:186} INFO - Started process (PID=22393) to work on /opt/airflow/dags/submit_spark_dag.py
[2026-05-20T07:20:21.572+0000] {processor.py:914} INFO - Processing file /opt/airflow/dags/submit_spark_dag.py for tasks to queue
[2026-05-20T07:20:21.575+0000] {logging_mixin.py:190} INFO - [2026-05-20T07:20:21.574+0000] {dagbag.py:588} INFO - Filling up the DagBag from /opt/airflow/dags/submit_spark_dag.py
[2026-05-20T07:20:21.586+0000] {processor.py:925} INFO - DAG(s) 'hello_spark' retrieved from /opt/airflow/dags/submit_spark_dag.py
[2026-05-20T07:20:21.608+0000] {logging_mixin.py:190} INFO - [2026-05-20T07:20:21.608+0000] {dag.py:3239} INFO - Sync 1 DAGs
[2026-05-20T07:20:21.626+0000] {logging_mixin.py:190} INFO - [2026-05-20T07:20:21.626+0000] {dag.py:4180} INFO - Setting next_dagrun for hello_spark to 2026-05-19 00:00:00+00:00, run_after=2026-05-20 00:00:00+00:00
[2026-05-20T07:20:21.644+0000] {processor.py:208} INFO - Processing /opt/airflow/dags/submit_spark_dag.py took 0.077 seconds
[2026-05-20T07:20:51.999+0000] {processor.py:186} INFO - Started process (PID=22404) to work on /opt/airflow/dags/submit_spark_dag.py
[2026-05-20T07:20:52.000+0000] {processor.py:914} INFO - Processing file /opt/airflow/dags/submit_spark_dag.py for tasks to queue
[2026-05-20T07:20:52.002+0000] {logging_mixin.py:190} INFO - [2026-05-20T07:20:52.002+0000] {dagbag.py:588} INFO - Filling up the DagBag from /opt/airflow/dags/submit_spark_dag.py
[2026-05-20T07:20:52.012+0000] {processor.py:925} INFO - DAG(s) 'hello_spark' retrieved from /opt/airflow/dags/submit_spark_dag.py
[2026-05-20T07:20:52.029+0000] {logging_mixin.py:190} INFO - [2026-05-20T07:20:52.029+0000] {dag.py:3239} INFO - Sync 1 DAGs
[2026-05-20T07:20:52.047+0000] {logging_mixin.py:190} INFO - [2026-05-20T07:20:52.047+0000] {dag.py:4180} INFO - Setting next_dagrun for hello_spark to 2026-05-19 00:00:00+00:00, run_after=2026-05-20 00:00:00+00:00
[2026-05-20T07:20:52.061+0000] {processor.py:208} INFO - Processing /opt/airflow/dags/submit_spark_dag.py took 0.069 seconds
[2026-05-20T07:21:22.375+0000] {processor.py:186} INFO - Started process (PID=22416) to work on /opt/airflow/dags/submit_spark_dag.py
[2026-05-20T07:21:22.376+0000] {processor.py:914} INFO - Processing file /opt/airflow/dags/submit_spark_dag.py for tasks to queue
[2026-05-20T07:21:22.377+0000] {logging_mixin.py:190} INFO - [2026-05-20T07:21:22.377+0000] {dagbag.py:588} INFO - Filling up the DagBag from /opt/airflow/dags/submit_spark_dag.py
[2026-05-20T07:21:22.384+0000] {processor.py:925} INFO - DAG(s) 'hello_spark' retrieved from /opt/airflow/dags/submit_spark_dag.py
[2026-05-20T07:21:22.400+0000] {logging_mixin.py:190} INFO - [2026-05-20T07:21:22.400+0000] {dag.py:3239} INFO - Sync 1 DAGs
[2026-05-20T07:21:22.417+0000] {logging_mixin.py:190} INFO - [2026-05-20T07:21:22.417+0000] {dag.py:4180} INFO - Setting next_dagrun for hello_spark to 2026-05-19 00:00:00+00:00, run_after=2026-05-20 00:00:00+00:00
[2026-05-20T07:21:22.431+0000] {processor.py:208} INFO - Processing /opt/airflow/dags/submit_spark_dag.py took 0.060 seconds
[2026-05-20T07:21:53.101+0000] {processor.py:186} INFO - Started process (PID=22427) to work on /opt/airflow/dags/submit_spark_dag.py
[2026-05-20T07:21:53.104+0000] {processor.py:914} INFO - Processing file /opt/airflow/dags/submit_spark_dag.py for tasks to queue
[2026-05-20T07:21:53.107+0000] {logging_mixin.py:190} INFO - [2026-05-20T07:21:53.107+0000] {dagbag.py:588} INFO - Filling up the DagBag from /opt/airflow/dags/submit_spark_dag.py
[2026-05-20T07:21:53.114+0000] {processor.py:925} INFO - DAG(s) 'hello_spark' retrieved from /opt/airflow/dags/submit_spark_dag.py
[2026-05-20T07:21:53.784+0000] {logging_mixin.py:190} INFO - [2026-05-20T07:21:53.784+0000] {dag.py:3239} INFO - Sync 1 DAGs
[2026-05-20T07:21:53.804+0000] {logging_mixin.py:190} INFO - [2026-05-20T07:21:53.804+0000] {dag.py:4180} INFO - Setting next_dagrun for hello_spark to 2026-05-19 00:00:00+00:00, run_after=2026-05-20 00:00:00+00:00
[2026-05-20T07:21:53.821+0000] {processor.py:208} INFO - Processing /opt/airflow/dags/submit_spark_dag.py took 0.730 seconds
[2026-05-20T07:22:23.970+0000] {processor.py:186} INFO - Started process (PID=22438) to work on /opt/airflow/dags/submit_spark_dag.py
[2026-05-20T07:22:23.971+0000] {processor.py:914} INFO - Processing file /opt/airflow/dags/submit_spark_dag.py for tasks to queue
[2026-05-20T07:22:23.973+0000] {logging_mixin.py:190} INFO - [2026-05-20T07:22:23.972+0000] {dagbag.py:588} INFO - Filling up the DagBag from /opt/airflow/dags/submit_spark_dag.py
[2026-05-20T07:22:23.980+0000] {processor.py:925} INFO - DAG(s) 'hello_spark' retrieved from /opt/airflow/dags/submit_spark_dag.py
[2026-05-20T07:22:23.996+0000] {logging_mixin.py:190} INFO - [2026-05-20T07:22:23.996+0000] {dag.py:3239} INFO - Sync 1 DAGs
[2026-05-20T07:22:24.013+0000] {logging_mixin.py:190} INFO - [2026-05-20T07:22:24.013+0000] {dag.py:4180} INFO - Setting next_dagrun for hello_spark to 2026-05-19 00:00:00+00:00, run_after=2026-05-20 00:00:00+00:00
[2026-05-20T07:22:24.025+0000] {processor.py:208} INFO - Processing /opt/airflow/dags/submit_spark_dag.py took 0.059 seconds
[2026-05-20T07:22:54.480+0000] {processor.py:186} INFO - Started process (PID=22450) to work on /opt/airflow/dags/submit_spark_dag.py
[2026-05-20T07:22:54.483+0000] {processor.py:914} INFO - Processing file /opt/airflow/dags/submit_spark_dag.py for tasks to queue
[2026-05-20T07:22:54.485+0000] {logging_mixin.py:190} INFO - [2026-05-20T07:22:54.485+0000] {dagbag.py:588} INFO - Filling up the DagBag from /opt/airflow/dags/submit_spark_dag.py
[2026-05-20T07:22:54.491+0000] {processor.py:925} INFO - DAG(s) 'hello_spark' retrieved from /opt/airflow/dags/submit_spark_dag.py
[2026-05-20T07:22:54.507+0000] {logging_mixin.py:190} INFO - [2026-05-20T07:22:54.507+0000] {dag.py:3239} INFO - Sync 1 DAGs
[2026-05-20T07:22:54.524+0000] {logging_mixin.py:190} INFO - [2026-05-20T07:22:54.524+0000] {dag.py:4180} INFO - Setting next_dagrun for hello_spark to 2026-05-19 00:00:00+00:00, run_after=2026-05-20 00:00:00+00:00
[2026-05-20T07:22:54.537+0000] {processor.py:208} INFO - Processing /opt/airflow/dags/submit_spark_dag.py took 0.061 seconds
[2026-05-20T07:23:25.134+0000] {processor.py:186} INFO - Started process (PID=22462) to work on /opt/airflow/dags/submit_spark_dag.py
[2026-05-20T07:23:25.134+0000] {processor.py:914} INFO - Processing file /opt/airflow/dags/submit_spark_dag.py for tasks to queue
[2026-05-20T07:23:25.136+0000] {logging_mixin.py:190} INFO - [2026-05-20T07:23:25.136+0000] {dagbag.py:588} INFO - Filling up the DagBag from /opt/airflow/dags/submit_spark_dag.py
[2026-05-20T07:23:25.145+0000] {processor.py:925} INFO - DAG(s) 'hello_spark' retrieved from /opt/airflow/dags/submit_spark_dag.py
[2026-05-20T07:23:25.787+0000] {processor.py:211} ERROR - Got an exception! Propagating...
Traceback (most recent call last):
  File "/home/airflow/.local/lib/python3.11/site-packages/sqlalchemy/engine/base.py", line 3371, in _wrap_pool_connect
    return fn()
           ^^^^
  File "/home/airflow/.local/lib/python3.11/site-packages/sqlalchemy/pool/base.py", line 327, in connect
    return _ConnectionFairy._checkout(self)
           ^^^^^^^^^^^^^^^^^^^^^^^^^^^^^^^^
  File "/home/airflow/.local/lib/python3.11/site-packages/sqlalchemy/pool/base.py", line 894, in _checkout
    fairy = _ConnectionRecord.checkout(pool)
            ^^^^^^^^^^^^^^^^^^^^^^^^^^^^^^^^
  File "/home/airflow/.local/lib/python3.11/site-packages/sqlalchemy/pool/base.py", line 493, in checkout
    rec = pool._do_get()
          ^^^^^^^^^^^^^^
  File "/home/airflow/.local/lib/python3.11/site-packages/sqlalchemy/pool/impl.py", line 145, in _do_get
    with util.safe_reraise():
  File "/home/airflow/.local/lib/python3.11/site-packages/sqlalchemy/util/langhelpers.py", line 70, in __exit__
    compat.raise_(
  File "/home/airflow/.local/lib/python3.11/site-packages/sqlalchemy/util/compat.py", line 211, in raise_
    raise exception
  File "/home/airflow/.local/lib/python3.11/site-packages/sqlalchemy/pool/impl.py", line 143, in _do_get
    return self._create_connection()
           ^^^^^^^^^^^^^^^^^^^^^^^^^
  File "/home/airflow/.local/lib/python3.11/site-packages/sqlalchemy/pool/base.py", line 273, in _create_connection
    return _ConnectionRecord(self)
           ^^^^^^^^^^^^^^^^^^^^^^^
  File "/home/airflow/.local/lib/python3.11/site-packages/sqlalchemy/pool/base.py", line 388, in __init__
    self.__connect()
  File "/home/airflow/.local/lib/python3.11/site-packages/sqlalchemy/pool/base.py", line 690, in __connect
    with util.safe_reraise():
  File "/home/airflow/.local/lib/python3.11/site-packages/sqlalchemy/util/langhelpers.py", line 70, in __exit__
    compat.raise_(
  File "/home/airflow/.local/lib/python3.11/site-packages/sqlalchemy/util/compat.py", line 211, in raise_
    raise exception
  File "/home/airflow/.local/lib/python3.11/site-packages/sqlalchemy/pool/base.py", line 686, in __connect
    self.dbapi_connection = connection = pool._invoke_creator(self)
                                         ^^^^^^^^^^^^^^^^^^^^^^^^^^
  File "/home/airflow/.local/lib/python3.11/site-packages/sqlalchemy/engine/create.py", line 574, in connect
    return dialect.connect(*cargs, **cparams)
           ^^^^^^^^^^^^^^^^^^^^^^^^^^^^^^^^^^
  File "/home/airflow/.local/lib/python3.11/site-packages/sqlalchemy/engine/default.py", line 598, in connect
    return self.dbapi.connect(*cargs, **cparams)
           ^^^^^^^^^^^^^^^^^^^^^^^^^^^^^^^^^^^^^
  File "/home/airflow/.local/lib/python3.11/site-packages/psycopg2/__init__.py", line 122, in connect
    conn = _connect(dsn, connection_factory=connection_factory, **kwasync)
           ^^^^^^^^^^^^^^^^^^^^^^^^^^^^^^^^^^^^^^^^^^^^^^^^^^^^^^^^^^^^^^^
psycopg2.OperationalError: connection to server at "postgres" (172.18.0.8), port 5432 failed: FATAL:  password authentication failed for user "airflow"


The above exception was the direct cause of the following exception:

Traceback (most recent call last):
  File "/home/airflow/.local/lib/python3.11/site-packages/airflow/dag_processing/processor.py", line 207, in _run_file_processor
    _handle_dag_file_processing()
  File "/home/airflow/.local/lib/python3.11/site-packages/airflow/dag_processing/processor.py", line 188, in _handle_dag_file_processing
    result: tuple[int, int, int] = dag_file_processor.process_file(
                                   ^^^^^^^^^^^^^^^^^^^^^^^^^^^^^^^^
  File "/home/airflow/.local/lib/python3.11/site-packages/airflow/utils/session.py", line 97, in wrapper
    return func(*args, session=session, **kwargs)
           ^^^^^^^^^^^^^^^^^^^^^^^^^^^^^^^^^^^^^^
  File "/home/airflow/.local/lib/python3.11/site-packages/airflow/dag_processing/processor.py", line 942, in process_file
    serialize_errors = DagFileProcessor.save_dag_to_db(
                       ^^^^^^^^^^^^^^^^^^^^^^^^^^^^^^^^
  File "/home/airflow/.local/lib/python3.11/site-packages/airflow/api_internal/internal_api_call.py", line 166, in wrapper
    return func(*args, **kwargs)
           ^^^^^^^^^^^^^^^^^^^^^
  File "/home/airflow/.local/lib/python3.11/site-packages/airflow/utils/session.py", line 97, in wrapper
    return func(*args, session=session, **kwargs)
           ^^^^^^^^^^^^^^^^^^^^^^^^^^^^^^^^^^^^^^
  File "/home/airflow/.local/lib/python3.11/site-packages/airflow/dag_processing/processor.py", line 982, in save_dag_to_db
    import_errors = DagBag._sync_to_db(dags=dags, processor_subdir=dag_directory, session=session)
                    ^^^^^^^^^^^^^^^^^^^^^^^^^^^^^^^^^^^^^^^^^^^^^^^^^^^^^^^^^^^^^^^^^^^^^^^^^^^^^^
  File "/home/airflow/.local/lib/python3.11/site-packages/airflow/utils/session.py", line 94, in wrapper
    return func(*args, **kwargs)
           ^^^^^^^^^^^^^^^^^^^^^
  File "/home/airflow/.local/lib/python3.11/site-packages/airflow/models/dagbag.py", line 708, in _sync_to_db
    for attempt in run_with_db_retries(logger=log):
  File "/home/airflow/.local/lib/python3.11/site-packages/tenacity/__init__.py", line 443, in __iter__
    do = self.iter(retry_state=retry_state)
         ^^^^^^^^^^^^^^^^^^^^^^^^^^^^^^^^^^
  File "/home/airflow/.local/lib/python3.11/site-packages/tenacity/__init__.py", line 376, in iter
    result = action(retry_state)
             ^^^^^^^^^^^^^^^^^^^
  File "/home/airflow/.local/lib/python3.11/site-packages/tenacity/__init__.py", line 418, in exc_check
    raise retry_exc.reraise()
          ^^^^^^^^^^^^^^^^^^^
  File "/home/airflow/.local/lib/python3.11/site-packages/tenacity/__init__.py", line 185, in reraise
    raise self.last_attempt.result()
          ^^^^^^^^^^^^^^^^^^^^^^^^^^
  File "/usr/local/lib/python3.11/concurrent/futures/_base.py", line 449, in result
    return self.__get_result()
           ^^^^^^^^^^^^^^^^^^^
  File "/usr/local/lib/python3.11/concurrent/futures/_base.py", line 401, in __get_result
    raise self._exception
  File "/home/airflow/.local/lib/python3.11/site-packages/airflow/models/dagbag.py", line 721, in _sync_to_db
    _serialize_dag_capturing_errors(dag, session, processor_subdir)
  File "/home/airflow/.local/lib/python3.11/site-packages/airflow/models/dagbag.py", line 686, in _serialize_dag_capturing_errors
    dag_was_updated = SerializedDagModel.write_dag(
                      ^^^^^^^^^^^^^^^^^^^^^^^^^^^^^
  File "/home/airflow/.local/lib/python3.11/site-packages/airflow/utils/session.py", line 94, in wrapper
    return func(*args, **kwargs)
           ^^^^^^^^^^^^^^^^^^^^^
  File "/home/airflow/.local/lib/python3.11/site-packages/airflow/models/serialized_dag.py", line 160, in write_dag
    if session.scalar(
       ^^^^^^^^^^^^^^^
  File "/home/airflow/.local/lib/python3.11/site-packages/sqlalchemy/orm/session.py", line 1747, in scalar
    return self.execute(
           ^^^^^^^^^^^^^
  File "/home/airflow/.local/lib/python3.11/site-packages/sqlalchemy/orm/session.py", line 1716, in execute
    conn = self._connection_for_bind(bind)
           ^^^^^^^^^^^^^^^^^^^^^^^^^^^^^^^
  File "/home/airflow/.local/lib/python3.11/site-packages/sqlalchemy/orm/session.py", line 1555, in _connection_for_bind
    return self._transaction._connection_for_bind(
           ^^^^^^^^^^^^^^^^^^^^^^^^^^^^^^^^^^^^^^^
  File "/home/airflow/.local/lib/python3.11/site-packages/sqlalchemy/orm/session.py", line 750, in _connection_for_bind
    conn = bind.connect()
           ^^^^^^^^^^^^^^
  File "/home/airflow/.local/lib/python3.11/site-packages/sqlalchemy/future/engine.py", line 412, in connect
    return super(Engine, self).connect()
           ^^^^^^^^^^^^^^^^^^^^^^^^^^^^^
  File "/home/airflow/.local/lib/python3.11/site-packages/sqlalchemy/engine/base.py", line 3325, in connect
    return self._connection_cls(self, close_with_result=close_with_result)
           ^^^^^^^^^^^^^^^^^^^^^^^^^^^^^^^^^^^^^^^^^^^^^^^^^^^^^^^^^^^^^^^
  File "/home/airflow/.local/lib/python3.11/site-packages/sqlalchemy/engine/base.py", line 96, in __init__
    else engine.raw_connection()
         ^^^^^^^^^^^^^^^^^^^^^^^
  File "/home/airflow/.local/lib/python3.11/site-packages/sqlalchemy/engine/base.py", line 3404, in raw_connection
    return self._wrap_pool_connect(self.pool.connect, _connection)
           ^^^^^^^^^^^^^^^^^^^^^^^^^^^^^^^^^^^^^^^^^^^^^^^^^^^^^^^
  File "/home/airflow/.local/lib/python3.11/site-packages/sqlalchemy/engine/base.py", line 3374, in _wrap_pool_connect
    Connection._handle_dbapi_exception_noconnection(
  File "/home/airflow/.local/lib/python3.11/site-packages/sqlalchemy/engine/base.py", line 2208, in _handle_dbapi_exception_noconnection
    util.raise_(
  File "/home/airflow/.local/lib/python3.11/site-packages/sqlalchemy/util/compat.py", line 211, in raise_
    raise exception
  File "/home/airflow/.local/lib/python3.11/site-packages/sqlalchemy/engine/base.py", line 3371, in _wrap_pool_connect
    return fn()
           ^^^^
  File "/home/airflow/.local/lib/python3.11/site-packages/sqlalchemy/pool/base.py", line 327, in connect
    return _ConnectionFairy._checkout(self)
           ^^^^^^^^^^^^^^^^^^^^^^^^^^^^^^^^
  File "/home/airflow/.local/lib/python3.11/site-packages/sqlalchemy/pool/base.py", line 894, in _checkout
    fairy = _ConnectionRecord.checkout(pool)
            ^^^^^^^^^^^^^^^^^^^^^^^^^^^^^^^^
  File "/home/airflow/.local/lib/python3.11/site-packages/sqlalchemy/pool/base.py", line 493, in checkout
    rec = pool._do_get()
          ^^^^^^^^^^^^^^
  File "/home/airflow/.local/lib/python3.11/site-packages/sqlalchemy/pool/impl.py", line 145, in _do_get
    with util.safe_reraise():
  File "/home/airflow/.local/lib/python3.11/site-packages/sqlalchemy/util/langhelpers.py", line 70, in __exit__
    compat.raise_(
  File "/home/airflow/.local/lib/python3.11/site-packages/sqlalchemy/util/compat.py", line 211, in raise_
    raise exception
  File "/home/airflow/.local/lib/python3.11/site-packages/sqlalchemy/pool/impl.py", line 143, in _do_get
    return self._create_connection()
           ^^^^^^^^^^^^^^^^^^^^^^^^^
  File "/home/airflow/.local/lib/python3.11/site-packages/sqlalchemy/pool/base.py", line 273, in _create_connection
    return _ConnectionRecord(self)
           ^^^^^^^^^^^^^^^^^^^^^^^
  File "/home/airflow/.local/lib/python3.11/site-packages/sqlalchemy/pool/base.py", line 388, in __init__
    self.__connect()
  File "/home/airflow/.local/lib/python3.11/site-packages/sqlalchemy/pool/base.py", line 690, in __connect
    with util.safe_reraise():
  File "/home/airflow/.local/lib/python3.11/site-packages/sqlalchemy/util/langhelpers.py", line 70, in __exit__
    compat.raise_(
  File "/home/airflow/.local/lib/python3.11/site-packages/sqlalchemy/util/compat.py", line 211, in raise_
    raise exception
  File "/home/airflow/.local/lib/python3.11/site-packages/sqlalchemy/pool/base.py", line 686, in __connect
    self.dbapi_connection = connection = pool._invoke_creator(self)
                                         ^^^^^^^^^^^^^^^^^^^^^^^^^^
  File "/home/airflow/.local/lib/python3.11/site-packages/sqlalchemy/engine/create.py", line 574, in connect
    return dialect.connect(*cargs, **cparams)
           ^^^^^^^^^^^^^^^^^^^^^^^^^^^^^^^^^^
  File "/home/airflow/.local/lib/python3.11/site-packages/sqlalchemy/engine/default.py", line 598, in connect
    return self.dbapi.connect(*cargs, **cparams)
           ^^^^^^^^^^^^^^^^^^^^^^^^^^^^^^^^^^^^^
  File "/home/airflow/.local/lib/python3.11/site-packages/psycopg2/__init__.py", line 122, in connect
    conn = _connect(dsn, connection_factory=connection_factory, **kwasync)
           ^^^^^^^^^^^^^^^^^^^^^^^^^^^^^^^^^^^^^^^^^^^^^^^^^^^^^^^^^^^^^^^
sqlalchemy.exc.OperationalError: (psycopg2.OperationalError) connection to server at "postgres" (172.18.0.8), port 5432 failed: FATAL:  password authentication failed for user "airflow"

(Background on this error at: https://sqlalche.me/e/14/e3q8)
[2026-05-20T07:23:56.456+0000] {processor.py:186} INFO - Started process (PID=22475) to work on /opt/airflow/dags/submit_spark_dag.py
[2026-05-20T07:23:56.457+0000] {processor.py:914} INFO - Processing file /opt/airflow/dags/submit_spark_dag.py for tasks to queue
[2026-05-20T07:23:56.461+0000] {logging_mixin.py:190} INFO - [2026-05-20T07:23:56.461+0000] {dagbag.py:588} INFO - Filling up the DagBag from /opt/airflow/dags/submit_spark_dag.py
[2026-05-20T07:23:56.473+0000] {processor.py:925} INFO - DAG(s) 'hello_spark' retrieved from /opt/airflow/dags/submit_spark_dag.py
[2026-05-20T07:23:56.497+0000] {logging_mixin.py:190} INFO - [2026-05-20T07:23:56.496+0000] {dag.py:3239} INFO - Sync 1 DAGs
[2026-05-20T07:23:56.516+0000] {logging_mixin.py:190} INFO - [2026-05-20T07:23:56.516+0000] {dag.py:4180} INFO - Setting next_dagrun for hello_spark to 2026-05-19 00:00:00+00:00, run_after=2026-05-20 00:00:00+00:00
[2026-05-20T07:23:56.529+0000] {processor.py:208} INFO - Processing /opt/airflow/dags/submit_spark_dag.py took 0.084 seconds
[2026-05-20T07:24:27.163+0000] {processor.py:186} INFO - Started process (PID=22487) to work on /opt/airflow/dags/submit_spark_dag.py
[2026-05-20T07:24:27.166+0000] {processor.py:914} INFO - Processing file /opt/airflow/dags/submit_spark_dag.py for tasks to queue
[2026-05-20T07:24:27.169+0000] {logging_mixin.py:190} INFO - [2026-05-20T07:24:27.166+0000] {dagbag.py:588} INFO - Filling up the DagBag from /opt/airflow/dags/submit_spark_dag.py
[2026-05-20T07:24:27.196+0000] {processor.py:925} INFO - DAG(s) 'hello_spark' retrieved from /opt/airflow/dags/submit_spark_dag.py
[2026-05-20T07:24:27.679+0000] {logging_mixin.py:190} INFO - [2026-05-20T07:24:27.678+0000] {dag.py:3239} INFO - Sync 1 DAGs
[2026-05-20T07:24:27.721+0000] {logging_mixin.py:190} INFO - [2026-05-20T07:24:27.721+0000] {dag.py:4180} INFO - Setting next_dagrun for hello_spark to 2026-05-19 00:00:00+00:00, run_after=2026-05-20 00:00:00+00:00
[2026-05-20T07:24:27.734+0000] {processor.py:208} INFO - Processing /opt/airflow/dags/submit_spark_dag.py took 0.587 seconds
[2026-05-20T07:24:57.812+0000] {processor.py:186} INFO - Started process (PID=22502) to work on /opt/airflow/dags/submit_spark_dag.py
[2026-05-20T07:24:57.813+0000] {processor.py:914} INFO - Processing file /opt/airflow/dags/submit_spark_dag.py for tasks to queue
[2026-05-20T07:24:57.814+0000] {logging_mixin.py:190} INFO - [2026-05-20T07:24:57.814+0000] {dagbag.py:588} INFO - Filling up the DagBag from /opt/airflow/dags/submit_spark_dag.py
[2026-05-20T07:24:57.821+0000] {processor.py:925} INFO - DAG(s) 'hello_spark' retrieved from /opt/airflow/dags/submit_spark_dag.py
[2026-05-20T07:24:57.837+0000] {logging_mixin.py:190} INFO - [2026-05-20T07:24:57.836+0000] {dag.py:3239} INFO - Sync 1 DAGs
[2026-05-20T07:24:57.854+0000] {logging_mixin.py:190} INFO - [2026-05-20T07:24:57.854+0000] {dag.py:4180} INFO - Setting next_dagrun for hello_spark to 2026-05-19 00:00:00+00:00, run_after=2026-05-20 00:00:00+00:00
[2026-05-20T07:24:57.866+0000] {processor.py:208} INFO - Processing /opt/airflow/dags/submit_spark_dag.py took 0.058 seconds
[2026-05-20T07:25:27.911+0000] {processor.py:186} INFO - Started process (PID=22514) to work on /opt/airflow/dags/submit_spark_dag.py
[2026-05-20T07:25:27.912+0000] {processor.py:914} INFO - Processing file /opt/airflow/dags/submit_spark_dag.py for tasks to queue
[2026-05-20T07:25:27.912+0000] {logging_mixin.py:190} INFO - [2026-05-20T07:25:27.912+0000] {dagbag.py:588} INFO - Filling up the DagBag from /opt/airflow/dags/submit_spark_dag.py
[2026-05-20T07:25:27.919+0000] {processor.py:925} INFO - DAG(s) 'hello_spark' retrieved from /opt/airflow/dags/submit_spark_dag.py
[2026-05-20T07:25:28.408+0000] {logging_mixin.py:190} INFO - [2026-05-20T07:25:28.408+0000] {dag.py:3239} INFO - Sync 1 DAGs
[2026-05-20T07:25:28.428+0000] {logging_mixin.py:190} INFO - [2026-05-20T07:25:28.428+0000] {dag.py:4180} INFO - Setting next_dagrun for hello_spark to 2026-05-19 00:00:00+00:00, run_after=2026-05-20 00:00:00+00:00
[2026-05-20T07:25:28.441+0000] {processor.py:208} INFO - Processing /opt/airflow/dags/submit_spark_dag.py took 0.535 seconds
[2026-05-20T07:25:58.576+0000] {processor.py:186} INFO - Started process (PID=22526) to work on /opt/airflow/dags/submit_spark_dag.py
[2026-05-20T07:25:58.577+0000] {processor.py:914} INFO - Processing file /opt/airflow/dags/submit_spark_dag.py for tasks to queue
[2026-05-20T07:25:58.577+0000] {logging_mixin.py:190} INFO - [2026-05-20T07:25:58.577+0000] {dagbag.py:588} INFO - Filling up the DagBag from /opt/airflow/dags/submit_spark_dag.py
[2026-05-20T07:25:58.584+0000] {processor.py:925} INFO - DAG(s) 'hello_spark' retrieved from /opt/airflow/dags/submit_spark_dag.py
[2026-05-20T07:25:58.602+0000] {logging_mixin.py:190} INFO - [2026-05-20T07:25:58.602+0000] {dag.py:3239} INFO - Sync 1 DAGs
[2026-05-20T07:25:58.622+0000] {logging_mixin.py:190} INFO - [2026-05-20T07:25:58.622+0000] {dag.py:4180} INFO - Setting next_dagrun for hello_spark to 2026-05-19 00:00:00+00:00, run_after=2026-05-20 00:00:00+00:00
[2026-05-20T07:25:58.638+0000] {processor.py:208} INFO - Processing /opt/airflow/dags/submit_spark_dag.py took 0.066 seconds
[2026-05-20T07:26:29.154+0000] {processor.py:186} INFO - Started process (PID=22536) to work on /opt/airflow/dags/submit_spark_dag.py
[2026-05-20T07:26:29.162+0000] {processor.py:914} INFO - Processing file /opt/airflow/dags/submit_spark_dag.py for tasks to queue
[2026-05-20T07:26:29.163+0000] {logging_mixin.py:190} INFO - [2026-05-20T07:26:29.163+0000] {dagbag.py:588} INFO - Filling up the DagBag from /opt/airflow/dags/submit_spark_dag.py
[2026-05-20T07:26:29.177+0000] {processor.py:925} INFO - DAG(s) 'hello_spark' retrieved from /opt/airflow/dags/submit_spark_dag.py
[2026-05-20T07:26:29.213+0000] {logging_mixin.py:190} INFO - [2026-05-20T07:26:29.212+0000] {dag.py:3239} INFO - Sync 1 DAGs
[2026-05-20T07:26:29.248+0000] {logging_mixin.py:190} INFO - [2026-05-20T07:26:29.248+0000] {dag.py:4180} INFO - Setting next_dagrun for hello_spark to 2026-05-19 00:00:00+00:00, run_after=2026-05-20 00:00:00+00:00
[2026-05-20T07:26:29.268+0000] {processor.py:208} INFO - Processing /opt/airflow/dags/submit_spark_dag.py took 0.121 seconds
[2026-05-20T07:26:59.367+0000] {processor.py:186} INFO - Started process (PID=22549) to work on /opt/airflow/dags/submit_spark_dag.py
[2026-05-20T07:26:59.368+0000] {processor.py:914} INFO - Processing file /opt/airflow/dags/submit_spark_dag.py for tasks to queue
[2026-05-20T07:26:59.370+0000] {logging_mixin.py:190} INFO - [2026-05-20T07:26:59.369+0000] {dagbag.py:588} INFO - Filling up the DagBag from /opt/airflow/dags/submit_spark_dag.py
[2026-05-20T07:26:59.379+0000] {processor.py:925} INFO - DAG(s) 'hello_spark' retrieved from /opt/airflow/dags/submit_spark_dag.py
[2026-05-20T07:27:00.235+0000] {processor.py:211} ERROR - Got an exception! Propagating...
Traceback (most recent call last):
  File "/home/airflow/.local/lib/python3.11/site-packages/sqlalchemy/engine/base.py", line 3371, in _wrap_pool_connect
    return fn()
           ^^^^
  File "/home/airflow/.local/lib/python3.11/site-packages/sqlalchemy/pool/base.py", line 327, in connect
    return _ConnectionFairy._checkout(self)
           ^^^^^^^^^^^^^^^^^^^^^^^^^^^^^^^^
  File "/home/airflow/.local/lib/python3.11/site-packages/sqlalchemy/pool/base.py", line 894, in _checkout
    fairy = _ConnectionRecord.checkout(pool)
            ^^^^^^^^^^^^^^^^^^^^^^^^^^^^^^^^
  File "/home/airflow/.local/lib/python3.11/site-packages/sqlalchemy/pool/base.py", line 493, in checkout
    rec = pool._do_get()
          ^^^^^^^^^^^^^^
  File "/home/airflow/.local/lib/python3.11/site-packages/sqlalchemy/pool/impl.py", line 145, in _do_get
    with util.safe_reraise():
  File "/home/airflow/.local/lib/python3.11/site-packages/sqlalchemy/util/langhelpers.py", line 70, in __exit__
    compat.raise_(
  File "/home/airflow/.local/lib/python3.11/site-packages/sqlalchemy/util/compat.py", line 211, in raise_
    raise exception
  File "/home/airflow/.local/lib/python3.11/site-packages/sqlalchemy/pool/impl.py", line 143, in _do_get
    return self._create_connection()
           ^^^^^^^^^^^^^^^^^^^^^^^^^
  File "/home/airflow/.local/lib/python3.11/site-packages/sqlalchemy/pool/base.py", line 273, in _create_connection
    return _ConnectionRecord(self)
           ^^^^^^^^^^^^^^^^^^^^^^^
  File "/home/airflow/.local/lib/python3.11/site-packages/sqlalchemy/pool/base.py", line 388, in __init__
    self.__connect()
  File "/home/airflow/.local/lib/python3.11/site-packages/sqlalchemy/pool/base.py", line 690, in __connect
    with util.safe_reraise():
  File "/home/airflow/.local/lib/python3.11/site-packages/sqlalchemy/util/langhelpers.py", line 70, in __exit__
    compat.raise_(
  File "/home/airflow/.local/lib/python3.11/site-packages/sqlalchemy/util/compat.py", line 211, in raise_
    raise exception
  File "/home/airflow/.local/lib/python3.11/site-packages/sqlalchemy/pool/base.py", line 686, in __connect
    self.dbapi_connection = connection = pool._invoke_creator(self)
                                         ^^^^^^^^^^^^^^^^^^^^^^^^^^
  File "/home/airflow/.local/lib/python3.11/site-packages/sqlalchemy/engine/create.py", line 574, in connect
    return dialect.connect(*cargs, **cparams)
           ^^^^^^^^^^^^^^^^^^^^^^^^^^^^^^^^^^
  File "/home/airflow/.local/lib/python3.11/site-packages/sqlalchemy/engine/default.py", line 598, in connect
    return self.dbapi.connect(*cargs, **cparams)
           ^^^^^^^^^^^^^^^^^^^^^^^^^^^^^^^^^^^^^
  File "/home/airflow/.local/lib/python3.11/site-packages/psycopg2/__init__.py", line 122, in connect
    conn = _connect(dsn, connection_factory=connection_factory, **kwasync)
           ^^^^^^^^^^^^^^^^^^^^^^^^^^^^^^^^^^^^^^^^^^^^^^^^^^^^^^^^^^^^^^^
psycopg2.OperationalError: connection to server at "postgres" (172.18.0.8), port 5432 failed: FATAL:  password authentication failed for user "airflow"


The above exception was the direct cause of the following exception:

Traceback (most recent call last):
  File "/home/airflow/.local/lib/python3.11/site-packages/airflow/dag_processing/processor.py", line 207, in _run_file_processor
    _handle_dag_file_processing()
  File "/home/airflow/.local/lib/python3.11/site-packages/airflow/dag_processing/processor.py", line 188, in _handle_dag_file_processing
    result: tuple[int, int, int] = dag_file_processor.process_file(
                                   ^^^^^^^^^^^^^^^^^^^^^^^^^^^^^^^^
  File "/home/airflow/.local/lib/python3.11/site-packages/airflow/utils/session.py", line 97, in wrapper
    return func(*args, session=session, **kwargs)
           ^^^^^^^^^^^^^^^^^^^^^^^^^^^^^^^^^^^^^^
  File "/home/airflow/.local/lib/python3.11/site-packages/airflow/dag_processing/processor.py", line 942, in process_file
    serialize_errors = DagFileProcessor.save_dag_to_db(
                       ^^^^^^^^^^^^^^^^^^^^^^^^^^^^^^^^
  File "/home/airflow/.local/lib/python3.11/site-packages/airflow/api_internal/internal_api_call.py", line 166, in wrapper
    return func(*args, **kwargs)
           ^^^^^^^^^^^^^^^^^^^^^
  File "/home/airflow/.local/lib/python3.11/site-packages/airflow/utils/session.py", line 97, in wrapper
    return func(*args, session=session, **kwargs)
           ^^^^^^^^^^^^^^^^^^^^^^^^^^^^^^^^^^^^^^
  File "/home/airflow/.local/lib/python3.11/site-packages/airflow/dag_processing/processor.py", line 982, in save_dag_to_db
    import_errors = DagBag._sync_to_db(dags=dags, processor_subdir=dag_directory, session=session)
                    ^^^^^^^^^^^^^^^^^^^^^^^^^^^^^^^^^^^^^^^^^^^^^^^^^^^^^^^^^^^^^^^^^^^^^^^^^^^^^^
  File "/home/airflow/.local/lib/python3.11/site-packages/airflow/utils/session.py", line 94, in wrapper
    return func(*args, **kwargs)
           ^^^^^^^^^^^^^^^^^^^^^
  File "/home/airflow/.local/lib/python3.11/site-packages/airflow/models/dagbag.py", line 708, in _sync_to_db
    for attempt in run_with_db_retries(logger=log):
  File "/home/airflow/.local/lib/python3.11/site-packages/tenacity/__init__.py", line 443, in __iter__
    do = self.iter(retry_state=retry_state)
         ^^^^^^^^^^^^^^^^^^^^^^^^^^^^^^^^^^
  File "/home/airflow/.local/lib/python3.11/site-packages/tenacity/__init__.py", line 376, in iter
    result = action(retry_state)
             ^^^^^^^^^^^^^^^^^^^
  File "/home/airflow/.local/lib/python3.11/site-packages/tenacity/__init__.py", line 418, in exc_check
    raise retry_exc.reraise()
          ^^^^^^^^^^^^^^^^^^^
  File "/home/airflow/.local/lib/python3.11/site-packages/tenacity/__init__.py", line 185, in reraise
    raise self.last_attempt.result()
          ^^^^^^^^^^^^^^^^^^^^^^^^^^
  File "/usr/local/lib/python3.11/concurrent/futures/_base.py", line 449, in result
    return self.__get_result()
           ^^^^^^^^^^^^^^^^^^^
  File "/usr/local/lib/python3.11/concurrent/futures/_base.py", line 401, in __get_result
    raise self._exception
  File "/home/airflow/.local/lib/python3.11/site-packages/airflow/models/dagbag.py", line 721, in _sync_to_db
    _serialize_dag_capturing_errors(dag, session, processor_subdir)
  File "/home/airflow/.local/lib/python3.11/site-packages/airflow/models/dagbag.py", line 686, in _serialize_dag_capturing_errors
    dag_was_updated = SerializedDagModel.write_dag(
                      ^^^^^^^^^^^^^^^^^^^^^^^^^^^^^
  File "/home/airflow/.local/lib/python3.11/site-packages/airflow/utils/session.py", line 94, in wrapper
    return func(*args, **kwargs)
           ^^^^^^^^^^^^^^^^^^^^^
  File "/home/airflow/.local/lib/python3.11/site-packages/airflow/models/serialized_dag.py", line 160, in write_dag
    if session.scalar(
       ^^^^^^^^^^^^^^^
  File "/home/airflow/.local/lib/python3.11/site-packages/sqlalchemy/orm/session.py", line 1747, in scalar
    return self.execute(
           ^^^^^^^^^^^^^
  File "/home/airflow/.local/lib/python3.11/site-packages/sqlalchemy/orm/session.py", line 1716, in execute
    conn = self._connection_for_bind(bind)
           ^^^^^^^^^^^^^^^^^^^^^^^^^^^^^^^
  File "/home/airflow/.local/lib/python3.11/site-packages/sqlalchemy/orm/session.py", line 1555, in _connection_for_bind
    return self._transaction._connection_for_bind(
           ^^^^^^^^^^^^^^^^^^^^^^^^^^^^^^^^^^^^^^^
  File "/home/airflow/.local/lib/python3.11/site-packages/sqlalchemy/orm/session.py", line 750, in _connection_for_bind
    conn = bind.connect()
           ^^^^^^^^^^^^^^
  File "/home/airflow/.local/lib/python3.11/site-packages/sqlalchemy/future/engine.py", line 412, in connect
    return super(Engine, self).connect()
           ^^^^^^^^^^^^^^^^^^^^^^^^^^^^^
  File "/home/airflow/.local/lib/python3.11/site-packages/sqlalchemy/engine/base.py", line 3325, in connect
    return self._connection_cls(self, close_with_result=close_with_result)
           ^^^^^^^^^^^^^^^^^^^^^^^^^^^^^^^^^^^^^^^^^^^^^^^^^^^^^^^^^^^^^^^
  File "/home/airflow/.local/lib/python3.11/site-packages/sqlalchemy/engine/base.py", line 96, in __init__
    else engine.raw_connection()
         ^^^^^^^^^^^^^^^^^^^^^^^
  File "/home/airflow/.local/lib/python3.11/site-packages/sqlalchemy/engine/base.py", line 3404, in raw_connection
    return self._wrap_pool_connect(self.pool.connect, _connection)
           ^^^^^^^^^^^^^^^^^^^^^^^^^^^^^^^^^^^^^^^^^^^^^^^^^^^^^^^
  File "/home/airflow/.local/lib/python3.11/site-packages/sqlalchemy/engine/base.py", line 3374, in _wrap_pool_connect
    Connection._handle_dbapi_exception_noconnection(
  File "/home/airflow/.local/lib/python3.11/site-packages/sqlalchemy/engine/base.py", line 2208, in _handle_dbapi_exception_noconnection
    util.raise_(
  File "/home/airflow/.local/lib/python3.11/site-packages/sqlalchemy/util/compat.py", line 211, in raise_
    raise exception
  File "/home/airflow/.local/lib/python3.11/site-packages/sqlalchemy/engine/base.py", line 3371, in _wrap_pool_connect
    return fn()
           ^^^^
  File "/home/airflow/.local/lib/python3.11/site-packages/sqlalchemy/pool/base.py", line 327, in connect
    return _ConnectionFairy._checkout(self)
           ^^^^^^^^^^^^^^^^^^^^^^^^^^^^^^^^
  File "/home/airflow/.local/lib/python3.11/site-packages/sqlalchemy/pool/base.py", line 894, in _checkout
    fairy = _ConnectionRecord.checkout(pool)
            ^^^^^^^^^^^^^^^^^^^^^^^^^^^^^^^^
  File "/home/airflow/.local/lib/python3.11/site-packages/sqlalchemy/pool/base.py", line 493, in checkout
    rec = pool._do_get()
          ^^^^^^^^^^^^^^
  File "/home/airflow/.local/lib/python3.11/site-packages/sqlalchemy/pool/impl.py", line 145, in _do_get
    with util.safe_reraise():
  File "/home/airflow/.local/lib/python3.11/site-packages/sqlalchemy/util/langhelpers.py", line 70, in __exit__
    compat.raise_(
  File "/home/airflow/.local/lib/python3.11/site-packages/sqlalchemy/util/compat.py", line 211, in raise_
    raise exception
  File "/home/airflow/.local/lib/python3.11/site-packages/sqlalchemy/pool/impl.py", line 143, in _do_get
    return self._create_connection()
           ^^^^^^^^^^^^^^^^^^^^^^^^^
  File "/home/airflow/.local/lib/python3.11/site-packages/sqlalchemy/pool/base.py", line 273, in _create_connection
    return _ConnectionRecord(self)
           ^^^^^^^^^^^^^^^^^^^^^^^
  File "/home/airflow/.local/lib/python3.11/site-packages/sqlalchemy/pool/base.py", line 388, in __init__
    self.__connect()
  File "/home/airflow/.local/lib/python3.11/site-packages/sqlalchemy/pool/base.py", line 690, in __connect
    with util.safe_reraise():
  File "/home/airflow/.local/lib/python3.11/site-packages/sqlalchemy/util/langhelpers.py", line 70, in __exit__
    compat.raise_(
  File "/home/airflow/.local/lib/python3.11/site-packages/sqlalchemy/util/compat.py", line 211, in raise_
    raise exception
  File "/home/airflow/.local/lib/python3.11/site-packages/sqlalchemy/pool/base.py", line 686, in __connect
    self.dbapi_connection = connection = pool._invoke_creator(self)
                                         ^^^^^^^^^^^^^^^^^^^^^^^^^^
  File "/home/airflow/.local/lib/python3.11/site-packages/sqlalchemy/engine/create.py", line 574, in connect
    return dialect.connect(*cargs, **cparams)
           ^^^^^^^^^^^^^^^^^^^^^^^^^^^^^^^^^^
  File "/home/airflow/.local/lib/python3.11/site-packages/sqlalchemy/engine/default.py", line 598, in connect
    return self.dbapi.connect(*cargs, **cparams)
           ^^^^^^^^^^^^^^^^^^^^^^^^^^^^^^^^^^^^^
  File "/home/airflow/.local/lib/python3.11/site-packages/psycopg2/__init__.py", line 122, in connect
    conn = _connect(dsn, connection_factory=connection_factory, **kwasync)
           ^^^^^^^^^^^^^^^^^^^^^^^^^^^^^^^^^^^^^^^^^^^^^^^^^^^^^^^^^^^^^^^
sqlalchemy.exc.OperationalError: (psycopg2.OperationalError) connection to server at "postgres" (172.18.0.8), port 5432 failed: FATAL:  password authentication failed for user "airflow"

(Background on this error at: https://sqlalche.me/e/14/e3q8)
[2026-05-20T07:27:30.301+0000] {processor.py:186} INFO - Started process (PID=22561) to work on /opt/airflow/dags/submit_spark_dag.py
[2026-05-20T07:27:30.302+0000] {processor.py:914} INFO - Processing file /opt/airflow/dags/submit_spark_dag.py for tasks to queue
[2026-05-20T07:27:30.302+0000] {logging_mixin.py:190} INFO - [2026-05-20T07:27:30.302+0000] {dagbag.py:588} INFO - Filling up the DagBag from /opt/airflow/dags/submit_spark_dag.py
[2026-05-20T07:27:30.309+0000] {processor.py:925} INFO - DAG(s) 'hello_spark' retrieved from /opt/airflow/dags/submit_spark_dag.py
[2026-05-20T07:27:30.546+0000] {processor.py:211} ERROR - Got an exception! Propagating...
Traceback (most recent call last):
  File "/home/airflow/.local/lib/python3.11/site-packages/sqlalchemy/engine/base.py", line 3371, in _wrap_pool_connect
    return fn()
           ^^^^
  File "/home/airflow/.local/lib/python3.11/site-packages/sqlalchemy/pool/base.py", line 327, in connect
    return _ConnectionFairy._checkout(self)
           ^^^^^^^^^^^^^^^^^^^^^^^^^^^^^^^^
  File "/home/airflow/.local/lib/python3.11/site-packages/sqlalchemy/pool/base.py", line 894, in _checkout
    fairy = _ConnectionRecord.checkout(pool)
            ^^^^^^^^^^^^^^^^^^^^^^^^^^^^^^^^
  File "/home/airflow/.local/lib/python3.11/site-packages/sqlalchemy/pool/base.py", line 493, in checkout
    rec = pool._do_get()
          ^^^^^^^^^^^^^^
  File "/home/airflow/.local/lib/python3.11/site-packages/sqlalchemy/pool/impl.py", line 145, in _do_get
    with util.safe_reraise():
  File "/home/airflow/.local/lib/python3.11/site-packages/sqlalchemy/util/langhelpers.py", line 70, in __exit__
    compat.raise_(
  File "/home/airflow/.local/lib/python3.11/site-packages/sqlalchemy/util/compat.py", line 211, in raise_
    raise exception
  File "/home/airflow/.local/lib/python3.11/site-packages/sqlalchemy/pool/impl.py", line 143, in _do_get
    return self._create_connection()
           ^^^^^^^^^^^^^^^^^^^^^^^^^
  File "/home/airflow/.local/lib/python3.11/site-packages/sqlalchemy/pool/base.py", line 273, in _create_connection
    return _ConnectionRecord(self)
           ^^^^^^^^^^^^^^^^^^^^^^^
  File "/home/airflow/.local/lib/python3.11/site-packages/sqlalchemy/pool/base.py", line 388, in __init__
    self.__connect()
  File "/home/airflow/.local/lib/python3.11/site-packages/sqlalchemy/pool/base.py", line 690, in __connect
    with util.safe_reraise():
  File "/home/airflow/.local/lib/python3.11/site-packages/sqlalchemy/util/langhelpers.py", line 70, in __exit__
    compat.raise_(
  File "/home/airflow/.local/lib/python3.11/site-packages/sqlalchemy/util/compat.py", line 211, in raise_
    raise exception
  File "/home/airflow/.local/lib/python3.11/site-packages/sqlalchemy/pool/base.py", line 686, in __connect
    self.dbapi_connection = connection = pool._invoke_creator(self)
                                         ^^^^^^^^^^^^^^^^^^^^^^^^^^
  File "/home/airflow/.local/lib/python3.11/site-packages/sqlalchemy/engine/create.py", line 574, in connect
    return dialect.connect(*cargs, **cparams)
           ^^^^^^^^^^^^^^^^^^^^^^^^^^^^^^^^^^
  File "/home/airflow/.local/lib/python3.11/site-packages/sqlalchemy/engine/default.py", line 598, in connect
    return self.dbapi.connect(*cargs, **cparams)
           ^^^^^^^^^^^^^^^^^^^^^^^^^^^^^^^^^^^^^
  File "/home/airflow/.local/lib/python3.11/site-packages/psycopg2/__init__.py", line 122, in connect
    conn = _connect(dsn, connection_factory=connection_factory, **kwasync)
           ^^^^^^^^^^^^^^^^^^^^^^^^^^^^^^^^^^^^^^^^^^^^^^^^^^^^^^^^^^^^^^^
psycopg2.OperationalError: connection to server at "postgres" (172.18.0.8), port 5432 failed: FATAL:  password authentication failed for user "airflow"


The above exception was the direct cause of the following exception:

Traceback (most recent call last):
  File "/home/airflow/.local/lib/python3.11/site-packages/airflow/dag_processing/processor.py", line 207, in _run_file_processor
    _handle_dag_file_processing()
  File "/home/airflow/.local/lib/python3.11/site-packages/airflow/dag_processing/processor.py", line 188, in _handle_dag_file_processing
    result: tuple[int, int, int] = dag_file_processor.process_file(
                                   ^^^^^^^^^^^^^^^^^^^^^^^^^^^^^^^^
  File "/home/airflow/.local/lib/python3.11/site-packages/airflow/utils/session.py", line 97, in wrapper
    return func(*args, session=session, **kwargs)
           ^^^^^^^^^^^^^^^^^^^^^^^^^^^^^^^^^^^^^^
  File "/home/airflow/.local/lib/python3.11/site-packages/airflow/dag_processing/processor.py", line 942, in process_file
    serialize_errors = DagFileProcessor.save_dag_to_db(
                       ^^^^^^^^^^^^^^^^^^^^^^^^^^^^^^^^
  File "/home/airflow/.local/lib/python3.11/site-packages/airflow/api_internal/internal_api_call.py", line 166, in wrapper
    return func(*args, **kwargs)
           ^^^^^^^^^^^^^^^^^^^^^
  File "/home/airflow/.local/lib/python3.11/site-packages/airflow/utils/session.py", line 97, in wrapper
    return func(*args, session=session, **kwargs)
           ^^^^^^^^^^^^^^^^^^^^^^^^^^^^^^^^^^^^^^
  File "/home/airflow/.local/lib/python3.11/site-packages/airflow/dag_processing/processor.py", line 982, in save_dag_to_db
    import_errors = DagBag._sync_to_db(dags=dags, processor_subdir=dag_directory, session=session)
                    ^^^^^^^^^^^^^^^^^^^^^^^^^^^^^^^^^^^^^^^^^^^^^^^^^^^^^^^^^^^^^^^^^^^^^^^^^^^^^^
  File "/home/airflow/.local/lib/python3.11/site-packages/airflow/utils/session.py", line 94, in wrapper
    return func(*args, **kwargs)
           ^^^^^^^^^^^^^^^^^^^^^
  File "/home/airflow/.local/lib/python3.11/site-packages/airflow/models/dagbag.py", line 708, in _sync_to_db
    for attempt in run_with_db_retries(logger=log):
  File "/home/airflow/.local/lib/python3.11/site-packages/tenacity/__init__.py", line 443, in __iter__
    do = self.iter(retry_state=retry_state)
         ^^^^^^^^^^^^^^^^^^^^^^^^^^^^^^^^^^
  File "/home/airflow/.local/lib/python3.11/site-packages/tenacity/__init__.py", line 376, in iter
    result = action(retry_state)
             ^^^^^^^^^^^^^^^^^^^
  File "/home/airflow/.local/lib/python3.11/site-packages/tenacity/__init__.py", line 418, in exc_check
    raise retry_exc.reraise()
          ^^^^^^^^^^^^^^^^^^^
  File "/home/airflow/.local/lib/python3.11/site-packages/tenacity/__init__.py", line 185, in reraise
    raise self.last_attempt.result()
          ^^^^^^^^^^^^^^^^^^^^^^^^^^
  File "/usr/local/lib/python3.11/concurrent/futures/_base.py", line 449, in result
    return self.__get_result()
           ^^^^^^^^^^^^^^^^^^^
  File "/usr/local/lib/python3.11/concurrent/futures/_base.py", line 401, in __get_result
    raise self._exception
  File "/home/airflow/.local/lib/python3.11/site-packages/airflow/models/dagbag.py", line 721, in _sync_to_db
    _serialize_dag_capturing_errors(dag, session, processor_subdir)
  File "/home/airflow/.local/lib/python3.11/site-packages/airflow/models/dagbag.py", line 686, in _serialize_dag_capturing_errors
    dag_was_updated = SerializedDagModel.write_dag(
                      ^^^^^^^^^^^^^^^^^^^^^^^^^^^^^
  File "/home/airflow/.local/lib/python3.11/site-packages/airflow/utils/session.py", line 94, in wrapper
    return func(*args, **kwargs)
           ^^^^^^^^^^^^^^^^^^^^^
  File "/home/airflow/.local/lib/python3.11/site-packages/airflow/models/serialized_dag.py", line 160, in write_dag
    if session.scalar(
       ^^^^^^^^^^^^^^^
  File "/home/airflow/.local/lib/python3.11/site-packages/sqlalchemy/orm/session.py", line 1747, in scalar
    return self.execute(
           ^^^^^^^^^^^^^
  File "/home/airflow/.local/lib/python3.11/site-packages/sqlalchemy/orm/session.py", line 1716, in execute
    conn = self._connection_for_bind(bind)
           ^^^^^^^^^^^^^^^^^^^^^^^^^^^^^^^
  File "/home/airflow/.local/lib/python3.11/site-packages/sqlalchemy/orm/session.py", line 1555, in _connection_for_bind
    return self._transaction._connection_for_bind(
           ^^^^^^^^^^^^^^^^^^^^^^^^^^^^^^^^^^^^^^^
  File "/home/airflow/.local/lib/python3.11/site-packages/sqlalchemy/orm/session.py", line 750, in _connection_for_bind
    conn = bind.connect()
           ^^^^^^^^^^^^^^
  File "/home/airflow/.local/lib/python3.11/site-packages/sqlalchemy/future/engine.py", line 412, in connect
    return super(Engine, self).connect()
           ^^^^^^^^^^^^^^^^^^^^^^^^^^^^^
  File "/home/airflow/.local/lib/python3.11/site-packages/sqlalchemy/engine/base.py", line 3325, in connect
    return self._connection_cls(self, close_with_result=close_with_result)
           ^^^^^^^^^^^^^^^^^^^^^^^^^^^^^^^^^^^^^^^^^^^^^^^^^^^^^^^^^^^^^^^
  File "/home/airflow/.local/lib/python3.11/site-packages/sqlalchemy/engine/base.py", line 96, in __init__
    else engine.raw_connection()
         ^^^^^^^^^^^^^^^^^^^^^^^
  File "/home/airflow/.local/lib/python3.11/site-packages/sqlalchemy/engine/base.py", line 3404, in raw_connection
    return self._wrap_pool_connect(self.pool.connect, _connection)
           ^^^^^^^^^^^^^^^^^^^^^^^^^^^^^^^^^^^^^^^^^^^^^^^^^^^^^^^
  File "/home/airflow/.local/lib/python3.11/site-packages/sqlalchemy/engine/base.py", line 3374, in _wrap_pool_connect
    Connection._handle_dbapi_exception_noconnection(
  File "/home/airflow/.local/lib/python3.11/site-packages/sqlalchemy/engine/base.py", line 2208, in _handle_dbapi_exception_noconnection
    util.raise_(
  File "/home/airflow/.local/lib/python3.11/site-packages/sqlalchemy/util/compat.py", line 211, in raise_
    raise exception
  File "/home/airflow/.local/lib/python3.11/site-packages/sqlalchemy/engine/base.py", line 3371, in _wrap_pool_connect
    return fn()
           ^^^^
  File "/home/airflow/.local/lib/python3.11/site-packages/sqlalchemy/pool/base.py", line 327, in connect
    return _ConnectionFairy._checkout(self)
           ^^^^^^^^^^^^^^^^^^^^^^^^^^^^^^^^
  File "/home/airflow/.local/lib/python3.11/site-packages/sqlalchemy/pool/base.py", line 894, in _checkout
    fairy = _ConnectionRecord.checkout(pool)
            ^^^^^^^^^^^^^^^^^^^^^^^^^^^^^^^^
  File "/home/airflow/.local/lib/python3.11/site-packages/sqlalchemy/pool/base.py", line 493, in checkout
    rec = pool._do_get()
          ^^^^^^^^^^^^^^
  File "/home/airflow/.local/lib/python3.11/site-packages/sqlalchemy/pool/impl.py", line 145, in _do_get
    with util.safe_reraise():
  File "/home/airflow/.local/lib/python3.11/site-packages/sqlalchemy/util/langhelpers.py", line 70, in __exit__
    compat.raise_(
  File "/home/airflow/.local/lib/python3.11/site-packages/sqlalchemy/util/compat.py", line 211, in raise_
    raise exception
  File "/home/airflow/.local/lib/python3.11/site-packages/sqlalchemy/pool/impl.py", line 143, in _do_get
    return self._create_connection()
           ^^^^^^^^^^^^^^^^^^^^^^^^^
  File "/home/airflow/.local/lib/python3.11/site-packages/sqlalchemy/pool/base.py", line 273, in _create_connection
    return _ConnectionRecord(self)
           ^^^^^^^^^^^^^^^^^^^^^^^
  File "/home/airflow/.local/lib/python3.11/site-packages/sqlalchemy/pool/base.py", line 388, in __init__
    self.__connect()
  File "/home/airflow/.local/lib/python3.11/site-packages/sqlalchemy/pool/base.py", line 690, in __connect
    with util.safe_reraise():
  File "/home/airflow/.local/lib/python3.11/site-packages/sqlalchemy/util/langhelpers.py", line 70, in __exit__
    compat.raise_(
  File "/home/airflow/.local/lib/python3.11/site-packages/sqlalchemy/util/compat.py", line 211, in raise_
    raise exception
  File "/home/airflow/.local/lib/python3.11/site-packages/sqlalchemy/pool/base.py", line 686, in __connect
    self.dbapi_connection = connection = pool._invoke_creator(self)
                                         ^^^^^^^^^^^^^^^^^^^^^^^^^^
  File "/home/airflow/.local/lib/python3.11/site-packages/sqlalchemy/engine/create.py", line 574, in connect
    return dialect.connect(*cargs, **cparams)
           ^^^^^^^^^^^^^^^^^^^^^^^^^^^^^^^^^^
  File "/home/airflow/.local/lib/python3.11/site-packages/sqlalchemy/engine/default.py", line 598, in connect
    return self.dbapi.connect(*cargs, **cparams)
           ^^^^^^^^^^^^^^^^^^^^^^^^^^^^^^^^^^^^^
  File "/home/airflow/.local/lib/python3.11/site-packages/psycopg2/__init__.py", line 122, in connect
    conn = _connect(dsn, connection_factory=connection_factory, **kwasync)
           ^^^^^^^^^^^^^^^^^^^^^^^^^^^^^^^^^^^^^^^^^^^^^^^^^^^^^^^^^^^^^^^
sqlalchemy.exc.OperationalError: (psycopg2.OperationalError) connection to server at "postgres" (172.18.0.8), port 5432 failed: FATAL:  password authentication failed for user "airflow"

(Background on this error at: https://sqlalche.me/e/14/e3q8)
[2026-05-20T07:28:00.673+0000] {processor.py:186} INFO - Started process (PID=22573) to work on /opt/airflow/dags/submit_spark_dag.py
[2026-05-20T07:28:00.674+0000] {processor.py:914} INFO - Processing file /opt/airflow/dags/submit_spark_dag.py for tasks to queue
[2026-05-20T07:28:00.675+0000] {logging_mixin.py:190} INFO - [2026-05-20T07:28:00.675+0000] {dagbag.py:588} INFO - Filling up the DagBag from /opt/airflow/dags/submit_spark_dag.py
[2026-05-20T07:28:00.682+0000] {processor.py:925} INFO - DAG(s) 'hello_spark' retrieved from /opt/airflow/dags/submit_spark_dag.py
[2026-05-20T07:28:00.760+0000] {logging_mixin.py:190} INFO - [2026-05-20T07:28:00.760+0000] {dag.py:3239} INFO - Sync 1 DAGs
[2026-05-20T07:28:00.774+0000] {logging_mixin.py:190} INFO - [2026-05-20T07:28:00.774+0000] {dag.py:4180} INFO - Setting next_dagrun for hello_spark to 2026-05-19 00:00:00+00:00, run_after=2026-05-20 00:00:00+00:00
[2026-05-20T07:28:00.788+0000] {processor.py:208} INFO - Processing /opt/airflow/dags/submit_spark_dag.py took 0.120 seconds
[2026-05-20T07:28:30.987+0000] {processor.py:186} INFO - Started process (PID=22585) to work on /opt/airflow/dags/submit_spark_dag.py
[2026-05-20T07:28:30.988+0000] {processor.py:914} INFO - Processing file /opt/airflow/dags/submit_spark_dag.py for tasks to queue
[2026-05-20T07:28:30.989+0000] {logging_mixin.py:190} INFO - [2026-05-20T07:28:30.989+0000] {dagbag.py:588} INFO - Filling up the DagBag from /opt/airflow/dags/submit_spark_dag.py
[2026-05-20T07:28:30.996+0000] {processor.py:925} INFO - DAG(s) 'hello_spark' retrieved from /opt/airflow/dags/submit_spark_dag.py
[2026-05-20T07:28:31.012+0000] {logging_mixin.py:190} INFO - [2026-05-20T07:28:31.012+0000] {dag.py:3239} INFO - Sync 1 DAGs
[2026-05-20T07:28:31.030+0000] {logging_mixin.py:190} INFO - [2026-05-20T07:28:31.030+0000] {dag.py:4180} INFO - Setting next_dagrun for hello_spark to 2026-05-19 00:00:00+00:00, run_after=2026-05-20 00:00:00+00:00
[2026-05-20T07:28:31.042+0000] {processor.py:208} INFO - Processing /opt/airflow/dags/submit_spark_dag.py took 0.059 seconds
[2026-05-20T07:29:01.352+0000] {processor.py:186} INFO - Started process (PID=22597) to work on /opt/airflow/dags/submit_spark_dag.py
[2026-05-20T07:29:01.353+0000] {processor.py:914} INFO - Processing file /opt/airflow/dags/submit_spark_dag.py for tasks to queue
[2026-05-20T07:29:01.354+0000] {logging_mixin.py:190} INFO - [2026-05-20T07:29:01.353+0000] {dagbag.py:588} INFO - Filling up the DagBag from /opt/airflow/dags/submit_spark_dag.py
[2026-05-20T07:29:01.363+0000] {processor.py:925} INFO - DAG(s) 'hello_spark' retrieved from /opt/airflow/dags/submit_spark_dag.py
[2026-05-20T07:29:01.387+0000] {logging_mixin.py:190} INFO - [2026-05-20T07:29:01.387+0000] {dag.py:3239} INFO - Sync 1 DAGs
[2026-05-20T07:29:01.410+0000] {logging_mixin.py:190} INFO - [2026-05-20T07:29:01.410+0000] {dag.py:4180} INFO - Setting next_dagrun for hello_spark to 2026-05-19 00:00:00+00:00, run_after=2026-05-20 00:00:00+00:00
[2026-05-20T07:29:01.424+0000] {processor.py:208} INFO - Processing /opt/airflow/dags/submit_spark_dag.py took 0.078 seconds
[2026-05-20T07:29:31.681+0000] {processor.py:186} INFO - Started process (PID=22609) to work on /opt/airflow/dags/submit_spark_dag.py
[2026-05-20T07:29:31.683+0000] {processor.py:914} INFO - Processing file /opt/airflow/dags/submit_spark_dag.py for tasks to queue
[2026-05-20T07:29:31.684+0000] {logging_mixin.py:190} INFO - [2026-05-20T07:29:31.684+0000] {dagbag.py:588} INFO - Filling up the DagBag from /opt/airflow/dags/submit_spark_dag.py
[2026-05-20T07:29:31.697+0000] {processor.py:925} INFO - DAG(s) 'hello_spark' retrieved from /opt/airflow/dags/submit_spark_dag.py
[2026-05-20T07:29:32.014+0000] {logging_mixin.py:190} INFO - [2026-05-20T07:29:32.013+0000] {dag.py:3239} INFO - Sync 1 DAGs
[2026-05-20T07:29:32.033+0000] {logging_mixin.py:190} INFO - [2026-05-20T07:29:32.033+0000] {dag.py:4180} INFO - Setting next_dagrun for hello_spark to 2026-05-19 00:00:00+00:00, run_after=2026-05-20 00:00:00+00:00
[2026-05-20T07:29:32.047+0000] {processor.py:208} INFO - Processing /opt/airflow/dags/submit_spark_dag.py took 0.378 seconds
[2026-05-20T07:30:02.263+0000] {processor.py:186} INFO - Started process (PID=22621) to work on /opt/airflow/dags/submit_spark_dag.py
[2026-05-20T07:30:02.263+0000] {processor.py:914} INFO - Processing file /opt/airflow/dags/submit_spark_dag.py for tasks to queue
[2026-05-20T07:30:02.264+0000] {logging_mixin.py:190} INFO - [2026-05-20T07:30:02.264+0000] {dagbag.py:588} INFO - Filling up the DagBag from /opt/airflow/dags/submit_spark_dag.py
[2026-05-20T07:30:02.270+0000] {processor.py:925} INFO - DAG(s) 'hello_spark' retrieved from /opt/airflow/dags/submit_spark_dag.py
[2026-05-20T07:30:02.288+0000] {logging_mixin.py:190} INFO - [2026-05-20T07:30:02.288+0000] {dag.py:3239} INFO - Sync 1 DAGs
[2026-05-20T07:30:02.305+0000] {logging_mixin.py:190} INFO - [2026-05-20T07:30:02.305+0000] {dag.py:4180} INFO - Setting next_dagrun for hello_spark to 2026-05-19 00:00:00+00:00, run_after=2026-05-20 00:00:00+00:00
[2026-05-20T07:30:02.319+0000] {processor.py:208} INFO - Processing /opt/airflow/dags/submit_spark_dag.py took 0.060 seconds
[2026-05-20T07:30:32.564+0000] {processor.py:186} INFO - Started process (PID=22632) to work on /opt/airflow/dags/submit_spark_dag.py
[2026-05-20T07:30:32.565+0000] {processor.py:914} INFO - Processing file /opt/airflow/dags/submit_spark_dag.py for tasks to queue
[2026-05-20T07:30:32.566+0000] {logging_mixin.py:190} INFO - [2026-05-20T07:30:32.565+0000] {dagbag.py:588} INFO - Filling up the DagBag from /opt/airflow/dags/submit_spark_dag.py
[2026-05-20T07:30:32.573+0000] {processor.py:925} INFO - DAG(s) 'hello_spark' retrieved from /opt/airflow/dags/submit_spark_dag.py
[2026-05-20T07:30:32.589+0000] {logging_mixin.py:190} INFO - [2026-05-20T07:30:32.589+0000] {dag.py:3239} INFO - Sync 1 DAGs
[2026-05-20T07:30:32.607+0000] {logging_mixin.py:190} INFO - [2026-05-20T07:30:32.607+0000] {dag.py:4180} INFO - Setting next_dagrun for hello_spark to 2026-05-19 00:00:00+00:00, run_after=2026-05-20 00:00:00+00:00
[2026-05-20T07:30:32.621+0000] {processor.py:208} INFO - Processing /opt/airflow/dags/submit_spark_dag.py took 0.061 seconds
[2026-05-20T07:31:02.963+0000] {processor.py:186} INFO - Started process (PID=22644) to work on /opt/airflow/dags/submit_spark_dag.py
[2026-05-20T07:31:02.963+0000] {processor.py:914} INFO - Processing file /opt/airflow/dags/submit_spark_dag.py for tasks to queue
[2026-05-20T07:31:02.964+0000] {logging_mixin.py:190} INFO - [2026-05-20T07:31:02.964+0000] {dagbag.py:588} INFO - Filling up the DagBag from /opt/airflow/dags/submit_spark_dag.py
[2026-05-20T07:31:02.971+0000] {processor.py:925} INFO - DAG(s) 'hello_spark' retrieved from /opt/airflow/dags/submit_spark_dag.py
[2026-05-20T07:31:03.653+0000] {processor.py:211} ERROR - Got an exception! Propagating...
Traceback (most recent call last):
  File "/home/airflow/.local/lib/python3.11/site-packages/sqlalchemy/engine/base.py", line 3371, in _wrap_pool_connect
    return fn()
           ^^^^
  File "/home/airflow/.local/lib/python3.11/site-packages/sqlalchemy/pool/base.py", line 327, in connect
    return _ConnectionFairy._checkout(self)
           ^^^^^^^^^^^^^^^^^^^^^^^^^^^^^^^^
  File "/home/airflow/.local/lib/python3.11/site-packages/sqlalchemy/pool/base.py", line 894, in _checkout
    fairy = _ConnectionRecord.checkout(pool)
            ^^^^^^^^^^^^^^^^^^^^^^^^^^^^^^^^
  File "/home/airflow/.local/lib/python3.11/site-packages/sqlalchemy/pool/base.py", line 493, in checkout
    rec = pool._do_get()
          ^^^^^^^^^^^^^^
  File "/home/airflow/.local/lib/python3.11/site-packages/sqlalchemy/pool/impl.py", line 145, in _do_get
    with util.safe_reraise():
  File "/home/airflow/.local/lib/python3.11/site-packages/sqlalchemy/util/langhelpers.py", line 70, in __exit__
    compat.raise_(
  File "/home/airflow/.local/lib/python3.11/site-packages/sqlalchemy/util/compat.py", line 211, in raise_
    raise exception
  File "/home/airflow/.local/lib/python3.11/site-packages/sqlalchemy/pool/impl.py", line 143, in _do_get
    return self._create_connection()
           ^^^^^^^^^^^^^^^^^^^^^^^^^
  File "/home/airflow/.local/lib/python3.11/site-packages/sqlalchemy/pool/base.py", line 273, in _create_connection
    return _ConnectionRecord(self)
           ^^^^^^^^^^^^^^^^^^^^^^^
  File "/home/airflow/.local/lib/python3.11/site-packages/sqlalchemy/pool/base.py", line 388, in __init__
    self.__connect()
  File "/home/airflow/.local/lib/python3.11/site-packages/sqlalchemy/pool/base.py", line 690, in __connect
    with util.safe_reraise():
  File "/home/airflow/.local/lib/python3.11/site-packages/sqlalchemy/util/langhelpers.py", line 70, in __exit__
    compat.raise_(
  File "/home/airflow/.local/lib/python3.11/site-packages/sqlalchemy/util/compat.py", line 211, in raise_
    raise exception
  File "/home/airflow/.local/lib/python3.11/site-packages/sqlalchemy/pool/base.py", line 686, in __connect
    self.dbapi_connection = connection = pool._invoke_creator(self)
                                         ^^^^^^^^^^^^^^^^^^^^^^^^^^
  File "/home/airflow/.local/lib/python3.11/site-packages/sqlalchemy/engine/create.py", line 574, in connect
    return dialect.connect(*cargs, **cparams)
           ^^^^^^^^^^^^^^^^^^^^^^^^^^^^^^^^^^
  File "/home/airflow/.local/lib/python3.11/site-packages/sqlalchemy/engine/default.py", line 598, in connect
    return self.dbapi.connect(*cargs, **cparams)
           ^^^^^^^^^^^^^^^^^^^^^^^^^^^^^^^^^^^^^
  File "/home/airflow/.local/lib/python3.11/site-packages/psycopg2/__init__.py", line 122, in connect
    conn = _connect(dsn, connection_factory=connection_factory, **kwasync)
           ^^^^^^^^^^^^^^^^^^^^^^^^^^^^^^^^^^^^^^^^^^^^^^^^^^^^^^^^^^^^^^^
psycopg2.OperationalError: connection to server at "postgres" (172.18.0.8), port 5432 failed: FATAL:  password authentication failed for user "airflow"


The above exception was the direct cause of the following exception:

Traceback (most recent call last):
  File "/home/airflow/.local/lib/python3.11/site-packages/airflow/dag_processing/processor.py", line 207, in _run_file_processor
    _handle_dag_file_processing()
  File "/home/airflow/.local/lib/python3.11/site-packages/airflow/dag_processing/processor.py", line 188, in _handle_dag_file_processing
    result: tuple[int, int, int] = dag_file_processor.process_file(
                                   ^^^^^^^^^^^^^^^^^^^^^^^^^^^^^^^^
  File "/home/airflow/.local/lib/python3.11/site-packages/airflow/utils/session.py", line 97, in wrapper
    return func(*args, session=session, **kwargs)
           ^^^^^^^^^^^^^^^^^^^^^^^^^^^^^^^^^^^^^^
  File "/home/airflow/.local/lib/python3.11/site-packages/airflow/dag_processing/processor.py", line 942, in process_file
    serialize_errors = DagFileProcessor.save_dag_to_db(
                       ^^^^^^^^^^^^^^^^^^^^^^^^^^^^^^^^
  File "/home/airflow/.local/lib/python3.11/site-packages/airflow/api_internal/internal_api_call.py", line 166, in wrapper
    return func(*args, **kwargs)
           ^^^^^^^^^^^^^^^^^^^^^
  File "/home/airflow/.local/lib/python3.11/site-packages/airflow/utils/session.py", line 97, in wrapper
    return func(*args, session=session, **kwargs)
           ^^^^^^^^^^^^^^^^^^^^^^^^^^^^^^^^^^^^^^
  File "/home/airflow/.local/lib/python3.11/site-packages/airflow/dag_processing/processor.py", line 982, in save_dag_to_db
    import_errors = DagBag._sync_to_db(dags=dags, processor_subdir=dag_directory, session=session)
                    ^^^^^^^^^^^^^^^^^^^^^^^^^^^^^^^^^^^^^^^^^^^^^^^^^^^^^^^^^^^^^^^^^^^^^^^^^^^^^^
  File "/home/airflow/.local/lib/python3.11/site-packages/airflow/utils/session.py", line 94, in wrapper
    return func(*args, **kwargs)
           ^^^^^^^^^^^^^^^^^^^^^
  File "/home/airflow/.local/lib/python3.11/site-packages/airflow/models/dagbag.py", line 708, in _sync_to_db
    for attempt in run_with_db_retries(logger=log):
  File "/home/airflow/.local/lib/python3.11/site-packages/tenacity/__init__.py", line 443, in __iter__
    do = self.iter(retry_state=retry_state)
         ^^^^^^^^^^^^^^^^^^^^^^^^^^^^^^^^^^
  File "/home/airflow/.local/lib/python3.11/site-packages/tenacity/__init__.py", line 376, in iter
    result = action(retry_state)
             ^^^^^^^^^^^^^^^^^^^
  File "/home/airflow/.local/lib/python3.11/site-packages/tenacity/__init__.py", line 418, in exc_check
    raise retry_exc.reraise()
          ^^^^^^^^^^^^^^^^^^^
  File "/home/airflow/.local/lib/python3.11/site-packages/tenacity/__init__.py", line 185, in reraise
    raise self.last_attempt.result()
          ^^^^^^^^^^^^^^^^^^^^^^^^^^
  File "/usr/local/lib/python3.11/concurrent/futures/_base.py", line 449, in result
    return self.__get_result()
           ^^^^^^^^^^^^^^^^^^^
  File "/usr/local/lib/python3.11/concurrent/futures/_base.py", line 401, in __get_result
    raise self._exception
  File "/home/airflow/.local/lib/python3.11/site-packages/airflow/models/dagbag.py", line 721, in _sync_to_db
    _serialize_dag_capturing_errors(dag, session, processor_subdir)
  File "/home/airflow/.local/lib/python3.11/site-packages/airflow/models/dagbag.py", line 686, in _serialize_dag_capturing_errors
    dag_was_updated = SerializedDagModel.write_dag(
                      ^^^^^^^^^^^^^^^^^^^^^^^^^^^^^
  File "/home/airflow/.local/lib/python3.11/site-packages/airflow/utils/session.py", line 94, in wrapper
    return func(*args, **kwargs)
           ^^^^^^^^^^^^^^^^^^^^^
  File "/home/airflow/.local/lib/python3.11/site-packages/airflow/models/serialized_dag.py", line 160, in write_dag
    if session.scalar(
       ^^^^^^^^^^^^^^^
  File "/home/airflow/.local/lib/python3.11/site-packages/sqlalchemy/orm/session.py", line 1747, in scalar
    return self.execute(
           ^^^^^^^^^^^^^
  File "/home/airflow/.local/lib/python3.11/site-packages/sqlalchemy/orm/session.py", line 1716, in execute
    conn = self._connection_for_bind(bind)
           ^^^^^^^^^^^^^^^^^^^^^^^^^^^^^^^
  File "/home/airflow/.local/lib/python3.11/site-packages/sqlalchemy/orm/session.py", line 1555, in _connection_for_bind
    return self._transaction._connection_for_bind(
           ^^^^^^^^^^^^^^^^^^^^^^^^^^^^^^^^^^^^^^^
  File "/home/airflow/.local/lib/python3.11/site-packages/sqlalchemy/orm/session.py", line 750, in _connection_for_bind
    conn = bind.connect()
           ^^^^^^^^^^^^^^
  File "/home/airflow/.local/lib/python3.11/site-packages/sqlalchemy/future/engine.py", line 412, in connect
    return super(Engine, self).connect()
           ^^^^^^^^^^^^^^^^^^^^^^^^^^^^^
  File "/home/airflow/.local/lib/python3.11/site-packages/sqlalchemy/engine/base.py", line 3325, in connect
    return self._connection_cls(self, close_with_result=close_with_result)
           ^^^^^^^^^^^^^^^^^^^^^^^^^^^^^^^^^^^^^^^^^^^^^^^^^^^^^^^^^^^^^^^
  File "/home/airflow/.local/lib/python3.11/site-packages/sqlalchemy/engine/base.py", line 96, in __init__
    else engine.raw_connection()
         ^^^^^^^^^^^^^^^^^^^^^^^
  File "/home/airflow/.local/lib/python3.11/site-packages/sqlalchemy/engine/base.py", line 3404, in raw_connection
    return self._wrap_pool_connect(self.pool.connect, _connection)
           ^^^^^^^^^^^^^^^^^^^^^^^^^^^^^^^^^^^^^^^^^^^^^^^^^^^^^^^
  File "/home/airflow/.local/lib/python3.11/site-packages/sqlalchemy/engine/base.py", line 3374, in _wrap_pool_connect
    Connection._handle_dbapi_exception_noconnection(
  File "/home/airflow/.local/lib/python3.11/site-packages/sqlalchemy/engine/base.py", line 2208, in _handle_dbapi_exception_noconnection
    util.raise_(
  File "/home/airflow/.local/lib/python3.11/site-packages/sqlalchemy/util/compat.py", line 211, in raise_
    raise exception
  File "/home/airflow/.local/lib/python3.11/site-packages/sqlalchemy/engine/base.py", line 3371, in _wrap_pool_connect
    return fn()
           ^^^^
  File "/home/airflow/.local/lib/python3.11/site-packages/sqlalchemy/pool/base.py", line 327, in connect
    return _ConnectionFairy._checkout(self)
           ^^^^^^^^^^^^^^^^^^^^^^^^^^^^^^^^
  File "/home/airflow/.local/lib/python3.11/site-packages/sqlalchemy/pool/base.py", line 894, in _checkout
    fairy = _ConnectionRecord.checkout(pool)
            ^^^^^^^^^^^^^^^^^^^^^^^^^^^^^^^^
  File "/home/airflow/.local/lib/python3.11/site-packages/sqlalchemy/pool/base.py", line 493, in checkout
    rec = pool._do_get()
          ^^^^^^^^^^^^^^
  File "/home/airflow/.local/lib/python3.11/site-packages/sqlalchemy/pool/impl.py", line 145, in _do_get
    with util.safe_reraise():
  File "/home/airflow/.local/lib/python3.11/site-packages/sqlalchemy/util/langhelpers.py", line 70, in __exit__
    compat.raise_(
  File "/home/airflow/.local/lib/python3.11/site-packages/sqlalchemy/util/compat.py", line 211, in raise_
    raise exception
  File "/home/airflow/.local/lib/python3.11/site-packages/sqlalchemy/pool/impl.py", line 143, in _do_get
    return self._create_connection()
           ^^^^^^^^^^^^^^^^^^^^^^^^^
  File "/home/airflow/.local/lib/python3.11/site-packages/sqlalchemy/pool/base.py", line 273, in _create_connection
    return _ConnectionRecord(self)
           ^^^^^^^^^^^^^^^^^^^^^^^
  File "/home/airflow/.local/lib/python3.11/site-packages/sqlalchemy/pool/base.py", line 388, in __init__
    self.__connect()
  File "/home/airflow/.local/lib/python3.11/site-packages/sqlalchemy/pool/base.py", line 690, in __connect
    with util.safe_reraise():
  File "/home/airflow/.local/lib/python3.11/site-packages/sqlalchemy/util/langhelpers.py", line 70, in __exit__
    compat.raise_(
  File "/home/airflow/.local/lib/python3.11/site-packages/sqlalchemy/util/compat.py", line 211, in raise_
    raise exception
  File "/home/airflow/.local/lib/python3.11/site-packages/sqlalchemy/pool/base.py", line 686, in __connect
    self.dbapi_connection = connection = pool._invoke_creator(self)
                                         ^^^^^^^^^^^^^^^^^^^^^^^^^^
  File "/home/airflow/.local/lib/python3.11/site-packages/sqlalchemy/engine/create.py", line 574, in connect
    return dialect.connect(*cargs, **cparams)
           ^^^^^^^^^^^^^^^^^^^^^^^^^^^^^^^^^^
  File "/home/airflow/.local/lib/python3.11/site-packages/sqlalchemy/engine/default.py", line 598, in connect
    return self.dbapi.connect(*cargs, **cparams)
           ^^^^^^^^^^^^^^^^^^^^^^^^^^^^^^^^^^^^^
  File "/home/airflow/.local/lib/python3.11/site-packages/psycopg2/__init__.py", line 122, in connect
    conn = _connect(dsn, connection_factory=connection_factory, **kwasync)
           ^^^^^^^^^^^^^^^^^^^^^^^^^^^^^^^^^^^^^^^^^^^^^^^^^^^^^^^^^^^^^^^
sqlalchemy.exc.OperationalError: (psycopg2.OperationalError) connection to server at "postgres" (172.18.0.8), port 5432 failed: FATAL:  password authentication failed for user "airflow"

(Background on this error at: https://sqlalche.me/e/14/e3q8)
[2026-05-20T07:31:33.804+0000] {processor.py:186} INFO - Started process (PID=22656) to work on /opt/airflow/dags/submit_spark_dag.py
[2026-05-20T07:31:33.806+0000] {processor.py:914} INFO - Processing file /opt/airflow/dags/submit_spark_dag.py for tasks to queue
[2026-05-20T07:31:33.807+0000] {logging_mixin.py:190} INFO - [2026-05-20T07:31:33.807+0000] {dagbag.py:588} INFO - Filling up the DagBag from /opt/airflow/dags/submit_spark_dag.py
[2026-05-20T07:31:33.813+0000] {processor.py:925} INFO - DAG(s) 'hello_spark' retrieved from /opt/airflow/dags/submit_spark_dag.py
[2026-05-20T07:31:33.831+0000] {logging_mixin.py:190} INFO - [2026-05-20T07:31:33.831+0000] {dag.py:3239} INFO - Sync 1 DAGs
[2026-05-20T07:31:33.850+0000] {logging_mixin.py:190} INFO - [2026-05-20T07:31:33.850+0000] {dag.py:4180} INFO - Setting next_dagrun for hello_spark to 2026-05-19 00:00:00+00:00, run_after=2026-05-20 00:00:00+00:00
[2026-05-20T07:31:33.863+0000] {processor.py:208} INFO - Processing /opt/airflow/dags/submit_spark_dag.py took 0.063 seconds
[2026-05-20T07:32:04.257+0000] {processor.py:186} INFO - Started process (PID=22667) to work on /opt/airflow/dags/submit_spark_dag.py
[2026-05-20T07:32:04.258+0000] {processor.py:914} INFO - Processing file /opt/airflow/dags/submit_spark_dag.py for tasks to queue
[2026-05-20T07:32:04.259+0000] {logging_mixin.py:190} INFO - [2026-05-20T07:32:04.259+0000] {dagbag.py:588} INFO - Filling up the DagBag from /opt/airflow/dags/submit_spark_dag.py
[2026-05-20T07:32:04.267+0000] {processor.py:925} INFO - DAG(s) 'hello_spark' retrieved from /opt/airflow/dags/submit_spark_dag.py
[2026-05-20T07:32:04.286+0000] {logging_mixin.py:190} INFO - [2026-05-20T07:32:04.286+0000] {dag.py:3239} INFO - Sync 1 DAGs
[2026-05-20T07:32:04.305+0000] {logging_mixin.py:190} INFO - [2026-05-20T07:32:04.305+0000] {dag.py:4180} INFO - Setting next_dagrun for hello_spark to 2026-05-19 00:00:00+00:00, run_after=2026-05-20 00:00:00+00:00
[2026-05-20T07:32:04.318+0000] {processor.py:208} INFO - Processing /opt/airflow/dags/submit_spark_dag.py took 0.066 seconds
[2026-05-20T07:32:34.458+0000] {processor.py:186} INFO - Started process (PID=22679) to work on /opt/airflow/dags/submit_spark_dag.py
[2026-05-20T07:32:34.459+0000] {processor.py:914} INFO - Processing file /opt/airflow/dags/submit_spark_dag.py for tasks to queue
[2026-05-20T07:32:34.459+0000] {logging_mixin.py:190} INFO - [2026-05-20T07:32:34.459+0000] {dagbag.py:588} INFO - Filling up the DagBag from /opt/airflow/dags/submit_spark_dag.py
[2026-05-20T07:32:34.466+0000] {processor.py:925} INFO - DAG(s) 'hello_spark' retrieved from /opt/airflow/dags/submit_spark_dag.py
[2026-05-20T07:32:34.944+0000] {logging_mixin.py:190} INFO - [2026-05-20T07:32:34.944+0000] {dag.py:3239} INFO - Sync 1 DAGs
[2026-05-20T07:32:34.963+0000] {logging_mixin.py:190} INFO - [2026-05-20T07:32:34.963+0000] {dag.py:4180} INFO - Setting next_dagrun for hello_spark to 2026-05-19 00:00:00+00:00, run_after=2026-05-20 00:00:00+00:00
[2026-05-20T07:32:34.978+0000] {processor.py:208} INFO - Processing /opt/airflow/dags/submit_spark_dag.py took 0.524 seconds
[2026-05-20T07:33:05.797+0000] {processor.py:186} INFO - Started process (PID=22692) to work on /opt/airflow/dags/submit_spark_dag.py
[2026-05-20T07:33:05.799+0000] {processor.py:914} INFO - Processing file /opt/airflow/dags/submit_spark_dag.py for tasks to queue
[2026-05-20T07:33:05.800+0000] {logging_mixin.py:190} INFO - [2026-05-20T07:33:05.800+0000] {dagbag.py:588} INFO - Filling up the DagBag from /opt/airflow/dags/submit_spark_dag.py
[2026-05-20T07:33:05.812+0000] {processor.py:925} INFO - DAG(s) 'hello_spark' retrieved from /opt/airflow/dags/submit_spark_dag.py
[2026-05-20T07:33:06.157+0000] {logging_mixin.py:190} INFO - [2026-05-20T07:33:06.157+0000] {dag.py:3239} INFO - Sync 1 DAGs
[2026-05-20T07:33:06.176+0000] {logging_mixin.py:190} INFO - [2026-05-20T07:33:06.175+0000] {dag.py:4180} INFO - Setting next_dagrun for hello_spark to 2026-05-19 00:00:00+00:00, run_after=2026-05-20 00:00:00+00:00
[2026-05-20T07:33:06.189+0000] {processor.py:208} INFO - Processing /opt/airflow/dags/submit_spark_dag.py took 0.399 seconds
[2026-05-20T07:33:36.274+0000] {processor.py:186} INFO - Started process (PID=22705) to work on /opt/airflow/dags/submit_spark_dag.py
[2026-05-20T07:33:36.275+0000] {processor.py:914} INFO - Processing file /opt/airflow/dags/submit_spark_dag.py for tasks to queue
[2026-05-20T07:33:36.276+0000] {logging_mixin.py:190} INFO - [2026-05-20T07:33:36.275+0000] {dagbag.py:588} INFO - Filling up the DagBag from /opt/airflow/dags/submit_spark_dag.py
[2026-05-20T07:33:36.286+0000] {processor.py:925} INFO - DAG(s) 'hello_spark' retrieved from /opt/airflow/dags/submit_spark_dag.py
[2026-05-20T07:33:36.308+0000] {logging_mixin.py:190} INFO - [2026-05-20T07:33:36.307+0000] {dag.py:3239} INFO - Sync 1 DAGs
[2026-05-20T07:33:36.331+0000] {logging_mixin.py:190} INFO - [2026-05-20T07:33:36.331+0000] {dag.py:4180} INFO - Setting next_dagrun for hello_spark to 2026-05-19 00:00:00+00:00, run_after=2026-05-20 00:00:00+00:00
[2026-05-20T07:33:36.346+0000] {processor.py:208} INFO - Processing /opt/airflow/dags/submit_spark_dag.py took 0.079 seconds
[2026-05-20T07:34:28.552+0000] {processor.py:186} INFO - Started process (PID=37) to work on /opt/airflow/dags/submit_spark_dag.py
[2026-05-20T07:34:28.554+0000] {processor.py:914} INFO - Processing file /opt/airflow/dags/submit_spark_dag.py for tasks to queue
[2026-05-20T07:34:28.556+0000] {logging_mixin.py:190} INFO - [2026-05-20T07:34:28.555+0000] {dagbag.py:588} INFO - Filling up the DagBag from /opt/airflow/dags/submit_spark_dag.py
[2026-05-20T07:34:28.562+0000] {processor.py:925} INFO - DAG(s) 'hello_spark' retrieved from /opt/airflow/dags/submit_spark_dag.py
[2026-05-20T07:34:28.579+0000] {logging_mixin.py:190} INFO - [2026-05-20T07:34:28.578+0000] {dag.py:3239} INFO - Sync 1 DAGs
[2026-05-20T07:34:28.597+0000] {logging_mixin.py:190} INFO - [2026-05-20T07:34:28.597+0000] {dag.py:4180} INFO - Setting next_dagrun for hello_spark to 2026-05-19 00:00:00+00:00, run_after=2026-05-20 00:00:00+00:00
[2026-05-20T07:34:28.610+0000] {processor.py:208} INFO - Processing /opt/airflow/dags/submit_spark_dag.py took 0.063 seconds
[2026-05-20T07:34:58.843+0000] {processor.py:186} INFO - Started process (PID=48) to work on /opt/airflow/dags/submit_spark_dag.py
[2026-05-20T07:34:58.844+0000] {processor.py:914} INFO - Processing file /opt/airflow/dags/submit_spark_dag.py for tasks to queue
[2026-05-20T07:34:58.846+0000] {logging_mixin.py:190} INFO - [2026-05-20T07:34:58.846+0000] {dagbag.py:588} INFO - Filling up the DagBag from /opt/airflow/dags/submit_spark_dag.py
[2026-05-20T07:34:58.853+0000] {processor.py:925} INFO - DAG(s) 'hello_spark' retrieved from /opt/airflow/dags/submit_spark_dag.py
[2026-05-20T07:34:59.662+0000] {processor.py:211} ERROR - Got an exception! Propagating...
Traceback (most recent call last):
  File "/home/airflow/.local/lib/python3.11/site-packages/sqlalchemy/engine/base.py", line 3371, in _wrap_pool_connect
    return fn()
           ^^^^
  File "/home/airflow/.local/lib/python3.11/site-packages/sqlalchemy/pool/base.py", line 327, in connect
    return _ConnectionFairy._checkout(self)
           ^^^^^^^^^^^^^^^^^^^^^^^^^^^^^^^^
  File "/home/airflow/.local/lib/python3.11/site-packages/sqlalchemy/pool/base.py", line 894, in _checkout
    fairy = _ConnectionRecord.checkout(pool)
            ^^^^^^^^^^^^^^^^^^^^^^^^^^^^^^^^
  File "/home/airflow/.local/lib/python3.11/site-packages/sqlalchemy/pool/base.py", line 493, in checkout
    rec = pool._do_get()
          ^^^^^^^^^^^^^^
  File "/home/airflow/.local/lib/python3.11/site-packages/sqlalchemy/pool/impl.py", line 145, in _do_get
    with util.safe_reraise():
  File "/home/airflow/.local/lib/python3.11/site-packages/sqlalchemy/util/langhelpers.py", line 70, in __exit__
    compat.raise_(
  File "/home/airflow/.local/lib/python3.11/site-packages/sqlalchemy/util/compat.py", line 211, in raise_
    raise exception
  File "/home/airflow/.local/lib/python3.11/site-packages/sqlalchemy/pool/impl.py", line 143, in _do_get
    return self._create_connection()
           ^^^^^^^^^^^^^^^^^^^^^^^^^
  File "/home/airflow/.local/lib/python3.11/site-packages/sqlalchemy/pool/base.py", line 273, in _create_connection
    return _ConnectionRecord(self)
           ^^^^^^^^^^^^^^^^^^^^^^^
  File "/home/airflow/.local/lib/python3.11/site-packages/sqlalchemy/pool/base.py", line 388, in __init__
    self.__connect()
  File "/home/airflow/.local/lib/python3.11/site-packages/sqlalchemy/pool/base.py", line 690, in __connect
    with util.safe_reraise():
  File "/home/airflow/.local/lib/python3.11/site-packages/sqlalchemy/util/langhelpers.py", line 70, in __exit__
    compat.raise_(
  File "/home/airflow/.local/lib/python3.11/site-packages/sqlalchemy/util/compat.py", line 211, in raise_
    raise exception
  File "/home/airflow/.local/lib/python3.11/site-packages/sqlalchemy/pool/base.py", line 686, in __connect
    self.dbapi_connection = connection = pool._invoke_creator(self)
                                         ^^^^^^^^^^^^^^^^^^^^^^^^^^
  File "/home/airflow/.local/lib/python3.11/site-packages/sqlalchemy/engine/create.py", line 574, in connect
    return dialect.connect(*cargs, **cparams)
           ^^^^^^^^^^^^^^^^^^^^^^^^^^^^^^^^^^
  File "/home/airflow/.local/lib/python3.11/site-packages/sqlalchemy/engine/default.py", line 598, in connect
    return self.dbapi.connect(*cargs, **cparams)
           ^^^^^^^^^^^^^^^^^^^^^^^^^^^^^^^^^^^^^
  File "/home/airflow/.local/lib/python3.11/site-packages/psycopg2/__init__.py", line 122, in connect
    conn = _connect(dsn, connection_factory=connection_factory, **kwasync)
           ^^^^^^^^^^^^^^^^^^^^^^^^^^^^^^^^^^^^^^^^^^^^^^^^^^^^^^^^^^^^^^^
psycopg2.OperationalError: connection to server at "postgres" (172.18.0.8), port 5432 failed: FATAL:  password authentication failed for user "airflow"


The above exception was the direct cause of the following exception:

Traceback (most recent call last):
  File "/home/airflow/.local/lib/python3.11/site-packages/airflow/dag_processing/processor.py", line 207, in _run_file_processor
    _handle_dag_file_processing()
  File "/home/airflow/.local/lib/python3.11/site-packages/airflow/dag_processing/processor.py", line 188, in _handle_dag_file_processing
    result: tuple[int, int, int] = dag_file_processor.process_file(
                                   ^^^^^^^^^^^^^^^^^^^^^^^^^^^^^^^^
  File "/home/airflow/.local/lib/python3.11/site-packages/airflow/utils/session.py", line 97, in wrapper
    return func(*args, session=session, **kwargs)
           ^^^^^^^^^^^^^^^^^^^^^^^^^^^^^^^^^^^^^^
  File "/home/airflow/.local/lib/python3.11/site-packages/airflow/dag_processing/processor.py", line 942, in process_file
    serialize_errors = DagFileProcessor.save_dag_to_db(
                       ^^^^^^^^^^^^^^^^^^^^^^^^^^^^^^^^
  File "/home/airflow/.local/lib/python3.11/site-packages/airflow/api_internal/internal_api_call.py", line 166, in wrapper
    return func(*args, **kwargs)
           ^^^^^^^^^^^^^^^^^^^^^
  File "/home/airflow/.local/lib/python3.11/site-packages/airflow/utils/session.py", line 97, in wrapper
    return func(*args, session=session, **kwargs)
           ^^^^^^^^^^^^^^^^^^^^^^^^^^^^^^^^^^^^^^
  File "/home/airflow/.local/lib/python3.11/site-packages/airflow/dag_processing/processor.py", line 982, in save_dag_to_db
    import_errors = DagBag._sync_to_db(dags=dags, processor_subdir=dag_directory, session=session)
                    ^^^^^^^^^^^^^^^^^^^^^^^^^^^^^^^^^^^^^^^^^^^^^^^^^^^^^^^^^^^^^^^^^^^^^^^^^^^^^^
  File "/home/airflow/.local/lib/python3.11/site-packages/airflow/utils/session.py", line 94, in wrapper
    return func(*args, **kwargs)
           ^^^^^^^^^^^^^^^^^^^^^
  File "/home/airflow/.local/lib/python3.11/site-packages/airflow/models/dagbag.py", line 708, in _sync_to_db
    for attempt in run_with_db_retries(logger=log):
  File "/home/airflow/.local/lib/python3.11/site-packages/tenacity/__init__.py", line 443, in __iter__
    do = self.iter(retry_state=retry_state)
         ^^^^^^^^^^^^^^^^^^^^^^^^^^^^^^^^^^
  File "/home/airflow/.local/lib/python3.11/site-packages/tenacity/__init__.py", line 376, in iter
    result = action(retry_state)
             ^^^^^^^^^^^^^^^^^^^
  File "/home/airflow/.local/lib/python3.11/site-packages/tenacity/__init__.py", line 418, in exc_check
    raise retry_exc.reraise()
          ^^^^^^^^^^^^^^^^^^^
  File "/home/airflow/.local/lib/python3.11/site-packages/tenacity/__init__.py", line 185, in reraise
    raise self.last_attempt.result()
          ^^^^^^^^^^^^^^^^^^^^^^^^^^
  File "/usr/local/lib/python3.11/concurrent/futures/_base.py", line 449, in result
    return self.__get_result()
           ^^^^^^^^^^^^^^^^^^^
  File "/usr/local/lib/python3.11/concurrent/futures/_base.py", line 401, in __get_result
    raise self._exception
  File "/home/airflow/.local/lib/python3.11/site-packages/airflow/models/dagbag.py", line 721, in _sync_to_db
    _serialize_dag_capturing_errors(dag, session, processor_subdir)
  File "/home/airflow/.local/lib/python3.11/site-packages/airflow/models/dagbag.py", line 686, in _serialize_dag_capturing_errors
    dag_was_updated = SerializedDagModel.write_dag(
                      ^^^^^^^^^^^^^^^^^^^^^^^^^^^^^
  File "/home/airflow/.local/lib/python3.11/site-packages/airflow/utils/session.py", line 94, in wrapper
    return func(*args, **kwargs)
           ^^^^^^^^^^^^^^^^^^^^^
  File "/home/airflow/.local/lib/python3.11/site-packages/airflow/models/serialized_dag.py", line 160, in write_dag
    if session.scalar(
       ^^^^^^^^^^^^^^^
  File "/home/airflow/.local/lib/python3.11/site-packages/sqlalchemy/orm/session.py", line 1747, in scalar
    return self.execute(
           ^^^^^^^^^^^^^
  File "/home/airflow/.local/lib/python3.11/site-packages/sqlalchemy/orm/session.py", line 1716, in execute
    conn = self._connection_for_bind(bind)
           ^^^^^^^^^^^^^^^^^^^^^^^^^^^^^^^
  File "/home/airflow/.local/lib/python3.11/site-packages/sqlalchemy/orm/session.py", line 1555, in _connection_for_bind
    return self._transaction._connection_for_bind(
           ^^^^^^^^^^^^^^^^^^^^^^^^^^^^^^^^^^^^^^^
  File "/home/airflow/.local/lib/python3.11/site-packages/sqlalchemy/orm/session.py", line 750, in _connection_for_bind
    conn = bind.connect()
           ^^^^^^^^^^^^^^
  File "/home/airflow/.local/lib/python3.11/site-packages/sqlalchemy/future/engine.py", line 412, in connect
    return super(Engine, self).connect()
           ^^^^^^^^^^^^^^^^^^^^^^^^^^^^^
  File "/home/airflow/.local/lib/python3.11/site-packages/sqlalchemy/engine/base.py", line 3325, in connect
    return self._connection_cls(self, close_with_result=close_with_result)
           ^^^^^^^^^^^^^^^^^^^^^^^^^^^^^^^^^^^^^^^^^^^^^^^^^^^^^^^^^^^^^^^
  File "/home/airflow/.local/lib/python3.11/site-packages/sqlalchemy/engine/base.py", line 96, in __init__
    else engine.raw_connection()
         ^^^^^^^^^^^^^^^^^^^^^^^
  File "/home/airflow/.local/lib/python3.11/site-packages/sqlalchemy/engine/base.py", line 3404, in raw_connection
    return self._wrap_pool_connect(self.pool.connect, _connection)
           ^^^^^^^^^^^^^^^^^^^^^^^^^^^^^^^^^^^^^^^^^^^^^^^^^^^^^^^
  File "/home/airflow/.local/lib/python3.11/site-packages/sqlalchemy/engine/base.py", line 3374, in _wrap_pool_connect
    Connection._handle_dbapi_exception_noconnection(
  File "/home/airflow/.local/lib/python3.11/site-packages/sqlalchemy/engine/base.py", line 2208, in _handle_dbapi_exception_noconnection
    util.raise_(
  File "/home/airflow/.local/lib/python3.11/site-packages/sqlalchemy/util/compat.py", line 211, in raise_
    raise exception
  File "/home/airflow/.local/lib/python3.11/site-packages/sqlalchemy/engine/base.py", line 3371, in _wrap_pool_connect
    return fn()
           ^^^^
  File "/home/airflow/.local/lib/python3.11/site-packages/sqlalchemy/pool/base.py", line 327, in connect
    return _ConnectionFairy._checkout(self)
           ^^^^^^^^^^^^^^^^^^^^^^^^^^^^^^^^
  File "/home/airflow/.local/lib/python3.11/site-packages/sqlalchemy/pool/base.py", line 894, in _checkout
    fairy = _ConnectionRecord.checkout(pool)
            ^^^^^^^^^^^^^^^^^^^^^^^^^^^^^^^^
  File "/home/airflow/.local/lib/python3.11/site-packages/sqlalchemy/pool/base.py", line 493, in checkout
    rec = pool._do_get()
          ^^^^^^^^^^^^^^
  File "/home/airflow/.local/lib/python3.11/site-packages/sqlalchemy/pool/impl.py", line 145, in _do_get
    with util.safe_reraise():
  File "/home/airflow/.local/lib/python3.11/site-packages/sqlalchemy/util/langhelpers.py", line 70, in __exit__
    compat.raise_(
  File "/home/airflow/.local/lib/python3.11/site-packages/sqlalchemy/util/compat.py", line 211, in raise_
    raise exception
  File "/home/airflow/.local/lib/python3.11/site-packages/sqlalchemy/pool/impl.py", line 143, in _do_get
    return self._create_connection()
           ^^^^^^^^^^^^^^^^^^^^^^^^^
  File "/home/airflow/.local/lib/python3.11/site-packages/sqlalchemy/pool/base.py", line 273, in _create_connection
    return _ConnectionRecord(self)
           ^^^^^^^^^^^^^^^^^^^^^^^
  File "/home/airflow/.local/lib/python3.11/site-packages/sqlalchemy/pool/base.py", line 388, in __init__
    self.__connect()
  File "/home/airflow/.local/lib/python3.11/site-packages/sqlalchemy/pool/base.py", line 690, in __connect
    with util.safe_reraise():
  File "/home/airflow/.local/lib/python3.11/site-packages/sqlalchemy/util/langhelpers.py", line 70, in __exit__
    compat.raise_(
  File "/home/airflow/.local/lib/python3.11/site-packages/sqlalchemy/util/compat.py", line 211, in raise_
    raise exception
  File "/home/airflow/.local/lib/python3.11/site-packages/sqlalchemy/pool/base.py", line 686, in __connect
    self.dbapi_connection = connection = pool._invoke_creator(self)
                                         ^^^^^^^^^^^^^^^^^^^^^^^^^^
  File "/home/airflow/.local/lib/python3.11/site-packages/sqlalchemy/engine/create.py", line 574, in connect
    return dialect.connect(*cargs, **cparams)
           ^^^^^^^^^^^^^^^^^^^^^^^^^^^^^^^^^^
  File "/home/airflow/.local/lib/python3.11/site-packages/sqlalchemy/engine/default.py", line 598, in connect
    return self.dbapi.connect(*cargs, **cparams)
           ^^^^^^^^^^^^^^^^^^^^^^^^^^^^^^^^^^^^^
  File "/home/airflow/.local/lib/python3.11/site-packages/psycopg2/__init__.py", line 122, in connect
    conn = _connect(dsn, connection_factory=connection_factory, **kwasync)
           ^^^^^^^^^^^^^^^^^^^^^^^^^^^^^^^^^^^^^^^^^^^^^^^^^^^^^^^^^^^^^^^
sqlalchemy.exc.OperationalError: (psycopg2.OperationalError) connection to server at "postgres" (172.18.0.8), port 5432 failed: FATAL:  password authentication failed for user "airflow"

(Background on this error at: https://sqlalche.me/e/14/e3q8)
[2026-05-20T07:35:30.318+0000] {processor.py:186} INFO - Started process (PID=68) to work on /opt/airflow/dags/submit_spark_dag.py
[2026-05-20T07:35:30.319+0000] {processor.py:914} INFO - Processing file /opt/airflow/dags/submit_spark_dag.py for tasks to queue
[2026-05-20T07:35:30.322+0000] {logging_mixin.py:190} INFO - [2026-05-20T07:35:30.322+0000] {dagbag.py:588} INFO - Filling up the DagBag from /opt/airflow/dags/submit_spark_dag.py
[2026-05-20T07:35:30.329+0000] {processor.py:925} INFO - DAG(s) 'hello_spark' retrieved from /opt/airflow/dags/submit_spark_dag.py
[2026-05-20T07:35:30.358+0000] {logging_mixin.py:190} INFO - [2026-05-20T07:35:30.358+0000] {dag.py:3239} INFO - Sync 1 DAGs
[2026-05-20T07:35:30.378+0000] {logging_mixin.py:190} INFO - [2026-05-20T07:35:30.378+0000] {dag.py:4180} INFO - Setting next_dagrun for hello_spark to 2026-05-19 00:00:00+00:00, run_after=2026-05-20 00:00:00+00:00
[2026-05-20T07:35:30.395+0000] {processor.py:208} INFO - Processing /opt/airflow/dags/submit_spark_dag.py took 0.082 seconds
[2026-05-20T07:36:04.414+0000] {processor.py:186} INFO - Started process (PID=43) to work on /opt/airflow/dags/submit_spark_dag.py
[2026-05-20T07:36:04.415+0000] {processor.py:914} INFO - Processing file /opt/airflow/dags/submit_spark_dag.py for tasks to queue
[2026-05-20T07:36:04.417+0000] {logging_mixin.py:190} INFO - [2026-05-20T07:36:04.417+0000] {dagbag.py:588} INFO - Filling up the DagBag from /opt/airflow/dags/submit_spark_dag.py
[2026-05-20T07:36:04.434+0000] {processor.py:925} INFO - DAG(s) 'hello_spark' retrieved from /opt/airflow/dags/submit_spark_dag.py
[2026-05-20T07:36:04.460+0000] {logging_mixin.py:190} INFO - [2026-05-20T07:36:04.460+0000] {dag.py:3239} INFO - Sync 1 DAGs
[2026-05-20T07:36:04.487+0000] {logging_mixin.py:190} INFO - [2026-05-20T07:36:04.487+0000] {dag.py:4180} INFO - Setting next_dagrun for hello_spark to 2026-05-19 00:00:00+00:00, run_after=2026-05-20 00:00:00+00:00
[2026-05-20T07:36:04.503+0000] {processor.py:208} INFO - Processing /opt/airflow/dags/submit_spark_dag.py took 0.096 seconds
[2026-05-20T07:36:34.778+0000] {processor.py:186} INFO - Started process (PID=53) to work on /opt/airflow/dags/submit_spark_dag.py
[2026-05-20T07:36:34.779+0000] {processor.py:914} INFO - Processing file /opt/airflow/dags/submit_spark_dag.py for tasks to queue
[2026-05-20T07:36:34.781+0000] {logging_mixin.py:190} INFO - [2026-05-20T07:36:34.781+0000] {dagbag.py:588} INFO - Filling up the DagBag from /opt/airflow/dags/submit_spark_dag.py
[2026-05-20T07:36:34.791+0000] {processor.py:925} INFO - DAG(s) 'hello_spark' retrieved from /opt/airflow/dags/submit_spark_dag.py
[2026-05-20T07:36:35.495+0000] {logging_mixin.py:190} INFO - [2026-05-20T07:36:35.494+0000] {dag.py:3239} INFO - Sync 1 DAGs
[2026-05-20T07:36:35.517+0000] {logging_mixin.py:190} INFO - [2026-05-20T07:36:35.517+0000] {dag.py:4180} INFO - Setting next_dagrun for hello_spark to 2026-05-19 00:00:00+00:00, run_after=2026-05-20 00:00:00+00:00
[2026-05-20T07:36:35.538+0000] {processor.py:208} INFO - Processing /opt/airflow/dags/submit_spark_dag.py took 0.765 seconds
[2026-05-20T07:37:06.094+0000] {processor.py:186} INFO - Started process (PID=67) to work on /opt/airflow/dags/submit_spark_dag.py
[2026-05-20T07:37:06.095+0000] {processor.py:914} INFO - Processing file /opt/airflow/dags/submit_spark_dag.py for tasks to queue
[2026-05-20T07:37:06.097+0000] {logging_mixin.py:190} INFO - [2026-05-20T07:37:06.097+0000] {dagbag.py:588} INFO - Filling up the DagBag from /opt/airflow/dags/submit_spark_dag.py
[2026-05-20T07:37:06.114+0000] {processor.py:925} INFO - DAG(s) 'hello_spark' retrieved from /opt/airflow/dags/submit_spark_dag.py
[2026-05-20T07:37:06.592+0000] {logging_mixin.py:190} INFO - [2026-05-20T07:37:06.592+0000] {dag.py:3239} INFO - Sync 1 DAGs
[2026-05-20T07:37:06.655+0000] {logging_mixin.py:190} INFO - [2026-05-20T07:37:06.654+0000] {dag.py:4180} INFO - Setting next_dagrun for hello_spark to 2026-05-19 00:00:00+00:00, run_after=2026-05-20 00:00:00+00:00
[2026-05-20T07:37:06.673+0000] {processor.py:208} INFO - Processing /opt/airflow/dags/submit_spark_dag.py took 0.584 seconds
[2026-05-20T07:37:37.427+0000] {processor.py:186} INFO - Started process (PID=79) to work on /opt/airflow/dags/submit_spark_dag.py
[2026-05-20T07:37:37.428+0000] {processor.py:914} INFO - Processing file /opt/airflow/dags/submit_spark_dag.py for tasks to queue
[2026-05-20T07:37:37.430+0000] {logging_mixin.py:190} INFO - [2026-05-20T07:37:37.430+0000] {dagbag.py:588} INFO - Filling up the DagBag from /opt/airflow/dags/submit_spark_dag.py
[2026-05-20T07:37:37.441+0000] {processor.py:925} INFO - DAG(s) 'hello_spark' retrieved from /opt/airflow/dags/submit_spark_dag.py
[2026-05-20T07:37:37.459+0000] {logging_mixin.py:190} INFO - [2026-05-20T07:37:37.458+0000] {dag.py:3239} INFO - Sync 1 DAGs
[2026-05-20T07:37:37.481+0000] {logging_mixin.py:190} INFO - [2026-05-20T07:37:37.481+0000] {dag.py:4180} INFO - Setting next_dagrun for hello_spark to 2026-05-19 00:00:00+00:00, run_after=2026-05-20 00:00:00+00:00
[2026-05-20T07:37:37.496+0000] {processor.py:208} INFO - Processing /opt/airflow/dags/submit_spark_dag.py took 0.073 seconds
[2026-05-20T07:38:07.877+0000] {processor.py:186} INFO - Started process (PID=89) to work on /opt/airflow/dags/submit_spark_dag.py
[2026-05-20T07:38:07.879+0000] {processor.py:914} INFO - Processing file /opt/airflow/dags/submit_spark_dag.py for tasks to queue
[2026-05-20T07:38:07.881+0000] {logging_mixin.py:190} INFO - [2026-05-20T07:38:07.881+0000] {dagbag.py:588} INFO - Filling up the DagBag from /opt/airflow/dags/submit_spark_dag.py
[2026-05-20T07:38:07.897+0000] {processor.py:925} INFO - DAG(s) 'hello_spark' retrieved from /opt/airflow/dags/submit_spark_dag.py
[2026-05-20T07:38:08.269+0000] {logging_mixin.py:190} INFO - [2026-05-20T07:38:08.267+0000] {dag.py:3239} INFO - Sync 1 DAGs
[2026-05-20T07:38:08.318+0000] {logging_mixin.py:190} INFO - [2026-05-20T07:38:08.318+0000] {dag.py:4180} INFO - Setting next_dagrun for hello_spark to 2026-05-19 00:00:00+00:00, run_after=2026-05-20 00:00:00+00:00
[2026-05-20T07:38:08.366+0000] {processor.py:208} INFO - Processing /opt/airflow/dags/submit_spark_dag.py took 0.494 seconds
[2026-05-20T07:38:38.766+0000] {processor.py:186} INFO - Started process (PID=101) to work on /opt/airflow/dags/submit_spark_dag.py
[2026-05-20T07:38:38.767+0000] {processor.py:914} INFO - Processing file /opt/airflow/dags/submit_spark_dag.py for tasks to queue
[2026-05-20T07:38:38.767+0000] {logging_mixin.py:190} INFO - [2026-05-20T07:38:38.767+0000] {dagbag.py:588} INFO - Filling up the DagBag from /opt/airflow/dags/submit_spark_dag.py
[2026-05-20T07:38:38.784+0000] {processor.py:925} INFO - DAG(s) 'hello_spark' retrieved from /opt/airflow/dags/submit_spark_dag.py
[2026-05-20T07:38:39.102+0000] {logging_mixin.py:190} INFO - [2026-05-20T07:38:39.102+0000] {dag.py:3239} INFO - Sync 1 DAGs
[2026-05-20T07:38:39.147+0000] {logging_mixin.py:190} INFO - [2026-05-20T07:38:39.146+0000] {dag.py:4180} INFO - Setting next_dagrun for hello_spark to 2026-05-19 00:00:00+00:00, run_after=2026-05-20 00:00:00+00:00
[2026-05-20T07:38:39.171+0000] {processor.py:208} INFO - Processing /opt/airflow/dags/submit_spark_dag.py took 0.418 seconds
[2026-05-20T07:39:10.544+0000] {processor.py:186} INFO - Started process (PID=119) to work on /opt/airflow/dags/submit_spark_dag.py
[2026-05-20T07:39:10.552+0000] {processor.py:914} INFO - Processing file /opt/airflow/dags/submit_spark_dag.py for tasks to queue
[2026-05-20T07:39:10.553+0000] {logging_mixin.py:190} INFO - [2026-05-20T07:39:10.553+0000] {dagbag.py:588} INFO - Filling up the DagBag from /opt/airflow/dags/submit_spark_dag.py
[2026-05-20T07:39:10.560+0000] {processor.py:925} INFO - DAG(s) 'hello_spark' retrieved from /opt/airflow/dags/submit_spark_dag.py
[2026-05-20T07:39:10.924+0000] {logging_mixin.py:190} INFO - [2026-05-20T07:39:10.924+0000] {dag.py:3239} INFO - Sync 1 DAGs
[2026-05-20T07:39:10.956+0000] {logging_mixin.py:190} INFO - [2026-05-20T07:39:10.956+0000] {dag.py:4180} INFO - Setting next_dagrun for hello_spark to 2026-05-19 00:00:00+00:00, run_after=2026-05-20 00:00:00+00:00
[2026-05-20T07:39:10.982+0000] {processor.py:208} INFO - Processing /opt/airflow/dags/submit_spark_dag.py took 0.443 seconds
[2026-05-20T07:39:41.362+0000] {processor.py:186} INFO - Started process (PID=131) to work on /opt/airflow/dags/submit_spark_dag.py
[2026-05-20T07:39:41.365+0000] {processor.py:914} INFO - Processing file /opt/airflow/dags/submit_spark_dag.py for tasks to queue
[2026-05-20T07:39:41.368+0000] {logging_mixin.py:190} INFO - [2026-05-20T07:39:41.368+0000] {dagbag.py:588} INFO - Filling up the DagBag from /opt/airflow/dags/submit_spark_dag.py
[2026-05-20T07:39:41.383+0000] {processor.py:925} INFO - DAG(s) 'hello_spark' retrieved from /opt/airflow/dags/submit_spark_dag.py
[2026-05-20T07:39:41.421+0000] {logging_mixin.py:190} INFO - [2026-05-20T07:39:41.421+0000] {dag.py:3239} INFO - Sync 1 DAGs
[2026-05-20T07:39:41.463+0000] {logging_mixin.py:190} INFO - [2026-05-20T07:39:41.461+0000] {dag.py:4180} INFO - Setting next_dagrun for hello_spark to 2026-05-19 00:00:00+00:00, run_after=2026-05-20 00:00:00+00:00
[2026-05-20T07:39:41.502+0000] {processor.py:208} INFO - Processing /opt/airflow/dags/submit_spark_dag.py took 0.149 seconds
[2026-05-20T07:40:12.280+0000] {processor.py:186} INFO - Started process (PID=143) to work on /opt/airflow/dags/submit_spark_dag.py
[2026-05-20T07:40:12.284+0000] {processor.py:914} INFO - Processing file /opt/airflow/dags/submit_spark_dag.py for tasks to queue
[2026-05-20T07:40:12.287+0000] {logging_mixin.py:190} INFO - [2026-05-20T07:40:12.286+0000] {dagbag.py:588} INFO - Filling up the DagBag from /opt/airflow/dags/submit_spark_dag.py
[2026-05-20T07:40:12.310+0000] {processor.py:925} INFO - DAG(s) 'hello_spark' retrieved from /opt/airflow/dags/submit_spark_dag.py
[2026-05-20T07:40:12.351+0000] {logging_mixin.py:190} INFO - [2026-05-20T07:40:12.351+0000] {dag.py:3239} INFO - Sync 1 DAGs
[2026-05-20T07:40:12.388+0000] {logging_mixin.py:190} INFO - [2026-05-20T07:40:12.388+0000] {dag.py:4180} INFO - Setting next_dagrun for hello_spark to 2026-05-19 00:00:00+00:00, run_after=2026-05-20 00:00:00+00:00
[2026-05-20T07:40:12.417+0000] {processor.py:208} INFO - Processing /opt/airflow/dags/submit_spark_dag.py took 0.179 seconds
[2026-05-20T07:40:42.803+0000] {processor.py:186} INFO - Started process (PID=153) to work on /opt/airflow/dags/submit_spark_dag.py
[2026-05-20T07:40:42.803+0000] {processor.py:914} INFO - Processing file /opt/airflow/dags/submit_spark_dag.py for tasks to queue
[2026-05-20T07:40:42.805+0000] {logging_mixin.py:190} INFO - [2026-05-20T07:40:42.804+0000] {dagbag.py:588} INFO - Filling up the DagBag from /opt/airflow/dags/submit_spark_dag.py
[2026-05-20T07:40:42.811+0000] {processor.py:925} INFO - DAG(s) 'hello_spark' retrieved from /opt/airflow/dags/submit_spark_dag.py
[2026-05-20T07:40:43.260+0000] {logging_mixin.py:190} INFO - [2026-05-20T07:40:43.260+0000] {dag.py:3239} INFO - Sync 1 DAGs
[2026-05-20T07:40:43.279+0000] {logging_mixin.py:190} INFO - [2026-05-20T07:40:43.279+0000] {dag.py:4180} INFO - Setting next_dagrun for hello_spark to 2026-05-19 00:00:00+00:00, run_after=2026-05-20 00:00:00+00:00
[2026-05-20T07:40:43.311+0000] {processor.py:208} INFO - Processing /opt/airflow/dags/submit_spark_dag.py took 0.512 seconds
[2026-05-20T07:41:13.860+0000] {processor.py:186} INFO - Started process (PID=166) to work on /opt/airflow/dags/submit_spark_dag.py
[2026-05-20T07:41:13.861+0000] {processor.py:914} INFO - Processing file /opt/airflow/dags/submit_spark_dag.py for tasks to queue
[2026-05-20T07:41:13.862+0000] {logging_mixin.py:190} INFO - [2026-05-20T07:41:13.862+0000] {dagbag.py:588} INFO - Filling up the DagBag from /opt/airflow/dags/submit_spark_dag.py
[2026-05-20T07:41:13.875+0000] {processor.py:925} INFO - DAG(s) 'hello_spark' retrieved from /opt/airflow/dags/submit_spark_dag.py
[2026-05-20T07:41:13.899+0000] {logging_mixin.py:190} INFO - [2026-05-20T07:41:13.899+0000] {dag.py:3239} INFO - Sync 1 DAGs
[2026-05-20T07:41:13.923+0000] {logging_mixin.py:190} INFO - [2026-05-20T07:41:13.923+0000] {dag.py:4180} INFO - Setting next_dagrun for hello_spark to 2026-05-19 00:00:00+00:00, run_after=2026-05-20 00:00:00+00:00
[2026-05-20T07:41:13.942+0000] {processor.py:208} INFO - Processing /opt/airflow/dags/submit_spark_dag.py took 0.094 seconds
[2026-05-20T07:41:44.712+0000] {processor.py:186} INFO - Started process (PID=178) to work on /opt/airflow/dags/submit_spark_dag.py
[2026-05-20T07:41:44.712+0000] {processor.py:914} INFO - Processing file /opt/airflow/dags/submit_spark_dag.py for tasks to queue
[2026-05-20T07:41:44.714+0000] {logging_mixin.py:190} INFO - [2026-05-20T07:41:44.714+0000] {dagbag.py:588} INFO - Filling up the DagBag from /opt/airflow/dags/submit_spark_dag.py
[2026-05-20T07:41:44.723+0000] {processor.py:925} INFO - DAG(s) 'hello_spark' retrieved from /opt/airflow/dags/submit_spark_dag.py
[2026-05-20T07:41:44.741+0000] {logging_mixin.py:190} INFO - [2026-05-20T07:41:44.740+0000] {dag.py:3239} INFO - Sync 1 DAGs
[2026-05-20T07:41:44.764+0000] {logging_mixin.py:190} INFO - [2026-05-20T07:41:44.764+0000] {dag.py:4180} INFO - Setting next_dagrun for hello_spark to 2026-05-19 00:00:00+00:00, run_after=2026-05-20 00:00:00+00:00
[2026-05-20T07:41:44.789+0000] {processor.py:208} INFO - Processing /opt/airflow/dags/submit_spark_dag.py took 0.082 seconds
[2026-05-20T07:42:15.022+0000] {processor.py:186} INFO - Started process (PID=190) to work on /opt/airflow/dags/submit_spark_dag.py
[2026-05-20T07:42:15.023+0000] {processor.py:914} INFO - Processing file /opt/airflow/dags/submit_spark_dag.py for tasks to queue
[2026-05-20T07:42:15.024+0000] {logging_mixin.py:190} INFO - [2026-05-20T07:42:15.024+0000] {dagbag.py:588} INFO - Filling up the DagBag from /opt/airflow/dags/submit_spark_dag.py
[2026-05-20T07:42:15.031+0000] {processor.py:925} INFO - DAG(s) 'hello_spark' retrieved from /opt/airflow/dags/submit_spark_dag.py
[2026-05-20T07:42:15.049+0000] {logging_mixin.py:190} INFO - [2026-05-20T07:42:15.049+0000] {dag.py:3239} INFO - Sync 1 DAGs
[2026-05-20T07:42:15.069+0000] {logging_mixin.py:190} INFO - [2026-05-20T07:42:15.069+0000] {dag.py:4180} INFO - Setting next_dagrun for hello_spark to 2026-05-19 00:00:00+00:00, run_after=2026-05-20 00:00:00+00:00
[2026-05-20T07:42:15.083+0000] {processor.py:208} INFO - Processing /opt/airflow/dags/submit_spark_dag.py took 0.066 seconds
[2026-05-20T07:42:45.404+0000] {processor.py:186} INFO - Started process (PID=202) to work on /opt/airflow/dags/submit_spark_dag.py
[2026-05-20T07:42:45.405+0000] {processor.py:914} INFO - Processing file /opt/airflow/dags/submit_spark_dag.py for tasks to queue
[2026-05-20T07:42:45.407+0000] {logging_mixin.py:190} INFO - [2026-05-20T07:42:45.406+0000] {dagbag.py:588} INFO - Filling up the DagBag from /opt/airflow/dags/submit_spark_dag.py
[2026-05-20T07:42:45.420+0000] {processor.py:925} INFO - DAG(s) 'hello_spark' retrieved from /opt/airflow/dags/submit_spark_dag.py
[2026-05-20T07:42:45.463+0000] {logging_mixin.py:190} INFO - [2026-05-20T07:42:45.463+0000] {dag.py:3239} INFO - Sync 1 DAGs
[2026-05-20T07:42:45.491+0000] {logging_mixin.py:190} INFO - [2026-05-20T07:42:45.491+0000] {dag.py:4180} INFO - Setting next_dagrun for hello_spark to 2026-05-19 00:00:00+00:00, run_after=2026-05-20 00:00:00+00:00
[2026-05-20T07:42:45.505+0000] {processor.py:208} INFO - Processing /opt/airflow/dags/submit_spark_dag.py took 0.119 seconds
[2026-05-20T07:43:15.776+0000] {processor.py:186} INFO - Started process (PID=214) to work on /opt/airflow/dags/submit_spark_dag.py
[2026-05-20T07:43:15.777+0000] {processor.py:914} INFO - Processing file /opt/airflow/dags/submit_spark_dag.py for tasks to queue
[2026-05-20T07:43:15.780+0000] {logging_mixin.py:190} INFO - [2026-05-20T07:43:15.778+0000] {dagbag.py:588} INFO - Filling up the DagBag from /opt/airflow/dags/submit_spark_dag.py
[2026-05-20T07:43:15.793+0000] {processor.py:925} INFO - DAG(s) 'hello_spark' retrieved from /opt/airflow/dags/submit_spark_dag.py
[2026-05-20T07:43:15.830+0000] {logging_mixin.py:190} INFO - [2026-05-20T07:43:15.830+0000] {dag.py:3239} INFO - Sync 1 DAGs
[2026-05-20T07:43:15.865+0000] {logging_mixin.py:190} INFO - [2026-05-20T07:43:15.865+0000] {dag.py:4180} INFO - Setting next_dagrun for hello_spark to 2026-05-19 00:00:00+00:00, run_after=2026-05-20 00:00:00+00:00
[2026-05-20T07:43:15.892+0000] {processor.py:208} INFO - Processing /opt/airflow/dags/submit_spark_dag.py took 0.122 seconds
[2026-05-20T07:43:46.287+0000] {processor.py:186} INFO - Started process (PID=225) to work on /opt/airflow/dags/submit_spark_dag.py
[2026-05-20T07:43:46.288+0000] {processor.py:914} INFO - Processing file /opt/airflow/dags/submit_spark_dag.py for tasks to queue
[2026-05-20T07:43:46.290+0000] {logging_mixin.py:190} INFO - [2026-05-20T07:43:46.290+0000] {dagbag.py:588} INFO - Filling up the DagBag from /opt/airflow/dags/submit_spark_dag.py
[2026-05-20T07:43:46.306+0000] {processor.py:925} INFO - DAG(s) 'hello_spark' retrieved from /opt/airflow/dags/submit_spark_dag.py
[2026-05-20T07:43:46.778+0000] {logging_mixin.py:190} INFO - [2026-05-20T07:43:46.778+0000] {dag.py:3239} INFO - Sync 1 DAGs
[2026-05-20T07:43:46.799+0000] {logging_mixin.py:190} INFO - [2026-05-20T07:43:46.799+0000] {dag.py:4180} INFO - Setting next_dagrun for hello_spark to 2026-05-19 00:00:00+00:00, run_after=2026-05-20 00:00:00+00:00
[2026-05-20T07:43:46.813+0000] {processor.py:208} INFO - Processing /opt/airflow/dags/submit_spark_dag.py took 0.534 seconds
[2026-05-20T07:44:17.459+0000] {processor.py:186} INFO - Started process (PID=238) to work on /opt/airflow/dags/submit_spark_dag.py
[2026-05-20T07:44:17.460+0000] {processor.py:914} INFO - Processing file /opt/airflow/dags/submit_spark_dag.py for tasks to queue
[2026-05-20T07:44:17.461+0000] {logging_mixin.py:190} INFO - [2026-05-20T07:44:17.461+0000] {dagbag.py:588} INFO - Filling up the DagBag from /opt/airflow/dags/submit_spark_dag.py
[2026-05-20T07:44:17.469+0000] {processor.py:925} INFO - DAG(s) 'hello_spark' retrieved from /opt/airflow/dags/submit_spark_dag.py
[2026-05-20T07:44:17.487+0000] {logging_mixin.py:190} INFO - [2026-05-20T07:44:17.487+0000] {dag.py:3239} INFO - Sync 1 DAGs
[2026-05-20T07:44:17.505+0000] {logging_mixin.py:190} INFO - [2026-05-20T07:44:17.505+0000] {dag.py:4180} INFO - Setting next_dagrun for hello_spark to 2026-05-19 00:00:00+00:00, run_after=2026-05-20 00:00:00+00:00
[2026-05-20T07:44:17.519+0000] {processor.py:208} INFO - Processing /opt/airflow/dags/submit_spark_dag.py took 0.064 seconds
[2026-05-20T07:45:02.083+0000] {processor.py:186} INFO - Started process (PID=57) to work on /opt/airflow/dags/submit_spark_dag.py
[2026-05-20T07:45:02.084+0000] {processor.py:914} INFO - Processing file /opt/airflow/dags/submit_spark_dag.py for tasks to queue
[2026-05-20T07:45:02.092+0000] {logging_mixin.py:190} INFO - [2026-05-20T07:45:02.089+0000] {dagbag.py:588} INFO - Filling up the DagBag from /opt/airflow/dags/submit_spark_dag.py
[2026-05-20T07:45:02.112+0000] {processor.py:925} INFO - DAG(s) 'hello_spark' retrieved from /opt/airflow/dags/submit_spark_dag.py
[2026-05-20T07:45:02.162+0000] {logging_mixin.py:190} INFO - [2026-05-20T07:45:02.162+0000] {dag.py:3239} INFO - Sync 1 DAGs
[2026-05-20T07:45:02.218+0000] {logging_mixin.py:190} INFO - [2026-05-20T07:45:02.218+0000] {dag.py:4180} INFO - Setting next_dagrun for hello_spark to 2026-05-19 00:00:00+00:00, run_after=2026-05-20 00:00:00+00:00
[2026-05-20T07:45:02.268+0000] {processor.py:208} INFO - Processing /opt/airflow/dags/submit_spark_dag.py took 0.201 seconds
[2026-05-20T07:45:32.951+0000] {processor.py:186} INFO - Started process (PID=69) to work on /opt/airflow/dags/submit_spark_dag.py
[2026-05-20T07:45:32.952+0000] {processor.py:914} INFO - Processing file /opt/airflow/dags/submit_spark_dag.py for tasks to queue
[2026-05-20T07:45:32.954+0000] {logging_mixin.py:190} INFO - [2026-05-20T07:45:32.953+0000] {dagbag.py:588} INFO - Filling up the DagBag from /opt/airflow/dags/submit_spark_dag.py
[2026-05-20T07:45:32.960+0000] {processor.py:925} INFO - DAG(s) 'hello_spark' retrieved from /opt/airflow/dags/submit_spark_dag.py
[2026-05-20T07:45:32.977+0000] {logging_mixin.py:190} INFO - [2026-05-20T07:45:32.977+0000] {dag.py:3239} INFO - Sync 1 DAGs
[2026-05-20T07:45:32.994+0000] {logging_mixin.py:190} INFO - [2026-05-20T07:45:32.994+0000] {dag.py:4180} INFO - Setting next_dagrun for hello_spark to 2026-05-19 00:00:00+00:00, run_after=2026-05-20 00:00:00+00:00
[2026-05-20T07:45:33.005+0000] {processor.py:208} INFO - Processing /opt/airflow/dags/submit_spark_dag.py took 0.058 seconds
[2026-05-20T07:46:03.523+0000] {processor.py:186} INFO - Started process (PID=81) to work on /opt/airflow/dags/submit_spark_dag.py
[2026-05-20T07:46:03.524+0000] {processor.py:914} INFO - Processing file /opt/airflow/dags/submit_spark_dag.py for tasks to queue
[2026-05-20T07:46:03.526+0000] {logging_mixin.py:190} INFO - [2026-05-20T07:46:03.526+0000] {dagbag.py:588} INFO - Filling up the DagBag from /opt/airflow/dags/submit_spark_dag.py
[2026-05-20T07:46:03.533+0000] {processor.py:925} INFO - DAG(s) 'hello_spark' retrieved from /opt/airflow/dags/submit_spark_dag.py
[2026-05-20T07:46:03.551+0000] {logging_mixin.py:190} INFO - [2026-05-20T07:46:03.551+0000] {dag.py:3239} INFO - Sync 1 DAGs
[2026-05-20T07:46:03.590+0000] {logging_mixin.py:190} INFO - [2026-05-20T07:46:03.590+0000] {dag.py:4180} INFO - Setting next_dagrun for hello_spark to 2026-05-19 00:00:00+00:00, run_after=2026-05-20 00:00:00+00:00
[2026-05-20T07:46:03.604+0000] {processor.py:208} INFO - Processing /opt/airflow/dags/submit_spark_dag.py took 0.085 seconds
[2026-05-20T07:46:34.101+0000] {processor.py:186} INFO - Started process (PID=93) to work on /opt/airflow/dags/submit_spark_dag.py
[2026-05-20T07:46:34.101+0000] {processor.py:914} INFO - Processing file /opt/airflow/dags/submit_spark_dag.py for tasks to queue
[2026-05-20T07:46:34.103+0000] {logging_mixin.py:190} INFO - [2026-05-20T07:46:34.102+0000] {dagbag.py:588} INFO - Filling up the DagBag from /opt/airflow/dags/submit_spark_dag.py
[2026-05-20T07:46:34.111+0000] {processor.py:925} INFO - DAG(s) 'hello_spark' retrieved from /opt/airflow/dags/submit_spark_dag.py
[2026-05-20T07:46:34.133+0000] {logging_mixin.py:190} INFO - [2026-05-20T07:46:34.133+0000] {dag.py:3239} INFO - Sync 1 DAGs
[2026-05-20T07:46:34.153+0000] {logging_mixin.py:190} INFO - [2026-05-20T07:46:34.153+0000] {dag.py:4180} INFO - Setting next_dagrun for hello_spark to 2026-05-19 00:00:00+00:00, run_after=2026-05-20 00:00:00+00:00
[2026-05-20T07:46:34.168+0000] {processor.py:208} INFO - Processing /opt/airflow/dags/submit_spark_dag.py took 0.077 seconds
[2026-05-20T07:47:04.656+0000] {processor.py:186} INFO - Started process (PID=105) to work on /opt/airflow/dags/submit_spark_dag.py
[2026-05-20T07:47:04.657+0000] {processor.py:914} INFO - Processing file /opt/airflow/dags/submit_spark_dag.py for tasks to queue
[2026-05-20T07:47:04.658+0000] {logging_mixin.py:190} INFO - [2026-05-20T07:47:04.658+0000] {dagbag.py:588} INFO - Filling up the DagBag from /opt/airflow/dags/submit_spark_dag.py
[2026-05-20T07:47:04.665+0000] {processor.py:925} INFO - DAG(s) 'hello_spark' retrieved from /opt/airflow/dags/submit_spark_dag.py
[2026-05-20T07:47:04.681+0000] {logging_mixin.py:190} INFO - [2026-05-20T07:47:04.681+0000] {dag.py:3239} INFO - Sync 1 DAGs
[2026-05-20T07:47:04.698+0000] {logging_mixin.py:190} INFO - [2026-05-20T07:47:04.698+0000] {dag.py:4180} INFO - Setting next_dagrun for hello_spark to 2026-05-19 00:00:00+00:00, run_after=2026-05-20 00:00:00+00:00
[2026-05-20T07:47:04.712+0000] {processor.py:208} INFO - Processing /opt/airflow/dags/submit_spark_dag.py took 0.060 seconds
[2026-05-20T07:47:35.234+0000] {processor.py:186} INFO - Started process (PID=117) to work on /opt/airflow/dags/submit_spark_dag.py
[2026-05-20T07:47:35.234+0000] {processor.py:914} INFO - Processing file /opt/airflow/dags/submit_spark_dag.py for tasks to queue
[2026-05-20T07:47:35.241+0000] {logging_mixin.py:190} INFO - [2026-05-20T07:47:35.241+0000] {dagbag.py:588} INFO - Filling up the DagBag from /opt/airflow/dags/submit_spark_dag.py
[2026-05-20T07:47:35.261+0000] {processor.py:925} INFO - DAG(s) 'hello_spark' retrieved from /opt/airflow/dags/submit_spark_dag.py
[2026-05-20T07:47:35.296+0000] {logging_mixin.py:190} INFO - [2026-05-20T07:47:35.296+0000] {dag.py:3239} INFO - Sync 1 DAGs
[2026-05-20T07:47:35.335+0000] {logging_mixin.py:190} INFO - [2026-05-20T07:47:35.335+0000] {dag.py:4180} INFO - Setting next_dagrun for hello_spark to 2026-05-19 00:00:00+00:00, run_after=2026-05-20 00:00:00+00:00
[2026-05-20T07:47:35.362+0000] {processor.py:208} INFO - Processing /opt/airflow/dags/submit_spark_dag.py took 0.143 seconds
[2026-05-20T07:48:05.976+0000] {processor.py:186} INFO - Started process (PID=129) to work on /opt/airflow/dags/submit_spark_dag.py
[2026-05-20T07:48:05.977+0000] {processor.py:914} INFO - Processing file /opt/airflow/dags/submit_spark_dag.py for tasks to queue
[2026-05-20T07:48:05.979+0000] {logging_mixin.py:190} INFO - [2026-05-20T07:48:05.979+0000] {dagbag.py:588} INFO - Filling up the DagBag from /opt/airflow/dags/submit_spark_dag.py
[2026-05-20T07:48:05.986+0000] {processor.py:925} INFO - DAG(s) 'hello_spark' retrieved from /opt/airflow/dags/submit_spark_dag.py
[2026-05-20T07:48:06.007+0000] {logging_mixin.py:190} INFO - [2026-05-20T07:48:06.006+0000] {dag.py:3239} INFO - Sync 1 DAGs
[2026-05-20T07:48:06.029+0000] {logging_mixin.py:190} INFO - [2026-05-20T07:48:06.029+0000] {dag.py:4180} INFO - Setting next_dagrun for hello_spark to 2026-05-19 00:00:00+00:00, run_after=2026-05-20 00:00:00+00:00
[2026-05-20T07:48:06.043+0000] {processor.py:208} INFO - Processing /opt/airflow/dags/submit_spark_dag.py took 0.073 seconds
[2026-05-20T07:48:36.552+0000] {processor.py:186} INFO - Started process (PID=147) to work on /opt/airflow/dags/submit_spark_dag.py
[2026-05-20T07:48:36.554+0000] {processor.py:914} INFO - Processing file /opt/airflow/dags/submit_spark_dag.py for tasks to queue
[2026-05-20T07:48:36.555+0000] {logging_mixin.py:190} INFO - [2026-05-20T07:48:36.555+0000] {dagbag.py:588} INFO - Filling up the DagBag from /opt/airflow/dags/submit_spark_dag.py
[2026-05-20T07:48:36.571+0000] {processor.py:925} INFO - DAG(s) 'hello_spark' retrieved from /opt/airflow/dags/submit_spark_dag.py
[2026-05-20T07:48:36.586+0000] {logging_mixin.py:190} INFO - [2026-05-20T07:48:36.586+0000] {dag.py:3239} INFO - Sync 1 DAGs
[2026-05-20T07:48:36.602+0000] {logging_mixin.py:190} INFO - [2026-05-20T07:48:36.602+0000] {dag.py:4180} INFO - Setting next_dagrun for hello_spark to 2026-05-19 00:00:00+00:00, run_after=2026-05-20 00:00:00+00:00
[2026-05-20T07:48:36.615+0000] {processor.py:208} INFO - Processing /opt/airflow/dags/submit_spark_dag.py took 0.071 seconds
[2026-05-20T07:49:07.110+0000] {processor.py:186} INFO - Started process (PID=159) to work on /opt/airflow/dags/submit_spark_dag.py
[2026-05-20T07:49:07.111+0000] {processor.py:914} INFO - Processing file /opt/airflow/dags/submit_spark_dag.py for tasks to queue
[2026-05-20T07:49:07.113+0000] {logging_mixin.py:190} INFO - [2026-05-20T07:49:07.113+0000] {dagbag.py:588} INFO - Filling up the DagBag from /opt/airflow/dags/submit_spark_dag.py
[2026-05-20T07:49:07.126+0000] {processor.py:925} INFO - DAG(s) 'hello_spark' retrieved from /opt/airflow/dags/submit_spark_dag.py
[2026-05-20T07:49:07.164+0000] {logging_mixin.py:190} INFO - [2026-05-20T07:49:07.164+0000] {dag.py:3239} INFO - Sync 1 DAGs
[2026-05-20T07:49:07.205+0000] {logging_mixin.py:190} INFO - [2026-05-20T07:49:07.205+0000] {dag.py:4180} INFO - Setting next_dagrun for hello_spark to 2026-05-19 00:00:00+00:00, run_after=2026-05-20 00:00:00+00:00
[2026-05-20T07:49:07.219+0000] {processor.py:208} INFO - Processing /opt/airflow/dags/submit_spark_dag.py took 0.121 seconds
[2026-05-20T07:49:37.746+0000] {processor.py:186} INFO - Started process (PID=171) to work on /opt/airflow/dags/submit_spark_dag.py
[2026-05-20T07:49:37.747+0000] {processor.py:914} INFO - Processing file /opt/airflow/dags/submit_spark_dag.py for tasks to queue
[2026-05-20T07:49:37.749+0000] {logging_mixin.py:190} INFO - [2026-05-20T07:49:37.748+0000] {dagbag.py:588} INFO - Filling up the DagBag from /opt/airflow/dags/submit_spark_dag.py
[2026-05-20T07:49:37.756+0000] {processor.py:925} INFO - DAG(s) 'hello_spark' retrieved from /opt/airflow/dags/submit_spark_dag.py
[2026-05-20T07:49:37.776+0000] {logging_mixin.py:190} INFO - [2026-05-20T07:49:37.775+0000] {dag.py:3239} INFO - Sync 1 DAGs
[2026-05-20T07:49:37.793+0000] {logging_mixin.py:190} INFO - [2026-05-20T07:49:37.793+0000] {dag.py:4180} INFO - Setting next_dagrun for hello_spark to 2026-05-19 00:00:00+00:00, run_after=2026-05-20 00:00:00+00:00
[2026-05-20T07:49:37.805+0000] {processor.py:208} INFO - Processing /opt/airflow/dags/submit_spark_dag.py took 0.063 seconds
[2026-05-20T07:50:08.664+0000] {processor.py:186} INFO - Started process (PID=182) to work on /opt/airflow/dags/submit_spark_dag.py
[2026-05-20T07:50:08.668+0000] {processor.py:914} INFO - Processing file /opt/airflow/dags/submit_spark_dag.py for tasks to queue
[2026-05-20T07:50:08.672+0000] {logging_mixin.py:190} INFO - [2026-05-20T07:50:08.671+0000] {dagbag.py:588} INFO - Filling up the DagBag from /opt/airflow/dags/submit_spark_dag.py
[2026-05-20T07:50:08.703+0000] {processor.py:925} INFO - DAG(s) 'hello_spark' retrieved from /opt/airflow/dags/submit_spark_dag.py
[2026-05-20T07:50:08.741+0000] {logging_mixin.py:190} INFO - [2026-05-20T07:50:08.741+0000] {dag.py:3239} INFO - Sync 1 DAGs
[2026-05-20T07:50:08.772+0000] {logging_mixin.py:190} INFO - [2026-05-20T07:50:08.772+0000] {dag.py:4180} INFO - Setting next_dagrun for hello_spark to 2026-05-19 00:00:00+00:00, run_after=2026-05-20 00:00:00+00:00
[2026-05-20T07:50:08.790+0000] {processor.py:208} INFO - Processing /opt/airflow/dags/submit_spark_dag.py took 0.143 seconds
[2026-05-20T07:50:39.449+0000] {processor.py:186} INFO - Started process (PID=194) to work on /opt/airflow/dags/submit_spark_dag.py
[2026-05-20T07:50:39.456+0000] {processor.py:914} INFO - Processing file /opt/airflow/dags/submit_spark_dag.py for tasks to queue
[2026-05-20T07:50:39.457+0000] {logging_mixin.py:190} INFO - [2026-05-20T07:50:39.457+0000] {dagbag.py:588} INFO - Filling up the DagBag from /opt/airflow/dags/submit_spark_dag.py
[2026-05-20T07:50:39.465+0000] {processor.py:925} INFO - DAG(s) 'hello_spark' retrieved from /opt/airflow/dags/submit_spark_dag.py
[2026-05-20T07:50:39.485+0000] {logging_mixin.py:190} INFO - [2026-05-20T07:50:39.484+0000] {dag.py:3239} INFO - Sync 1 DAGs
[2026-05-20T07:50:39.505+0000] {logging_mixin.py:190} INFO - [2026-05-20T07:50:39.505+0000] {dag.py:4180} INFO - Setting next_dagrun for hello_spark to 2026-05-19 00:00:00+00:00, run_after=2026-05-20 00:00:00+00:00
[2026-05-20T07:50:39.530+0000] {processor.py:208} INFO - Processing /opt/airflow/dags/submit_spark_dag.py took 0.086 seconds
[2026-05-20T07:51:09.907+0000] {processor.py:186} INFO - Started process (PID=204) to work on /opt/airflow/dags/submit_spark_dag.py
[2026-05-20T07:51:09.909+0000] {processor.py:914} INFO - Processing file /opt/airflow/dags/submit_spark_dag.py for tasks to queue
[2026-05-20T07:51:09.914+0000] {logging_mixin.py:190} INFO - [2026-05-20T07:51:09.913+0000] {dagbag.py:588} INFO - Filling up the DagBag from /opt/airflow/dags/submit_spark_dag.py
[2026-05-20T07:51:09.936+0000] {processor.py:925} INFO - DAG(s) 'hello_spark' retrieved from /opt/airflow/dags/submit_spark_dag.py
[2026-05-20T07:51:09.967+0000] {logging_mixin.py:190} INFO - [2026-05-20T07:51:09.966+0000] {dag.py:3239} INFO - Sync 1 DAGs
[2026-05-20T07:51:09.990+0000] {logging_mixin.py:190} INFO - [2026-05-20T07:51:09.990+0000] {dag.py:4180} INFO - Setting next_dagrun for hello_spark to 2026-05-19 00:00:00+00:00, run_after=2026-05-20 00:00:00+00:00
[2026-05-20T07:51:10.026+0000] {processor.py:208} INFO - Processing /opt/airflow/dags/submit_spark_dag.py took 0.125 seconds
[2026-05-20T07:51:40.413+0000] {processor.py:186} INFO - Started process (PID=216) to work on /opt/airflow/dags/submit_spark_dag.py
[2026-05-20T07:51:40.415+0000] {processor.py:914} INFO - Processing file /opt/airflow/dags/submit_spark_dag.py for tasks to queue
[2026-05-20T07:51:40.423+0000] {logging_mixin.py:190} INFO - [2026-05-20T07:51:40.423+0000] {dagbag.py:588} INFO - Filling up the DagBag from /opt/airflow/dags/submit_spark_dag.py
[2026-05-20T07:51:40.479+0000] {processor.py:925} INFO - DAG(s) 'hello_spark' retrieved from /opt/airflow/dags/submit_spark_dag.py
[2026-05-20T07:51:40.498+0000] {logging_mixin.py:190} INFO - [2026-05-20T07:51:40.498+0000] {dag.py:3239} INFO - Sync 1 DAGs
[2026-05-20T07:51:40.517+0000] {logging_mixin.py:190} INFO - [2026-05-20T07:51:40.517+0000] {dag.py:4180} INFO - Setting next_dagrun for hello_spark to 2026-05-19 00:00:00+00:00, run_after=2026-05-20 00:00:00+00:00
[2026-05-20T07:51:40.538+0000] {processor.py:208} INFO - Processing /opt/airflow/dags/submit_spark_dag.py took 0.133 seconds
[2026-05-20T07:52:11.016+0000] {processor.py:186} INFO - Started process (PID=228) to work on /opt/airflow/dags/submit_spark_dag.py
[2026-05-20T07:52:11.018+0000] {processor.py:914} INFO - Processing file /opt/airflow/dags/submit_spark_dag.py for tasks to queue
[2026-05-20T07:52:11.020+0000] {logging_mixin.py:190} INFO - [2026-05-20T07:52:11.020+0000] {dagbag.py:588} INFO - Filling up the DagBag from /opt/airflow/dags/submit_spark_dag.py
[2026-05-20T07:52:11.030+0000] {processor.py:925} INFO - DAG(s) 'hello_spark' retrieved from /opt/airflow/dags/submit_spark_dag.py
[2026-05-20T07:52:11.058+0000] {logging_mixin.py:190} INFO - [2026-05-20T07:52:11.058+0000] {dag.py:3239} INFO - Sync 1 DAGs
[2026-05-20T07:52:11.103+0000] {logging_mixin.py:190} INFO - [2026-05-20T07:52:11.103+0000] {dag.py:4180} INFO - Setting next_dagrun for hello_spark to 2026-05-19 00:00:00+00:00, run_after=2026-05-20 00:00:00+00:00
[2026-05-20T07:52:11.192+0000] {processor.py:208} INFO - Processing /opt/airflow/dags/submit_spark_dag.py took 0.181 seconds
[2026-05-20T07:52:41.712+0000] {processor.py:186} INFO - Started process (PID=239) to work on /opt/airflow/dags/submit_spark_dag.py
[2026-05-20T07:52:41.716+0000] {processor.py:914} INFO - Processing file /opt/airflow/dags/submit_spark_dag.py for tasks to queue
[2026-05-20T07:52:41.721+0000] {logging_mixin.py:190} INFO - [2026-05-20T07:52:41.719+0000] {dagbag.py:588} INFO - Filling up the DagBag from /opt/airflow/dags/submit_spark_dag.py
[2026-05-20T07:52:41.742+0000] {processor.py:925} INFO - DAG(s) 'hello_spark' retrieved from /opt/airflow/dags/submit_spark_dag.py
[2026-05-20T07:52:41.810+0000] {logging_mixin.py:190} INFO - [2026-05-20T07:52:41.810+0000] {dag.py:3239} INFO - Sync 1 DAGs
[2026-05-20T07:52:41.866+0000] {logging_mixin.py:190} INFO - [2026-05-20T07:52:41.866+0000] {dag.py:4180} INFO - Setting next_dagrun for hello_spark to 2026-05-19 00:00:00+00:00, run_after=2026-05-20 00:00:00+00:00
[2026-05-20T07:52:41.903+0000] {processor.py:208} INFO - Processing /opt/airflow/dags/submit_spark_dag.py took 0.202 seconds
[2026-05-20T07:53:12.506+0000] {processor.py:186} INFO - Started process (PID=251) to work on /opt/airflow/dags/submit_spark_dag.py
[2026-05-20T07:53:12.508+0000] {processor.py:914} INFO - Processing file /opt/airflow/dags/submit_spark_dag.py for tasks to queue
[2026-05-20T07:53:12.510+0000] {logging_mixin.py:190} INFO - [2026-05-20T07:53:12.509+0000] {dagbag.py:588} INFO - Filling up the DagBag from /opt/airflow/dags/submit_spark_dag.py
[2026-05-20T07:53:12.521+0000] {processor.py:925} INFO - DAG(s) 'hello_spark' retrieved from /opt/airflow/dags/submit_spark_dag.py
[2026-05-20T07:53:12.591+0000] {logging_mixin.py:190} INFO - [2026-05-20T07:53:12.591+0000] {dag.py:3239} INFO - Sync 1 DAGs
[2026-05-20T07:53:12.626+0000] {logging_mixin.py:190} INFO - [2026-05-20T07:53:12.626+0000] {dag.py:4180} INFO - Setting next_dagrun for hello_spark to 2026-05-19 00:00:00+00:00, run_after=2026-05-20 00:00:00+00:00
[2026-05-20T07:53:12.655+0000] {processor.py:208} INFO - Processing /opt/airflow/dags/submit_spark_dag.py took 0.155 seconds
[2026-05-20T07:53:42.841+0000] {processor.py:186} INFO - Started process (PID=263) to work on /opt/airflow/dags/submit_spark_dag.py
[2026-05-20T07:53:42.842+0000] {processor.py:914} INFO - Processing file /opt/airflow/dags/submit_spark_dag.py for tasks to queue
[2026-05-20T07:53:42.844+0000] {logging_mixin.py:190} INFO - [2026-05-20T07:53:42.843+0000] {dagbag.py:588} INFO - Filling up the DagBag from /opt/airflow/dags/submit_spark_dag.py
[2026-05-20T07:53:42.852+0000] {processor.py:925} INFO - DAG(s) 'hello_spark' retrieved from /opt/airflow/dags/submit_spark_dag.py
[2026-05-20T07:53:42.889+0000] {logging_mixin.py:190} INFO - [2026-05-20T07:53:42.889+0000] {dag.py:3239} INFO - Sync 1 DAGs
[2026-05-20T07:53:42.928+0000] {logging_mixin.py:190} INFO - [2026-05-20T07:53:42.928+0000] {dag.py:4180} INFO - Setting next_dagrun for hello_spark to 2026-05-19 00:00:00+00:00, run_after=2026-05-20 00:00:00+00:00
[2026-05-20T07:53:42.961+0000] {processor.py:208} INFO - Processing /opt/airflow/dags/submit_spark_dag.py took 0.124 seconds
[2026-05-20T07:54:13.356+0000] {processor.py:186} INFO - Started process (PID=275) to work on /opt/airflow/dags/submit_spark_dag.py
[2026-05-20T07:54:13.358+0000] {processor.py:914} INFO - Processing file /opt/airflow/dags/submit_spark_dag.py for tasks to queue
[2026-05-20T07:54:13.361+0000] {logging_mixin.py:190} INFO - [2026-05-20T07:54:13.360+0000] {dagbag.py:588} INFO - Filling up the DagBag from /opt/airflow/dags/submit_spark_dag.py
[2026-05-20T07:54:13.379+0000] {processor.py:925} INFO - DAG(s) 'hello_spark' retrieved from /opt/airflow/dags/submit_spark_dag.py
[2026-05-20T07:54:13.452+0000] {logging_mixin.py:190} INFO - [2026-05-20T07:54:13.452+0000] {dag.py:3239} INFO - Sync 1 DAGs
[2026-05-20T07:54:13.482+0000] {logging_mixin.py:190} INFO - [2026-05-20T07:54:13.482+0000] {dag.py:4180} INFO - Setting next_dagrun for hello_spark to 2026-05-19 00:00:00+00:00, run_after=2026-05-20 00:00:00+00:00
[2026-05-20T07:54:13.510+0000] {processor.py:208} INFO - Processing /opt/airflow/dags/submit_spark_dag.py took 0.159 seconds
[2026-05-20T07:54:43.812+0000] {processor.py:186} INFO - Started process (PID=287) to work on /opt/airflow/dags/submit_spark_dag.py
[2026-05-20T07:54:43.813+0000] {processor.py:914} INFO - Processing file /opt/airflow/dags/submit_spark_dag.py for tasks to queue
[2026-05-20T07:54:43.815+0000] {logging_mixin.py:190} INFO - [2026-05-20T07:54:43.815+0000] {dagbag.py:588} INFO - Filling up the DagBag from /opt/airflow/dags/submit_spark_dag.py
[2026-05-20T07:54:43.823+0000] {processor.py:925} INFO - DAG(s) 'hello_spark' retrieved from /opt/airflow/dags/submit_spark_dag.py
[2026-05-20T07:54:43.841+0000] {logging_mixin.py:190} INFO - [2026-05-20T07:54:43.840+0000] {dag.py:3239} INFO - Sync 1 DAGs
[2026-05-20T07:54:43.860+0000] {logging_mixin.py:190} INFO - [2026-05-20T07:54:43.860+0000] {dag.py:4180} INFO - Setting next_dagrun for hello_spark to 2026-05-19 00:00:00+00:00, run_after=2026-05-20 00:00:00+00:00
[2026-05-20T07:54:43.894+0000] {processor.py:208} INFO - Processing /opt/airflow/dags/submit_spark_dag.py took 0.088 seconds
[2026-05-20T07:55:14.278+0000] {processor.py:186} INFO - Started process (PID=298) to work on /opt/airflow/dags/submit_spark_dag.py
[2026-05-20T07:55:14.279+0000] {processor.py:914} INFO - Processing file /opt/airflow/dags/submit_spark_dag.py for tasks to queue
[2026-05-20T07:55:14.283+0000] {logging_mixin.py:190} INFO - [2026-05-20T07:55:14.283+0000] {dagbag.py:588} INFO - Filling up the DagBag from /opt/airflow/dags/submit_spark_dag.py
[2026-05-20T07:55:14.297+0000] {processor.py:925} INFO - DAG(s) 'hello_spark' retrieved from /opt/airflow/dags/submit_spark_dag.py
[2026-05-20T07:55:14.332+0000] {logging_mixin.py:190} INFO - [2026-05-20T07:55:14.332+0000] {dag.py:3239} INFO - Sync 1 DAGs
[2026-05-20T07:55:14.366+0000] {logging_mixin.py:190} INFO - [2026-05-20T07:55:14.366+0000] {dag.py:4180} INFO - Setting next_dagrun for hello_spark to 2026-05-19 00:00:00+00:00, run_after=2026-05-20 00:00:00+00:00
[2026-05-20T07:55:14.391+0000] {processor.py:208} INFO - Processing /opt/airflow/dags/submit_spark_dag.py took 0.124 seconds
[2026-05-20T07:55:44.739+0000] {processor.py:186} INFO - Started process (PID=310) to work on /opt/airflow/dags/submit_spark_dag.py
[2026-05-20T07:55:44.741+0000] {processor.py:914} INFO - Processing file /opt/airflow/dags/submit_spark_dag.py for tasks to queue
[2026-05-20T07:55:44.743+0000] {logging_mixin.py:190} INFO - [2026-05-20T07:55:44.743+0000] {dagbag.py:588} INFO - Filling up the DagBag from /opt/airflow/dags/submit_spark_dag.py
[2026-05-20T07:55:44.751+0000] {processor.py:925} INFO - DAG(s) 'hello_spark' retrieved from /opt/airflow/dags/submit_spark_dag.py
[2026-05-20T07:55:44.771+0000] {logging_mixin.py:190} INFO - [2026-05-20T07:55:44.771+0000] {dag.py:3239} INFO - Sync 1 DAGs
[2026-05-20T07:55:44.791+0000] {logging_mixin.py:190} INFO - [2026-05-20T07:55:44.791+0000] {dag.py:4180} INFO - Setting next_dagrun for hello_spark to 2026-05-19 00:00:00+00:00, run_after=2026-05-20 00:00:00+00:00
[2026-05-20T07:55:44.812+0000] {processor.py:208} INFO - Processing /opt/airflow/dags/submit_spark_dag.py took 0.078 seconds
[2026-05-20T07:56:15.181+0000] {processor.py:186} INFO - Started process (PID=322) to work on /opt/airflow/dags/submit_spark_dag.py
[2026-05-20T07:56:15.182+0000] {processor.py:914} INFO - Processing file /opt/airflow/dags/submit_spark_dag.py for tasks to queue
[2026-05-20T07:56:15.184+0000] {logging_mixin.py:190} INFO - [2026-05-20T07:56:15.184+0000] {dagbag.py:588} INFO - Filling up the DagBag from /opt/airflow/dags/submit_spark_dag.py
[2026-05-20T07:56:15.191+0000] {processor.py:925} INFO - DAG(s) 'hello_spark' retrieved from /opt/airflow/dags/submit_spark_dag.py
[2026-05-20T07:56:15.209+0000] {logging_mixin.py:190} INFO - [2026-05-20T07:56:15.209+0000] {dag.py:3239} INFO - Sync 1 DAGs
[2026-05-20T07:56:15.270+0000] {logging_mixin.py:190} INFO - [2026-05-20T07:56:15.269+0000] {dag.py:4180} INFO - Setting next_dagrun for hello_spark to 2026-05-19 00:00:00+00:00, run_after=2026-05-20 00:00:00+00:00
[2026-05-20T07:56:15.302+0000] {processor.py:208} INFO - Processing /opt/airflow/dags/submit_spark_dag.py took 0.130 seconds
[2026-05-20T07:56:45.643+0000] {processor.py:186} INFO - Started process (PID=335) to work on /opt/airflow/dags/submit_spark_dag.py
[2026-05-20T07:56:45.644+0000] {processor.py:914} INFO - Processing file /opt/airflow/dags/submit_spark_dag.py for tasks to queue
[2026-05-20T07:56:45.646+0000] {logging_mixin.py:190} INFO - [2026-05-20T07:56:45.646+0000] {dagbag.py:588} INFO - Filling up the DagBag from /opt/airflow/dags/submit_spark_dag.py
[2026-05-20T07:56:45.654+0000] {processor.py:925} INFO - DAG(s) 'hello_spark' retrieved from /opt/airflow/dags/submit_spark_dag.py
[2026-05-20T07:56:45.672+0000] {logging_mixin.py:190} INFO - [2026-05-20T07:56:45.672+0000] {dag.py:3239} INFO - Sync 1 DAGs
[2026-05-20T07:56:45.712+0000] {logging_mixin.py:190} INFO - [2026-05-20T07:56:45.712+0000] {dag.py:4180} INFO - Setting next_dagrun for hello_spark to 2026-05-19 00:00:00+00:00, run_after=2026-05-20 00:00:00+00:00
[2026-05-20T07:56:45.742+0000] {processor.py:208} INFO - Processing /opt/airflow/dags/submit_spark_dag.py took 0.105 seconds
[2026-05-20T07:57:16.142+0000] {processor.py:186} INFO - Started process (PID=347) to work on /opt/airflow/dags/submit_spark_dag.py
[2026-05-20T07:57:16.145+0000] {processor.py:914} INFO - Processing file /opt/airflow/dags/submit_spark_dag.py for tasks to queue
[2026-05-20T07:57:16.156+0000] {logging_mixin.py:190} INFO - [2026-05-20T07:57:16.152+0000] {dagbag.py:588} INFO - Filling up the DagBag from /opt/airflow/dags/submit_spark_dag.py
[2026-05-20T07:57:16.177+0000] {processor.py:925} INFO - DAG(s) 'hello_spark' retrieved from /opt/airflow/dags/submit_spark_dag.py
[2026-05-20T07:57:16.246+0000] {logging_mixin.py:190} INFO - [2026-05-20T07:57:16.246+0000] {dag.py:3239} INFO - Sync 1 DAGs
[2026-05-20T07:57:16.322+0000] {logging_mixin.py:190} INFO - [2026-05-20T07:57:16.322+0000] {dag.py:4180} INFO - Setting next_dagrun for hello_spark to 2026-05-19 00:00:00+00:00, run_after=2026-05-20 00:00:00+00:00
[2026-05-20T07:57:16.381+0000] {processor.py:208} INFO - Processing /opt/airflow/dags/submit_spark_dag.py took 0.264 seconds
[2026-05-20T07:57:47.067+0000] {processor.py:186} INFO - Started process (PID=359) to work on /opt/airflow/dags/submit_spark_dag.py
[2026-05-20T07:57:47.068+0000] {processor.py:914} INFO - Processing file /opt/airflow/dags/submit_spark_dag.py for tasks to queue
[2026-05-20T07:57:47.070+0000] {logging_mixin.py:190} INFO - [2026-05-20T07:57:47.070+0000] {dagbag.py:588} INFO - Filling up the DagBag from /opt/airflow/dags/submit_spark_dag.py
[2026-05-20T07:57:47.083+0000] {processor.py:925} INFO - DAG(s) 'hello_spark' retrieved from /opt/airflow/dags/submit_spark_dag.py
[2026-05-20T07:57:47.117+0000] {logging_mixin.py:190} INFO - [2026-05-20T07:57:47.117+0000] {dag.py:3239} INFO - Sync 1 DAGs
[2026-05-20T07:57:47.191+0000] {logging_mixin.py:190} INFO - [2026-05-20T07:57:47.191+0000] {dag.py:4180} INFO - Setting next_dagrun for hello_spark to 2026-05-19 00:00:00+00:00, run_after=2026-05-20 00:00:00+00:00
[2026-05-20T07:57:47.219+0000] {processor.py:208} INFO - Processing /opt/airflow/dags/submit_spark_dag.py took 0.160 seconds
[2026-05-20T07:58:17.569+0000] {processor.py:186} INFO - Started process (PID=371) to work on /opt/airflow/dags/submit_spark_dag.py
[2026-05-20T07:58:17.570+0000] {processor.py:914} INFO - Processing file /opt/airflow/dags/submit_spark_dag.py for tasks to queue
[2026-05-20T07:58:17.572+0000] {logging_mixin.py:190} INFO - [2026-05-20T07:58:17.572+0000] {dagbag.py:588} INFO - Filling up the DagBag from /opt/airflow/dags/submit_spark_dag.py
[2026-05-20T07:58:17.587+0000] {processor.py:925} INFO - DAG(s) 'hello_spark' retrieved from /opt/airflow/dags/submit_spark_dag.py
[2026-05-20T07:58:17.605+0000] {logging_mixin.py:190} INFO - [2026-05-20T07:58:17.604+0000] {dag.py:3239} INFO - Sync 1 DAGs
[2026-05-20T07:58:17.653+0000] {logging_mixin.py:190} INFO - [2026-05-20T07:58:17.653+0000] {dag.py:4180} INFO - Setting next_dagrun for hello_spark to 2026-05-19 00:00:00+00:00, run_after=2026-05-20 00:00:00+00:00
[2026-05-20T07:58:17.688+0000] {processor.py:208} INFO - Processing /opt/airflow/dags/submit_spark_dag.py took 0.129 seconds
[2026-05-20T07:58:47.923+0000] {processor.py:186} INFO - Started process (PID=382) to work on /opt/airflow/dags/submit_spark_dag.py
[2026-05-20T07:58:47.924+0000] {processor.py:914} INFO - Processing file /opt/airflow/dags/submit_spark_dag.py for tasks to queue
[2026-05-20T07:58:47.926+0000] {logging_mixin.py:190} INFO - [2026-05-20T07:58:47.926+0000] {dagbag.py:588} INFO - Filling up the DagBag from /opt/airflow/dags/submit_spark_dag.py
[2026-05-20T07:58:47.937+0000] {processor.py:925} INFO - DAG(s) 'hello_spark' retrieved from /opt/airflow/dags/submit_spark_dag.py
[2026-05-20T07:58:47.957+0000] {logging_mixin.py:190} INFO - [2026-05-20T07:58:47.957+0000] {dag.py:3239} INFO - Sync 1 DAGs
[2026-05-20T07:58:47.977+0000] {logging_mixin.py:190} INFO - [2026-05-20T07:58:47.976+0000] {dag.py:4180} INFO - Setting next_dagrun for hello_spark to 2026-05-19 00:00:00+00:00, run_after=2026-05-20 00:00:00+00:00
[2026-05-20T07:58:48.003+0000] {processor.py:208} INFO - Processing /opt/airflow/dags/submit_spark_dag.py took 0.085 seconds
[2026-05-20T07:59:18.405+0000] {processor.py:186} INFO - Started process (PID=394) to work on /opt/airflow/dags/submit_spark_dag.py
[2026-05-20T07:59:18.408+0000] {processor.py:914} INFO - Processing file /opt/airflow/dags/submit_spark_dag.py for tasks to queue
[2026-05-20T07:59:18.410+0000] {logging_mixin.py:190} INFO - [2026-05-20T07:59:18.410+0000] {dagbag.py:588} INFO - Filling up the DagBag from /opt/airflow/dags/submit_spark_dag.py
[2026-05-20T07:59:18.449+0000] {processor.py:925} INFO - DAG(s) 'hello_spark' retrieved from /opt/airflow/dags/submit_spark_dag.py
[2026-05-20T07:59:18.496+0000] {logging_mixin.py:190} INFO - [2026-05-20T07:59:18.496+0000] {dag.py:3239} INFO - Sync 1 DAGs
[2026-05-20T07:59:18.535+0000] {logging_mixin.py:190} INFO - [2026-05-20T07:59:18.535+0000] {dag.py:4180} INFO - Setting next_dagrun for hello_spark to 2026-05-19 00:00:00+00:00, run_after=2026-05-20 00:00:00+00:00
[2026-05-20T07:59:18.564+0000] {processor.py:208} INFO - Processing /opt/airflow/dags/submit_spark_dag.py took 0.172 seconds
[2026-05-20T07:59:48.850+0000] {processor.py:186} INFO - Started process (PID=406) to work on /opt/airflow/dags/submit_spark_dag.py
[2026-05-20T07:59:48.852+0000] {processor.py:914} INFO - Processing file /opt/airflow/dags/submit_spark_dag.py for tasks to queue
[2026-05-20T07:59:48.856+0000] {logging_mixin.py:190} INFO - [2026-05-20T07:59:48.853+0000] {dagbag.py:588} INFO - Filling up the DagBag from /opt/airflow/dags/submit_spark_dag.py
[2026-05-20T07:59:48.864+0000] {processor.py:925} INFO - DAG(s) 'hello_spark' retrieved from /opt/airflow/dags/submit_spark_dag.py
[2026-05-20T07:59:48.889+0000] {logging_mixin.py:190} INFO - [2026-05-20T07:59:48.889+0000] {dag.py:3239} INFO - Sync 1 DAGs
[2026-05-20T07:59:48.907+0000] {logging_mixin.py:190} INFO - [2026-05-20T07:59:48.907+0000] {dag.py:4180} INFO - Setting next_dagrun for hello_spark to 2026-05-19 00:00:00+00:00, run_after=2026-05-20 00:00:00+00:00
[2026-05-20T07:59:48.926+0000] {processor.py:208} INFO - Processing /opt/airflow/dags/submit_spark_dag.py took 0.081 seconds
[2026-05-20T08:00:19.341+0000] {processor.py:186} INFO - Started process (PID=417) to work on /opt/airflow/dags/submit_spark_dag.py
[2026-05-20T08:00:19.342+0000] {processor.py:914} INFO - Processing file /opt/airflow/dags/submit_spark_dag.py for tasks to queue
[2026-05-20T08:00:19.349+0000] {logging_mixin.py:190} INFO - [2026-05-20T08:00:19.349+0000] {dagbag.py:588} INFO - Filling up the DagBag from /opt/airflow/dags/submit_spark_dag.py
[2026-05-20T08:00:19.365+0000] {processor.py:925} INFO - DAG(s) 'hello_spark' retrieved from /opt/airflow/dags/submit_spark_dag.py
[2026-05-20T08:00:19.408+0000] {logging_mixin.py:190} INFO - [2026-05-20T08:00:19.408+0000] {dag.py:3239} INFO - Sync 1 DAGs
[2026-05-20T08:00:19.449+0000] {logging_mixin.py:190} INFO - [2026-05-20T08:00:19.449+0000] {dag.py:4180} INFO - Setting next_dagrun for hello_spark to 2026-05-19 00:00:00+00:00, run_after=2026-05-20 00:00:00+00:00
[2026-05-20T08:00:19.470+0000] {processor.py:208} INFO - Processing /opt/airflow/dags/submit_spark_dag.py took 0.134 seconds
[2026-05-20T08:00:49.824+0000] {processor.py:186} INFO - Started process (PID=429) to work on /opt/airflow/dags/submit_spark_dag.py
[2026-05-20T08:00:49.828+0000] {processor.py:914} INFO - Processing file /opt/airflow/dags/submit_spark_dag.py for tasks to queue
[2026-05-20T08:00:49.829+0000] {logging_mixin.py:190} INFO - [2026-05-20T08:00:49.829+0000] {dagbag.py:588} INFO - Filling up the DagBag from /opt/airflow/dags/submit_spark_dag.py
[2026-05-20T08:00:49.860+0000] {processor.py:925} INFO - DAG(s) 'hello_spark' retrieved from /opt/airflow/dags/submit_spark_dag.py
[2026-05-20T08:00:49.895+0000] {logging_mixin.py:190} INFO - [2026-05-20T08:00:49.895+0000] {dag.py:3239} INFO - Sync 1 DAGs
[2026-05-20T08:00:49.929+0000] {logging_mixin.py:190} INFO - [2026-05-20T08:00:49.928+0000] {dag.py:4180} INFO - Setting next_dagrun for hello_spark to 2026-05-19 00:00:00+00:00, run_after=2026-05-20 00:00:00+00:00
[2026-05-20T08:00:49.948+0000] {processor.py:208} INFO - Processing /opt/airflow/dags/submit_spark_dag.py took 0.129 seconds
[2026-05-20T08:01:20.275+0000] {processor.py:186} INFO - Started process (PID=441) to work on /opt/airflow/dags/submit_spark_dag.py
[2026-05-20T08:01:20.275+0000] {processor.py:914} INFO - Processing file /opt/airflow/dags/submit_spark_dag.py for tasks to queue
[2026-05-20T08:01:20.277+0000] {logging_mixin.py:190} INFO - [2026-05-20T08:01:20.276+0000] {dagbag.py:588} INFO - Filling up the DagBag from /opt/airflow/dags/submit_spark_dag.py
[2026-05-20T08:01:20.289+0000] {processor.py:925} INFO - DAG(s) 'hello_spark' retrieved from /opt/airflow/dags/submit_spark_dag.py
[2026-05-20T08:01:20.413+0000] {logging_mixin.py:190} INFO - [2026-05-20T08:01:20.413+0000] {dag.py:3239} INFO - Sync 1 DAGs
[2026-05-20T08:01:20.480+0000] {logging_mixin.py:190} INFO - [2026-05-20T08:01:20.478+0000] {dag.py:4180} INFO - Setting next_dagrun for hello_spark to 2026-05-19 00:00:00+00:00, run_after=2026-05-20 00:00:00+00:00
[2026-05-20T08:01:20.510+0000] {processor.py:208} INFO - Processing /opt/airflow/dags/submit_spark_dag.py took 0.259 seconds
[2026-05-20T08:01:50.876+0000] {processor.py:186} INFO - Started process (PID=453) to work on /opt/airflow/dags/submit_spark_dag.py
[2026-05-20T08:01:50.884+0000] {processor.py:914} INFO - Processing file /opt/airflow/dags/submit_spark_dag.py for tasks to queue
[2026-05-20T08:01:50.890+0000] {logging_mixin.py:190} INFO - [2026-05-20T08:01:50.890+0000] {dagbag.py:588} INFO - Filling up the DagBag from /opt/airflow/dags/submit_spark_dag.py
[2026-05-20T08:01:50.912+0000] {processor.py:925} INFO - DAG(s) 'hello_spark' retrieved from /opt/airflow/dags/submit_spark_dag.py
[2026-05-20T08:01:50.943+0000] {logging_mixin.py:190} INFO - [2026-05-20T08:01:50.943+0000] {dag.py:3239} INFO - Sync 1 DAGs
[2026-05-20T08:01:50.995+0000] {logging_mixin.py:190} INFO - [2026-05-20T08:01:50.995+0000] {dag.py:4180} INFO - Setting next_dagrun for hello_spark to 2026-05-19 00:00:00+00:00, run_after=2026-05-20 00:00:00+00:00
[2026-05-20T08:01:51.016+0000] {processor.py:208} INFO - Processing /opt/airflow/dags/submit_spark_dag.py took 0.151 seconds
[2026-05-20T08:02:21.385+0000] {processor.py:186} INFO - Started process (PID=465) to work on /opt/airflow/dags/submit_spark_dag.py
[2026-05-20T08:02:21.389+0000] {processor.py:914} INFO - Processing file /opt/airflow/dags/submit_spark_dag.py for tasks to queue
[2026-05-20T08:02:21.394+0000] {logging_mixin.py:190} INFO - [2026-05-20T08:02:21.394+0000] {dagbag.py:588} INFO - Filling up the DagBag from /opt/airflow/dags/submit_spark_dag.py
[2026-05-20T08:02:21.427+0000] {processor.py:925} INFO - DAG(s) 'hello_spark' retrieved from /opt/airflow/dags/submit_spark_dag.py
[2026-05-20T08:02:21.491+0000] {logging_mixin.py:190} INFO - [2026-05-20T08:02:21.491+0000] {dag.py:3239} INFO - Sync 1 DAGs
[2026-05-20T08:02:21.551+0000] {logging_mixin.py:190} INFO - [2026-05-20T08:02:21.548+0000] {dag.py:4180} INFO - Setting next_dagrun for hello_spark to 2026-05-19 00:00:00+00:00, run_after=2026-05-20 00:00:00+00:00
[2026-05-20T08:02:21.606+0000] {processor.py:208} INFO - Processing /opt/airflow/dags/submit_spark_dag.py took 0.232 seconds
[2026-05-20T08:02:52.077+0000] {processor.py:186} INFO - Started process (PID=477) to work on /opt/airflow/dags/submit_spark_dag.py
[2026-05-20T08:02:52.079+0000] {processor.py:914} INFO - Processing file /opt/airflow/dags/submit_spark_dag.py for tasks to queue
[2026-05-20T08:02:52.109+0000] {logging_mixin.py:190} INFO - [2026-05-20T08:02:52.109+0000] {dagbag.py:588} INFO - Filling up the DagBag from /opt/airflow/dags/submit_spark_dag.py
[2026-05-20T08:02:52.158+0000] {processor.py:925} INFO - DAG(s) 'hello_spark' retrieved from /opt/airflow/dags/submit_spark_dag.py
[2026-05-20T08:02:52.224+0000] {logging_mixin.py:190} INFO - [2026-05-20T08:02:52.218+0000] {dag.py:3239} INFO - Sync 1 DAGs
[2026-05-20T08:02:52.302+0000] {logging_mixin.py:190} INFO - [2026-05-20T08:02:52.302+0000] {dag.py:4180} INFO - Setting next_dagrun for hello_spark to 2026-05-19 00:00:00+00:00, run_after=2026-05-20 00:00:00+00:00
[2026-05-20T08:02:52.371+0000] {processor.py:208} INFO - Processing /opt/airflow/dags/submit_spark_dag.py took 0.308 seconds
[2026-05-20T08:03:22.563+0000] {processor.py:186} INFO - Started process (PID=489) to work on /opt/airflow/dags/submit_spark_dag.py
[2026-05-20T08:03:22.565+0000] {processor.py:914} INFO - Processing file /opt/airflow/dags/submit_spark_dag.py for tasks to queue
[2026-05-20T08:03:22.568+0000] {logging_mixin.py:190} INFO - [2026-05-20T08:03:22.568+0000] {dagbag.py:588} INFO - Filling up the DagBag from /opt/airflow/dags/submit_spark_dag.py
[2026-05-20T08:03:22.588+0000] {processor.py:925} INFO - DAG(s) 'hello_spark' retrieved from /opt/airflow/dags/submit_spark_dag.py
[2026-05-20T08:03:22.630+0000] {logging_mixin.py:190} INFO - [2026-05-20T08:03:22.629+0000] {dag.py:3239} INFO - Sync 1 DAGs
[2026-05-20T08:03:22.655+0000] {logging_mixin.py:190} INFO - [2026-05-20T08:03:22.655+0000] {dag.py:4180} INFO - Setting next_dagrun for hello_spark to 2026-05-19 00:00:00+00:00, run_after=2026-05-20 00:00:00+00:00
[2026-05-20T08:03:22.672+0000] {processor.py:208} INFO - Processing /opt/airflow/dags/submit_spark_dag.py took 0.113 seconds
[2026-05-20T08:03:52.942+0000] {processor.py:186} INFO - Started process (PID=501) to work on /opt/airflow/dags/submit_spark_dag.py
[2026-05-20T08:03:52.944+0000] {processor.py:914} INFO - Processing file /opt/airflow/dags/submit_spark_dag.py for tasks to queue
[2026-05-20T08:03:52.949+0000] {logging_mixin.py:190} INFO - [2026-05-20T08:03:52.946+0000] {dagbag.py:588} INFO - Filling up the DagBag from /opt/airflow/dags/submit_spark_dag.py
[2026-05-20T08:03:52.958+0000] {processor.py:925} INFO - DAG(s) 'hello_spark' retrieved from /opt/airflow/dags/submit_spark_dag.py
[2026-05-20T08:03:52.979+0000] {logging_mixin.py:190} INFO - [2026-05-20T08:03:52.979+0000] {dag.py:3239} INFO - Sync 1 DAGs
[2026-05-20T08:03:53.004+0000] {logging_mixin.py:190} INFO - [2026-05-20T08:03:53.003+0000] {dag.py:4180} INFO - Setting next_dagrun for hello_spark to 2026-05-19 00:00:00+00:00, run_after=2026-05-20 00:00:00+00:00
[2026-05-20T08:03:53.022+0000] {processor.py:208} INFO - Processing /opt/airflow/dags/submit_spark_dag.py took 0.085 seconds
[2026-05-20T08:04:23.338+0000] {processor.py:186} INFO - Started process (PID=513) to work on /opt/airflow/dags/submit_spark_dag.py
[2026-05-20T08:04:23.339+0000] {processor.py:914} INFO - Processing file /opt/airflow/dags/submit_spark_dag.py for tasks to queue
[2026-05-20T08:04:23.342+0000] {logging_mixin.py:190} INFO - [2026-05-20T08:04:23.342+0000] {dagbag.py:588} INFO - Filling up the DagBag from /opt/airflow/dags/submit_spark_dag.py
[2026-05-20T08:04:23.354+0000] {processor.py:925} INFO - DAG(s) 'hello_spark' retrieved from /opt/airflow/dags/submit_spark_dag.py
[2026-05-20T08:04:23.380+0000] {logging_mixin.py:190} INFO - [2026-05-20T08:04:23.379+0000] {dag.py:3239} INFO - Sync 1 DAGs
[2026-05-20T08:04:23.407+0000] {logging_mixin.py:190} INFO - [2026-05-20T08:04:23.406+0000] {dag.py:4180} INFO - Setting next_dagrun for hello_spark to 2026-05-19 00:00:00+00:00, run_after=2026-05-20 00:00:00+00:00
[2026-05-20T08:04:23.428+0000] {processor.py:208} INFO - Processing /opt/airflow/dags/submit_spark_dag.py took 0.105 seconds
[2026-05-20T08:04:53.774+0000] {processor.py:186} INFO - Started process (PID=525) to work on /opt/airflow/dags/submit_spark_dag.py
[2026-05-20T08:04:53.776+0000] {processor.py:914} INFO - Processing file /opt/airflow/dags/submit_spark_dag.py for tasks to queue
[2026-05-20T08:04:53.781+0000] {logging_mixin.py:190} INFO - [2026-05-20T08:04:53.781+0000] {dagbag.py:588} INFO - Filling up the DagBag from /opt/airflow/dags/submit_spark_dag.py
[2026-05-20T08:04:53.824+0000] {processor.py:925} INFO - DAG(s) 'hello_spark' retrieved from /opt/airflow/dags/submit_spark_dag.py
[2026-05-20T08:04:53.857+0000] {logging_mixin.py:190} INFO - [2026-05-20T08:04:53.857+0000] {dag.py:3239} INFO - Sync 1 DAGs
[2026-05-20T08:04:53.877+0000] {logging_mixin.py:190} INFO - [2026-05-20T08:04:53.877+0000] {dag.py:4180} INFO - Setting next_dagrun for hello_spark to 2026-05-19 00:00:00+00:00, run_after=2026-05-20 00:00:00+00:00
[2026-05-20T08:04:53.896+0000] {processor.py:208} INFO - Processing /opt/airflow/dags/submit_spark_dag.py took 0.128 seconds
[2026-05-20T08:05:24.282+0000] {processor.py:186} INFO - Started process (PID=536) to work on /opt/airflow/dags/submit_spark_dag.py
[2026-05-20T08:05:24.284+0000] {processor.py:914} INFO - Processing file /opt/airflow/dags/submit_spark_dag.py for tasks to queue
[2026-05-20T08:05:24.286+0000] {logging_mixin.py:190} INFO - [2026-05-20T08:05:24.286+0000] {dagbag.py:588} INFO - Filling up the DagBag from /opt/airflow/dags/submit_spark_dag.py
[2026-05-20T08:05:24.296+0000] {processor.py:925} INFO - DAG(s) 'hello_spark' retrieved from /opt/airflow/dags/submit_spark_dag.py
[2026-05-20T08:05:24.321+0000] {logging_mixin.py:190} INFO - [2026-05-20T08:05:24.321+0000] {dag.py:3239} INFO - Sync 1 DAGs
[2026-05-20T08:05:24.363+0000] {logging_mixin.py:190} INFO - [2026-05-20T08:05:24.363+0000] {dag.py:4180} INFO - Setting next_dagrun for hello_spark to 2026-05-19 00:00:00+00:00, run_after=2026-05-20 00:00:00+00:00
[2026-05-20T08:05:24.399+0000] {processor.py:208} INFO - Processing /opt/airflow/dags/submit_spark_dag.py took 0.121 seconds
[2026-05-20T08:05:54.728+0000] {processor.py:186} INFO - Started process (PID=549) to work on /opt/airflow/dags/submit_spark_dag.py
[2026-05-20T08:05:54.730+0000] {processor.py:914} INFO - Processing file /opt/airflow/dags/submit_spark_dag.py for tasks to queue
[2026-05-20T08:05:54.736+0000] {logging_mixin.py:190} INFO - [2026-05-20T08:05:54.731+0000] {dagbag.py:588} INFO - Filling up the DagBag from /opt/airflow/dags/submit_spark_dag.py
[2026-05-20T08:05:54.748+0000] {processor.py:925} INFO - DAG(s) 'hello_spark' retrieved from /opt/airflow/dags/submit_spark_dag.py
[2026-05-20T08:05:54.774+0000] {logging_mixin.py:190} INFO - [2026-05-20T08:05:54.774+0000] {dag.py:3239} INFO - Sync 1 DAGs
[2026-05-20T08:05:54.804+0000] {logging_mixin.py:190} INFO - [2026-05-20T08:05:54.804+0000] {dag.py:4180} INFO - Setting next_dagrun for hello_spark to 2026-05-19 00:00:00+00:00, run_after=2026-05-20 00:00:00+00:00
[2026-05-20T08:05:54.826+0000] {processor.py:208} INFO - Processing /opt/airflow/dags/submit_spark_dag.py took 0.101 seconds
[2026-05-20T08:06:25.172+0000] {processor.py:186} INFO - Started process (PID=561) to work on /opt/airflow/dags/submit_spark_dag.py
[2026-05-20T08:06:25.172+0000] {processor.py:914} INFO - Processing file /opt/airflow/dags/submit_spark_dag.py for tasks to queue
[2026-05-20T08:06:25.174+0000] {logging_mixin.py:190} INFO - [2026-05-20T08:06:25.174+0000] {dagbag.py:588} INFO - Filling up the DagBag from /opt/airflow/dags/submit_spark_dag.py
[2026-05-20T08:06:25.185+0000] {processor.py:925} INFO - DAG(s) 'hello_spark' retrieved from /opt/airflow/dags/submit_spark_dag.py
[2026-05-20T08:06:25.224+0000] {logging_mixin.py:190} INFO - [2026-05-20T08:06:25.224+0000] {dag.py:3239} INFO - Sync 1 DAGs
[2026-05-20T08:06:25.255+0000] {logging_mixin.py:190} INFO - [2026-05-20T08:06:25.255+0000] {dag.py:4180} INFO - Setting next_dagrun for hello_spark to 2026-05-19 00:00:00+00:00, run_after=2026-05-20 00:00:00+00:00
[2026-05-20T08:06:25.268+0000] {processor.py:208} INFO - Processing /opt/airflow/dags/submit_spark_dag.py took 0.102 seconds
[2026-05-20T08:06:55.749+0000] {processor.py:186} INFO - Started process (PID=573) to work on /opt/airflow/dags/submit_spark_dag.py
[2026-05-20T08:06:55.752+0000] {processor.py:914} INFO - Processing file /opt/airflow/dags/submit_spark_dag.py for tasks to queue
[2026-05-20T08:06:55.753+0000] {logging_mixin.py:190} INFO - [2026-05-20T08:06:55.753+0000] {dagbag.py:588} INFO - Filling up the DagBag from /opt/airflow/dags/submit_spark_dag.py
[2026-05-20T08:06:55.767+0000] {processor.py:925} INFO - DAG(s) 'hello_spark' retrieved from /opt/airflow/dags/submit_spark_dag.py
[2026-05-20T08:06:55.783+0000] {logging_mixin.py:190} INFO - [2026-05-20T08:06:55.783+0000] {dag.py:3239} INFO - Sync 1 DAGs
[2026-05-20T08:06:55.800+0000] {logging_mixin.py:190} INFO - [2026-05-20T08:06:55.800+0000] {dag.py:4180} INFO - Setting next_dagrun for hello_spark to 2026-05-19 00:00:00+00:00, run_after=2026-05-20 00:00:00+00:00
[2026-05-20T08:06:55.812+0000] {processor.py:208} INFO - Processing /opt/airflow/dags/submit_spark_dag.py took 0.067 seconds
[2026-05-20T08:07:25.996+0000] {processor.py:186} INFO - Started process (PID=585) to work on /opt/airflow/dags/submit_spark_dag.py
[2026-05-20T08:07:25.997+0000] {processor.py:914} INFO - Processing file /opt/airflow/dags/submit_spark_dag.py for tasks to queue
[2026-05-20T08:07:25.999+0000] {logging_mixin.py:190} INFO - [2026-05-20T08:07:25.998+0000] {dagbag.py:588} INFO - Filling up the DagBag from /opt/airflow/dags/submit_spark_dag.py
[2026-05-20T08:07:26.005+0000] {processor.py:925} INFO - DAG(s) 'hello_spark' retrieved from /opt/airflow/dags/submit_spark_dag.py
[2026-05-20T08:07:26.020+0000] {logging_mixin.py:190} INFO - [2026-05-20T08:07:26.020+0000] {dag.py:3239} INFO - Sync 1 DAGs
[2026-05-20T08:07:26.050+0000] {logging_mixin.py:190} INFO - [2026-05-20T08:07:26.050+0000] {dag.py:4180} INFO - Setting next_dagrun for hello_spark to 2026-05-19 00:00:00+00:00, run_after=2026-05-20 00:00:00+00:00
[2026-05-20T08:07:26.063+0000] {processor.py:208} INFO - Processing /opt/airflow/dags/submit_spark_dag.py took 0.071 seconds
[2026-05-20T08:07:56.318+0000] {processor.py:186} INFO - Started process (PID=597) to work on /opt/airflow/dags/submit_spark_dag.py
[2026-05-20T08:07:56.320+0000] {processor.py:914} INFO - Processing file /opt/airflow/dags/submit_spark_dag.py for tasks to queue
[2026-05-20T08:07:56.326+0000] {logging_mixin.py:190} INFO - [2026-05-20T08:07:56.326+0000] {dagbag.py:588} INFO - Filling up the DagBag from /opt/airflow/dags/submit_spark_dag.py
[2026-05-20T08:07:56.339+0000] {processor.py:925} INFO - DAG(s) 'hello_spark' retrieved from /opt/airflow/dags/submit_spark_dag.py
[2026-05-20T08:07:56.367+0000] {logging_mixin.py:190} INFO - [2026-05-20T08:07:56.367+0000] {dag.py:3239} INFO - Sync 1 DAGs
[2026-05-20T08:07:56.387+0000] {logging_mixin.py:190} INFO - [2026-05-20T08:07:56.386+0000] {dag.py:4180} INFO - Setting next_dagrun for hello_spark to 2026-05-19 00:00:00+00:00, run_after=2026-05-20 00:00:00+00:00
[2026-05-20T08:07:56.403+0000] {processor.py:208} INFO - Processing /opt/airflow/dags/submit_spark_dag.py took 0.093 seconds
[2026-05-20T08:08:26.704+0000] {processor.py:186} INFO - Started process (PID=609) to work on /opt/airflow/dags/submit_spark_dag.py
[2026-05-20T08:08:26.705+0000] {processor.py:914} INFO - Processing file /opt/airflow/dags/submit_spark_dag.py for tasks to queue
[2026-05-20T08:08:26.708+0000] {logging_mixin.py:190} INFO - [2026-05-20T08:08:26.707+0000] {dagbag.py:588} INFO - Filling up the DagBag from /opt/airflow/dags/submit_spark_dag.py
[2026-05-20T08:08:26.715+0000] {processor.py:925} INFO - DAG(s) 'hello_spark' retrieved from /opt/airflow/dags/submit_spark_dag.py
[2026-05-20T08:08:26.732+0000] {logging_mixin.py:190} INFO - [2026-05-20T08:08:26.732+0000] {dag.py:3239} INFO - Sync 1 DAGs
[2026-05-20T08:08:26.750+0000] {logging_mixin.py:190} INFO - [2026-05-20T08:08:26.750+0000] {dag.py:4180} INFO - Setting next_dagrun for hello_spark to 2026-05-19 00:00:00+00:00, run_after=2026-05-20 00:00:00+00:00
[2026-05-20T08:08:26.777+0000] {processor.py:208} INFO - Processing /opt/airflow/dags/submit_spark_dag.py took 0.078 seconds
[2026-05-20T08:08:57.009+0000] {processor.py:186} INFO - Started process (PID=621) to work on /opt/airflow/dags/submit_spark_dag.py
[2026-05-20T08:08:57.010+0000] {processor.py:914} INFO - Processing file /opt/airflow/dags/submit_spark_dag.py for tasks to queue
[2026-05-20T08:08:57.012+0000] {logging_mixin.py:190} INFO - [2026-05-20T08:08:57.012+0000] {dagbag.py:588} INFO - Filling up the DagBag from /opt/airflow/dags/submit_spark_dag.py
[2026-05-20T08:08:57.024+0000] {processor.py:925} INFO - DAG(s) 'hello_spark' retrieved from /opt/airflow/dags/submit_spark_dag.py
[2026-05-20T08:08:57.043+0000] {logging_mixin.py:190} INFO - [2026-05-20T08:08:57.043+0000] {dag.py:3239} INFO - Sync 1 DAGs
[2026-05-20T08:08:57.065+0000] {logging_mixin.py:190} INFO - [2026-05-20T08:08:57.064+0000] {dag.py:4180} INFO - Setting next_dagrun for hello_spark to 2026-05-19 00:00:00+00:00, run_after=2026-05-20 00:00:00+00:00
[2026-05-20T08:08:57.082+0000] {processor.py:208} INFO - Processing /opt/airflow/dags/submit_spark_dag.py took 0.079 seconds
[2026-05-20T08:09:27.395+0000] {processor.py:186} INFO - Started process (PID=633) to work on /opt/airflow/dags/submit_spark_dag.py
[2026-05-20T08:09:27.395+0000] {processor.py:914} INFO - Processing file /opt/airflow/dags/submit_spark_dag.py for tasks to queue
[2026-05-20T08:09:27.397+0000] {logging_mixin.py:190} INFO - [2026-05-20T08:09:27.397+0000] {dagbag.py:588} INFO - Filling up the DagBag from /opt/airflow/dags/submit_spark_dag.py
[2026-05-20T08:09:27.405+0000] {processor.py:925} INFO - DAG(s) 'hello_spark' retrieved from /opt/airflow/dags/submit_spark_dag.py
[2026-05-20T08:09:27.424+0000] {logging_mixin.py:190} INFO - [2026-05-20T08:09:27.424+0000] {dag.py:3239} INFO - Sync 1 DAGs
[2026-05-20T08:09:27.442+0000] {logging_mixin.py:190} INFO - [2026-05-20T08:09:27.442+0000] {dag.py:4180} INFO - Setting next_dagrun for hello_spark to 2026-05-19 00:00:00+00:00, run_after=2026-05-20 00:00:00+00:00
[2026-05-20T08:09:27.457+0000] {processor.py:208} INFO - Processing /opt/airflow/dags/submit_spark_dag.py took 0.068 seconds
[2026-05-20T08:09:57.737+0000] {processor.py:186} INFO - Started process (PID=645) to work on /opt/airflow/dags/submit_spark_dag.py
[2026-05-20T08:09:57.738+0000] {processor.py:914} INFO - Processing file /opt/airflow/dags/submit_spark_dag.py for tasks to queue
[2026-05-20T08:09:57.739+0000] {logging_mixin.py:190} INFO - [2026-05-20T08:09:57.739+0000] {dagbag.py:588} INFO - Filling up the DagBag from /opt/airflow/dags/submit_spark_dag.py
[2026-05-20T08:09:57.746+0000] {processor.py:925} INFO - DAG(s) 'hello_spark' retrieved from /opt/airflow/dags/submit_spark_dag.py
[2026-05-20T08:09:57.763+0000] {logging_mixin.py:190} INFO - [2026-05-20T08:09:57.763+0000] {dag.py:3239} INFO - Sync 1 DAGs
[2026-05-20T08:09:57.780+0000] {logging_mixin.py:190} INFO - [2026-05-20T08:09:57.779+0000] {dag.py:4180} INFO - Setting next_dagrun for hello_spark to 2026-05-19 00:00:00+00:00, run_after=2026-05-20 00:00:00+00:00
[2026-05-20T08:09:57.794+0000] {processor.py:208} INFO - Processing /opt/airflow/dags/submit_spark_dag.py took 0.061 seconds
[2026-05-20T08:10:28.246+0000] {processor.py:186} INFO - Started process (PID=657) to work on /opt/airflow/dags/submit_spark_dag.py
[2026-05-20T08:10:28.249+0000] {processor.py:914} INFO - Processing file /opt/airflow/dags/submit_spark_dag.py for tasks to queue
[2026-05-20T08:10:28.252+0000] {logging_mixin.py:190} INFO - [2026-05-20T08:10:28.252+0000] {dagbag.py:588} INFO - Filling up the DagBag from /opt/airflow/dags/submit_spark_dag.py
[2026-05-20T08:10:28.270+0000] {processor.py:925} INFO - DAG(s) 'hello_spark' retrieved from /opt/airflow/dags/submit_spark_dag.py
[2026-05-20T08:10:28.298+0000] {logging_mixin.py:190} INFO - [2026-05-20T08:10:28.298+0000] {dag.py:3239} INFO - Sync 1 DAGs
[2026-05-20T08:10:28.318+0000] {logging_mixin.py:190} INFO - [2026-05-20T08:10:28.318+0000] {dag.py:4180} INFO - Setting next_dagrun for hello_spark to 2026-05-19 00:00:00+00:00, run_after=2026-05-20 00:00:00+00:00
[2026-05-20T08:10:28.337+0000] {processor.py:208} INFO - Processing /opt/airflow/dags/submit_spark_dag.py took 0.108 seconds
[2026-05-20T08:10:58.750+0000] {processor.py:186} INFO - Started process (PID=669) to work on /opt/airflow/dags/submit_spark_dag.py
[2026-05-20T08:10:58.752+0000] {processor.py:914} INFO - Processing file /opt/airflow/dags/submit_spark_dag.py for tasks to queue
[2026-05-20T08:10:58.754+0000] {logging_mixin.py:190} INFO - [2026-05-20T08:10:58.754+0000] {dagbag.py:588} INFO - Filling up the DagBag from /opt/airflow/dags/submit_spark_dag.py
[2026-05-20T08:10:58.764+0000] {processor.py:925} INFO - DAG(s) 'hello_spark' retrieved from /opt/airflow/dags/submit_spark_dag.py
[2026-05-20T08:10:58.787+0000] {logging_mixin.py:190} INFO - [2026-05-20T08:10:58.787+0000] {dag.py:3239} INFO - Sync 1 DAGs
[2026-05-20T08:10:58.817+0000] {logging_mixin.py:190} INFO - [2026-05-20T08:10:58.817+0000] {dag.py:4180} INFO - Setting next_dagrun for hello_spark to 2026-05-19 00:00:00+00:00, run_after=2026-05-20 00:00:00+00:00
[2026-05-20T08:10:58.838+0000] {processor.py:208} INFO - Processing /opt/airflow/dags/submit_spark_dag.py took 0.097 seconds
[2026-05-20T08:11:29.044+0000] {processor.py:186} INFO - Started process (PID=681) to work on /opt/airflow/dags/submit_spark_dag.py
[2026-05-20T08:11:29.045+0000] {processor.py:914} INFO - Processing file /opt/airflow/dags/submit_spark_dag.py for tasks to queue
[2026-05-20T08:11:29.047+0000] {logging_mixin.py:190} INFO - [2026-05-20T08:11:29.047+0000] {dagbag.py:588} INFO - Filling up the DagBag from /opt/airflow/dags/submit_spark_dag.py
[2026-05-20T08:11:29.060+0000] {processor.py:925} INFO - DAG(s) 'hello_spark' retrieved from /opt/airflow/dags/submit_spark_dag.py
[2026-05-20T08:11:29.113+0000] {logging_mixin.py:190} INFO - [2026-05-20T08:11:29.105+0000] {dag.py:3239} INFO - Sync 1 DAGs
[2026-05-20T08:11:29.152+0000] {logging_mixin.py:190} INFO - [2026-05-20T08:11:29.151+0000] {dag.py:4180} INFO - Setting next_dagrun for hello_spark to 2026-05-19 00:00:00+00:00, run_after=2026-05-20 00:00:00+00:00
[2026-05-20T08:11:29.169+0000] {processor.py:208} INFO - Processing /opt/airflow/dags/submit_spark_dag.py took 0.141 seconds
[2026-05-20T08:11:59.469+0000] {processor.py:186} INFO - Started process (PID=694) to work on /opt/airflow/dags/submit_spark_dag.py
[2026-05-20T08:11:59.470+0000] {processor.py:914} INFO - Processing file /opt/airflow/dags/submit_spark_dag.py for tasks to queue
[2026-05-20T08:11:59.477+0000] {logging_mixin.py:190} INFO - [2026-05-20T08:11:59.477+0000] {dagbag.py:588} INFO - Filling up the DagBag from /opt/airflow/dags/submit_spark_dag.py
[2026-05-20T08:11:59.483+0000] {processor.py:925} INFO - DAG(s) 'hello_spark' retrieved from /opt/airflow/dags/submit_spark_dag.py
[2026-05-20T08:11:59.548+0000] {logging_mixin.py:190} INFO - [2026-05-20T08:11:59.542+0000] {dag.py:3239} INFO - Sync 1 DAGs
[2026-05-20T08:11:59.632+0000] {logging_mixin.py:190} INFO - [2026-05-20T08:11:59.631+0000] {dag.py:4180} INFO - Setting next_dagrun for hello_spark to 2026-05-19 00:00:00+00:00, run_after=2026-05-20 00:00:00+00:00
[2026-05-20T08:11:59.669+0000] {processor.py:208} INFO - Processing /opt/airflow/dags/submit_spark_dag.py took 0.204 seconds
[2026-05-20T08:12:30.091+0000] {processor.py:186} INFO - Started process (PID=706) to work on /opt/airflow/dags/submit_spark_dag.py
[2026-05-20T08:12:30.094+0000] {processor.py:914} INFO - Processing file /opt/airflow/dags/submit_spark_dag.py for tasks to queue
[2026-05-20T08:12:30.098+0000] {logging_mixin.py:190} INFO - [2026-05-20T08:12:30.098+0000] {dagbag.py:588} INFO - Filling up the DagBag from /opt/airflow/dags/submit_spark_dag.py
[2026-05-20T08:12:30.112+0000] {processor.py:925} INFO - DAG(s) 'hello_spark' retrieved from /opt/airflow/dags/submit_spark_dag.py
[2026-05-20T08:12:30.262+0000] {logging_mixin.py:190} INFO - [2026-05-20T08:12:30.262+0000] {dag.py:3239} INFO - Sync 1 DAGs
[2026-05-20T08:12:30.315+0000] {logging_mixin.py:190} INFO - [2026-05-20T08:12:30.314+0000] {dag.py:4180} INFO - Setting next_dagrun for hello_spark to 2026-05-19 00:00:00+00:00, run_after=2026-05-20 00:00:00+00:00
[2026-05-20T08:12:30.337+0000] {processor.py:208} INFO - Processing /opt/airflow/dags/submit_spark_dag.py took 0.257 seconds
[2026-05-20T08:13:00.775+0000] {processor.py:186} INFO - Started process (PID=717) to work on /opt/airflow/dags/submit_spark_dag.py
[2026-05-20T08:13:00.779+0000] {processor.py:914} INFO - Processing file /opt/airflow/dags/submit_spark_dag.py for tasks to queue
[2026-05-20T08:13:00.787+0000] {logging_mixin.py:190} INFO - [2026-05-20T08:13:00.787+0000] {dagbag.py:588} INFO - Filling up the DagBag from /opt/airflow/dags/submit_spark_dag.py
[2026-05-20T08:13:00.831+0000] {processor.py:925} INFO - DAG(s) 'hello_spark' retrieved from /opt/airflow/dags/submit_spark_dag.py
[2026-05-20T08:13:00.886+0000] {logging_mixin.py:190} INFO - [2026-05-20T08:13:00.886+0000] {dag.py:3239} INFO - Sync 1 DAGs
[2026-05-20T08:13:00.947+0000] {logging_mixin.py:190} INFO - [2026-05-20T08:13:00.947+0000] {dag.py:4180} INFO - Setting next_dagrun for hello_spark to 2026-05-19 00:00:00+00:00, run_after=2026-05-20 00:00:00+00:00
[2026-05-20T08:13:00.979+0000] {processor.py:208} INFO - Processing /opt/airflow/dags/submit_spark_dag.py took 0.248 seconds
[2026-05-20T08:13:31.320+0000] {processor.py:186} INFO - Started process (PID=729) to work on /opt/airflow/dags/submit_spark_dag.py
[2026-05-20T08:13:31.321+0000] {processor.py:914} INFO - Processing file /opt/airflow/dags/submit_spark_dag.py for tasks to queue
[2026-05-20T08:13:31.323+0000] {logging_mixin.py:190} INFO - [2026-05-20T08:13:31.323+0000] {dagbag.py:588} INFO - Filling up the DagBag from /opt/airflow/dags/submit_spark_dag.py
[2026-05-20T08:13:31.330+0000] {processor.py:925} INFO - DAG(s) 'hello_spark' retrieved from /opt/airflow/dags/submit_spark_dag.py
[2026-05-20T08:13:31.346+0000] {logging_mixin.py:190} INFO - [2026-05-20T08:13:31.346+0000] {dag.py:3239} INFO - Sync 1 DAGs
[2026-05-20T08:13:31.363+0000] {logging_mixin.py:190} INFO - [2026-05-20T08:13:31.363+0000] {dag.py:4180} INFO - Setting next_dagrun for hello_spark to 2026-05-19 00:00:00+00:00, run_after=2026-05-20 00:00:00+00:00
[2026-05-20T08:13:31.375+0000] {processor.py:208} INFO - Processing /opt/airflow/dags/submit_spark_dag.py took 0.059 seconds
[2026-05-20T08:14:01.677+0000] {processor.py:186} INFO - Started process (PID=741) to work on /opt/airflow/dags/submit_spark_dag.py
[2026-05-20T08:14:01.678+0000] {processor.py:914} INFO - Processing file /opt/airflow/dags/submit_spark_dag.py for tasks to queue
[2026-05-20T08:14:01.682+0000] {logging_mixin.py:190} INFO - [2026-05-20T08:14:01.681+0000] {dagbag.py:588} INFO - Filling up the DagBag from /opt/airflow/dags/submit_spark_dag.py
[2026-05-20T08:14:01.690+0000] {processor.py:925} INFO - DAG(s) 'hello_spark' retrieved from /opt/airflow/dags/submit_spark_dag.py
[2026-05-20T08:14:01.729+0000] {logging_mixin.py:190} INFO - [2026-05-20T08:14:01.728+0000] {dag.py:3239} INFO - Sync 1 DAGs
[2026-05-20T08:14:01.787+0000] {logging_mixin.py:190} INFO - [2026-05-20T08:14:01.786+0000] {dag.py:4180} INFO - Setting next_dagrun for hello_spark to 2026-05-19 00:00:00+00:00, run_after=2026-05-20 00:00:00+00:00
[2026-05-20T08:14:01.800+0000] {processor.py:208} INFO - Processing /opt/airflow/dags/submit_spark_dag.py took 0.128 seconds
[2026-05-20T08:14:32.125+0000] {processor.py:186} INFO - Started process (PID=753) to work on /opt/airflow/dags/submit_spark_dag.py
[2026-05-20T08:14:32.127+0000] {processor.py:914} INFO - Processing file /opt/airflow/dags/submit_spark_dag.py for tasks to queue
[2026-05-20T08:14:32.129+0000] {logging_mixin.py:190} INFO - [2026-05-20T08:14:32.129+0000] {dagbag.py:588} INFO - Filling up the DagBag from /opt/airflow/dags/submit_spark_dag.py
[2026-05-20T08:14:32.139+0000] {processor.py:925} INFO - DAG(s) 'hello_spark' retrieved from /opt/airflow/dags/submit_spark_dag.py
[2026-05-20T08:14:32.161+0000] {logging_mixin.py:190} INFO - [2026-05-20T08:14:32.161+0000] {dag.py:3239} INFO - Sync 1 DAGs
[2026-05-20T08:14:32.181+0000] {logging_mixin.py:190} INFO - [2026-05-20T08:14:32.181+0000] {dag.py:4180} INFO - Setting next_dagrun for hello_spark to 2026-05-19 00:00:00+00:00, run_after=2026-05-20 00:00:00+00:00
[2026-05-20T08:14:32.194+0000] {processor.py:208} INFO - Processing /opt/airflow/dags/submit_spark_dag.py took 0.076 seconds
[2026-05-20T08:15:02.473+0000] {processor.py:186} INFO - Started process (PID=765) to work on /opt/airflow/dags/submit_spark_dag.py
[2026-05-20T08:15:02.474+0000] {processor.py:914} INFO - Processing file /opt/airflow/dags/submit_spark_dag.py for tasks to queue
[2026-05-20T08:15:02.476+0000] {logging_mixin.py:190} INFO - [2026-05-20T08:15:02.475+0000] {dagbag.py:588} INFO - Filling up the DagBag from /opt/airflow/dags/submit_spark_dag.py
[2026-05-20T08:15:02.483+0000] {processor.py:925} INFO - DAG(s) 'hello_spark' retrieved from /opt/airflow/dags/submit_spark_dag.py
[2026-05-20T08:15:02.498+0000] {logging_mixin.py:190} INFO - [2026-05-20T08:15:02.498+0000] {dag.py:3239} INFO - Sync 1 DAGs
[2026-05-20T08:15:02.514+0000] {logging_mixin.py:190} INFO - [2026-05-20T08:15:02.514+0000] {dag.py:4180} INFO - Setting next_dagrun for hello_spark to 2026-05-19 00:00:00+00:00, run_after=2026-05-20 00:00:00+00:00
[2026-05-20T08:15:02.526+0000] {processor.py:208} INFO - Processing /opt/airflow/dags/submit_spark_dag.py took 0.057 seconds
[2026-05-20T08:15:32.850+0000] {processor.py:186} INFO - Started process (PID=778) to work on /opt/airflow/dags/submit_spark_dag.py
[2026-05-20T08:15:32.861+0000] {processor.py:914} INFO - Processing file /opt/airflow/dags/submit_spark_dag.py for tasks to queue
[2026-05-20T08:15:32.863+0000] {logging_mixin.py:190} INFO - [2026-05-20T08:15:32.863+0000] {dagbag.py:588} INFO - Filling up the DagBag from /opt/airflow/dags/submit_spark_dag.py
[2026-05-20T08:15:32.874+0000] {processor.py:925} INFO - DAG(s) 'hello_spark' retrieved from /opt/airflow/dags/submit_spark_dag.py
[2026-05-20T08:15:32.900+0000] {logging_mixin.py:190} INFO - [2026-05-20T08:15:32.900+0000] {dag.py:3239} INFO - Sync 1 DAGs
[2026-05-20T08:15:32.932+0000] {logging_mixin.py:190} INFO - [2026-05-20T08:15:32.932+0000] {dag.py:4180} INFO - Setting next_dagrun for hello_spark to 2026-05-19 00:00:00+00:00, run_after=2026-05-20 00:00:00+00:00
[2026-05-20T08:15:32.952+0000] {processor.py:208} INFO - Processing /opt/airflow/dags/submit_spark_dag.py took 0.113 seconds
[2026-05-20T08:16:03.238+0000] {processor.py:186} INFO - Started process (PID=790) to work on /opt/airflow/dags/submit_spark_dag.py
[2026-05-20T08:16:03.238+0000] {processor.py:914} INFO - Processing file /opt/airflow/dags/submit_spark_dag.py for tasks to queue
[2026-05-20T08:16:03.240+0000] {logging_mixin.py:190} INFO - [2026-05-20T08:16:03.240+0000] {dagbag.py:588} INFO - Filling up the DagBag from /opt/airflow/dags/submit_spark_dag.py
[2026-05-20T08:16:03.247+0000] {processor.py:925} INFO - DAG(s) 'hello_spark' retrieved from /opt/airflow/dags/submit_spark_dag.py
[2026-05-20T08:16:03.262+0000] {logging_mixin.py:190} INFO - [2026-05-20T08:16:03.262+0000] {dag.py:3239} INFO - Sync 1 DAGs
[2026-05-20T08:16:03.279+0000] {logging_mixin.py:190} INFO - [2026-05-20T08:16:03.279+0000] {dag.py:4180} INFO - Setting next_dagrun for hello_spark to 2026-05-19 00:00:00+00:00, run_after=2026-05-20 00:00:00+00:00
[2026-05-20T08:16:03.290+0000] {processor.py:208} INFO - Processing /opt/airflow/dags/submit_spark_dag.py took 0.057 seconds
[2026-05-20T08:16:33.591+0000] {processor.py:186} INFO - Started process (PID=802) to work on /opt/airflow/dags/submit_spark_dag.py
[2026-05-20T08:16:33.592+0000] {processor.py:914} INFO - Processing file /opt/airflow/dags/submit_spark_dag.py for tasks to queue
[2026-05-20T08:16:33.594+0000] {logging_mixin.py:190} INFO - [2026-05-20T08:16:33.593+0000] {dagbag.py:588} INFO - Filling up the DagBag from /opt/airflow/dags/submit_spark_dag.py
[2026-05-20T08:16:33.601+0000] {processor.py:925} INFO - DAG(s) 'hello_spark' retrieved from /opt/airflow/dags/submit_spark_dag.py
[2026-05-20T08:16:33.616+0000] {logging_mixin.py:190} INFO - [2026-05-20T08:16:33.616+0000] {dag.py:3239} INFO - Sync 1 DAGs
[2026-05-20T08:16:33.633+0000] {logging_mixin.py:190} INFO - [2026-05-20T08:16:33.633+0000] {dag.py:4180} INFO - Setting next_dagrun for hello_spark to 2026-05-19 00:00:00+00:00, run_after=2026-05-20 00:00:00+00:00
[2026-05-20T08:16:33.644+0000] {processor.py:208} INFO - Processing /opt/airflow/dags/submit_spark_dag.py took 0.058 seconds
[2026-05-20T08:17:03.892+0000] {processor.py:186} INFO - Started process (PID=814) to work on /opt/airflow/dags/submit_spark_dag.py
[2026-05-20T08:17:03.893+0000] {processor.py:914} INFO - Processing file /opt/airflow/dags/submit_spark_dag.py for tasks to queue
[2026-05-20T08:17:03.895+0000] {logging_mixin.py:190} INFO - [2026-05-20T08:17:03.894+0000] {dagbag.py:588} INFO - Filling up the DagBag from /opt/airflow/dags/submit_spark_dag.py
[2026-05-20T08:17:03.903+0000] {processor.py:925} INFO - DAG(s) 'hello_spark' retrieved from /opt/airflow/dags/submit_spark_dag.py
[2026-05-20T08:17:03.918+0000] {logging_mixin.py:190} INFO - [2026-05-20T08:17:03.918+0000] {dag.py:3239} INFO - Sync 1 DAGs
[2026-05-20T08:17:03.934+0000] {logging_mixin.py:190} INFO - [2026-05-20T08:17:03.934+0000] {dag.py:4180} INFO - Setting next_dagrun for hello_spark to 2026-05-19 00:00:00+00:00, run_after=2026-05-20 00:00:00+00:00
[2026-05-20T08:17:03.945+0000] {processor.py:208} INFO - Processing /opt/airflow/dags/submit_spark_dag.py took 0.057 seconds
[2026-05-20T08:17:34.309+0000] {processor.py:186} INFO - Started process (PID=826) to work on /opt/airflow/dags/submit_spark_dag.py
[2026-05-20T08:17:34.310+0000] {processor.py:914} INFO - Processing file /opt/airflow/dags/submit_spark_dag.py for tasks to queue
[2026-05-20T08:17:34.312+0000] {logging_mixin.py:190} INFO - [2026-05-20T08:17:34.312+0000] {dagbag.py:588} INFO - Filling up the DagBag from /opt/airflow/dags/submit_spark_dag.py
[2026-05-20T08:17:34.320+0000] {processor.py:925} INFO - DAG(s) 'hello_spark' retrieved from /opt/airflow/dags/submit_spark_dag.py
[2026-05-20T08:17:34.337+0000] {logging_mixin.py:190} INFO - [2026-05-20T08:17:34.337+0000] {dag.py:3239} INFO - Sync 1 DAGs
[2026-05-20T08:17:34.361+0000] {logging_mixin.py:190} INFO - [2026-05-20T08:17:34.361+0000] {dag.py:4180} INFO - Setting next_dagrun for hello_spark to 2026-05-19 00:00:00+00:00, run_after=2026-05-20 00:00:00+00:00
[2026-05-20T08:17:34.373+0000] {processor.py:208} INFO - Processing /opt/airflow/dags/submit_spark_dag.py took 0.069 seconds
[2026-05-20T08:18:04.580+0000] {processor.py:186} INFO - Started process (PID=838) to work on /opt/airflow/dags/submit_spark_dag.py
[2026-05-20T08:18:04.581+0000] {processor.py:914} INFO - Processing file /opt/airflow/dags/submit_spark_dag.py for tasks to queue
[2026-05-20T08:18:04.582+0000] {logging_mixin.py:190} INFO - [2026-05-20T08:18:04.582+0000] {dagbag.py:588} INFO - Filling up the DagBag from /opt/airflow/dags/submit_spark_dag.py
[2026-05-20T08:18:04.590+0000] {processor.py:925} INFO - DAG(s) 'hello_spark' retrieved from /opt/airflow/dags/submit_spark_dag.py
[2026-05-20T08:18:04.604+0000] {logging_mixin.py:190} INFO - [2026-05-20T08:18:04.604+0000] {dag.py:3239} INFO - Sync 1 DAGs
[2026-05-20T08:18:04.620+0000] {logging_mixin.py:190} INFO - [2026-05-20T08:18:04.620+0000] {dag.py:4180} INFO - Setting next_dagrun for hello_spark to 2026-05-19 00:00:00+00:00, run_after=2026-05-20 00:00:00+00:00
[2026-05-20T08:18:04.633+0000] {processor.py:208} INFO - Processing /opt/airflow/dags/submit_spark_dag.py took 0.057 seconds
[2026-05-20T08:18:34.865+0000] {processor.py:186} INFO - Started process (PID=850) to work on /opt/airflow/dags/submit_spark_dag.py
[2026-05-20T08:18:34.866+0000] {processor.py:914} INFO - Processing file /opt/airflow/dags/submit_spark_dag.py for tasks to queue
[2026-05-20T08:18:34.869+0000] {logging_mixin.py:190} INFO - [2026-05-20T08:18:34.867+0000] {dagbag.py:588} INFO - Filling up the DagBag from /opt/airflow/dags/submit_spark_dag.py
[2026-05-20T08:18:34.877+0000] {processor.py:925} INFO - DAG(s) 'hello_spark' retrieved from /opt/airflow/dags/submit_spark_dag.py
[2026-05-20T08:18:34.894+0000] {logging_mixin.py:190} INFO - [2026-05-20T08:18:34.894+0000] {dag.py:3239} INFO - Sync 1 DAGs
[2026-05-20T08:18:34.912+0000] {logging_mixin.py:190} INFO - [2026-05-20T08:18:34.912+0000] {dag.py:4180} INFO - Setting next_dagrun for hello_spark to 2026-05-19 00:00:00+00:00, run_after=2026-05-20 00:00:00+00:00
[2026-05-20T08:18:34.924+0000] {processor.py:208} INFO - Processing /opt/airflow/dags/submit_spark_dag.py took 0.064 seconds
[2026-05-20T08:19:05.211+0000] {processor.py:186} INFO - Started process (PID=862) to work on /opt/airflow/dags/submit_spark_dag.py
[2026-05-20T08:19:05.213+0000] {processor.py:914} INFO - Processing file /opt/airflow/dags/submit_spark_dag.py for tasks to queue
[2026-05-20T08:19:05.218+0000] {logging_mixin.py:190} INFO - [2026-05-20T08:19:05.218+0000] {dagbag.py:588} INFO - Filling up the DagBag from /opt/airflow/dags/submit_spark_dag.py
[2026-05-20T08:19:05.236+0000] {processor.py:925} INFO - DAG(s) 'hello_spark' retrieved from /opt/airflow/dags/submit_spark_dag.py
[2026-05-20T08:19:05.272+0000] {logging_mixin.py:190} INFO - [2026-05-20T08:19:05.271+0000] {dag.py:3239} INFO - Sync 1 DAGs
[2026-05-20T08:19:05.305+0000] {logging_mixin.py:190} INFO - [2026-05-20T08:19:05.304+0000] {dag.py:4180} INFO - Setting next_dagrun for hello_spark to 2026-05-19 00:00:00+00:00, run_after=2026-05-20 00:00:00+00:00
[2026-05-20T08:19:05.327+0000] {processor.py:208} INFO - Processing /opt/airflow/dags/submit_spark_dag.py took 0.131 seconds
[2026-05-20T08:19:35.562+0000] {processor.py:186} INFO - Started process (PID=874) to work on /opt/airflow/dags/submit_spark_dag.py
[2026-05-20T08:19:35.566+0000] {processor.py:914} INFO - Processing file /opt/airflow/dags/submit_spark_dag.py for tasks to queue
[2026-05-20T08:19:35.571+0000] {logging_mixin.py:190} INFO - [2026-05-20T08:19:35.570+0000] {dagbag.py:588} INFO - Filling up the DagBag from /opt/airflow/dags/submit_spark_dag.py
[2026-05-20T08:19:35.593+0000] {processor.py:925} INFO - DAG(s) 'hello_spark' retrieved from /opt/airflow/dags/submit_spark_dag.py
[2026-05-20T08:19:35.655+0000] {logging_mixin.py:190} INFO - [2026-05-20T08:19:35.655+0000] {dag.py:3239} INFO - Sync 1 DAGs
[2026-05-20T08:19:35.691+0000] {logging_mixin.py:190} INFO - [2026-05-20T08:19:35.690+0000] {dag.py:4180} INFO - Setting next_dagrun for hello_spark to 2026-05-19 00:00:00+00:00, run_after=2026-05-20 00:00:00+00:00
[2026-05-20T08:19:35.704+0000] {processor.py:208} INFO - Processing /opt/airflow/dags/submit_spark_dag.py took 0.174 seconds
[2026-05-20T08:20:05.970+0000] {processor.py:186} INFO - Started process (PID=887) to work on /opt/airflow/dags/submit_spark_dag.py
[2026-05-20T08:20:05.970+0000] {processor.py:914} INFO - Processing file /opt/airflow/dags/submit_spark_dag.py for tasks to queue
[2026-05-20T08:20:05.972+0000] {logging_mixin.py:190} INFO - [2026-05-20T08:20:05.972+0000] {dagbag.py:588} INFO - Filling up the DagBag from /opt/airflow/dags/submit_spark_dag.py
[2026-05-20T08:20:05.982+0000] {processor.py:925} INFO - DAG(s) 'hello_spark' retrieved from /opt/airflow/dags/submit_spark_dag.py
[2026-05-20T08:20:06.014+0000] {logging_mixin.py:190} INFO - [2026-05-20T08:20:06.014+0000] {dag.py:3239} INFO - Sync 1 DAGs
[2026-05-20T08:20:06.074+0000] {logging_mixin.py:190} INFO - [2026-05-20T08:20:06.074+0000] {dag.py:4180} INFO - Setting next_dagrun for hello_spark to 2026-05-19 00:00:00+00:00, run_after=2026-05-20 00:00:00+00:00
[2026-05-20T08:20:06.092+0000] {processor.py:208} INFO - Processing /opt/airflow/dags/submit_spark_dag.py took 0.126 seconds
[2026-05-20T08:20:36.397+0000] {processor.py:186} INFO - Started process (PID=900) to work on /opt/airflow/dags/submit_spark_dag.py
[2026-05-20T08:20:36.400+0000] {processor.py:914} INFO - Processing file /opt/airflow/dags/submit_spark_dag.py for tasks to queue
[2026-05-20T08:20:36.402+0000] {logging_mixin.py:190} INFO - [2026-05-20T08:20:36.401+0000] {dagbag.py:588} INFO - Filling up the DagBag from /opt/airflow/dags/submit_spark_dag.py
[2026-05-20T08:20:36.415+0000] {processor.py:925} INFO - DAG(s) 'hello_spark' retrieved from /opt/airflow/dags/submit_spark_dag.py
[2026-05-20T08:20:36.438+0000] {logging_mixin.py:190} INFO - [2026-05-20T08:20:36.438+0000] {dag.py:3239} INFO - Sync 1 DAGs
[2026-05-20T08:20:36.477+0000] {logging_mixin.py:190} INFO - [2026-05-20T08:20:36.476+0000] {dag.py:4180} INFO - Setting next_dagrun for hello_spark to 2026-05-19 00:00:00+00:00, run_after=2026-05-20 00:00:00+00:00
[2026-05-20T08:20:36.496+0000] {processor.py:208} INFO - Processing /opt/airflow/dags/submit_spark_dag.py took 0.105 seconds
[2026-05-20T08:21:06.583+0000] {processor.py:186} INFO - Started process (PID=912) to work on /opt/airflow/dags/submit_spark_dag.py
[2026-05-20T08:21:06.583+0000] {processor.py:914} INFO - Processing file /opt/airflow/dags/submit_spark_dag.py for tasks to queue
[2026-05-20T08:21:06.591+0000] {logging_mixin.py:190} INFO - [2026-05-20T08:21:06.591+0000] {dagbag.py:588} INFO - Filling up the DagBag from /opt/airflow/dags/submit_spark_dag.py
[2026-05-20T08:21:06.608+0000] {processor.py:925} INFO - DAG(s) 'hello_spark' retrieved from /opt/airflow/dags/submit_spark_dag.py
[2026-05-20T08:21:06.633+0000] {logging_mixin.py:190} INFO - [2026-05-20T08:21:06.632+0000] {dag.py:3239} INFO - Sync 1 DAGs
[2026-05-20T08:21:06.658+0000] {logging_mixin.py:190} INFO - [2026-05-20T08:21:06.658+0000] {dag.py:4180} INFO - Setting next_dagrun for hello_spark to 2026-05-19 00:00:00+00:00, run_after=2026-05-20 00:00:00+00:00
[2026-05-20T08:21:06.675+0000] {processor.py:208} INFO - Processing /opt/airflow/dags/submit_spark_dag.py took 0.098 seconds
[2026-05-20T08:21:36.912+0000] {processor.py:186} INFO - Started process (PID=924) to work on /opt/airflow/dags/submit_spark_dag.py
[2026-05-20T08:21:36.917+0000] {processor.py:914} INFO - Processing file /opt/airflow/dags/submit_spark_dag.py for tasks to queue
[2026-05-20T08:21:36.925+0000] {logging_mixin.py:190} INFO - [2026-05-20T08:21:36.925+0000] {dagbag.py:588} INFO - Filling up the DagBag from /opt/airflow/dags/submit_spark_dag.py
[2026-05-20T08:21:36.944+0000] {processor.py:925} INFO - DAG(s) 'hello_spark' retrieved from /opt/airflow/dags/submit_spark_dag.py
[2026-05-20T08:21:36.988+0000] {logging_mixin.py:190} INFO - [2026-05-20T08:21:36.987+0000] {dag.py:3239} INFO - Sync 1 DAGs
[2026-05-20T08:21:37.042+0000] {logging_mixin.py:190} INFO - [2026-05-20T08:21:37.042+0000] {dag.py:4180} INFO - Setting next_dagrun for hello_spark to 2026-05-19 00:00:00+00:00, run_after=2026-05-20 00:00:00+00:00
[2026-05-20T08:21:37.066+0000] {processor.py:208} INFO - Processing /opt/airflow/dags/submit_spark_dag.py took 0.162 seconds
[2026-05-20T08:22:07.379+0000] {processor.py:186} INFO - Started process (PID=936) to work on /opt/airflow/dags/submit_spark_dag.py
[2026-05-20T08:22:07.381+0000] {processor.py:914} INFO - Processing file /opt/airflow/dags/submit_spark_dag.py for tasks to queue
[2026-05-20T08:22:07.383+0000] {logging_mixin.py:190} INFO - [2026-05-20T08:22:07.383+0000] {dagbag.py:588} INFO - Filling up the DagBag from /opt/airflow/dags/submit_spark_dag.py
[2026-05-20T08:22:07.397+0000] {processor.py:925} INFO - DAG(s) 'hello_spark' retrieved from /opt/airflow/dags/submit_spark_dag.py
[2026-05-20T08:22:07.429+0000] {logging_mixin.py:190} INFO - [2026-05-20T08:22:07.429+0000] {dag.py:3239} INFO - Sync 1 DAGs
[2026-05-20T08:22:07.461+0000] {logging_mixin.py:190} INFO - [2026-05-20T08:22:07.460+0000] {dag.py:4180} INFO - Setting next_dagrun for hello_spark to 2026-05-19 00:00:00+00:00, run_after=2026-05-20 00:00:00+00:00
[2026-05-20T08:22:07.482+0000] {processor.py:208} INFO - Processing /opt/airflow/dags/submit_spark_dag.py took 0.111 seconds
[2026-05-20T08:22:37.937+0000] {processor.py:186} INFO - Started process (PID=948) to work on /opt/airflow/dags/submit_spark_dag.py
[2026-05-20T08:22:37.938+0000] {processor.py:914} INFO - Processing file /opt/airflow/dags/submit_spark_dag.py for tasks to queue
[2026-05-20T08:22:37.942+0000] {logging_mixin.py:190} INFO - [2026-05-20T08:22:37.941+0000] {dagbag.py:588} INFO - Filling up the DagBag from /opt/airflow/dags/submit_spark_dag.py
[2026-05-20T08:22:37.954+0000] {processor.py:925} INFO - DAG(s) 'hello_spark' retrieved from /opt/airflow/dags/submit_spark_dag.py
[2026-05-20T08:22:37.994+0000] {logging_mixin.py:190} INFO - [2026-05-20T08:22:37.993+0000] {dag.py:3239} INFO - Sync 1 DAGs
[2026-05-20T08:22:38.030+0000] {logging_mixin.py:190} INFO - [2026-05-20T08:22:38.030+0000] {dag.py:4180} INFO - Setting next_dagrun for hello_spark to 2026-05-19 00:00:00+00:00, run_after=2026-05-20 00:00:00+00:00
[2026-05-20T08:22:38.057+0000] {processor.py:208} INFO - Processing /opt/airflow/dags/submit_spark_dag.py took 0.137 seconds
[2026-05-20T08:23:08.364+0000] {processor.py:186} INFO - Started process (PID=960) to work on /opt/airflow/dags/submit_spark_dag.py
[2026-05-20T08:23:08.365+0000] {processor.py:914} INFO - Processing file /opt/airflow/dags/submit_spark_dag.py for tasks to queue
[2026-05-20T08:23:08.368+0000] {logging_mixin.py:190} INFO - [2026-05-20T08:23:08.366+0000] {dagbag.py:588} INFO - Filling up the DagBag from /opt/airflow/dags/submit_spark_dag.py
[2026-05-20T08:23:08.380+0000] {processor.py:925} INFO - DAG(s) 'hello_spark' retrieved from /opt/airflow/dags/submit_spark_dag.py
[2026-05-20T08:23:08.408+0000] {logging_mixin.py:190} INFO - [2026-05-20T08:23:08.408+0000] {dag.py:3239} INFO - Sync 1 DAGs
[2026-05-20T08:23:08.436+0000] {logging_mixin.py:190} INFO - [2026-05-20T08:23:08.436+0000] {dag.py:4180} INFO - Setting next_dagrun for hello_spark to 2026-05-19 00:00:00+00:00, run_after=2026-05-20 00:00:00+00:00
[2026-05-20T08:23:08.475+0000] {processor.py:208} INFO - Processing /opt/airflow/dags/submit_spark_dag.py took 0.116 seconds
[2026-05-20T08:23:38.854+0000] {processor.py:186} INFO - Started process (PID=971) to work on /opt/airflow/dags/submit_spark_dag.py
[2026-05-20T08:23:38.858+0000] {processor.py:914} INFO - Processing file /opt/airflow/dags/submit_spark_dag.py for tasks to queue
[2026-05-20T08:23:38.866+0000] {logging_mixin.py:190} INFO - [2026-05-20T08:23:38.865+0000] {dagbag.py:588} INFO - Filling up the DagBag from /opt/airflow/dags/submit_spark_dag.py
[2026-05-20T08:23:38.890+0000] {processor.py:925} INFO - DAG(s) 'hello_spark' retrieved from /opt/airflow/dags/submit_spark_dag.py
[2026-05-20T08:23:38.953+0000] {logging_mixin.py:190} INFO - [2026-05-20T08:23:38.953+0000] {dag.py:3239} INFO - Sync 1 DAGs
[2026-05-20T08:23:39.019+0000] {logging_mixin.py:190} INFO - [2026-05-20T08:23:39.019+0000] {dag.py:4180} INFO - Setting next_dagrun for hello_spark to 2026-05-19 00:00:00+00:00, run_after=2026-05-20 00:00:00+00:00
[2026-05-20T08:23:39.063+0000] {processor.py:208} INFO - Processing /opt/airflow/dags/submit_spark_dag.py took 0.227 seconds
[2026-05-20T08:24:09.329+0000] {processor.py:186} INFO - Started process (PID=983) to work on /opt/airflow/dags/submit_spark_dag.py
[2026-05-20T08:24:09.337+0000] {processor.py:914} INFO - Processing file /opt/airflow/dags/submit_spark_dag.py for tasks to queue
[2026-05-20T08:24:09.346+0000] {logging_mixin.py:190} INFO - [2026-05-20T08:24:09.346+0000] {dagbag.py:588} INFO - Filling up the DagBag from /opt/airflow/dags/submit_spark_dag.py
[2026-05-20T08:24:09.381+0000] {processor.py:925} INFO - DAG(s) 'hello_spark' retrieved from /opt/airflow/dags/submit_spark_dag.py
[2026-05-20T08:24:09.465+0000] {logging_mixin.py:190} INFO - [2026-05-20T08:24:09.465+0000] {dag.py:3239} INFO - Sync 1 DAGs
[2026-05-20T08:24:09.523+0000] {logging_mixin.py:190} INFO - [2026-05-20T08:24:09.523+0000] {dag.py:4180} INFO - Setting next_dagrun for hello_spark to 2026-05-19 00:00:00+00:00, run_after=2026-05-20 00:00:00+00:00
[2026-05-20T08:24:09.547+0000] {processor.py:208} INFO - Processing /opt/airflow/dags/submit_spark_dag.py took 0.290 seconds
[2026-05-20T08:24:40.485+0000] {processor.py:186} INFO - Started process (PID=994) to work on /opt/airflow/dags/submit_spark_dag.py
[2026-05-20T08:24:40.488+0000] {processor.py:914} INFO - Processing file /opt/airflow/dags/submit_spark_dag.py for tasks to queue
[2026-05-20T08:24:40.491+0000] {logging_mixin.py:190} INFO - [2026-05-20T08:24:40.490+0000] {dagbag.py:588} INFO - Filling up the DagBag from /opt/airflow/dags/submit_spark_dag.py
[2026-05-20T08:24:40.497+0000] {processor.py:925} INFO - DAG(s) 'hello_spark' retrieved from /opt/airflow/dags/submit_spark_dag.py
[2026-05-20T08:24:40.513+0000] {logging_mixin.py:190} INFO - [2026-05-20T08:24:40.513+0000] {dag.py:3239} INFO - Sync 1 DAGs
[2026-05-20T08:24:40.530+0000] {logging_mixin.py:190} INFO - [2026-05-20T08:24:40.530+0000] {dag.py:4180} INFO - Setting next_dagrun for hello_spark to 2026-05-19 00:00:00+00:00, run_after=2026-05-20 00:00:00+00:00
[2026-05-20T08:24:40.550+0000] {processor.py:208} INFO - Processing /opt/airflow/dags/submit_spark_dag.py took 0.069 seconds
[2026-05-20T08:25:11.023+0000] {processor.py:186} INFO - Started process (PID=1012) to work on /opt/airflow/dags/submit_spark_dag.py
[2026-05-20T08:25:11.024+0000] {processor.py:914} INFO - Processing file /opt/airflow/dags/submit_spark_dag.py for tasks to queue
[2026-05-20T08:25:11.026+0000] {logging_mixin.py:190} INFO - [2026-05-20T08:25:11.026+0000] {dagbag.py:588} INFO - Filling up the DagBag from /opt/airflow/dags/submit_spark_dag.py
[2026-05-20T08:25:11.032+0000] {processor.py:925} INFO - DAG(s) 'hello_spark' retrieved from /opt/airflow/dags/submit_spark_dag.py
[2026-05-20T08:25:11.049+0000] {logging_mixin.py:190} INFO - [2026-05-20T08:25:11.049+0000] {dag.py:3239} INFO - Sync 1 DAGs
[2026-05-20T08:25:11.074+0000] {logging_mixin.py:190} INFO - [2026-05-20T08:25:11.074+0000] {dag.py:4180} INFO - Setting next_dagrun for hello_spark to 2026-05-19 00:00:00+00:00, run_after=2026-05-20 00:00:00+00:00
[2026-05-20T08:25:11.092+0000] {processor.py:208} INFO - Processing /opt/airflow/dags/submit_spark_dag.py took 0.074 seconds
[2026-05-20T08:25:41.409+0000] {processor.py:186} INFO - Started process (PID=1023) to work on /opt/airflow/dags/submit_spark_dag.py
[2026-05-20T08:25:41.411+0000] {processor.py:914} INFO - Processing file /opt/airflow/dags/submit_spark_dag.py for tasks to queue
[2026-05-20T08:25:41.415+0000] {logging_mixin.py:190} INFO - [2026-05-20T08:25:41.414+0000] {dagbag.py:588} INFO - Filling up the DagBag from /opt/airflow/dags/submit_spark_dag.py
[2026-05-20T08:25:41.423+0000] {processor.py:925} INFO - DAG(s) 'hello_spark' retrieved from /opt/airflow/dags/submit_spark_dag.py
[2026-05-20T08:25:41.446+0000] {logging_mixin.py:190} INFO - [2026-05-20T08:25:41.446+0000] {dag.py:3239} INFO - Sync 1 DAGs
[2026-05-20T08:25:41.465+0000] {logging_mixin.py:190} INFO - [2026-05-20T08:25:41.465+0000] {dag.py:4180} INFO - Setting next_dagrun for hello_spark to 2026-05-19 00:00:00+00:00, run_after=2026-05-20 00:00:00+00:00
[2026-05-20T08:25:41.480+0000] {processor.py:208} INFO - Processing /opt/airflow/dags/submit_spark_dag.py took 0.075 seconds
[2026-05-20T08:26:11.843+0000] {processor.py:186} INFO - Started process (PID=1034) to work on /opt/airflow/dags/submit_spark_dag.py
[2026-05-20T08:26:11.844+0000] {processor.py:914} INFO - Processing file /opt/airflow/dags/submit_spark_dag.py for tasks to queue
[2026-05-20T08:26:11.846+0000] {logging_mixin.py:190} INFO - [2026-05-20T08:26:11.846+0000] {dagbag.py:588} INFO - Filling up the DagBag from /opt/airflow/dags/submit_spark_dag.py
[2026-05-20T08:26:11.854+0000] {processor.py:925} INFO - DAG(s) 'hello_spark' retrieved from /opt/airflow/dags/submit_spark_dag.py
[2026-05-20T08:26:11.874+0000] {logging_mixin.py:190} INFO - [2026-05-20T08:26:11.874+0000] {dag.py:3239} INFO - Sync 1 DAGs
[2026-05-20T08:26:11.896+0000] {logging_mixin.py:190} INFO - [2026-05-20T08:26:11.896+0000] {dag.py:4180} INFO - Setting next_dagrun for hello_spark to 2026-05-19 00:00:00+00:00, run_after=2026-05-20 00:00:00+00:00
[2026-05-20T08:26:11.910+0000] {processor.py:208} INFO - Processing /opt/airflow/dags/submit_spark_dag.py took 0.072 seconds
[2026-05-20T08:26:42.220+0000] {processor.py:186} INFO - Started process (PID=1046) to work on /opt/airflow/dags/submit_spark_dag.py
[2026-05-20T08:26:42.221+0000] {processor.py:914} INFO - Processing file /opt/airflow/dags/submit_spark_dag.py for tasks to queue
[2026-05-20T08:26:42.222+0000] {logging_mixin.py:190} INFO - [2026-05-20T08:26:42.222+0000] {dagbag.py:588} INFO - Filling up the DagBag from /opt/airflow/dags/submit_spark_dag.py
[2026-05-20T08:26:42.229+0000] {processor.py:925} INFO - DAG(s) 'hello_spark' retrieved from /opt/airflow/dags/submit_spark_dag.py
[2026-05-20T08:26:42.246+0000] {logging_mixin.py:190} INFO - [2026-05-20T08:26:42.246+0000] {dag.py:3239} INFO - Sync 1 DAGs
[2026-05-20T08:26:42.264+0000] {logging_mixin.py:190} INFO - [2026-05-20T08:26:42.264+0000] {dag.py:4180} INFO - Setting next_dagrun for hello_spark to 2026-05-19 00:00:00+00:00, run_after=2026-05-20 00:00:00+00:00
[2026-05-20T08:26:42.276+0000] {processor.py:208} INFO - Processing /opt/airflow/dags/submit_spark_dag.py took 0.061 seconds
[2026-05-20T08:27:12.696+0000] {processor.py:186} INFO - Started process (PID=1058) to work on /opt/airflow/dags/submit_spark_dag.py
[2026-05-20T08:27:12.696+0000] {processor.py:914} INFO - Processing file /opt/airflow/dags/submit_spark_dag.py for tasks to queue
[2026-05-20T08:27:12.698+0000] {logging_mixin.py:190} INFO - [2026-05-20T08:27:12.698+0000] {dagbag.py:588} INFO - Filling up the DagBag from /opt/airflow/dags/submit_spark_dag.py
[2026-05-20T08:27:12.705+0000] {processor.py:925} INFO - DAG(s) 'hello_spark' retrieved from /opt/airflow/dags/submit_spark_dag.py
[2026-05-20T08:27:12.722+0000] {logging_mixin.py:190} INFO - [2026-05-20T08:27:12.722+0000] {dag.py:3239} INFO - Sync 1 DAGs
[2026-05-20T08:27:12.739+0000] {logging_mixin.py:190} INFO - [2026-05-20T08:27:12.739+0000] {dag.py:4180} INFO - Setting next_dagrun for hello_spark to 2026-05-19 00:00:00+00:00, run_after=2026-05-20 00:00:00+00:00
[2026-05-20T08:27:12.763+0000] {processor.py:208} INFO - Processing /opt/airflow/dags/submit_spark_dag.py took 0.071 seconds
[2026-05-20T08:27:43.054+0000] {processor.py:186} INFO - Started process (PID=1071) to work on /opt/airflow/dags/submit_spark_dag.py
[2026-05-20T08:27:43.055+0000] {processor.py:914} INFO - Processing file /opt/airflow/dags/submit_spark_dag.py for tasks to queue
[2026-05-20T08:27:43.057+0000] {logging_mixin.py:190} INFO - [2026-05-20T08:27:43.057+0000] {dagbag.py:588} INFO - Filling up the DagBag from /opt/airflow/dags/submit_spark_dag.py
[2026-05-20T08:27:43.064+0000] {processor.py:925} INFO - DAG(s) 'hello_spark' retrieved from /opt/airflow/dags/submit_spark_dag.py
[2026-05-20T08:27:43.079+0000] {logging_mixin.py:190} INFO - [2026-05-20T08:27:43.079+0000] {dag.py:3239} INFO - Sync 1 DAGs
[2026-05-20T08:27:43.101+0000] {logging_mixin.py:190} INFO - [2026-05-20T08:27:43.101+0000] {dag.py:4180} INFO - Setting next_dagrun for hello_spark to 2026-05-19 00:00:00+00:00, run_after=2026-05-20 00:00:00+00:00
[2026-05-20T08:27:43.118+0000] {processor.py:208} INFO - Processing /opt/airflow/dags/submit_spark_dag.py took 0.070 seconds
[2026-05-20T08:28:13.357+0000] {processor.py:186} INFO - Started process (PID=1081) to work on /opt/airflow/dags/submit_spark_dag.py
[2026-05-20T08:28:13.358+0000] {processor.py:914} INFO - Processing file /opt/airflow/dags/submit_spark_dag.py for tasks to queue
[2026-05-20T08:28:13.359+0000] {logging_mixin.py:190} INFO - [2026-05-20T08:28:13.359+0000] {dagbag.py:588} INFO - Filling up the DagBag from /opt/airflow/dags/submit_spark_dag.py
[2026-05-20T08:28:13.367+0000] {processor.py:925} INFO - DAG(s) 'hello_spark' retrieved from /opt/airflow/dags/submit_spark_dag.py
[2026-05-20T08:28:13.393+0000] {logging_mixin.py:190} INFO - [2026-05-20T08:28:13.393+0000] {dag.py:3239} INFO - Sync 1 DAGs
[2026-05-20T08:28:13.416+0000] {logging_mixin.py:190} INFO - [2026-05-20T08:28:13.416+0000] {dag.py:4180} INFO - Setting next_dagrun for hello_spark to 2026-05-19 00:00:00+00:00, run_after=2026-05-20 00:00:00+00:00
[2026-05-20T08:28:13.443+0000] {processor.py:208} INFO - Processing /opt/airflow/dags/submit_spark_dag.py took 0.090 seconds
[2026-05-20T08:28:43.769+0000] {processor.py:186} INFO - Started process (PID=1093) to work on /opt/airflow/dags/submit_spark_dag.py
[2026-05-20T08:28:43.770+0000] {processor.py:914} INFO - Processing file /opt/airflow/dags/submit_spark_dag.py for tasks to queue
[2026-05-20T08:28:43.772+0000] {logging_mixin.py:190} INFO - [2026-05-20T08:28:43.772+0000] {dagbag.py:588} INFO - Filling up the DagBag from /opt/airflow/dags/submit_spark_dag.py
[2026-05-20T08:28:43.780+0000] {processor.py:925} INFO - DAG(s) 'hello_spark' retrieved from /opt/airflow/dags/submit_spark_dag.py
[2026-05-20T08:28:43.796+0000] {logging_mixin.py:190} INFO - [2026-05-20T08:28:43.796+0000] {dag.py:3239} INFO - Sync 1 DAGs
[2026-05-20T08:28:43.815+0000] {logging_mixin.py:190} INFO - [2026-05-20T08:28:43.815+0000] {dag.py:4180} INFO - Setting next_dagrun for hello_spark to 2026-05-19 00:00:00+00:00, run_after=2026-05-20 00:00:00+00:00
[2026-05-20T08:28:43.829+0000] {processor.py:208} INFO - Processing /opt/airflow/dags/submit_spark_dag.py took 0.064 seconds
[2026-05-20T08:29:14.143+0000] {processor.py:186} INFO - Started process (PID=1105) to work on /opt/airflow/dags/submit_spark_dag.py
[2026-05-20T08:29:14.143+0000] {processor.py:914} INFO - Processing file /opt/airflow/dags/submit_spark_dag.py for tasks to queue
[2026-05-20T08:29:14.145+0000] {logging_mixin.py:190} INFO - [2026-05-20T08:29:14.145+0000] {dagbag.py:588} INFO - Filling up the DagBag from /opt/airflow/dags/submit_spark_dag.py
[2026-05-20T08:29:14.152+0000] {processor.py:925} INFO - DAG(s) 'hello_spark' retrieved from /opt/airflow/dags/submit_spark_dag.py
[2026-05-20T08:29:14.166+0000] {logging_mixin.py:190} INFO - [2026-05-20T08:29:14.166+0000] {dag.py:3239} INFO - Sync 1 DAGs
[2026-05-20T08:29:14.183+0000] {logging_mixin.py:190} INFO - [2026-05-20T08:29:14.183+0000] {dag.py:4180} INFO - Setting next_dagrun for hello_spark to 2026-05-19 00:00:00+00:00, run_after=2026-05-20 00:00:00+00:00
[2026-05-20T08:29:14.194+0000] {processor.py:208} INFO - Processing /opt/airflow/dags/submit_spark_dag.py took 0.056 seconds
[2026-05-20T08:29:44.480+0000] {processor.py:186} INFO - Started process (PID=1117) to work on /opt/airflow/dags/submit_spark_dag.py
[2026-05-20T08:29:44.483+0000] {processor.py:914} INFO - Processing file /opt/airflow/dags/submit_spark_dag.py for tasks to queue
[2026-05-20T08:29:44.488+0000] {logging_mixin.py:190} INFO - [2026-05-20T08:29:44.488+0000] {dagbag.py:588} INFO - Filling up the DagBag from /opt/airflow/dags/submit_spark_dag.py
[2026-05-20T08:29:44.510+0000] {processor.py:925} INFO - DAG(s) 'hello_spark' retrieved from /opt/airflow/dags/submit_spark_dag.py
[2026-05-20T08:29:44.531+0000] {logging_mixin.py:190} INFO - [2026-05-20T08:29:44.531+0000] {dag.py:3239} INFO - Sync 1 DAGs
[2026-05-20T08:29:44.563+0000] {logging_mixin.py:190} INFO - [2026-05-20T08:29:44.563+0000] {dag.py:4180} INFO - Setting next_dagrun for hello_spark to 2026-05-19 00:00:00+00:00, run_after=2026-05-20 00:00:00+00:00
[2026-05-20T08:29:44.584+0000] {processor.py:208} INFO - Processing /opt/airflow/dags/submit_spark_dag.py took 0.118 seconds
[2026-05-20T08:30:14.952+0000] {processor.py:186} INFO - Started process (PID=1128) to work on /opt/airflow/dags/submit_spark_dag.py
[2026-05-20T08:30:14.953+0000] {processor.py:914} INFO - Processing file /opt/airflow/dags/submit_spark_dag.py for tasks to queue
[2026-05-20T08:30:14.956+0000] {logging_mixin.py:190} INFO - [2026-05-20T08:30:14.956+0000] {dagbag.py:588} INFO - Filling up the DagBag from /opt/airflow/dags/submit_spark_dag.py
[2026-05-20T08:30:14.964+0000] {processor.py:925} INFO - DAG(s) 'hello_spark' retrieved from /opt/airflow/dags/submit_spark_dag.py
[2026-05-20T08:30:14.982+0000] {logging_mixin.py:190} INFO - [2026-05-20T08:30:14.982+0000] {dag.py:3239} INFO - Sync 1 DAGs
[2026-05-20T08:30:15.000+0000] {logging_mixin.py:190} INFO - [2026-05-20T08:30:15.000+0000] {dag.py:4180} INFO - Setting next_dagrun for hello_spark to 2026-05-19 00:00:00+00:00, run_after=2026-05-20 00:00:00+00:00
[2026-05-20T08:30:15.015+0000] {processor.py:208} INFO - Processing /opt/airflow/dags/submit_spark_dag.py took 0.068 seconds
[2026-05-20T08:30:45.512+0000] {processor.py:186} INFO - Started process (PID=1140) to work on /opt/airflow/dags/submit_spark_dag.py
[2026-05-20T08:30:45.513+0000] {processor.py:914} INFO - Processing file /opt/airflow/dags/submit_spark_dag.py for tasks to queue
[2026-05-20T08:30:45.515+0000] {logging_mixin.py:190} INFO - [2026-05-20T08:30:45.514+0000] {dagbag.py:588} INFO - Filling up the DagBag from /opt/airflow/dags/submit_spark_dag.py
[2026-05-20T08:30:45.521+0000] {processor.py:925} INFO - DAG(s) 'hello_spark' retrieved from /opt/airflow/dags/submit_spark_dag.py
[2026-05-20T08:30:45.538+0000] {logging_mixin.py:190} INFO - [2026-05-20T08:30:45.538+0000] {dag.py:3239} INFO - Sync 1 DAGs
[2026-05-20T08:30:45.556+0000] {logging_mixin.py:190} INFO - [2026-05-20T08:30:45.555+0000] {dag.py:4180} INFO - Setting next_dagrun for hello_spark to 2026-05-19 00:00:00+00:00, run_after=2026-05-20 00:00:00+00:00
[2026-05-20T08:30:45.572+0000] {processor.py:208} INFO - Processing /opt/airflow/dags/submit_spark_dag.py took 0.064 seconds
[2026-05-20T08:31:15.788+0000] {processor.py:186} INFO - Started process (PID=1152) to work on /opt/airflow/dags/submit_spark_dag.py
[2026-05-20T08:31:15.790+0000] {processor.py:914} INFO - Processing file /opt/airflow/dags/submit_spark_dag.py for tasks to queue
[2026-05-20T08:31:15.793+0000] {logging_mixin.py:190} INFO - [2026-05-20T08:31:15.792+0000] {dagbag.py:588} INFO - Filling up the DagBag from /opt/airflow/dags/submit_spark_dag.py
[2026-05-20T08:31:15.802+0000] {processor.py:925} INFO - DAG(s) 'hello_spark' retrieved from /opt/airflow/dags/submit_spark_dag.py
[2026-05-20T08:31:15.819+0000] {logging_mixin.py:190} INFO - [2026-05-20T08:31:15.818+0000] {dag.py:3239} INFO - Sync 1 DAGs
[2026-05-20T08:31:15.837+0000] {logging_mixin.py:190} INFO - [2026-05-20T08:31:15.837+0000] {dag.py:4180} INFO - Setting next_dagrun for hello_spark to 2026-05-19 00:00:00+00:00, run_after=2026-05-20 00:00:00+00:00
[2026-05-20T08:31:15.852+0000] {processor.py:208} INFO - Processing /opt/airflow/dags/submit_spark_dag.py took 0.070 seconds
[2026-05-20T08:31:46.136+0000] {processor.py:186} INFO - Started process (PID=1164) to work on /opt/airflow/dags/submit_spark_dag.py
[2026-05-20T08:31:46.137+0000] {processor.py:914} INFO - Processing file /opt/airflow/dags/submit_spark_dag.py for tasks to queue
[2026-05-20T08:31:46.138+0000] {logging_mixin.py:190} INFO - [2026-05-20T08:31:46.138+0000] {dagbag.py:588} INFO - Filling up the DagBag from /opt/airflow/dags/submit_spark_dag.py
[2026-05-20T08:31:46.146+0000] {processor.py:925} INFO - DAG(s) 'hello_spark' retrieved from /opt/airflow/dags/submit_spark_dag.py
[2026-05-20T08:31:46.169+0000] {logging_mixin.py:190} INFO - [2026-05-20T08:31:46.168+0000] {dag.py:3239} INFO - Sync 1 DAGs
[2026-05-20T08:31:46.190+0000] {logging_mixin.py:190} INFO - [2026-05-20T08:31:46.189+0000] {dag.py:4180} INFO - Setting next_dagrun for hello_spark to 2026-05-19 00:00:00+00:00, run_after=2026-05-20 00:00:00+00:00
[2026-05-20T08:31:46.206+0000] {processor.py:208} INFO - Processing /opt/airflow/dags/submit_spark_dag.py took 0.076 seconds
[2026-05-20T08:32:16.482+0000] {processor.py:186} INFO - Started process (PID=1176) to work on /opt/airflow/dags/submit_spark_dag.py
[2026-05-20T08:32:16.483+0000] {processor.py:914} INFO - Processing file /opt/airflow/dags/submit_spark_dag.py for tasks to queue
[2026-05-20T08:32:16.485+0000] {logging_mixin.py:190} INFO - [2026-05-20T08:32:16.485+0000] {dagbag.py:588} INFO - Filling up the DagBag from /opt/airflow/dags/submit_spark_dag.py
[2026-05-20T08:32:16.492+0000] {processor.py:925} INFO - DAG(s) 'hello_spark' retrieved from /opt/airflow/dags/submit_spark_dag.py
[2026-05-20T08:32:16.512+0000] {logging_mixin.py:190} INFO - [2026-05-20T08:32:16.512+0000] {dag.py:3239} INFO - Sync 1 DAGs
[2026-05-20T08:32:16.531+0000] {logging_mixin.py:190} INFO - [2026-05-20T08:32:16.531+0000] {dag.py:4180} INFO - Setting next_dagrun for hello_spark to 2026-05-19 00:00:00+00:00, run_after=2026-05-20 00:00:00+00:00
[2026-05-20T08:32:16.545+0000] {processor.py:208} INFO - Processing /opt/airflow/dags/submit_spark_dag.py took 0.067 seconds
[2026-05-20T08:32:46.838+0000] {processor.py:186} INFO - Started process (PID=1187) to work on /opt/airflow/dags/submit_spark_dag.py
[2026-05-20T08:32:46.839+0000] {processor.py:914} INFO - Processing file /opt/airflow/dags/submit_spark_dag.py for tasks to queue
[2026-05-20T08:32:46.840+0000] {logging_mixin.py:190} INFO - [2026-05-20T08:32:46.840+0000] {dagbag.py:588} INFO - Filling up the DagBag from /opt/airflow/dags/submit_spark_dag.py
[2026-05-20T08:32:46.847+0000] {processor.py:925} INFO - DAG(s) 'hello_spark' retrieved from /opt/airflow/dags/submit_spark_dag.py
[2026-05-20T08:32:46.866+0000] {logging_mixin.py:190} INFO - [2026-05-20T08:32:46.866+0000] {dag.py:3239} INFO - Sync 1 DAGs
[2026-05-20T08:32:46.887+0000] {logging_mixin.py:190} INFO - [2026-05-20T08:32:46.886+0000] {dag.py:4180} INFO - Setting next_dagrun for hello_spark to 2026-05-19 00:00:00+00:00, run_after=2026-05-20 00:00:00+00:00
[2026-05-20T08:32:46.901+0000] {processor.py:208} INFO - Processing /opt/airflow/dags/submit_spark_dag.py took 0.068 seconds
[2026-05-20T08:33:17.077+0000] {processor.py:186} INFO - Started process (PID=1199) to work on /opt/airflow/dags/submit_spark_dag.py
[2026-05-20T08:33:17.078+0000] {processor.py:914} INFO - Processing file /opt/airflow/dags/submit_spark_dag.py for tasks to queue
[2026-05-20T08:33:17.080+0000] {logging_mixin.py:190} INFO - [2026-05-20T08:33:17.080+0000] {dagbag.py:588} INFO - Filling up the DagBag from /opt/airflow/dags/submit_spark_dag.py
[2026-05-20T08:33:17.088+0000] {processor.py:925} INFO - DAG(s) 'hello_spark' retrieved from /opt/airflow/dags/submit_spark_dag.py
[2026-05-20T08:33:17.108+0000] {logging_mixin.py:190} INFO - [2026-05-20T08:33:17.108+0000] {dag.py:3239} INFO - Sync 1 DAGs
[2026-05-20T08:33:17.126+0000] {logging_mixin.py:190} INFO - [2026-05-20T08:33:17.126+0000] {dag.py:4180} INFO - Setting next_dagrun for hello_spark to 2026-05-19 00:00:00+00:00, run_after=2026-05-20 00:00:00+00:00
[2026-05-20T08:33:17.142+0000] {processor.py:208} INFO - Processing /opt/airflow/dags/submit_spark_dag.py took 0.070 seconds
[2026-05-20T08:33:47.404+0000] {processor.py:186} INFO - Started process (PID=1211) to work on /opt/airflow/dags/submit_spark_dag.py
[2026-05-20T08:33:47.405+0000] {processor.py:914} INFO - Processing file /opt/airflow/dags/submit_spark_dag.py for tasks to queue
[2026-05-20T08:33:47.407+0000] {logging_mixin.py:190} INFO - [2026-05-20T08:33:47.406+0000] {dagbag.py:588} INFO - Filling up the DagBag from /opt/airflow/dags/submit_spark_dag.py
[2026-05-20T08:33:47.413+0000] {processor.py:925} INFO - DAG(s) 'hello_spark' retrieved from /opt/airflow/dags/submit_spark_dag.py
[2026-05-20T08:33:47.434+0000] {logging_mixin.py:190} INFO - [2026-05-20T08:33:47.434+0000] {dag.py:3239} INFO - Sync 1 DAGs
[2026-05-20T08:33:47.456+0000] {logging_mixin.py:190} INFO - [2026-05-20T08:33:47.456+0000] {dag.py:4180} INFO - Setting next_dagrun for hello_spark to 2026-05-19 00:00:00+00:00, run_after=2026-05-20 00:00:00+00:00
[2026-05-20T08:33:47.471+0000] {processor.py:208} INFO - Processing /opt/airflow/dags/submit_spark_dag.py took 0.071 seconds
[2026-05-20T08:34:17.756+0000] {processor.py:186} INFO - Started process (PID=1223) to work on /opt/airflow/dags/submit_spark_dag.py
[2026-05-20T08:34:17.758+0000] {processor.py:914} INFO - Processing file /opt/airflow/dags/submit_spark_dag.py for tasks to queue
[2026-05-20T08:34:17.761+0000] {logging_mixin.py:190} INFO - [2026-05-20T08:34:17.761+0000] {dagbag.py:588} INFO - Filling up the DagBag from /opt/airflow/dags/submit_spark_dag.py
[2026-05-20T08:34:17.771+0000] {processor.py:925} INFO - DAG(s) 'hello_spark' retrieved from /opt/airflow/dags/submit_spark_dag.py
[2026-05-20T08:34:17.794+0000] {logging_mixin.py:190} INFO - [2026-05-20T08:34:17.794+0000] {dag.py:3239} INFO - Sync 1 DAGs
[2026-05-20T08:34:17.813+0000] {logging_mixin.py:190} INFO - [2026-05-20T08:34:17.813+0000] {dag.py:4180} INFO - Setting next_dagrun for hello_spark to 2026-05-19 00:00:00+00:00, run_after=2026-05-20 00:00:00+00:00
[2026-05-20T08:34:17.826+0000] {processor.py:208} INFO - Processing /opt/airflow/dags/submit_spark_dag.py took 0.079 seconds
[2026-05-20T08:34:48.111+0000] {processor.py:186} INFO - Started process (PID=1235) to work on /opt/airflow/dags/submit_spark_dag.py
[2026-05-20T08:34:48.112+0000] {processor.py:914} INFO - Processing file /opt/airflow/dags/submit_spark_dag.py for tasks to queue
[2026-05-20T08:34:48.116+0000] {logging_mixin.py:190} INFO - [2026-05-20T08:34:48.115+0000] {dagbag.py:588} INFO - Filling up the DagBag from /opt/airflow/dags/submit_spark_dag.py
[2026-05-20T08:34:48.126+0000] {processor.py:925} INFO - DAG(s) 'hello_spark' retrieved from /opt/airflow/dags/submit_spark_dag.py
[2026-05-20T08:34:48.146+0000] {logging_mixin.py:190} INFO - [2026-05-20T08:34:48.145+0000] {dag.py:3239} INFO - Sync 1 DAGs
[2026-05-20T08:34:48.165+0000] {logging_mixin.py:190} INFO - [2026-05-20T08:34:48.165+0000] {dag.py:4180} INFO - Setting next_dagrun for hello_spark to 2026-05-19 00:00:00+00:00, run_after=2026-05-20 00:00:00+00:00
[2026-05-20T08:34:48.179+0000] {processor.py:208} INFO - Processing /opt/airflow/dags/submit_spark_dag.py took 0.077 seconds
[2026-05-20T08:35:18.469+0000] {processor.py:186} INFO - Started process (PID=1248) to work on /opt/airflow/dags/submit_spark_dag.py
[2026-05-20T08:35:18.470+0000] {processor.py:914} INFO - Processing file /opt/airflow/dags/submit_spark_dag.py for tasks to queue
[2026-05-20T08:35:18.472+0000] {logging_mixin.py:190} INFO - [2026-05-20T08:35:18.472+0000] {dagbag.py:588} INFO - Filling up the DagBag from /opt/airflow/dags/submit_spark_dag.py
[2026-05-20T08:35:18.478+0000] {processor.py:925} INFO - DAG(s) 'hello_spark' retrieved from /opt/airflow/dags/submit_spark_dag.py
[2026-05-20T08:35:18.503+0000] {logging_mixin.py:190} INFO - [2026-05-20T08:35:18.502+0000] {dag.py:3239} INFO - Sync 1 DAGs
[2026-05-20T08:35:18.568+0000] {logging_mixin.py:190} INFO - [2026-05-20T08:35:18.567+0000] {dag.py:4180} INFO - Setting next_dagrun for hello_spark to 2026-05-19 00:00:00+00:00, run_after=2026-05-20 00:00:00+00:00
[2026-05-20T08:35:18.585+0000] {processor.py:208} INFO - Processing /opt/airflow/dags/submit_spark_dag.py took 0.120 seconds
[2026-05-20T08:35:48.846+0000] {processor.py:186} INFO - Started process (PID=1260) to work on /opt/airflow/dags/submit_spark_dag.py
[2026-05-20T08:35:48.846+0000] {processor.py:914} INFO - Processing file /opt/airflow/dags/submit_spark_dag.py for tasks to queue
[2026-05-20T08:35:48.849+0000] {logging_mixin.py:190} INFO - [2026-05-20T08:35:48.848+0000] {dagbag.py:588} INFO - Filling up the DagBag from /opt/airflow/dags/submit_spark_dag.py
[2026-05-20T08:35:48.855+0000] {processor.py:925} INFO - DAG(s) 'hello_spark' retrieved from /opt/airflow/dags/submit_spark_dag.py
[2026-05-20T08:35:48.870+0000] {logging_mixin.py:190} INFO - [2026-05-20T08:35:48.870+0000] {dag.py:3239} INFO - Sync 1 DAGs
[2026-05-20T08:35:48.888+0000] {logging_mixin.py:190} INFO - [2026-05-20T08:35:48.888+0000] {dag.py:4180} INFO - Setting next_dagrun for hello_spark to 2026-05-19 00:00:00+00:00, run_after=2026-05-20 00:00:00+00:00
[2026-05-20T08:35:48.905+0000] {processor.py:208} INFO - Processing /opt/airflow/dags/submit_spark_dag.py took 0.063 seconds
[2026-05-20T08:36:19.166+0000] {processor.py:186} INFO - Started process (PID=1272) to work on /opt/airflow/dags/submit_spark_dag.py
[2026-05-20T08:36:19.167+0000] {processor.py:914} INFO - Processing file /opt/airflow/dags/submit_spark_dag.py for tasks to queue
[2026-05-20T08:36:19.170+0000] {logging_mixin.py:190} INFO - [2026-05-20T08:36:19.170+0000] {dagbag.py:588} INFO - Filling up the DagBag from /opt/airflow/dags/submit_spark_dag.py
[2026-05-20T08:36:19.180+0000] {processor.py:925} INFO - DAG(s) 'hello_spark' retrieved from /opt/airflow/dags/submit_spark_dag.py
[2026-05-20T08:36:19.199+0000] {logging_mixin.py:190} INFO - [2026-05-20T08:36:19.199+0000] {dag.py:3239} INFO - Sync 1 DAGs
[2026-05-20T08:36:19.218+0000] {logging_mixin.py:190} INFO - [2026-05-20T08:36:19.217+0000] {dag.py:4180} INFO - Setting next_dagrun for hello_spark to 2026-05-19 00:00:00+00:00, run_after=2026-05-20 00:00:00+00:00
[2026-05-20T08:36:19.232+0000] {processor.py:208} INFO - Processing /opt/airflow/dags/submit_spark_dag.py took 0.075 seconds
[2026-05-20T08:36:49.431+0000] {processor.py:186} INFO - Started process (PID=1283) to work on /opt/airflow/dags/submit_spark_dag.py
[2026-05-20T08:36:49.432+0000] {processor.py:914} INFO - Processing file /opt/airflow/dags/submit_spark_dag.py for tasks to queue
[2026-05-20T08:36:49.433+0000] {logging_mixin.py:190} INFO - [2026-05-20T08:36:49.433+0000] {dagbag.py:588} INFO - Filling up the DagBag from /opt/airflow/dags/submit_spark_dag.py
[2026-05-20T08:36:49.440+0000] {processor.py:925} INFO - DAG(s) 'hello_spark' retrieved from /opt/airflow/dags/submit_spark_dag.py
[2026-05-20T08:36:49.456+0000] {logging_mixin.py:190} INFO - [2026-05-20T08:36:49.456+0000] {dag.py:3239} INFO - Sync 1 DAGs
[2026-05-20T08:36:49.473+0000] {logging_mixin.py:190} INFO - [2026-05-20T08:36:49.472+0000] {dag.py:4180} INFO - Setting next_dagrun for hello_spark to 2026-05-19 00:00:00+00:00, run_after=2026-05-20 00:00:00+00:00
[2026-05-20T08:36:49.486+0000] {processor.py:208} INFO - Processing /opt/airflow/dags/submit_spark_dag.py took 0.060 seconds
[2026-05-20T08:37:19.696+0000] {processor.py:186} INFO - Started process (PID=1295) to work on /opt/airflow/dags/submit_spark_dag.py
[2026-05-20T08:37:19.697+0000] {processor.py:914} INFO - Processing file /opt/airflow/dags/submit_spark_dag.py for tasks to queue
[2026-05-20T08:37:19.699+0000] {logging_mixin.py:190} INFO - [2026-05-20T08:37:19.699+0000] {dagbag.py:588} INFO - Filling up the DagBag from /opt/airflow/dags/submit_spark_dag.py
[2026-05-20T08:37:19.705+0000] {processor.py:925} INFO - DAG(s) 'hello_spark' retrieved from /opt/airflow/dags/submit_spark_dag.py
[2026-05-20T08:37:19.724+0000] {logging_mixin.py:190} INFO - [2026-05-20T08:37:19.724+0000] {dag.py:3239} INFO - Sync 1 DAGs
[2026-05-20T08:37:19.742+0000] {logging_mixin.py:190} INFO - [2026-05-20T08:37:19.742+0000] {dag.py:4180} INFO - Setting next_dagrun for hello_spark to 2026-05-19 00:00:00+00:00, run_after=2026-05-20 00:00:00+00:00
[2026-05-20T08:37:19.755+0000] {processor.py:208} INFO - Processing /opt/airflow/dags/submit_spark_dag.py took 0.063 seconds
[2026-05-20T08:37:50.028+0000] {processor.py:186} INFO - Started process (PID=1306) to work on /opt/airflow/dags/submit_spark_dag.py
[2026-05-20T08:37:50.028+0000] {processor.py:914} INFO - Processing file /opt/airflow/dags/submit_spark_dag.py for tasks to queue
[2026-05-20T08:37:50.031+0000] {logging_mixin.py:190} INFO - [2026-05-20T08:37:50.031+0000] {dagbag.py:588} INFO - Filling up the DagBag from /opt/airflow/dags/submit_spark_dag.py
[2026-05-20T08:37:50.040+0000] {processor.py:925} INFO - DAG(s) 'hello_spark' retrieved from /opt/airflow/dags/submit_spark_dag.py
[2026-05-20T08:37:50.059+0000] {logging_mixin.py:190} INFO - [2026-05-20T08:37:50.058+0000] {dag.py:3239} INFO - Sync 1 DAGs
[2026-05-20T08:37:50.076+0000] {logging_mixin.py:190} INFO - [2026-05-20T08:37:50.076+0000] {dag.py:4180} INFO - Setting next_dagrun for hello_spark to 2026-05-19 00:00:00+00:00, run_after=2026-05-20 00:00:00+00:00
[2026-05-20T08:37:50.089+0000] {processor.py:208} INFO - Processing /opt/airflow/dags/submit_spark_dag.py took 0.070 seconds
[2026-05-20T08:38:20.319+0000] {processor.py:186} INFO - Started process (PID=1318) to work on /opt/airflow/dags/submit_spark_dag.py
[2026-05-20T08:38:20.320+0000] {processor.py:914} INFO - Processing file /opt/airflow/dags/submit_spark_dag.py for tasks to queue
[2026-05-20T08:38:20.322+0000] {logging_mixin.py:190} INFO - [2026-05-20T08:38:20.321+0000] {dagbag.py:588} INFO - Filling up the DagBag from /opt/airflow/dags/submit_spark_dag.py
[2026-05-20T08:38:20.330+0000] {processor.py:925} INFO - DAG(s) 'hello_spark' retrieved from /opt/airflow/dags/submit_spark_dag.py
[2026-05-20T08:38:20.346+0000] {logging_mixin.py:190} INFO - [2026-05-20T08:38:20.346+0000] {dag.py:3239} INFO - Sync 1 DAGs
[2026-05-20T08:38:20.364+0000] {logging_mixin.py:190} INFO - [2026-05-20T08:38:20.363+0000] {dag.py:4180} INFO - Setting next_dagrun for hello_spark to 2026-05-19 00:00:00+00:00, run_after=2026-05-20 00:00:00+00:00
[2026-05-20T08:38:20.378+0000] {processor.py:208} INFO - Processing /opt/airflow/dags/submit_spark_dag.py took 0.064 seconds
[2026-05-20T08:38:50.658+0000] {processor.py:186} INFO - Started process (PID=1330) to work on /opt/airflow/dags/submit_spark_dag.py
[2026-05-20T08:38:50.659+0000] {processor.py:914} INFO - Processing file /opt/airflow/dags/submit_spark_dag.py for tasks to queue
[2026-05-20T08:38:50.661+0000] {logging_mixin.py:190} INFO - [2026-05-20T08:38:50.660+0000] {dagbag.py:588} INFO - Filling up the DagBag from /opt/airflow/dags/submit_spark_dag.py
[2026-05-20T08:38:50.668+0000] {processor.py:925} INFO - DAG(s) 'hello_spark' retrieved from /opt/airflow/dags/submit_spark_dag.py
[2026-05-20T08:38:50.682+0000] {logging_mixin.py:190} INFO - [2026-05-20T08:38:50.682+0000] {dag.py:3239} INFO - Sync 1 DAGs
[2026-05-20T08:38:50.698+0000] {logging_mixin.py:190} INFO - [2026-05-20T08:38:50.698+0000] {dag.py:4180} INFO - Setting next_dagrun for hello_spark to 2026-05-19 00:00:00+00:00, run_after=2026-05-20 00:00:00+00:00
[2026-05-20T08:38:50.710+0000] {processor.py:208} INFO - Processing /opt/airflow/dags/submit_spark_dag.py took 0.056 seconds
[2026-05-20T08:39:20.965+0000] {processor.py:186} INFO - Started process (PID=1342) to work on /opt/airflow/dags/submit_spark_dag.py
[2026-05-20T08:39:20.966+0000] {processor.py:914} INFO - Processing file /opt/airflow/dags/submit_spark_dag.py for tasks to queue
[2026-05-20T08:39:20.967+0000] {logging_mixin.py:190} INFO - [2026-05-20T08:39:20.967+0000] {dagbag.py:588} INFO - Filling up the DagBag from /opt/airflow/dags/submit_spark_dag.py
[2026-05-20T08:39:20.973+0000] {processor.py:925} INFO - DAG(s) 'hello_spark' retrieved from /opt/airflow/dags/submit_spark_dag.py
[2026-05-20T08:39:20.991+0000] {logging_mixin.py:190} INFO - [2026-05-20T08:39:20.991+0000] {dag.py:3239} INFO - Sync 1 DAGs
[2026-05-20T08:39:21.009+0000] {logging_mixin.py:190} INFO - [2026-05-20T08:39:21.009+0000] {dag.py:4180} INFO - Setting next_dagrun for hello_spark to 2026-05-19 00:00:00+00:00, run_after=2026-05-20 00:00:00+00:00
[2026-05-20T08:39:21.022+0000] {processor.py:208} INFO - Processing /opt/airflow/dags/submit_spark_dag.py took 0.061 seconds
[2026-05-20T08:39:51.315+0000] {processor.py:186} INFO - Started process (PID=1354) to work on /opt/airflow/dags/submit_spark_dag.py
[2026-05-20T08:39:51.317+0000] {processor.py:914} INFO - Processing file /opt/airflow/dags/submit_spark_dag.py for tasks to queue
[2026-05-20T08:39:51.321+0000] {logging_mixin.py:190} INFO - [2026-05-20T08:39:51.321+0000] {dagbag.py:588} INFO - Filling up the DagBag from /opt/airflow/dags/submit_spark_dag.py
[2026-05-20T08:39:51.331+0000] {processor.py:925} INFO - DAG(s) 'hello_spark' retrieved from /opt/airflow/dags/submit_spark_dag.py
[2026-05-20T08:39:51.350+0000] {logging_mixin.py:190} INFO - [2026-05-20T08:39:51.350+0000] {dag.py:3239} INFO - Sync 1 DAGs
[2026-05-20T08:39:51.369+0000] {logging_mixin.py:190} INFO - [2026-05-20T08:39:51.369+0000] {dag.py:4180} INFO - Setting next_dagrun for hello_spark to 2026-05-19 00:00:00+00:00, run_after=2026-05-20 00:00:00+00:00
[2026-05-20T08:39:51.382+0000] {processor.py:208} INFO - Processing /opt/airflow/dags/submit_spark_dag.py took 0.074 seconds
[2026-05-20T08:40:21.647+0000] {processor.py:186} INFO - Started process (PID=1367) to work on /opt/airflow/dags/submit_spark_dag.py
[2026-05-20T08:40:21.648+0000] {processor.py:914} INFO - Processing file /opt/airflow/dags/submit_spark_dag.py for tasks to queue
[2026-05-20T08:40:21.650+0000] {logging_mixin.py:190} INFO - [2026-05-20T08:40:21.650+0000] {dagbag.py:588} INFO - Filling up the DagBag from /opt/airflow/dags/submit_spark_dag.py
[2026-05-20T08:40:21.657+0000] {processor.py:925} INFO - DAG(s) 'hello_spark' retrieved from /opt/airflow/dags/submit_spark_dag.py
[2026-05-20T08:40:21.676+0000] {logging_mixin.py:190} INFO - [2026-05-20T08:40:21.675+0000] {dag.py:3239} INFO - Sync 1 DAGs
[2026-05-20T08:40:21.694+0000] {logging_mixin.py:190} INFO - [2026-05-20T08:40:21.693+0000] {dag.py:4180} INFO - Setting next_dagrun for hello_spark to 2026-05-19 00:00:00+00:00, run_after=2026-05-20 00:00:00+00:00
[2026-05-20T08:40:21.707+0000] {processor.py:208} INFO - Processing /opt/airflow/dags/submit_spark_dag.py took 0.064 seconds
[2026-05-20T08:40:52.011+0000] {processor.py:186} INFO - Started process (PID=1379) to work on /opt/airflow/dags/submit_spark_dag.py
[2026-05-20T08:40:52.019+0000] {processor.py:914} INFO - Processing file /opt/airflow/dags/submit_spark_dag.py for tasks to queue
[2026-05-20T08:40:52.024+0000] {logging_mixin.py:190} INFO - [2026-05-20T08:40:52.024+0000] {dagbag.py:588} INFO - Filling up the DagBag from /opt/airflow/dags/submit_spark_dag.py
[2026-05-20T08:40:52.034+0000] {processor.py:925} INFO - DAG(s) 'hello_spark' retrieved from /opt/airflow/dags/submit_spark_dag.py
[2026-05-20T08:40:52.085+0000] {logging_mixin.py:190} INFO - [2026-05-20T08:40:52.085+0000] {dag.py:3239} INFO - Sync 1 DAGs
[2026-05-20T08:40:52.108+0000] {logging_mixin.py:190} INFO - [2026-05-20T08:40:52.108+0000] {dag.py:4180} INFO - Setting next_dagrun for hello_spark to 2026-05-19 00:00:00+00:00, run_after=2026-05-20 00:00:00+00:00
[2026-05-20T08:40:52.127+0000] {processor.py:208} INFO - Processing /opt/airflow/dags/submit_spark_dag.py took 0.141 seconds
[2026-05-20T08:41:22.329+0000] {processor.py:186} INFO - Started process (PID=1391) to work on /opt/airflow/dags/submit_spark_dag.py
[2026-05-20T08:41:22.330+0000] {processor.py:914} INFO - Processing file /opt/airflow/dags/submit_spark_dag.py for tasks to queue
[2026-05-20T08:41:22.331+0000] {logging_mixin.py:190} INFO - [2026-05-20T08:41:22.331+0000] {dagbag.py:588} INFO - Filling up the DagBag from /opt/airflow/dags/submit_spark_dag.py
[2026-05-20T08:41:22.338+0000] {processor.py:925} INFO - DAG(s) 'hello_spark' retrieved from /opt/airflow/dags/submit_spark_dag.py
[2026-05-20T08:41:22.355+0000] {logging_mixin.py:190} INFO - [2026-05-20T08:41:22.355+0000] {dag.py:3239} INFO - Sync 1 DAGs
[2026-05-20T08:41:22.373+0000] {logging_mixin.py:190} INFO - [2026-05-20T08:41:22.373+0000] {dag.py:4180} INFO - Setting next_dagrun for hello_spark to 2026-05-19 00:00:00+00:00, run_after=2026-05-20 00:00:00+00:00
[2026-05-20T08:41:22.387+0000] {processor.py:208} INFO - Processing /opt/airflow/dags/submit_spark_dag.py took 0.063 seconds
[2026-05-20T08:41:52.636+0000] {processor.py:186} INFO - Started process (PID=1403) to work on /opt/airflow/dags/submit_spark_dag.py
[2026-05-20T08:41:52.636+0000] {processor.py:914} INFO - Processing file /opt/airflow/dags/submit_spark_dag.py for tasks to queue
[2026-05-20T08:41:52.638+0000] {logging_mixin.py:190} INFO - [2026-05-20T08:41:52.638+0000] {dagbag.py:588} INFO - Filling up the DagBag from /opt/airflow/dags/submit_spark_dag.py
[2026-05-20T08:41:52.645+0000] {processor.py:925} INFO - DAG(s) 'hello_spark' retrieved from /opt/airflow/dags/submit_spark_dag.py
[2026-05-20T08:41:52.666+0000] {logging_mixin.py:190} INFO - [2026-05-20T08:41:52.666+0000] {dag.py:3239} INFO - Sync 1 DAGs
[2026-05-20T08:41:52.693+0000] {logging_mixin.py:190} INFO - [2026-05-20T08:41:52.690+0000] {dag.py:4180} INFO - Setting next_dagrun for hello_spark to 2026-05-19 00:00:00+00:00, run_after=2026-05-20 00:00:00+00:00
[2026-05-20T08:41:52.708+0000] {processor.py:208} INFO - Processing /opt/airflow/dags/submit_spark_dag.py took 0.078 seconds
[2026-05-20T08:42:23.074+0000] {processor.py:186} INFO - Started process (PID=1414) to work on /opt/airflow/dags/submit_spark_dag.py
[2026-05-20T08:42:23.075+0000] {processor.py:914} INFO - Processing file /opt/airflow/dags/submit_spark_dag.py for tasks to queue
[2026-05-20T08:42:23.076+0000] {logging_mixin.py:190} INFO - [2026-05-20T08:42:23.076+0000] {dagbag.py:588} INFO - Filling up the DagBag from /opt/airflow/dags/submit_spark_dag.py
[2026-05-20T08:42:23.083+0000] {processor.py:925} INFO - DAG(s) 'hello_spark' retrieved from /opt/airflow/dags/submit_spark_dag.py
[2026-05-20T08:42:23.102+0000] {logging_mixin.py:190} INFO - [2026-05-20T08:42:23.102+0000] {dag.py:3239} INFO - Sync 1 DAGs
[2026-05-20T08:42:23.123+0000] {logging_mixin.py:190} INFO - [2026-05-20T08:42:23.122+0000] {dag.py:4180} INFO - Setting next_dagrun for hello_spark to 2026-05-19 00:00:00+00:00, run_after=2026-05-20 00:00:00+00:00
[2026-05-20T08:42:23.140+0000] {processor.py:208} INFO - Processing /opt/airflow/dags/submit_spark_dag.py took 0.070 seconds
[2026-05-20T08:42:53.473+0000] {processor.py:186} INFO - Started process (PID=1426) to work on /opt/airflow/dags/submit_spark_dag.py
[2026-05-20T08:42:53.474+0000] {processor.py:914} INFO - Processing file /opt/airflow/dags/submit_spark_dag.py for tasks to queue
[2026-05-20T08:42:53.478+0000] {logging_mixin.py:190} INFO - [2026-05-20T08:42:53.478+0000] {dagbag.py:588} INFO - Filling up the DagBag from /opt/airflow/dags/submit_spark_dag.py
[2026-05-20T08:42:53.488+0000] {processor.py:925} INFO - DAG(s) 'hello_spark' retrieved from /opt/airflow/dags/submit_spark_dag.py
[2026-05-20T08:42:53.528+0000] {logging_mixin.py:190} INFO - [2026-05-20T08:42:53.528+0000] {dag.py:3239} INFO - Sync 1 DAGs
[2026-05-20T08:42:53.553+0000] {logging_mixin.py:190} INFO - [2026-05-20T08:42:53.550+0000] {dag.py:4180} INFO - Setting next_dagrun for hello_spark to 2026-05-19 00:00:00+00:00, run_after=2026-05-20 00:00:00+00:00
[2026-05-20T08:42:53.567+0000] {processor.py:208} INFO - Processing /opt/airflow/dags/submit_spark_dag.py took 0.100 seconds
[2026-05-20T08:43:23.779+0000] {processor.py:186} INFO - Started process (PID=1439) to work on /opt/airflow/dags/submit_spark_dag.py
[2026-05-20T08:43:23.780+0000] {processor.py:914} INFO - Processing file /opt/airflow/dags/submit_spark_dag.py for tasks to queue
[2026-05-20T08:43:23.781+0000] {logging_mixin.py:190} INFO - [2026-05-20T08:43:23.781+0000] {dagbag.py:588} INFO - Filling up the DagBag from /opt/airflow/dags/submit_spark_dag.py
[2026-05-20T08:43:23.788+0000] {processor.py:925} INFO - DAG(s) 'hello_spark' retrieved from /opt/airflow/dags/submit_spark_dag.py
[2026-05-20T08:43:23.808+0000] {logging_mixin.py:190} INFO - [2026-05-20T08:43:23.808+0000] {dag.py:3239} INFO - Sync 1 DAGs
[2026-05-20T08:43:23.829+0000] {logging_mixin.py:190} INFO - [2026-05-20T08:43:23.829+0000] {dag.py:4180} INFO - Setting next_dagrun for hello_spark to 2026-05-19 00:00:00+00:00, run_after=2026-05-20 00:00:00+00:00
[2026-05-20T08:43:23.846+0000] {processor.py:208} INFO - Processing /opt/airflow/dags/submit_spark_dag.py took 0.071 seconds
[2026-05-20T08:43:54.134+0000] {processor.py:186} INFO - Started process (PID=1451) to work on /opt/airflow/dags/submit_spark_dag.py
[2026-05-20T08:43:54.137+0000] {processor.py:914} INFO - Processing file /opt/airflow/dags/submit_spark_dag.py for tasks to queue
[2026-05-20T08:43:54.139+0000] {logging_mixin.py:190} INFO - [2026-05-20T08:43:54.139+0000] {dagbag.py:588} INFO - Filling up the DagBag from /opt/airflow/dags/submit_spark_dag.py
[2026-05-20T08:43:54.149+0000] {processor.py:925} INFO - DAG(s) 'hello_spark' retrieved from /opt/airflow/dags/submit_spark_dag.py
[2026-05-20T08:43:54.166+0000] {logging_mixin.py:190} INFO - [2026-05-20T08:43:54.165+0000] {dag.py:3239} INFO - Sync 1 DAGs
[2026-05-20T08:43:54.182+0000] {logging_mixin.py:190} INFO - [2026-05-20T08:43:54.182+0000] {dag.py:4180} INFO - Setting next_dagrun for hello_spark to 2026-05-19 00:00:00+00:00, run_after=2026-05-20 00:00:00+00:00
[2026-05-20T08:43:54.196+0000] {processor.py:208} INFO - Processing /opt/airflow/dags/submit_spark_dag.py took 0.070 seconds
[2026-05-20T08:44:24.469+0000] {processor.py:186} INFO - Started process (PID=1463) to work on /opt/airflow/dags/submit_spark_dag.py
[2026-05-20T08:44:24.470+0000] {processor.py:914} INFO - Processing file /opt/airflow/dags/submit_spark_dag.py for tasks to queue
[2026-05-20T08:44:24.472+0000] {logging_mixin.py:190} INFO - [2026-05-20T08:44:24.472+0000] {dagbag.py:588} INFO - Filling up the DagBag from /opt/airflow/dags/submit_spark_dag.py
[2026-05-20T08:44:24.479+0000] {processor.py:925} INFO - DAG(s) 'hello_spark' retrieved from /opt/airflow/dags/submit_spark_dag.py
[2026-05-20T08:44:24.497+0000] {logging_mixin.py:190} INFO - [2026-05-20T08:44:24.497+0000] {dag.py:3239} INFO - Sync 1 DAGs
[2026-05-20T08:44:24.515+0000] {logging_mixin.py:190} INFO - [2026-05-20T08:44:24.515+0000] {dag.py:4180} INFO - Setting next_dagrun for hello_spark to 2026-05-19 00:00:00+00:00, run_after=2026-05-20 00:00:00+00:00
[2026-05-20T08:44:24.528+0000] {processor.py:208} INFO - Processing /opt/airflow/dags/submit_spark_dag.py took 0.064 seconds
[2026-05-20T08:44:54.812+0000] {processor.py:186} INFO - Started process (PID=1475) to work on /opt/airflow/dags/submit_spark_dag.py
[2026-05-20T08:44:54.813+0000] {processor.py:914} INFO - Processing file /opt/airflow/dags/submit_spark_dag.py for tasks to queue
[2026-05-20T08:44:54.815+0000] {logging_mixin.py:190} INFO - [2026-05-20T08:44:54.815+0000] {dagbag.py:588} INFO - Filling up the DagBag from /opt/airflow/dags/submit_spark_dag.py
[2026-05-20T08:44:54.822+0000] {processor.py:925} INFO - DAG(s) 'hello_spark' retrieved from /opt/airflow/dags/submit_spark_dag.py
[2026-05-20T08:44:54.844+0000] {logging_mixin.py:190} INFO - [2026-05-20T08:44:54.843+0000] {dag.py:3239} INFO - Sync 1 DAGs
[2026-05-20T08:44:54.864+0000] {logging_mixin.py:190} INFO - [2026-05-20T08:44:54.864+0000] {dag.py:4180} INFO - Setting next_dagrun for hello_spark to 2026-05-19 00:00:00+00:00, run_after=2026-05-20 00:00:00+00:00
[2026-05-20T08:44:54.883+0000] {processor.py:208} INFO - Processing /opt/airflow/dags/submit_spark_dag.py took 0.075 seconds
[2026-05-20T08:45:25.081+0000] {processor.py:186} INFO - Started process (PID=1487) to work on /opt/airflow/dags/submit_spark_dag.py
[2026-05-20T08:45:25.082+0000] {processor.py:914} INFO - Processing file /opt/airflow/dags/submit_spark_dag.py for tasks to queue
[2026-05-20T08:45:25.084+0000] {logging_mixin.py:190} INFO - [2026-05-20T08:45:25.084+0000] {dagbag.py:588} INFO - Filling up the DagBag from /opt/airflow/dags/submit_spark_dag.py
[2026-05-20T08:45:25.091+0000] {processor.py:925} INFO - DAG(s) 'hello_spark' retrieved from /opt/airflow/dags/submit_spark_dag.py
[2026-05-20T08:45:25.109+0000] {logging_mixin.py:190} INFO - [2026-05-20T08:45:25.109+0000] {dag.py:3239} INFO - Sync 1 DAGs
[2026-05-20T08:45:25.128+0000] {logging_mixin.py:190} INFO - [2026-05-20T08:45:25.128+0000] {dag.py:4180} INFO - Setting next_dagrun for hello_spark to 2026-05-19 00:00:00+00:00, run_after=2026-05-20 00:00:00+00:00
[2026-05-20T08:45:25.141+0000] {processor.py:208} INFO - Processing /opt/airflow/dags/submit_spark_dag.py took 0.064 seconds
[2026-05-20T08:45:55.345+0000] {processor.py:186} INFO - Started process (PID=1499) to work on /opt/airflow/dags/submit_spark_dag.py
[2026-05-20T08:45:55.352+0000] {processor.py:914} INFO - Processing file /opt/airflow/dags/submit_spark_dag.py for tasks to queue
[2026-05-20T08:45:55.353+0000] {logging_mixin.py:190} INFO - [2026-05-20T08:45:55.353+0000] {dagbag.py:588} INFO - Filling up the DagBag from /opt/airflow/dags/submit_spark_dag.py
[2026-05-20T08:45:55.360+0000] {processor.py:925} INFO - DAG(s) 'hello_spark' retrieved from /opt/airflow/dags/submit_spark_dag.py
[2026-05-20T08:45:55.378+0000] {logging_mixin.py:190} INFO - [2026-05-20T08:45:55.378+0000] {dag.py:3239} INFO - Sync 1 DAGs
[2026-05-20T08:45:55.398+0000] {logging_mixin.py:190} INFO - [2026-05-20T08:45:55.398+0000] {dag.py:4180} INFO - Setting next_dagrun for hello_spark to 2026-05-19 00:00:00+00:00, run_after=2026-05-20 00:00:00+00:00
[2026-05-20T08:45:55.414+0000] {processor.py:208} INFO - Processing /opt/airflow/dags/submit_spark_dag.py took 0.075 seconds
[2026-05-20T08:46:25.607+0000] {processor.py:186} INFO - Started process (PID=1511) to work on /opt/airflow/dags/submit_spark_dag.py
[2026-05-20T08:46:25.607+0000] {processor.py:914} INFO - Processing file /opt/airflow/dags/submit_spark_dag.py for tasks to queue
[2026-05-20T08:46:25.609+0000] {logging_mixin.py:190} INFO - [2026-05-20T08:46:25.609+0000] {dagbag.py:588} INFO - Filling up the DagBag from /opt/airflow/dags/submit_spark_dag.py
[2026-05-20T08:46:25.617+0000] {processor.py:925} INFO - DAG(s) 'hello_spark' retrieved from /opt/airflow/dags/submit_spark_dag.py
[2026-05-20T08:46:25.638+0000] {logging_mixin.py:190} INFO - [2026-05-20T08:46:25.638+0000] {dag.py:3239} INFO - Sync 1 DAGs
[2026-05-20T08:46:25.657+0000] {logging_mixin.py:190} INFO - [2026-05-20T08:46:25.657+0000] {dag.py:4180} INFO - Setting next_dagrun for hello_spark to 2026-05-19 00:00:00+00:00, run_after=2026-05-20 00:00:00+00:00
[2026-05-20T08:46:25.672+0000] {processor.py:208} INFO - Processing /opt/airflow/dags/submit_spark_dag.py took 0.069 seconds
[2026-05-20T08:46:55.851+0000] {processor.py:186} INFO - Started process (PID=1522) to work on /opt/airflow/dags/submit_spark_dag.py
[2026-05-20T08:46:55.853+0000] {processor.py:914} INFO - Processing file /opt/airflow/dags/submit_spark_dag.py for tasks to queue
[2026-05-20T08:46:55.854+0000] {logging_mixin.py:190} INFO - [2026-05-20T08:46:55.854+0000] {dagbag.py:588} INFO - Filling up the DagBag from /opt/airflow/dags/submit_spark_dag.py
[2026-05-20T08:46:55.862+0000] {processor.py:925} INFO - DAG(s) 'hello_spark' retrieved from /opt/airflow/dags/submit_spark_dag.py
[2026-05-20T08:46:55.879+0000] {logging_mixin.py:190} INFO - [2026-05-20T08:46:55.879+0000] {dag.py:3239} INFO - Sync 1 DAGs
[2026-05-20T08:46:55.900+0000] {logging_mixin.py:190} INFO - [2026-05-20T08:46:55.899+0000] {dag.py:4180} INFO - Setting next_dagrun for hello_spark to 2026-05-19 00:00:00+00:00, run_after=2026-05-20 00:00:00+00:00
[2026-05-20T08:46:55.915+0000] {processor.py:208} INFO - Processing /opt/airflow/dags/submit_spark_dag.py took 0.068 seconds
[2026-05-20T08:47:26.104+0000] {processor.py:186} INFO - Started process (PID=1534) to work on /opt/airflow/dags/submit_spark_dag.py
[2026-05-20T08:47:26.105+0000] {processor.py:914} INFO - Processing file /opt/airflow/dags/submit_spark_dag.py for tasks to queue
[2026-05-20T08:47:26.107+0000] {logging_mixin.py:190} INFO - [2026-05-20T08:47:26.106+0000] {dagbag.py:588} INFO - Filling up the DagBag from /opt/airflow/dags/submit_spark_dag.py
[2026-05-20T08:47:26.116+0000] {processor.py:925} INFO - DAG(s) 'hello_spark' retrieved from /opt/airflow/dags/submit_spark_dag.py
[2026-05-20T08:47:26.134+0000] {logging_mixin.py:190} INFO - [2026-05-20T08:47:26.134+0000] {dag.py:3239} INFO - Sync 1 DAGs
[2026-05-20T08:47:26.156+0000] {logging_mixin.py:190} INFO - [2026-05-20T08:47:26.155+0000] {dag.py:4180} INFO - Setting next_dagrun for hello_spark to 2026-05-19 00:00:00+00:00, run_after=2026-05-20 00:00:00+00:00
[2026-05-20T08:47:26.171+0000] {processor.py:208} INFO - Processing /opt/airflow/dags/submit_spark_dag.py took 0.073 seconds
[2026-05-20T08:47:56.469+0000] {processor.py:186} INFO - Started process (PID=1546) to work on /opt/airflow/dags/submit_spark_dag.py
[2026-05-20T08:47:56.472+0000] {processor.py:914} INFO - Processing file /opt/airflow/dags/submit_spark_dag.py for tasks to queue
[2026-05-20T08:47:56.474+0000] {logging_mixin.py:190} INFO - [2026-05-20T08:47:56.474+0000] {dagbag.py:588} INFO - Filling up the DagBag from /opt/airflow/dags/submit_spark_dag.py
[2026-05-20T08:47:56.482+0000] {processor.py:925} INFO - DAG(s) 'hello_spark' retrieved from /opt/airflow/dags/submit_spark_dag.py
[2026-05-20T08:47:56.500+0000] {logging_mixin.py:190} INFO - [2026-05-20T08:47:56.500+0000] {dag.py:3239} INFO - Sync 1 DAGs
[2026-05-20T08:47:56.519+0000] {logging_mixin.py:190} INFO - [2026-05-20T08:47:56.518+0000] {dag.py:4180} INFO - Setting next_dagrun for hello_spark to 2026-05-19 00:00:00+00:00, run_after=2026-05-20 00:00:00+00:00
[2026-05-20T08:47:56.535+0000] {processor.py:208} INFO - Processing /opt/airflow/dags/submit_spark_dag.py took 0.072 seconds
[2026-05-20T08:48:26.789+0000] {processor.py:186} INFO - Started process (PID=1558) to work on /opt/airflow/dags/submit_spark_dag.py
[2026-05-20T08:48:26.789+0000] {processor.py:914} INFO - Processing file /opt/airflow/dags/submit_spark_dag.py for tasks to queue
[2026-05-20T08:48:26.791+0000] {logging_mixin.py:190} INFO - [2026-05-20T08:48:26.791+0000] {dagbag.py:588} INFO - Filling up the DagBag from /opt/airflow/dags/submit_spark_dag.py
[2026-05-20T08:48:26.800+0000] {processor.py:925} INFO - DAG(s) 'hello_spark' retrieved from /opt/airflow/dags/submit_spark_dag.py
[2026-05-20T08:48:26.820+0000] {logging_mixin.py:190} INFO - [2026-05-20T08:48:26.820+0000] {dag.py:3239} INFO - Sync 1 DAGs
[2026-05-20T08:48:26.840+0000] {logging_mixin.py:190} INFO - [2026-05-20T08:48:26.840+0000] {dag.py:4180} INFO - Setting next_dagrun for hello_spark to 2026-05-19 00:00:00+00:00, run_after=2026-05-20 00:00:00+00:00
[2026-05-20T08:48:26.854+0000] {processor.py:208} INFO - Processing /opt/airflow/dags/submit_spark_dag.py took 0.070 seconds
[2026-05-20T08:48:57.218+0000] {processor.py:186} INFO - Started process (PID=1570) to work on /opt/airflow/dags/submit_spark_dag.py
[2026-05-20T08:48:57.220+0000] {processor.py:914} INFO - Processing file /opt/airflow/dags/submit_spark_dag.py for tasks to queue
[2026-05-20T08:48:57.221+0000] {logging_mixin.py:190} INFO - [2026-05-20T08:48:57.221+0000] {dagbag.py:588} INFO - Filling up the DagBag from /opt/airflow/dags/submit_spark_dag.py
[2026-05-20T08:48:57.229+0000] {processor.py:925} INFO - DAG(s) 'hello_spark' retrieved from /opt/airflow/dags/submit_spark_dag.py
[2026-05-20T08:48:57.248+0000] {logging_mixin.py:190} INFO - [2026-05-20T08:48:57.248+0000] {dag.py:3239} INFO - Sync 1 DAGs
[2026-05-20T08:48:57.266+0000] {logging_mixin.py:190} INFO - [2026-05-20T08:48:57.266+0000] {dag.py:4180} INFO - Setting next_dagrun for hello_spark to 2026-05-19 00:00:00+00:00, run_after=2026-05-20 00:00:00+00:00
[2026-05-20T08:48:57.281+0000] {processor.py:208} INFO - Processing /opt/airflow/dags/submit_spark_dag.py took 0.068 seconds
[2026-05-20T08:49:27.475+0000] {processor.py:186} INFO - Started process (PID=1582) to work on /opt/airflow/dags/submit_spark_dag.py
[2026-05-20T08:49:27.476+0000] {processor.py:914} INFO - Processing file /opt/airflow/dags/submit_spark_dag.py for tasks to queue
[2026-05-20T08:49:27.478+0000] {logging_mixin.py:190} INFO - [2026-05-20T08:49:27.477+0000] {dagbag.py:588} INFO - Filling up the DagBag from /opt/airflow/dags/submit_spark_dag.py
[2026-05-20T08:49:27.484+0000] {processor.py:925} INFO - DAG(s) 'hello_spark' retrieved from /opt/airflow/dags/submit_spark_dag.py
[2026-05-20T08:49:27.501+0000] {logging_mixin.py:190} INFO - [2026-05-20T08:49:27.500+0000] {dag.py:3239} INFO - Sync 1 DAGs
[2026-05-20T08:49:27.518+0000] {logging_mixin.py:190} INFO - [2026-05-20T08:49:27.518+0000] {dag.py:4180} INFO - Setting next_dagrun for hello_spark to 2026-05-19 00:00:00+00:00, run_after=2026-05-20 00:00:00+00:00
[2026-05-20T08:49:27.530+0000] {processor.py:208} INFO - Processing /opt/airflow/dags/submit_spark_dag.py took 0.060 seconds
[2026-05-20T08:49:57.828+0000] {processor.py:186} INFO - Started process (PID=1593) to work on /opt/airflow/dags/submit_spark_dag.py
[2026-05-20T08:49:57.829+0000] {processor.py:914} INFO - Processing file /opt/airflow/dags/submit_spark_dag.py for tasks to queue
[2026-05-20T08:49:57.831+0000] {logging_mixin.py:190} INFO - [2026-05-20T08:49:57.830+0000] {dagbag.py:588} INFO - Filling up the DagBag from /opt/airflow/dags/submit_spark_dag.py
[2026-05-20T08:49:57.838+0000] {processor.py:925} INFO - DAG(s) 'hello_spark' retrieved from /opt/airflow/dags/submit_spark_dag.py
[2026-05-20T08:49:57.857+0000] {logging_mixin.py:190} INFO - [2026-05-20T08:49:57.856+0000] {dag.py:3239} INFO - Sync 1 DAGs
[2026-05-20T08:49:57.875+0000] {logging_mixin.py:190} INFO - [2026-05-20T08:49:57.874+0000] {dag.py:4180} INFO - Setting next_dagrun for hello_spark to 2026-05-19 00:00:00+00:00, run_after=2026-05-20 00:00:00+00:00
[2026-05-20T08:49:57.888+0000] {processor.py:208} INFO - Processing /opt/airflow/dags/submit_spark_dag.py took 0.064 seconds
[2026-05-20T08:50:28.215+0000] {processor.py:186} INFO - Started process (PID=1604) to work on /opt/airflow/dags/submit_spark_dag.py
[2026-05-20T08:50:28.219+0000] {processor.py:914} INFO - Processing file /opt/airflow/dags/submit_spark_dag.py for tasks to queue
[2026-05-20T08:50:28.222+0000] {logging_mixin.py:190} INFO - [2026-05-20T08:50:28.221+0000] {dagbag.py:588} INFO - Filling up the DagBag from /opt/airflow/dags/submit_spark_dag.py
[2026-05-20T08:50:28.231+0000] {processor.py:925} INFO - DAG(s) 'hello_spark' retrieved from /opt/airflow/dags/submit_spark_dag.py
[2026-05-20T08:50:28.250+0000] {logging_mixin.py:190} INFO - [2026-05-20T08:50:28.250+0000] {dag.py:3239} INFO - Sync 1 DAGs
[2026-05-20T08:50:28.270+0000] {logging_mixin.py:190} INFO - [2026-05-20T08:50:28.270+0000] {dag.py:4180} INFO - Setting next_dagrun for hello_spark to 2026-05-19 00:00:00+00:00, run_after=2026-05-20 00:00:00+00:00
[2026-05-20T08:50:28.284+0000] {processor.py:208} INFO - Processing /opt/airflow/dags/submit_spark_dag.py took 0.075 seconds
[2026-05-20T08:50:58.489+0000] {processor.py:186} INFO - Started process (PID=1615) to work on /opt/airflow/dags/submit_spark_dag.py
[2026-05-20T08:50:58.490+0000] {processor.py:914} INFO - Processing file /opt/airflow/dags/submit_spark_dag.py for tasks to queue
[2026-05-20T08:50:58.493+0000] {logging_mixin.py:190} INFO - [2026-05-20T08:50:58.493+0000] {dagbag.py:588} INFO - Filling up the DagBag from /opt/airflow/dags/submit_spark_dag.py
[2026-05-20T08:50:58.509+0000] {processor.py:925} INFO - DAG(s) 'hello_spark' retrieved from /opt/airflow/dags/submit_spark_dag.py
[2026-05-20T08:50:58.547+0000] {logging_mixin.py:190} INFO - [2026-05-20T08:50:58.546+0000] {dag.py:3239} INFO - Sync 1 DAGs
[2026-05-20T08:50:58.585+0000] {logging_mixin.py:190} INFO - [2026-05-20T08:50:58.585+0000] {dag.py:4180} INFO - Setting next_dagrun for hello_spark to 2026-05-19 00:00:00+00:00, run_after=2026-05-20 00:00:00+00:00
[2026-05-20T08:50:58.610+0000] {processor.py:208} INFO - Processing /opt/airflow/dags/submit_spark_dag.py took 0.130 seconds
[2026-05-20T08:51:28.840+0000] {processor.py:186} INFO - Started process (PID=1627) to work on /opt/airflow/dags/submit_spark_dag.py
[2026-05-20T08:51:28.841+0000] {processor.py:914} INFO - Processing file /opt/airflow/dags/submit_spark_dag.py for tasks to queue
[2026-05-20T08:51:28.843+0000] {logging_mixin.py:190} INFO - [2026-05-20T08:51:28.843+0000] {dagbag.py:588} INFO - Filling up the DagBag from /opt/airflow/dags/submit_spark_dag.py
[2026-05-20T08:51:28.852+0000] {processor.py:925} INFO - DAG(s) 'hello_spark' retrieved from /opt/airflow/dags/submit_spark_dag.py
[2026-05-20T08:51:28.871+0000] {logging_mixin.py:190} INFO - [2026-05-20T08:51:28.871+0000] {dag.py:3239} INFO - Sync 1 DAGs
[2026-05-20T08:51:28.894+0000] {logging_mixin.py:190} INFO - [2026-05-20T08:51:28.894+0000] {dag.py:4180} INFO - Setting next_dagrun for hello_spark to 2026-05-19 00:00:00+00:00, run_after=2026-05-20 00:00:00+00:00
[2026-05-20T08:51:28.907+0000] {processor.py:208} INFO - Processing /opt/airflow/dags/submit_spark_dag.py took 0.072 seconds
[2026-05-20T08:51:59.243+0000] {processor.py:186} INFO - Started process (PID=1642) to work on /opt/airflow/dags/submit_spark_dag.py
[2026-05-20T08:51:59.243+0000] {processor.py:914} INFO - Processing file /opt/airflow/dags/submit_spark_dag.py for tasks to queue
[2026-05-20T08:51:59.245+0000] {logging_mixin.py:190} INFO - [2026-05-20T08:51:59.245+0000] {dagbag.py:588} INFO - Filling up the DagBag from /opt/airflow/dags/submit_spark_dag.py
[2026-05-20T08:51:59.251+0000] {processor.py:925} INFO - DAG(s) 'hello_spark' retrieved from /opt/airflow/dags/submit_spark_dag.py
[2026-05-20T08:51:59.270+0000] {logging_mixin.py:190} INFO - [2026-05-20T08:51:59.269+0000] {dag.py:3239} INFO - Sync 1 DAGs
[2026-05-20T08:51:59.292+0000] {logging_mixin.py:190} INFO - [2026-05-20T08:51:59.291+0000] {dag.py:4180} INFO - Setting next_dagrun for hello_spark to 2026-05-19 00:00:00+00:00, run_after=2026-05-20 00:00:00+00:00
[2026-05-20T08:51:59.307+0000] {processor.py:208} INFO - Processing /opt/airflow/dags/submit_spark_dag.py took 0.068 seconds
[2026-05-20T08:52:29.622+0000] {processor.py:186} INFO - Started process (PID=1654) to work on /opt/airflow/dags/submit_spark_dag.py
[2026-05-20T08:52:29.623+0000] {processor.py:914} INFO - Processing file /opt/airflow/dags/submit_spark_dag.py for tasks to queue
[2026-05-20T08:52:29.625+0000] {logging_mixin.py:190} INFO - [2026-05-20T08:52:29.625+0000] {dagbag.py:588} INFO - Filling up the DagBag from /opt/airflow/dags/submit_spark_dag.py
[2026-05-20T08:52:29.632+0000] {processor.py:925} INFO - DAG(s) 'hello_spark' retrieved from /opt/airflow/dags/submit_spark_dag.py
[2026-05-20T08:52:29.650+0000] {logging_mixin.py:190} INFO - [2026-05-20T08:52:29.650+0000] {dag.py:3239} INFO - Sync 1 DAGs
[2026-05-20T08:52:29.668+0000] {logging_mixin.py:190} INFO - [2026-05-20T08:52:29.668+0000] {dag.py:4180} INFO - Setting next_dagrun for hello_spark to 2026-05-19 00:00:00+00:00, run_after=2026-05-20 00:00:00+00:00
[2026-05-20T08:52:29.681+0000] {processor.py:208} INFO - Processing /opt/airflow/dags/submit_spark_dag.py took 0.063 seconds
[2026-05-20T08:52:59.928+0000] {processor.py:186} INFO - Started process (PID=1666) to work on /opt/airflow/dags/submit_spark_dag.py
[2026-05-20T08:52:59.929+0000] {processor.py:914} INFO - Processing file /opt/airflow/dags/submit_spark_dag.py for tasks to queue
[2026-05-20T08:52:59.932+0000] {logging_mixin.py:190} INFO - [2026-05-20T08:52:59.931+0000] {dagbag.py:588} INFO - Filling up the DagBag from /opt/airflow/dags/submit_spark_dag.py
[2026-05-20T08:52:59.940+0000] {processor.py:925} INFO - DAG(s) 'hello_spark' retrieved from /opt/airflow/dags/submit_spark_dag.py
[2026-05-20T08:52:59.956+0000] {logging_mixin.py:190} INFO - [2026-05-20T08:52:59.956+0000] {dag.py:3239} INFO - Sync 1 DAGs
[2026-05-20T08:52:59.973+0000] {logging_mixin.py:190} INFO - [2026-05-20T08:52:59.973+0000] {dag.py:4180} INFO - Setting next_dagrun for hello_spark to 2026-05-19 00:00:00+00:00, run_after=2026-05-20 00:00:00+00:00
[2026-05-20T08:52:59.984+0000] {processor.py:208} INFO - Processing /opt/airflow/dags/submit_spark_dag.py took 0.062 seconds
[2026-05-20T08:53:30.167+0000] {processor.py:186} INFO - Started process (PID=1680) to work on /opt/airflow/dags/submit_spark_dag.py
[2026-05-20T08:53:30.168+0000] {processor.py:914} INFO - Processing file /opt/airflow/dags/submit_spark_dag.py for tasks to queue
[2026-05-20T08:53:30.171+0000] {logging_mixin.py:190} INFO - [2026-05-20T08:53:30.171+0000] {dagbag.py:588} INFO - Filling up the DagBag from /opt/airflow/dags/submit_spark_dag.py
[2026-05-20T08:53:30.180+0000] {processor.py:925} INFO - DAG(s) 'hello_spark' retrieved from /opt/airflow/dags/submit_spark_dag.py
[2026-05-20T08:53:30.200+0000] {logging_mixin.py:190} INFO - [2026-05-20T08:53:30.200+0000] {dag.py:3239} INFO - Sync 1 DAGs
[2026-05-20T08:53:30.219+0000] {logging_mixin.py:190} INFO - [2026-05-20T08:53:30.218+0000] {dag.py:4180} INFO - Setting next_dagrun for hello_spark to 2026-05-19 00:00:00+00:00, run_after=2026-05-20 00:00:00+00:00
[2026-05-20T08:53:30.234+0000] {processor.py:208} INFO - Processing /opt/airflow/dags/submit_spark_dag.py took 0.073 seconds
[2026-05-20T08:54:00.459+0000] {processor.py:186} INFO - Started process (PID=1692) to work on /opt/airflow/dags/submit_spark_dag.py
[2026-05-20T08:54:00.460+0000] {processor.py:914} INFO - Processing file /opt/airflow/dags/submit_spark_dag.py for tasks to queue
[2026-05-20T08:54:00.461+0000] {logging_mixin.py:190} INFO - [2026-05-20T08:54:00.461+0000] {dagbag.py:588} INFO - Filling up the DagBag from /opt/airflow/dags/submit_spark_dag.py
[2026-05-20T08:54:00.468+0000] {processor.py:925} INFO - DAG(s) 'hello_spark' retrieved from /opt/airflow/dags/submit_spark_dag.py
[2026-05-20T08:54:00.485+0000] {logging_mixin.py:190} INFO - [2026-05-20T08:54:00.485+0000] {dag.py:3239} INFO - Sync 1 DAGs
[2026-05-20T08:54:00.502+0000] {logging_mixin.py:190} INFO - [2026-05-20T08:54:00.502+0000] {dag.py:4180} INFO - Setting next_dagrun for hello_spark to 2026-05-19 00:00:00+00:00, run_after=2026-05-20 00:00:00+00:00
[2026-05-20T08:54:00.516+0000] {processor.py:208} INFO - Processing /opt/airflow/dags/submit_spark_dag.py took 0.061 seconds
[2026-05-20T08:54:30.674+0000] {processor.py:186} INFO - Started process (PID=1704) to work on /opt/airflow/dags/submit_spark_dag.py
[2026-05-20T08:54:30.676+0000] {processor.py:914} INFO - Processing file /opt/airflow/dags/submit_spark_dag.py for tasks to queue
[2026-05-20T08:54:30.677+0000] {logging_mixin.py:190} INFO - [2026-05-20T08:54:30.677+0000] {dagbag.py:588} INFO - Filling up the DagBag from /opt/airflow/dags/submit_spark_dag.py
[2026-05-20T08:54:30.684+0000] {processor.py:925} INFO - DAG(s) 'hello_spark' retrieved from /opt/airflow/dags/submit_spark_dag.py
[2026-05-20T08:54:30.701+0000] {logging_mixin.py:190} INFO - [2026-05-20T08:54:30.701+0000] {dag.py:3239} INFO - Sync 1 DAGs
[2026-05-20T08:54:30.718+0000] {logging_mixin.py:190} INFO - [2026-05-20T08:54:30.718+0000] {dag.py:4180} INFO - Setting next_dagrun for hello_spark to 2026-05-19 00:00:00+00:00, run_after=2026-05-20 00:00:00+00:00
[2026-05-20T08:54:30.732+0000] {processor.py:208} INFO - Processing /opt/airflow/dags/submit_spark_dag.py took 0.062 seconds
[2026-05-20T08:55:00.970+0000] {processor.py:186} INFO - Started process (PID=1717) to work on /opt/airflow/dags/submit_spark_dag.py
[2026-05-20T08:55:00.971+0000] {processor.py:914} INFO - Processing file /opt/airflow/dags/submit_spark_dag.py for tasks to queue
[2026-05-20T08:55:00.972+0000] {logging_mixin.py:190} INFO - [2026-05-20T08:55:00.972+0000] {dagbag.py:588} INFO - Filling up the DagBag from /opt/airflow/dags/submit_spark_dag.py
[2026-05-20T08:55:00.979+0000] {processor.py:925} INFO - DAG(s) 'hello_spark' retrieved from /opt/airflow/dags/submit_spark_dag.py
[2026-05-20T08:55:00.996+0000] {logging_mixin.py:190} INFO - [2026-05-20T08:55:00.996+0000] {dag.py:3239} INFO - Sync 1 DAGs
[2026-05-20T08:55:01.014+0000] {logging_mixin.py:190} INFO - [2026-05-20T08:55:01.014+0000] {dag.py:4180} INFO - Setting next_dagrun for hello_spark to 2026-05-19 00:00:00+00:00, run_after=2026-05-20 00:00:00+00:00
[2026-05-20T08:55:01.027+0000] {processor.py:208} INFO - Processing /opt/airflow/dags/submit_spark_dag.py took 0.061 seconds
[2026-05-20T08:55:31.252+0000] {processor.py:186} INFO - Started process (PID=1729) to work on /opt/airflow/dags/submit_spark_dag.py
[2026-05-20T08:55:31.256+0000] {processor.py:914} INFO - Processing file /opt/airflow/dags/submit_spark_dag.py for tasks to queue
[2026-05-20T08:55:31.258+0000] {logging_mixin.py:190} INFO - [2026-05-20T08:55:31.258+0000] {dagbag.py:588} INFO - Filling up the DagBag from /opt/airflow/dags/submit_spark_dag.py
[2026-05-20T08:55:31.264+0000] {processor.py:925} INFO - DAG(s) 'hello_spark' retrieved from /opt/airflow/dags/submit_spark_dag.py
[2026-05-20T08:55:31.284+0000] {logging_mixin.py:190} INFO - [2026-05-20T08:55:31.284+0000] {dag.py:3239} INFO - Sync 1 DAGs
[2026-05-20T08:55:31.302+0000] {logging_mixin.py:190} INFO - [2026-05-20T08:55:31.302+0000] {dag.py:4180} INFO - Setting next_dagrun for hello_spark to 2026-05-19 00:00:00+00:00, run_after=2026-05-20 00:00:00+00:00
[2026-05-20T08:55:31.317+0000] {processor.py:208} INFO - Processing /opt/airflow/dags/submit_spark_dag.py took 0.069 seconds
[2026-05-20T08:56:01.556+0000] {processor.py:186} INFO - Started process (PID=1741) to work on /opt/airflow/dags/submit_spark_dag.py
[2026-05-20T08:56:01.556+0000] {processor.py:914} INFO - Processing file /opt/airflow/dags/submit_spark_dag.py for tasks to queue
[2026-05-20T08:56:01.558+0000] {logging_mixin.py:190} INFO - [2026-05-20T08:56:01.558+0000] {dagbag.py:588} INFO - Filling up the DagBag from /opt/airflow/dags/submit_spark_dag.py
[2026-05-20T08:56:01.565+0000] {processor.py:925} INFO - DAG(s) 'hello_spark' retrieved from /opt/airflow/dags/submit_spark_dag.py
[2026-05-20T08:56:01.582+0000] {logging_mixin.py:190} INFO - [2026-05-20T08:56:01.582+0000] {dag.py:3239} INFO - Sync 1 DAGs
[2026-05-20T08:56:01.600+0000] {logging_mixin.py:190} INFO - [2026-05-20T08:56:01.599+0000] {dag.py:4180} INFO - Setting next_dagrun for hello_spark to 2026-05-19 00:00:00+00:00, run_after=2026-05-20 00:00:00+00:00
[2026-05-20T08:56:01.613+0000] {processor.py:208} INFO - Processing /opt/airflow/dags/submit_spark_dag.py took 0.062 seconds
[2026-05-20T08:56:31.862+0000] {processor.py:186} INFO - Started process (PID=1754) to work on /opt/airflow/dags/submit_spark_dag.py
[2026-05-20T08:56:31.863+0000] {processor.py:914} INFO - Processing file /opt/airflow/dags/submit_spark_dag.py for tasks to queue
[2026-05-20T08:56:31.868+0000] {logging_mixin.py:190} INFO - [2026-05-20T08:56:31.865+0000] {dagbag.py:588} INFO - Filling up the DagBag from /opt/airflow/dags/submit_spark_dag.py
[2026-05-20T08:56:31.883+0000] {processor.py:925} INFO - DAG(s) 'hello_spark' retrieved from /opt/airflow/dags/submit_spark_dag.py
[2026-05-20T08:56:31.920+0000] {logging_mixin.py:190} INFO - [2026-05-20T08:56:31.920+0000] {dag.py:3239} INFO - Sync 1 DAGs
[2026-05-20T08:56:31.953+0000] {logging_mixin.py:190} INFO - [2026-05-20T08:56:31.953+0000] {dag.py:4180} INFO - Setting next_dagrun for hello_spark to 2026-05-19 00:00:00+00:00, run_after=2026-05-20 00:00:00+00:00
[2026-05-20T08:56:31.980+0000] {processor.py:208} INFO - Processing /opt/airflow/dags/submit_spark_dag.py took 0.130 seconds
[2026-05-20T08:57:02.619+0000] {processor.py:186} INFO - Started process (PID=1768) to work on /opt/airflow/dags/submit_spark_dag.py
[2026-05-20T08:57:02.619+0000] {processor.py:914} INFO - Processing file /opt/airflow/dags/submit_spark_dag.py for tasks to queue
[2026-05-20T08:57:02.622+0000] {logging_mixin.py:190} INFO - [2026-05-20T08:57:02.621+0000] {dagbag.py:588} INFO - Filling up the DagBag from /opt/airflow/dags/submit_spark_dag.py
[2026-05-20T08:57:02.629+0000] {processor.py:925} INFO - DAG(s) 'hello_spark' retrieved from /opt/airflow/dags/submit_spark_dag.py
[2026-05-20T08:57:02.648+0000] {logging_mixin.py:190} INFO - [2026-05-20T08:57:02.648+0000] {dag.py:3239} INFO - Sync 1 DAGs
[2026-05-20T08:57:02.667+0000] {logging_mixin.py:190} INFO - [2026-05-20T08:57:02.667+0000] {dag.py:4180} INFO - Setting next_dagrun for hello_spark to 2026-05-19 00:00:00+00:00, run_after=2026-05-20 00:00:00+00:00
[2026-05-20T08:57:02.682+0000] {processor.py:208} INFO - Processing /opt/airflow/dags/submit_spark_dag.py took 0.069 seconds
[2026-05-20T08:57:32.992+0000] {processor.py:186} INFO - Started process (PID=1779) to work on /opt/airflow/dags/submit_spark_dag.py
[2026-05-20T08:57:32.993+0000] {processor.py:914} INFO - Processing file /opt/airflow/dags/submit_spark_dag.py for tasks to queue
[2026-05-20T08:57:32.995+0000] {logging_mixin.py:190} INFO - [2026-05-20T08:57:32.995+0000] {dagbag.py:588} INFO - Filling up the DagBag from /opt/airflow/dags/submit_spark_dag.py
[2026-05-20T08:57:33.001+0000] {processor.py:925} INFO - DAG(s) 'hello_spark' retrieved from /opt/airflow/dags/submit_spark_dag.py
[2026-05-20T08:57:33.021+0000] {logging_mixin.py:190} INFO - [2026-05-20T08:57:33.021+0000] {dag.py:3239} INFO - Sync 1 DAGs
[2026-05-20T08:57:33.041+0000] {logging_mixin.py:190} INFO - [2026-05-20T08:57:33.041+0000] {dag.py:4180} INFO - Setting next_dagrun for hello_spark to 2026-05-19 00:00:00+00:00, run_after=2026-05-20 00:00:00+00:00
[2026-05-20T08:57:33.058+0000] {processor.py:208} INFO - Processing /opt/airflow/dags/submit_spark_dag.py took 0.070 seconds
[2026-05-20T08:58:03.367+0000] {processor.py:186} INFO - Started process (PID=1791) to work on /opt/airflow/dags/submit_spark_dag.py
[2026-05-20T08:58:03.368+0000] {processor.py:914} INFO - Processing file /opt/airflow/dags/submit_spark_dag.py for tasks to queue
[2026-05-20T08:58:03.369+0000] {logging_mixin.py:190} INFO - [2026-05-20T08:58:03.369+0000] {dagbag.py:588} INFO - Filling up the DagBag from /opt/airflow/dags/submit_spark_dag.py
[2026-05-20T08:58:03.376+0000] {processor.py:925} INFO - DAG(s) 'hello_spark' retrieved from /opt/airflow/dags/submit_spark_dag.py
[2026-05-20T08:58:03.393+0000] {logging_mixin.py:190} INFO - [2026-05-20T08:58:03.393+0000] {dag.py:3239} INFO - Sync 1 DAGs
[2026-05-20T08:58:03.411+0000] {logging_mixin.py:190} INFO - [2026-05-20T08:58:03.411+0000] {dag.py:4180} INFO - Setting next_dagrun for hello_spark to 2026-05-19 00:00:00+00:00, run_after=2026-05-20 00:00:00+00:00
[2026-05-20T08:58:03.425+0000] {processor.py:208} INFO - Processing /opt/airflow/dags/submit_spark_dag.py took 0.062 seconds
[2026-05-20T08:58:33.652+0000] {processor.py:186} INFO - Started process (PID=1804) to work on /opt/airflow/dags/submit_spark_dag.py
[2026-05-20T08:58:33.653+0000] {processor.py:914} INFO - Processing file /opt/airflow/dags/submit_spark_dag.py for tasks to queue
[2026-05-20T08:58:33.655+0000] {logging_mixin.py:190} INFO - [2026-05-20T08:58:33.655+0000] {dagbag.py:588} INFO - Filling up the DagBag from /opt/airflow/dags/submit_spark_dag.py
[2026-05-20T08:58:33.662+0000] {processor.py:925} INFO - DAG(s) 'hello_spark' retrieved from /opt/airflow/dags/submit_spark_dag.py
[2026-05-20T08:58:33.680+0000] {logging_mixin.py:190} INFO - [2026-05-20T08:58:33.680+0000] {dag.py:3239} INFO - Sync 1 DAGs
[2026-05-20T08:58:33.696+0000] {logging_mixin.py:190} INFO - [2026-05-20T08:58:33.696+0000] {dag.py:4180} INFO - Setting next_dagrun for hello_spark to 2026-05-19 00:00:00+00:00, run_after=2026-05-20 00:00:00+00:00
[2026-05-20T08:58:33.709+0000] {processor.py:208} INFO - Processing /opt/airflow/dags/submit_spark_dag.py took 0.062 seconds
[2026-05-20T08:59:03.987+0000] {processor.py:186} INFO - Started process (PID=1816) to work on /opt/airflow/dags/submit_spark_dag.py
[2026-05-20T08:59:03.988+0000] {processor.py:914} INFO - Processing file /opt/airflow/dags/submit_spark_dag.py for tasks to queue
[2026-05-20T08:59:03.990+0000] {logging_mixin.py:190} INFO - [2026-05-20T08:59:03.990+0000] {dagbag.py:588} INFO - Filling up the DagBag from /opt/airflow/dags/submit_spark_dag.py
[2026-05-20T08:59:03.997+0000] {processor.py:925} INFO - DAG(s) 'hello_spark' retrieved from /opt/airflow/dags/submit_spark_dag.py
[2026-05-20T08:59:04.015+0000] {logging_mixin.py:190} INFO - [2026-05-20T08:59:04.015+0000] {dag.py:3239} INFO - Sync 1 DAGs
[2026-05-20T08:59:04.036+0000] {logging_mixin.py:190} INFO - [2026-05-20T08:59:04.036+0000] {dag.py:4180} INFO - Setting next_dagrun for hello_spark to 2026-05-19 00:00:00+00:00, run_after=2026-05-20 00:00:00+00:00
[2026-05-20T08:59:04.052+0000] {processor.py:208} INFO - Processing /opt/airflow/dags/submit_spark_dag.py took 0.070 seconds
[2026-05-20T08:59:34.415+0000] {processor.py:186} INFO - Started process (PID=1828) to work on /opt/airflow/dags/submit_spark_dag.py
[2026-05-20T08:59:34.416+0000] {processor.py:914} INFO - Processing file /opt/airflow/dags/submit_spark_dag.py for tasks to queue
[2026-05-20T08:59:34.419+0000] {logging_mixin.py:190} INFO - [2026-05-20T08:59:34.418+0000] {dagbag.py:588} INFO - Filling up the DagBag from /opt/airflow/dags/submit_spark_dag.py
[2026-05-20T08:59:34.426+0000] {processor.py:925} INFO - DAG(s) 'hello_spark' retrieved from /opt/airflow/dags/submit_spark_dag.py
[2026-05-20T08:59:34.443+0000] {logging_mixin.py:190} INFO - [2026-05-20T08:59:34.443+0000] {dag.py:3239} INFO - Sync 1 DAGs
[2026-05-20T08:59:34.459+0000] {logging_mixin.py:190} INFO - [2026-05-20T08:59:34.459+0000] {dag.py:4180} INFO - Setting next_dagrun for hello_spark to 2026-05-19 00:00:00+00:00, run_after=2026-05-20 00:00:00+00:00
[2026-05-20T08:59:34.472+0000] {processor.py:208} INFO - Processing /opt/airflow/dags/submit_spark_dag.py took 0.063 seconds
[2026-05-20T09:00:04.724+0000] {processor.py:186} INFO - Started process (PID=1840) to work on /opt/airflow/dags/submit_spark_dag.py
[2026-05-20T09:00:04.725+0000] {processor.py:914} INFO - Processing file /opt/airflow/dags/submit_spark_dag.py for tasks to queue
[2026-05-20T09:00:04.727+0000] {logging_mixin.py:190} INFO - [2026-05-20T09:00:04.727+0000] {dagbag.py:588} INFO - Filling up the DagBag from /opt/airflow/dags/submit_spark_dag.py
[2026-05-20T09:00:04.733+0000] {processor.py:925} INFO - DAG(s) 'hello_spark' retrieved from /opt/airflow/dags/submit_spark_dag.py
[2026-05-20T09:00:04.751+0000] {logging_mixin.py:190} INFO - [2026-05-20T09:00:04.751+0000] {dag.py:3239} INFO - Sync 1 DAGs
[2026-05-20T09:00:04.769+0000] {logging_mixin.py:190} INFO - [2026-05-20T09:00:04.769+0000] {dag.py:4180} INFO - Setting next_dagrun for hello_spark to 2026-05-19 00:00:00+00:00, run_after=2026-05-20 00:00:00+00:00
[2026-05-20T09:00:04.783+0000] {processor.py:208} INFO - Processing /opt/airflow/dags/submit_spark_dag.py took 0.063 seconds
[2026-05-20T09:00:34.985+0000] {processor.py:186} INFO - Started process (PID=1851) to work on /opt/airflow/dags/submit_spark_dag.py
[2026-05-20T09:00:34.986+0000] {processor.py:914} INFO - Processing file /opt/airflow/dags/submit_spark_dag.py for tasks to queue
[2026-05-20T09:00:34.988+0000] {logging_mixin.py:190} INFO - [2026-05-20T09:00:34.987+0000] {dagbag.py:588} INFO - Filling up the DagBag from /opt/airflow/dags/submit_spark_dag.py
[2026-05-20T09:00:34.994+0000] {processor.py:925} INFO - DAG(s) 'hello_spark' retrieved from /opt/airflow/dags/submit_spark_dag.py
[2026-05-20T09:00:35.011+0000] {logging_mixin.py:190} INFO - [2026-05-20T09:00:35.011+0000] {dag.py:3239} INFO - Sync 1 DAGs
[2026-05-20T09:00:35.028+0000] {logging_mixin.py:190} INFO - [2026-05-20T09:00:35.028+0000] {dag.py:4180} INFO - Setting next_dagrun for hello_spark to 2026-05-19 00:00:00+00:00, run_after=2026-05-20 00:00:00+00:00
[2026-05-20T09:00:35.040+0000] {processor.py:208} INFO - Processing /opt/airflow/dags/submit_spark_dag.py took 0.059 seconds
[2026-05-20T09:01:05.202+0000] {processor.py:186} INFO - Started process (PID=1862) to work on /opt/airflow/dags/submit_spark_dag.py
[2026-05-20T09:01:05.203+0000] {processor.py:914} INFO - Processing file /opt/airflow/dags/submit_spark_dag.py for tasks to queue
[2026-05-20T09:01:05.204+0000] {logging_mixin.py:190} INFO - [2026-05-20T09:01:05.204+0000] {dagbag.py:588} INFO - Filling up the DagBag from /opt/airflow/dags/submit_spark_dag.py
[2026-05-20T09:01:05.211+0000] {processor.py:925} INFO - DAG(s) 'hello_spark' retrieved from /opt/airflow/dags/submit_spark_dag.py
[2026-05-20T09:01:05.227+0000] {logging_mixin.py:190} INFO - [2026-05-20T09:01:05.227+0000] {dag.py:3239} INFO - Sync 1 DAGs
[2026-05-20T09:01:05.244+0000] {logging_mixin.py:190} INFO - [2026-05-20T09:01:05.243+0000] {dag.py:4180} INFO - Setting next_dagrun for hello_spark to 2026-05-19 00:00:00+00:00, run_after=2026-05-20 00:00:00+00:00
[2026-05-20T09:01:05.256+0000] {processor.py:208} INFO - Processing /opt/airflow/dags/submit_spark_dag.py took 0.058 seconds
[2026-05-20T09:01:35.523+0000] {processor.py:186} INFO - Started process (PID=1874) to work on /opt/airflow/dags/submit_spark_dag.py
[2026-05-20T09:01:35.524+0000] {processor.py:914} INFO - Processing file /opt/airflow/dags/submit_spark_dag.py for tasks to queue
[2026-05-20T09:01:35.526+0000] {logging_mixin.py:190} INFO - [2026-05-20T09:01:35.526+0000] {dagbag.py:588} INFO - Filling up the DagBag from /opt/airflow/dags/submit_spark_dag.py
[2026-05-20T09:01:35.532+0000] {processor.py:925} INFO - DAG(s) 'hello_spark' retrieved from /opt/airflow/dags/submit_spark_dag.py
[2026-05-20T09:01:35.553+0000] {logging_mixin.py:190} INFO - [2026-05-20T09:01:35.553+0000] {dag.py:3239} INFO - Sync 1 DAGs
[2026-05-20T09:01:35.573+0000] {logging_mixin.py:190} INFO - [2026-05-20T09:01:35.572+0000] {dag.py:4180} INFO - Setting next_dagrun for hello_spark to 2026-05-19 00:00:00+00:00, run_after=2026-05-20 00:00:00+00:00
[2026-05-20T09:01:35.587+0000] {processor.py:208} INFO - Processing /opt/airflow/dags/submit_spark_dag.py took 0.068 seconds
[2026-05-20T09:02:05.815+0000] {processor.py:186} INFO - Started process (PID=1886) to work on /opt/airflow/dags/submit_spark_dag.py
[2026-05-20T09:02:05.816+0000] {processor.py:914} INFO - Processing file /opt/airflow/dags/submit_spark_dag.py for tasks to queue
[2026-05-20T09:02:05.817+0000] {logging_mixin.py:190} INFO - [2026-05-20T09:02:05.817+0000] {dagbag.py:588} INFO - Filling up the DagBag from /opt/airflow/dags/submit_spark_dag.py
[2026-05-20T09:02:05.825+0000] {processor.py:925} INFO - DAG(s) 'hello_spark' retrieved from /opt/airflow/dags/submit_spark_dag.py
[2026-05-20T09:02:05.843+0000] {logging_mixin.py:190} INFO - [2026-05-20T09:02:05.843+0000] {dag.py:3239} INFO - Sync 1 DAGs
[2026-05-20T09:02:05.861+0000] {logging_mixin.py:190} INFO - [2026-05-20T09:02:05.861+0000] {dag.py:4180} INFO - Setting next_dagrun for hello_spark to 2026-05-19 00:00:00+00:00, run_after=2026-05-20 00:00:00+00:00
[2026-05-20T09:02:05.880+0000] {processor.py:208} INFO - Processing /opt/airflow/dags/submit_spark_dag.py took 0.069 seconds
[2026-05-20T09:02:36.162+0000] {processor.py:186} INFO - Started process (PID=1897) to work on /opt/airflow/dags/submit_spark_dag.py
[2026-05-20T09:02:36.163+0000] {processor.py:914} INFO - Processing file /opt/airflow/dags/submit_spark_dag.py for tasks to queue
[2026-05-20T09:02:36.165+0000] {logging_mixin.py:190} INFO - [2026-05-20T09:02:36.165+0000] {dagbag.py:588} INFO - Filling up the DagBag from /opt/airflow/dags/submit_spark_dag.py
[2026-05-20T09:02:36.171+0000] {processor.py:925} INFO - DAG(s) 'hello_spark' retrieved from /opt/airflow/dags/submit_spark_dag.py
[2026-05-20T09:02:36.190+0000] {logging_mixin.py:190} INFO - [2026-05-20T09:02:36.190+0000] {dag.py:3239} INFO - Sync 1 DAGs
[2026-05-20T09:02:36.208+0000] {logging_mixin.py:190} INFO - [2026-05-20T09:02:36.208+0000] {dag.py:4180} INFO - Setting next_dagrun for hello_spark to 2026-05-19 00:00:00+00:00, run_after=2026-05-20 00:00:00+00:00
[2026-05-20T09:02:36.224+0000] {processor.py:208} INFO - Processing /opt/airflow/dags/submit_spark_dag.py took 0.065 seconds
[2026-05-20T09:03:06.550+0000] {processor.py:186} INFO - Started process (PID=1910) to work on /opt/airflow/dags/submit_spark_dag.py
[2026-05-20T09:03:06.551+0000] {processor.py:914} INFO - Processing file /opt/airflow/dags/submit_spark_dag.py for tasks to queue
[2026-05-20T09:03:06.553+0000] {logging_mixin.py:190} INFO - [2026-05-20T09:03:06.553+0000] {dagbag.py:588} INFO - Filling up the DagBag from /opt/airflow/dags/submit_spark_dag.py
[2026-05-20T09:03:06.561+0000] {processor.py:925} INFO - DAG(s) 'hello_spark' retrieved from /opt/airflow/dags/submit_spark_dag.py
[2026-05-20T09:03:06.580+0000] {logging_mixin.py:190} INFO - [2026-05-20T09:03:06.580+0000] {dag.py:3239} INFO - Sync 1 DAGs
[2026-05-20T09:03:06.600+0000] {logging_mixin.py:190} INFO - [2026-05-20T09:03:06.600+0000] {dag.py:4180} INFO - Setting next_dagrun for hello_spark to 2026-05-19 00:00:00+00:00, run_after=2026-05-20 00:00:00+00:00
[2026-05-20T09:03:06.615+0000] {processor.py:208} INFO - Processing /opt/airflow/dags/submit_spark_dag.py took 0.070 seconds
[2026-05-20T09:03:36.662+0000] {processor.py:186} INFO - Started process (PID=1921) to work on /opt/airflow/dags/submit_spark_dag.py
[2026-05-20T09:03:36.664+0000] {processor.py:914} INFO - Processing file /opt/airflow/dags/submit_spark_dag.py for tasks to queue
[2026-05-20T09:03:36.668+0000] {logging_mixin.py:190} INFO - [2026-05-20T09:03:36.667+0000] {dagbag.py:588} INFO - Filling up the DagBag from /opt/airflow/dags/submit_spark_dag.py
[2026-05-20T09:03:36.678+0000] {processor.py:925} INFO - DAG(s) 'hello_spark' retrieved from /opt/airflow/dags/submit_spark_dag.py
[2026-05-20T09:03:36.703+0000] {logging_mixin.py:190} INFO - [2026-05-20T09:03:36.703+0000] {dag.py:3239} INFO - Sync 1 DAGs
[2026-05-20T09:03:36.722+0000] {logging_mixin.py:190} INFO - [2026-05-20T09:03:36.722+0000] {dag.py:4180} INFO - Setting next_dagrun for hello_spark to 2026-05-19 00:00:00+00:00, run_after=2026-05-20 00:00:00+00:00
[2026-05-20T09:03:36.736+0000] {processor.py:208} INFO - Processing /opt/airflow/dags/submit_spark_dag.py took 0.080 seconds
[2026-05-20T09:04:07.092+0000] {processor.py:186} INFO - Started process (PID=1933) to work on /opt/airflow/dags/submit_spark_dag.py
[2026-05-20T09:04:07.092+0000] {processor.py:914} INFO - Processing file /opt/airflow/dags/submit_spark_dag.py for tasks to queue
[2026-05-20T09:04:07.094+0000] {logging_mixin.py:190} INFO - [2026-05-20T09:04:07.094+0000] {dagbag.py:588} INFO - Filling up the DagBag from /opt/airflow/dags/submit_spark_dag.py
[2026-05-20T09:04:07.100+0000] {processor.py:925} INFO - DAG(s) 'hello_spark' retrieved from /opt/airflow/dags/submit_spark_dag.py
[2026-05-20T09:04:07.117+0000] {logging_mixin.py:190} INFO - [2026-05-20T09:04:07.117+0000] {dag.py:3239} INFO - Sync 1 DAGs
[2026-05-20T09:04:07.134+0000] {logging_mixin.py:190} INFO - [2026-05-20T09:04:07.134+0000] {dag.py:4180} INFO - Setting next_dagrun for hello_spark to 2026-05-19 00:00:00+00:00, run_after=2026-05-20 00:00:00+00:00
[2026-05-20T09:04:07.147+0000] {processor.py:208} INFO - Processing /opt/airflow/dags/submit_spark_dag.py took 0.060 seconds
[2026-05-20T09:04:37.407+0000] {processor.py:186} INFO - Started process (PID=1945) to work on /opt/airflow/dags/submit_spark_dag.py
[2026-05-20T09:04:37.408+0000] {processor.py:914} INFO - Processing file /opt/airflow/dags/submit_spark_dag.py for tasks to queue
[2026-05-20T09:04:37.409+0000] {logging_mixin.py:190} INFO - [2026-05-20T09:04:37.409+0000] {dagbag.py:588} INFO - Filling up the DagBag from /opt/airflow/dags/submit_spark_dag.py
[2026-05-20T09:04:37.416+0000] {processor.py:925} INFO - DAG(s) 'hello_spark' retrieved from /opt/airflow/dags/submit_spark_dag.py
[2026-05-20T09:04:37.433+0000] {logging_mixin.py:190} INFO - [2026-05-20T09:04:37.433+0000] {dag.py:3239} INFO - Sync 1 DAGs
[2026-05-20T09:04:37.450+0000] {logging_mixin.py:190} INFO - [2026-05-20T09:04:37.449+0000] {dag.py:4180} INFO - Setting next_dagrun for hello_spark to 2026-05-19 00:00:00+00:00, run_after=2026-05-20 00:00:00+00:00
[2026-05-20T09:04:37.464+0000] {processor.py:208} INFO - Processing /opt/airflow/dags/submit_spark_dag.py took 0.061 seconds
[2026-05-20T09:05:07.736+0000] {processor.py:186} INFO - Started process (PID=1957) to work on /opt/airflow/dags/submit_spark_dag.py
[2026-05-20T09:05:07.737+0000] {processor.py:914} INFO - Processing file /opt/airflow/dags/submit_spark_dag.py for tasks to queue
[2026-05-20T09:05:07.739+0000] {logging_mixin.py:190} INFO - [2026-05-20T09:05:07.738+0000] {dagbag.py:588} INFO - Filling up the DagBag from /opt/airflow/dags/submit_spark_dag.py
[2026-05-20T09:05:07.745+0000] {processor.py:925} INFO - DAG(s) 'hello_spark' retrieved from /opt/airflow/dags/submit_spark_dag.py
[2026-05-20T09:05:07.763+0000] {logging_mixin.py:190} INFO - [2026-05-20T09:05:07.763+0000] {dag.py:3239} INFO - Sync 1 DAGs
[2026-05-20T09:05:07.780+0000] {logging_mixin.py:190} INFO - [2026-05-20T09:05:07.780+0000] {dag.py:4180} INFO - Setting next_dagrun for hello_spark to 2026-05-19 00:00:00+00:00, run_after=2026-05-20 00:00:00+00:00
[2026-05-20T09:05:07.794+0000] {processor.py:208} INFO - Processing /opt/airflow/dags/submit_spark_dag.py took 0.062 seconds
[2026-05-20T09:05:38.085+0000] {processor.py:186} INFO - Started process (PID=1969) to work on /opt/airflow/dags/submit_spark_dag.py
[2026-05-20T09:05:38.086+0000] {processor.py:914} INFO - Processing file /opt/airflow/dags/submit_spark_dag.py for tasks to queue
[2026-05-20T09:05:38.088+0000] {logging_mixin.py:190} INFO - [2026-05-20T09:05:38.088+0000] {dagbag.py:588} INFO - Filling up the DagBag from /opt/airflow/dags/submit_spark_dag.py
[2026-05-20T09:05:38.098+0000] {processor.py:925} INFO - DAG(s) 'hello_spark' retrieved from /opt/airflow/dags/submit_spark_dag.py
[2026-05-20T09:05:38.118+0000] {logging_mixin.py:190} INFO - [2026-05-20T09:05:38.117+0000] {dag.py:3239} INFO - Sync 1 DAGs
[2026-05-20T09:05:38.142+0000] {logging_mixin.py:190} INFO - [2026-05-20T09:05:38.142+0000] {dag.py:4180} INFO - Setting next_dagrun for hello_spark to 2026-05-19 00:00:00+00:00, run_after=2026-05-20 00:00:00+00:00
[2026-05-20T09:05:38.155+0000] {processor.py:208} INFO - Processing /opt/airflow/dags/submit_spark_dag.py took 0.075 seconds
[2026-05-20T09:06:08.335+0000] {processor.py:186} INFO - Started process (PID=1981) to work on /opt/airflow/dags/submit_spark_dag.py
[2026-05-20T09:06:08.335+0000] {processor.py:914} INFO - Processing file /opt/airflow/dags/submit_spark_dag.py for tasks to queue
[2026-05-20T09:06:08.337+0000] {logging_mixin.py:190} INFO - [2026-05-20T09:06:08.337+0000] {dagbag.py:588} INFO - Filling up the DagBag from /opt/airflow/dags/submit_spark_dag.py
[2026-05-20T09:06:08.344+0000] {processor.py:925} INFO - DAG(s) 'hello_spark' retrieved from /opt/airflow/dags/submit_spark_dag.py
[2026-05-20T09:06:08.359+0000] {logging_mixin.py:190} INFO - [2026-05-20T09:06:08.359+0000] {dag.py:3239} INFO - Sync 1 DAGs
[2026-05-20T09:06:08.375+0000] {logging_mixin.py:190} INFO - [2026-05-20T09:06:08.375+0000] {dag.py:4180} INFO - Setting next_dagrun for hello_spark to 2026-05-19 00:00:00+00:00, run_after=2026-05-20 00:00:00+00:00
[2026-05-20T09:06:08.386+0000] {processor.py:208} INFO - Processing /opt/airflow/dags/submit_spark_dag.py took 0.056 seconds
[2026-05-20T09:06:38.691+0000] {processor.py:186} INFO - Started process (PID=1993) to work on /opt/airflow/dags/submit_spark_dag.py
[2026-05-20T09:06:38.692+0000] {processor.py:914} INFO - Processing file /opt/airflow/dags/submit_spark_dag.py for tasks to queue
[2026-05-20T09:06:38.694+0000] {logging_mixin.py:190} INFO - [2026-05-20T09:06:38.694+0000] {dagbag.py:588} INFO - Filling up the DagBag from /opt/airflow/dags/submit_spark_dag.py
[2026-05-20T09:06:38.702+0000] {processor.py:925} INFO - DAG(s) 'hello_spark' retrieved from /opt/airflow/dags/submit_spark_dag.py
[2026-05-20T09:06:38.717+0000] {logging_mixin.py:190} INFO - [2026-05-20T09:06:38.717+0000] {dag.py:3239} INFO - Sync 1 DAGs
[2026-05-20T09:06:38.735+0000] {logging_mixin.py:190} INFO - [2026-05-20T09:06:38.734+0000] {dag.py:4180} INFO - Setting next_dagrun for hello_spark to 2026-05-19 00:00:00+00:00, run_after=2026-05-20 00:00:00+00:00
[2026-05-20T09:06:38.747+0000] {processor.py:208} INFO - Processing /opt/airflow/dags/submit_spark_dag.py took 0.061 seconds
[2026-05-20T09:07:09.098+0000] {processor.py:186} INFO - Started process (PID=2005) to work on /opt/airflow/dags/submit_spark_dag.py
[2026-05-20T09:07:09.099+0000] {processor.py:914} INFO - Processing file /opt/airflow/dags/submit_spark_dag.py for tasks to queue
[2026-05-20T09:07:09.101+0000] {logging_mixin.py:190} INFO - [2026-05-20T09:07:09.101+0000] {dagbag.py:588} INFO - Filling up the DagBag from /opt/airflow/dags/submit_spark_dag.py
[2026-05-20T09:07:09.109+0000] {processor.py:925} INFO - DAG(s) 'hello_spark' retrieved from /opt/airflow/dags/submit_spark_dag.py
[2026-05-20T09:07:09.125+0000] {logging_mixin.py:190} INFO - [2026-05-20T09:07:09.125+0000] {dag.py:3239} INFO - Sync 1 DAGs
[2026-05-20T09:07:09.145+0000] {logging_mixin.py:190} INFO - [2026-05-20T09:07:09.145+0000] {dag.py:4180} INFO - Setting next_dagrun for hello_spark to 2026-05-19 00:00:00+00:00, run_after=2026-05-20 00:00:00+00:00
[2026-05-20T09:07:09.165+0000] {processor.py:208} INFO - Processing /opt/airflow/dags/submit_spark_dag.py took 0.071 seconds
[2026-05-20T09:07:39.461+0000] {processor.py:186} INFO - Started process (PID=2017) to work on /opt/airflow/dags/submit_spark_dag.py
[2026-05-20T09:07:39.462+0000] {processor.py:914} INFO - Processing file /opt/airflow/dags/submit_spark_dag.py for tasks to queue
[2026-05-20T09:07:39.463+0000] {logging_mixin.py:190} INFO - [2026-05-20T09:07:39.463+0000] {dagbag.py:588} INFO - Filling up the DagBag from /opt/airflow/dags/submit_spark_dag.py
[2026-05-20T09:07:39.470+0000] {processor.py:925} INFO - DAG(s) 'hello_spark' retrieved from /opt/airflow/dags/submit_spark_dag.py
[2026-05-20T09:07:39.487+0000] {logging_mixin.py:190} INFO - [2026-05-20T09:07:39.486+0000] {dag.py:3239} INFO - Sync 1 DAGs
[2026-05-20T09:07:39.504+0000] {logging_mixin.py:190} INFO - [2026-05-20T09:07:39.503+0000] {dag.py:4180} INFO - Setting next_dagrun for hello_spark to 2026-05-19 00:00:00+00:00, run_after=2026-05-20 00:00:00+00:00
[2026-05-20T09:07:39.517+0000] {processor.py:208} INFO - Processing /opt/airflow/dags/submit_spark_dag.py took 0.060 seconds
[2026-05-20T09:08:09.755+0000] {processor.py:186} INFO - Started process (PID=2030) to work on /opt/airflow/dags/submit_spark_dag.py
[2026-05-20T09:08:09.756+0000] {processor.py:914} INFO - Processing file /opt/airflow/dags/submit_spark_dag.py for tasks to queue
[2026-05-20T09:08:09.758+0000] {logging_mixin.py:190} INFO - [2026-05-20T09:08:09.758+0000] {dagbag.py:588} INFO - Filling up the DagBag from /opt/airflow/dags/submit_spark_dag.py
[2026-05-20T09:08:09.766+0000] {processor.py:925} INFO - DAG(s) 'hello_spark' retrieved from /opt/airflow/dags/submit_spark_dag.py
[2026-05-20T09:08:09.784+0000] {logging_mixin.py:190} INFO - [2026-05-20T09:08:09.784+0000] {dag.py:3239} INFO - Sync 1 DAGs
[2026-05-20T09:08:09.803+0000] {logging_mixin.py:190} INFO - [2026-05-20T09:08:09.803+0000] {dag.py:4180} INFO - Setting next_dagrun for hello_spark to 2026-05-19 00:00:00+00:00, run_after=2026-05-20 00:00:00+00:00
[2026-05-20T09:08:09.817+0000] {processor.py:208} INFO - Processing /opt/airflow/dags/submit_spark_dag.py took 0.068 seconds
[2026-05-20T09:08:40.053+0000] {processor.py:186} INFO - Started process (PID=2042) to work on /opt/airflow/dags/submit_spark_dag.py
[2026-05-20T09:08:40.054+0000] {processor.py:914} INFO - Processing file /opt/airflow/dags/submit_spark_dag.py for tasks to queue
[2026-05-20T09:08:40.056+0000] {logging_mixin.py:190} INFO - [2026-05-20T09:08:40.056+0000] {dagbag.py:588} INFO - Filling up the DagBag from /opt/airflow/dags/submit_spark_dag.py
[2026-05-20T09:08:40.063+0000] {processor.py:925} INFO - DAG(s) 'hello_spark' retrieved from /opt/airflow/dags/submit_spark_dag.py
[2026-05-20T09:08:40.080+0000] {logging_mixin.py:190} INFO - [2026-05-20T09:08:40.080+0000] {dag.py:3239} INFO - Sync 1 DAGs
[2026-05-20T09:08:40.099+0000] {logging_mixin.py:190} INFO - [2026-05-20T09:08:40.099+0000] {dag.py:4180} INFO - Setting next_dagrun for hello_spark to 2026-05-19 00:00:00+00:00, run_after=2026-05-20 00:00:00+00:00
[2026-05-20T09:08:40.115+0000] {processor.py:208} INFO - Processing /opt/airflow/dags/submit_spark_dag.py took 0.067 seconds
[2026-05-20T09:09:10.550+0000] {processor.py:186} INFO - Started process (PID=2054) to work on /opt/airflow/dags/submit_spark_dag.py
[2026-05-20T09:09:10.550+0000] {processor.py:914} INFO - Processing file /opt/airflow/dags/submit_spark_dag.py for tasks to queue
[2026-05-20T09:09:10.552+0000] {logging_mixin.py:190} INFO - [2026-05-20T09:09:10.552+0000] {dagbag.py:588} INFO - Filling up the DagBag from /opt/airflow/dags/submit_spark_dag.py
[2026-05-20T09:09:10.560+0000] {processor.py:925} INFO - DAG(s) 'hello_spark' retrieved from /opt/airflow/dags/submit_spark_dag.py
[2026-05-20T09:09:10.578+0000] {logging_mixin.py:190} INFO - [2026-05-20T09:09:10.578+0000] {dag.py:3239} INFO - Sync 1 DAGs
[2026-05-20T09:09:10.596+0000] {logging_mixin.py:190} INFO - [2026-05-20T09:09:10.596+0000] {dag.py:4180} INFO - Setting next_dagrun for hello_spark to 2026-05-19 00:00:00+00:00, run_after=2026-05-20 00:00:00+00:00
[2026-05-20T09:09:10.611+0000] {processor.py:208} INFO - Processing /opt/airflow/dags/submit_spark_dag.py took 0.066 seconds
[2026-05-20T09:09:40.925+0000] {processor.py:186} INFO - Started process (PID=2067) to work on /opt/airflow/dags/submit_spark_dag.py
[2026-05-20T09:09:40.926+0000] {processor.py:914} INFO - Processing file /opt/airflow/dags/submit_spark_dag.py for tasks to queue
[2026-05-20T09:09:40.928+0000] {logging_mixin.py:190} INFO - [2026-05-20T09:09:40.928+0000] {dagbag.py:588} INFO - Filling up the DagBag from /opt/airflow/dags/submit_spark_dag.py
[2026-05-20T09:09:40.935+0000] {processor.py:925} INFO - DAG(s) 'hello_spark' retrieved from /opt/airflow/dags/submit_spark_dag.py
[2026-05-20T09:09:40.953+0000] {logging_mixin.py:190} INFO - [2026-05-20T09:09:40.953+0000] {dag.py:3239} INFO - Sync 1 DAGs
[2026-05-20T09:09:40.979+0000] {logging_mixin.py:190} INFO - [2026-05-20T09:09:40.977+0000] {dag.py:4180} INFO - Setting next_dagrun for hello_spark to 2026-05-19 00:00:00+00:00, run_after=2026-05-20 00:00:00+00:00
[2026-05-20T09:09:40.993+0000] {processor.py:208} INFO - Processing /opt/airflow/dags/submit_spark_dag.py took 0.072 seconds
[2026-05-20T09:10:11.180+0000] {processor.py:186} INFO - Started process (PID=2079) to work on /opt/airflow/dags/submit_spark_dag.py
[2026-05-20T09:10:11.181+0000] {processor.py:914} INFO - Processing file /opt/airflow/dags/submit_spark_dag.py for tasks to queue
[2026-05-20T09:10:11.183+0000] {logging_mixin.py:190} INFO - [2026-05-20T09:10:11.183+0000] {dagbag.py:588} INFO - Filling up the DagBag from /opt/airflow/dags/submit_spark_dag.py
[2026-05-20T09:10:11.189+0000] {processor.py:925} INFO - DAG(s) 'hello_spark' retrieved from /opt/airflow/dags/submit_spark_dag.py
[2026-05-20T09:10:11.207+0000] {logging_mixin.py:190} INFO - [2026-05-20T09:10:11.207+0000] {dag.py:3239} INFO - Sync 1 DAGs
[2026-05-20T09:10:11.225+0000] {logging_mixin.py:190} INFO - [2026-05-20T09:10:11.225+0000] {dag.py:4180} INFO - Setting next_dagrun for hello_spark to 2026-05-19 00:00:00+00:00, run_after=2026-05-20 00:00:00+00:00
[2026-05-20T09:10:11.238+0000] {processor.py:208} INFO - Processing /opt/airflow/dags/submit_spark_dag.py took 0.062 seconds
[2026-05-20T09:10:41.479+0000] {processor.py:186} INFO - Started process (PID=2092) to work on /opt/airflow/dags/submit_spark_dag.py
[2026-05-20T09:10:41.481+0000] {processor.py:914} INFO - Processing file /opt/airflow/dags/submit_spark_dag.py for tasks to queue
[2026-05-20T09:10:41.482+0000] {logging_mixin.py:190} INFO - [2026-05-20T09:10:41.482+0000] {dagbag.py:588} INFO - Filling up the DagBag from /opt/airflow/dags/submit_spark_dag.py
[2026-05-20T09:10:41.489+0000] {processor.py:925} INFO - DAG(s) 'hello_spark' retrieved from /opt/airflow/dags/submit_spark_dag.py
[2026-05-20T09:10:41.506+0000] {logging_mixin.py:190} INFO - [2026-05-20T09:10:41.505+0000] {dag.py:3239} INFO - Sync 1 DAGs
[2026-05-20T09:10:41.523+0000] {logging_mixin.py:190} INFO - [2026-05-20T09:10:41.523+0000] {dag.py:4180} INFO - Setting next_dagrun for hello_spark to 2026-05-19 00:00:00+00:00, run_after=2026-05-20 00:00:00+00:00
[2026-05-20T09:10:41.547+0000] {processor.py:208} INFO - Processing /opt/airflow/dags/submit_spark_dag.py took 0.073 seconds
[2026-05-20T09:11:11.740+0000] {processor.py:186} INFO - Started process (PID=2104) to work on /opt/airflow/dags/submit_spark_dag.py
[2026-05-20T09:11:11.741+0000] {processor.py:914} INFO - Processing file /opt/airflow/dags/submit_spark_dag.py for tasks to queue
[2026-05-20T09:11:11.742+0000] {logging_mixin.py:190} INFO - [2026-05-20T09:11:11.742+0000] {dagbag.py:588} INFO - Filling up the DagBag from /opt/airflow/dags/submit_spark_dag.py
[2026-05-20T09:11:11.749+0000] {processor.py:925} INFO - DAG(s) 'hello_spark' retrieved from /opt/airflow/dags/submit_spark_dag.py
[2026-05-20T09:11:11.767+0000] {logging_mixin.py:190} INFO - [2026-05-20T09:11:11.767+0000] {dag.py:3239} INFO - Sync 1 DAGs
[2026-05-20T09:11:11.785+0000] {logging_mixin.py:190} INFO - [2026-05-20T09:11:11.785+0000] {dag.py:4180} INFO - Setting next_dagrun for hello_spark to 2026-05-19 00:00:00+00:00, run_after=2026-05-20 00:00:00+00:00
[2026-05-20T09:11:11.799+0000] {processor.py:208} INFO - Processing /opt/airflow/dags/submit_spark_dag.py took 0.063 seconds
[2026-05-20T09:11:41.989+0000] {processor.py:186} INFO - Started process (PID=2116) to work on /opt/airflow/dags/submit_spark_dag.py
[2026-05-20T09:11:41.989+0000] {processor.py:914} INFO - Processing file /opt/airflow/dags/submit_spark_dag.py for tasks to queue
[2026-05-20T09:11:41.991+0000] {logging_mixin.py:190} INFO - [2026-05-20T09:11:41.991+0000] {dagbag.py:588} INFO - Filling up the DagBag from /opt/airflow/dags/submit_spark_dag.py
[2026-05-20T09:11:41.997+0000] {processor.py:925} INFO - DAG(s) 'hello_spark' retrieved from /opt/airflow/dags/submit_spark_dag.py
[2026-05-20T09:11:42.015+0000] {logging_mixin.py:190} INFO - [2026-05-20T09:11:42.015+0000] {dag.py:3239} INFO - Sync 1 DAGs
[2026-05-20T09:11:42.035+0000] {logging_mixin.py:190} INFO - [2026-05-20T09:11:42.034+0000] {dag.py:4180} INFO - Setting next_dagrun for hello_spark to 2026-05-19 00:00:00+00:00, run_after=2026-05-20 00:00:00+00:00
[2026-05-20T09:11:42.047+0000] {processor.py:208} INFO - Processing /opt/airflow/dags/submit_spark_dag.py took 0.062 seconds
[2026-05-20T09:12:12.266+0000] {processor.py:186} INFO - Started process (PID=2128) to work on /opt/airflow/dags/submit_spark_dag.py
[2026-05-20T09:12:12.267+0000] {processor.py:914} INFO - Processing file /opt/airflow/dags/submit_spark_dag.py for tasks to queue
[2026-05-20T09:12:12.268+0000] {logging_mixin.py:190} INFO - [2026-05-20T09:12:12.268+0000] {dagbag.py:588} INFO - Filling up the DagBag from /opt/airflow/dags/submit_spark_dag.py
[2026-05-20T09:12:12.274+0000] {processor.py:925} INFO - DAG(s) 'hello_spark' retrieved from /opt/airflow/dags/submit_spark_dag.py
[2026-05-20T09:12:12.292+0000] {logging_mixin.py:190} INFO - [2026-05-20T09:12:12.292+0000] {dag.py:3239} INFO - Sync 1 DAGs
[2026-05-20T09:12:12.309+0000] {logging_mixin.py:190} INFO - [2026-05-20T09:12:12.309+0000] {dag.py:4180} INFO - Setting next_dagrun for hello_spark to 2026-05-19 00:00:00+00:00, run_after=2026-05-20 00:00:00+00:00
[2026-05-20T09:12:12.323+0000] {processor.py:208} INFO - Processing /opt/airflow/dags/submit_spark_dag.py took 0.061 seconds
[2026-05-20T09:12:42.545+0000] {processor.py:186} INFO - Started process (PID=2141) to work on /opt/airflow/dags/submit_spark_dag.py
[2026-05-20T09:12:42.546+0000] {processor.py:914} INFO - Processing file /opt/airflow/dags/submit_spark_dag.py for tasks to queue
[2026-05-20T09:12:42.548+0000] {logging_mixin.py:190} INFO - [2026-05-20T09:12:42.548+0000] {dagbag.py:588} INFO - Filling up the DagBag from /opt/airflow/dags/submit_spark_dag.py
[2026-05-20T09:12:42.555+0000] {processor.py:925} INFO - DAG(s) 'hello_spark' retrieved from /opt/airflow/dags/submit_spark_dag.py
[2026-05-20T09:12:42.570+0000] {logging_mixin.py:190} INFO - [2026-05-20T09:12:42.570+0000] {dag.py:3239} INFO - Sync 1 DAGs
[2026-05-20T09:12:42.587+0000] {logging_mixin.py:190} INFO - [2026-05-20T09:12:42.586+0000] {dag.py:4180} INFO - Setting next_dagrun for hello_spark to 2026-05-19 00:00:00+00:00, run_after=2026-05-20 00:00:00+00:00
[2026-05-20T09:12:42.599+0000] {processor.py:208} INFO - Processing /opt/airflow/dags/submit_spark_dag.py took 0.058 seconds
[2026-05-20T09:13:12.791+0000] {processor.py:186} INFO - Started process (PID=2152) to work on /opt/airflow/dags/submit_spark_dag.py
[2026-05-20T09:13:12.793+0000] {processor.py:914} INFO - Processing file /opt/airflow/dags/submit_spark_dag.py for tasks to queue
[2026-05-20T09:13:12.795+0000] {logging_mixin.py:190} INFO - [2026-05-20T09:13:12.795+0000] {dagbag.py:588} INFO - Filling up the DagBag from /opt/airflow/dags/submit_spark_dag.py
[2026-05-20T09:13:12.801+0000] {processor.py:925} INFO - DAG(s) 'hello_spark' retrieved from /opt/airflow/dags/submit_spark_dag.py
[2026-05-20T09:13:12.819+0000] {logging_mixin.py:190} INFO - [2026-05-20T09:13:12.819+0000] {dag.py:3239} INFO - Sync 1 DAGs
[2026-05-20T09:13:12.836+0000] {logging_mixin.py:190} INFO - [2026-05-20T09:13:12.836+0000] {dag.py:4180} INFO - Setting next_dagrun for hello_spark to 2026-05-19 00:00:00+00:00, run_after=2026-05-20 00:00:00+00:00
[2026-05-20T09:13:12.849+0000] {processor.py:208} INFO - Processing /opt/airflow/dags/submit_spark_dag.py took 0.062 seconds
[2026-05-20T09:13:43.108+0000] {processor.py:186} INFO - Started process (PID=2165) to work on /opt/airflow/dags/submit_spark_dag.py
[2026-05-20T09:13:43.109+0000] {processor.py:914} INFO - Processing file /opt/airflow/dags/submit_spark_dag.py for tasks to queue
[2026-05-20T09:13:43.110+0000] {logging_mixin.py:190} INFO - [2026-05-20T09:13:43.110+0000] {dagbag.py:588} INFO - Filling up the DagBag from /opt/airflow/dags/submit_spark_dag.py
[2026-05-20T09:13:43.116+0000] {processor.py:925} INFO - DAG(s) 'hello_spark' retrieved from /opt/airflow/dags/submit_spark_dag.py
[2026-05-20T09:13:43.133+0000] {logging_mixin.py:190} INFO - [2026-05-20T09:13:43.133+0000] {dag.py:3239} INFO - Sync 1 DAGs
[2026-05-20T09:13:43.151+0000] {logging_mixin.py:190} INFO - [2026-05-20T09:13:43.150+0000] {dag.py:4180} INFO - Setting next_dagrun for hello_spark to 2026-05-19 00:00:00+00:00, run_after=2026-05-20 00:00:00+00:00
[2026-05-20T09:13:43.165+0000] {processor.py:208} INFO - Processing /opt/airflow/dags/submit_spark_dag.py took 0.061 seconds
[2026-05-20T09:14:13.534+0000] {processor.py:186} INFO - Started process (PID=2177) to work on /opt/airflow/dags/submit_spark_dag.py
[2026-05-20T09:14:13.537+0000] {processor.py:914} INFO - Processing file /opt/airflow/dags/submit_spark_dag.py for tasks to queue
[2026-05-20T09:14:13.538+0000] {logging_mixin.py:190} INFO - [2026-05-20T09:14:13.538+0000] {dagbag.py:588} INFO - Filling up the DagBag from /opt/airflow/dags/submit_spark_dag.py
[2026-05-20T09:14:13.545+0000] {processor.py:925} INFO - DAG(s) 'hello_spark' retrieved from /opt/airflow/dags/submit_spark_dag.py
[2026-05-20T09:14:13.562+0000] {logging_mixin.py:190} INFO - [2026-05-20T09:14:13.562+0000] {dag.py:3239} INFO - Sync 1 DAGs
[2026-05-20T09:14:13.579+0000] {logging_mixin.py:190} INFO - [2026-05-20T09:14:13.579+0000] {dag.py:4180} INFO - Setting next_dagrun for hello_spark to 2026-05-19 00:00:00+00:00, run_after=2026-05-20 00:00:00+00:00
[2026-05-20T09:14:13.592+0000] {processor.py:208} INFO - Processing /opt/airflow/dags/submit_spark_dag.py took 0.062 seconds
[2026-05-20T09:14:43.854+0000] {processor.py:186} INFO - Started process (PID=2188) to work on /opt/airflow/dags/submit_spark_dag.py
[2026-05-20T09:14:43.855+0000] {processor.py:914} INFO - Processing file /opt/airflow/dags/submit_spark_dag.py for tasks to queue
[2026-05-20T09:14:43.857+0000] {logging_mixin.py:190} INFO - [2026-05-20T09:14:43.857+0000] {dagbag.py:588} INFO - Filling up the DagBag from /opt/airflow/dags/submit_spark_dag.py
[2026-05-20T09:14:43.864+0000] {processor.py:925} INFO - DAG(s) 'hello_spark' retrieved from /opt/airflow/dags/submit_spark_dag.py
[2026-05-20T09:14:43.879+0000] {logging_mixin.py:190} INFO - [2026-05-20T09:14:43.879+0000] {dag.py:3239} INFO - Sync 1 DAGs
[2026-05-20T09:14:43.895+0000] {logging_mixin.py:190} INFO - [2026-05-20T09:14:43.895+0000] {dag.py:4180} INFO - Setting next_dagrun for hello_spark to 2026-05-19 00:00:00+00:00, run_after=2026-05-20 00:00:00+00:00
[2026-05-20T09:14:43.907+0000] {processor.py:208} INFO - Processing /opt/airflow/dags/submit_spark_dag.py took 0.057 seconds
[2026-05-20T09:15:14.188+0000] {processor.py:186} INFO - Started process (PID=2200) to work on /opt/airflow/dags/submit_spark_dag.py
[2026-05-20T09:15:14.190+0000] {processor.py:914} INFO - Processing file /opt/airflow/dags/submit_spark_dag.py for tasks to queue
[2026-05-20T09:15:14.192+0000] {logging_mixin.py:190} INFO - [2026-05-20T09:15:14.191+0000] {dagbag.py:588} INFO - Filling up the DagBag from /opt/airflow/dags/submit_spark_dag.py
[2026-05-20T09:15:14.198+0000] {processor.py:925} INFO - DAG(s) 'hello_spark' retrieved from /opt/airflow/dags/submit_spark_dag.py
[2026-05-20T09:15:14.216+0000] {logging_mixin.py:190} INFO - [2026-05-20T09:15:14.216+0000] {dag.py:3239} INFO - Sync 1 DAGs
[2026-05-20T09:15:14.234+0000] {logging_mixin.py:190} INFO - [2026-05-20T09:15:14.233+0000] {dag.py:4180} INFO - Setting next_dagrun for hello_spark to 2026-05-19 00:00:00+00:00, run_after=2026-05-20 00:00:00+00:00
[2026-05-20T09:15:14.247+0000] {processor.py:208} INFO - Processing /opt/airflow/dags/submit_spark_dag.py took 0.063 seconds
[2026-05-20T09:15:44.513+0000] {processor.py:186} INFO - Started process (PID=2212) to work on /opt/airflow/dags/submit_spark_dag.py
[2026-05-20T09:15:44.514+0000] {processor.py:914} INFO - Processing file /opt/airflow/dags/submit_spark_dag.py for tasks to queue
[2026-05-20T09:15:44.515+0000] {logging_mixin.py:190} INFO - [2026-05-20T09:15:44.515+0000] {dagbag.py:588} INFO - Filling up the DagBag from /opt/airflow/dags/submit_spark_dag.py
[2026-05-20T09:15:44.521+0000] {processor.py:925} INFO - DAG(s) 'hello_spark' retrieved from /opt/airflow/dags/submit_spark_dag.py
[2026-05-20T09:15:44.539+0000] {logging_mixin.py:190} INFO - [2026-05-20T09:15:44.539+0000] {dag.py:3239} INFO - Sync 1 DAGs
[2026-05-20T09:15:44.557+0000] {logging_mixin.py:190} INFO - [2026-05-20T09:15:44.557+0000] {dag.py:4180} INFO - Setting next_dagrun for hello_spark to 2026-05-19 00:00:00+00:00, run_after=2026-05-20 00:00:00+00:00
[2026-05-20T09:15:44.572+0000] {processor.py:208} INFO - Processing /opt/airflow/dags/submit_spark_dag.py took 0.063 seconds
[2026-05-20T09:16:14.802+0000] {processor.py:186} INFO - Started process (PID=2224) to work on /opt/airflow/dags/submit_spark_dag.py
[2026-05-20T09:16:14.803+0000] {processor.py:914} INFO - Processing file /opt/airflow/dags/submit_spark_dag.py for tasks to queue
[2026-05-20T09:16:14.805+0000] {logging_mixin.py:190} INFO - [2026-05-20T09:16:14.805+0000] {dagbag.py:588} INFO - Filling up the DagBag from /opt/airflow/dags/submit_spark_dag.py
[2026-05-20T09:16:14.814+0000] {processor.py:925} INFO - DAG(s) 'hello_spark' retrieved from /opt/airflow/dags/submit_spark_dag.py
[2026-05-20T09:16:14.837+0000] {logging_mixin.py:190} INFO - [2026-05-20T09:16:14.837+0000] {dag.py:3239} INFO - Sync 1 DAGs
[2026-05-20T09:16:14.855+0000] {logging_mixin.py:190} INFO - [2026-05-20T09:16:14.855+0000] {dag.py:4180} INFO - Setting next_dagrun for hello_spark to 2026-05-19 00:00:00+00:00, run_after=2026-05-20 00:00:00+00:00
[2026-05-20T09:16:14.869+0000] {processor.py:208} INFO - Processing /opt/airflow/dags/submit_spark_dag.py took 0.073 seconds
[2026-05-20T09:16:45.134+0000] {processor.py:186} INFO - Started process (PID=2236) to work on /opt/airflow/dags/submit_spark_dag.py
[2026-05-20T09:16:45.134+0000] {processor.py:914} INFO - Processing file /opt/airflow/dags/submit_spark_dag.py for tasks to queue
[2026-05-20T09:16:45.136+0000] {logging_mixin.py:190} INFO - [2026-05-20T09:16:45.135+0000] {dagbag.py:588} INFO - Filling up the DagBag from /opt/airflow/dags/submit_spark_dag.py
[2026-05-20T09:16:45.142+0000] {processor.py:925} INFO - DAG(s) 'hello_spark' retrieved from /opt/airflow/dags/submit_spark_dag.py
[2026-05-20T09:16:45.160+0000] {logging_mixin.py:190} INFO - [2026-05-20T09:16:45.160+0000] {dag.py:3239} INFO - Sync 1 DAGs
[2026-05-20T09:16:45.177+0000] {logging_mixin.py:190} INFO - [2026-05-20T09:16:45.177+0000] {dag.py:4180} INFO - Setting next_dagrun for hello_spark to 2026-05-19 00:00:00+00:00, run_after=2026-05-20 00:00:00+00:00
[2026-05-20T09:16:45.189+0000] {processor.py:208} INFO - Processing /opt/airflow/dags/submit_spark_dag.py took 0.060 seconds
[2026-05-20T09:17:15.479+0000] {processor.py:186} INFO - Started process (PID=2249) to work on /opt/airflow/dags/submit_spark_dag.py
[2026-05-20T09:17:15.480+0000] {processor.py:914} INFO - Processing file /opt/airflow/dags/submit_spark_dag.py for tasks to queue
[2026-05-20T09:17:15.482+0000] {logging_mixin.py:190} INFO - [2026-05-20T09:17:15.482+0000] {dagbag.py:588} INFO - Filling up the DagBag from /opt/airflow/dags/submit_spark_dag.py
[2026-05-20T09:17:15.491+0000] {processor.py:925} INFO - DAG(s) 'hello_spark' retrieved from /opt/airflow/dags/submit_spark_dag.py
[2026-05-20T09:17:15.513+0000] {logging_mixin.py:190} INFO - [2026-05-20T09:17:15.513+0000] {dag.py:3239} INFO - Sync 1 DAGs
[2026-05-20T09:17:15.537+0000] {logging_mixin.py:190} INFO - [2026-05-20T09:17:15.537+0000] {dag.py:4180} INFO - Setting next_dagrun for hello_spark to 2026-05-19 00:00:00+00:00, run_after=2026-05-20 00:00:00+00:00
[2026-05-20T09:17:15.560+0000] {processor.py:208} INFO - Processing /opt/airflow/dags/submit_spark_dag.py took 0.085 seconds
[2026-05-20T09:17:45.812+0000] {processor.py:186} INFO - Started process (PID=2261) to work on /opt/airflow/dags/submit_spark_dag.py
[2026-05-20T09:17:45.812+0000] {processor.py:914} INFO - Processing file /opt/airflow/dags/submit_spark_dag.py for tasks to queue
[2026-05-20T09:17:45.814+0000] {logging_mixin.py:190} INFO - [2026-05-20T09:17:45.814+0000] {dagbag.py:588} INFO - Filling up the DagBag from /opt/airflow/dags/submit_spark_dag.py
[2026-05-20T09:17:45.821+0000] {processor.py:925} INFO - DAG(s) 'hello_spark' retrieved from /opt/airflow/dags/submit_spark_dag.py
[2026-05-20T09:17:45.838+0000] {logging_mixin.py:190} INFO - [2026-05-20T09:17:45.838+0000] {dag.py:3239} INFO - Sync 1 DAGs
[2026-05-20T09:17:45.856+0000] {logging_mixin.py:190} INFO - [2026-05-20T09:17:45.856+0000] {dag.py:4180} INFO - Setting next_dagrun for hello_spark to 2026-05-19 00:00:00+00:00, run_after=2026-05-20 00:00:00+00:00
[2026-05-20T09:17:45.870+0000] {processor.py:208} INFO - Processing /opt/airflow/dags/submit_spark_dag.py took 0.062 seconds
[2026-05-20T09:18:16.155+0000] {processor.py:186} INFO - Started process (PID=2279) to work on /opt/airflow/dags/submit_spark_dag.py
[2026-05-20T09:18:16.156+0000] {processor.py:914} INFO - Processing file /opt/airflow/dags/submit_spark_dag.py for tasks to queue
[2026-05-20T09:18:16.158+0000] {logging_mixin.py:190} INFO - [2026-05-20T09:18:16.158+0000] {dagbag.py:588} INFO - Filling up the DagBag from /opt/airflow/dags/submit_spark_dag.py
[2026-05-20T09:18:16.164+0000] {processor.py:925} INFO - DAG(s) 'hello_spark' retrieved from /opt/airflow/dags/submit_spark_dag.py
[2026-05-20T09:18:16.182+0000] {logging_mixin.py:190} INFO - [2026-05-20T09:18:16.182+0000] {dag.py:3239} INFO - Sync 1 DAGs
[2026-05-20T09:18:16.200+0000] {logging_mixin.py:190} INFO - [2026-05-20T09:18:16.199+0000] {dag.py:4180} INFO - Setting next_dagrun for hello_spark to 2026-05-19 00:00:00+00:00, run_after=2026-05-20 00:00:00+00:00
[2026-05-20T09:18:16.213+0000] {processor.py:208} INFO - Processing /opt/airflow/dags/submit_spark_dag.py took 0.062 seconds
[2026-05-20T09:18:46.472+0000] {processor.py:186} INFO - Started process (PID=2291) to work on /opt/airflow/dags/submit_spark_dag.py
[2026-05-20T09:18:46.473+0000] {processor.py:914} INFO - Processing file /opt/airflow/dags/submit_spark_dag.py for tasks to queue
[2026-05-20T09:18:46.475+0000] {logging_mixin.py:190} INFO - [2026-05-20T09:18:46.474+0000] {dagbag.py:588} INFO - Filling up the DagBag from /opt/airflow/dags/submit_spark_dag.py
[2026-05-20T09:18:46.482+0000] {processor.py:925} INFO - DAG(s) 'hello_spark' retrieved from /opt/airflow/dags/submit_spark_dag.py
[2026-05-20T09:18:46.500+0000] {logging_mixin.py:190} INFO - [2026-05-20T09:18:46.500+0000] {dag.py:3239} INFO - Sync 1 DAGs
[2026-05-20T09:18:46.517+0000] {logging_mixin.py:190} INFO - [2026-05-20T09:18:46.517+0000] {dag.py:4180} INFO - Setting next_dagrun for hello_spark to 2026-05-19 00:00:00+00:00, run_after=2026-05-20 00:00:00+00:00
[2026-05-20T09:18:46.530+0000] {processor.py:208} INFO - Processing /opt/airflow/dags/submit_spark_dag.py took 0.062 seconds
[2026-05-20T09:19:16.813+0000] {processor.py:186} INFO - Started process (PID=2303) to work on /opt/airflow/dags/submit_spark_dag.py
[2026-05-20T09:19:16.813+0000] {processor.py:914} INFO - Processing file /opt/airflow/dags/submit_spark_dag.py for tasks to queue
[2026-05-20T09:19:16.816+0000] {logging_mixin.py:190} INFO - [2026-05-20T09:19:16.816+0000] {dagbag.py:588} INFO - Filling up the DagBag from /opt/airflow/dags/submit_spark_dag.py
[2026-05-20T09:19:16.824+0000] {processor.py:925} INFO - DAG(s) 'hello_spark' retrieved from /opt/airflow/dags/submit_spark_dag.py
[2026-05-20T09:19:16.845+0000] {logging_mixin.py:190} INFO - [2026-05-20T09:19:16.844+0000] {dag.py:3239} INFO - Sync 1 DAGs
[2026-05-20T09:19:16.864+0000] {logging_mixin.py:190} INFO - [2026-05-20T09:19:16.864+0000] {dag.py:4180} INFO - Setting next_dagrun for hello_spark to 2026-05-19 00:00:00+00:00, run_after=2026-05-20 00:00:00+00:00
[2026-05-20T09:19:16.876+0000] {processor.py:208} INFO - Processing /opt/airflow/dags/submit_spark_dag.py took 0.071 seconds
[2026-05-20T09:19:47.180+0000] {processor.py:186} INFO - Started process (PID=2315) to work on /opt/airflow/dags/submit_spark_dag.py
[2026-05-20T09:19:47.181+0000] {processor.py:914} INFO - Processing file /opt/airflow/dags/submit_spark_dag.py for tasks to queue
[2026-05-20T09:19:47.182+0000] {logging_mixin.py:190} INFO - [2026-05-20T09:19:47.182+0000] {dagbag.py:588} INFO - Filling up the DagBag from /opt/airflow/dags/submit_spark_dag.py
[2026-05-20T09:19:47.188+0000] {processor.py:925} INFO - DAG(s) 'hello_spark' retrieved from /opt/airflow/dags/submit_spark_dag.py
[2026-05-20T09:19:47.206+0000] {logging_mixin.py:190} INFO - [2026-05-20T09:19:47.205+0000] {dag.py:3239} INFO - Sync 1 DAGs
[2026-05-20T09:19:47.223+0000] {logging_mixin.py:190} INFO - [2026-05-20T09:19:47.222+0000] {dag.py:4180} INFO - Setting next_dagrun for hello_spark to 2026-05-19 00:00:00+00:00, run_after=2026-05-20 00:00:00+00:00
[2026-05-20T09:19:47.236+0000] {processor.py:208} INFO - Processing /opt/airflow/dags/submit_spark_dag.py took 0.060 seconds
[2026-05-20T09:20:17.493+0000] {processor.py:186} INFO - Started process (PID=2327) to work on /opt/airflow/dags/submit_spark_dag.py
[2026-05-20T09:20:17.494+0000] {processor.py:914} INFO - Processing file /opt/airflow/dags/submit_spark_dag.py for tasks to queue
[2026-05-20T09:20:17.495+0000] {logging_mixin.py:190} INFO - [2026-05-20T09:20:17.495+0000] {dagbag.py:588} INFO - Filling up the DagBag from /opt/airflow/dags/submit_spark_dag.py
[2026-05-20T09:20:17.503+0000] {processor.py:925} INFO - DAG(s) 'hello_spark' retrieved from /opt/airflow/dags/submit_spark_dag.py
[2026-05-20T09:20:17.520+0000] {logging_mixin.py:190} INFO - [2026-05-20T09:20:17.520+0000] {dag.py:3239} INFO - Sync 1 DAGs
[2026-05-20T09:20:17.537+0000] {logging_mixin.py:190} INFO - [2026-05-20T09:20:17.537+0000] {dag.py:4180} INFO - Setting next_dagrun for hello_spark to 2026-05-19 00:00:00+00:00, run_after=2026-05-20 00:00:00+00:00
[2026-05-20T09:20:17.550+0000] {processor.py:208} INFO - Processing /opt/airflow/dags/submit_spark_dag.py took 0.061 seconds
[2026-05-20T09:20:47.772+0000] {processor.py:186} INFO - Started process (PID=2339) to work on /opt/airflow/dags/submit_spark_dag.py
[2026-05-20T09:20:47.773+0000] {processor.py:914} INFO - Processing file /opt/airflow/dags/submit_spark_dag.py for tasks to queue
[2026-05-20T09:20:47.775+0000] {logging_mixin.py:190} INFO - [2026-05-20T09:20:47.775+0000] {dagbag.py:588} INFO - Filling up the DagBag from /opt/airflow/dags/submit_spark_dag.py
[2026-05-20T09:20:47.784+0000] {processor.py:925} INFO - DAG(s) 'hello_spark' retrieved from /opt/airflow/dags/submit_spark_dag.py
[2026-05-20T09:20:47.805+0000] {logging_mixin.py:190} INFO - [2026-05-20T09:20:47.805+0000] {dag.py:3239} INFO - Sync 1 DAGs
[2026-05-20T09:20:47.826+0000] {logging_mixin.py:190} INFO - [2026-05-20T09:20:47.825+0000] {dag.py:4180} INFO - Setting next_dagrun for hello_spark to 2026-05-19 00:00:00+00:00, run_after=2026-05-20 00:00:00+00:00
[2026-05-20T09:20:47.839+0000] {processor.py:208} INFO - Processing /opt/airflow/dags/submit_spark_dag.py took 0.073 seconds
[2026-05-20T09:21:18.053+0000] {processor.py:186} INFO - Started process (PID=2350) to work on /opt/airflow/dags/submit_spark_dag.py
[2026-05-20T09:21:18.054+0000] {processor.py:914} INFO - Processing file /opt/airflow/dags/submit_spark_dag.py for tasks to queue
[2026-05-20T09:21:18.056+0000] {logging_mixin.py:190} INFO - [2026-05-20T09:21:18.055+0000] {dagbag.py:588} INFO - Filling up the DagBag from /opt/airflow/dags/submit_spark_dag.py
[2026-05-20T09:21:18.062+0000] {processor.py:925} INFO - DAG(s) 'hello_spark' retrieved from /opt/airflow/dags/submit_spark_dag.py
[2026-05-20T09:21:18.079+0000] {logging_mixin.py:190} INFO - [2026-05-20T09:21:18.079+0000] {dag.py:3239} INFO - Sync 1 DAGs
[2026-05-20T09:21:18.099+0000] {logging_mixin.py:190} INFO - [2026-05-20T09:21:18.098+0000] {dag.py:4180} INFO - Setting next_dagrun for hello_spark to 2026-05-19 00:00:00+00:00, run_after=2026-05-20 00:00:00+00:00
[2026-05-20T09:21:18.112+0000] {processor.py:208} INFO - Processing /opt/airflow/dags/submit_spark_dag.py took 0.063 seconds
[2026-05-20T09:21:48.383+0000] {processor.py:186} INFO - Started process (PID=2362) to work on /opt/airflow/dags/submit_spark_dag.py
[2026-05-20T09:21:48.384+0000] {processor.py:914} INFO - Processing file /opt/airflow/dags/submit_spark_dag.py for tasks to queue
[2026-05-20T09:21:48.385+0000] {logging_mixin.py:190} INFO - [2026-05-20T09:21:48.385+0000] {dagbag.py:588} INFO - Filling up the DagBag from /opt/airflow/dags/submit_spark_dag.py
[2026-05-20T09:21:48.393+0000] {processor.py:925} INFO - DAG(s) 'hello_spark' retrieved from /opt/airflow/dags/submit_spark_dag.py
[2026-05-20T09:21:48.414+0000] {logging_mixin.py:190} INFO - [2026-05-20T09:21:48.414+0000] {dag.py:3239} INFO - Sync 1 DAGs
[2026-05-20T09:21:48.435+0000] {logging_mixin.py:190} INFO - [2026-05-20T09:21:48.435+0000] {dag.py:4180} INFO - Setting next_dagrun for hello_spark to 2026-05-19 00:00:00+00:00, run_after=2026-05-20 00:00:00+00:00
[2026-05-20T09:21:48.453+0000] {processor.py:208} INFO - Processing /opt/airflow/dags/submit_spark_dag.py took 0.074 seconds
[2026-05-20T09:22:18.673+0000] {processor.py:186} INFO - Started process (PID=2375) to work on /opt/airflow/dags/submit_spark_dag.py
[2026-05-20T09:22:18.674+0000] {processor.py:914} INFO - Processing file /opt/airflow/dags/submit_spark_dag.py for tasks to queue
[2026-05-20T09:22:18.675+0000] {logging_mixin.py:190} INFO - [2026-05-20T09:22:18.675+0000] {dagbag.py:588} INFO - Filling up the DagBag from /opt/airflow/dags/submit_spark_dag.py
[2026-05-20T09:22:18.682+0000] {processor.py:925} INFO - DAG(s) 'hello_spark' retrieved from /opt/airflow/dags/submit_spark_dag.py
[2026-05-20T09:22:18.700+0000] {logging_mixin.py:190} INFO - [2026-05-20T09:22:18.700+0000] {dag.py:3239} INFO - Sync 1 DAGs
[2026-05-20T09:22:18.720+0000] {logging_mixin.py:190} INFO - [2026-05-20T09:22:18.719+0000] {dag.py:4180} INFO - Setting next_dagrun for hello_spark to 2026-05-19 00:00:00+00:00, run_after=2026-05-20 00:00:00+00:00
[2026-05-20T09:22:18.733+0000] {processor.py:208} INFO - Processing /opt/airflow/dags/submit_spark_dag.py took 0.065 seconds
[2026-05-20T09:22:48.962+0000] {processor.py:186} INFO - Started process (PID=2388) to work on /opt/airflow/dags/submit_spark_dag.py
[2026-05-20T09:22:48.963+0000] {processor.py:914} INFO - Processing file /opt/airflow/dags/submit_spark_dag.py for tasks to queue
[2026-05-20T09:22:48.967+0000] {logging_mixin.py:190} INFO - [2026-05-20T09:22:48.966+0000] {dagbag.py:588} INFO - Filling up the DagBag from /opt/airflow/dags/submit_spark_dag.py
[2026-05-20T09:22:48.982+0000] {processor.py:925} INFO - DAG(s) 'hello_spark' retrieved from /opt/airflow/dags/submit_spark_dag.py
[2026-05-20T09:22:49.000+0000] {logging_mixin.py:190} INFO - [2026-05-20T09:22:49.000+0000] {dag.py:3239} INFO - Sync 1 DAGs
[2026-05-20T09:22:49.017+0000] {logging_mixin.py:190} INFO - [2026-05-20T09:22:49.016+0000] {dag.py:4180} INFO - Setting next_dagrun for hello_spark to 2026-05-19 00:00:00+00:00, run_after=2026-05-20 00:00:00+00:00
[2026-05-20T09:22:49.030+0000] {processor.py:208} INFO - Processing /opt/airflow/dags/submit_spark_dag.py took 0.077 seconds
[2026-05-20T09:23:19.322+0000] {processor.py:186} INFO - Started process (PID=2400) to work on /opt/airflow/dags/submit_spark_dag.py
[2026-05-20T09:23:19.323+0000] {processor.py:914} INFO - Processing file /opt/airflow/dags/submit_spark_dag.py for tasks to queue
[2026-05-20T09:23:19.324+0000] {logging_mixin.py:190} INFO - [2026-05-20T09:23:19.324+0000] {dagbag.py:588} INFO - Filling up the DagBag from /opt/airflow/dags/submit_spark_dag.py
[2026-05-20T09:23:19.331+0000] {processor.py:925} INFO - DAG(s) 'hello_spark' retrieved from /opt/airflow/dags/submit_spark_dag.py
[2026-05-20T09:23:19.349+0000] {logging_mixin.py:190} INFO - [2026-05-20T09:23:19.349+0000] {dag.py:3239} INFO - Sync 1 DAGs
[2026-05-20T09:23:19.368+0000] {logging_mixin.py:190} INFO - [2026-05-20T09:23:19.368+0000] {dag.py:4180} INFO - Setting next_dagrun for hello_spark to 2026-05-19 00:00:00+00:00, run_after=2026-05-20 00:00:00+00:00
[2026-05-20T09:23:19.382+0000] {processor.py:208} INFO - Processing /opt/airflow/dags/submit_spark_dag.py took 0.065 seconds
[2026-05-20T09:23:49.619+0000] {processor.py:186} INFO - Started process (PID=2412) to work on /opt/airflow/dags/submit_spark_dag.py
[2026-05-20T09:23:49.622+0000] {processor.py:914} INFO - Processing file /opt/airflow/dags/submit_spark_dag.py for tasks to queue
[2026-05-20T09:23:49.624+0000] {logging_mixin.py:190} INFO - [2026-05-20T09:23:49.623+0000] {dagbag.py:588} INFO - Filling up the DagBag from /opt/airflow/dags/submit_spark_dag.py
[2026-05-20T09:23:49.645+0000] {processor.py:925} INFO - DAG(s) 'hello_spark' retrieved from /opt/airflow/dags/submit_spark_dag.py
[2026-05-20T09:23:49.678+0000] {logging_mixin.py:190} INFO - [2026-05-20T09:23:49.678+0000] {dag.py:3239} INFO - Sync 1 DAGs
[2026-05-20T09:23:49.716+0000] {logging_mixin.py:190} INFO - [2026-05-20T09:23:49.716+0000] {dag.py:4180} INFO - Setting next_dagrun for hello_spark to 2026-05-19 00:00:00+00:00, run_after=2026-05-20 00:00:00+00:00
[2026-05-20T09:23:49.733+0000] {processor.py:208} INFO - Processing /opt/airflow/dags/submit_spark_dag.py took 0.123 seconds
[2026-05-20T09:24:19.945+0000] {processor.py:186} INFO - Started process (PID=2424) to work on /opt/airflow/dags/submit_spark_dag.py
[2026-05-20T09:24:19.946+0000] {processor.py:914} INFO - Processing file /opt/airflow/dags/submit_spark_dag.py for tasks to queue
[2026-05-20T09:24:19.948+0000] {logging_mixin.py:190} INFO - [2026-05-20T09:24:19.948+0000] {dagbag.py:588} INFO - Filling up the DagBag from /opt/airflow/dags/submit_spark_dag.py
[2026-05-20T09:24:19.955+0000] {processor.py:925} INFO - DAG(s) 'hello_spark' retrieved from /opt/airflow/dags/submit_spark_dag.py
[2026-05-20T09:24:19.974+0000] {logging_mixin.py:190} INFO - [2026-05-20T09:24:19.974+0000] {dag.py:3239} INFO - Sync 1 DAGs
[2026-05-20T09:24:19.991+0000] {logging_mixin.py:190} INFO - [2026-05-20T09:24:19.990+0000] {dag.py:4180} INFO - Setting next_dagrun for hello_spark to 2026-05-19 00:00:00+00:00, run_after=2026-05-20 00:00:00+00:00
[2026-05-20T09:24:20.002+0000] {processor.py:208} INFO - Processing /opt/airflow/dags/submit_spark_dag.py took 0.061 seconds
[2026-05-20T09:24:50.197+0000] {processor.py:186} INFO - Started process (PID=2435) to work on /opt/airflow/dags/submit_spark_dag.py
[2026-05-20T09:24:50.198+0000] {processor.py:914} INFO - Processing file /opt/airflow/dags/submit_spark_dag.py for tasks to queue
[2026-05-20T09:24:50.199+0000] {logging_mixin.py:190} INFO - [2026-05-20T09:24:50.199+0000] {dagbag.py:588} INFO - Filling up the DagBag from /opt/airflow/dags/submit_spark_dag.py
[2026-05-20T09:24:50.205+0000] {processor.py:925} INFO - DAG(s) 'hello_spark' retrieved from /opt/airflow/dags/submit_spark_dag.py
[2026-05-20T09:24:50.224+0000] {logging_mixin.py:190} INFO - [2026-05-20T09:24:50.224+0000] {dag.py:3239} INFO - Sync 1 DAGs
[2026-05-20T09:24:50.242+0000] {logging_mixin.py:190} INFO - [2026-05-20T09:24:50.242+0000] {dag.py:4180} INFO - Setting next_dagrun for hello_spark to 2026-05-19 00:00:00+00:00, run_after=2026-05-20 00:00:00+00:00
[2026-05-20T09:24:50.255+0000] {processor.py:208} INFO - Processing /opt/airflow/dags/submit_spark_dag.py took 0.062 seconds
[2026-05-20T09:25:20.717+0000] {processor.py:186} INFO - Started process (PID=2447) to work on /opt/airflow/dags/submit_spark_dag.py
[2026-05-20T09:25:20.718+0000] {processor.py:914} INFO - Processing file /opt/airflow/dags/submit_spark_dag.py for tasks to queue
[2026-05-20T09:25:20.720+0000] {logging_mixin.py:190} INFO - [2026-05-20T09:25:20.720+0000] {dagbag.py:588} INFO - Filling up the DagBag from /opt/airflow/dags/submit_spark_dag.py
[2026-05-20T09:25:20.727+0000] {processor.py:925} INFO - DAG(s) 'hello_spark' retrieved from /opt/airflow/dags/submit_spark_dag.py
[2026-05-20T09:25:20.744+0000] {logging_mixin.py:190} INFO - [2026-05-20T09:25:20.744+0000] {dag.py:3239} INFO - Sync 1 DAGs
[2026-05-20T09:25:20.762+0000] {logging_mixin.py:190} INFO - [2026-05-20T09:25:20.762+0000] {dag.py:4180} INFO - Setting next_dagrun for hello_spark to 2026-05-19 00:00:00+00:00, run_after=2026-05-20 00:00:00+00:00
[2026-05-20T09:25:20.777+0000] {processor.py:208} INFO - Processing /opt/airflow/dags/submit_spark_dag.py took 0.064 seconds
[2026-05-20T09:25:51.031+0000] {processor.py:186} INFO - Started process (PID=2459) to work on /opt/airflow/dags/submit_spark_dag.py
[2026-05-20T09:25:51.032+0000] {processor.py:914} INFO - Processing file /opt/airflow/dags/submit_spark_dag.py for tasks to queue
[2026-05-20T09:25:51.034+0000] {logging_mixin.py:190} INFO - [2026-05-20T09:25:51.034+0000] {dagbag.py:588} INFO - Filling up the DagBag from /opt/airflow/dags/submit_spark_dag.py
[2026-05-20T09:25:51.041+0000] {processor.py:925} INFO - DAG(s) 'hello_spark' retrieved from /opt/airflow/dags/submit_spark_dag.py
[2026-05-20T09:25:51.061+0000] {logging_mixin.py:190} INFO - [2026-05-20T09:25:51.061+0000] {dag.py:3239} INFO - Sync 1 DAGs
[2026-05-20T09:25:51.082+0000] {logging_mixin.py:190} INFO - [2026-05-20T09:25:51.082+0000] {dag.py:4180} INFO - Setting next_dagrun for hello_spark to 2026-05-19 00:00:00+00:00, run_after=2026-05-20 00:00:00+00:00
[2026-05-20T09:25:51.099+0000] {processor.py:208} INFO - Processing /opt/airflow/dags/submit_spark_dag.py took 0.072 seconds
[2026-05-20T09:26:21.409+0000] {processor.py:186} INFO - Started process (PID=2471) to work on /opt/airflow/dags/submit_spark_dag.py
[2026-05-20T09:26:21.410+0000] {processor.py:914} INFO - Processing file /opt/airflow/dags/submit_spark_dag.py for tasks to queue
[2026-05-20T09:26:21.412+0000] {logging_mixin.py:190} INFO - [2026-05-20T09:26:21.412+0000] {dagbag.py:588} INFO - Filling up the DagBag from /opt/airflow/dags/submit_spark_dag.py
[2026-05-20T09:26:21.419+0000] {processor.py:925} INFO - DAG(s) 'hello_spark' retrieved from /opt/airflow/dags/submit_spark_dag.py
[2026-05-20T09:26:21.436+0000] {logging_mixin.py:190} INFO - [2026-05-20T09:26:21.436+0000] {dag.py:3239} INFO - Sync 1 DAGs
[2026-05-20T09:26:21.455+0000] {logging_mixin.py:190} INFO - [2026-05-20T09:26:21.455+0000] {dag.py:4180} INFO - Setting next_dagrun for hello_spark to 2026-05-19 00:00:00+00:00, run_after=2026-05-20 00:00:00+00:00
[2026-05-20T09:26:21.470+0000] {processor.py:208} INFO - Processing /opt/airflow/dags/submit_spark_dag.py took 0.065 seconds
[2026-05-20T09:26:51.642+0000] {processor.py:186} INFO - Started process (PID=2483) to work on /opt/airflow/dags/submit_spark_dag.py
[2026-05-20T09:26:51.642+0000] {processor.py:914} INFO - Processing file /opt/airflow/dags/submit_spark_dag.py for tasks to queue
[2026-05-20T09:26:51.644+0000] {logging_mixin.py:190} INFO - [2026-05-20T09:26:51.643+0000] {dagbag.py:588} INFO - Filling up the DagBag from /opt/airflow/dags/submit_spark_dag.py
[2026-05-20T09:26:51.650+0000] {processor.py:925} INFO - DAG(s) 'hello_spark' retrieved from /opt/airflow/dags/submit_spark_dag.py
[2026-05-20T09:26:51.667+0000] {logging_mixin.py:190} INFO - [2026-05-20T09:26:51.667+0000] {dag.py:3239} INFO - Sync 1 DAGs
[2026-05-20T09:26:51.684+0000] {logging_mixin.py:190} INFO - [2026-05-20T09:26:51.684+0000] {dag.py:4180} INFO - Setting next_dagrun for hello_spark to 2026-05-19 00:00:00+00:00, run_after=2026-05-20 00:00:00+00:00
[2026-05-20T09:26:51.697+0000] {processor.py:208} INFO - Processing /opt/airflow/dags/submit_spark_dag.py took 0.060 seconds
[2026-05-20T09:27:21.900+0000] {processor.py:186} INFO - Started process (PID=2496) to work on /opt/airflow/dags/submit_spark_dag.py
[2026-05-20T09:27:21.901+0000] {processor.py:914} INFO - Processing file /opt/airflow/dags/submit_spark_dag.py for tasks to queue
[2026-05-20T09:27:21.904+0000] {logging_mixin.py:190} INFO - [2026-05-20T09:27:21.904+0000] {dagbag.py:588} INFO - Filling up the DagBag from /opt/airflow/dags/submit_spark_dag.py
[2026-05-20T09:27:21.912+0000] {processor.py:925} INFO - DAG(s) 'hello_spark' retrieved from /opt/airflow/dags/submit_spark_dag.py
[2026-05-20T09:27:21.932+0000] {logging_mixin.py:190} INFO - [2026-05-20T09:27:21.932+0000] {dag.py:3239} INFO - Sync 1 DAGs
[2026-05-20T09:27:21.951+0000] {logging_mixin.py:190} INFO - [2026-05-20T09:27:21.951+0000] {dag.py:4180} INFO - Setting next_dagrun for hello_spark to 2026-05-19 00:00:00+00:00, run_after=2026-05-20 00:00:00+00:00
[2026-05-20T09:27:21.968+0000] {processor.py:208} INFO - Processing /opt/airflow/dags/submit_spark_dag.py took 0.076 seconds
[2026-05-20T09:27:52.239+0000] {processor.py:186} INFO - Started process (PID=2508) to work on /opt/airflow/dags/submit_spark_dag.py
[2026-05-20T09:27:52.240+0000] {processor.py:914} INFO - Processing file /opt/airflow/dags/submit_spark_dag.py for tasks to queue
[2026-05-20T09:27:52.241+0000] {logging_mixin.py:190} INFO - [2026-05-20T09:27:52.241+0000] {dagbag.py:588} INFO - Filling up the DagBag from /opt/airflow/dags/submit_spark_dag.py
[2026-05-20T09:27:52.248+0000] {processor.py:925} INFO - DAG(s) 'hello_spark' retrieved from /opt/airflow/dags/submit_spark_dag.py
[2026-05-20T09:27:52.266+0000] {logging_mixin.py:190} INFO - [2026-05-20T09:27:52.266+0000] {dag.py:3239} INFO - Sync 1 DAGs
[2026-05-20T09:27:52.284+0000] {logging_mixin.py:190} INFO - [2026-05-20T09:27:52.284+0000] {dag.py:4180} INFO - Setting next_dagrun for hello_spark to 2026-05-19 00:00:00+00:00, run_after=2026-05-20 00:00:00+00:00
[2026-05-20T09:27:52.298+0000] {processor.py:208} INFO - Processing /opt/airflow/dags/submit_spark_dag.py took 0.064 seconds
[2026-05-20T09:28:22.566+0000] {processor.py:186} INFO - Started process (PID=2520) to work on /opt/airflow/dags/submit_spark_dag.py
[2026-05-20T09:28:22.567+0000] {processor.py:914} INFO - Processing file /opt/airflow/dags/submit_spark_dag.py for tasks to queue
[2026-05-20T09:28:22.568+0000] {logging_mixin.py:190} INFO - [2026-05-20T09:28:22.568+0000] {dagbag.py:588} INFO - Filling up the DagBag from /opt/airflow/dags/submit_spark_dag.py
[2026-05-20T09:28:22.579+0000] {processor.py:925} INFO - DAG(s) 'hello_spark' retrieved from /opt/airflow/dags/submit_spark_dag.py
[2026-05-20T09:28:22.597+0000] {logging_mixin.py:190} INFO - [2026-05-20T09:28:22.597+0000] {dag.py:3239} INFO - Sync 1 DAGs
[2026-05-20T09:28:22.615+0000] {logging_mixin.py:190} INFO - [2026-05-20T09:28:22.615+0000] {dag.py:4180} INFO - Setting next_dagrun for hello_spark to 2026-05-19 00:00:00+00:00, run_after=2026-05-20 00:00:00+00:00
[2026-05-20T09:28:22.628+0000] {processor.py:208} INFO - Processing /opt/airflow/dags/submit_spark_dag.py took 0.066 seconds
[2026-05-20T09:28:52.820+0000] {processor.py:186} INFO - Started process (PID=2533) to work on /opt/airflow/dags/submit_spark_dag.py
[2026-05-20T09:28:52.821+0000] {processor.py:914} INFO - Processing file /opt/airflow/dags/submit_spark_dag.py for tasks to queue
[2026-05-20T09:28:52.822+0000] {logging_mixin.py:190} INFO - [2026-05-20T09:28:52.821+0000] {dagbag.py:588} INFO - Filling up the DagBag from /opt/airflow/dags/submit_spark_dag.py
[2026-05-20T09:28:52.828+0000] {processor.py:925} INFO - DAG(s) 'hello_spark' retrieved from /opt/airflow/dags/submit_spark_dag.py
[2026-05-20T09:28:52.847+0000] {logging_mixin.py:190} INFO - [2026-05-20T09:28:52.847+0000] {dag.py:3239} INFO - Sync 1 DAGs
[2026-05-20T09:28:52.865+0000] {logging_mixin.py:190} INFO - [2026-05-20T09:28:52.865+0000] {dag.py:4180} INFO - Setting next_dagrun for hello_spark to 2026-05-19 00:00:00+00:00, run_after=2026-05-20 00:00:00+00:00
[2026-05-20T09:28:52.878+0000] {processor.py:208} INFO - Processing /opt/airflow/dags/submit_spark_dag.py took 0.062 seconds
[2026-05-20T09:29:23.072+0000] {processor.py:186} INFO - Started process (PID=2545) to work on /opt/airflow/dags/submit_spark_dag.py
[2026-05-20T09:29:23.076+0000] {processor.py:914} INFO - Processing file /opt/airflow/dags/submit_spark_dag.py for tasks to queue
[2026-05-20T09:29:23.077+0000] {logging_mixin.py:190} INFO - [2026-05-20T09:29:23.077+0000] {dagbag.py:588} INFO - Filling up the DagBag from /opt/airflow/dags/submit_spark_dag.py
[2026-05-20T09:29:23.088+0000] {processor.py:925} INFO - DAG(s) 'hello_spark' retrieved from /opt/airflow/dags/submit_spark_dag.py
[2026-05-20T09:29:23.113+0000] {logging_mixin.py:190} INFO - [2026-05-20T09:29:23.112+0000] {dag.py:3239} INFO - Sync 1 DAGs
[2026-05-20T09:29:23.135+0000] {logging_mixin.py:190} INFO - [2026-05-20T09:29:23.135+0000] {dag.py:4180} INFO - Setting next_dagrun for hello_spark to 2026-05-19 00:00:00+00:00, run_after=2026-05-20 00:00:00+00:00
[2026-05-20T09:29:23.151+0000] {processor.py:208} INFO - Processing /opt/airflow/dags/submit_spark_dag.py took 0.085 seconds
[2026-05-20T09:29:53.404+0000] {processor.py:186} INFO - Started process (PID=2556) to work on /opt/airflow/dags/submit_spark_dag.py
[2026-05-20T09:29:53.405+0000] {processor.py:914} INFO - Processing file /opt/airflow/dags/submit_spark_dag.py for tasks to queue
[2026-05-20T09:29:53.406+0000] {logging_mixin.py:190} INFO - [2026-05-20T09:29:53.405+0000] {dagbag.py:588} INFO - Filling up the DagBag from /opt/airflow/dags/submit_spark_dag.py
[2026-05-20T09:29:53.414+0000] {processor.py:925} INFO - DAG(s) 'hello_spark' retrieved from /opt/airflow/dags/submit_spark_dag.py
[2026-05-20T09:29:53.434+0000] {logging_mixin.py:190} INFO - [2026-05-20T09:29:53.434+0000] {dag.py:3239} INFO - Sync 1 DAGs
[2026-05-20T09:29:53.454+0000] {logging_mixin.py:190} INFO - [2026-05-20T09:29:53.453+0000] {dag.py:4180} INFO - Setting next_dagrun for hello_spark to 2026-05-19 00:00:00+00:00, run_after=2026-05-20 00:00:00+00:00
[2026-05-20T09:29:53.466+0000] {processor.py:208} INFO - Processing /opt/airflow/dags/submit_spark_dag.py took 0.068 seconds
[2026-05-20T09:30:23.553+0000] {processor.py:186} INFO - Started process (PID=2570) to work on /opt/airflow/dags/submit_spark_dag.py
[2026-05-20T09:30:23.561+0000] {processor.py:914} INFO - Processing file /opt/airflow/dags/submit_spark_dag.py for tasks to queue
[2026-05-20T09:30:23.562+0000] {logging_mixin.py:190} INFO - [2026-05-20T09:30:23.562+0000] {dagbag.py:588} INFO - Filling up the DagBag from /opt/airflow/dags/submit_spark_dag.py
[2026-05-20T09:30:23.572+0000] {processor.py:925} INFO - DAG(s) 'hello_spark' retrieved from /opt/airflow/dags/submit_spark_dag.py
[2026-05-20T09:30:23.591+0000] {logging_mixin.py:190} INFO - [2026-05-20T09:30:23.591+0000] {dag.py:3239} INFO - Sync 1 DAGs
[2026-05-20T09:30:23.610+0000] {logging_mixin.py:190} INFO - [2026-05-20T09:30:23.610+0000] {dag.py:4180} INFO - Setting next_dagrun for hello_spark to 2026-05-19 00:00:00+00:00, run_after=2026-05-20 00:00:00+00:00
[2026-05-20T09:30:23.628+0000] {processor.py:208} INFO - Processing /opt/airflow/dags/submit_spark_dag.py took 0.082 seconds
[2026-05-20T09:30:54.230+0000] {processor.py:186} INFO - Started process (PID=2585) to work on /opt/airflow/dags/submit_spark_dag.py
[2026-05-20T09:30:54.231+0000] {processor.py:914} INFO - Processing file /opt/airflow/dags/submit_spark_dag.py for tasks to queue
[2026-05-20T09:30:54.232+0000] {logging_mixin.py:190} INFO - [2026-05-20T09:30:54.232+0000] {dagbag.py:588} INFO - Filling up the DagBag from /opt/airflow/dags/submit_spark_dag.py
[2026-05-20T09:30:54.238+0000] {processor.py:925} INFO - DAG(s) 'hello_spark' retrieved from /opt/airflow/dags/submit_spark_dag.py
[2026-05-20T09:30:54.256+0000] {logging_mixin.py:190} INFO - [2026-05-20T09:30:54.256+0000] {dag.py:3239} INFO - Sync 1 DAGs
[2026-05-20T09:30:54.273+0000] {logging_mixin.py:190} INFO - [2026-05-20T09:30:54.273+0000] {dag.py:4180} INFO - Setting next_dagrun for hello_spark to 2026-05-19 00:00:00+00:00, run_after=2026-05-20 00:00:00+00:00
[2026-05-20T09:30:54.287+0000] {processor.py:208} INFO - Processing /opt/airflow/dags/submit_spark_dag.py took 0.061 seconds
[2026-05-20T09:31:24.520+0000] {processor.py:186} INFO - Started process (PID=2600) to work on /opt/airflow/dags/submit_spark_dag.py
[2026-05-20T09:31:24.521+0000] {processor.py:914} INFO - Processing file /opt/airflow/dags/submit_spark_dag.py for tasks to queue
[2026-05-20T09:31:24.521+0000] {logging_mixin.py:190} INFO - [2026-05-20T09:31:24.521+0000] {dagbag.py:588} INFO - Filling up the DagBag from /opt/airflow/dags/submit_spark_dag.py
[2026-05-20T09:31:24.528+0000] {processor.py:925} INFO - DAG(s) 'hello_spark' retrieved from /opt/airflow/dags/submit_spark_dag.py
[2026-05-20T09:31:24.545+0000] {logging_mixin.py:190} INFO - [2026-05-20T09:31:24.545+0000] {dag.py:3239} INFO - Sync 1 DAGs
[2026-05-20T09:31:24.564+0000] {logging_mixin.py:190} INFO - [2026-05-20T09:31:24.563+0000] {dag.py:4180} INFO - Setting next_dagrun for hello_spark to 2026-05-19 00:00:00+00:00, run_after=2026-05-20 00:00:00+00:00
[2026-05-20T09:31:24.577+0000] {processor.py:208} INFO - Processing /opt/airflow/dags/submit_spark_dag.py took 0.061 seconds
[2026-05-20T09:31:54.786+0000] {processor.py:186} INFO - Started process (PID=2614) to work on /opt/airflow/dags/submit_spark_dag.py
[2026-05-20T09:31:54.787+0000] {processor.py:914} INFO - Processing file /opt/airflow/dags/submit_spark_dag.py for tasks to queue
[2026-05-20T09:31:54.787+0000] {logging_mixin.py:190} INFO - [2026-05-20T09:31:54.787+0000] {dagbag.py:588} INFO - Filling up the DagBag from /opt/airflow/dags/submit_spark_dag.py
[2026-05-20T09:31:54.793+0000] {processor.py:925} INFO - DAG(s) 'hello_spark' retrieved from /opt/airflow/dags/submit_spark_dag.py
[2026-05-20T09:31:54.810+0000] {logging_mixin.py:190} INFO - [2026-05-20T09:31:54.810+0000] {dag.py:3239} INFO - Sync 1 DAGs
[2026-05-20T09:31:54.828+0000] {logging_mixin.py:190} INFO - [2026-05-20T09:31:54.828+0000] {dag.py:4180} INFO - Setting next_dagrun for hello_spark to 2026-05-19 00:00:00+00:00, run_after=2026-05-20 00:00:00+00:00
[2026-05-20T09:31:54.841+0000] {processor.py:208} INFO - Processing /opt/airflow/dags/submit_spark_dag.py took 0.059 seconds
[2026-05-20T09:32:25.471+0000] {processor.py:186} INFO - Started process (PID=2628) to work on /opt/airflow/dags/submit_spark_dag.py
[2026-05-20T09:32:25.472+0000] {processor.py:914} INFO - Processing file /opt/airflow/dags/submit_spark_dag.py for tasks to queue
[2026-05-20T09:32:25.473+0000] {logging_mixin.py:190} INFO - [2026-05-20T09:32:25.472+0000] {dagbag.py:588} INFO - Filling up the DagBag from /opt/airflow/dags/submit_spark_dag.py
[2026-05-20T09:32:25.480+0000] {processor.py:925} INFO - DAG(s) 'hello_spark' retrieved from /opt/airflow/dags/submit_spark_dag.py
[2026-05-20T09:32:25.495+0000] {logging_mixin.py:190} INFO - [2026-05-20T09:32:25.495+0000] {dag.py:3239} INFO - Sync 1 DAGs
[2026-05-20T09:32:25.513+0000] {logging_mixin.py:190} INFO - [2026-05-20T09:32:25.512+0000] {dag.py:4180} INFO - Setting next_dagrun for hello_spark to 2026-05-19 00:00:00+00:00, run_after=2026-05-20 00:00:00+00:00
[2026-05-20T09:32:25.527+0000] {processor.py:208} INFO - Processing /opt/airflow/dags/submit_spark_dag.py took 0.060 seconds
[2026-05-20T09:32:56.108+0000] {processor.py:186} INFO - Started process (PID=2643) to work on /opt/airflow/dags/submit_spark_dag.py
[2026-05-20T09:32:56.109+0000] {processor.py:914} INFO - Processing file /opt/airflow/dags/submit_spark_dag.py for tasks to queue
[2026-05-20T09:32:56.110+0000] {logging_mixin.py:190} INFO - [2026-05-20T09:32:56.109+0000] {dagbag.py:588} INFO - Filling up the DagBag from /opt/airflow/dags/submit_spark_dag.py
[2026-05-20T09:32:56.116+0000] {processor.py:925} INFO - DAG(s) 'hello_spark' retrieved from /opt/airflow/dags/submit_spark_dag.py
[2026-05-20T09:32:56.133+0000] {logging_mixin.py:190} INFO - [2026-05-20T09:32:56.133+0000] {dag.py:3239} INFO - Sync 1 DAGs
[2026-05-20T09:32:56.151+0000] {logging_mixin.py:190} INFO - [2026-05-20T09:32:56.151+0000] {dag.py:4180} INFO - Setting next_dagrun for hello_spark to 2026-05-19 00:00:00+00:00, run_after=2026-05-20 00:00:00+00:00
[2026-05-20T09:32:56.166+0000] {processor.py:208} INFO - Processing /opt/airflow/dags/submit_spark_dag.py took 0.061 seconds
[2026-05-20T09:33:26.791+0000] {processor.py:186} INFO - Started process (PID=2657) to work on /opt/airflow/dags/submit_spark_dag.py
[2026-05-20T09:33:26.793+0000] {processor.py:914} INFO - Processing file /opt/airflow/dags/submit_spark_dag.py for tasks to queue
[2026-05-20T09:33:26.794+0000] {logging_mixin.py:190} INFO - [2026-05-20T09:33:26.794+0000] {dagbag.py:588} INFO - Filling up the DagBag from /opt/airflow/dags/submit_spark_dag.py
[2026-05-20T09:33:26.801+0000] {processor.py:925} INFO - DAG(s) 'hello_spark' retrieved from /opt/airflow/dags/submit_spark_dag.py
[2026-05-20T09:33:26.816+0000] {logging_mixin.py:190} INFO - [2026-05-20T09:33:26.816+0000] {dag.py:3239} INFO - Sync 1 DAGs
[2026-05-20T09:33:26.832+0000] {logging_mixin.py:190} INFO - [2026-05-20T09:33:26.832+0000] {dag.py:4180} INFO - Setting next_dagrun for hello_spark to 2026-05-19 00:00:00+00:00, run_after=2026-05-20 00:00:00+00:00
[2026-05-20T09:33:26.844+0000] {processor.py:208} INFO - Processing /opt/airflow/dags/submit_spark_dag.py took 0.059 seconds
[2026-05-20T09:33:57.100+0000] {processor.py:186} INFO - Started process (PID=2671) to work on /opt/airflow/dags/submit_spark_dag.py
[2026-05-20T09:33:57.100+0000] {processor.py:914} INFO - Processing file /opt/airflow/dags/submit_spark_dag.py for tasks to queue
[2026-05-20T09:33:57.101+0000] {logging_mixin.py:190} INFO - [2026-05-20T09:33:57.101+0000] {dagbag.py:588} INFO - Filling up the DagBag from /opt/airflow/dags/submit_spark_dag.py
[2026-05-20T09:33:57.107+0000] {processor.py:925} INFO - DAG(s) 'hello_spark' retrieved from /opt/airflow/dags/submit_spark_dag.py
[2026-05-20T09:33:57.122+0000] {logging_mixin.py:190} INFO - [2026-05-20T09:33:57.122+0000] {dag.py:3239} INFO - Sync 1 DAGs
[2026-05-20T09:33:57.140+0000] {logging_mixin.py:190} INFO - [2026-05-20T09:33:57.140+0000] {dag.py:4180} INFO - Setting next_dagrun for hello_spark to 2026-05-19 00:00:00+00:00, run_after=2026-05-20 00:00:00+00:00
[2026-05-20T09:33:57.151+0000] {processor.py:208} INFO - Processing /opt/airflow/dags/submit_spark_dag.py took 0.056 seconds
[2026-05-20T09:34:27.702+0000] {processor.py:186} INFO - Started process (PID=2686) to work on /opt/airflow/dags/submit_spark_dag.py
[2026-05-20T09:34:27.703+0000] {processor.py:914} INFO - Processing file /opt/airflow/dags/submit_spark_dag.py for tasks to queue
[2026-05-20T09:34:27.704+0000] {logging_mixin.py:190} INFO - [2026-05-20T09:34:27.704+0000] {dagbag.py:588} INFO - Filling up the DagBag from /opt/airflow/dags/submit_spark_dag.py
[2026-05-20T09:34:27.710+0000] {processor.py:925} INFO - DAG(s) 'hello_spark' retrieved from /opt/airflow/dags/submit_spark_dag.py
[2026-05-20T09:34:27.728+0000] {logging_mixin.py:190} INFO - [2026-05-20T09:34:27.728+0000] {dag.py:3239} INFO - Sync 1 DAGs
[2026-05-20T09:34:27.747+0000] {logging_mixin.py:190} INFO - [2026-05-20T09:34:27.747+0000] {dag.py:4180} INFO - Setting next_dagrun for hello_spark to 2026-05-19 00:00:00+00:00, run_after=2026-05-20 00:00:00+00:00
[2026-05-20T09:34:27.765+0000] {processor.py:208} INFO - Processing /opt/airflow/dags/submit_spark_dag.py took 0.068 seconds
[2026-05-20T09:34:58.031+0000] {processor.py:186} INFO - Started process (PID=2701) to work on /opt/airflow/dags/submit_spark_dag.py
[2026-05-20T09:34:58.032+0000] {processor.py:914} INFO - Processing file /opt/airflow/dags/submit_spark_dag.py for tasks to queue
[2026-05-20T09:34:58.033+0000] {logging_mixin.py:190} INFO - [2026-05-20T09:34:58.032+0000] {dagbag.py:588} INFO - Filling up the DagBag from /opt/airflow/dags/submit_spark_dag.py
[2026-05-20T09:34:58.039+0000] {processor.py:925} INFO - DAG(s) 'hello_spark' retrieved from /opt/airflow/dags/submit_spark_dag.py
[2026-05-20T09:34:58.058+0000] {logging_mixin.py:190} INFO - [2026-05-20T09:34:58.058+0000] {dag.py:3239} INFO - Sync 1 DAGs
[2026-05-20T09:34:58.077+0000] {logging_mixin.py:190} INFO - [2026-05-20T09:34:58.077+0000] {dag.py:4180} INFO - Setting next_dagrun for hello_spark to 2026-05-19 00:00:00+00:00, run_after=2026-05-20 00:00:00+00:00
[2026-05-20T09:34:58.090+0000] {processor.py:208} INFO - Processing /opt/airflow/dags/submit_spark_dag.py took 0.063 seconds
[2026-05-20T09:35:28.353+0000] {processor.py:186} INFO - Started process (PID=2715) to work on /opt/airflow/dags/submit_spark_dag.py
[2026-05-20T09:35:28.354+0000] {processor.py:914} INFO - Processing file /opt/airflow/dags/submit_spark_dag.py for tasks to queue
[2026-05-20T09:35:28.355+0000] {logging_mixin.py:190} INFO - [2026-05-20T09:35:28.355+0000] {dagbag.py:588} INFO - Filling up the DagBag from /opt/airflow/dags/submit_spark_dag.py
[2026-05-20T09:35:28.362+0000] {processor.py:925} INFO - DAG(s) 'hello_spark' retrieved from /opt/airflow/dags/submit_spark_dag.py
[2026-05-20T09:35:28.380+0000] {logging_mixin.py:190} INFO - [2026-05-20T09:35:28.380+0000] {dag.py:3239} INFO - Sync 1 DAGs
[2026-05-20T09:35:28.401+0000] {logging_mixin.py:190} INFO - [2026-05-20T09:35:28.401+0000] {dag.py:4180} INFO - Setting next_dagrun for hello_spark to 2026-05-19 00:00:00+00:00, run_after=2026-05-20 00:00:00+00:00
[2026-05-20T09:35:28.416+0000] {processor.py:208} INFO - Processing /opt/airflow/dags/submit_spark_dag.py took 0.067 seconds
[2026-05-20T09:35:59.067+0000] {processor.py:186} INFO - Started process (PID=2729) to work on /opt/airflow/dags/submit_spark_dag.py
[2026-05-20T09:35:59.067+0000] {processor.py:914} INFO - Processing file /opt/airflow/dags/submit_spark_dag.py for tasks to queue
[2026-05-20T09:35:59.068+0000] {logging_mixin.py:190} INFO - [2026-05-20T09:35:59.068+0000] {dagbag.py:588} INFO - Filling up the DagBag from /opt/airflow/dags/submit_spark_dag.py
[2026-05-20T09:35:59.076+0000] {processor.py:925} INFO - DAG(s) 'hello_spark' retrieved from /opt/airflow/dags/submit_spark_dag.py
[2026-05-20T09:35:59.095+0000] {logging_mixin.py:190} INFO - [2026-05-20T09:35:59.095+0000] {dag.py:3239} INFO - Sync 1 DAGs
[2026-05-20T09:35:59.115+0000] {logging_mixin.py:190} INFO - [2026-05-20T09:35:59.115+0000] {dag.py:4180} INFO - Setting next_dagrun for hello_spark to 2026-05-19 00:00:00+00:00, run_after=2026-05-20 00:00:00+00:00
[2026-05-20T09:35:59.129+0000] {processor.py:208} INFO - Processing /opt/airflow/dags/submit_spark_dag.py took 0.067 seconds
[2026-05-20T09:36:29.728+0000] {processor.py:186} INFO - Started process (PID=2744) to work on /opt/airflow/dags/submit_spark_dag.py
[2026-05-20T09:36:29.730+0000] {processor.py:914} INFO - Processing file /opt/airflow/dags/submit_spark_dag.py for tasks to queue
[2026-05-20T09:36:29.731+0000] {logging_mixin.py:190} INFO - [2026-05-20T09:36:29.731+0000] {dagbag.py:588} INFO - Filling up the DagBag from /opt/airflow/dags/submit_spark_dag.py
[2026-05-20T09:36:29.738+0000] {processor.py:925} INFO - DAG(s) 'hello_spark' retrieved from /opt/airflow/dags/submit_spark_dag.py
[2026-05-20T09:36:29.755+0000] {logging_mixin.py:190} INFO - [2026-05-20T09:36:29.755+0000] {dag.py:3239} INFO - Sync 1 DAGs
[2026-05-20T09:36:29.773+0000] {logging_mixin.py:190} INFO - [2026-05-20T09:36:29.773+0000] {dag.py:4180} INFO - Setting next_dagrun for hello_spark to 2026-05-19 00:00:00+00:00, run_after=2026-05-20 00:00:00+00:00
[2026-05-20T09:36:29.788+0000] {processor.py:208} INFO - Processing /opt/airflow/dags/submit_spark_dag.py took 0.063 seconds
[2026-05-20T09:37:00.533+0000] {processor.py:186} INFO - Started process (PID=2758) to work on /opt/airflow/dags/submit_spark_dag.py
[2026-05-20T09:37:00.534+0000] {processor.py:914} INFO - Processing file /opt/airflow/dags/submit_spark_dag.py for tasks to queue
[2026-05-20T09:37:00.534+0000] {logging_mixin.py:190} INFO - [2026-05-20T09:37:00.534+0000] {dagbag.py:588} INFO - Filling up the DagBag from /opt/airflow/dags/submit_spark_dag.py
[2026-05-20T09:37:00.542+0000] {processor.py:925} INFO - DAG(s) 'hello_spark' retrieved from /opt/airflow/dags/submit_spark_dag.py
[2026-05-20T09:37:00.563+0000] {logging_mixin.py:190} INFO - [2026-05-20T09:37:00.563+0000] {dag.py:3239} INFO - Sync 1 DAGs
[2026-05-20T09:37:00.584+0000] {logging_mixin.py:190} INFO - [2026-05-20T09:37:00.584+0000] {dag.py:4180} INFO - Setting next_dagrun for hello_spark to 2026-05-19 00:00:00+00:00, run_after=2026-05-20 00:00:00+00:00
[2026-05-20T09:37:00.598+0000] {processor.py:208} INFO - Processing /opt/airflow/dags/submit_spark_dag.py took 0.070 seconds
[2026-05-20T09:37:31.398+0000] {processor.py:186} INFO - Started process (PID=2772) to work on /opt/airflow/dags/submit_spark_dag.py
[2026-05-20T09:37:31.399+0000] {processor.py:914} INFO - Processing file /opt/airflow/dags/submit_spark_dag.py for tasks to queue
[2026-05-20T09:37:31.400+0000] {logging_mixin.py:190} INFO - [2026-05-20T09:37:31.399+0000] {dagbag.py:588} INFO - Filling up the DagBag from /opt/airflow/dags/submit_spark_dag.py
[2026-05-20T09:37:31.407+0000] {processor.py:925} INFO - DAG(s) 'hello_spark' retrieved from /opt/airflow/dags/submit_spark_dag.py
[2026-05-20T09:37:31.426+0000] {logging_mixin.py:190} INFO - [2026-05-20T09:37:31.426+0000] {dag.py:3239} INFO - Sync 1 DAGs
[2026-05-20T09:37:31.448+0000] {logging_mixin.py:190} INFO - [2026-05-20T09:37:31.448+0000] {dag.py:4180} INFO - Setting next_dagrun for hello_spark to 2026-05-19 00:00:00+00:00, run_after=2026-05-20 00:00:00+00:00
[2026-05-20T09:37:31.462+0000] {processor.py:208} INFO - Processing /opt/airflow/dags/submit_spark_dag.py took 0.068 seconds
[2026-05-20T09:38:02.144+0000] {processor.py:186} INFO - Started process (PID=2786) to work on /opt/airflow/dags/submit_spark_dag.py
[2026-05-20T09:38:02.144+0000] {processor.py:914} INFO - Processing file /opt/airflow/dags/submit_spark_dag.py for tasks to queue
[2026-05-20T09:38:02.145+0000] {logging_mixin.py:190} INFO - [2026-05-20T09:38:02.145+0000] {dagbag.py:588} INFO - Filling up the DagBag from /opt/airflow/dags/submit_spark_dag.py
[2026-05-20T09:38:02.151+0000] {processor.py:925} INFO - DAG(s) 'hello_spark' retrieved from /opt/airflow/dags/submit_spark_dag.py
[2026-05-20T09:38:02.171+0000] {logging_mixin.py:190} INFO - [2026-05-20T09:38:02.171+0000] {dag.py:3239} INFO - Sync 1 DAGs
[2026-05-20T09:38:02.196+0000] {logging_mixin.py:190} INFO - [2026-05-20T09:38:02.196+0000] {dag.py:4180} INFO - Setting next_dagrun for hello_spark to 2026-05-19 00:00:00+00:00, run_after=2026-05-20 00:00:00+00:00
[2026-05-20T09:38:02.213+0000] {processor.py:208} INFO - Processing /opt/airflow/dags/submit_spark_dag.py took 0.074 seconds
[2026-05-20T09:38:32.856+0000] {processor.py:186} INFO - Started process (PID=2800) to work on /opt/airflow/dags/submit_spark_dag.py
[2026-05-20T09:38:32.857+0000] {processor.py:914} INFO - Processing file /opt/airflow/dags/submit_spark_dag.py for tasks to queue
[2026-05-20T09:38:32.858+0000] {logging_mixin.py:190} INFO - [2026-05-20T09:38:32.857+0000] {dagbag.py:588} INFO - Filling up the DagBag from /opt/airflow/dags/submit_spark_dag.py
[2026-05-20T09:38:32.866+0000] {processor.py:925} INFO - DAG(s) 'hello_spark' retrieved from /opt/airflow/dags/submit_spark_dag.py
[2026-05-20T09:38:32.886+0000] {logging_mixin.py:190} INFO - [2026-05-20T09:38:32.886+0000] {dag.py:3239} INFO - Sync 1 DAGs
[2026-05-20T09:38:32.905+0000] {logging_mixin.py:190} INFO - [2026-05-20T09:38:32.905+0000] {dag.py:4180} INFO - Setting next_dagrun for hello_spark to 2026-05-19 00:00:00+00:00, run_after=2026-05-20 00:00:00+00:00
[2026-05-20T09:38:32.918+0000] {processor.py:208} INFO - Processing /opt/airflow/dags/submit_spark_dag.py took 0.069 seconds
[2026-05-20T09:39:03.770+0000] {processor.py:186} INFO - Started process (PID=2814) to work on /opt/airflow/dags/submit_spark_dag.py
[2026-05-20T09:39:03.770+0000] {processor.py:914} INFO - Processing file /opt/airflow/dags/submit_spark_dag.py for tasks to queue
[2026-05-20T09:39:03.771+0000] {logging_mixin.py:190} INFO - [2026-05-20T09:39:03.771+0000] {dagbag.py:588} INFO - Filling up the DagBag from /opt/airflow/dags/submit_spark_dag.py
[2026-05-20T09:39:03.779+0000] {processor.py:925} INFO - DAG(s) 'hello_spark' retrieved from /opt/airflow/dags/submit_spark_dag.py
[2026-05-20T09:39:03.794+0000] {logging_mixin.py:190} INFO - [2026-05-20T09:39:03.793+0000] {dag.py:3239} INFO - Sync 1 DAGs
[2026-05-20T09:39:03.812+0000] {logging_mixin.py:190} INFO - [2026-05-20T09:39:03.811+0000] {dag.py:4180} INFO - Setting next_dagrun for hello_spark to 2026-05-19 00:00:00+00:00, run_after=2026-05-20 00:00:00+00:00
[2026-05-20T09:39:03.824+0000] {processor.py:208} INFO - Processing /opt/airflow/dags/submit_spark_dag.py took 0.060 seconds
[2026-05-20T09:39:33.942+0000] {processor.py:186} INFO - Started process (PID=2828) to work on /opt/airflow/dags/submit_spark_dag.py
[2026-05-20T09:39:33.945+0000] {processor.py:914} INFO - Processing file /opt/airflow/dags/submit_spark_dag.py for tasks to queue
[2026-05-20T09:39:33.946+0000] {logging_mixin.py:190} INFO - [2026-05-20T09:39:33.946+0000] {dagbag.py:588} INFO - Filling up the DagBag from /opt/airflow/dags/submit_spark_dag.py
[2026-05-20T09:39:33.957+0000] {processor.py:925} INFO - DAG(s) 'hello_spark' retrieved from /opt/airflow/dags/submit_spark_dag.py
[2026-05-20T09:39:33.977+0000] {logging_mixin.py:190} INFO - [2026-05-20T09:39:33.977+0000] {dag.py:3239} INFO - Sync 1 DAGs
[2026-05-20T09:39:33.999+0000] {logging_mixin.py:190} INFO - [2026-05-20T09:39:33.999+0000] {dag.py:4180} INFO - Setting next_dagrun for hello_spark to 2026-05-19 00:00:00+00:00, run_after=2026-05-20 00:00:00+00:00
[2026-05-20T09:39:34.017+0000] {processor.py:208} INFO - Processing /opt/airflow/dags/submit_spark_dag.py took 0.080 seconds
[2026-05-20T09:40:04.082+0000] {processor.py:186} INFO - Started process (PID=2842) to work on /opt/airflow/dags/submit_spark_dag.py
[2026-05-20T09:40:04.082+0000] {processor.py:914} INFO - Processing file /opt/airflow/dags/submit_spark_dag.py for tasks to queue
[2026-05-20T09:40:04.083+0000] {logging_mixin.py:190} INFO - [2026-05-20T09:40:04.083+0000] {dagbag.py:588} INFO - Filling up the DagBag from /opt/airflow/dags/submit_spark_dag.py
[2026-05-20T09:40:04.089+0000] {processor.py:925} INFO - DAG(s) 'hello_spark' retrieved from /opt/airflow/dags/submit_spark_dag.py
[2026-05-20T09:40:04.109+0000] {logging_mixin.py:190} INFO - [2026-05-20T09:40:04.109+0000] {dag.py:3239} INFO - Sync 1 DAGs
[2026-05-20T09:40:04.127+0000] {logging_mixin.py:190} INFO - [2026-05-20T09:40:04.127+0000] {dag.py:4180} INFO - Setting next_dagrun for hello_spark to 2026-05-19 00:00:00+00:00, run_after=2026-05-20 00:00:00+00:00
[2026-05-20T09:40:04.141+0000] {processor.py:208} INFO - Processing /opt/airflow/dags/submit_spark_dag.py took 0.064 seconds
[2026-05-20T09:40:34.698+0000] {processor.py:186} INFO - Started process (PID=2856) to work on /opt/airflow/dags/submit_spark_dag.py
[2026-05-20T09:40:34.699+0000] {processor.py:914} INFO - Processing file /opt/airflow/dags/submit_spark_dag.py for tasks to queue
[2026-05-20T09:40:34.699+0000] {logging_mixin.py:190} INFO - [2026-05-20T09:40:34.699+0000] {dagbag.py:588} INFO - Filling up the DagBag from /opt/airflow/dags/submit_spark_dag.py
[2026-05-20T09:40:34.706+0000] {processor.py:925} INFO - DAG(s) 'hello_spark' retrieved from /opt/airflow/dags/submit_spark_dag.py
[2026-05-20T09:40:34.725+0000] {logging_mixin.py:190} INFO - [2026-05-20T09:40:34.725+0000] {dag.py:3239} INFO - Sync 1 DAGs
[2026-05-20T09:40:34.745+0000] {logging_mixin.py:190} INFO - [2026-05-20T09:40:34.745+0000] {dag.py:4180} INFO - Setting next_dagrun for hello_spark to 2026-05-19 00:00:00+00:00, run_after=2026-05-20 00:00:00+00:00
[2026-05-20T09:40:34.761+0000] {processor.py:208} INFO - Processing /opt/airflow/dags/submit_spark_dag.py took 0.067 seconds
[2026-05-20T09:41:05.563+0000] {processor.py:186} INFO - Started process (PID=2869) to work on /opt/airflow/dags/submit_spark_dag.py
[2026-05-20T09:41:05.564+0000] {processor.py:914} INFO - Processing file /opt/airflow/dags/submit_spark_dag.py for tasks to queue
[2026-05-20T09:41:05.565+0000] {logging_mixin.py:190} INFO - [2026-05-20T09:41:05.565+0000] {dagbag.py:588} INFO - Filling up the DagBag from /opt/airflow/dags/submit_spark_dag.py
[2026-05-20T09:41:05.574+0000] {processor.py:925} INFO - DAG(s) 'hello_spark' retrieved from /opt/airflow/dags/submit_spark_dag.py
[2026-05-20T09:41:05.594+0000] {logging_mixin.py:190} INFO - [2026-05-20T09:41:05.594+0000] {dag.py:3239} INFO - Sync 1 DAGs
[2026-05-20T09:41:05.613+0000] {logging_mixin.py:190} INFO - [2026-05-20T09:41:05.613+0000] {dag.py:4180} INFO - Setting next_dagrun for hello_spark to 2026-05-19 00:00:00+00:00, run_after=2026-05-20 00:00:00+00:00
[2026-05-20T09:41:05.628+0000] {processor.py:208} INFO - Processing /opt/airflow/dags/submit_spark_dag.py took 0.073 seconds
[2026-05-20T09:41:36.206+0000] {processor.py:186} INFO - Started process (PID=2884) to work on /opt/airflow/dags/submit_spark_dag.py
[2026-05-20T09:41:36.207+0000] {processor.py:914} INFO - Processing file /opt/airflow/dags/submit_spark_dag.py for tasks to queue
[2026-05-20T09:41:36.207+0000] {logging_mixin.py:190} INFO - [2026-05-20T09:41:36.207+0000] {dagbag.py:588} INFO - Filling up the DagBag from /opt/airflow/dags/submit_spark_dag.py
[2026-05-20T09:41:36.218+0000] {processor.py:925} INFO - DAG(s) 'hello_spark' retrieved from /opt/airflow/dags/submit_spark_dag.py
[2026-05-20T09:41:36.237+0000] {logging_mixin.py:190} INFO - [2026-05-20T09:41:36.237+0000] {dag.py:3239} INFO - Sync 1 DAGs
[2026-05-20T09:41:36.262+0000] {logging_mixin.py:190} INFO - [2026-05-20T09:41:36.262+0000] {dag.py:4180} INFO - Setting next_dagrun for hello_spark to 2026-05-19 00:00:00+00:00, run_after=2026-05-20 00:00:00+00:00
[2026-05-20T09:41:36.277+0000] {processor.py:208} INFO - Processing /opt/airflow/dags/submit_spark_dag.py took 0.075 seconds
[2026-05-20T09:42:06.965+0000] {processor.py:186} INFO - Started process (PID=2899) to work on /opt/airflow/dags/submit_spark_dag.py
[2026-05-20T09:42:06.966+0000] {processor.py:914} INFO - Processing file /opt/airflow/dags/submit_spark_dag.py for tasks to queue
[2026-05-20T09:42:06.967+0000] {logging_mixin.py:190} INFO - [2026-05-20T09:42:06.966+0000] {dagbag.py:588} INFO - Filling up the DagBag from /opt/airflow/dags/submit_spark_dag.py
[2026-05-20T09:42:06.973+0000] {processor.py:925} INFO - DAG(s) 'hello_spark' retrieved from /opt/airflow/dags/submit_spark_dag.py
[2026-05-20T09:42:06.992+0000] {logging_mixin.py:190} INFO - [2026-05-20T09:42:06.992+0000] {dag.py:3239} INFO - Sync 1 DAGs
[2026-05-20T09:42:07.011+0000] {logging_mixin.py:190} INFO - [2026-05-20T09:42:07.011+0000] {dag.py:4180} INFO - Setting next_dagrun for hello_spark to 2026-05-19 00:00:00+00:00, run_after=2026-05-20 00:00:00+00:00
[2026-05-20T09:42:07.025+0000] {processor.py:208} INFO - Processing /opt/airflow/dags/submit_spark_dag.py took 0.065 seconds
[2026-05-20T09:42:37.259+0000] {processor.py:186} INFO - Started process (PID=2913) to work on /opt/airflow/dags/submit_spark_dag.py
[2026-05-20T09:42:37.260+0000] {processor.py:914} INFO - Processing file /opt/airflow/dags/submit_spark_dag.py for tasks to queue
[2026-05-20T09:42:37.261+0000] {logging_mixin.py:190} INFO - [2026-05-20T09:42:37.260+0000] {dagbag.py:588} INFO - Filling up the DagBag from /opt/airflow/dags/submit_spark_dag.py
[2026-05-20T09:42:37.270+0000] {processor.py:925} INFO - DAG(s) 'hello_spark' retrieved from /opt/airflow/dags/submit_spark_dag.py
[2026-05-20T09:42:37.290+0000] {logging_mixin.py:190} INFO - [2026-05-20T09:42:37.290+0000] {dag.py:3239} INFO - Sync 1 DAGs
[2026-05-20T09:42:37.309+0000] {logging_mixin.py:190} INFO - [2026-05-20T09:42:37.308+0000] {dag.py:4180} INFO - Setting next_dagrun for hello_spark to 2026-05-19 00:00:00+00:00, run_after=2026-05-20 00:00:00+00:00
[2026-05-20T09:42:37.323+0000] {processor.py:208} INFO - Processing /opt/airflow/dags/submit_spark_dag.py took 0.068 seconds
[2026-05-20T09:43:07.401+0000] {processor.py:186} INFO - Started process (PID=2927) to work on /opt/airflow/dags/submit_spark_dag.py
[2026-05-20T09:43:07.402+0000] {processor.py:914} INFO - Processing file /opt/airflow/dags/submit_spark_dag.py for tasks to queue
[2026-05-20T09:43:07.403+0000] {logging_mixin.py:190} INFO - [2026-05-20T09:43:07.403+0000] {dagbag.py:588} INFO - Filling up the DagBag from /opt/airflow/dags/submit_spark_dag.py
[2026-05-20T09:43:07.411+0000] {processor.py:925} INFO - DAG(s) 'hello_spark' retrieved from /opt/airflow/dags/submit_spark_dag.py
[2026-05-20T09:43:07.426+0000] {logging_mixin.py:190} INFO - [2026-05-20T09:43:07.426+0000] {dag.py:3239} INFO - Sync 1 DAGs
[2026-05-20T09:43:07.447+0000] {logging_mixin.py:190} INFO - [2026-05-20T09:43:07.447+0000] {dag.py:4180} INFO - Setting next_dagrun for hello_spark to 2026-05-19 00:00:00+00:00, run_after=2026-05-20 00:00:00+00:00
[2026-05-20T09:43:07.458+0000] {processor.py:208} INFO - Processing /opt/airflow/dags/submit_spark_dag.py took 0.061 seconds
[2026-05-20T09:43:37.677+0000] {processor.py:186} INFO - Started process (PID=2941) to work on /opt/airflow/dags/submit_spark_dag.py
[2026-05-20T09:43:37.678+0000] {processor.py:914} INFO - Processing file /opt/airflow/dags/submit_spark_dag.py for tasks to queue
[2026-05-20T09:43:37.679+0000] {logging_mixin.py:190} INFO - [2026-05-20T09:43:37.679+0000] {dagbag.py:588} INFO - Filling up the DagBag from /opt/airflow/dags/submit_spark_dag.py
[2026-05-20T09:43:37.697+0000] {processor.py:925} INFO - DAG(s) 'hello_spark' retrieved from /opt/airflow/dags/submit_spark_dag.py
[2026-05-20T09:43:37.721+0000] {logging_mixin.py:190} INFO - [2026-05-20T09:43:37.720+0000] {dag.py:3239} INFO - Sync 1 DAGs
[2026-05-20T09:43:37.754+0000] {logging_mixin.py:190} INFO - [2026-05-20T09:43:37.754+0000] {dag.py:4180} INFO - Setting next_dagrun for hello_spark to 2026-05-19 00:00:00+00:00, run_after=2026-05-20 00:00:00+00:00
[2026-05-20T09:43:37.774+0000] {processor.py:208} INFO - Processing /opt/airflow/dags/submit_spark_dag.py took 0.108 seconds
[2026-05-20T09:44:07.884+0000] {processor.py:186} INFO - Started process (PID=2954) to work on /opt/airflow/dags/submit_spark_dag.py
[2026-05-20T09:44:07.885+0000] {processor.py:914} INFO - Processing file /opt/airflow/dags/submit_spark_dag.py for tasks to queue
[2026-05-20T09:44:07.886+0000] {logging_mixin.py:190} INFO - [2026-05-20T09:44:07.886+0000] {dagbag.py:588} INFO - Filling up the DagBag from /opt/airflow/dags/submit_spark_dag.py
[2026-05-20T09:44:07.896+0000] {processor.py:925} INFO - DAG(s) 'hello_spark' retrieved from /opt/airflow/dags/submit_spark_dag.py
[2026-05-20T09:44:07.916+0000] {logging_mixin.py:190} INFO - [2026-05-20T09:44:07.916+0000] {dag.py:3239} INFO - Sync 1 DAGs
[2026-05-20T09:44:07.936+0000] {logging_mixin.py:190} INFO - [2026-05-20T09:44:07.936+0000] {dag.py:4180} INFO - Setting next_dagrun for hello_spark to 2026-05-19 00:00:00+00:00, run_after=2026-05-20 00:00:00+00:00
[2026-05-20T09:44:07.952+0000] {processor.py:208} INFO - Processing /opt/airflow/dags/submit_spark_dag.py took 0.073 seconds
[2026-05-20T09:44:38.715+0000] {processor.py:186} INFO - Started process (PID=2968) to work on /opt/airflow/dags/submit_spark_dag.py
[2026-05-20T09:44:38.716+0000] {processor.py:914} INFO - Processing file /opt/airflow/dags/submit_spark_dag.py for tasks to queue
[2026-05-20T09:44:38.717+0000] {logging_mixin.py:190} INFO - [2026-05-20T09:44:38.717+0000] {dagbag.py:588} INFO - Filling up the DagBag from /opt/airflow/dags/submit_spark_dag.py
[2026-05-20T09:44:38.724+0000] {processor.py:925} INFO - DAG(s) 'hello_spark' retrieved from /opt/airflow/dags/submit_spark_dag.py
[2026-05-20T09:44:38.740+0000] {logging_mixin.py:190} INFO - [2026-05-20T09:44:38.739+0000] {dag.py:3239} INFO - Sync 1 DAGs
[2026-05-20T09:44:38.762+0000] {logging_mixin.py:190} INFO - [2026-05-20T09:44:38.762+0000] {dag.py:4180} INFO - Setting next_dagrun for hello_spark to 2026-05-19 00:00:00+00:00, run_after=2026-05-20 00:00:00+00:00
[2026-05-20T09:44:38.774+0000] {processor.py:208} INFO - Processing /opt/airflow/dags/submit_spark_dag.py took 0.063 seconds
[2026-05-20T09:45:09.526+0000] {processor.py:186} INFO - Started process (PID=2982) to work on /opt/airflow/dags/submit_spark_dag.py
[2026-05-20T09:45:09.527+0000] {processor.py:914} INFO - Processing file /opt/airflow/dags/submit_spark_dag.py for tasks to queue
[2026-05-20T09:45:09.529+0000] {logging_mixin.py:190} INFO - [2026-05-20T09:45:09.527+0000] {dagbag.py:588} INFO - Filling up the DagBag from /opt/airflow/dags/submit_spark_dag.py
[2026-05-20T09:45:09.538+0000] {processor.py:925} INFO - DAG(s) 'hello_spark' retrieved from /opt/airflow/dags/submit_spark_dag.py
[2026-05-20T09:45:09.564+0000] {logging_mixin.py:190} INFO - [2026-05-20T09:45:09.564+0000] {dag.py:3239} INFO - Sync 1 DAGs
[2026-05-20T09:45:09.586+0000] {logging_mixin.py:190} INFO - [2026-05-20T09:45:09.586+0000] {dag.py:4180} INFO - Setting next_dagrun for hello_spark to 2026-05-19 00:00:00+00:00, run_after=2026-05-20 00:00:00+00:00
[2026-05-20T09:45:09.601+0000] {processor.py:208} INFO - Processing /opt/airflow/dags/submit_spark_dag.py took 0.084 seconds
[2026-05-20T09:45:40.146+0000] {processor.py:186} INFO - Started process (PID=2997) to work on /opt/airflow/dags/submit_spark_dag.py
[2026-05-20T09:45:40.148+0000] {processor.py:914} INFO - Processing file /opt/airflow/dags/submit_spark_dag.py for tasks to queue
[2026-05-20T09:45:40.150+0000] {logging_mixin.py:190} INFO - [2026-05-20T09:45:40.149+0000] {dagbag.py:588} INFO - Filling up the DagBag from /opt/airflow/dags/submit_spark_dag.py
[2026-05-20T09:45:40.158+0000] {processor.py:925} INFO - DAG(s) 'hello_spark' retrieved from /opt/airflow/dags/submit_spark_dag.py
[2026-05-20T09:45:40.174+0000] {logging_mixin.py:190} INFO - [2026-05-20T09:45:40.174+0000] {dag.py:3239} INFO - Sync 1 DAGs
[2026-05-20T09:45:40.195+0000] {logging_mixin.py:190} INFO - [2026-05-20T09:45:40.195+0000] {dag.py:4180} INFO - Setting next_dagrun for hello_spark to 2026-05-19 00:00:00+00:00, run_after=2026-05-20 00:00:00+00:00
[2026-05-20T09:45:40.212+0000] {processor.py:208} INFO - Processing /opt/airflow/dags/submit_spark_dag.py took 0.070 seconds
[2026-05-20T09:46:10.775+0000] {processor.py:186} INFO - Started process (PID=3011) to work on /opt/airflow/dags/submit_spark_dag.py
[2026-05-20T09:46:10.777+0000] {processor.py:914} INFO - Processing file /opt/airflow/dags/submit_spark_dag.py for tasks to queue
[2026-05-20T09:46:10.778+0000] {logging_mixin.py:190} INFO - [2026-05-20T09:46:10.778+0000] {dagbag.py:588} INFO - Filling up the DagBag from /opt/airflow/dags/submit_spark_dag.py
[2026-05-20T09:46:10.798+0000] {processor.py:925} INFO - DAG(s) 'hello_spark' retrieved from /opt/airflow/dags/submit_spark_dag.py
[2026-05-20T09:46:10.827+0000] {logging_mixin.py:190} INFO - [2026-05-20T09:46:10.827+0000] {dag.py:3239} INFO - Sync 1 DAGs
[2026-05-20T09:46:10.862+0000] {logging_mixin.py:190} INFO - [2026-05-20T09:46:10.862+0000] {dag.py:4180} INFO - Setting next_dagrun for hello_spark to 2026-05-19 00:00:00+00:00, run_after=2026-05-20 00:00:00+00:00
[2026-05-20T09:46:10.899+0000] {processor.py:208} INFO - Processing /opt/airflow/dags/submit_spark_dag.py took 0.128 seconds
[2026-05-20T09:46:41.663+0000] {processor.py:186} INFO - Started process (PID=3024) to work on /opt/airflow/dags/submit_spark_dag.py
[2026-05-20T09:46:41.665+0000] {processor.py:914} INFO - Processing file /opt/airflow/dags/submit_spark_dag.py for tasks to queue
[2026-05-20T09:46:41.666+0000] {logging_mixin.py:190} INFO - [2026-05-20T09:46:41.665+0000] {dagbag.py:588} INFO - Filling up the DagBag from /opt/airflow/dags/submit_spark_dag.py
[2026-05-20T09:46:41.699+0000] {processor.py:925} INFO - DAG(s) 'hello_spark' retrieved from /opt/airflow/dags/submit_spark_dag.py
[2026-05-20T09:46:41.728+0000] {logging_mixin.py:190} INFO - [2026-05-20T09:46:41.728+0000] {dag.py:3239} INFO - Sync 1 DAGs
[2026-05-20T09:46:41.747+0000] {logging_mixin.py:190} INFO - [2026-05-20T09:46:41.747+0000] {dag.py:4180} INFO - Setting next_dagrun for hello_spark to 2026-05-19 00:00:00+00:00, run_after=2026-05-20 00:00:00+00:00
[2026-05-20T09:46:41.761+0000] {processor.py:208} INFO - Processing /opt/airflow/dags/submit_spark_dag.py took 0.118 seconds
[2026-05-20T09:47:12.692+0000] {processor.py:186} INFO - Started process (PID=3038) to work on /opt/airflow/dags/submit_spark_dag.py
[2026-05-20T09:47:12.695+0000] {processor.py:914} INFO - Processing file /opt/airflow/dags/submit_spark_dag.py for tasks to queue
[2026-05-20T09:47:12.696+0000] {logging_mixin.py:190} INFO - [2026-05-20T09:47:12.696+0000] {dagbag.py:588} INFO - Filling up the DagBag from /opt/airflow/dags/submit_spark_dag.py
[2026-05-20T09:47:12.711+0000] {processor.py:925} INFO - DAG(s) 'hello_spark' retrieved from /opt/airflow/dags/submit_spark_dag.py
[2026-05-20T09:47:12.750+0000] {logging_mixin.py:190} INFO - [2026-05-20T09:47:12.750+0000] {dag.py:3239} INFO - Sync 1 DAGs
[2026-05-20T09:47:12.790+0000] {logging_mixin.py:190} INFO - [2026-05-20T09:47:12.790+0000] {dag.py:4180} INFO - Setting next_dagrun for hello_spark to 2026-05-19 00:00:00+00:00, run_after=2026-05-20 00:00:00+00:00
[2026-05-20T09:47:12.810+0000] {processor.py:208} INFO - Processing /opt/airflow/dags/submit_spark_dag.py took 0.136 seconds
[2026-05-20T09:47:43.483+0000] {processor.py:186} INFO - Started process (PID=3052) to work on /opt/airflow/dags/submit_spark_dag.py
[2026-05-20T09:47:43.485+0000] {processor.py:914} INFO - Processing file /opt/airflow/dags/submit_spark_dag.py for tasks to queue
[2026-05-20T09:47:43.486+0000] {logging_mixin.py:190} INFO - [2026-05-20T09:47:43.485+0000] {dagbag.py:588} INFO - Filling up the DagBag from /opt/airflow/dags/submit_spark_dag.py
[2026-05-20T09:47:43.497+0000] {processor.py:925} INFO - DAG(s) 'hello_spark' retrieved from /opt/airflow/dags/submit_spark_dag.py
[2026-05-20T09:47:43.511+0000] {logging_mixin.py:190} INFO - [2026-05-20T09:47:43.511+0000] {dag.py:3239} INFO - Sync 1 DAGs
[2026-05-20T09:47:43.527+0000] {logging_mixin.py:190} INFO - [2026-05-20T09:47:43.527+0000] {dag.py:4180} INFO - Setting next_dagrun for hello_spark to 2026-05-19 00:00:00+00:00, run_after=2026-05-20 00:00:00+00:00
[2026-05-20T09:47:43.539+0000] {processor.py:208} INFO - Processing /opt/airflow/dags/submit_spark_dag.py took 0.062 seconds
[2026-05-20T09:48:14.197+0000] {processor.py:186} INFO - Started process (PID=3067) to work on /opt/airflow/dags/submit_spark_dag.py
[2026-05-20T09:48:14.201+0000] {processor.py:914} INFO - Processing file /opt/airflow/dags/submit_spark_dag.py for tasks to queue
[2026-05-20T09:48:14.203+0000] {logging_mixin.py:190} INFO - [2026-05-20T09:48:14.203+0000] {dagbag.py:588} INFO - Filling up the DagBag from /opt/airflow/dags/submit_spark_dag.py
[2026-05-20T09:48:14.221+0000] {processor.py:925} INFO - DAG(s) 'hello_spark' retrieved from /opt/airflow/dags/submit_spark_dag.py
[2026-05-20T09:48:14.264+0000] {logging_mixin.py:190} INFO - [2026-05-20T09:48:14.264+0000] {dag.py:3239} INFO - Sync 1 DAGs
[2026-05-20T09:48:14.289+0000] {logging_mixin.py:190} INFO - [2026-05-20T09:48:14.289+0000] {dag.py:4180} INFO - Setting next_dagrun for hello_spark to 2026-05-19 00:00:00+00:00, run_after=2026-05-20 00:00:00+00:00
[2026-05-20T09:48:14.303+0000] {processor.py:208} INFO - Processing /opt/airflow/dags/submit_spark_dag.py took 0.121 seconds
[2026-05-20T09:48:45.277+0000] {processor.py:186} INFO - Started process (PID=3081) to work on /opt/airflow/dags/submit_spark_dag.py
[2026-05-20T09:48:45.278+0000] {processor.py:914} INFO - Processing file /opt/airflow/dags/submit_spark_dag.py for tasks to queue
[2026-05-20T09:48:45.280+0000] {logging_mixin.py:190} INFO - [2026-05-20T09:48:45.280+0000] {dagbag.py:588} INFO - Filling up the DagBag from /opt/airflow/dags/submit_spark_dag.py
[2026-05-20T09:48:45.288+0000] {processor.py:925} INFO - DAG(s) 'hello_spark' retrieved from /opt/airflow/dags/submit_spark_dag.py
[2026-05-20T09:48:45.303+0000] {logging_mixin.py:190} INFO - [2026-05-20T09:48:45.302+0000] {dag.py:3239} INFO - Sync 1 DAGs
[2026-05-20T09:48:45.319+0000] {logging_mixin.py:190} INFO - [2026-05-20T09:48:45.319+0000] {dag.py:4180} INFO - Setting next_dagrun for hello_spark to 2026-05-19 00:00:00+00:00, run_after=2026-05-20 00:00:00+00:00
[2026-05-20T09:48:45.333+0000] {processor.py:208} INFO - Processing /opt/airflow/dags/submit_spark_dag.py took 0.063 seconds
[2026-05-20T09:49:15.884+0000] {processor.py:186} INFO - Started process (PID=3096) to work on /opt/airflow/dags/submit_spark_dag.py
[2026-05-20T09:49:15.885+0000] {processor.py:914} INFO - Processing file /opt/airflow/dags/submit_spark_dag.py for tasks to queue
[2026-05-20T09:49:15.887+0000] {logging_mixin.py:190} INFO - [2026-05-20T09:49:15.887+0000] {dagbag.py:588} INFO - Filling up the DagBag from /opt/airflow/dags/submit_spark_dag.py
[2026-05-20T09:49:15.898+0000] {processor.py:925} INFO - DAG(s) 'hello_spark' retrieved from /opt/airflow/dags/submit_spark_dag.py
[2026-05-20T09:49:15.919+0000] {logging_mixin.py:190} INFO - [2026-05-20T09:49:15.919+0000] {dag.py:3239} INFO - Sync 1 DAGs
[2026-05-20T09:49:15.940+0000] {logging_mixin.py:190} INFO - [2026-05-20T09:49:15.940+0000] {dag.py:4180} INFO - Setting next_dagrun for hello_spark to 2026-05-19 00:00:00+00:00, run_after=2026-05-20 00:00:00+00:00
[2026-05-20T09:49:15.958+0000] {processor.py:208} INFO - Processing /opt/airflow/dags/submit_spark_dag.py took 0.082 seconds
[2026-05-20T09:49:46.561+0000] {processor.py:186} INFO - Started process (PID=3110) to work on /opt/airflow/dags/submit_spark_dag.py
[2026-05-20T09:49:46.561+0000] {processor.py:914} INFO - Processing file /opt/airflow/dags/submit_spark_dag.py for tasks to queue
[2026-05-20T09:49:46.562+0000] {logging_mixin.py:190} INFO - [2026-05-20T09:49:46.562+0000] {dagbag.py:588} INFO - Filling up the DagBag from /opt/airflow/dags/submit_spark_dag.py
[2026-05-20T09:49:46.569+0000] {processor.py:925} INFO - DAG(s) 'hello_spark' retrieved from /opt/airflow/dags/submit_spark_dag.py
[2026-05-20T09:49:46.584+0000] {logging_mixin.py:190} INFO - [2026-05-20T09:49:46.584+0000] {dag.py:3239} INFO - Sync 1 DAGs
[2026-05-20T09:49:46.601+0000] {logging_mixin.py:190} INFO - [2026-05-20T09:49:46.601+0000] {dag.py:4180} INFO - Setting next_dagrun for hello_spark to 2026-05-19 00:00:00+00:00, run_after=2026-05-20 00:00:00+00:00
[2026-05-20T09:49:46.615+0000] {processor.py:208} INFO - Processing /opt/airflow/dags/submit_spark_dag.py took 0.058 seconds
[2026-05-20T09:50:17.197+0000] {processor.py:186} INFO - Started process (PID=3124) to work on /opt/airflow/dags/submit_spark_dag.py
[2026-05-20T09:50:17.198+0000] {processor.py:914} INFO - Processing file /opt/airflow/dags/submit_spark_dag.py for tasks to queue
[2026-05-20T09:50:17.199+0000] {logging_mixin.py:190} INFO - [2026-05-20T09:50:17.199+0000] {dagbag.py:588} INFO - Filling up the DagBag from /opt/airflow/dags/submit_spark_dag.py
[2026-05-20T09:50:17.208+0000] {processor.py:925} INFO - DAG(s) 'hello_spark' retrieved from /opt/airflow/dags/submit_spark_dag.py
[2026-05-20T09:50:17.227+0000] {logging_mixin.py:190} INFO - [2026-05-20T09:50:17.227+0000] {dag.py:3239} INFO - Sync 1 DAGs
[2026-05-20T09:50:17.246+0000] {logging_mixin.py:190} INFO - [2026-05-20T09:50:17.246+0000] {dag.py:4180} INFO - Setting next_dagrun for hello_spark to 2026-05-19 00:00:00+00:00, run_after=2026-05-20 00:00:00+00:00
[2026-05-20T09:50:17.260+0000] {processor.py:208} INFO - Processing /opt/airflow/dags/submit_spark_dag.py took 0.069 seconds
[2026-05-20T09:50:47.900+0000] {processor.py:186} INFO - Started process (PID=3138) to work on /opt/airflow/dags/submit_spark_dag.py
[2026-05-20T09:50:47.900+0000] {processor.py:914} INFO - Processing file /opt/airflow/dags/submit_spark_dag.py for tasks to queue
[2026-05-20T09:50:47.901+0000] {logging_mixin.py:190} INFO - [2026-05-20T09:50:47.901+0000] {dagbag.py:588} INFO - Filling up the DagBag from /opt/airflow/dags/submit_spark_dag.py
[2026-05-20T09:50:47.913+0000] {processor.py:925} INFO - DAG(s) 'hello_spark' retrieved from /opt/airflow/dags/submit_spark_dag.py
[2026-05-20T09:50:47.927+0000] {logging_mixin.py:190} INFO - [2026-05-20T09:50:47.927+0000] {dag.py:3239} INFO - Sync 1 DAGs
[2026-05-20T09:50:47.943+0000] {logging_mixin.py:190} INFO - [2026-05-20T09:50:47.943+0000] {dag.py:4180} INFO - Setting next_dagrun for hello_spark to 2026-05-19 00:00:00+00:00, run_after=2026-05-20 00:00:00+00:00
[2026-05-20T09:50:47.955+0000] {processor.py:208} INFO - Processing /opt/airflow/dags/submit_spark_dag.py took 0.059 seconds
[2026-05-20T09:51:18.553+0000] {processor.py:186} INFO - Started process (PID=3152) to work on /opt/airflow/dags/submit_spark_dag.py
[2026-05-20T09:51:18.554+0000] {processor.py:914} INFO - Processing file /opt/airflow/dags/submit_spark_dag.py for tasks to queue
[2026-05-20T09:51:18.556+0000] {logging_mixin.py:190} INFO - [2026-05-20T09:51:18.555+0000] {dagbag.py:588} INFO - Filling up the DagBag from /opt/airflow/dags/submit_spark_dag.py
[2026-05-20T09:51:18.563+0000] {processor.py:925} INFO - DAG(s) 'hello_spark' retrieved from /opt/airflow/dags/submit_spark_dag.py
[2026-05-20T09:51:18.579+0000] {logging_mixin.py:190} INFO - [2026-05-20T09:51:18.579+0000] {dag.py:3239} INFO - Sync 1 DAGs
[2026-05-20T09:51:18.595+0000] {logging_mixin.py:190} INFO - [2026-05-20T09:51:18.595+0000] {dag.py:4180} INFO - Setting next_dagrun for hello_spark to 2026-05-19 00:00:00+00:00, run_after=2026-05-20 00:00:00+00:00
[2026-05-20T09:51:18.607+0000] {processor.py:208} INFO - Processing /opt/airflow/dags/submit_spark_dag.py took 0.061 seconds
[2026-05-20T09:51:49.139+0000] {processor.py:186} INFO - Started process (PID=3166) to work on /opt/airflow/dags/submit_spark_dag.py
[2026-05-20T09:51:49.141+0000] {processor.py:914} INFO - Processing file /opt/airflow/dags/submit_spark_dag.py for tasks to queue
[2026-05-20T09:51:49.142+0000] {logging_mixin.py:190} INFO - [2026-05-20T09:51:49.142+0000] {dagbag.py:588} INFO - Filling up the DagBag from /opt/airflow/dags/submit_spark_dag.py
[2026-05-20T09:51:49.149+0000] {processor.py:925} INFO - DAG(s) 'hello_spark' retrieved from /opt/airflow/dags/submit_spark_dag.py
[2026-05-20T09:51:49.165+0000] {logging_mixin.py:190} INFO - [2026-05-20T09:51:49.164+0000] {dag.py:3239} INFO - Sync 1 DAGs
[2026-05-20T09:51:49.183+0000] {logging_mixin.py:190} INFO - [2026-05-20T09:51:49.182+0000] {dag.py:4180} INFO - Setting next_dagrun for hello_spark to 2026-05-19 00:00:00+00:00, run_after=2026-05-20 00:00:00+00:00
[2026-05-20T09:51:49.195+0000] {processor.py:208} INFO - Processing /opt/airflow/dags/submit_spark_dag.py took 0.062 seconds
[2026-05-20T09:52:19.733+0000] {processor.py:186} INFO - Started process (PID=3186) to work on /opt/airflow/dags/submit_spark_dag.py
[2026-05-20T09:52:19.734+0000] {processor.py:914} INFO - Processing file /opt/airflow/dags/submit_spark_dag.py for tasks to queue
[2026-05-20T09:52:19.735+0000] {logging_mixin.py:190} INFO - [2026-05-20T09:52:19.735+0000] {dagbag.py:588} INFO - Filling up the DagBag from /opt/airflow/dags/submit_spark_dag.py
[2026-05-20T09:52:19.744+0000] {processor.py:925} INFO - DAG(s) 'hello_spark' retrieved from /opt/airflow/dags/submit_spark_dag.py
[2026-05-20T09:52:19.759+0000] {logging_mixin.py:190} INFO - [2026-05-20T09:52:19.758+0000] {dag.py:3239} INFO - Sync 1 DAGs
[2026-05-20T09:52:19.777+0000] {logging_mixin.py:190} INFO - [2026-05-20T09:52:19.777+0000] {dag.py:4180} INFO - Setting next_dagrun for hello_spark to 2026-05-19 00:00:00+00:00, run_after=2026-05-20 00:00:00+00:00
[2026-05-20T09:52:19.789+0000] {processor.py:208} INFO - Processing /opt/airflow/dags/submit_spark_dag.py took 0.061 seconds
[2026-05-20T09:52:50.448+0000] {processor.py:186} INFO - Started process (PID=3200) to work on /opt/airflow/dags/submit_spark_dag.py
[2026-05-20T09:52:50.451+0000] {processor.py:914} INFO - Processing file /opt/airflow/dags/submit_spark_dag.py for tasks to queue
[2026-05-20T09:52:50.452+0000] {logging_mixin.py:190} INFO - [2026-05-20T09:52:50.452+0000] {dagbag.py:588} INFO - Filling up the DagBag from /opt/airflow/dags/submit_spark_dag.py
[2026-05-20T09:52:50.459+0000] {processor.py:925} INFO - DAG(s) 'hello_spark' retrieved from /opt/airflow/dags/submit_spark_dag.py
[2026-05-20T09:52:50.474+0000] {logging_mixin.py:190} INFO - [2026-05-20T09:52:50.474+0000] {dag.py:3239} INFO - Sync 1 DAGs
[2026-05-20T09:52:50.490+0000] {logging_mixin.py:190} INFO - [2026-05-20T09:52:50.490+0000] {dag.py:4180} INFO - Setting next_dagrun for hello_spark to 2026-05-19 00:00:00+00:00, run_after=2026-05-20 00:00:00+00:00
[2026-05-20T09:52:50.502+0000] {processor.py:208} INFO - Processing /opt/airflow/dags/submit_spark_dag.py took 0.061 seconds
[2026-05-20T09:53:21.148+0000] {processor.py:186} INFO - Started process (PID=3214) to work on /opt/airflow/dags/submit_spark_dag.py
[2026-05-20T09:53:21.151+0000] {processor.py:914} INFO - Processing file /opt/airflow/dags/submit_spark_dag.py for tasks to queue
[2026-05-20T09:53:21.152+0000] {logging_mixin.py:190} INFO - [2026-05-20T09:53:21.152+0000] {dagbag.py:588} INFO - Filling up the DagBag from /opt/airflow/dags/submit_spark_dag.py
[2026-05-20T09:53:21.165+0000] {processor.py:925} INFO - DAG(s) 'hello_spark' retrieved from /opt/airflow/dags/submit_spark_dag.py
[2026-05-20T09:53:21.182+0000] {logging_mixin.py:190} INFO - [2026-05-20T09:53:21.182+0000] {dag.py:3239} INFO - Sync 1 DAGs
[2026-05-20T09:53:21.200+0000] {logging_mixin.py:190} INFO - [2026-05-20T09:53:21.200+0000] {dag.py:4180} INFO - Setting next_dagrun for hello_spark to 2026-05-19 00:00:00+00:00, run_after=2026-05-20 00:00:00+00:00
[2026-05-20T09:53:21.212+0000] {processor.py:208} INFO - Processing /opt/airflow/dags/submit_spark_dag.py took 0.072 seconds
[2026-05-20T09:53:51.748+0000] {processor.py:186} INFO - Started process (PID=3228) to work on /opt/airflow/dags/submit_spark_dag.py
[2026-05-20T09:53:51.748+0000] {processor.py:914} INFO - Processing file /opt/airflow/dags/submit_spark_dag.py for tasks to queue
[2026-05-20T09:53:51.749+0000] {logging_mixin.py:190} INFO - [2026-05-20T09:53:51.749+0000] {dagbag.py:588} INFO - Filling up the DagBag from /opt/airflow/dags/submit_spark_dag.py
[2026-05-20T09:53:51.755+0000] {processor.py:925} INFO - DAG(s) 'hello_spark' retrieved from /opt/airflow/dags/submit_spark_dag.py
[2026-05-20T09:53:51.771+0000] {logging_mixin.py:190} INFO - [2026-05-20T09:53:51.771+0000] {dag.py:3239} INFO - Sync 1 DAGs
[2026-05-20T09:53:51.788+0000] {logging_mixin.py:190} INFO - [2026-05-20T09:53:51.788+0000] {dag.py:4180} INFO - Setting next_dagrun for hello_spark to 2026-05-19 00:00:00+00:00, run_after=2026-05-20 00:00:00+00:00
[2026-05-20T09:53:51.800+0000] {processor.py:208} INFO - Processing /opt/airflow/dags/submit_spark_dag.py took 0.057 seconds
[2026-05-20T09:54:22.316+0000] {processor.py:186} INFO - Started process (PID=3242) to work on /opt/airflow/dags/submit_spark_dag.py
[2026-05-20T09:54:22.317+0000] {processor.py:914} INFO - Processing file /opt/airflow/dags/submit_spark_dag.py for tasks to queue
[2026-05-20T09:54:22.317+0000] {logging_mixin.py:190} INFO - [2026-05-20T09:54:22.317+0000] {dagbag.py:588} INFO - Filling up the DagBag from /opt/airflow/dags/submit_spark_dag.py
[2026-05-20T09:54:22.327+0000] {processor.py:925} INFO - DAG(s) 'hello_spark' retrieved from /opt/airflow/dags/submit_spark_dag.py
[2026-05-20T09:54:22.344+0000] {logging_mixin.py:190} INFO - [2026-05-20T09:54:22.344+0000] {dag.py:3239} INFO - Sync 1 DAGs
[2026-05-20T09:54:22.361+0000] {logging_mixin.py:190} INFO - [2026-05-20T09:54:22.361+0000] {dag.py:4180} INFO - Setting next_dagrun for hello_spark to 2026-05-19 00:00:00+00:00, run_after=2026-05-20 00:00:00+00:00
[2026-05-20T09:54:22.373+0000] {processor.py:208} INFO - Processing /opt/airflow/dags/submit_spark_dag.py took 0.061 seconds
[2026-05-20T09:54:53.037+0000] {processor.py:186} INFO - Started process (PID=3256) to work on /opt/airflow/dags/submit_spark_dag.py
[2026-05-20T09:54:53.041+0000] {processor.py:914} INFO - Processing file /opt/airflow/dags/submit_spark_dag.py for tasks to queue
[2026-05-20T09:54:53.044+0000] {logging_mixin.py:190} INFO - [2026-05-20T09:54:53.043+0000] {dagbag.py:588} INFO - Filling up the DagBag from /opt/airflow/dags/submit_spark_dag.py
[2026-05-20T09:54:53.067+0000] {processor.py:925} INFO - DAG(s) 'hello_spark' retrieved from /opt/airflow/dags/submit_spark_dag.py
[2026-05-20T09:54:53.146+0000] {logging_mixin.py:190} INFO - [2026-05-20T09:54:53.146+0000] {dag.py:3239} INFO - Sync 1 DAGs
[2026-05-20T09:54:53.214+0000] {logging_mixin.py:190} INFO - [2026-05-20T09:54:53.214+0000] {dag.py:4180} INFO - Setting next_dagrun for hello_spark to 2026-05-19 00:00:00+00:00, run_after=2026-05-20 00:00:00+00:00
[2026-05-20T09:54:53.262+0000] {processor.py:208} INFO - Processing /opt/airflow/dags/submit_spark_dag.py took 0.235 seconds
[2026-05-20T09:55:24.077+0000] {processor.py:186} INFO - Started process (PID=3270) to work on /opt/airflow/dags/submit_spark_dag.py
[2026-05-20T09:55:24.078+0000] {processor.py:914} INFO - Processing file /opt/airflow/dags/submit_spark_dag.py for tasks to queue
[2026-05-20T09:55:24.079+0000] {logging_mixin.py:190} INFO - [2026-05-20T09:55:24.079+0000] {dagbag.py:588} INFO - Filling up the DagBag from /opt/airflow/dags/submit_spark_dag.py
[2026-05-20T09:55:24.087+0000] {processor.py:925} INFO - DAG(s) 'hello_spark' retrieved from /opt/airflow/dags/submit_spark_dag.py
[2026-05-20T09:55:24.103+0000] {logging_mixin.py:190} INFO - [2026-05-20T09:55:24.103+0000] {dag.py:3239} INFO - Sync 1 DAGs
[2026-05-20T09:55:24.121+0000] {logging_mixin.py:190} INFO - [2026-05-20T09:55:24.121+0000] {dag.py:4180} INFO - Setting next_dagrun for hello_spark to 2026-05-19 00:00:00+00:00, run_after=2026-05-20 00:00:00+00:00
[2026-05-20T09:55:24.139+0000] {processor.py:208} INFO - Processing /opt/airflow/dags/submit_spark_dag.py took 0.066 seconds
[2026-05-20T09:55:54.694+0000] {processor.py:186} INFO - Started process (PID=3284) to work on /opt/airflow/dags/submit_spark_dag.py
[2026-05-20T09:55:54.695+0000] {processor.py:914} INFO - Processing file /opt/airflow/dags/submit_spark_dag.py for tasks to queue
[2026-05-20T09:55:54.696+0000] {logging_mixin.py:190} INFO - [2026-05-20T09:55:54.695+0000] {dagbag.py:588} INFO - Filling up the DagBag from /opt/airflow/dags/submit_spark_dag.py
[2026-05-20T09:55:54.707+0000] {processor.py:925} INFO - DAG(s) 'hello_spark' retrieved from /opt/airflow/dags/submit_spark_dag.py
[2026-05-20T09:55:54.727+0000] {logging_mixin.py:190} INFO - [2026-05-20T09:55:54.726+0000] {dag.py:3239} INFO - Sync 1 DAGs
[2026-05-20T09:55:54.749+0000] {logging_mixin.py:190} INFO - [2026-05-20T09:55:54.749+0000] {dag.py:4180} INFO - Setting next_dagrun for hello_spark to 2026-05-19 00:00:00+00:00, run_after=2026-05-20 00:00:00+00:00
[2026-05-20T09:55:54.774+0000] {processor.py:208} INFO - Processing /opt/airflow/dags/submit_spark_dag.py took 0.084 seconds
[2026-05-20T09:56:25.409+0000] {processor.py:186} INFO - Started process (PID=3297) to work on /opt/airflow/dags/submit_spark_dag.py
[2026-05-20T09:56:25.410+0000] {processor.py:914} INFO - Processing file /opt/airflow/dags/submit_spark_dag.py for tasks to queue
[2026-05-20T09:56:25.412+0000] {logging_mixin.py:190} INFO - [2026-05-20T09:56:25.412+0000] {dagbag.py:588} INFO - Filling up the DagBag from /opt/airflow/dags/submit_spark_dag.py
[2026-05-20T09:56:25.422+0000] {processor.py:925} INFO - DAG(s) 'hello_spark' retrieved from /opt/airflow/dags/submit_spark_dag.py
[2026-05-20T09:56:25.445+0000] {logging_mixin.py:190} INFO - [2026-05-20T09:56:25.445+0000] {dag.py:3239} INFO - Sync 1 DAGs
[2026-05-20T09:56:25.470+0000] {logging_mixin.py:190} INFO - [2026-05-20T09:56:25.470+0000] {dag.py:4180} INFO - Setting next_dagrun for hello_spark to 2026-05-19 00:00:00+00:00, run_after=2026-05-20 00:00:00+00:00
[2026-05-20T09:56:25.498+0000] {processor.py:208} INFO - Processing /opt/airflow/dags/submit_spark_dag.py took 0.096 seconds
[2026-05-20T09:56:55.813+0000] {processor.py:186} INFO - Started process (PID=3312) to work on /opt/airflow/dags/submit_spark_dag.py
[2026-05-20T09:56:55.822+0000] {processor.py:914} INFO - Processing file /opt/airflow/dags/submit_spark_dag.py for tasks to queue
[2026-05-20T09:56:55.824+0000] {logging_mixin.py:190} INFO - [2026-05-20T09:56:55.823+0000] {dagbag.py:588} INFO - Filling up the DagBag from /opt/airflow/dags/submit_spark_dag.py
[2026-05-20T09:56:55.844+0000] {processor.py:925} INFO - DAG(s) 'hello_spark' retrieved from /opt/airflow/dags/submit_spark_dag.py
[2026-05-20T09:56:55.881+0000] {logging_mixin.py:190} INFO - [2026-05-20T09:56:55.880+0000] {dag.py:3239} INFO - Sync 1 DAGs
[2026-05-20T09:56:55.958+0000] {logging_mixin.py:190} INFO - [2026-05-20T09:56:55.958+0000] {dag.py:4180} INFO - Setting next_dagrun for hello_spark to 2026-05-19 00:00:00+00:00, run_after=2026-05-20 00:00:00+00:00
[2026-05-20T09:56:56.000+0000] {processor.py:208} INFO - Processing /opt/airflow/dags/submit_spark_dag.py took 0.222 seconds
[2026-05-20T09:57:26.070+0000] {processor.py:186} INFO - Started process (PID=3327) to work on /opt/airflow/dags/submit_spark_dag.py
[2026-05-20T09:57:26.070+0000] {processor.py:914} INFO - Processing file /opt/airflow/dags/submit_spark_dag.py for tasks to queue
[2026-05-20T09:57:26.071+0000] {logging_mixin.py:190} INFO - [2026-05-20T09:57:26.071+0000] {dagbag.py:588} INFO - Filling up the DagBag from /opt/airflow/dags/submit_spark_dag.py
[2026-05-20T09:57:26.082+0000] {processor.py:925} INFO - DAG(s) 'hello_spark' retrieved from /opt/airflow/dags/submit_spark_dag.py
[2026-05-20T09:57:26.097+0000] {logging_mixin.py:190} INFO - [2026-05-20T09:57:26.097+0000] {dag.py:3239} INFO - Sync 1 DAGs
[2026-05-20T09:57:26.116+0000] {logging_mixin.py:190} INFO - [2026-05-20T09:57:26.116+0000] {dag.py:4180} INFO - Setting next_dagrun for hello_spark to 2026-05-19 00:00:00+00:00, run_after=2026-05-20 00:00:00+00:00
[2026-05-20T09:57:26.134+0000] {processor.py:208} INFO - Processing /opt/airflow/dags/submit_spark_dag.py took 0.069 seconds
[2026-05-20T09:57:56.737+0000] {processor.py:186} INFO - Started process (PID=3341) to work on /opt/airflow/dags/submit_spark_dag.py
[2026-05-20T09:57:56.738+0000] {processor.py:914} INFO - Processing file /opt/airflow/dags/submit_spark_dag.py for tasks to queue
[2026-05-20T09:57:56.738+0000] {logging_mixin.py:190} INFO - [2026-05-20T09:57:56.738+0000] {dagbag.py:588} INFO - Filling up the DagBag from /opt/airflow/dags/submit_spark_dag.py
[2026-05-20T09:57:56.747+0000] {processor.py:925} INFO - DAG(s) 'hello_spark' retrieved from /opt/airflow/dags/submit_spark_dag.py
[2026-05-20T09:57:56.764+0000] {logging_mixin.py:190} INFO - [2026-05-20T09:57:56.764+0000] {dag.py:3239} INFO - Sync 1 DAGs
[2026-05-20T09:57:56.780+0000] {logging_mixin.py:190} INFO - [2026-05-20T09:57:56.780+0000] {dag.py:4180} INFO - Setting next_dagrun for hello_spark to 2026-05-19 00:00:00+00:00, run_after=2026-05-20 00:00:00+00:00
[2026-05-20T09:57:56.792+0000] {processor.py:208} INFO - Processing /opt/airflow/dags/submit_spark_dag.py took 0.059 seconds
[2026-05-20T09:58:27.467+0000] {processor.py:186} INFO - Started process (PID=3355) to work on /opt/airflow/dags/submit_spark_dag.py
[2026-05-20T09:58:27.468+0000] {processor.py:914} INFO - Processing file /opt/airflow/dags/submit_spark_dag.py for tasks to queue
[2026-05-20T09:58:27.470+0000] {logging_mixin.py:190} INFO - [2026-05-20T09:58:27.469+0000] {dagbag.py:588} INFO - Filling up the DagBag from /opt/airflow/dags/submit_spark_dag.py
[2026-05-20T09:58:27.478+0000] {processor.py:925} INFO - DAG(s) 'hello_spark' retrieved from /opt/airflow/dags/submit_spark_dag.py
[2026-05-20T09:58:27.507+0000] {logging_mixin.py:190} INFO - [2026-05-20T09:58:27.507+0000] {dag.py:3239} INFO - Sync 1 DAGs
[2026-05-20T09:58:27.529+0000] {logging_mixin.py:190} INFO - [2026-05-20T09:58:27.528+0000] {dag.py:4180} INFO - Setting next_dagrun for hello_spark to 2026-05-19 00:00:00+00:00, run_after=2026-05-20 00:00:00+00:00
[2026-05-20T09:58:27.541+0000] {processor.py:208} INFO - Processing /opt/airflow/dags/submit_spark_dag.py took 0.079 seconds
[2026-05-20T09:58:57.592+0000] {processor.py:186} INFO - Started process (PID=3369) to work on /opt/airflow/dags/submit_spark_dag.py
[2026-05-20T09:58:57.595+0000] {processor.py:914} INFO - Processing file /opt/airflow/dags/submit_spark_dag.py for tasks to queue
[2026-05-20T09:58:57.596+0000] {logging_mixin.py:190} INFO - [2026-05-20T09:58:57.596+0000] {dagbag.py:588} INFO - Filling up the DagBag from /opt/airflow/dags/submit_spark_dag.py
[2026-05-20T09:58:57.610+0000] {processor.py:925} INFO - DAG(s) 'hello_spark' retrieved from /opt/airflow/dags/submit_spark_dag.py
[2026-05-20T09:58:57.801+0000] {logging_mixin.py:190} INFO - [2026-05-20T09:58:57.801+0000] {dag.py:3239} INFO - Sync 1 DAGs
[2026-05-20T09:58:57.845+0000] {logging_mixin.py:190} INFO - [2026-05-20T09:58:57.845+0000] {dag.py:4180} INFO - Setting next_dagrun for hello_spark to 2026-05-19 00:00:00+00:00, run_after=2026-05-20 00:00:00+00:00
[2026-05-20T09:58:57.879+0000] {processor.py:208} INFO - Processing /opt/airflow/dags/submit_spark_dag.py took 0.291 seconds
[2026-05-20T09:59:28.119+0000] {processor.py:186} INFO - Started process (PID=3383) to work on /opt/airflow/dags/submit_spark_dag.py
[2026-05-20T09:59:28.127+0000] {processor.py:914} INFO - Processing file /opt/airflow/dags/submit_spark_dag.py for tasks to queue
[2026-05-20T09:59:28.128+0000] {logging_mixin.py:190} INFO - [2026-05-20T09:59:28.128+0000] {dagbag.py:588} INFO - Filling up the DagBag from /opt/airflow/dags/submit_spark_dag.py
[2026-05-20T09:59:28.140+0000] {processor.py:925} INFO - DAG(s) 'hello_spark' retrieved from /opt/airflow/dags/submit_spark_dag.py
[2026-05-20T09:59:28.168+0000] {logging_mixin.py:190} INFO - [2026-05-20T09:59:28.168+0000] {dag.py:3239} INFO - Sync 1 DAGs
[2026-05-20T09:59:28.197+0000] {logging_mixin.py:190} INFO - [2026-05-20T09:59:28.197+0000] {dag.py:4180} INFO - Setting next_dagrun for hello_spark to 2026-05-19 00:00:00+00:00, run_after=2026-05-20 00:00:00+00:00
[2026-05-20T09:59:28.220+0000] {processor.py:208} INFO - Processing /opt/airflow/dags/submit_spark_dag.py took 0.106 seconds
[2026-05-20T09:59:59.014+0000] {processor.py:186} INFO - Started process (PID=3396) to work on /opt/airflow/dags/submit_spark_dag.py
[2026-05-20T09:59:59.017+0000] {processor.py:914} INFO - Processing file /opt/airflow/dags/submit_spark_dag.py for tasks to queue
[2026-05-20T09:59:59.018+0000] {logging_mixin.py:190} INFO - [2026-05-20T09:59:59.018+0000] {dagbag.py:588} INFO - Filling up the DagBag from /opt/airflow/dags/submit_spark_dag.py
[2026-05-20T09:59:59.051+0000] {processor.py:925} INFO - DAG(s) 'hello_spark' retrieved from /opt/airflow/dags/submit_spark_dag.py
[2026-05-20T09:59:59.119+0000] {logging_mixin.py:190} INFO - [2026-05-20T09:59:59.119+0000] {dag.py:3239} INFO - Sync 1 DAGs
[2026-05-20T09:59:59.191+0000] {logging_mixin.py:190} INFO - [2026-05-20T09:59:59.191+0000] {dag.py:4180} INFO - Setting next_dagrun for hello_spark to 2026-05-19 00:00:00+00:00, run_after=2026-05-20 00:00:00+00:00
[2026-05-20T09:59:59.235+0000] {processor.py:208} INFO - Processing /opt/airflow/dags/submit_spark_dag.py took 0.249 seconds
[2026-05-20T10:00:29.502+0000] {processor.py:186} INFO - Started process (PID=3410) to work on /opt/airflow/dags/submit_spark_dag.py
[2026-05-20T10:00:29.505+0000] {processor.py:914} INFO - Processing file /opt/airflow/dags/submit_spark_dag.py for tasks to queue
[2026-05-20T10:00:29.507+0000] {logging_mixin.py:190} INFO - [2026-05-20T10:00:29.506+0000] {dagbag.py:588} INFO - Filling up the DagBag from /opt/airflow/dags/submit_spark_dag.py
[2026-05-20T10:00:29.517+0000] {processor.py:925} INFO - DAG(s) 'hello_spark' retrieved from /opt/airflow/dags/submit_spark_dag.py
[2026-05-20T10:00:29.553+0000] {logging_mixin.py:190} INFO - [2026-05-20T10:00:29.553+0000] {dag.py:3239} INFO - Sync 1 DAGs
[2026-05-20T10:00:29.613+0000] {logging_mixin.py:190} INFO - [2026-05-20T10:00:29.613+0000] {dag.py:4180} INFO - Setting next_dagrun for hello_spark to 2026-05-19 00:00:00+00:00, run_after=2026-05-20 00:00:00+00:00
[2026-05-20T10:00:29.633+0000] {processor.py:208} INFO - Processing /opt/airflow/dags/submit_spark_dag.py took 0.135 seconds
[2026-05-20T10:01:00.134+0000] {processor.py:186} INFO - Started process (PID=3424) to work on /opt/airflow/dags/submit_spark_dag.py
[2026-05-20T10:01:00.136+0000] {processor.py:914} INFO - Processing file /opt/airflow/dags/submit_spark_dag.py for tasks to queue
[2026-05-20T10:01:00.137+0000] {logging_mixin.py:190} INFO - [2026-05-20T10:01:00.137+0000] {dagbag.py:588} INFO - Filling up the DagBag from /opt/airflow/dags/submit_spark_dag.py
[2026-05-20T10:01:00.146+0000] {processor.py:925} INFO - DAG(s) 'hello_spark' retrieved from /opt/airflow/dags/submit_spark_dag.py
[2026-05-20T10:01:00.163+0000] {logging_mixin.py:190} INFO - [2026-05-20T10:01:00.163+0000] {dag.py:3239} INFO - Sync 1 DAGs
[2026-05-20T10:01:00.182+0000] {logging_mixin.py:190} INFO - [2026-05-20T10:01:00.182+0000] {dag.py:4180} INFO - Setting next_dagrun for hello_spark to 2026-05-19 00:00:00+00:00, run_after=2026-05-20 00:00:00+00:00
[2026-05-20T10:01:00.200+0000] {processor.py:208} INFO - Processing /opt/airflow/dags/submit_spark_dag.py took 0.071 seconds
[2026-05-20T10:01:30.754+0000] {processor.py:186} INFO - Started process (PID=3439) to work on /opt/airflow/dags/submit_spark_dag.py
[2026-05-20T10:01:30.755+0000] {processor.py:914} INFO - Processing file /opt/airflow/dags/submit_spark_dag.py for tasks to queue
[2026-05-20T10:01:30.760+0000] {logging_mixin.py:190} INFO - [2026-05-20T10:01:30.756+0000] {dagbag.py:588} INFO - Filling up the DagBag from /opt/airflow/dags/submit_spark_dag.py
[2026-05-20T10:01:30.772+0000] {processor.py:925} INFO - DAG(s) 'hello_spark' retrieved from /opt/airflow/dags/submit_spark_dag.py
[2026-05-20T10:01:30.804+0000] {logging_mixin.py:190} INFO - [2026-05-20T10:01:30.804+0000] {dag.py:3239} INFO - Sync 1 DAGs
[2026-05-20T10:01:30.842+0000] {logging_mixin.py:190} INFO - [2026-05-20T10:01:30.840+0000] {dag.py:4180} INFO - Setting next_dagrun for hello_spark to 2026-05-19 00:00:00+00:00, run_after=2026-05-20 00:00:00+00:00
[2026-05-20T10:01:30.869+0000] {processor.py:208} INFO - Processing /opt/airflow/dags/submit_spark_dag.py took 0.122 seconds
[2026-05-20T10:02:01.522+0000] {processor.py:186} INFO - Started process (PID=3455) to work on /opt/airflow/dags/submit_spark_dag.py
[2026-05-20T10:02:01.524+0000] {processor.py:914} INFO - Processing file /opt/airflow/dags/submit_spark_dag.py for tasks to queue
[2026-05-20T10:02:01.526+0000] {logging_mixin.py:190} INFO - [2026-05-20T10:02:01.526+0000] {dagbag.py:588} INFO - Filling up the DagBag from /opt/airflow/dags/submit_spark_dag.py
[2026-05-20T10:02:01.543+0000] {processor.py:925} INFO - DAG(s) 'hello_spark' retrieved from /opt/airflow/dags/submit_spark_dag.py
[2026-05-20T10:02:01.598+0000] {logging_mixin.py:190} INFO - [2026-05-20T10:02:01.598+0000] {dag.py:3239} INFO - Sync 1 DAGs
[2026-05-20T10:02:01.648+0000] {logging_mixin.py:190} INFO - [2026-05-20T10:02:01.648+0000] {dag.py:4180} INFO - Setting next_dagrun for hello_spark to 2026-05-19 00:00:00+00:00, run_after=2026-05-20 00:00:00+00:00
[2026-05-20T10:02:01.674+0000] {processor.py:208} INFO - Processing /opt/airflow/dags/submit_spark_dag.py took 0.163 seconds
[2026-05-20T10:02:31.781+0000] {processor.py:186} INFO - Started process (PID=3469) to work on /opt/airflow/dags/submit_spark_dag.py
[2026-05-20T10:02:31.782+0000] {processor.py:914} INFO - Processing file /opt/airflow/dags/submit_spark_dag.py for tasks to queue
[2026-05-20T10:02:31.783+0000] {logging_mixin.py:190} INFO - [2026-05-20T10:02:31.783+0000] {dagbag.py:588} INFO - Filling up the DagBag from /opt/airflow/dags/submit_spark_dag.py
[2026-05-20T10:02:31.790+0000] {processor.py:925} INFO - DAG(s) 'hello_spark' retrieved from /opt/airflow/dags/submit_spark_dag.py
[2026-05-20T10:02:31.807+0000] {logging_mixin.py:190} INFO - [2026-05-20T10:02:31.807+0000] {dag.py:3239} INFO - Sync 1 DAGs
[2026-05-20T10:02:31.830+0000] {logging_mixin.py:190} INFO - [2026-05-20T10:02:31.830+0000] {dag.py:4180} INFO - Setting next_dagrun for hello_spark to 2026-05-19 00:00:00+00:00, run_after=2026-05-20 00:00:00+00:00
[2026-05-20T10:02:31.849+0000] {processor.py:208} INFO - Processing /opt/airflow/dags/submit_spark_dag.py took 0.074 seconds
[2026-05-20T10:03:02.001+0000] {processor.py:186} INFO - Started process (PID=3484) to work on /opt/airflow/dags/submit_spark_dag.py
[2026-05-20T10:03:02.004+0000] {processor.py:914} INFO - Processing file /opt/airflow/dags/submit_spark_dag.py for tasks to queue
[2026-05-20T10:03:02.006+0000] {logging_mixin.py:190} INFO - [2026-05-20T10:03:02.006+0000] {dagbag.py:588} INFO - Filling up the DagBag from /opt/airflow/dags/submit_spark_dag.py
[2026-05-20T10:03:02.027+0000] {processor.py:925} INFO - DAG(s) 'hello_spark' retrieved from /opt/airflow/dags/submit_spark_dag.py
[2026-05-20T10:03:02.055+0000] {logging_mixin.py:190} INFO - [2026-05-20T10:03:02.055+0000] {dag.py:3239} INFO - Sync 1 DAGs
[2026-05-20T10:03:02.075+0000] {logging_mixin.py:190} INFO - [2026-05-20T10:03:02.075+0000] {dag.py:4180} INFO - Setting next_dagrun for hello_spark to 2026-05-19 00:00:00+00:00, run_after=2026-05-20 00:00:00+00:00
[2026-05-20T10:03:02.088+0000] {processor.py:208} INFO - Processing /opt/airflow/dags/submit_spark_dag.py took 0.098 seconds
[2026-05-20T10:03:32.792+0000] {processor.py:186} INFO - Started process (PID=3499) to work on /opt/airflow/dags/submit_spark_dag.py
[2026-05-20T10:03:32.793+0000] {processor.py:914} INFO - Processing file /opt/airflow/dags/submit_spark_dag.py for tasks to queue
[2026-05-20T10:03:32.794+0000] {logging_mixin.py:190} INFO - [2026-05-20T10:03:32.794+0000] {dagbag.py:588} INFO - Filling up the DagBag from /opt/airflow/dags/submit_spark_dag.py
[2026-05-20T10:03:32.800+0000] {processor.py:925} INFO - DAG(s) 'hello_spark' retrieved from /opt/airflow/dags/submit_spark_dag.py
[2026-05-20T10:03:32.816+0000] {logging_mixin.py:190} INFO - [2026-05-20T10:03:32.816+0000] {dag.py:3239} INFO - Sync 1 DAGs
[2026-05-20T10:03:32.834+0000] {logging_mixin.py:190} INFO - [2026-05-20T10:03:32.834+0000] {dag.py:4180} INFO - Setting next_dagrun for hello_spark to 2026-05-19 00:00:00+00:00, run_after=2026-05-20 00:00:00+00:00
[2026-05-20T10:03:32.849+0000] {processor.py:208} INFO - Processing /opt/airflow/dags/submit_spark_dag.py took 0.061 seconds
[2026-05-20T10:04:03.920+0000] {processor.py:186} INFO - Started process (PID=3513) to work on /opt/airflow/dags/submit_spark_dag.py
[2026-05-20T10:04:03.921+0000] {processor.py:914} INFO - Processing file /opt/airflow/dags/submit_spark_dag.py for tasks to queue
[2026-05-20T10:04:03.923+0000] {logging_mixin.py:190} INFO - [2026-05-20T10:04:03.923+0000] {dagbag.py:588} INFO - Filling up the DagBag from /opt/airflow/dags/submit_spark_dag.py
[2026-05-20T10:04:03.930+0000] {processor.py:925} INFO - DAG(s) 'hello_spark' retrieved from /opt/airflow/dags/submit_spark_dag.py
[2026-05-20T10:04:03.946+0000] {logging_mixin.py:190} INFO - [2026-05-20T10:04:03.946+0000] {dag.py:3239} INFO - Sync 1 DAGs
[2026-05-20T10:04:03.964+0000] {logging_mixin.py:190} INFO - [2026-05-20T10:04:03.964+0000] {dag.py:4180} INFO - Setting next_dagrun for hello_spark to 2026-05-19 00:00:00+00:00, run_after=2026-05-20 00:00:00+00:00
[2026-05-20T10:04:03.978+0000] {processor.py:208} INFO - Processing /opt/airflow/dags/submit_spark_dag.py took 0.062 seconds
[2026-05-20T10:04:36.435+0000] {processor.py:186} INFO - Started process (PID=3527) to work on /opt/airflow/dags/submit_spark_dag.py
[2026-05-20T10:04:36.438+0000] {processor.py:914} INFO - Processing file /opt/airflow/dags/submit_spark_dag.py for tasks to queue
[2026-05-20T10:04:36.444+0000] {logging_mixin.py:190} INFO - [2026-05-20T10:04:36.444+0000] {dagbag.py:588} INFO - Filling up the DagBag from /opt/airflow/dags/submit_spark_dag.py
[2026-05-20T10:04:36.473+0000] {processor.py:925} INFO - DAG(s) 'hello_spark' retrieved from /opt/airflow/dags/submit_spark_dag.py
[2026-05-20T10:04:36.531+0000] {logging_mixin.py:190} INFO - [2026-05-20T10:04:36.531+0000] {dag.py:3239} INFO - Sync 1 DAGs
[2026-05-20T10:04:36.709+0000] {logging_mixin.py:190} INFO - [2026-05-20T10:04:36.706+0000] {dag.py:4180} INFO - Setting next_dagrun for hello_spark to 2026-05-19 00:00:00+00:00, run_after=2026-05-20 00:00:00+00:00
[2026-05-20T10:04:36.739+0000] {processor.py:208} INFO - Processing /opt/airflow/dags/submit_spark_dag.py took 0.326 seconds
[2026-05-20T10:05:07.316+0000] {processor.py:186} INFO - Started process (PID=3540) to work on /opt/airflow/dags/submit_spark_dag.py
[2026-05-20T10:05:07.324+0000] {processor.py:914} INFO - Processing file /opt/airflow/dags/submit_spark_dag.py for tasks to queue
[2026-05-20T10:05:07.325+0000] {logging_mixin.py:190} INFO - [2026-05-20T10:05:07.325+0000] {dagbag.py:588} INFO - Filling up the DagBag from /opt/airflow/dags/submit_spark_dag.py
[2026-05-20T10:05:07.355+0000] {processor.py:925} INFO - DAG(s) 'hello_spark' retrieved from /opt/airflow/dags/submit_spark_dag.py
[2026-05-20T10:05:07.426+0000] {logging_mixin.py:190} INFO - [2026-05-20T10:05:07.426+0000] {dag.py:3239} INFO - Sync 1 DAGs
[2026-05-20T10:05:07.504+0000] {logging_mixin.py:190} INFO - [2026-05-20T10:05:07.504+0000] {dag.py:4180} INFO - Setting next_dagrun for hello_spark to 2026-05-19 00:00:00+00:00, run_after=2026-05-20 00:00:00+00:00
[2026-05-20T10:05:07.529+0000] {processor.py:208} INFO - Processing /opt/airflow/dags/submit_spark_dag.py took 0.224 seconds
[2026-05-20T10:05:38.535+0000] {processor.py:186} INFO - Started process (PID=3554) to work on /opt/airflow/dags/submit_spark_dag.py
[2026-05-20T10:05:38.536+0000] {processor.py:914} INFO - Processing file /opt/airflow/dags/submit_spark_dag.py for tasks to queue
[2026-05-20T10:05:38.537+0000] {logging_mixin.py:190} INFO - [2026-05-20T10:05:38.536+0000] {dagbag.py:588} INFO - Filling up the DagBag from /opt/airflow/dags/submit_spark_dag.py
[2026-05-20T10:05:38.543+0000] {processor.py:925} INFO - DAG(s) 'hello_spark' retrieved from /opt/airflow/dags/submit_spark_dag.py
[2026-05-20T10:05:38.559+0000] {logging_mixin.py:190} INFO - [2026-05-20T10:05:38.559+0000] {dag.py:3239} INFO - Sync 1 DAGs
[2026-05-20T10:05:38.577+0000] {logging_mixin.py:190} INFO - [2026-05-20T10:05:38.577+0000] {dag.py:4180} INFO - Setting next_dagrun for hello_spark to 2026-05-19 00:00:00+00:00, run_after=2026-05-20 00:00:00+00:00
[2026-05-20T10:05:38.591+0000] {processor.py:208} INFO - Processing /opt/airflow/dags/submit_spark_dag.py took 0.062 seconds
[2026-05-20T10:06:09.327+0000] {processor.py:186} INFO - Started process (PID=3568) to work on /opt/airflow/dags/submit_spark_dag.py
[2026-05-20T10:06:09.328+0000] {processor.py:914} INFO - Processing file /opt/airflow/dags/submit_spark_dag.py for tasks to queue
[2026-05-20T10:06:09.335+0000] {logging_mixin.py:190} INFO - [2026-05-20T10:06:09.335+0000] {dagbag.py:588} INFO - Filling up the DagBag from /opt/airflow/dags/submit_spark_dag.py
[2026-05-20T10:06:09.361+0000] {processor.py:925} INFO - DAG(s) 'hello_spark' retrieved from /opt/airflow/dags/submit_spark_dag.py
[2026-05-20T10:06:09.395+0000] {logging_mixin.py:190} INFO - [2026-05-20T10:06:09.395+0000] {dag.py:3239} INFO - Sync 1 DAGs
[2026-05-20T10:06:09.418+0000] {logging_mixin.py:190} INFO - [2026-05-20T10:06:09.417+0000] {dag.py:4180} INFO - Setting next_dagrun for hello_spark to 2026-05-19 00:00:00+00:00, run_after=2026-05-20 00:00:00+00:00
[2026-05-20T10:06:09.437+0000] {processor.py:208} INFO - Processing /opt/airflow/dags/submit_spark_dag.py took 0.128 seconds
[2026-05-20T10:06:40.169+0000] {processor.py:186} INFO - Started process (PID=3582) to work on /opt/airflow/dags/submit_spark_dag.py
[2026-05-20T10:06:40.171+0000] {processor.py:914} INFO - Processing file /opt/airflow/dags/submit_spark_dag.py for tasks to queue
[2026-05-20T10:06:40.171+0000] {logging_mixin.py:190} INFO - [2026-05-20T10:06:40.171+0000] {dagbag.py:588} INFO - Filling up the DagBag from /opt/airflow/dags/submit_spark_dag.py
[2026-05-20T10:06:40.178+0000] {processor.py:925} INFO - DAG(s) 'hello_spark' retrieved from /opt/airflow/dags/submit_spark_dag.py
[2026-05-20T10:06:40.194+0000] {logging_mixin.py:190} INFO - [2026-05-20T10:06:40.194+0000] {dag.py:3239} INFO - Sync 1 DAGs
[2026-05-20T10:06:40.211+0000] {logging_mixin.py:190} INFO - [2026-05-20T10:06:40.211+0000] {dag.py:4180} INFO - Setting next_dagrun for hello_spark to 2026-05-19 00:00:00+00:00, run_after=2026-05-20 00:00:00+00:00
[2026-05-20T10:06:40.222+0000] {processor.py:208} INFO - Processing /opt/airflow/dags/submit_spark_dag.py took 0.057 seconds
[2026-05-20T10:07:10.988+0000] {processor.py:186} INFO - Started process (PID=3597) to work on /opt/airflow/dags/submit_spark_dag.py
[2026-05-20T10:07:10.989+0000] {processor.py:914} INFO - Processing file /opt/airflow/dags/submit_spark_dag.py for tasks to queue
[2026-05-20T10:07:10.991+0000] {logging_mixin.py:190} INFO - [2026-05-20T10:07:10.990+0000] {dagbag.py:588} INFO - Filling up the DagBag from /opt/airflow/dags/submit_spark_dag.py
[2026-05-20T10:07:10.998+0000] {processor.py:925} INFO - DAG(s) 'hello_spark' retrieved from /opt/airflow/dags/submit_spark_dag.py
[2026-05-20T10:07:11.015+0000] {logging_mixin.py:190} INFO - [2026-05-20T10:07:11.015+0000] {dag.py:3239} INFO - Sync 1 DAGs
[2026-05-20T10:07:11.032+0000] {logging_mixin.py:190} INFO - [2026-05-20T10:07:11.032+0000] {dag.py:4180} INFO - Setting next_dagrun for hello_spark to 2026-05-19 00:00:00+00:00, run_after=2026-05-20 00:00:00+00:00
[2026-05-20T10:07:11.044+0000] {processor.py:208} INFO - Processing /opt/airflow/dags/submit_spark_dag.py took 0.061 seconds
[2026-05-20T10:07:42.032+0000] {processor.py:186} INFO - Started process (PID=3611) to work on /opt/airflow/dags/submit_spark_dag.py
[2026-05-20T10:07:42.033+0000] {processor.py:914} INFO - Processing file /opt/airflow/dags/submit_spark_dag.py for tasks to queue
[2026-05-20T10:07:42.034+0000] {logging_mixin.py:190} INFO - [2026-05-20T10:07:42.034+0000] {dagbag.py:588} INFO - Filling up the DagBag from /opt/airflow/dags/submit_spark_dag.py
[2026-05-20T10:07:42.052+0000] {processor.py:925} INFO - DAG(s) 'hello_spark' retrieved from /opt/airflow/dags/submit_spark_dag.py
[2026-05-20T10:07:42.085+0000] {logging_mixin.py:190} INFO - [2026-05-20T10:07:42.085+0000] {dag.py:3239} INFO - Sync 1 DAGs
[2026-05-20T10:07:42.109+0000] {logging_mixin.py:190} INFO - [2026-05-20T10:07:42.109+0000] {dag.py:4180} INFO - Setting next_dagrun for hello_spark to 2026-05-19 00:00:00+00:00, run_after=2026-05-20 00:00:00+00:00
[2026-05-20T10:07:42.126+0000] {processor.py:208} INFO - Processing /opt/airflow/dags/submit_spark_dag.py took 0.099 seconds
[2026-05-20T10:08:12.767+0000] {processor.py:186} INFO - Started process (PID=3626) to work on /opt/airflow/dags/submit_spark_dag.py
[2026-05-20T10:08:12.768+0000] {processor.py:914} INFO - Processing file /opt/airflow/dags/submit_spark_dag.py for tasks to queue
[2026-05-20T10:08:12.769+0000] {logging_mixin.py:190} INFO - [2026-05-20T10:08:12.769+0000] {dagbag.py:588} INFO - Filling up the DagBag from /opt/airflow/dags/submit_spark_dag.py
[2026-05-20T10:08:12.776+0000] {processor.py:925} INFO - DAG(s) 'hello_spark' retrieved from /opt/airflow/dags/submit_spark_dag.py
[2026-05-20T10:08:12.792+0000] {logging_mixin.py:190} INFO - [2026-05-20T10:08:12.791+0000] {dag.py:3239} INFO - Sync 1 DAGs
[2026-05-20T10:08:12.809+0000] {logging_mixin.py:190} INFO - [2026-05-20T10:08:12.808+0000] {dag.py:4180} INFO - Setting next_dagrun for hello_spark to 2026-05-19 00:00:00+00:00, run_after=2026-05-20 00:00:00+00:00
[2026-05-20T10:08:12.820+0000] {processor.py:208} INFO - Processing /opt/airflow/dags/submit_spark_dag.py took 0.057 seconds
[2026-05-20T10:08:43.499+0000] {processor.py:186} INFO - Started process (PID=3640) to work on /opt/airflow/dags/submit_spark_dag.py
[2026-05-20T10:08:43.500+0000] {processor.py:914} INFO - Processing file /opt/airflow/dags/submit_spark_dag.py for tasks to queue
[2026-05-20T10:08:43.501+0000] {logging_mixin.py:190} INFO - [2026-05-20T10:08:43.501+0000] {dagbag.py:588} INFO - Filling up the DagBag from /opt/airflow/dags/submit_spark_dag.py
[2026-05-20T10:08:43.509+0000] {processor.py:925} INFO - DAG(s) 'hello_spark' retrieved from /opt/airflow/dags/submit_spark_dag.py
[2026-05-20T10:08:43.526+0000] {logging_mixin.py:190} INFO - [2026-05-20T10:08:43.526+0000] {dag.py:3239} INFO - Sync 1 DAGs
[2026-05-20T10:08:43.543+0000] {logging_mixin.py:190} INFO - [2026-05-20T10:08:43.543+0000] {dag.py:4180} INFO - Setting next_dagrun for hello_spark to 2026-05-19 00:00:00+00:00, run_after=2026-05-20 00:00:00+00:00
[2026-05-20T10:08:43.556+0000] {processor.py:208} INFO - Processing /opt/airflow/dags/submit_spark_dag.py took 0.062 seconds
[2026-05-20T10:09:14.179+0000] {processor.py:186} INFO - Started process (PID=3654) to work on /opt/airflow/dags/submit_spark_dag.py
[2026-05-20T10:09:14.180+0000] {processor.py:914} INFO - Processing file /opt/airflow/dags/submit_spark_dag.py for tasks to queue
[2026-05-20T10:09:14.181+0000] {logging_mixin.py:190} INFO - [2026-05-20T10:09:14.181+0000] {dagbag.py:588} INFO - Filling up the DagBag from /opt/airflow/dags/submit_spark_dag.py
[2026-05-20T10:09:14.187+0000] {processor.py:925} INFO - DAG(s) 'hello_spark' retrieved from /opt/airflow/dags/submit_spark_dag.py
[2026-05-20T10:09:14.202+0000] {logging_mixin.py:190} INFO - [2026-05-20T10:09:14.202+0000] {dag.py:3239} INFO - Sync 1 DAGs
[2026-05-20T10:09:14.234+0000] {logging_mixin.py:190} INFO - [2026-05-20T10:09:14.234+0000] {dag.py:4180} INFO - Setting next_dagrun for hello_spark to 2026-05-19 00:00:00+00:00, run_after=2026-05-20 00:00:00+00:00
[2026-05-20T10:09:14.260+0000] {processor.py:208} INFO - Processing /opt/airflow/dags/submit_spark_dag.py took 0.084 seconds
[2026-05-20T10:09:45.075+0000] {processor.py:186} INFO - Started process (PID=3668) to work on /opt/airflow/dags/submit_spark_dag.py
[2026-05-20T10:09:45.076+0000] {processor.py:914} INFO - Processing file /opt/airflow/dags/submit_spark_dag.py for tasks to queue
[2026-05-20T10:09:45.077+0000] {logging_mixin.py:190} INFO - [2026-05-20T10:09:45.077+0000] {dagbag.py:588} INFO - Filling up the DagBag from /opt/airflow/dags/submit_spark_dag.py
[2026-05-20T10:09:45.085+0000] {processor.py:925} INFO - DAG(s) 'hello_spark' retrieved from /opt/airflow/dags/submit_spark_dag.py
[2026-05-20T10:09:45.101+0000] {logging_mixin.py:190} INFO - [2026-05-20T10:09:45.101+0000] {dag.py:3239} INFO - Sync 1 DAGs
[2026-05-20T10:09:45.122+0000] {logging_mixin.py:190} INFO - [2026-05-20T10:09:45.122+0000] {dag.py:4180} INFO - Setting next_dagrun for hello_spark to 2026-05-19 00:00:00+00:00, run_after=2026-05-20 00:00:00+00:00
[2026-05-20T10:09:45.136+0000] {processor.py:208} INFO - Processing /opt/airflow/dags/submit_spark_dag.py took 0.066 seconds
[2026-05-20T10:10:15.786+0000] {processor.py:186} INFO - Started process (PID=3682) to work on /opt/airflow/dags/submit_spark_dag.py
[2026-05-20T10:10:15.787+0000] {processor.py:914} INFO - Processing file /opt/airflow/dags/submit_spark_dag.py for tasks to queue
[2026-05-20T10:10:15.788+0000] {logging_mixin.py:190} INFO - [2026-05-20T10:10:15.787+0000] {dagbag.py:588} INFO - Filling up the DagBag from /opt/airflow/dags/submit_spark_dag.py
[2026-05-20T10:10:15.795+0000] {processor.py:925} INFO - DAG(s) 'hello_spark' retrieved from /opt/airflow/dags/submit_spark_dag.py
[2026-05-20T10:10:15.810+0000] {logging_mixin.py:190} INFO - [2026-05-20T10:10:15.810+0000] {dag.py:3239} INFO - Sync 1 DAGs
[2026-05-20T10:10:15.826+0000] {logging_mixin.py:190} INFO - [2026-05-20T10:10:15.826+0000] {dag.py:4180} INFO - Setting next_dagrun for hello_spark to 2026-05-19 00:00:00+00:00, run_after=2026-05-20 00:00:00+00:00
[2026-05-20T10:10:15.837+0000] {processor.py:208} INFO - Processing /opt/airflow/dags/submit_spark_dag.py took 0.055 seconds
[2026-05-20T10:10:46.706+0000] {processor.py:186} INFO - Started process (PID=3696) to work on /opt/airflow/dags/submit_spark_dag.py
[2026-05-20T10:10:46.707+0000] {processor.py:914} INFO - Processing file /opt/airflow/dags/submit_spark_dag.py for tasks to queue
[2026-05-20T10:10:46.708+0000] {logging_mixin.py:190} INFO - [2026-05-20T10:10:46.708+0000] {dagbag.py:588} INFO - Filling up the DagBag from /opt/airflow/dags/submit_spark_dag.py
[2026-05-20T10:10:46.721+0000] {processor.py:925} INFO - DAG(s) 'hello_spark' retrieved from /opt/airflow/dags/submit_spark_dag.py
[2026-05-20T10:10:46.740+0000] {logging_mixin.py:190} INFO - [2026-05-20T10:10:46.740+0000] {dag.py:3239} INFO - Sync 1 DAGs
[2026-05-20T10:10:46.759+0000] {logging_mixin.py:190} INFO - [2026-05-20T10:10:46.758+0000] {dag.py:4180} INFO - Setting next_dagrun for hello_spark to 2026-05-19 00:00:00+00:00, run_after=2026-05-20 00:00:00+00:00
[2026-05-20T10:10:46.770+0000] {processor.py:208} INFO - Processing /opt/airflow/dags/submit_spark_dag.py took 0.070 seconds
[2026-05-20T10:11:17.564+0000] {processor.py:186} INFO - Started process (PID=3709) to work on /opt/airflow/dags/submit_spark_dag.py
[2026-05-20T10:11:17.564+0000] {processor.py:914} INFO - Processing file /opt/airflow/dags/submit_spark_dag.py for tasks to queue
[2026-05-20T10:11:17.566+0000] {logging_mixin.py:190} INFO - [2026-05-20T10:11:17.565+0000] {dagbag.py:588} INFO - Filling up the DagBag from /opt/airflow/dags/submit_spark_dag.py
[2026-05-20T10:11:17.574+0000] {processor.py:925} INFO - DAG(s) 'hello_spark' retrieved from /opt/airflow/dags/submit_spark_dag.py
[2026-05-20T10:11:17.591+0000] {logging_mixin.py:190} INFO - [2026-05-20T10:11:17.591+0000] {dag.py:3239} INFO - Sync 1 DAGs
[2026-05-20T10:11:17.614+0000] {logging_mixin.py:190} INFO - [2026-05-20T10:11:17.613+0000] {dag.py:4180} INFO - Setting next_dagrun for hello_spark to 2026-05-19 00:00:00+00:00, run_after=2026-05-20 00:00:00+00:00
[2026-05-20T10:11:17.628+0000] {processor.py:208} INFO - Processing /opt/airflow/dags/submit_spark_dag.py took 0.068 seconds
[2026-05-20T10:11:48.295+0000] {processor.py:186} INFO - Started process (PID=3723) to work on /opt/airflow/dags/submit_spark_dag.py
[2026-05-20T10:11:48.296+0000] {processor.py:914} INFO - Processing file /opt/airflow/dags/submit_spark_dag.py for tasks to queue
[2026-05-20T10:11:48.297+0000] {logging_mixin.py:190} INFO - [2026-05-20T10:11:48.297+0000] {dagbag.py:588} INFO - Filling up the DagBag from /opt/airflow/dags/submit_spark_dag.py
[2026-05-20T10:11:48.306+0000] {processor.py:925} INFO - DAG(s) 'hello_spark' retrieved from /opt/airflow/dags/submit_spark_dag.py
[2026-05-20T10:11:48.324+0000] {logging_mixin.py:190} INFO - [2026-05-20T10:11:48.324+0000] {dag.py:3239} INFO - Sync 1 DAGs
[2026-05-20T10:11:48.342+0000] {logging_mixin.py:190} INFO - [2026-05-20T10:11:48.342+0000] {dag.py:4180} INFO - Setting next_dagrun for hello_spark to 2026-05-19 00:00:00+00:00, run_after=2026-05-20 00:00:00+00:00
[2026-05-20T10:11:48.355+0000] {processor.py:208} INFO - Processing /opt/airflow/dags/submit_spark_dag.py took 0.065 seconds
[2026-05-20T10:12:19.056+0000] {processor.py:186} INFO - Started process (PID=3737) to work on /opt/airflow/dags/submit_spark_dag.py
[2026-05-20T10:12:19.057+0000] {processor.py:914} INFO - Processing file /opt/airflow/dags/submit_spark_dag.py for tasks to queue
[2026-05-20T10:12:19.060+0000] {logging_mixin.py:190} INFO - [2026-05-20T10:12:19.059+0000] {dagbag.py:588} INFO - Filling up the DagBag from /opt/airflow/dags/submit_spark_dag.py
[2026-05-20T10:12:19.068+0000] {processor.py:925} INFO - DAG(s) 'hello_spark' retrieved from /opt/airflow/dags/submit_spark_dag.py
[2026-05-20T10:12:19.091+0000] {logging_mixin.py:190} INFO - [2026-05-20T10:12:19.090+0000] {dag.py:3239} INFO - Sync 1 DAGs
[2026-05-20T10:12:19.112+0000] {logging_mixin.py:190} INFO - [2026-05-20T10:12:19.112+0000] {dag.py:4180} INFO - Setting next_dagrun for hello_spark to 2026-05-19 00:00:00+00:00, run_after=2026-05-20 00:00:00+00:00
[2026-05-20T10:12:19.125+0000] {processor.py:208} INFO - Processing /opt/airflow/dags/submit_spark_dag.py took 0.074 seconds
[2026-05-20T10:12:50.073+0000] {processor.py:186} INFO - Started process (PID=3752) to work on /opt/airflow/dags/submit_spark_dag.py
[2026-05-20T10:12:50.074+0000] {processor.py:914} INFO - Processing file /opt/airflow/dags/submit_spark_dag.py for tasks to queue
[2026-05-20T10:12:50.076+0000] {logging_mixin.py:190} INFO - [2026-05-20T10:12:50.075+0000] {dagbag.py:588} INFO - Filling up the DagBag from /opt/airflow/dags/submit_spark_dag.py
[2026-05-20T10:12:50.084+0000] {processor.py:925} INFO - DAG(s) 'hello_spark' retrieved from /opt/airflow/dags/submit_spark_dag.py
[2026-05-20T10:12:50.107+0000] {logging_mixin.py:190} INFO - [2026-05-20T10:12:50.107+0000] {dag.py:3239} INFO - Sync 1 DAGs
[2026-05-20T10:12:50.135+0000] {logging_mixin.py:190} INFO - [2026-05-20T10:12:50.135+0000] {dag.py:4180} INFO - Setting next_dagrun for hello_spark to 2026-05-19 00:00:00+00:00, run_after=2026-05-20 00:00:00+00:00
[2026-05-20T10:12:50.153+0000] {processor.py:208} INFO - Processing /opt/airflow/dags/submit_spark_dag.py took 0.086 seconds
[2026-05-20T10:13:21.213+0000] {processor.py:186} INFO - Started process (PID=3766) to work on /opt/airflow/dags/submit_spark_dag.py
[2026-05-20T10:13:21.214+0000] {processor.py:914} INFO - Processing file /opt/airflow/dags/submit_spark_dag.py for tasks to queue
[2026-05-20T10:13:21.215+0000] {logging_mixin.py:190} INFO - [2026-05-20T10:13:21.215+0000] {dagbag.py:588} INFO - Filling up the DagBag from /opt/airflow/dags/submit_spark_dag.py
[2026-05-20T10:13:21.224+0000] {processor.py:925} INFO - DAG(s) 'hello_spark' retrieved from /opt/airflow/dags/submit_spark_dag.py
[2026-05-20T10:13:21.247+0000] {logging_mixin.py:190} INFO - [2026-05-20T10:13:21.246+0000] {dag.py:3239} INFO - Sync 1 DAGs
[2026-05-20T10:13:21.269+0000] {logging_mixin.py:190} INFO - [2026-05-20T10:13:21.268+0000] {dag.py:4180} INFO - Setting next_dagrun for hello_spark to 2026-05-19 00:00:00+00:00, run_after=2026-05-20 00:00:00+00:00
[2026-05-20T10:13:21.287+0000] {processor.py:208} INFO - Processing /opt/airflow/dags/submit_spark_dag.py took 0.080 seconds
[2026-05-20T10:13:53.697+0000] {processor.py:186} INFO - Started process (PID=3786) to work on /opt/airflow/dags/submit_spark_dag.py
[2026-05-20T10:13:53.699+0000] {processor.py:914} INFO - Processing file /opt/airflow/dags/submit_spark_dag.py for tasks to queue
[2026-05-20T10:13:53.700+0000] {logging_mixin.py:190} INFO - [2026-05-20T10:13:53.700+0000] {dagbag.py:588} INFO - Filling up the DagBag from /opt/airflow/dags/submit_spark_dag.py
[2026-05-20T10:13:53.723+0000] {processor.py:925} INFO - DAG(s) 'hello_spark' retrieved from /opt/airflow/dags/submit_spark_dag.py
[2026-05-20T10:13:53.773+0000] {logging_mixin.py:190} INFO - [2026-05-20T10:13:53.772+0000] {dag.py:3239} INFO - Sync 1 DAGs
[2026-05-20T10:13:53.848+0000] {logging_mixin.py:190} INFO - [2026-05-20T10:13:53.848+0000] {dag.py:4180} INFO - Setting next_dagrun for hello_spark to 2026-05-19 00:00:00+00:00, run_after=2026-05-20 00:00:00+00:00
[2026-05-20T10:13:53.875+0000] {processor.py:208} INFO - Processing /opt/airflow/dags/submit_spark_dag.py took 0.182 seconds
[2026-05-20T10:14:26.310+0000] {processor.py:186} INFO - Started process (PID=3800) to work on /opt/airflow/dags/submit_spark_dag.py
[2026-05-20T10:14:26.316+0000] {processor.py:914} INFO - Processing file /opt/airflow/dags/submit_spark_dag.py for tasks to queue
[2026-05-20T10:14:26.317+0000] {logging_mixin.py:190} INFO - [2026-05-20T10:14:26.317+0000] {dagbag.py:588} INFO - Filling up the DagBag from /opt/airflow/dags/submit_spark_dag.py
[2026-05-20T10:14:26.332+0000] {processor.py:925} INFO - DAG(s) 'hello_spark' retrieved from /opt/airflow/dags/submit_spark_dag.py
[2026-05-20T10:14:26.368+0000] {logging_mixin.py:190} INFO - [2026-05-20T10:14:26.368+0000] {dag.py:3239} INFO - Sync 1 DAGs
[2026-05-20T10:14:26.408+0000] {logging_mixin.py:190} INFO - [2026-05-20T10:14:26.408+0000] {dag.py:4180} INFO - Setting next_dagrun for hello_spark to 2026-05-19 00:00:00+00:00, run_after=2026-05-20 00:00:00+00:00
[2026-05-20T10:14:26.436+0000] {processor.py:208} INFO - Processing /opt/airflow/dags/submit_spark_dag.py took 0.139 seconds
[2026-05-20T10:14:58.805+0000] {processor.py:186} INFO - Started process (PID=3815) to work on /opt/airflow/dags/submit_spark_dag.py
[2026-05-20T10:14:58.806+0000] {processor.py:914} INFO - Processing file /opt/airflow/dags/submit_spark_dag.py for tasks to queue
[2026-05-20T10:14:58.807+0000] {logging_mixin.py:190} INFO - [2026-05-20T10:14:58.807+0000] {dagbag.py:588} INFO - Filling up the DagBag from /opt/airflow/dags/submit_spark_dag.py
[2026-05-20T10:14:58.832+0000] {processor.py:925} INFO - DAG(s) 'hello_spark' retrieved from /opt/airflow/dags/submit_spark_dag.py
[2026-05-20T10:14:58.879+0000] {logging_mixin.py:190} INFO - [2026-05-20T10:14:58.879+0000] {dag.py:3239} INFO - Sync 1 DAGs
[2026-05-20T10:14:58.930+0000] {logging_mixin.py:190} INFO - [2026-05-20T10:14:58.930+0000] {dag.py:4180} INFO - Setting next_dagrun for hello_spark to 2026-05-19 00:00:00+00:00, run_after=2026-05-20 00:00:00+00:00
[2026-05-20T10:14:58.968+0000] {processor.py:208} INFO - Processing /opt/airflow/dags/submit_spark_dag.py took 0.180 seconds
[2026-05-20T10:15:30.594+0000] {processor.py:186} INFO - Started process (PID=3830) to work on /opt/airflow/dags/submit_spark_dag.py
[2026-05-20T10:15:30.611+0000] {processor.py:914} INFO - Processing file /opt/airflow/dags/submit_spark_dag.py for tasks to queue
[2026-05-20T10:15:30.613+0000] {logging_mixin.py:190} INFO - [2026-05-20T10:15:30.613+0000] {dagbag.py:588} INFO - Filling up the DagBag from /opt/airflow/dags/submit_spark_dag.py
[2026-05-20T10:15:30.651+0000] {processor.py:925} INFO - DAG(s) 'hello_spark' retrieved from /opt/airflow/dags/submit_spark_dag.py
[2026-05-20T10:15:30.718+0000] {logging_mixin.py:190} INFO - [2026-05-20T10:15:30.717+0000] {dag.py:3239} INFO - Sync 1 DAGs
[2026-05-20T10:15:30.840+0000] {logging_mixin.py:190} INFO - [2026-05-20T10:15:30.840+0000] {dag.py:4180} INFO - Setting next_dagrun for hello_spark to 2026-05-19 00:00:00+00:00, run_after=2026-05-20 00:00:00+00:00
[2026-05-20T10:15:30.896+0000] {processor.py:208} INFO - Processing /opt/airflow/dags/submit_spark_dag.py took 0.415 seconds
[2026-05-20T10:16:01.002+0000] {processor.py:186} INFO - Started process (PID=3845) to work on /opt/airflow/dags/submit_spark_dag.py
[2026-05-20T10:16:01.005+0000] {processor.py:914} INFO - Processing file /opt/airflow/dags/submit_spark_dag.py for tasks to queue
[2026-05-20T10:16:01.006+0000] {logging_mixin.py:190} INFO - [2026-05-20T10:16:01.006+0000] {dagbag.py:588} INFO - Filling up the DagBag from /opt/airflow/dags/submit_spark_dag.py
[2026-05-20T10:16:01.021+0000] {processor.py:925} INFO - DAG(s) 'hello_spark' retrieved from /opt/airflow/dags/submit_spark_dag.py
[2026-05-20T10:16:01.057+0000] {logging_mixin.py:190} INFO - [2026-05-20T10:16:01.057+0000] {dag.py:3239} INFO - Sync 1 DAGs
[2026-05-20T10:16:01.094+0000] {logging_mixin.py:190} INFO - [2026-05-20T10:16:01.094+0000] {dag.py:4180} INFO - Setting next_dagrun for hello_spark to 2026-05-19 00:00:00+00:00, run_after=2026-05-20 00:00:00+00:00
[2026-05-20T10:16:01.121+0000] {processor.py:208} INFO - Processing /opt/airflow/dags/submit_spark_dag.py took 0.130 seconds
[2026-05-20T10:16:32.149+0000] {processor.py:186} INFO - Started process (PID=3859) to work on /opt/airflow/dags/submit_spark_dag.py
[2026-05-20T10:16:32.150+0000] {processor.py:914} INFO - Processing file /opt/airflow/dags/submit_spark_dag.py for tasks to queue
[2026-05-20T10:16:32.152+0000] {logging_mixin.py:190} INFO - [2026-05-20T10:16:32.152+0000] {dagbag.py:588} INFO - Filling up the DagBag from /opt/airflow/dags/submit_spark_dag.py
[2026-05-20T10:16:32.161+0000] {processor.py:925} INFO - DAG(s) 'hello_spark' retrieved from /opt/airflow/dags/submit_spark_dag.py
[2026-05-20T10:16:32.184+0000] {logging_mixin.py:190} INFO - [2026-05-20T10:16:32.183+0000] {dag.py:3239} INFO - Sync 1 DAGs
[2026-05-20T10:16:32.214+0000] {logging_mixin.py:190} INFO - [2026-05-20T10:16:32.213+0000] {dag.py:4180} INFO - Setting next_dagrun for hello_spark to 2026-05-19 00:00:00+00:00, run_after=2026-05-20 00:00:00+00:00
[2026-05-20T10:16:32.237+0000] {processor.py:208} INFO - Processing /opt/airflow/dags/submit_spark_dag.py took 0.094 seconds
[2026-05-20T10:17:03.009+0000] {processor.py:186} INFO - Started process (PID=3873) to work on /opt/airflow/dags/submit_spark_dag.py
[2026-05-20T10:17:03.010+0000] {processor.py:914} INFO - Processing file /opt/airflow/dags/submit_spark_dag.py for tasks to queue
[2026-05-20T10:17:03.011+0000] {logging_mixin.py:190} INFO - [2026-05-20T10:17:03.011+0000] {dagbag.py:588} INFO - Filling up the DagBag from /opt/airflow/dags/submit_spark_dag.py
[2026-05-20T10:17:03.018+0000] {processor.py:925} INFO - DAG(s) 'hello_spark' retrieved from /opt/airflow/dags/submit_spark_dag.py
[2026-05-20T10:17:03.033+0000] {logging_mixin.py:190} INFO - [2026-05-20T10:17:03.033+0000] {dag.py:3239} INFO - Sync 1 DAGs
[2026-05-20T10:17:03.050+0000] {logging_mixin.py:190} INFO - [2026-05-20T10:17:03.050+0000] {dag.py:4180} INFO - Setting next_dagrun for hello_spark to 2026-05-19 00:00:00+00:00, run_after=2026-05-20 00:00:00+00:00
[2026-05-20T10:17:03.063+0000] {processor.py:208} INFO - Processing /opt/airflow/dags/submit_spark_dag.py took 0.057 seconds
[2026-05-20T10:17:33.793+0000] {processor.py:186} INFO - Started process (PID=3886) to work on /opt/airflow/dags/submit_spark_dag.py
[2026-05-20T10:17:33.795+0000] {processor.py:914} INFO - Processing file /opt/airflow/dags/submit_spark_dag.py for tasks to queue
[2026-05-20T10:17:33.796+0000] {logging_mixin.py:190} INFO - [2026-05-20T10:17:33.796+0000] {dagbag.py:588} INFO - Filling up the DagBag from /opt/airflow/dags/submit_spark_dag.py
[2026-05-20T10:17:33.808+0000] {processor.py:925} INFO - DAG(s) 'hello_spark' retrieved from /opt/airflow/dags/submit_spark_dag.py
[2026-05-20T10:17:33.829+0000] {logging_mixin.py:190} INFO - [2026-05-20T10:17:33.828+0000] {dag.py:3239} INFO - Sync 1 DAGs
[2026-05-20T10:17:33.853+0000] {logging_mixin.py:190} INFO - [2026-05-20T10:17:33.853+0000] {dag.py:4180} INFO - Setting next_dagrun for hello_spark to 2026-05-19 00:00:00+00:00, run_after=2026-05-20 00:00:00+00:00
[2026-05-20T10:17:33.868+0000] {processor.py:208} INFO - Processing /opt/airflow/dags/submit_spark_dag.py took 0.082 seconds
[2026-05-20T10:18:04.822+0000] {processor.py:186} INFO - Started process (PID=3900) to work on /opt/airflow/dags/submit_spark_dag.py
[2026-05-20T10:18:04.823+0000] {processor.py:914} INFO - Processing file /opt/airflow/dags/submit_spark_dag.py for tasks to queue
[2026-05-20T10:18:04.825+0000] {logging_mixin.py:190} INFO - [2026-05-20T10:18:04.825+0000] {dagbag.py:588} INFO - Filling up the DagBag from /opt/airflow/dags/submit_spark_dag.py
[2026-05-20T10:18:04.838+0000] {processor.py:925} INFO - DAG(s) 'hello_spark' retrieved from /opt/airflow/dags/submit_spark_dag.py
[2026-05-20T10:18:04.892+0000] {logging_mixin.py:190} INFO - [2026-05-20T10:18:04.892+0000] {dag.py:3239} INFO - Sync 1 DAGs
[2026-05-20T10:18:04.943+0000] {logging_mixin.py:190} INFO - [2026-05-20T10:18:04.942+0000] {dag.py:4180} INFO - Setting next_dagrun for hello_spark to 2026-05-19 00:00:00+00:00, run_after=2026-05-20 00:00:00+00:00
[2026-05-20T10:18:04.971+0000] {processor.py:208} INFO - Processing /opt/airflow/dags/submit_spark_dag.py took 0.155 seconds
[2026-05-20T10:18:37.265+0000] {processor.py:186} INFO - Started process (PID=3915) to work on /opt/airflow/dags/submit_spark_dag.py
[2026-05-20T10:18:37.268+0000] {processor.py:914} INFO - Processing file /opt/airflow/dags/submit_spark_dag.py for tasks to queue
[2026-05-20T10:18:37.272+0000] {logging_mixin.py:190} INFO - [2026-05-20T10:18:37.272+0000] {dagbag.py:588} INFO - Filling up the DagBag from /opt/airflow/dags/submit_spark_dag.py
[2026-05-20T10:18:37.290+0000] {processor.py:925} INFO - DAG(s) 'hello_spark' retrieved from /opt/airflow/dags/submit_spark_dag.py
[2026-05-20T10:18:37.327+0000] {logging_mixin.py:190} INFO - [2026-05-20T10:18:37.327+0000] {dag.py:3239} INFO - Sync 1 DAGs
[2026-05-20T10:18:37.377+0000] {logging_mixin.py:190} INFO - [2026-05-20T10:18:37.377+0000] {dag.py:4180} INFO - Setting next_dagrun for hello_spark to 2026-05-19 00:00:00+00:00, run_after=2026-05-20 00:00:00+00:00
[2026-05-20T10:18:37.408+0000] {processor.py:208} INFO - Processing /opt/airflow/dags/submit_spark_dag.py took 0.152 seconds
[2026-05-20T10:19:10.602+0000] {processor.py:186} INFO - Started process (PID=3929) to work on /opt/airflow/dags/submit_spark_dag.py
[2026-05-20T10:19:10.616+0000] {processor.py:914} INFO - Processing file /opt/airflow/dags/submit_spark_dag.py for tasks to queue
[2026-05-20T10:19:10.617+0000] {logging_mixin.py:190} INFO - [2026-05-20T10:19:10.617+0000] {dagbag.py:588} INFO - Filling up the DagBag from /opt/airflow/dags/submit_spark_dag.py
[2026-05-20T10:19:10.627+0000] {processor.py:925} INFO - DAG(s) 'hello_spark' retrieved from /opt/airflow/dags/submit_spark_dag.py
[2026-05-20T10:19:10.657+0000] {logging_mixin.py:190} INFO - [2026-05-20T10:19:10.657+0000] {dag.py:3239} INFO - Sync 1 DAGs
[2026-05-20T10:19:10.682+0000] {logging_mixin.py:190} INFO - [2026-05-20T10:19:10.682+0000] {dag.py:4180} INFO - Setting next_dagrun for hello_spark to 2026-05-19 00:00:00+00:00, run_after=2026-05-20 00:00:00+00:00
[2026-05-20T10:19:10.706+0000] {processor.py:208} INFO - Processing /opt/airflow/dags/submit_spark_dag.py took 0.121 seconds
[2026-05-20T10:19:42.709+0000] {processor.py:186} INFO - Started process (PID=3943) to work on /opt/airflow/dags/submit_spark_dag.py
[2026-05-20T10:19:42.711+0000] {processor.py:914} INFO - Processing file /opt/airflow/dags/submit_spark_dag.py for tasks to queue
[2026-05-20T10:19:42.717+0000] {logging_mixin.py:190} INFO - [2026-05-20T10:19:42.713+0000] {dagbag.py:588} INFO - Filling up the DagBag from /opt/airflow/dags/submit_spark_dag.py
[2026-05-20T10:19:42.741+0000] {processor.py:925} INFO - DAG(s) 'hello_spark' retrieved from /opt/airflow/dags/submit_spark_dag.py
[2026-05-20T10:19:42.796+0000] {logging_mixin.py:190} INFO - [2026-05-20T10:19:42.796+0000] {dag.py:3239} INFO - Sync 1 DAGs
[2026-05-20T10:19:42.858+0000] {logging_mixin.py:190} INFO - [2026-05-20T10:19:42.858+0000] {dag.py:4180} INFO - Setting next_dagrun for hello_spark to 2026-05-19 00:00:00+00:00, run_after=2026-05-20 00:00:00+00:00
[2026-05-20T10:19:42.912+0000] {processor.py:208} INFO - Processing /opt/airflow/dags/submit_spark_dag.py took 0.215 seconds
[2026-05-20T10:20:13.982+0000] {processor.py:186} INFO - Started process (PID=3956) to work on /opt/airflow/dags/submit_spark_dag.py
[2026-05-20T10:20:13.985+0000] {processor.py:914} INFO - Processing file /opt/airflow/dags/submit_spark_dag.py for tasks to queue
[2026-05-20T10:20:13.986+0000] {logging_mixin.py:190} INFO - [2026-05-20T10:20:13.986+0000] {dagbag.py:588} INFO - Filling up the DagBag from /opt/airflow/dags/submit_spark_dag.py
[2026-05-20T10:20:14.004+0000] {processor.py:925} INFO - DAG(s) 'hello_spark' retrieved from /opt/airflow/dags/submit_spark_dag.py
[2026-05-20T10:20:14.042+0000] {logging_mixin.py:190} INFO - [2026-05-20T10:20:14.042+0000] {dag.py:3239} INFO - Sync 1 DAGs
[2026-05-20T10:20:14.088+0000] {logging_mixin.py:190} INFO - [2026-05-20T10:20:14.088+0000] {dag.py:4180} INFO - Setting next_dagrun for hello_spark to 2026-05-19 00:00:00+00:00, run_after=2026-05-20 00:00:00+00:00
[2026-05-20T10:20:14.117+0000] {processor.py:208} INFO - Processing /opt/airflow/dags/submit_spark_dag.py took 0.146 seconds
[2026-05-20T10:20:45.354+0000] {processor.py:186} INFO - Started process (PID=3970) to work on /opt/airflow/dags/submit_spark_dag.py
[2026-05-20T10:20:45.358+0000] {processor.py:914} INFO - Processing file /opt/airflow/dags/submit_spark_dag.py for tasks to queue
[2026-05-20T10:20:45.359+0000] {logging_mixin.py:190} INFO - [2026-05-20T10:20:45.359+0000] {dagbag.py:588} INFO - Filling up the DagBag from /opt/airflow/dags/submit_spark_dag.py
[2026-05-20T10:20:45.380+0000] {processor.py:925} INFO - DAG(s) 'hello_spark' retrieved from /opt/airflow/dags/submit_spark_dag.py
[2026-05-20T10:20:45.400+0000] {logging_mixin.py:190} INFO - [2026-05-20T10:20:45.400+0000] {dag.py:3239} INFO - Sync 1 DAGs
[2026-05-20T10:20:45.425+0000] {logging_mixin.py:190} INFO - [2026-05-20T10:20:45.425+0000] {dag.py:4180} INFO - Setting next_dagrun for hello_spark to 2026-05-19 00:00:00+00:00, run_after=2026-05-20 00:00:00+00:00
[2026-05-20T10:20:45.444+0000] {processor.py:208} INFO - Processing /opt/airflow/dags/submit_spark_dag.py took 0.102 seconds
[2026-05-20T10:21:15.695+0000] {processor.py:186} INFO - Started process (PID=3984) to work on /opt/airflow/dags/submit_spark_dag.py
[2026-05-20T10:21:15.697+0000] {processor.py:914} INFO - Processing file /opt/airflow/dags/submit_spark_dag.py for tasks to queue
[2026-05-20T10:21:15.698+0000] {logging_mixin.py:190} INFO - [2026-05-20T10:21:15.697+0000] {dagbag.py:588} INFO - Filling up the DagBag from /opt/airflow/dags/submit_spark_dag.py
[2026-05-20T10:21:15.706+0000] {processor.py:925} INFO - DAG(s) 'hello_spark' retrieved from /opt/airflow/dags/submit_spark_dag.py
[2026-05-20T10:21:15.725+0000] {logging_mixin.py:190} INFO - [2026-05-20T10:21:15.725+0000] {dag.py:3239} INFO - Sync 1 DAGs
[2026-05-20T10:21:15.746+0000] {logging_mixin.py:190} INFO - [2026-05-20T10:21:15.746+0000] {dag.py:4180} INFO - Setting next_dagrun for hello_spark to 2026-05-19 00:00:00+00:00, run_after=2026-05-20 00:00:00+00:00
[2026-05-20T10:21:15.761+0000] {processor.py:208} INFO - Processing /opt/airflow/dags/submit_spark_dag.py took 0.071 seconds
[2026-05-20T10:21:45.831+0000] {processor.py:186} INFO - Started process (PID=3996) to work on /opt/airflow/dags/submit_spark_dag.py
[2026-05-20T10:21:45.832+0000] {processor.py:914} INFO - Processing file /opt/airflow/dags/submit_spark_dag.py for tasks to queue
[2026-05-20T10:21:45.835+0000] {logging_mixin.py:190} INFO - [2026-05-20T10:21:45.834+0000] {dagbag.py:588} INFO - Filling up the DagBag from /opt/airflow/dags/submit_spark_dag.py
[2026-05-20T10:21:45.845+0000] {processor.py:925} INFO - DAG(s) 'hello_spark' retrieved from /opt/airflow/dags/submit_spark_dag.py
[2026-05-20T10:21:45.862+0000] {logging_mixin.py:190} INFO - [2026-05-20T10:21:45.862+0000] {dag.py:3239} INFO - Sync 1 DAGs
[2026-05-20T10:21:45.882+0000] {logging_mixin.py:190} INFO - [2026-05-20T10:21:45.881+0000] {dag.py:4180} INFO - Setting next_dagrun for hello_spark to 2026-05-19 00:00:00+00:00, run_after=2026-05-20 00:00:00+00:00
[2026-05-20T10:21:45.909+0000] {processor.py:208} INFO - Processing /opt/airflow/dags/submit_spark_dag.py took 0.082 seconds
[2026-05-20T10:22:15.945+0000] {processor.py:186} INFO - Started process (PID=4009) to work on /opt/airflow/dags/submit_spark_dag.py
[2026-05-20T10:22:15.946+0000] {processor.py:914} INFO - Processing file /opt/airflow/dags/submit_spark_dag.py for tasks to queue
[2026-05-20T10:22:15.947+0000] {logging_mixin.py:190} INFO - [2026-05-20T10:22:15.947+0000] {dagbag.py:588} INFO - Filling up the DagBag from /opt/airflow/dags/submit_spark_dag.py
[2026-05-20T10:22:15.954+0000] {processor.py:925} INFO - DAG(s) 'hello_spark' retrieved from /opt/airflow/dags/submit_spark_dag.py
[2026-05-20T10:22:15.971+0000] {logging_mixin.py:190} INFO - [2026-05-20T10:22:15.971+0000] {dag.py:3239} INFO - Sync 1 DAGs
[2026-05-20T10:22:15.990+0000] {logging_mixin.py:190} INFO - [2026-05-20T10:22:15.990+0000] {dag.py:4180} INFO - Setting next_dagrun for hello_spark to 2026-05-19 00:00:00+00:00, run_after=2026-05-20 00:00:00+00:00
[2026-05-20T10:22:16.003+0000] {processor.py:208} INFO - Processing /opt/airflow/dags/submit_spark_dag.py took 0.063 seconds
[2026-05-20T10:22:46.038+0000] {processor.py:186} INFO - Started process (PID=4023) to work on /opt/airflow/dags/submit_spark_dag.py
[2026-05-20T10:22:46.040+0000] {processor.py:914} INFO - Processing file /opt/airflow/dags/submit_spark_dag.py for tasks to queue
[2026-05-20T10:22:46.041+0000] {logging_mixin.py:190} INFO - [2026-05-20T10:22:46.041+0000] {dagbag.py:588} INFO - Filling up the DagBag from /opt/airflow/dags/submit_spark_dag.py
[2026-05-20T10:22:46.048+0000] {processor.py:925} INFO - DAG(s) 'hello_spark' retrieved from /opt/airflow/dags/submit_spark_dag.py
[2026-05-20T10:22:46.065+0000] {logging_mixin.py:190} INFO - [2026-05-20T10:22:46.065+0000] {dag.py:3239} INFO - Sync 1 DAGs
[2026-05-20T10:22:46.082+0000] {logging_mixin.py:190} INFO - [2026-05-20T10:22:46.082+0000] {dag.py:4180} INFO - Setting next_dagrun for hello_spark to 2026-05-19 00:00:00+00:00, run_after=2026-05-20 00:00:00+00:00
[2026-05-20T10:22:46.095+0000] {processor.py:208} INFO - Processing /opt/airflow/dags/submit_spark_dag.py took 0.062 seconds
[2026-05-20T10:23:16.551+0000] {processor.py:186} INFO - Started process (PID=4037) to work on /opt/airflow/dags/submit_spark_dag.py
[2026-05-20T10:23:16.552+0000] {processor.py:914} INFO - Processing file /opt/airflow/dags/submit_spark_dag.py for tasks to queue
[2026-05-20T10:23:16.553+0000] {logging_mixin.py:190} INFO - [2026-05-20T10:23:16.552+0000] {dagbag.py:588} INFO - Filling up the DagBag from /opt/airflow/dags/submit_spark_dag.py
[2026-05-20T10:23:16.562+0000] {processor.py:925} INFO - DAG(s) 'hello_spark' retrieved from /opt/airflow/dags/submit_spark_dag.py
[2026-05-20T10:23:16.580+0000] {logging_mixin.py:190} INFO - [2026-05-20T10:23:16.579+0000] {dag.py:3239} INFO - Sync 1 DAGs
[2026-05-20T10:23:16.598+0000] {logging_mixin.py:190} INFO - [2026-05-20T10:23:16.598+0000] {dag.py:4180} INFO - Setting next_dagrun for hello_spark to 2026-05-19 00:00:00+00:00, run_after=2026-05-20 00:00:00+00:00
[2026-05-20T10:23:16.612+0000] {processor.py:208} INFO - Processing /opt/airflow/dags/submit_spark_dag.py took 0.068 seconds
[2026-05-20T10:23:47.128+0000] {processor.py:186} INFO - Started process (PID=4050) to work on /opt/airflow/dags/submit_spark_dag.py
[2026-05-20T10:23:47.128+0000] {processor.py:914} INFO - Processing file /opt/airflow/dags/submit_spark_dag.py for tasks to queue
[2026-05-20T10:23:47.130+0000] {logging_mixin.py:190} INFO - [2026-05-20T10:23:47.130+0000] {dagbag.py:588} INFO - Filling up the DagBag from /opt/airflow/dags/submit_spark_dag.py
[2026-05-20T10:23:47.136+0000] {processor.py:925} INFO - DAG(s) 'hello_spark' retrieved from /opt/airflow/dags/submit_spark_dag.py
[2026-05-20T10:23:47.155+0000] {logging_mixin.py:190} INFO - [2026-05-20T10:23:47.155+0000] {dag.py:3239} INFO - Sync 1 DAGs
[2026-05-20T10:23:47.174+0000] {logging_mixin.py:190} INFO - [2026-05-20T10:23:47.173+0000] {dag.py:4180} INFO - Setting next_dagrun for hello_spark to 2026-05-19 00:00:00+00:00, run_after=2026-05-20 00:00:00+00:00
[2026-05-20T10:23:47.188+0000] {processor.py:208} INFO - Processing /opt/airflow/dags/submit_spark_dag.py took 0.065 seconds
[2026-05-20T10:24:17.746+0000] {processor.py:186} INFO - Started process (PID=4064) to work on /opt/airflow/dags/submit_spark_dag.py
[2026-05-20T10:24:17.747+0000] {processor.py:914} INFO - Processing file /opt/airflow/dags/submit_spark_dag.py for tasks to queue
[2026-05-20T10:24:17.747+0000] {logging_mixin.py:190} INFO - [2026-05-20T10:24:17.747+0000] {dagbag.py:588} INFO - Filling up the DagBag from /opt/airflow/dags/submit_spark_dag.py
[2026-05-20T10:24:17.754+0000] {processor.py:925} INFO - DAG(s) 'hello_spark' retrieved from /opt/airflow/dags/submit_spark_dag.py
[2026-05-20T10:24:17.772+0000] {logging_mixin.py:190} INFO - [2026-05-20T10:24:17.772+0000] {dag.py:3239} INFO - Sync 1 DAGs
[2026-05-20T10:24:17.791+0000] {logging_mixin.py:190} INFO - [2026-05-20T10:24:17.791+0000] {dag.py:4180} INFO - Setting next_dagrun for hello_spark to 2026-05-19 00:00:00+00:00, run_after=2026-05-20 00:00:00+00:00
[2026-05-20T10:24:17.805+0000] {processor.py:208} INFO - Processing /opt/airflow/dags/submit_spark_dag.py took 0.063 seconds
[2026-05-20T10:24:48.342+0000] {processor.py:186} INFO - Started process (PID=4077) to work on /opt/airflow/dags/submit_spark_dag.py
[2026-05-20T10:24:48.343+0000] {processor.py:914} INFO - Processing file /opt/airflow/dags/submit_spark_dag.py for tasks to queue
[2026-05-20T10:24:48.344+0000] {logging_mixin.py:190} INFO - [2026-05-20T10:24:48.344+0000] {dagbag.py:588} INFO - Filling up the DagBag from /opt/airflow/dags/submit_spark_dag.py
[2026-05-20T10:24:48.350+0000] {processor.py:925} INFO - DAG(s) 'hello_spark' retrieved from /opt/airflow/dags/submit_spark_dag.py
[2026-05-20T10:24:48.367+0000] {logging_mixin.py:190} INFO - [2026-05-20T10:24:48.367+0000] {dag.py:3239} INFO - Sync 1 DAGs
[2026-05-20T10:24:48.386+0000] {logging_mixin.py:190} INFO - [2026-05-20T10:24:48.386+0000] {dag.py:4180} INFO - Setting next_dagrun for hello_spark to 2026-05-19 00:00:00+00:00, run_after=2026-05-20 00:00:00+00:00
[2026-05-20T10:24:48.400+0000] {processor.py:208} INFO - Processing /opt/airflow/dags/submit_spark_dag.py took 0.062 seconds
[2026-05-20T10:25:18.842+0000] {processor.py:186} INFO - Started process (PID=4091) to work on /opt/airflow/dags/submit_spark_dag.py
[2026-05-20T10:25:18.842+0000] {processor.py:914} INFO - Processing file /opt/airflow/dags/submit_spark_dag.py for tasks to queue
[2026-05-20T10:25:18.844+0000] {logging_mixin.py:190} INFO - [2026-05-20T10:25:18.844+0000] {dagbag.py:588} INFO - Filling up the DagBag from /opt/airflow/dags/submit_spark_dag.py
[2026-05-20T10:25:18.851+0000] {processor.py:925} INFO - DAG(s) 'hello_spark' retrieved from /opt/airflow/dags/submit_spark_dag.py
[2026-05-20T10:25:18.871+0000] {logging_mixin.py:190} INFO - [2026-05-20T10:25:18.871+0000] {dag.py:3239} INFO - Sync 1 DAGs
[2026-05-20T10:25:18.894+0000] {logging_mixin.py:190} INFO - [2026-05-20T10:25:18.894+0000] {dag.py:4180} INFO - Setting next_dagrun for hello_spark to 2026-05-19 00:00:00+00:00, run_after=2026-05-20 00:00:00+00:00
[2026-05-20T10:25:18.909+0000] {processor.py:208} INFO - Processing /opt/airflow/dags/submit_spark_dag.py took 0.072 seconds
[2026-05-20T10:25:49.447+0000] {processor.py:186} INFO - Started process (PID=4105) to work on /opt/airflow/dags/submit_spark_dag.py
[2026-05-20T10:25:49.448+0000] {processor.py:914} INFO - Processing file /opt/airflow/dags/submit_spark_dag.py for tasks to queue
[2026-05-20T10:25:49.450+0000] {logging_mixin.py:190} INFO - [2026-05-20T10:25:49.449+0000] {dagbag.py:588} INFO - Filling up the DagBag from /opt/airflow/dags/submit_spark_dag.py
[2026-05-20T10:25:49.456+0000] {processor.py:925} INFO - DAG(s) 'hello_spark' retrieved from /opt/airflow/dags/submit_spark_dag.py
[2026-05-20T10:25:49.475+0000] {logging_mixin.py:190} INFO - [2026-05-20T10:25:49.475+0000] {dag.py:3239} INFO - Sync 1 DAGs
[2026-05-20T10:25:49.493+0000] {logging_mixin.py:190} INFO - [2026-05-20T10:25:49.493+0000] {dag.py:4180} INFO - Setting next_dagrun for hello_spark to 2026-05-19 00:00:00+00:00, run_after=2026-05-20 00:00:00+00:00
[2026-05-20T10:25:49.509+0000] {processor.py:208} INFO - Processing /opt/airflow/dags/submit_spark_dag.py took 0.066 seconds
[2026-05-20T10:26:19.991+0000] {processor.py:186} INFO - Started process (PID=4119) to work on /opt/airflow/dags/submit_spark_dag.py
[2026-05-20T10:26:19.992+0000] {processor.py:914} INFO - Processing file /opt/airflow/dags/submit_spark_dag.py for tasks to queue
[2026-05-20T10:26:19.993+0000] {logging_mixin.py:190} INFO - [2026-05-20T10:26:19.993+0000] {dagbag.py:588} INFO - Filling up the DagBag from /opt/airflow/dags/submit_spark_dag.py
[2026-05-20T10:26:20.000+0000] {processor.py:925} INFO - DAG(s) 'hello_spark' retrieved from /opt/airflow/dags/submit_spark_dag.py
[2026-05-20T10:26:20.018+0000] {logging_mixin.py:190} INFO - [2026-05-20T10:26:20.018+0000] {dag.py:3239} INFO - Sync 1 DAGs
[2026-05-20T10:26:20.037+0000] {logging_mixin.py:190} INFO - [2026-05-20T10:26:20.037+0000] {dag.py:4180} INFO - Setting next_dagrun for hello_spark to 2026-05-19 00:00:00+00:00, run_after=2026-05-20 00:00:00+00:00
[2026-05-20T10:26:20.050+0000] {processor.py:208} INFO - Processing /opt/airflow/dags/submit_spark_dag.py took 0.063 seconds
[2026-05-20T10:26:50.270+0000] {processor.py:186} INFO - Started process (PID=4134) to work on /opt/airflow/dags/submit_spark_dag.py
[2026-05-20T10:26:50.273+0000] {processor.py:914} INFO - Processing file /opt/airflow/dags/submit_spark_dag.py for tasks to queue
[2026-05-20T10:26:50.274+0000] {logging_mixin.py:190} INFO - [2026-05-20T10:26:50.274+0000] {dagbag.py:588} INFO - Filling up the DagBag from /opt/airflow/dags/submit_spark_dag.py
[2026-05-20T10:26:50.281+0000] {processor.py:925} INFO - DAG(s) 'hello_spark' retrieved from /opt/airflow/dags/submit_spark_dag.py
[2026-05-20T10:26:50.299+0000] {logging_mixin.py:190} INFO - [2026-05-20T10:26:50.299+0000] {dag.py:3239} INFO - Sync 1 DAGs
[2026-05-20T10:26:50.317+0000] {logging_mixin.py:190} INFO - [2026-05-20T10:26:50.317+0000] {dag.py:4180} INFO - Setting next_dagrun for hello_spark to 2026-05-19 00:00:00+00:00, run_after=2026-05-20 00:00:00+00:00
[2026-05-20T10:26:50.331+0000] {processor.py:208} INFO - Processing /opt/airflow/dags/submit_spark_dag.py took 0.065 seconds
[2026-05-20T10:27:21.005+0000] {processor.py:186} INFO - Started process (PID=4148) to work on /opt/airflow/dags/submit_spark_dag.py
[2026-05-20T10:27:21.006+0000] {processor.py:914} INFO - Processing file /opt/airflow/dags/submit_spark_dag.py for tasks to queue
[2026-05-20T10:27:21.006+0000] {logging_mixin.py:190} INFO - [2026-05-20T10:27:21.006+0000] {dagbag.py:588} INFO - Filling up the DagBag from /opt/airflow/dags/submit_spark_dag.py
[2026-05-20T10:27:21.013+0000] {processor.py:925} INFO - DAG(s) 'hello_spark' retrieved from /opt/airflow/dags/submit_spark_dag.py
[2026-05-20T10:27:21.030+0000] {logging_mixin.py:190} INFO - [2026-05-20T10:27:21.030+0000] {dag.py:3239} INFO - Sync 1 DAGs
[2026-05-20T10:27:21.049+0000] {logging_mixin.py:190} INFO - [2026-05-20T10:27:21.048+0000] {dag.py:4180} INFO - Setting next_dagrun for hello_spark to 2026-05-19 00:00:00+00:00, run_after=2026-05-20 00:00:00+00:00
[2026-05-20T10:27:21.062+0000] {processor.py:208} INFO - Processing /opt/airflow/dags/submit_spark_dag.py took 0.062 seconds
[2026-05-20T10:27:51.558+0000] {processor.py:186} INFO - Started process (PID=4162) to work on /opt/airflow/dags/submit_spark_dag.py
[2026-05-20T10:27:51.564+0000] {processor.py:914} INFO - Processing file /opt/airflow/dags/submit_spark_dag.py for tasks to queue
[2026-05-20T10:27:51.565+0000] {logging_mixin.py:190} INFO - [2026-05-20T10:27:51.565+0000] {dagbag.py:588} INFO - Filling up the DagBag from /opt/airflow/dags/submit_spark_dag.py
[2026-05-20T10:27:51.572+0000] {processor.py:925} INFO - DAG(s) 'hello_spark' retrieved from /opt/airflow/dags/submit_spark_dag.py
[2026-05-20T10:27:51.591+0000] {logging_mixin.py:190} INFO - [2026-05-20T10:27:51.591+0000] {dag.py:3239} INFO - Sync 1 DAGs
[2026-05-20T10:27:51.610+0000] {logging_mixin.py:190} INFO - [2026-05-20T10:27:51.610+0000] {dag.py:4180} INFO - Setting next_dagrun for hello_spark to 2026-05-19 00:00:00+00:00, run_after=2026-05-20 00:00:00+00:00
[2026-05-20T10:27:51.625+0000] {processor.py:208} INFO - Processing /opt/airflow/dags/submit_spark_dag.py took 0.071 seconds
[2026-05-20T10:28:22.127+0000] {processor.py:186} INFO - Started process (PID=4176) to work on /opt/airflow/dags/submit_spark_dag.py
[2026-05-20T10:28:22.128+0000] {processor.py:914} INFO - Processing file /opt/airflow/dags/submit_spark_dag.py for tasks to queue
[2026-05-20T10:28:22.128+0000] {logging_mixin.py:190} INFO - [2026-05-20T10:28:22.128+0000] {dagbag.py:588} INFO - Filling up the DagBag from /opt/airflow/dags/submit_spark_dag.py
[2026-05-20T10:28:22.135+0000] {processor.py:925} INFO - DAG(s) 'hello_spark' retrieved from /opt/airflow/dags/submit_spark_dag.py
[2026-05-20T10:28:22.152+0000] {logging_mixin.py:190} INFO - [2026-05-20T10:28:22.152+0000] {dag.py:3239} INFO - Sync 1 DAGs
[2026-05-20T10:28:22.171+0000] {logging_mixin.py:190} INFO - [2026-05-20T10:28:22.171+0000] {dag.py:4180} INFO - Setting next_dagrun for hello_spark to 2026-05-19 00:00:00+00:00, run_after=2026-05-20 00:00:00+00:00
[2026-05-20T10:28:22.186+0000] {processor.py:208} INFO - Processing /opt/airflow/dags/submit_spark_dag.py took 0.063 seconds
[2026-05-20T10:28:52.712+0000] {processor.py:186} INFO - Started process (PID=4190) to work on /opt/airflow/dags/submit_spark_dag.py
[2026-05-20T10:28:52.713+0000] {processor.py:914} INFO - Processing file /opt/airflow/dags/submit_spark_dag.py for tasks to queue
[2026-05-20T10:28:52.715+0000] {logging_mixin.py:190} INFO - [2026-05-20T10:28:52.714+0000] {dagbag.py:588} INFO - Filling up the DagBag from /opt/airflow/dags/submit_spark_dag.py
[2026-05-20T10:28:52.722+0000] {processor.py:925} INFO - DAG(s) 'hello_spark' retrieved from /opt/airflow/dags/submit_spark_dag.py
[2026-05-20T10:28:52.738+0000] {logging_mixin.py:190} INFO - [2026-05-20T10:28:52.737+0000] {dag.py:3239} INFO - Sync 1 DAGs
[2026-05-20T10:28:52.755+0000] {logging_mixin.py:190} INFO - [2026-05-20T10:28:52.754+0000] {dag.py:4180} INFO - Setting next_dagrun for hello_spark to 2026-05-19 00:00:00+00:00, run_after=2026-05-20 00:00:00+00:00
[2026-05-20T10:28:52.766+0000] {processor.py:208} INFO - Processing /opt/airflow/dags/submit_spark_dag.py took 0.057 seconds
[2026-05-20T10:29:23.242+0000] {processor.py:186} INFO - Started process (PID=4204) to work on /opt/airflow/dags/submit_spark_dag.py
[2026-05-20T10:29:23.243+0000] {processor.py:914} INFO - Processing file /opt/airflow/dags/submit_spark_dag.py for tasks to queue
[2026-05-20T10:29:23.244+0000] {logging_mixin.py:190} INFO - [2026-05-20T10:29:23.244+0000] {dagbag.py:588} INFO - Filling up the DagBag from /opt/airflow/dags/submit_spark_dag.py
[2026-05-20T10:29:23.251+0000] {processor.py:925} INFO - DAG(s) 'hello_spark' retrieved from /opt/airflow/dags/submit_spark_dag.py
[2026-05-20T10:29:23.267+0000] {logging_mixin.py:190} INFO - [2026-05-20T10:29:23.267+0000] {dag.py:3239} INFO - Sync 1 DAGs
[2026-05-20T10:29:23.288+0000] {logging_mixin.py:190} INFO - [2026-05-20T10:29:23.288+0000] {dag.py:4180} INFO - Setting next_dagrun for hello_spark to 2026-05-19 00:00:00+00:00, run_after=2026-05-20 00:00:00+00:00
[2026-05-20T10:29:23.330+0000] {processor.py:208} INFO - Processing /opt/airflow/dags/submit_spark_dag.py took 0.092 seconds
[2026-05-20T10:29:54.060+0000] {processor.py:186} INFO - Started process (PID=4226) to work on /opt/airflow/dags/submit_spark_dag.py
[2026-05-20T10:29:54.061+0000] {processor.py:914} INFO - Processing file /opt/airflow/dags/submit_spark_dag.py for tasks to queue
[2026-05-20T10:29:54.061+0000] {logging_mixin.py:190} INFO - [2026-05-20T10:29:54.061+0000] {dagbag.py:588} INFO - Filling up the DagBag from /opt/airflow/dags/submit_spark_dag.py
[2026-05-20T10:29:54.068+0000] {processor.py:925} INFO - DAG(s) 'hello_spark' retrieved from /opt/airflow/dags/submit_spark_dag.py
[2026-05-20T10:29:54.082+0000] {logging_mixin.py:190} INFO - [2026-05-20T10:29:54.082+0000] {dag.py:3239} INFO - Sync 1 DAGs
[2026-05-20T10:29:54.097+0000] {logging_mixin.py:190} INFO - [2026-05-20T10:29:54.097+0000] {dag.py:4180} INFO - Setting next_dagrun for hello_spark to 2026-05-19 00:00:00+00:00, run_after=2026-05-20 00:00:00+00:00
[2026-05-20T10:29:54.109+0000] {processor.py:208} INFO - Processing /opt/airflow/dags/submit_spark_dag.py took 0.053 seconds
[2026-05-20T10:30:24.158+0000] {processor.py:186} INFO - Started process (PID=4240) to work on /opt/airflow/dags/submit_spark_dag.py
[2026-05-20T10:30:24.159+0000] {processor.py:914} INFO - Processing file /opt/airflow/dags/submit_spark_dag.py for tasks to queue
[2026-05-20T10:30:24.160+0000] {logging_mixin.py:190} INFO - [2026-05-20T10:30:24.160+0000] {dagbag.py:588} INFO - Filling up the DagBag from /opt/airflow/dags/submit_spark_dag.py
[2026-05-20T10:30:24.167+0000] {processor.py:925} INFO - DAG(s) 'hello_spark' retrieved from /opt/airflow/dags/submit_spark_dag.py
[2026-05-20T10:30:24.185+0000] {logging_mixin.py:190} INFO - [2026-05-20T10:30:24.185+0000] {dag.py:3239} INFO - Sync 1 DAGs
[2026-05-20T10:30:24.204+0000] {logging_mixin.py:190} INFO - [2026-05-20T10:30:24.204+0000] {dag.py:4180} INFO - Setting next_dagrun for hello_spark to 2026-05-19 00:00:00+00:00, run_after=2026-05-20 00:00:00+00:00
[2026-05-20T10:30:24.217+0000] {processor.py:208} INFO - Processing /opt/airflow/dags/submit_spark_dag.py took 0.063 seconds
[2026-05-20T10:30:54.800+0000] {processor.py:186} INFO - Started process (PID=4254) to work on /opt/airflow/dags/submit_spark_dag.py
[2026-05-20T10:30:54.801+0000] {processor.py:914} INFO - Processing file /opt/airflow/dags/submit_spark_dag.py for tasks to queue
[2026-05-20T10:30:54.802+0000] {logging_mixin.py:190} INFO - [2026-05-20T10:30:54.802+0000] {dagbag.py:588} INFO - Filling up the DagBag from /opt/airflow/dags/submit_spark_dag.py
[2026-05-20T10:30:54.808+0000] {processor.py:925} INFO - DAG(s) 'hello_spark' retrieved from /opt/airflow/dags/submit_spark_dag.py
[2026-05-20T10:30:54.826+0000] {logging_mixin.py:190} INFO - [2026-05-20T10:30:54.826+0000] {dag.py:3239} INFO - Sync 1 DAGs
[2026-05-20T10:30:54.844+0000] {logging_mixin.py:190} INFO - [2026-05-20T10:30:54.844+0000] {dag.py:4180} INFO - Setting next_dagrun for hello_spark to 2026-05-19 00:00:00+00:00, run_after=2026-05-20 00:00:00+00:00
[2026-05-20T10:30:54.857+0000] {processor.py:208} INFO - Processing /opt/airflow/dags/submit_spark_dag.py took 0.061 seconds
[2026-05-20T10:31:25.582+0000] {processor.py:186} INFO - Started process (PID=4269) to work on /opt/airflow/dags/submit_spark_dag.py
[2026-05-20T10:31:25.582+0000] {processor.py:914} INFO - Processing file /opt/airflow/dags/submit_spark_dag.py for tasks to queue
[2026-05-20T10:31:25.583+0000] {logging_mixin.py:190} INFO - [2026-05-20T10:31:25.583+0000] {dagbag.py:588} INFO - Filling up the DagBag from /opt/airflow/dags/submit_spark_dag.py
[2026-05-20T10:31:25.589+0000] {processor.py:925} INFO - DAG(s) 'hello_spark' retrieved from /opt/airflow/dags/submit_spark_dag.py
[2026-05-20T10:31:25.607+0000] {logging_mixin.py:190} INFO - [2026-05-20T10:31:25.607+0000] {dag.py:3239} INFO - Sync 1 DAGs
[2026-05-20T10:31:25.625+0000] {logging_mixin.py:190} INFO - [2026-05-20T10:31:25.625+0000] {dag.py:4180} INFO - Setting next_dagrun for hello_spark to 2026-05-19 00:00:00+00:00, run_after=2026-05-20 00:00:00+00:00
[2026-05-20T10:31:25.638+0000] {processor.py:208} INFO - Processing /opt/airflow/dags/submit_spark_dag.py took 0.061 seconds
[2026-05-20T10:31:56.194+0000] {processor.py:186} INFO - Started process (PID=4283) to work on /opt/airflow/dags/submit_spark_dag.py
[2026-05-20T10:31:56.195+0000] {processor.py:914} INFO - Processing file /opt/airflow/dags/submit_spark_dag.py for tasks to queue
[2026-05-20T10:31:56.196+0000] {logging_mixin.py:190} INFO - [2026-05-20T10:31:56.196+0000] {dagbag.py:588} INFO - Filling up the DagBag from /opt/airflow/dags/submit_spark_dag.py
[2026-05-20T10:31:56.203+0000] {processor.py:925} INFO - DAG(s) 'hello_spark' retrieved from /opt/airflow/dags/submit_spark_dag.py
[2026-05-20T10:31:56.220+0000] {logging_mixin.py:190} INFO - [2026-05-20T10:31:56.220+0000] {dag.py:3239} INFO - Sync 1 DAGs
[2026-05-20T10:31:56.237+0000] {logging_mixin.py:190} INFO - [2026-05-20T10:31:56.237+0000] {dag.py:4180} INFO - Setting next_dagrun for hello_spark to 2026-05-19 00:00:00+00:00, run_after=2026-05-20 00:00:00+00:00
[2026-05-20T10:31:56.250+0000] {processor.py:208} INFO - Processing /opt/airflow/dags/submit_spark_dag.py took 0.060 seconds
[2026-05-20T10:32:26.793+0000] {processor.py:186} INFO - Started process (PID=4297) to work on /opt/airflow/dags/submit_spark_dag.py
[2026-05-20T10:32:26.793+0000] {processor.py:914} INFO - Processing file /opt/airflow/dags/submit_spark_dag.py for tasks to queue
[2026-05-20T10:32:26.794+0000] {logging_mixin.py:190} INFO - [2026-05-20T10:32:26.794+0000] {dagbag.py:588} INFO - Filling up the DagBag from /opt/airflow/dags/submit_spark_dag.py
[2026-05-20T10:32:26.800+0000] {processor.py:925} INFO - DAG(s) 'hello_spark' retrieved from /opt/airflow/dags/submit_spark_dag.py
[2026-05-20T10:32:26.818+0000] {logging_mixin.py:190} INFO - [2026-05-20T10:32:26.818+0000] {dag.py:3239} INFO - Sync 1 DAGs
[2026-05-20T10:32:26.835+0000] {logging_mixin.py:190} INFO - [2026-05-20T10:32:26.835+0000] {dag.py:4180} INFO - Setting next_dagrun for hello_spark to 2026-05-19 00:00:00+00:00, run_after=2026-05-20 00:00:00+00:00
[2026-05-20T10:32:26.849+0000] {processor.py:208} INFO - Processing /opt/airflow/dags/submit_spark_dag.py took 0.060 seconds
[2026-05-20T10:32:57.440+0000] {processor.py:186} INFO - Started process (PID=4311) to work on /opt/airflow/dags/submit_spark_dag.py
[2026-05-20T10:32:57.448+0000] {processor.py:914} INFO - Processing file /opt/airflow/dags/submit_spark_dag.py for tasks to queue
[2026-05-20T10:32:57.450+0000] {logging_mixin.py:190} INFO - [2026-05-20T10:32:57.449+0000] {dagbag.py:588} INFO - Filling up the DagBag from /opt/airflow/dags/submit_spark_dag.py
[2026-05-20T10:32:57.460+0000] {processor.py:925} INFO - DAG(s) 'hello_spark' retrieved from /opt/airflow/dags/submit_spark_dag.py
[2026-05-20T10:32:57.480+0000] {logging_mixin.py:190} INFO - [2026-05-20T10:32:57.480+0000] {dag.py:3239} INFO - Sync 1 DAGs
[2026-05-20T10:32:57.498+0000] {logging_mixin.py:190} INFO - [2026-05-20T10:32:57.498+0000] {dag.py:4180} INFO - Setting next_dagrun for hello_spark to 2026-05-19 00:00:00+00:00, run_after=2026-05-20 00:00:00+00:00
[2026-05-20T10:32:57.511+0000] {processor.py:208} INFO - Processing /opt/airflow/dags/submit_spark_dag.py took 0.081 seconds
[2026-05-20T10:33:27.970+0000] {processor.py:186} INFO - Started process (PID=4325) to work on /opt/airflow/dags/submit_spark_dag.py
[2026-05-20T10:33:27.970+0000] {processor.py:914} INFO - Processing file /opt/airflow/dags/submit_spark_dag.py for tasks to queue
[2026-05-20T10:33:27.971+0000] {logging_mixin.py:190} INFO - [2026-05-20T10:33:27.971+0000] {dagbag.py:588} INFO - Filling up the DagBag from /opt/airflow/dags/submit_spark_dag.py
[2026-05-20T10:33:27.977+0000] {processor.py:925} INFO - DAG(s) 'hello_spark' retrieved from /opt/airflow/dags/submit_spark_dag.py
[2026-05-20T10:33:27.995+0000] {logging_mixin.py:190} INFO - [2026-05-20T10:33:27.994+0000] {dag.py:3239} INFO - Sync 1 DAGs
[2026-05-20T10:33:28.012+0000] {logging_mixin.py:190} INFO - [2026-05-20T10:33:28.012+0000] {dag.py:4180} INFO - Setting next_dagrun for hello_spark to 2026-05-19 00:00:00+00:00, run_after=2026-05-20 00:00:00+00:00
[2026-05-20T10:33:28.025+0000] {processor.py:208} INFO - Processing /opt/airflow/dags/submit_spark_dag.py took 0.059 seconds
[2026-05-20T10:33:58.575+0000] {processor.py:186} INFO - Started process (PID=4339) to work on /opt/airflow/dags/submit_spark_dag.py
[2026-05-20T10:33:58.577+0000] {processor.py:914} INFO - Processing file /opt/airflow/dags/submit_spark_dag.py for tasks to queue
[2026-05-20T10:33:58.579+0000] {logging_mixin.py:190} INFO - [2026-05-20T10:33:58.579+0000] {dagbag.py:588} INFO - Filling up the DagBag from /opt/airflow/dags/submit_spark_dag.py
[2026-05-20T10:33:58.587+0000] {processor.py:925} INFO - DAG(s) 'hello_spark' retrieved from /opt/airflow/dags/submit_spark_dag.py
[2026-05-20T10:33:58.606+0000] {logging_mixin.py:190} INFO - [2026-05-20T10:33:58.606+0000] {dag.py:3239} INFO - Sync 1 DAGs
[2026-05-20T10:33:58.624+0000] {logging_mixin.py:190} INFO - [2026-05-20T10:33:58.624+0000] {dag.py:4180} INFO - Setting next_dagrun for hello_spark to 2026-05-19 00:00:00+00:00, run_after=2026-05-20 00:00:00+00:00
[2026-05-20T10:33:58.637+0000] {processor.py:208} INFO - Processing /opt/airflow/dags/submit_spark_dag.py took 0.067 seconds
[2026-05-20T10:34:29.101+0000] {processor.py:186} INFO - Started process (PID=4353) to work on /opt/airflow/dags/submit_spark_dag.py
[2026-05-20T10:34:29.103+0000] {processor.py:914} INFO - Processing file /opt/airflow/dags/submit_spark_dag.py for tasks to queue
[2026-05-20T10:34:29.104+0000] {logging_mixin.py:190} INFO - [2026-05-20T10:34:29.104+0000] {dagbag.py:588} INFO - Filling up the DagBag from /opt/airflow/dags/submit_spark_dag.py
[2026-05-20T10:34:29.111+0000] {processor.py:925} INFO - DAG(s) 'hello_spark' retrieved from /opt/airflow/dags/submit_spark_dag.py
[2026-05-20T10:34:29.128+0000] {logging_mixin.py:190} INFO - [2026-05-20T10:34:29.128+0000] {dag.py:3239} INFO - Sync 1 DAGs
[2026-05-20T10:34:29.146+0000] {logging_mixin.py:190} INFO - [2026-05-20T10:34:29.146+0000] {dag.py:4180} INFO - Setting next_dagrun for hello_spark to 2026-05-19 00:00:00+00:00, run_after=2026-05-20 00:00:00+00:00
[2026-05-20T10:34:29.158+0000] {processor.py:208} INFO - Processing /opt/airflow/dags/submit_spark_dag.py took 0.061 seconds
[2026-05-20T10:34:59.666+0000] {processor.py:186} INFO - Started process (PID=4367) to work on /opt/airflow/dags/submit_spark_dag.py
[2026-05-20T10:34:59.667+0000] {processor.py:914} INFO - Processing file /opt/airflow/dags/submit_spark_dag.py for tasks to queue
[2026-05-20T10:34:59.668+0000] {logging_mixin.py:190} INFO - [2026-05-20T10:34:59.667+0000] {dagbag.py:588} INFO - Filling up the DagBag from /opt/airflow/dags/submit_spark_dag.py
[2026-05-20T10:34:59.674+0000] {processor.py:925} INFO - DAG(s) 'hello_spark' retrieved from /opt/airflow/dags/submit_spark_dag.py
[2026-05-20T10:34:59.692+0000] {logging_mixin.py:190} INFO - [2026-05-20T10:34:59.692+0000] {dag.py:3239} INFO - Sync 1 DAGs
[2026-05-20T10:34:59.712+0000] {logging_mixin.py:190} INFO - [2026-05-20T10:34:59.711+0000] {dag.py:4180} INFO - Setting next_dagrun for hello_spark to 2026-05-19 00:00:00+00:00, run_after=2026-05-20 00:00:00+00:00
[2026-05-20T10:34:59.727+0000] {processor.py:208} INFO - Processing /opt/airflow/dags/submit_spark_dag.py took 0.065 seconds
[2026-05-20T10:35:30.205+0000] {processor.py:186} INFO - Started process (PID=4381) to work on /opt/airflow/dags/submit_spark_dag.py
[2026-05-20T10:35:30.206+0000] {processor.py:914} INFO - Processing file /opt/airflow/dags/submit_spark_dag.py for tasks to queue
[2026-05-20T10:35:30.207+0000] {logging_mixin.py:190} INFO - [2026-05-20T10:35:30.206+0000] {dagbag.py:588} INFO - Filling up the DagBag from /opt/airflow/dags/submit_spark_dag.py
[2026-05-20T10:35:30.214+0000] {processor.py:925} INFO - DAG(s) 'hello_spark' retrieved from /opt/airflow/dags/submit_spark_dag.py
[2026-05-20T10:35:30.233+0000] {logging_mixin.py:190} INFO - [2026-05-20T10:35:30.233+0000] {dag.py:3239} INFO - Sync 1 DAGs
[2026-05-20T10:35:30.253+0000] {logging_mixin.py:190} INFO - [2026-05-20T10:35:30.253+0000] {dag.py:4180} INFO - Setting next_dagrun for hello_spark to 2026-05-19 00:00:00+00:00, run_after=2026-05-20 00:00:00+00:00
[2026-05-20T10:35:30.268+0000] {processor.py:208} INFO - Processing /opt/airflow/dags/submit_spark_dag.py took 0.067 seconds
[2026-05-20T10:36:00.823+0000] {processor.py:186} INFO - Started process (PID=4395) to work on /opt/airflow/dags/submit_spark_dag.py
[2026-05-20T10:36:00.823+0000] {processor.py:914} INFO - Processing file /opt/airflow/dags/submit_spark_dag.py for tasks to queue
[2026-05-20T10:36:00.824+0000] {logging_mixin.py:190} INFO - [2026-05-20T10:36:00.824+0000] {dagbag.py:588} INFO - Filling up the DagBag from /opt/airflow/dags/submit_spark_dag.py
[2026-05-20T10:36:00.831+0000] {processor.py:925} INFO - DAG(s) 'hello_spark' retrieved from /opt/airflow/dags/submit_spark_dag.py
[2026-05-20T10:36:00.850+0000] {logging_mixin.py:190} INFO - [2026-05-20T10:36:00.850+0000] {dag.py:3239} INFO - Sync 1 DAGs
[2026-05-20T10:36:00.870+0000] {logging_mixin.py:190} INFO - [2026-05-20T10:36:00.870+0000] {dag.py:4180} INFO - Setting next_dagrun for hello_spark to 2026-05-19 00:00:00+00:00, run_after=2026-05-20 00:00:00+00:00
[2026-05-20T10:36:00.885+0000] {processor.py:208} INFO - Processing /opt/airflow/dags/submit_spark_dag.py took 0.067 seconds
[2026-05-20T10:36:31.394+0000] {processor.py:186} INFO - Started process (PID=4409) to work on /opt/airflow/dags/submit_spark_dag.py
[2026-05-20T10:36:31.395+0000] {processor.py:914} INFO - Processing file /opt/airflow/dags/submit_spark_dag.py for tasks to queue
[2026-05-20T10:36:31.396+0000] {logging_mixin.py:190} INFO - [2026-05-20T10:36:31.395+0000] {dagbag.py:588} INFO - Filling up the DagBag from /opt/airflow/dags/submit_spark_dag.py
[2026-05-20T10:36:31.403+0000] {processor.py:925} INFO - DAG(s) 'hello_spark' retrieved from /opt/airflow/dags/submit_spark_dag.py
[2026-05-20T10:36:31.419+0000] {logging_mixin.py:190} INFO - [2026-05-20T10:36:31.419+0000] {dag.py:3239} INFO - Sync 1 DAGs
[2026-05-20T10:36:31.438+0000] {logging_mixin.py:190} INFO - [2026-05-20T10:36:31.438+0000] {dag.py:4180} INFO - Setting next_dagrun for hello_spark to 2026-05-19 00:00:00+00:00, run_after=2026-05-20 00:00:00+00:00
[2026-05-20T10:36:31.454+0000] {processor.py:208} INFO - Processing /opt/airflow/dags/submit_spark_dag.py took 0.064 seconds
[2026-05-20T10:37:02.002+0000] {processor.py:186} INFO - Started process (PID=4424) to work on /opt/airflow/dags/submit_spark_dag.py
[2026-05-20T10:37:02.004+0000] {processor.py:914} INFO - Processing file /opt/airflow/dags/submit_spark_dag.py for tasks to queue
[2026-05-20T10:37:02.005+0000] {logging_mixin.py:190} INFO - [2026-05-20T10:37:02.005+0000] {dagbag.py:588} INFO - Filling up the DagBag from /opt/airflow/dags/submit_spark_dag.py
[2026-05-20T10:37:02.014+0000] {processor.py:925} INFO - DAG(s) 'hello_spark' retrieved from /opt/airflow/dags/submit_spark_dag.py
[2026-05-20T10:37:02.033+0000] {logging_mixin.py:190} INFO - [2026-05-20T10:37:02.033+0000] {dag.py:3239} INFO - Sync 1 DAGs
[2026-05-20T10:37:02.050+0000] {logging_mixin.py:190} INFO - [2026-05-20T10:37:02.050+0000] {dag.py:4180} INFO - Setting next_dagrun for hello_spark to 2026-05-19 00:00:00+00:00, run_after=2026-05-20 00:00:00+00:00
[2026-05-20T10:37:02.066+0000] {processor.py:208} INFO - Processing /opt/airflow/dags/submit_spark_dag.py took 0.072 seconds
[2026-05-20T10:37:32.503+0000] {processor.py:186} INFO - Started process (PID=4438) to work on /opt/airflow/dags/submit_spark_dag.py
[2026-05-20T10:37:32.504+0000] {processor.py:914} INFO - Processing file /opt/airflow/dags/submit_spark_dag.py for tasks to queue
[2026-05-20T10:37:32.505+0000] {logging_mixin.py:190} INFO - [2026-05-20T10:37:32.505+0000] {dagbag.py:588} INFO - Filling up the DagBag from /opt/airflow/dags/submit_spark_dag.py
[2026-05-20T10:37:32.512+0000] {processor.py:925} INFO - DAG(s) 'hello_spark' retrieved from /opt/airflow/dags/submit_spark_dag.py
[2026-05-20T10:37:32.529+0000] {logging_mixin.py:190} INFO - [2026-05-20T10:37:32.529+0000] {dag.py:3239} INFO - Sync 1 DAGs
[2026-05-20T10:37:32.548+0000] {logging_mixin.py:190} INFO - [2026-05-20T10:37:32.548+0000] {dag.py:4180} INFO - Setting next_dagrun for hello_spark to 2026-05-19 00:00:00+00:00, run_after=2026-05-20 00:00:00+00:00
[2026-05-20T10:37:32.562+0000] {processor.py:208} INFO - Processing /opt/airflow/dags/submit_spark_dag.py took 0.063 seconds
[2026-05-20T10:38:03.155+0000] {processor.py:186} INFO - Started process (PID=4453) to work on /opt/airflow/dags/submit_spark_dag.py
[2026-05-20T10:38:03.156+0000] {processor.py:914} INFO - Processing file /opt/airflow/dags/submit_spark_dag.py for tasks to queue
[2026-05-20T10:38:03.156+0000] {logging_mixin.py:190} INFO - [2026-05-20T10:38:03.156+0000] {dagbag.py:588} INFO - Filling up the DagBag from /opt/airflow/dags/submit_spark_dag.py
[2026-05-20T10:38:03.163+0000] {processor.py:925} INFO - DAG(s) 'hello_spark' retrieved from /opt/airflow/dags/submit_spark_dag.py
[2026-05-20T10:38:03.180+0000] {logging_mixin.py:190} INFO - [2026-05-20T10:38:03.180+0000] {dag.py:3239} INFO - Sync 1 DAGs
[2026-05-20T10:38:03.198+0000] {logging_mixin.py:190} INFO - [2026-05-20T10:38:03.198+0000] {dag.py:4180} INFO - Setting next_dagrun for hello_spark to 2026-05-19 00:00:00+00:00, run_after=2026-05-20 00:00:00+00:00
[2026-05-20T10:38:03.212+0000] {processor.py:208} INFO - Processing /opt/airflow/dags/submit_spark_dag.py took 0.061 seconds
[2026-05-20T10:38:33.757+0000] {processor.py:186} INFO - Started process (PID=4467) to work on /opt/airflow/dags/submit_spark_dag.py
[2026-05-20T10:38:33.757+0000] {processor.py:914} INFO - Processing file /opt/airflow/dags/submit_spark_dag.py for tasks to queue
[2026-05-20T10:38:33.758+0000] {logging_mixin.py:190} INFO - [2026-05-20T10:38:33.758+0000] {dagbag.py:588} INFO - Filling up the DagBag from /opt/airflow/dags/submit_spark_dag.py
[2026-05-20T10:38:33.765+0000] {processor.py:925} INFO - DAG(s) 'hello_spark' retrieved from /opt/airflow/dags/submit_spark_dag.py
[2026-05-20T10:38:33.782+0000] {logging_mixin.py:190} INFO - [2026-05-20T10:38:33.782+0000] {dag.py:3239} INFO - Sync 1 DAGs
[2026-05-20T10:38:33.800+0000] {logging_mixin.py:190} INFO - [2026-05-20T10:38:33.800+0000] {dag.py:4180} INFO - Setting next_dagrun for hello_spark to 2026-05-19 00:00:00+00:00, run_after=2026-05-20 00:00:00+00:00
[2026-05-20T10:38:33.815+0000] {processor.py:208} INFO - Processing /opt/airflow/dags/submit_spark_dag.py took 0.063 seconds
[2026-05-20T10:39:04.396+0000] {processor.py:186} INFO - Started process (PID=4481) to work on /opt/airflow/dags/submit_spark_dag.py
[2026-05-20T10:39:04.397+0000] {processor.py:914} INFO - Processing file /opt/airflow/dags/submit_spark_dag.py for tasks to queue
[2026-05-20T10:39:04.398+0000] {logging_mixin.py:190} INFO - [2026-05-20T10:39:04.397+0000] {dagbag.py:588} INFO - Filling up the DagBag from /opt/airflow/dags/submit_spark_dag.py
[2026-05-20T10:39:04.404+0000] {processor.py:925} INFO - DAG(s) 'hello_spark' retrieved from /opt/airflow/dags/submit_spark_dag.py
[2026-05-20T10:39:04.421+0000] {logging_mixin.py:190} INFO - [2026-05-20T10:39:04.421+0000] {dag.py:3239} INFO - Sync 1 DAGs
[2026-05-20T10:39:04.440+0000] {logging_mixin.py:190} INFO - [2026-05-20T10:39:04.440+0000] {dag.py:4180} INFO - Setting next_dagrun for hello_spark to 2026-05-19 00:00:00+00:00, run_after=2026-05-20 00:00:00+00:00
[2026-05-20T10:39:04.458+0000] {processor.py:208} INFO - Processing /opt/airflow/dags/submit_spark_dag.py took 0.066 seconds
[2026-05-20T10:39:35.009+0000] {processor.py:186} INFO - Started process (PID=4496) to work on /opt/airflow/dags/submit_spark_dag.py
[2026-05-20T10:39:35.009+0000] {processor.py:914} INFO - Processing file /opt/airflow/dags/submit_spark_dag.py for tasks to queue
[2026-05-20T10:39:35.010+0000] {logging_mixin.py:190} INFO - [2026-05-20T10:39:35.010+0000] {dagbag.py:588} INFO - Filling up the DagBag from /opt/airflow/dags/submit_spark_dag.py
[2026-05-20T10:39:35.016+0000] {processor.py:925} INFO - DAG(s) 'hello_spark' retrieved from /opt/airflow/dags/submit_spark_dag.py
[2026-05-20T10:39:35.034+0000] {logging_mixin.py:190} INFO - [2026-05-20T10:39:35.034+0000] {dag.py:3239} INFO - Sync 1 DAGs
[2026-05-20T10:39:35.052+0000] {logging_mixin.py:190} INFO - [2026-05-20T10:39:35.051+0000] {dag.py:4180} INFO - Setting next_dagrun for hello_spark to 2026-05-19 00:00:00+00:00, run_after=2026-05-20 00:00:00+00:00
[2026-05-20T10:39:35.066+0000] {processor.py:208} INFO - Processing /opt/airflow/dags/submit_spark_dag.py took 0.061 seconds
[2026-05-20T10:40:05.631+0000] {processor.py:186} INFO - Started process (PID=4511) to work on /opt/airflow/dags/submit_spark_dag.py
[2026-05-20T10:40:05.631+0000] {processor.py:914} INFO - Processing file /opt/airflow/dags/submit_spark_dag.py for tasks to queue
[2026-05-20T10:40:05.632+0000] {logging_mixin.py:190} INFO - [2026-05-20T10:40:05.632+0000] {dagbag.py:588} INFO - Filling up the DagBag from /opt/airflow/dags/submit_spark_dag.py
[2026-05-20T10:40:05.639+0000] {processor.py:925} INFO - DAG(s) 'hello_spark' retrieved from /opt/airflow/dags/submit_spark_dag.py
[2026-05-20T10:40:05.656+0000] {logging_mixin.py:190} INFO - [2026-05-20T10:40:05.656+0000] {dag.py:3239} INFO - Sync 1 DAGs
[2026-05-20T10:40:05.674+0000] {logging_mixin.py:190} INFO - [2026-05-20T10:40:05.674+0000] {dag.py:4180} INFO - Setting next_dagrun for hello_spark to 2026-05-19 00:00:00+00:00, run_after=2026-05-20 00:00:00+00:00
[2026-05-20T10:40:05.688+0000] {processor.py:208} INFO - Processing /opt/airflow/dags/submit_spark_dag.py took 0.062 seconds
[2026-05-20T10:40:36.236+0000] {processor.py:186} INFO - Started process (PID=4525) to work on /opt/airflow/dags/submit_spark_dag.py
[2026-05-20T10:40:36.237+0000] {processor.py:914} INFO - Processing file /opt/airflow/dags/submit_spark_dag.py for tasks to queue
[2026-05-20T10:40:36.237+0000] {logging_mixin.py:190} INFO - [2026-05-20T10:40:36.237+0000] {dagbag.py:588} INFO - Filling up the DagBag from /opt/airflow/dags/submit_spark_dag.py
[2026-05-20T10:40:36.244+0000] {processor.py:925} INFO - DAG(s) 'hello_spark' retrieved from /opt/airflow/dags/submit_spark_dag.py
[2026-05-20T10:40:36.259+0000] {logging_mixin.py:190} INFO - [2026-05-20T10:40:36.259+0000] {dag.py:3239} INFO - Sync 1 DAGs
[2026-05-20T10:40:36.275+0000] {logging_mixin.py:190} INFO - [2026-05-20T10:40:36.275+0000] {dag.py:4180} INFO - Setting next_dagrun for hello_spark to 2026-05-19 00:00:00+00:00, run_after=2026-05-20 00:00:00+00:00
[2026-05-20T10:40:36.297+0000] {processor.py:208} INFO - Processing /opt/airflow/dags/submit_spark_dag.py took 0.065 seconds
[2026-05-20T10:41:06.881+0000] {processor.py:186} INFO - Started process (PID=4539) to work on /opt/airflow/dags/submit_spark_dag.py
[2026-05-20T10:41:06.883+0000] {processor.py:914} INFO - Processing file /opt/airflow/dags/submit_spark_dag.py for tasks to queue
[2026-05-20T10:41:06.883+0000] {logging_mixin.py:190} INFO - [2026-05-20T10:41:06.883+0000] {dagbag.py:588} INFO - Filling up the DagBag from /opt/airflow/dags/submit_spark_dag.py
[2026-05-20T10:41:06.890+0000] {processor.py:925} INFO - DAG(s) 'hello_spark' retrieved from /opt/airflow/dags/submit_spark_dag.py
[2026-05-20T10:41:06.908+0000] {logging_mixin.py:190} INFO - [2026-05-20T10:41:06.908+0000] {dag.py:3239} INFO - Sync 1 DAGs
[2026-05-20T10:41:06.926+0000] {logging_mixin.py:190} INFO - [2026-05-20T10:41:06.925+0000] {dag.py:4180} INFO - Setting next_dagrun for hello_spark to 2026-05-19 00:00:00+00:00, run_after=2026-05-20 00:00:00+00:00
[2026-05-20T10:41:06.940+0000] {processor.py:208} INFO - Processing /opt/airflow/dags/submit_spark_dag.py took 0.063 seconds
[2026-05-20T10:41:37.518+0000] {processor.py:186} INFO - Started process (PID=4553) to work on /opt/airflow/dags/submit_spark_dag.py
[2026-05-20T10:41:37.518+0000] {processor.py:914} INFO - Processing file /opt/airflow/dags/submit_spark_dag.py for tasks to queue
[2026-05-20T10:41:37.519+0000] {logging_mixin.py:190} INFO - [2026-05-20T10:41:37.519+0000] {dagbag.py:588} INFO - Filling up the DagBag from /opt/airflow/dags/submit_spark_dag.py
[2026-05-20T10:41:37.526+0000] {processor.py:925} INFO - DAG(s) 'hello_spark' retrieved from /opt/airflow/dags/submit_spark_dag.py
[2026-05-20T10:41:37.543+0000] {logging_mixin.py:190} INFO - [2026-05-20T10:41:37.543+0000] {dag.py:3239} INFO - Sync 1 DAGs
[2026-05-20T10:41:37.561+0000] {logging_mixin.py:190} INFO - [2026-05-20T10:41:37.561+0000] {dag.py:4180} INFO - Setting next_dagrun for hello_spark to 2026-05-19 00:00:00+00:00, run_after=2026-05-20 00:00:00+00:00
[2026-05-20T10:41:37.576+0000] {processor.py:208} INFO - Processing /opt/airflow/dags/submit_spark_dag.py took 0.062 seconds
[2026-05-20T10:42:08.257+0000] {processor.py:186} INFO - Started process (PID=4568) to work on /opt/airflow/dags/submit_spark_dag.py
[2026-05-20T10:42:08.259+0000] {processor.py:914} INFO - Processing file /opt/airflow/dags/submit_spark_dag.py for tasks to queue
[2026-05-20T10:42:08.259+0000] {logging_mixin.py:190} INFO - [2026-05-20T10:42:08.259+0000] {dagbag.py:588} INFO - Filling up the DagBag from /opt/airflow/dags/submit_spark_dag.py
[2026-05-20T10:42:08.266+0000] {processor.py:925} INFO - DAG(s) 'hello_spark' retrieved from /opt/airflow/dags/submit_spark_dag.py
[2026-05-20T10:42:08.283+0000] {logging_mixin.py:190} INFO - [2026-05-20T10:42:08.283+0000] {dag.py:3239} INFO - Sync 1 DAGs
[2026-05-20T10:42:08.301+0000] {logging_mixin.py:190} INFO - [2026-05-20T10:42:08.301+0000] {dag.py:4180} INFO - Setting next_dagrun for hello_spark to 2026-05-19 00:00:00+00:00, run_after=2026-05-20 00:00:00+00:00
[2026-05-20T10:42:08.315+0000] {processor.py:208} INFO - Processing /opt/airflow/dags/submit_spark_dag.py took 0.063 seconds
[2026-05-20T10:42:38.889+0000] {processor.py:186} INFO - Started process (PID=4582) to work on /opt/airflow/dags/submit_spark_dag.py
[2026-05-20T10:42:38.890+0000] {processor.py:914} INFO - Processing file /opt/airflow/dags/submit_spark_dag.py for tasks to queue
[2026-05-20T10:42:38.890+0000] {logging_mixin.py:190} INFO - [2026-05-20T10:42:38.890+0000] {dagbag.py:588} INFO - Filling up the DagBag from /opt/airflow/dags/submit_spark_dag.py
[2026-05-20T10:42:38.897+0000] {processor.py:925} INFO - DAG(s) 'hello_spark' retrieved from /opt/airflow/dags/submit_spark_dag.py
[2026-05-20T10:42:38.914+0000] {logging_mixin.py:190} INFO - [2026-05-20T10:42:38.914+0000] {dag.py:3239} INFO - Sync 1 DAGs
[2026-05-20T10:42:38.932+0000] {logging_mixin.py:190} INFO - [2026-05-20T10:42:38.932+0000] {dag.py:4180} INFO - Setting next_dagrun for hello_spark to 2026-05-19 00:00:00+00:00, run_after=2026-05-20 00:00:00+00:00
[2026-05-20T10:42:38.947+0000] {processor.py:208} INFO - Processing /opt/airflow/dags/submit_spark_dag.py took 0.062 seconds
[2026-05-20T10:43:09.518+0000] {processor.py:186} INFO - Started process (PID=4597) to work on /opt/airflow/dags/submit_spark_dag.py
[2026-05-20T10:43:09.520+0000] {processor.py:914} INFO - Processing file /opt/airflow/dags/submit_spark_dag.py for tasks to queue
[2026-05-20T10:43:09.520+0000] {logging_mixin.py:190} INFO - [2026-05-20T10:43:09.520+0000] {dagbag.py:588} INFO - Filling up the DagBag from /opt/airflow/dags/submit_spark_dag.py
[2026-05-20T10:43:09.528+0000] {processor.py:925} INFO - DAG(s) 'hello_spark' retrieved from /opt/airflow/dags/submit_spark_dag.py
[2026-05-20T10:43:09.547+0000] {logging_mixin.py:190} INFO - [2026-05-20T10:43:09.547+0000] {dag.py:3239} INFO - Sync 1 DAGs
[2026-05-20T10:43:09.567+0000] {logging_mixin.py:190} INFO - [2026-05-20T10:43:09.567+0000] {dag.py:4180} INFO - Setting next_dagrun for hello_spark to 2026-05-19 00:00:00+00:00, run_after=2026-05-20 00:00:00+00:00
[2026-05-20T10:43:09.583+0000] {processor.py:208} INFO - Processing /opt/airflow/dags/submit_spark_dag.py took 0.072 seconds
[2026-05-20T10:43:40.147+0000] {processor.py:186} INFO - Started process (PID=4611) to work on /opt/airflow/dags/submit_spark_dag.py
[2026-05-20T10:43:40.147+0000] {processor.py:914} INFO - Processing file /opt/airflow/dags/submit_spark_dag.py for tasks to queue
[2026-05-20T10:43:40.148+0000] {logging_mixin.py:190} INFO - [2026-05-20T10:43:40.148+0000] {dagbag.py:588} INFO - Filling up the DagBag from /opt/airflow/dags/submit_spark_dag.py
[2026-05-20T10:43:40.156+0000] {processor.py:925} INFO - DAG(s) 'hello_spark' retrieved from /opt/airflow/dags/submit_spark_dag.py
[2026-05-20T10:43:40.172+0000] {logging_mixin.py:190} INFO - [2026-05-20T10:43:40.171+0000] {dag.py:3239} INFO - Sync 1 DAGs
[2026-05-20T10:43:40.189+0000] {logging_mixin.py:190} INFO - [2026-05-20T10:43:40.189+0000] {dag.py:4180} INFO - Setting next_dagrun for hello_spark to 2026-05-19 00:00:00+00:00, run_after=2026-05-20 00:00:00+00:00
[2026-05-20T10:43:40.201+0000] {processor.py:208} INFO - Processing /opt/airflow/dags/submit_spark_dag.py took 0.058 seconds
[2026-05-20T10:44:10.707+0000] {processor.py:186} INFO - Started process (PID=4626) to work on /opt/airflow/dags/submit_spark_dag.py
[2026-05-20T10:44:10.715+0000] {processor.py:914} INFO - Processing file /opt/airflow/dags/submit_spark_dag.py for tasks to queue
[2026-05-20T10:44:10.716+0000] {logging_mixin.py:190} INFO - [2026-05-20T10:44:10.716+0000] {dagbag.py:588} INFO - Filling up the DagBag from /opt/airflow/dags/submit_spark_dag.py
[2026-05-20T10:44:10.723+0000] {processor.py:925} INFO - DAG(s) 'hello_spark' retrieved from /opt/airflow/dags/submit_spark_dag.py
[2026-05-20T10:44:10.738+0000] {logging_mixin.py:190} INFO - [2026-05-20T10:44:10.738+0000] {dag.py:3239} INFO - Sync 1 DAGs
[2026-05-20T10:44:10.755+0000] {logging_mixin.py:190} INFO - [2026-05-20T10:44:10.755+0000] {dag.py:4180} INFO - Setting next_dagrun for hello_spark to 2026-05-19 00:00:00+00:00, run_after=2026-05-20 00:00:00+00:00
[2026-05-20T10:44:10.768+0000] {processor.py:208} INFO - Processing /opt/airflow/dags/submit_spark_dag.py took 0.065 seconds
[2026-05-20T10:44:41.328+0000] {processor.py:186} INFO - Started process (PID=4640) to work on /opt/airflow/dags/submit_spark_dag.py
[2026-05-20T10:44:41.328+0000] {processor.py:914} INFO - Processing file /opt/airflow/dags/submit_spark_dag.py for tasks to queue
[2026-05-20T10:44:41.329+0000] {logging_mixin.py:190} INFO - [2026-05-20T10:44:41.329+0000] {dagbag.py:588} INFO - Filling up the DagBag from /opt/airflow/dags/submit_spark_dag.py
[2026-05-20T10:44:41.335+0000] {processor.py:925} INFO - DAG(s) 'hello_spark' retrieved from /opt/airflow/dags/submit_spark_dag.py
[2026-05-20T10:44:41.352+0000] {logging_mixin.py:190} INFO - [2026-05-20T10:44:41.352+0000] {dag.py:3239} INFO - Sync 1 DAGs
[2026-05-20T10:44:41.370+0000] {logging_mixin.py:190} INFO - [2026-05-20T10:44:41.369+0000] {dag.py:4180} INFO - Setting next_dagrun for hello_spark to 2026-05-19 00:00:00+00:00, run_after=2026-05-20 00:00:00+00:00
[2026-05-20T10:44:41.382+0000] {processor.py:208} INFO - Processing /opt/airflow/dags/submit_spark_dag.py took 0.059 seconds
[2026-05-20T10:45:11.975+0000] {processor.py:186} INFO - Started process (PID=4654) to work on /opt/airflow/dags/submit_spark_dag.py
[2026-05-20T10:45:11.976+0000] {processor.py:914} INFO - Processing file /opt/airflow/dags/submit_spark_dag.py for tasks to queue
[2026-05-20T10:45:11.976+0000] {logging_mixin.py:190} INFO - [2026-05-20T10:45:11.976+0000] {dagbag.py:588} INFO - Filling up the DagBag from /opt/airflow/dags/submit_spark_dag.py
[2026-05-20T10:45:11.983+0000] {processor.py:925} INFO - DAG(s) 'hello_spark' retrieved from /opt/airflow/dags/submit_spark_dag.py
[2026-05-20T10:45:12.001+0000] {logging_mixin.py:190} INFO - [2026-05-20T10:45:12.000+0000] {dag.py:3239} INFO - Sync 1 DAGs
[2026-05-20T10:45:12.018+0000] {logging_mixin.py:190} INFO - [2026-05-20T10:45:12.018+0000] {dag.py:4180} INFO - Setting next_dagrun for hello_spark to 2026-05-19 00:00:00+00:00, run_after=2026-05-20 00:00:00+00:00
[2026-05-20T10:45:12.031+0000] {processor.py:208} INFO - Processing /opt/airflow/dags/submit_spark_dag.py took 0.061 seconds
[2026-05-20T10:45:42.820+0000] {processor.py:186} INFO - Started process (PID=4670) to work on /opt/airflow/dags/submit_spark_dag.py
[2026-05-20T10:45:42.820+0000] {processor.py:914} INFO - Processing file /opt/airflow/dags/submit_spark_dag.py for tasks to queue
[2026-05-20T10:45:42.821+0000] {logging_mixin.py:190} INFO - [2026-05-20T10:45:42.821+0000] {dagbag.py:588} INFO - Filling up the DagBag from /opt/airflow/dags/submit_spark_dag.py
[2026-05-20T10:45:42.828+0000] {processor.py:925} INFO - DAG(s) 'hello_spark' retrieved from /opt/airflow/dags/submit_spark_dag.py
[2026-05-20T10:45:42.843+0000] {logging_mixin.py:190} INFO - [2026-05-20T10:45:42.843+0000] {dag.py:3239} INFO - Sync 1 DAGs
[2026-05-20T10:45:42.859+0000] {logging_mixin.py:190} INFO - [2026-05-20T10:45:42.859+0000] {dag.py:4180} INFO - Setting next_dagrun for hello_spark to 2026-05-19 00:00:00+00:00, run_after=2026-05-20 00:00:00+00:00
[2026-05-20T10:45:42.871+0000] {processor.py:208} INFO - Processing /opt/airflow/dags/submit_spark_dag.py took 0.055 seconds
[2026-05-20T10:46:13.634+0000] {processor.py:186} INFO - Started process (PID=4684) to work on /opt/airflow/dags/submit_spark_dag.py
[2026-05-20T10:46:13.636+0000] {processor.py:914} INFO - Processing file /opt/airflow/dags/submit_spark_dag.py for tasks to queue
[2026-05-20T10:46:13.636+0000] {logging_mixin.py:190} INFO - [2026-05-20T10:46:13.636+0000] {dagbag.py:588} INFO - Filling up the DagBag from /opt/airflow/dags/submit_spark_dag.py
[2026-05-20T10:46:13.643+0000] {processor.py:925} INFO - DAG(s) 'hello_spark' retrieved from /opt/airflow/dags/submit_spark_dag.py
[2026-05-20T10:46:13.660+0000] {logging_mixin.py:190} INFO - [2026-05-20T10:46:13.660+0000] {dag.py:3239} INFO - Sync 1 DAGs
[2026-05-20T10:46:13.678+0000] {logging_mixin.py:190} INFO - [2026-05-20T10:46:13.678+0000] {dag.py:4180} INFO - Setting next_dagrun for hello_spark to 2026-05-19 00:00:00+00:00, run_after=2026-05-20 00:00:00+00:00
[2026-05-20T10:46:13.691+0000] {processor.py:208} INFO - Processing /opt/airflow/dags/submit_spark_dag.py took 0.061 seconds
[2026-05-20T10:46:44.229+0000] {processor.py:186} INFO - Started process (PID=4698) to work on /opt/airflow/dags/submit_spark_dag.py
[2026-05-20T10:46:44.230+0000] {processor.py:914} INFO - Processing file /opt/airflow/dags/submit_spark_dag.py for tasks to queue
[2026-05-20T10:46:44.230+0000] {logging_mixin.py:190} INFO - [2026-05-20T10:46:44.230+0000] {dagbag.py:588} INFO - Filling up the DagBag from /opt/airflow/dags/submit_spark_dag.py
[2026-05-20T10:46:44.237+0000] {processor.py:925} INFO - DAG(s) 'hello_spark' retrieved from /opt/airflow/dags/submit_spark_dag.py
[2026-05-20T10:46:44.254+0000] {logging_mixin.py:190} INFO - [2026-05-20T10:46:44.254+0000] {dag.py:3239} INFO - Sync 1 DAGs
[2026-05-20T10:46:44.271+0000] {logging_mixin.py:190} INFO - [2026-05-20T10:46:44.271+0000] {dag.py:4180} INFO - Setting next_dagrun for hello_spark to 2026-05-19 00:00:00+00:00, run_after=2026-05-20 00:00:00+00:00
[2026-05-20T10:46:44.284+0000] {processor.py:208} INFO - Processing /opt/airflow/dags/submit_spark_dag.py took 0.059 seconds
[2026-05-20T10:47:14.852+0000] {processor.py:186} INFO - Started process (PID=4712) to work on /opt/airflow/dags/submit_spark_dag.py
[2026-05-20T10:47:14.853+0000] {processor.py:914} INFO - Processing file /opt/airflow/dags/submit_spark_dag.py for tasks to queue
[2026-05-20T10:47:14.854+0000] {logging_mixin.py:190} INFO - [2026-05-20T10:47:14.854+0000] {dagbag.py:588} INFO - Filling up the DagBag from /opt/airflow/dags/submit_spark_dag.py
[2026-05-20T10:47:14.860+0000] {processor.py:925} INFO - DAG(s) 'hello_spark' retrieved from /opt/airflow/dags/submit_spark_dag.py
[2026-05-20T10:47:14.878+0000] {logging_mixin.py:190} INFO - [2026-05-20T10:47:14.878+0000] {dag.py:3239} INFO - Sync 1 DAGs
[2026-05-20T10:47:14.895+0000] {logging_mixin.py:190} INFO - [2026-05-20T10:47:14.895+0000] {dag.py:4180} INFO - Setting next_dagrun for hello_spark to 2026-05-19 00:00:00+00:00, run_after=2026-05-20 00:00:00+00:00
[2026-05-20T10:47:14.908+0000] {processor.py:208} INFO - Processing /opt/airflow/dags/submit_spark_dag.py took 0.059 seconds
[2026-05-20T10:47:45.400+0000] {processor.py:186} INFO - Started process (PID=4726) to work on /opt/airflow/dags/submit_spark_dag.py
[2026-05-20T10:47:45.400+0000] {processor.py:914} INFO - Processing file /opt/airflow/dags/submit_spark_dag.py for tasks to queue
[2026-05-20T10:47:45.401+0000] {logging_mixin.py:190} INFO - [2026-05-20T10:47:45.401+0000] {dagbag.py:588} INFO - Filling up the DagBag from /opt/airflow/dags/submit_spark_dag.py
[2026-05-20T10:47:45.407+0000] {processor.py:925} INFO - DAG(s) 'hello_spark' retrieved from /opt/airflow/dags/submit_spark_dag.py
[2026-05-20T10:47:45.424+0000] {logging_mixin.py:190} INFO - [2026-05-20T10:47:45.424+0000] {dag.py:3239} INFO - Sync 1 DAGs
[2026-05-20T10:47:45.441+0000] {logging_mixin.py:190} INFO - [2026-05-20T10:47:45.441+0000] {dag.py:4180} INFO - Setting next_dagrun for hello_spark to 2026-05-19 00:00:00+00:00, run_after=2026-05-20 00:00:00+00:00
[2026-05-20T10:47:45.454+0000] {processor.py:208} INFO - Processing /opt/airflow/dags/submit_spark_dag.py took 0.058 seconds
[2026-05-20T10:48:16.051+0000] {processor.py:186} INFO - Started process (PID=4740) to work on /opt/airflow/dags/submit_spark_dag.py
[2026-05-20T10:48:16.052+0000] {processor.py:914} INFO - Processing file /opt/airflow/dags/submit_spark_dag.py for tasks to queue
[2026-05-20T10:48:16.053+0000] {logging_mixin.py:190} INFO - [2026-05-20T10:48:16.052+0000] {dagbag.py:588} INFO - Filling up the DagBag from /opt/airflow/dags/submit_spark_dag.py
[2026-05-20T10:48:16.059+0000] {processor.py:925} INFO - DAG(s) 'hello_spark' retrieved from /opt/airflow/dags/submit_spark_dag.py
[2026-05-20T10:48:16.075+0000] {logging_mixin.py:190} INFO - [2026-05-20T10:48:16.075+0000] {dag.py:3239} INFO - Sync 1 DAGs
[2026-05-20T10:48:16.092+0000] {logging_mixin.py:190} INFO - [2026-05-20T10:48:16.092+0000] {dag.py:4180} INFO - Setting next_dagrun for hello_spark to 2026-05-19 00:00:00+00:00, run_after=2026-05-20 00:00:00+00:00
[2026-05-20T10:48:16.105+0000] {processor.py:208} INFO - Processing /opt/airflow/dags/submit_spark_dag.py took 0.058 seconds
[2026-05-20T10:48:46.603+0000] {processor.py:186} INFO - Started process (PID=4754) to work on /opt/airflow/dags/submit_spark_dag.py
[2026-05-20T10:48:46.604+0000] {processor.py:914} INFO - Processing file /opt/airflow/dags/submit_spark_dag.py for tasks to queue
[2026-05-20T10:48:46.605+0000] {logging_mixin.py:190} INFO - [2026-05-20T10:48:46.604+0000] {dagbag.py:588} INFO - Filling up the DagBag from /opt/airflow/dags/submit_spark_dag.py
[2026-05-20T10:48:46.611+0000] {processor.py:925} INFO - DAG(s) 'hello_spark' retrieved from /opt/airflow/dags/submit_spark_dag.py
[2026-05-20T10:48:46.628+0000] {logging_mixin.py:190} INFO - [2026-05-20T10:48:46.628+0000] {dag.py:3239} INFO - Sync 1 DAGs
[2026-05-20T10:48:46.646+0000] {logging_mixin.py:190} INFO - [2026-05-20T10:48:46.645+0000] {dag.py:4180} INFO - Setting next_dagrun for hello_spark to 2026-05-19 00:00:00+00:00, run_after=2026-05-20 00:00:00+00:00
[2026-05-20T10:48:46.658+0000] {processor.py:208} INFO - Processing /opt/airflow/dags/submit_spark_dag.py took 0.059 seconds
[2026-05-20T10:49:17.212+0000] {processor.py:186} INFO - Started process (PID=4769) to work on /opt/airflow/dags/submit_spark_dag.py
[2026-05-20T10:49:17.213+0000] {processor.py:914} INFO - Processing file /opt/airflow/dags/submit_spark_dag.py for tasks to queue
[2026-05-20T10:49:17.213+0000] {logging_mixin.py:190} INFO - [2026-05-20T10:49:17.213+0000] {dagbag.py:588} INFO - Filling up the DagBag from /opt/airflow/dags/submit_spark_dag.py
[2026-05-20T10:49:17.220+0000] {processor.py:925} INFO - DAG(s) 'hello_spark' retrieved from /opt/airflow/dags/submit_spark_dag.py
[2026-05-20T10:49:17.238+0000] {logging_mixin.py:190} INFO - [2026-05-20T10:49:17.238+0000] {dag.py:3239} INFO - Sync 1 DAGs
[2026-05-20T10:49:17.256+0000] {logging_mixin.py:190} INFO - [2026-05-20T10:49:17.256+0000] {dag.py:4180} INFO - Setting next_dagrun for hello_spark to 2026-05-19 00:00:00+00:00, run_after=2026-05-20 00:00:00+00:00
[2026-05-20T10:49:17.269+0000] {processor.py:208} INFO - Processing /opt/airflow/dags/submit_spark_dag.py took 0.062 seconds
[2026-05-20T10:49:47.779+0000] {processor.py:186} INFO - Started process (PID=4783) to work on /opt/airflow/dags/submit_spark_dag.py
[2026-05-20T10:49:47.780+0000] {processor.py:914} INFO - Processing file /opt/airflow/dags/submit_spark_dag.py for tasks to queue
[2026-05-20T10:49:47.781+0000] {logging_mixin.py:190} INFO - [2026-05-20T10:49:47.780+0000] {dagbag.py:588} INFO - Filling up the DagBag from /opt/airflow/dags/submit_spark_dag.py
[2026-05-20T10:49:47.787+0000] {processor.py:925} INFO - DAG(s) 'hello_spark' retrieved from /opt/airflow/dags/submit_spark_dag.py
[2026-05-20T10:49:47.804+0000] {logging_mixin.py:190} INFO - [2026-05-20T10:49:47.804+0000] {dag.py:3239} INFO - Sync 1 DAGs
[2026-05-20T10:49:47.823+0000] {logging_mixin.py:190} INFO - [2026-05-20T10:49:47.823+0000] {dag.py:4180} INFO - Setting next_dagrun for hello_spark to 2026-05-19 00:00:00+00:00, run_after=2026-05-20 00:00:00+00:00
[2026-05-20T10:49:47.837+0000] {processor.py:208} INFO - Processing /opt/airflow/dags/submit_spark_dag.py took 0.061 seconds
[2026-05-20T10:50:18.403+0000] {processor.py:186} INFO - Started process (PID=4797) to work on /opt/airflow/dags/submit_spark_dag.py
[2026-05-20T10:50:18.404+0000] {processor.py:914} INFO - Processing file /opt/airflow/dags/submit_spark_dag.py for tasks to queue
[2026-05-20T10:50:18.405+0000] {logging_mixin.py:190} INFO - [2026-05-20T10:50:18.405+0000] {dagbag.py:588} INFO - Filling up the DagBag from /opt/airflow/dags/submit_spark_dag.py
[2026-05-20T10:50:18.411+0000] {processor.py:925} INFO - DAG(s) 'hello_spark' retrieved from /opt/airflow/dags/submit_spark_dag.py
[2026-05-20T10:50:18.428+0000] {logging_mixin.py:190} INFO - [2026-05-20T10:50:18.428+0000] {dag.py:3239} INFO - Sync 1 DAGs
[2026-05-20T10:50:18.445+0000] {logging_mixin.py:190} INFO - [2026-05-20T10:50:18.445+0000] {dag.py:4180} INFO - Setting next_dagrun for hello_spark to 2026-05-19 00:00:00+00:00, run_after=2026-05-20 00:00:00+00:00
[2026-05-20T10:50:18.457+0000] {processor.py:208} INFO - Processing /opt/airflow/dags/submit_spark_dag.py took 0.058 seconds
[2026-05-20T10:50:49.014+0000] {processor.py:186} INFO - Started process (PID=4811) to work on /opt/airflow/dags/submit_spark_dag.py
[2026-05-20T10:50:49.015+0000] {processor.py:914} INFO - Processing file /opt/airflow/dags/submit_spark_dag.py for tasks to queue
[2026-05-20T10:50:49.016+0000] {logging_mixin.py:190} INFO - [2026-05-20T10:50:49.016+0000] {dagbag.py:588} INFO - Filling up the DagBag from /opt/airflow/dags/submit_spark_dag.py
[2026-05-20T10:50:49.025+0000] {processor.py:925} INFO - DAG(s) 'hello_spark' retrieved from /opt/airflow/dags/submit_spark_dag.py
[2026-05-20T10:50:49.044+0000] {logging_mixin.py:190} INFO - [2026-05-20T10:50:49.044+0000] {dag.py:3239} INFO - Sync 1 DAGs
[2026-05-20T10:50:49.062+0000] {logging_mixin.py:190} INFO - [2026-05-20T10:50:49.062+0000] {dag.py:4180} INFO - Setting next_dagrun for hello_spark to 2026-05-19 00:00:00+00:00, run_after=2026-05-20 00:00:00+00:00
[2026-05-20T10:50:49.075+0000] {processor.py:208} INFO - Processing /opt/airflow/dags/submit_spark_dag.py took 0.070 seconds
[2026-05-20T10:51:19.577+0000] {processor.py:186} INFO - Started process (PID=4825) to work on /opt/airflow/dags/submit_spark_dag.py
[2026-05-20T10:51:19.578+0000] {processor.py:914} INFO - Processing file /opt/airflow/dags/submit_spark_dag.py for tasks to queue
[2026-05-20T10:51:19.579+0000] {logging_mixin.py:190} INFO - [2026-05-20T10:51:19.579+0000] {dagbag.py:588} INFO - Filling up the DagBag from /opt/airflow/dags/submit_spark_dag.py
[2026-05-20T10:51:19.585+0000] {processor.py:925} INFO - DAG(s) 'hello_spark' retrieved from /opt/airflow/dags/submit_spark_dag.py
[2026-05-20T10:51:19.602+0000] {logging_mixin.py:190} INFO - [2026-05-20T10:51:19.602+0000] {dag.py:3239} INFO - Sync 1 DAGs
[2026-05-20T10:51:19.620+0000] {logging_mixin.py:190} INFO - [2026-05-20T10:51:19.620+0000] {dag.py:4180} INFO - Setting next_dagrun for hello_spark to 2026-05-19 00:00:00+00:00, run_after=2026-05-20 00:00:00+00:00
[2026-05-20T10:51:19.633+0000] {processor.py:208} INFO - Processing /opt/airflow/dags/submit_spark_dag.py took 0.060 seconds
[2026-05-20T10:51:50.210+0000] {processor.py:186} INFO - Started process (PID=4839) to work on /opt/airflow/dags/submit_spark_dag.py
[2026-05-20T10:51:50.210+0000] {processor.py:914} INFO - Processing file /opt/airflow/dags/submit_spark_dag.py for tasks to queue
[2026-05-20T10:51:50.211+0000] {logging_mixin.py:190} INFO - [2026-05-20T10:51:50.211+0000] {dagbag.py:588} INFO - Filling up the DagBag from /opt/airflow/dags/submit_spark_dag.py
[2026-05-20T10:51:50.217+0000] {processor.py:925} INFO - DAG(s) 'hello_spark' retrieved from /opt/airflow/dags/submit_spark_dag.py
[2026-05-20T10:51:50.235+0000] {logging_mixin.py:190} INFO - [2026-05-20T10:51:50.234+0000] {dag.py:3239} INFO - Sync 1 DAGs
[2026-05-20T10:51:50.252+0000] {logging_mixin.py:190} INFO - [2026-05-20T10:51:50.252+0000] {dag.py:4180} INFO - Setting next_dagrun for hello_spark to 2026-05-19 00:00:00+00:00, run_after=2026-05-20 00:00:00+00:00
[2026-05-20T10:51:50.265+0000] {processor.py:208} INFO - Processing /opt/airflow/dags/submit_spark_dag.py took 0.059 seconds
[2026-05-20T10:52:20.862+0000] {processor.py:186} INFO - Started process (PID=4853) to work on /opt/airflow/dags/submit_spark_dag.py
[2026-05-20T10:52:20.862+0000] {processor.py:914} INFO - Processing file /opt/airflow/dags/submit_spark_dag.py for tasks to queue
[2026-05-20T10:52:20.863+0000] {logging_mixin.py:190} INFO - [2026-05-20T10:52:20.863+0000] {dagbag.py:588} INFO - Filling up the DagBag from /opt/airflow/dags/submit_spark_dag.py
[2026-05-20T10:52:20.870+0000] {processor.py:925} INFO - DAG(s) 'hello_spark' retrieved from /opt/airflow/dags/submit_spark_dag.py
[2026-05-20T10:52:20.887+0000] {logging_mixin.py:190} INFO - [2026-05-20T10:52:20.887+0000] {dag.py:3239} INFO - Sync 1 DAGs
[2026-05-20T10:52:20.905+0000] {logging_mixin.py:190} INFO - [2026-05-20T10:52:20.905+0000] {dag.py:4180} INFO - Setting next_dagrun for hello_spark to 2026-05-19 00:00:00+00:00, run_after=2026-05-20 00:00:00+00:00
[2026-05-20T10:52:20.917+0000] {processor.py:208} INFO - Processing /opt/airflow/dags/submit_spark_dag.py took 0.060 seconds
[2026-05-20T10:52:51.464+0000] {processor.py:186} INFO - Started process (PID=4868) to work on /opt/airflow/dags/submit_spark_dag.py
[2026-05-20T10:52:51.465+0000] {processor.py:914} INFO - Processing file /opt/airflow/dags/submit_spark_dag.py for tasks to queue
[2026-05-20T10:52:51.465+0000] {logging_mixin.py:190} INFO - [2026-05-20T10:52:51.465+0000] {dagbag.py:588} INFO - Filling up the DagBag from /opt/airflow/dags/submit_spark_dag.py
[2026-05-20T10:52:51.473+0000] {processor.py:925} INFO - DAG(s) 'hello_spark' retrieved from /opt/airflow/dags/submit_spark_dag.py
[2026-05-20T10:52:51.487+0000] {logging_mixin.py:190} INFO - [2026-05-20T10:52:51.487+0000] {dag.py:3239} INFO - Sync 1 DAGs
[2026-05-20T10:52:51.504+0000] {logging_mixin.py:190} INFO - [2026-05-20T10:52:51.504+0000] {dag.py:4180} INFO - Setting next_dagrun for hello_spark to 2026-05-19 00:00:00+00:00, run_after=2026-05-20 00:00:00+00:00
[2026-05-20T10:52:51.515+0000] {processor.py:208} INFO - Processing /opt/airflow/dags/submit_spark_dag.py took 0.055 seconds
[2026-05-20T10:53:22.040+0000] {processor.py:186} INFO - Started process (PID=4882) to work on /opt/airflow/dags/submit_spark_dag.py
[2026-05-20T10:53:22.046+0000] {processor.py:914} INFO - Processing file /opt/airflow/dags/submit_spark_dag.py for tasks to queue
[2026-05-20T10:53:22.046+0000] {logging_mixin.py:190} INFO - [2026-05-20T10:53:22.046+0000] {dagbag.py:588} INFO - Filling up the DagBag from /opt/airflow/dags/submit_spark_dag.py
[2026-05-20T10:53:22.053+0000] {processor.py:925} INFO - DAG(s) 'hello_spark' retrieved from /opt/airflow/dags/submit_spark_dag.py
[2026-05-20T10:53:22.068+0000] {logging_mixin.py:190} INFO - [2026-05-20T10:53:22.068+0000] {dag.py:3239} INFO - Sync 1 DAGs
[2026-05-20T10:53:22.085+0000] {logging_mixin.py:190} INFO - [2026-05-20T10:53:22.085+0000] {dag.py:4180} INFO - Setting next_dagrun for hello_spark to 2026-05-19 00:00:00+00:00, run_after=2026-05-20 00:00:00+00:00
[2026-05-20T10:53:22.096+0000] {processor.py:208} INFO - Processing /opt/airflow/dags/submit_spark_dag.py took 0.060 seconds
[2026-05-20T10:53:52.654+0000] {processor.py:186} INFO - Started process (PID=4896) to work on /opt/airflow/dags/submit_spark_dag.py
[2026-05-20T10:53:52.655+0000] {processor.py:914} INFO - Processing file /opt/airflow/dags/submit_spark_dag.py for tasks to queue
[2026-05-20T10:53:52.656+0000] {logging_mixin.py:190} INFO - [2026-05-20T10:53:52.655+0000] {dagbag.py:588} INFO - Filling up the DagBag from /opt/airflow/dags/submit_spark_dag.py
[2026-05-20T10:53:52.662+0000] {processor.py:925} INFO - DAG(s) 'hello_spark' retrieved from /opt/airflow/dags/submit_spark_dag.py
[2026-05-20T10:53:52.680+0000] {logging_mixin.py:190} INFO - [2026-05-20T10:53:52.680+0000] {dag.py:3239} INFO - Sync 1 DAGs
[2026-05-20T10:53:52.697+0000] {logging_mixin.py:190} INFO - [2026-05-20T10:53:52.697+0000] {dag.py:4180} INFO - Setting next_dagrun for hello_spark to 2026-05-19 00:00:00+00:00, run_after=2026-05-20 00:00:00+00:00
[2026-05-20T10:53:52.711+0000] {processor.py:208} INFO - Processing /opt/airflow/dags/submit_spark_dag.py took 0.060 seconds
[2026-05-20T10:54:23.255+0000] {processor.py:186} INFO - Started process (PID=4910) to work on /opt/airflow/dags/submit_spark_dag.py
[2026-05-20T10:54:23.256+0000] {processor.py:914} INFO - Processing file /opt/airflow/dags/submit_spark_dag.py for tasks to queue
[2026-05-20T10:54:23.256+0000] {logging_mixin.py:190} INFO - [2026-05-20T10:54:23.256+0000] {dagbag.py:588} INFO - Filling up the DagBag from /opt/airflow/dags/submit_spark_dag.py
[2026-05-20T10:54:23.264+0000] {processor.py:925} INFO - DAG(s) 'hello_spark' retrieved from /opt/airflow/dags/submit_spark_dag.py
[2026-05-20T10:54:23.281+0000] {logging_mixin.py:190} INFO - [2026-05-20T10:54:23.281+0000] {dag.py:3239} INFO - Sync 1 DAGs
[2026-05-20T10:54:23.298+0000] {logging_mixin.py:190} INFO - [2026-05-20T10:54:23.298+0000] {dag.py:4180} INFO - Setting next_dagrun for hello_spark to 2026-05-19 00:00:00+00:00, run_after=2026-05-20 00:00:00+00:00
[2026-05-20T10:54:23.311+0000] {processor.py:208} INFO - Processing /opt/airflow/dags/submit_spark_dag.py took 0.060 seconds
[2026-05-20T10:54:54.045+0000] {processor.py:186} INFO - Started process (PID=4924) to work on /opt/airflow/dags/submit_spark_dag.py
[2026-05-20T10:54:54.046+0000] {processor.py:914} INFO - Processing file /opt/airflow/dags/submit_spark_dag.py for tasks to queue
[2026-05-20T10:54:54.047+0000] {logging_mixin.py:190} INFO - [2026-05-20T10:54:54.046+0000] {dagbag.py:588} INFO - Filling up the DagBag from /opt/airflow/dags/submit_spark_dag.py
[2026-05-20T10:54:54.053+0000] {processor.py:925} INFO - DAG(s) 'hello_spark' retrieved from /opt/airflow/dags/submit_spark_dag.py
[2026-05-20T10:54:54.070+0000] {logging_mixin.py:190} INFO - [2026-05-20T10:54:54.070+0000] {dag.py:3239} INFO - Sync 1 DAGs
[2026-05-20T10:54:54.087+0000] {logging_mixin.py:190} INFO - [2026-05-20T10:54:54.087+0000] {dag.py:4180} INFO - Setting next_dagrun for hello_spark to 2026-05-19 00:00:00+00:00, run_after=2026-05-20 00:00:00+00:00
[2026-05-20T10:54:54.100+0000] {processor.py:208} INFO - Processing /opt/airflow/dags/submit_spark_dag.py took 0.058 seconds
[2026-05-20T10:55:24.690+0000] {processor.py:186} INFO - Started process (PID=4938) to work on /opt/airflow/dags/submit_spark_dag.py
[2026-05-20T10:55:24.692+0000] {processor.py:914} INFO - Processing file /opt/airflow/dags/submit_spark_dag.py for tasks to queue
[2026-05-20T10:55:24.694+0000] {logging_mixin.py:190} INFO - [2026-05-20T10:55:24.693+0000] {dagbag.py:588} INFO - Filling up the DagBag from /opt/airflow/dags/submit_spark_dag.py
[2026-05-20T10:55:24.705+0000] {processor.py:925} INFO - DAG(s) 'hello_spark' retrieved from /opt/airflow/dags/submit_spark_dag.py
[2026-05-20T10:55:24.725+0000] {logging_mixin.py:190} INFO - [2026-05-20T10:55:24.725+0000] {dag.py:3239} INFO - Sync 1 DAGs
[2026-05-20T10:55:24.743+0000] {logging_mixin.py:190} INFO - [2026-05-20T10:55:24.743+0000] {dag.py:4180} INFO - Setting next_dagrun for hello_spark to 2026-05-19 00:00:00+00:00, run_after=2026-05-20 00:00:00+00:00
[2026-05-20T10:55:24.755+0000] {processor.py:208} INFO - Processing /opt/airflow/dags/submit_spark_dag.py took 0.076 seconds
[2026-05-20T10:55:55.275+0000] {processor.py:186} INFO - Started process (PID=4953) to work on /opt/airflow/dags/submit_spark_dag.py
[2026-05-20T10:55:55.275+0000] {processor.py:914} INFO - Processing file /opt/airflow/dags/submit_spark_dag.py for tasks to queue
[2026-05-20T10:55:55.276+0000] {logging_mixin.py:190} INFO - [2026-05-20T10:55:55.276+0000] {dagbag.py:588} INFO - Filling up the DagBag from /opt/airflow/dags/submit_spark_dag.py
[2026-05-20T10:55:55.282+0000] {processor.py:925} INFO - DAG(s) 'hello_spark' retrieved from /opt/airflow/dags/submit_spark_dag.py
[2026-05-20T10:55:55.299+0000] {logging_mixin.py:190} INFO - [2026-05-20T10:55:55.298+0000] {dag.py:3239} INFO - Sync 1 DAGs
[2026-05-20T10:55:55.315+0000] {logging_mixin.py:190} INFO - [2026-05-20T10:55:55.315+0000] {dag.py:4180} INFO - Setting next_dagrun for hello_spark to 2026-05-19 00:00:00+00:00, run_after=2026-05-20 00:00:00+00:00
[2026-05-20T10:55:55.328+0000] {processor.py:208} INFO - Processing /opt/airflow/dags/submit_spark_dag.py took 0.058 seconds
[2026-05-20T10:56:25.937+0000] {processor.py:186} INFO - Started process (PID=4974) to work on /opt/airflow/dags/submit_spark_dag.py
[2026-05-20T10:56:25.938+0000] {processor.py:914} INFO - Processing file /opt/airflow/dags/submit_spark_dag.py for tasks to queue
[2026-05-20T10:56:25.939+0000] {logging_mixin.py:190} INFO - [2026-05-20T10:56:25.939+0000] {dagbag.py:588} INFO - Filling up the DagBag from /opt/airflow/dags/submit_spark_dag.py
[2026-05-20T10:56:25.949+0000] {processor.py:925} INFO - DAG(s) 'hello_spark' retrieved from /opt/airflow/dags/submit_spark_dag.py
[2026-05-20T10:56:25.967+0000] {logging_mixin.py:190} INFO - [2026-05-20T10:56:25.967+0000] {dag.py:3239} INFO - Sync 1 DAGs
[2026-05-20T10:56:25.985+0000] {logging_mixin.py:190} INFO - [2026-05-20T10:56:25.985+0000] {dag.py:4180} INFO - Setting next_dagrun for hello_spark to 2026-05-19 00:00:00+00:00, run_after=2026-05-20 00:00:00+00:00
[2026-05-20T10:56:25.997+0000] {processor.py:208} INFO - Processing /opt/airflow/dags/submit_spark_dag.py took 0.069 seconds
[2026-05-20T10:56:56.559+0000] {processor.py:186} INFO - Started process (PID=4989) to work on /opt/airflow/dags/submit_spark_dag.py
[2026-05-20T10:56:56.560+0000] {processor.py:914} INFO - Processing file /opt/airflow/dags/submit_spark_dag.py for tasks to queue
[2026-05-20T10:56:56.561+0000] {logging_mixin.py:190} INFO - [2026-05-20T10:56:56.560+0000] {dagbag.py:588} INFO - Filling up the DagBag from /opt/airflow/dags/submit_spark_dag.py
[2026-05-20T10:56:56.567+0000] {processor.py:925} INFO - DAG(s) 'hello_spark' retrieved from /opt/airflow/dags/submit_spark_dag.py
[2026-05-20T10:56:56.584+0000] {logging_mixin.py:190} INFO - [2026-05-20T10:56:56.583+0000] {dag.py:3239} INFO - Sync 1 DAGs
[2026-05-20T10:56:56.601+0000] {logging_mixin.py:190} INFO - [2026-05-20T10:56:56.601+0000] {dag.py:4180} INFO - Setting next_dagrun for hello_spark to 2026-05-19 00:00:00+00:00, run_after=2026-05-20 00:00:00+00:00
[2026-05-20T10:56:56.614+0000] {processor.py:208} INFO - Processing /opt/airflow/dags/submit_spark_dag.py took 0.058 seconds
[2026-05-20T10:57:27.161+0000] {processor.py:186} INFO - Started process (PID=5004) to work on /opt/airflow/dags/submit_spark_dag.py
[2026-05-20T10:57:27.164+0000] {processor.py:914} INFO - Processing file /opt/airflow/dags/submit_spark_dag.py for tasks to queue
[2026-05-20T10:57:27.164+0000] {logging_mixin.py:190} INFO - [2026-05-20T10:57:27.164+0000] {dagbag.py:588} INFO - Filling up the DagBag from /opt/airflow/dags/submit_spark_dag.py
[2026-05-20T10:57:27.171+0000] {processor.py:925} INFO - DAG(s) 'hello_spark' retrieved from /opt/airflow/dags/submit_spark_dag.py
[2026-05-20T10:57:27.189+0000] {logging_mixin.py:190} INFO - [2026-05-20T10:57:27.188+0000] {dag.py:3239} INFO - Sync 1 DAGs
[2026-05-20T10:57:27.210+0000] {logging_mixin.py:190} INFO - [2026-05-20T10:57:27.210+0000] {dag.py:4180} INFO - Setting next_dagrun for hello_spark to 2026-05-19 00:00:00+00:00, run_after=2026-05-20 00:00:00+00:00
[2026-05-20T10:57:27.222+0000] {processor.py:208} INFO - Processing /opt/airflow/dags/submit_spark_dag.py took 0.065 seconds
[2026-05-20T10:57:57.779+0000] {processor.py:186} INFO - Started process (PID=5018) to work on /opt/airflow/dags/submit_spark_dag.py
[2026-05-20T10:57:57.780+0000] {processor.py:914} INFO - Processing file /opt/airflow/dags/submit_spark_dag.py for tasks to queue
[2026-05-20T10:57:57.780+0000] {logging_mixin.py:190} INFO - [2026-05-20T10:57:57.780+0000] {dagbag.py:588} INFO - Filling up the DagBag from /opt/airflow/dags/submit_spark_dag.py
[2026-05-20T10:57:57.787+0000] {processor.py:925} INFO - DAG(s) 'hello_spark' retrieved from /opt/airflow/dags/submit_spark_dag.py
[2026-05-20T10:57:57.805+0000] {logging_mixin.py:190} INFO - [2026-05-20T10:57:57.804+0000] {dag.py:3239} INFO - Sync 1 DAGs
[2026-05-20T10:57:57.822+0000] {logging_mixin.py:190} INFO - [2026-05-20T10:57:57.822+0000] {dag.py:4180} INFO - Setting next_dagrun for hello_spark to 2026-05-19 00:00:00+00:00, run_after=2026-05-20 00:00:00+00:00
[2026-05-20T10:57:57.836+0000] {processor.py:208} INFO - Processing /opt/airflow/dags/submit_spark_dag.py took 0.061 seconds
[2026-05-20T10:58:28.354+0000] {processor.py:186} INFO - Started process (PID=5032) to work on /opt/airflow/dags/submit_spark_dag.py
[2026-05-20T10:58:28.356+0000] {processor.py:914} INFO - Processing file /opt/airflow/dags/submit_spark_dag.py for tasks to queue
[2026-05-20T10:58:28.357+0000] {logging_mixin.py:190} INFO - [2026-05-20T10:58:28.357+0000] {dagbag.py:588} INFO - Filling up the DagBag from /opt/airflow/dags/submit_spark_dag.py
[2026-05-20T10:58:28.363+0000] {processor.py:925} INFO - DAG(s) 'hello_spark' retrieved from /opt/airflow/dags/submit_spark_dag.py
[2026-05-20T10:58:28.380+0000] {logging_mixin.py:190} INFO - [2026-05-20T10:58:28.380+0000] {dag.py:3239} INFO - Sync 1 DAGs
[2026-05-20T10:58:28.398+0000] {logging_mixin.py:190} INFO - [2026-05-20T10:58:28.398+0000] {dag.py:4180} INFO - Setting next_dagrun for hello_spark to 2026-05-19 00:00:00+00:00, run_after=2026-05-20 00:00:00+00:00
[2026-05-20T10:58:28.410+0000] {processor.py:208} INFO - Processing /opt/airflow/dags/submit_spark_dag.py took 0.061 seconds
[2026-05-20T10:58:58.978+0000] {processor.py:186} INFO - Started process (PID=5046) to work on /opt/airflow/dags/submit_spark_dag.py
[2026-05-20T10:58:58.978+0000] {processor.py:914} INFO - Processing file /opt/airflow/dags/submit_spark_dag.py for tasks to queue
[2026-05-20T10:58:58.979+0000] {logging_mixin.py:190} INFO - [2026-05-20T10:58:58.979+0000] {dagbag.py:588} INFO - Filling up the DagBag from /opt/airflow/dags/submit_spark_dag.py
[2026-05-20T10:58:58.986+0000] {processor.py:925} INFO - DAG(s) 'hello_spark' retrieved from /opt/airflow/dags/submit_spark_dag.py
[2026-05-20T10:58:59.001+0000] {logging_mixin.py:190} INFO - [2026-05-20T10:58:59.001+0000] {dag.py:3239} INFO - Sync 1 DAGs
[2026-05-20T10:58:59.019+0000] {logging_mixin.py:190} INFO - [2026-05-20T10:58:59.018+0000] {dag.py:4180} INFO - Setting next_dagrun for hello_spark to 2026-05-19 00:00:00+00:00, run_after=2026-05-20 00:00:00+00:00
[2026-05-20T10:58:59.030+0000] {processor.py:208} INFO - Processing /opt/airflow/dags/submit_spark_dag.py took 0.057 seconds
[2026-05-20T10:59:29.555+0000] {processor.py:186} INFO - Started process (PID=5061) to work on /opt/airflow/dags/submit_spark_dag.py
[2026-05-20T10:59:29.556+0000] {processor.py:914} INFO - Processing file /opt/airflow/dags/submit_spark_dag.py for tasks to queue
[2026-05-20T10:59:29.557+0000] {logging_mixin.py:190} INFO - [2026-05-20T10:59:29.557+0000] {dagbag.py:588} INFO - Filling up the DagBag from /opt/airflow/dags/submit_spark_dag.py
[2026-05-20T10:59:29.564+0000] {processor.py:925} INFO - DAG(s) 'hello_spark' retrieved from /opt/airflow/dags/submit_spark_dag.py
[2026-05-20T10:59:29.578+0000] {logging_mixin.py:190} INFO - [2026-05-20T10:59:29.578+0000] {dag.py:3239} INFO - Sync 1 DAGs
[2026-05-20T10:59:29.595+0000] {logging_mixin.py:190} INFO - [2026-05-20T10:59:29.595+0000] {dag.py:4180} INFO - Setting next_dagrun for hello_spark to 2026-05-19 00:00:00+00:00, run_after=2026-05-20 00:00:00+00:00
[2026-05-20T10:59:29.607+0000] {processor.py:208} INFO - Processing /opt/airflow/dags/submit_spark_dag.py took 0.055 seconds
[2026-05-20T11:00:00.177+0000] {processor.py:186} INFO - Started process (PID=5075) to work on /opt/airflow/dags/submit_spark_dag.py
[2026-05-20T11:00:00.178+0000] {processor.py:914} INFO - Processing file /opt/airflow/dags/submit_spark_dag.py for tasks to queue
[2026-05-20T11:00:00.178+0000] {logging_mixin.py:190} INFO - [2026-05-20T11:00:00.178+0000] {dagbag.py:588} INFO - Filling up the DagBag from /opt/airflow/dags/submit_spark_dag.py
[2026-05-20T11:00:00.185+0000] {processor.py:925} INFO - DAG(s) 'hello_spark' retrieved from /opt/airflow/dags/submit_spark_dag.py
[2026-05-20T11:00:00.202+0000] {logging_mixin.py:190} INFO - [2026-05-20T11:00:00.201+0000] {dag.py:3239} INFO - Sync 1 DAGs
[2026-05-20T11:00:00.219+0000] {logging_mixin.py:190} INFO - [2026-05-20T11:00:00.219+0000] {dag.py:4180} INFO - Setting next_dagrun for hello_spark to 2026-05-19 00:00:00+00:00, run_after=2026-05-20 00:00:00+00:00
[2026-05-20T11:00:00.234+0000] {processor.py:208} INFO - Processing /opt/airflow/dags/submit_spark_dag.py took 0.061 seconds
[2026-05-20T11:00:30.803+0000] {processor.py:186} INFO - Started process (PID=5089) to work on /opt/airflow/dags/submit_spark_dag.py
[2026-05-20T11:00:30.805+0000] {processor.py:914} INFO - Processing file /opt/airflow/dags/submit_spark_dag.py for tasks to queue
[2026-05-20T11:00:30.805+0000] {logging_mixin.py:190} INFO - [2026-05-20T11:00:30.805+0000] {dagbag.py:588} INFO - Filling up the DagBag from /opt/airflow/dags/submit_spark_dag.py
[2026-05-20T11:00:30.812+0000] {processor.py:925} INFO - DAG(s) 'hello_spark' retrieved from /opt/airflow/dags/submit_spark_dag.py
[2026-05-20T11:00:30.830+0000] {logging_mixin.py:190} INFO - [2026-05-20T11:00:30.829+0000] {dag.py:3239} INFO - Sync 1 DAGs
[2026-05-20T11:00:30.847+0000] {logging_mixin.py:190} INFO - [2026-05-20T11:00:30.847+0000] {dag.py:4180} INFO - Setting next_dagrun for hello_spark to 2026-05-19 00:00:00+00:00, run_after=2026-05-20 00:00:00+00:00
[2026-05-20T11:00:30.861+0000] {processor.py:208} INFO - Processing /opt/airflow/dags/submit_spark_dag.py took 0.062 seconds
[2026-05-20T11:01:01.525+0000] {processor.py:186} INFO - Started process (PID=5104) to work on /opt/airflow/dags/submit_spark_dag.py
[2026-05-20T11:01:01.526+0000] {processor.py:914} INFO - Processing file /opt/airflow/dags/submit_spark_dag.py for tasks to queue
[2026-05-20T11:01:01.527+0000] {logging_mixin.py:190} INFO - [2026-05-20T11:01:01.527+0000] {dagbag.py:588} INFO - Filling up the DagBag from /opt/airflow/dags/submit_spark_dag.py
[2026-05-20T11:01:01.533+0000] {processor.py:925} INFO - DAG(s) 'hello_spark' retrieved from /opt/airflow/dags/submit_spark_dag.py
[2026-05-20T11:01:01.550+0000] {logging_mixin.py:190} INFO - [2026-05-20T11:01:01.550+0000] {dag.py:3239} INFO - Sync 1 DAGs
[2026-05-20T11:01:01.568+0000] {logging_mixin.py:190} INFO - [2026-05-20T11:01:01.568+0000] {dag.py:4180} INFO - Setting next_dagrun for hello_spark to 2026-05-19 00:00:00+00:00, run_after=2026-05-20 00:00:00+00:00
[2026-05-20T11:01:01.581+0000] {processor.py:208} INFO - Processing /opt/airflow/dags/submit_spark_dag.py took 0.060 seconds
[2026-05-20T11:01:32.319+0000] {processor.py:186} INFO - Started process (PID=5119) to work on /opt/airflow/dags/submit_spark_dag.py
[2026-05-20T11:01:32.320+0000] {processor.py:914} INFO - Processing file /opt/airflow/dags/submit_spark_dag.py for tasks to queue
[2026-05-20T11:01:32.320+0000] {logging_mixin.py:190} INFO - [2026-05-20T11:01:32.320+0000] {dagbag.py:588} INFO - Filling up the DagBag from /opt/airflow/dags/submit_spark_dag.py
[2026-05-20T11:01:32.327+0000] {processor.py:925} INFO - DAG(s) 'hello_spark' retrieved from /opt/airflow/dags/submit_spark_dag.py
[2026-05-20T11:01:32.344+0000] {logging_mixin.py:190} INFO - [2026-05-20T11:01:32.344+0000] {dag.py:3239} INFO - Sync 1 DAGs
[2026-05-20T11:01:32.361+0000] {logging_mixin.py:190} INFO - [2026-05-20T11:01:32.361+0000] {dag.py:4180} INFO - Setting next_dagrun for hello_spark to 2026-05-19 00:00:00+00:00, run_after=2026-05-20 00:00:00+00:00
[2026-05-20T11:01:32.374+0000] {processor.py:208} INFO - Processing /opt/airflow/dags/submit_spark_dag.py took 0.059 seconds
[2026-05-20T11:02:02.957+0000] {processor.py:186} INFO - Started process (PID=5134) to work on /opt/airflow/dags/submit_spark_dag.py
[2026-05-20T11:02:02.959+0000] {processor.py:914} INFO - Processing file /opt/airflow/dags/submit_spark_dag.py for tasks to queue
[2026-05-20T11:02:02.960+0000] {logging_mixin.py:190} INFO - [2026-05-20T11:02:02.959+0000] {dagbag.py:588} INFO - Filling up the DagBag from /opt/airflow/dags/submit_spark_dag.py
[2026-05-20T11:02:02.969+0000] {processor.py:925} INFO - DAG(s) 'hello_spark' retrieved from /opt/airflow/dags/submit_spark_dag.py
[2026-05-20T11:02:02.988+0000] {logging_mixin.py:190} INFO - [2026-05-20T11:02:02.988+0000] {dag.py:3239} INFO - Sync 1 DAGs
[2026-05-20T11:02:03.006+0000] {logging_mixin.py:190} INFO - [2026-05-20T11:02:03.005+0000] {dag.py:4180} INFO - Setting next_dagrun for hello_spark to 2026-05-19 00:00:00+00:00, run_after=2026-05-20 00:00:00+00:00
[2026-05-20T11:02:03.019+0000] {processor.py:208} INFO - Processing /opt/airflow/dags/submit_spark_dag.py took 0.070 seconds
[2026-05-20T11:02:33.527+0000] {processor.py:186} INFO - Started process (PID=5148) to work on /opt/airflow/dags/submit_spark_dag.py
[2026-05-20T11:02:33.530+0000] {processor.py:914} INFO - Processing file /opt/airflow/dags/submit_spark_dag.py for tasks to queue
[2026-05-20T11:02:33.531+0000] {logging_mixin.py:190} INFO - [2026-05-20T11:02:33.531+0000] {dagbag.py:588} INFO - Filling up the DagBag from /opt/airflow/dags/submit_spark_dag.py
[2026-05-20T11:02:33.537+0000] {processor.py:925} INFO - DAG(s) 'hello_spark' retrieved from /opt/airflow/dags/submit_spark_dag.py
[2026-05-20T11:02:33.554+0000] {logging_mixin.py:190} INFO - [2026-05-20T11:02:33.554+0000] {dag.py:3239} INFO - Sync 1 DAGs
[2026-05-20T11:02:33.571+0000] {logging_mixin.py:190} INFO - [2026-05-20T11:02:33.571+0000] {dag.py:4180} INFO - Setting next_dagrun for hello_spark to 2026-05-19 00:00:00+00:00, run_after=2026-05-20 00:00:00+00:00
[2026-05-20T11:02:33.584+0000] {processor.py:208} INFO - Processing /opt/airflow/dags/submit_spark_dag.py took 0.061 seconds
[2026-05-20T11:03:04.143+0000] {processor.py:186} INFO - Started process (PID=5163) to work on /opt/airflow/dags/submit_spark_dag.py
[2026-05-20T11:03:04.144+0000] {processor.py:914} INFO - Processing file /opt/airflow/dags/submit_spark_dag.py for tasks to queue
[2026-05-20T11:03:04.145+0000] {logging_mixin.py:190} INFO - [2026-05-20T11:03:04.145+0000] {dagbag.py:588} INFO - Filling up the DagBag from /opt/airflow/dags/submit_spark_dag.py
[2026-05-20T11:03:04.151+0000] {processor.py:925} INFO - DAG(s) 'hello_spark' retrieved from /opt/airflow/dags/submit_spark_dag.py
[2026-05-20T11:03:04.170+0000] {logging_mixin.py:190} INFO - [2026-05-20T11:03:04.170+0000] {dag.py:3239} INFO - Sync 1 DAGs
[2026-05-20T11:03:04.187+0000] {logging_mixin.py:190} INFO - [2026-05-20T11:03:04.187+0000] {dag.py:4180} INFO - Setting next_dagrun for hello_spark to 2026-05-19 00:00:00+00:00, run_after=2026-05-20 00:00:00+00:00
[2026-05-20T11:03:04.200+0000] {processor.py:208} INFO - Processing /opt/airflow/dags/submit_spark_dag.py took 0.061 seconds
[2026-05-20T11:03:34.758+0000] {processor.py:186} INFO - Started process (PID=5177) to work on /opt/airflow/dags/submit_spark_dag.py
[2026-05-20T11:03:34.759+0000] {processor.py:914} INFO - Processing file /opt/airflow/dags/submit_spark_dag.py for tasks to queue
[2026-05-20T11:03:34.760+0000] {logging_mixin.py:190} INFO - [2026-05-20T11:03:34.759+0000] {dagbag.py:588} INFO - Filling up the DagBag from /opt/airflow/dags/submit_spark_dag.py
[2026-05-20T11:03:34.766+0000] {processor.py:925} INFO - DAG(s) 'hello_spark' retrieved from /opt/airflow/dags/submit_spark_dag.py
[2026-05-20T11:03:34.783+0000] {logging_mixin.py:190} INFO - [2026-05-20T11:03:34.783+0000] {dag.py:3239} INFO - Sync 1 DAGs
[2026-05-20T11:03:34.801+0000] {logging_mixin.py:190} INFO - [2026-05-20T11:03:34.801+0000] {dag.py:4180} INFO - Setting next_dagrun for hello_spark to 2026-05-19 00:00:00+00:00, run_after=2026-05-20 00:00:00+00:00
[2026-05-20T11:03:34.814+0000] {processor.py:208} INFO - Processing /opt/airflow/dags/submit_spark_dag.py took 0.060 seconds
[2026-05-20T11:04:05.359+0000] {processor.py:186} INFO - Started process (PID=5191) to work on /opt/airflow/dags/submit_spark_dag.py
[2026-05-20T11:04:05.360+0000] {processor.py:914} INFO - Processing file /opt/airflow/dags/submit_spark_dag.py for tasks to queue
[2026-05-20T11:04:05.360+0000] {logging_mixin.py:190} INFO - [2026-05-20T11:04:05.360+0000] {dagbag.py:588} INFO - Filling up the DagBag from /opt/airflow/dags/submit_spark_dag.py
[2026-05-20T11:04:05.366+0000] {processor.py:925} INFO - DAG(s) 'hello_spark' retrieved from /opt/airflow/dags/submit_spark_dag.py
[2026-05-20T11:04:05.385+0000] {logging_mixin.py:190} INFO - [2026-05-20T11:04:05.385+0000] {dag.py:3239} INFO - Sync 1 DAGs
[2026-05-20T11:04:05.403+0000] {logging_mixin.py:190} INFO - [2026-05-20T11:04:05.403+0000] {dag.py:4180} INFO - Setting next_dagrun for hello_spark to 2026-05-19 00:00:00+00:00, run_after=2026-05-20 00:00:00+00:00
[2026-05-20T11:04:05.416+0000] {processor.py:208} INFO - Processing /opt/airflow/dags/submit_spark_dag.py took 0.061 seconds
[2026-05-20T11:04:35.907+0000] {processor.py:186} INFO - Started process (PID=5205) to work on /opt/airflow/dags/submit_spark_dag.py
[2026-05-20T11:04:35.907+0000] {processor.py:914} INFO - Processing file /opt/airflow/dags/submit_spark_dag.py for tasks to queue
[2026-05-20T11:04:35.908+0000] {logging_mixin.py:190} INFO - [2026-05-20T11:04:35.908+0000] {dagbag.py:588} INFO - Filling up the DagBag from /opt/airflow/dags/submit_spark_dag.py
[2026-05-20T11:04:35.914+0000] {processor.py:925} INFO - DAG(s) 'hello_spark' retrieved from /opt/airflow/dags/submit_spark_dag.py
[2026-05-20T11:04:35.931+0000] {logging_mixin.py:190} INFO - [2026-05-20T11:04:35.931+0000] {dag.py:3239} INFO - Sync 1 DAGs
[2026-05-20T11:04:35.951+0000] {logging_mixin.py:190} INFO - [2026-05-20T11:04:35.951+0000] {dag.py:4180} INFO - Setting next_dagrun for hello_spark to 2026-05-19 00:00:00+00:00, run_after=2026-05-20 00:00:00+00:00
[2026-05-20T11:04:35.963+0000] {processor.py:208} INFO - Processing /opt/airflow/dags/submit_spark_dag.py took 0.061 seconds
[2026-05-20T11:05:06.627+0000] {processor.py:186} INFO - Started process (PID=5220) to work on /opt/airflow/dags/submit_spark_dag.py
[2026-05-20T11:05:06.628+0000] {processor.py:914} INFO - Processing file /opt/airflow/dags/submit_spark_dag.py for tasks to queue
[2026-05-20T11:05:06.629+0000] {logging_mixin.py:190} INFO - [2026-05-20T11:05:06.628+0000] {dagbag.py:588} INFO - Filling up the DagBag from /opt/airflow/dags/submit_spark_dag.py
[2026-05-20T11:05:06.635+0000] {processor.py:925} INFO - DAG(s) 'hello_spark' retrieved from /opt/airflow/dags/submit_spark_dag.py
[2026-05-20T11:05:06.654+0000] {logging_mixin.py:190} INFO - [2026-05-20T11:05:06.654+0000] {dag.py:3239} INFO - Sync 1 DAGs
[2026-05-20T11:05:06.672+0000] {logging_mixin.py:190} INFO - [2026-05-20T11:05:06.672+0000] {dag.py:4180} INFO - Setting next_dagrun for hello_spark to 2026-05-19 00:00:00+00:00, run_after=2026-05-20 00:00:00+00:00
[2026-05-20T11:05:06.685+0000] {processor.py:208} INFO - Processing /opt/airflow/dags/submit_spark_dag.py took 0.062 seconds
[2026-05-20T11:05:36.720+0000] {processor.py:186} INFO - Started process (PID=5234) to work on /opt/airflow/dags/submit_spark_dag.py
[2026-05-20T11:05:36.723+0000] {processor.py:914} INFO - Processing file /opt/airflow/dags/submit_spark_dag.py for tasks to queue
[2026-05-20T11:05:36.725+0000] {logging_mixin.py:190} INFO - [2026-05-20T11:05:36.724+0000] {dagbag.py:588} INFO - Filling up the DagBag from /opt/airflow/dags/submit_spark_dag.py
[2026-05-20T11:05:36.732+0000] {processor.py:925} INFO - DAG(s) 'hello_spark' retrieved from /opt/airflow/dags/submit_spark_dag.py
[2026-05-20T11:05:36.748+0000] {logging_mixin.py:190} INFO - [2026-05-20T11:05:36.748+0000] {dag.py:3239} INFO - Sync 1 DAGs
[2026-05-20T11:05:36.766+0000] {logging_mixin.py:190} INFO - [2026-05-20T11:05:36.766+0000] {dag.py:4180} INFO - Setting next_dagrun for hello_spark to 2026-05-19 00:00:00+00:00, run_after=2026-05-20 00:00:00+00:00
[2026-05-20T11:05:36.781+0000] {processor.py:208} INFO - Processing /opt/airflow/dags/submit_spark_dag.py took 0.070 seconds
[2026-05-20T11:06:07.480+0000] {processor.py:186} INFO - Started process (PID=5249) to work on /opt/airflow/dags/submit_spark_dag.py
[2026-05-20T11:06:07.481+0000] {processor.py:914} INFO - Processing file /opt/airflow/dags/submit_spark_dag.py for tasks to queue
[2026-05-20T11:06:07.482+0000] {logging_mixin.py:190} INFO - [2026-05-20T11:06:07.482+0000] {dagbag.py:588} INFO - Filling up the DagBag from /opt/airflow/dags/submit_spark_dag.py
[2026-05-20T11:06:07.488+0000] {processor.py:925} INFO - DAG(s) 'hello_spark' retrieved from /opt/airflow/dags/submit_spark_dag.py
[2026-05-20T11:06:07.506+0000] {logging_mixin.py:190} INFO - [2026-05-20T11:06:07.506+0000] {dag.py:3239} INFO - Sync 1 DAGs
[2026-05-20T11:06:07.524+0000] {logging_mixin.py:190} INFO - [2026-05-20T11:06:07.524+0000] {dag.py:4180} INFO - Setting next_dagrun for hello_spark to 2026-05-19 00:00:00+00:00, run_after=2026-05-20 00:00:00+00:00
[2026-05-20T11:06:07.538+0000] {processor.py:208} INFO - Processing /opt/airflow/dags/submit_spark_dag.py took 0.064 seconds
[2026-05-20T11:06:38.098+0000] {processor.py:186} INFO - Started process (PID=5263) to work on /opt/airflow/dags/submit_spark_dag.py
[2026-05-20T11:06:38.098+0000] {processor.py:914} INFO - Processing file /opt/airflow/dags/submit_spark_dag.py for tasks to queue
[2026-05-20T11:06:38.099+0000] {logging_mixin.py:190} INFO - [2026-05-20T11:06:38.099+0000] {dagbag.py:588} INFO - Filling up the DagBag from /opt/airflow/dags/submit_spark_dag.py
[2026-05-20T11:06:38.106+0000] {processor.py:925} INFO - DAG(s) 'hello_spark' retrieved from /opt/airflow/dags/submit_spark_dag.py
[2026-05-20T11:06:38.123+0000] {logging_mixin.py:190} INFO - [2026-05-20T11:06:38.123+0000] {dag.py:3239} INFO - Sync 1 DAGs
[2026-05-20T11:06:38.142+0000] {logging_mixin.py:190} INFO - [2026-05-20T11:06:38.141+0000] {dag.py:4180} INFO - Setting next_dagrun for hello_spark to 2026-05-19 00:00:00+00:00, run_after=2026-05-20 00:00:00+00:00
[2026-05-20T11:06:38.156+0000] {processor.py:208} INFO - Processing /opt/airflow/dags/submit_spark_dag.py took 0.062 seconds
[2026-05-20T11:07:08.861+0000] {processor.py:186} INFO - Started process (PID=5277) to work on /opt/airflow/dags/submit_spark_dag.py
[2026-05-20T11:07:08.862+0000] {processor.py:914} INFO - Processing file /opt/airflow/dags/submit_spark_dag.py for tasks to queue
[2026-05-20T11:07:08.863+0000] {logging_mixin.py:190} INFO - [2026-05-20T11:07:08.863+0000] {dagbag.py:588} INFO - Filling up the DagBag from /opt/airflow/dags/submit_spark_dag.py
[2026-05-20T11:07:08.869+0000] {processor.py:925} INFO - DAG(s) 'hello_spark' retrieved from /opt/airflow/dags/submit_spark_dag.py
[2026-05-20T11:07:08.886+0000] {logging_mixin.py:190} INFO - [2026-05-20T11:07:08.886+0000] {dag.py:3239} INFO - Sync 1 DAGs
[2026-05-20T11:07:08.903+0000] {logging_mixin.py:190} INFO - [2026-05-20T11:07:08.903+0000] {dag.py:4180} INFO - Setting next_dagrun for hello_spark to 2026-05-19 00:00:00+00:00, run_after=2026-05-20 00:00:00+00:00
[2026-05-20T11:07:08.914+0000] {processor.py:208} INFO - Processing /opt/airflow/dags/submit_spark_dag.py took 0.058 seconds
[2026-05-20T11:07:39.540+0000] {processor.py:186} INFO - Started process (PID=5291) to work on /opt/airflow/dags/submit_spark_dag.py
[2026-05-20T11:07:39.541+0000] {processor.py:914} INFO - Processing file /opt/airflow/dags/submit_spark_dag.py for tasks to queue
[2026-05-20T11:07:39.542+0000] {logging_mixin.py:190} INFO - [2026-05-20T11:07:39.542+0000] {dagbag.py:588} INFO - Filling up the DagBag from /opt/airflow/dags/submit_spark_dag.py
[2026-05-20T11:07:39.552+0000] {processor.py:925} INFO - DAG(s) 'hello_spark' retrieved from /opt/airflow/dags/submit_spark_dag.py
[2026-05-20T11:07:39.569+0000] {logging_mixin.py:190} INFO - [2026-05-20T11:07:39.569+0000] {dag.py:3239} INFO - Sync 1 DAGs
[2026-05-20T11:07:39.588+0000] {logging_mixin.py:190} INFO - [2026-05-20T11:07:39.588+0000] {dag.py:4180} INFO - Setting next_dagrun for hello_spark to 2026-05-19 00:00:00+00:00, run_after=2026-05-20 00:00:00+00:00
[2026-05-20T11:07:39.602+0000] {processor.py:208} INFO - Processing /opt/airflow/dags/submit_spark_dag.py took 0.070 seconds
[2026-05-20T11:08:10.223+0000] {processor.py:186} INFO - Started process (PID=5305) to work on /opt/airflow/dags/submit_spark_dag.py
[2026-05-20T11:08:10.224+0000] {processor.py:914} INFO - Processing file /opt/airflow/dags/submit_spark_dag.py for tasks to queue
[2026-05-20T11:08:10.225+0000] {logging_mixin.py:190} INFO - [2026-05-20T11:08:10.225+0000] {dagbag.py:588} INFO - Filling up the DagBag from /opt/airflow/dags/submit_spark_dag.py
[2026-05-20T11:08:10.232+0000] {processor.py:925} INFO - DAG(s) 'hello_spark' retrieved from /opt/airflow/dags/submit_spark_dag.py
[2026-05-20T11:08:10.251+0000] {logging_mixin.py:190} INFO - [2026-05-20T11:08:10.251+0000] {dag.py:3239} INFO - Sync 1 DAGs
[2026-05-20T11:08:10.270+0000] {logging_mixin.py:190} INFO - [2026-05-20T11:08:10.270+0000] {dag.py:4180} INFO - Setting next_dagrun for hello_spark to 2026-05-19 00:00:00+00:00, run_after=2026-05-20 00:00:00+00:00
[2026-05-20T11:08:10.284+0000] {processor.py:208} INFO - Processing /opt/airflow/dags/submit_spark_dag.py took 0.066 seconds
[2026-05-20T11:08:40.855+0000] {processor.py:186} INFO - Started process (PID=5319) to work on /opt/airflow/dags/submit_spark_dag.py
[2026-05-20T11:08:40.856+0000] {processor.py:914} INFO - Processing file /opt/airflow/dags/submit_spark_dag.py for tasks to queue
[2026-05-20T11:08:40.856+0000] {logging_mixin.py:190} INFO - [2026-05-20T11:08:40.856+0000] {dagbag.py:588} INFO - Filling up the DagBag from /opt/airflow/dags/submit_spark_dag.py
[2026-05-20T11:08:40.863+0000] {processor.py:925} INFO - DAG(s) 'hello_spark' retrieved from /opt/airflow/dags/submit_spark_dag.py
[2026-05-20T11:08:40.882+0000] {logging_mixin.py:190} INFO - [2026-05-20T11:08:40.882+0000] {dag.py:3239} INFO - Sync 1 DAGs
[2026-05-20T11:08:40.900+0000] {logging_mixin.py:190} INFO - [2026-05-20T11:08:40.900+0000] {dag.py:4180} INFO - Setting next_dagrun for hello_spark to 2026-05-19 00:00:00+00:00, run_after=2026-05-20 00:00:00+00:00
[2026-05-20T11:08:40.914+0000] {processor.py:208} INFO - Processing /opt/airflow/dags/submit_spark_dag.py took 0.063 seconds
[2026-05-20T11:09:11.557+0000] {processor.py:186} INFO - Started process (PID=5333) to work on /opt/airflow/dags/submit_spark_dag.py
[2026-05-20T11:09:11.558+0000] {processor.py:914} INFO - Processing file /opt/airflow/dags/submit_spark_dag.py for tasks to queue
[2026-05-20T11:09:11.559+0000] {logging_mixin.py:190} INFO - [2026-05-20T11:09:11.559+0000] {dagbag.py:588} INFO - Filling up the DagBag from /opt/airflow/dags/submit_spark_dag.py
[2026-05-20T11:09:11.566+0000] {processor.py:925} INFO - DAG(s) 'hello_spark' retrieved from /opt/airflow/dags/submit_spark_dag.py
[2026-05-20T11:09:11.591+0000] {logging_mixin.py:190} INFO - [2026-05-20T11:09:11.591+0000] {dag.py:3239} INFO - Sync 1 DAGs
[2026-05-20T11:09:11.614+0000] {logging_mixin.py:190} INFO - [2026-05-20T11:09:11.614+0000] {dag.py:4180} INFO - Setting next_dagrun for hello_spark to 2026-05-19 00:00:00+00:00, run_after=2026-05-20 00:00:00+00:00
[2026-05-20T11:09:11.629+0000] {processor.py:208} INFO - Processing /opt/airflow/dags/submit_spark_dag.py took 0.079 seconds
[2026-05-20T11:09:42.187+0000] {processor.py:186} INFO - Started process (PID=5347) to work on /opt/airflow/dags/submit_spark_dag.py
[2026-05-20T11:09:42.188+0000] {processor.py:914} INFO - Processing file /opt/airflow/dags/submit_spark_dag.py for tasks to queue
[2026-05-20T11:09:42.189+0000] {logging_mixin.py:190} INFO - [2026-05-20T11:09:42.188+0000] {dagbag.py:588} INFO - Filling up the DagBag from /opt/airflow/dags/submit_spark_dag.py
[2026-05-20T11:09:42.195+0000] {processor.py:925} INFO - DAG(s) 'hello_spark' retrieved from /opt/airflow/dags/submit_spark_dag.py
[2026-05-20T11:09:42.213+0000] {logging_mixin.py:190} INFO - [2026-05-20T11:09:42.212+0000] {dag.py:3239} INFO - Sync 1 DAGs
[2026-05-20T11:09:42.231+0000] {logging_mixin.py:190} INFO - [2026-05-20T11:09:42.231+0000] {dag.py:4180} INFO - Setting next_dagrun for hello_spark to 2026-05-19 00:00:00+00:00, run_after=2026-05-20 00:00:00+00:00
[2026-05-20T11:09:42.245+0000] {processor.py:208} INFO - Processing /opt/airflow/dags/submit_spark_dag.py took 0.062 seconds
[2026-05-20T11:10:12.864+0000] {processor.py:186} INFO - Started process (PID=5361) to work on /opt/airflow/dags/submit_spark_dag.py
[2026-05-20T11:10:12.865+0000] {processor.py:914} INFO - Processing file /opt/airflow/dags/submit_spark_dag.py for tasks to queue
[2026-05-20T11:10:12.866+0000] {logging_mixin.py:190} INFO - [2026-05-20T11:10:12.866+0000] {dagbag.py:588} INFO - Filling up the DagBag from /opt/airflow/dags/submit_spark_dag.py
[2026-05-20T11:10:12.880+0000] {processor.py:925} INFO - DAG(s) 'hello_spark' retrieved from /opt/airflow/dags/submit_spark_dag.py
[2026-05-20T11:10:12.905+0000] {logging_mixin.py:190} INFO - [2026-05-20T11:10:12.904+0000] {dag.py:3239} INFO - Sync 1 DAGs
[2026-05-20T11:10:12.926+0000] {logging_mixin.py:190} INFO - [2026-05-20T11:10:12.926+0000] {dag.py:4180} INFO - Setting next_dagrun for hello_spark to 2026-05-19 00:00:00+00:00, run_after=2026-05-20 00:00:00+00:00
[2026-05-20T11:10:12.943+0000] {processor.py:208} INFO - Processing /opt/airflow/dags/submit_spark_dag.py took 0.085 seconds
[2026-05-20T11:10:43.568+0000] {processor.py:186} INFO - Started process (PID=5375) to work on /opt/airflow/dags/submit_spark_dag.py
[2026-05-20T11:10:43.568+0000] {processor.py:914} INFO - Processing file /opt/airflow/dags/submit_spark_dag.py for tasks to queue
[2026-05-20T11:10:43.569+0000] {logging_mixin.py:190} INFO - [2026-05-20T11:10:43.569+0000] {dagbag.py:588} INFO - Filling up the DagBag from /opt/airflow/dags/submit_spark_dag.py
[2026-05-20T11:10:43.576+0000] {processor.py:925} INFO - DAG(s) 'hello_spark' retrieved from /opt/airflow/dags/submit_spark_dag.py
[2026-05-20T11:10:43.593+0000] {logging_mixin.py:190} INFO - [2026-05-20T11:10:43.593+0000] {dag.py:3239} INFO - Sync 1 DAGs
[2026-05-20T11:10:43.613+0000] {logging_mixin.py:190} INFO - [2026-05-20T11:10:43.613+0000] {dag.py:4180} INFO - Setting next_dagrun for hello_spark to 2026-05-19 00:00:00+00:00, run_after=2026-05-20 00:00:00+00:00
[2026-05-20T11:10:43.628+0000] {processor.py:208} INFO - Processing /opt/airflow/dags/submit_spark_dag.py took 0.065 seconds
[2026-05-20T11:11:14.266+0000] {processor.py:186} INFO - Started process (PID=5389) to work on /opt/airflow/dags/submit_spark_dag.py
[2026-05-20T11:11:14.267+0000] {processor.py:914} INFO - Processing file /opt/airflow/dags/submit_spark_dag.py for tasks to queue
[2026-05-20T11:11:14.268+0000] {logging_mixin.py:190} INFO - [2026-05-20T11:11:14.268+0000] {dagbag.py:588} INFO - Filling up the DagBag from /opt/airflow/dags/submit_spark_dag.py
[2026-05-20T11:11:14.275+0000] {processor.py:925} INFO - DAG(s) 'hello_spark' retrieved from /opt/airflow/dags/submit_spark_dag.py
[2026-05-20T11:11:14.294+0000] {logging_mixin.py:190} INFO - [2026-05-20T11:11:14.293+0000] {dag.py:3239} INFO - Sync 1 DAGs
[2026-05-20T11:11:14.314+0000] {logging_mixin.py:190} INFO - [2026-05-20T11:11:14.313+0000] {dag.py:4180} INFO - Setting next_dagrun for hello_spark to 2026-05-19 00:00:00+00:00, run_after=2026-05-20 00:00:00+00:00
[2026-05-20T11:11:14.327+0000] {processor.py:208} INFO - Processing /opt/airflow/dags/submit_spark_dag.py took 0.066 seconds
[2026-05-20T11:11:44.957+0000] {processor.py:186} INFO - Started process (PID=5404) to work on /opt/airflow/dags/submit_spark_dag.py
[2026-05-20T11:11:44.958+0000] {processor.py:914} INFO - Processing file /opt/airflow/dags/submit_spark_dag.py for tasks to queue
[2026-05-20T11:11:44.959+0000] {logging_mixin.py:190} INFO - [2026-05-20T11:11:44.959+0000] {dagbag.py:588} INFO - Filling up the DagBag from /opt/airflow/dags/submit_spark_dag.py
[2026-05-20T11:11:44.970+0000] {processor.py:925} INFO - DAG(s) 'hello_spark' retrieved from /opt/airflow/dags/submit_spark_dag.py
[2026-05-20T11:11:44.990+0000] {logging_mixin.py:190} INFO - [2026-05-20T11:11:44.990+0000] {dag.py:3239} INFO - Sync 1 DAGs
[2026-05-20T11:11:45.012+0000] {logging_mixin.py:190} INFO - [2026-05-20T11:11:45.011+0000] {dag.py:4180} INFO - Setting next_dagrun for hello_spark to 2026-05-19 00:00:00+00:00, run_after=2026-05-20 00:00:00+00:00
[2026-05-20T11:11:45.027+0000] {processor.py:208} INFO - Processing /opt/airflow/dags/submit_spark_dag.py took 0.076 seconds
[2026-05-20T11:12:15.599+0000] {processor.py:186} INFO - Started process (PID=5418) to work on /opt/airflow/dags/submit_spark_dag.py
[2026-05-20T11:12:15.607+0000] {processor.py:914} INFO - Processing file /opt/airflow/dags/submit_spark_dag.py for tasks to queue
[2026-05-20T11:12:15.607+0000] {logging_mixin.py:190} INFO - [2026-05-20T11:12:15.607+0000] {dagbag.py:588} INFO - Filling up the DagBag from /opt/airflow/dags/submit_spark_dag.py
[2026-05-20T11:12:15.614+0000] {processor.py:925} INFO - DAG(s) 'hello_spark' retrieved from /opt/airflow/dags/submit_spark_dag.py
[2026-05-20T11:12:15.631+0000] {logging_mixin.py:190} INFO - [2026-05-20T11:12:15.631+0000] {dag.py:3239} INFO - Sync 1 DAGs
[2026-05-20T11:12:15.648+0000] {logging_mixin.py:190} INFO - [2026-05-20T11:12:15.648+0000] {dag.py:4180} INFO - Setting next_dagrun for hello_spark to 2026-05-19 00:00:00+00:00, run_after=2026-05-20 00:00:00+00:00
[2026-05-20T11:12:15.661+0000] {processor.py:208} INFO - Processing /opt/airflow/dags/submit_spark_dag.py took 0.067 seconds
[2026-05-20T11:12:46.257+0000] {processor.py:186} INFO - Started process (PID=5432) to work on /opt/airflow/dags/submit_spark_dag.py
[2026-05-20T11:12:46.258+0000] {processor.py:914} INFO - Processing file /opt/airflow/dags/submit_spark_dag.py for tasks to queue
[2026-05-20T11:12:46.259+0000] {logging_mixin.py:190} INFO - [2026-05-20T11:12:46.258+0000] {dagbag.py:588} INFO - Filling up the DagBag from /opt/airflow/dags/submit_spark_dag.py
[2026-05-20T11:12:46.266+0000] {processor.py:925} INFO - DAG(s) 'hello_spark' retrieved from /opt/airflow/dags/submit_spark_dag.py
[2026-05-20T11:12:46.284+0000] {logging_mixin.py:190} INFO - [2026-05-20T11:12:46.284+0000] {dag.py:3239} INFO - Sync 1 DAGs
[2026-05-20T11:12:46.303+0000] {logging_mixin.py:190} INFO - [2026-05-20T11:12:46.303+0000] {dag.py:4180} INFO - Setting next_dagrun for hello_spark to 2026-05-19 00:00:00+00:00, run_after=2026-05-20 00:00:00+00:00
[2026-05-20T11:12:46.317+0000] {processor.py:208} INFO - Processing /opt/airflow/dags/submit_spark_dag.py took 0.064 seconds
[2026-05-20T11:13:16.930+0000] {processor.py:186} INFO - Started process (PID=5447) to work on /opt/airflow/dags/submit_spark_dag.py
[2026-05-20T11:13:16.931+0000] {processor.py:914} INFO - Processing file /opt/airflow/dags/submit_spark_dag.py for tasks to queue
[2026-05-20T11:13:16.932+0000] {logging_mixin.py:190} INFO - [2026-05-20T11:13:16.932+0000] {dagbag.py:588} INFO - Filling up the DagBag from /opt/airflow/dags/submit_spark_dag.py
[2026-05-20T11:13:16.939+0000] {processor.py:925} INFO - DAG(s) 'hello_spark' retrieved from /opt/airflow/dags/submit_spark_dag.py
[2026-05-20T11:13:16.957+0000] {logging_mixin.py:190} INFO - [2026-05-20T11:13:16.956+0000] {dag.py:3239} INFO - Sync 1 DAGs
[2026-05-20T11:13:16.976+0000] {logging_mixin.py:190} INFO - [2026-05-20T11:13:16.975+0000] {dag.py:4180} INFO - Setting next_dagrun for hello_spark to 2026-05-19 00:00:00+00:00, run_after=2026-05-20 00:00:00+00:00
[2026-05-20T11:13:16.989+0000] {processor.py:208} INFO - Processing /opt/airflow/dags/submit_spark_dag.py took 0.064 seconds
[2026-05-20T11:13:47.268+0000] {processor.py:186} INFO - Started process (PID=5461) to work on /opt/airflow/dags/submit_spark_dag.py
[2026-05-20T11:13:47.269+0000] {processor.py:914} INFO - Processing file /opt/airflow/dags/submit_spark_dag.py for tasks to queue
[2026-05-20T11:13:47.269+0000] {logging_mixin.py:190} INFO - [2026-05-20T11:13:47.269+0000] {dagbag.py:588} INFO - Filling up the DagBag from /opt/airflow/dags/submit_spark_dag.py
[2026-05-20T11:13:47.276+0000] {processor.py:925} INFO - DAG(s) 'hello_spark' retrieved from /opt/airflow/dags/submit_spark_dag.py
[2026-05-20T11:13:47.291+0000] {logging_mixin.py:190} INFO - [2026-05-20T11:13:47.291+0000] {dag.py:3239} INFO - Sync 1 DAGs
[2026-05-20T11:13:47.312+0000] {logging_mixin.py:190} INFO - [2026-05-20T11:13:47.312+0000] {dag.py:4180} INFO - Setting next_dagrun for hello_spark to 2026-05-19 00:00:00+00:00, run_after=2026-05-20 00:00:00+00:00
[2026-05-20T11:13:47.324+0000] {processor.py:208} INFO - Processing /opt/airflow/dags/submit_spark_dag.py took 0.060 seconds
[2026-05-20T11:14:17.955+0000] {processor.py:186} INFO - Started process (PID=5475) to work on /opt/airflow/dags/submit_spark_dag.py
[2026-05-20T11:14:17.958+0000] {processor.py:914} INFO - Processing file /opt/airflow/dags/submit_spark_dag.py for tasks to queue
[2026-05-20T11:14:17.959+0000] {logging_mixin.py:190} INFO - [2026-05-20T11:14:17.959+0000] {dagbag.py:588} INFO - Filling up the DagBag from /opt/airflow/dags/submit_spark_dag.py
[2026-05-20T11:14:17.965+0000] {processor.py:925} INFO - DAG(s) 'hello_spark' retrieved from /opt/airflow/dags/submit_spark_dag.py
[2026-05-20T11:14:17.983+0000] {logging_mixin.py:190} INFO - [2026-05-20T11:14:17.983+0000] {dag.py:3239} INFO - Sync 1 DAGs
[2026-05-20T11:14:18.002+0000] {logging_mixin.py:190} INFO - [2026-05-20T11:14:18.002+0000] {dag.py:4180} INFO - Setting next_dagrun for hello_spark to 2026-05-19 00:00:00+00:00, run_after=2026-05-20 00:00:00+00:00
[2026-05-20T11:14:18.016+0000] {processor.py:208} INFO - Processing /opt/airflow/dags/submit_spark_dag.py took 0.065 seconds
[2026-05-20T11:14:48.628+0000] {processor.py:186} INFO - Started process (PID=5488) to work on /opt/airflow/dags/submit_spark_dag.py
[2026-05-20T11:14:48.629+0000] {processor.py:914} INFO - Processing file /opt/airflow/dags/submit_spark_dag.py for tasks to queue
[2026-05-20T11:14:48.629+0000] {logging_mixin.py:190} INFO - [2026-05-20T11:14:48.629+0000] {dagbag.py:588} INFO - Filling up the DagBag from /opt/airflow/dags/submit_spark_dag.py
[2026-05-20T11:14:48.636+0000] {processor.py:925} INFO - DAG(s) 'hello_spark' retrieved from /opt/airflow/dags/submit_spark_dag.py
[2026-05-20T11:14:48.654+0000] {logging_mixin.py:190} INFO - [2026-05-20T11:14:48.654+0000] {dag.py:3239} INFO - Sync 1 DAGs
[2026-05-20T11:14:48.673+0000] {logging_mixin.py:190} INFO - [2026-05-20T11:14:48.672+0000] {dag.py:4180} INFO - Setting next_dagrun for hello_spark to 2026-05-19 00:00:00+00:00, run_after=2026-05-20 00:00:00+00:00
[2026-05-20T11:14:48.687+0000] {processor.py:208} INFO - Processing /opt/airflow/dags/submit_spark_dag.py took 0.063 seconds
[2026-05-20T11:15:18.706+0000] {processor.py:186} INFO - Started process (PID=5501) to work on /opt/airflow/dags/submit_spark_dag.py
[2026-05-20T11:15:18.707+0000] {processor.py:914} INFO - Processing file /opt/airflow/dags/submit_spark_dag.py for tasks to queue
[2026-05-20T11:15:18.707+0000] {logging_mixin.py:190} INFO - [2026-05-20T11:15:18.707+0000] {dagbag.py:588} INFO - Filling up the DagBag from /opt/airflow/dags/submit_spark_dag.py
[2026-05-20T11:15:18.714+0000] {processor.py:925} INFO - DAG(s) 'hello_spark' retrieved from /opt/airflow/dags/submit_spark_dag.py
[2026-05-20T11:15:18.731+0000] {logging_mixin.py:190} INFO - [2026-05-20T11:15:18.731+0000] {dag.py:3239} INFO - Sync 1 DAGs
[2026-05-20T11:15:18.751+0000] {logging_mixin.py:190} INFO - [2026-05-20T11:15:18.750+0000] {dag.py:4180} INFO - Setting next_dagrun for hello_spark to 2026-05-19 00:00:00+00:00, run_after=2026-05-20 00:00:00+00:00
[2026-05-20T11:15:18.765+0000] {processor.py:208} INFO - Processing /opt/airflow/dags/submit_spark_dag.py took 0.063 seconds
[2026-05-20T11:15:49.417+0000] {processor.py:186} INFO - Started process (PID=5516) to work on /opt/airflow/dags/submit_spark_dag.py
[2026-05-20T11:15:49.418+0000] {processor.py:914} INFO - Processing file /opt/airflow/dags/submit_spark_dag.py for tasks to queue
[2026-05-20T11:15:49.420+0000] {logging_mixin.py:190} INFO - [2026-05-20T11:15:49.419+0000] {dagbag.py:588} INFO - Filling up the DagBag from /opt/airflow/dags/submit_spark_dag.py
[2026-05-20T11:15:49.427+0000] {processor.py:925} INFO - DAG(s) 'hello_spark' retrieved from /opt/airflow/dags/submit_spark_dag.py
[2026-05-20T11:15:49.444+0000] {logging_mixin.py:190} INFO - [2026-05-20T11:15:49.444+0000] {dag.py:3239} INFO - Sync 1 DAGs
[2026-05-20T11:15:49.463+0000] {logging_mixin.py:190} INFO - [2026-05-20T11:15:49.463+0000] {dag.py:4180} INFO - Setting next_dagrun for hello_spark to 2026-05-19 00:00:00+00:00, run_after=2026-05-20 00:00:00+00:00
[2026-05-20T11:15:49.479+0000] {processor.py:208} INFO - Processing /opt/airflow/dags/submit_spark_dag.py took 0.066 seconds
[2026-05-20T11:16:20.093+0000] {processor.py:186} INFO - Started process (PID=5530) to work on /opt/airflow/dags/submit_spark_dag.py
[2026-05-20T11:16:20.094+0000] {processor.py:914} INFO - Processing file /opt/airflow/dags/submit_spark_dag.py for tasks to queue
[2026-05-20T11:16:20.094+0000] {logging_mixin.py:190} INFO - [2026-05-20T11:16:20.094+0000] {dagbag.py:588} INFO - Filling up the DagBag from /opt/airflow/dags/submit_spark_dag.py
[2026-05-20T11:16:20.102+0000] {processor.py:925} INFO - DAG(s) 'hello_spark' retrieved from /opt/airflow/dags/submit_spark_dag.py
[2026-05-20T11:16:20.121+0000] {logging_mixin.py:190} INFO - [2026-05-20T11:16:20.121+0000] {dag.py:3239} INFO - Sync 1 DAGs
[2026-05-20T11:16:20.140+0000] {logging_mixin.py:190} INFO - [2026-05-20T11:16:20.140+0000] {dag.py:4180} INFO - Setting next_dagrun for hello_spark to 2026-05-19 00:00:00+00:00, run_after=2026-05-20 00:00:00+00:00
[2026-05-20T11:16:20.153+0000] {processor.py:208} INFO - Processing /opt/airflow/dags/submit_spark_dag.py took 0.065 seconds
[2026-05-20T11:16:50.848+0000] {processor.py:186} INFO - Started process (PID=5544) to work on /opt/airflow/dags/submit_spark_dag.py
[2026-05-20T11:16:50.851+0000] {processor.py:914} INFO - Processing file /opt/airflow/dags/submit_spark_dag.py for tasks to queue
[2026-05-20T11:16:50.852+0000] {logging_mixin.py:190} INFO - [2026-05-20T11:16:50.852+0000] {dagbag.py:588} INFO - Filling up the DagBag from /opt/airflow/dags/submit_spark_dag.py
[2026-05-20T11:16:50.859+0000] {processor.py:925} INFO - DAG(s) 'hello_spark' retrieved from /opt/airflow/dags/submit_spark_dag.py
[2026-05-20T11:16:50.874+0000] {logging_mixin.py:190} INFO - [2026-05-20T11:16:50.873+0000] {dag.py:3239} INFO - Sync 1 DAGs
[2026-05-20T11:16:50.890+0000] {logging_mixin.py:190} INFO - [2026-05-20T11:16:50.890+0000] {dag.py:4180} INFO - Setting next_dagrun for hello_spark to 2026-05-19 00:00:00+00:00, run_after=2026-05-20 00:00:00+00:00
[2026-05-20T11:16:50.902+0000] {processor.py:208} INFO - Processing /opt/airflow/dags/submit_spark_dag.py took 0.060 seconds
[2026-05-20T11:17:21.476+0000] {processor.py:186} INFO - Started process (PID=5558) to work on /opt/airflow/dags/submit_spark_dag.py
[2026-05-20T11:17:21.477+0000] {processor.py:914} INFO - Processing file /opt/airflow/dags/submit_spark_dag.py for tasks to queue
[2026-05-20T11:17:21.477+0000] {logging_mixin.py:190} INFO - [2026-05-20T11:17:21.477+0000] {dagbag.py:588} INFO - Filling up the DagBag from /opt/airflow/dags/submit_spark_dag.py
[2026-05-20T11:17:21.484+0000] {processor.py:925} INFO - DAG(s) 'hello_spark' retrieved from /opt/airflow/dags/submit_spark_dag.py
[2026-05-20T11:17:21.500+0000] {logging_mixin.py:190} INFO - [2026-05-20T11:17:21.499+0000] {dag.py:3239} INFO - Sync 1 DAGs
[2026-05-20T11:17:21.520+0000] {logging_mixin.py:190} INFO - [2026-05-20T11:17:21.519+0000] {dag.py:4180} INFO - Setting next_dagrun for hello_spark to 2026-05-19 00:00:00+00:00, run_after=2026-05-20 00:00:00+00:00
[2026-05-20T11:17:21.531+0000] {processor.py:208} INFO - Processing /opt/airflow/dags/submit_spark_dag.py took 0.060 seconds
[2026-05-20T11:17:52.258+0000] {processor.py:186} INFO - Started process (PID=5572) to work on /opt/airflow/dags/submit_spark_dag.py
[2026-05-20T11:17:52.259+0000] {processor.py:914} INFO - Processing file /opt/airflow/dags/submit_spark_dag.py for tasks to queue
[2026-05-20T11:17:52.260+0000] {logging_mixin.py:190} INFO - [2026-05-20T11:17:52.260+0000] {dagbag.py:588} INFO - Filling up the DagBag from /opt/airflow/dags/submit_spark_dag.py
[2026-05-20T11:17:52.269+0000] {processor.py:925} INFO - DAG(s) 'hello_spark' retrieved from /opt/airflow/dags/submit_spark_dag.py
[2026-05-20T11:17:52.286+0000] {logging_mixin.py:190} INFO - [2026-05-20T11:17:52.285+0000] {dag.py:3239} INFO - Sync 1 DAGs
[2026-05-20T11:17:52.303+0000] {logging_mixin.py:190} INFO - [2026-05-20T11:17:52.303+0000] {dag.py:4180} INFO - Setting next_dagrun for hello_spark to 2026-05-19 00:00:00+00:00, run_after=2026-05-20 00:00:00+00:00
[2026-05-20T11:17:52.316+0000] {processor.py:208} INFO - Processing /opt/airflow/dags/submit_spark_dag.py took 0.068 seconds
[2026-05-20T11:18:22.902+0000] {processor.py:186} INFO - Started process (PID=5586) to work on /opt/airflow/dags/submit_spark_dag.py
[2026-05-20T11:18:22.905+0000] {processor.py:914} INFO - Processing file /opt/airflow/dags/submit_spark_dag.py for tasks to queue
[2026-05-20T11:18:22.906+0000] {logging_mixin.py:190} INFO - [2026-05-20T11:18:22.906+0000] {dagbag.py:588} INFO - Filling up the DagBag from /opt/airflow/dags/submit_spark_dag.py
[2026-05-20T11:18:22.914+0000] {processor.py:925} INFO - DAG(s) 'hello_spark' retrieved from /opt/airflow/dags/submit_spark_dag.py
[2026-05-20T11:18:22.930+0000] {logging_mixin.py:190} INFO - [2026-05-20T11:18:22.929+0000] {dag.py:3239} INFO - Sync 1 DAGs
[2026-05-20T11:18:22.947+0000] {logging_mixin.py:190} INFO - [2026-05-20T11:18:22.947+0000] {dag.py:4180} INFO - Setting next_dagrun for hello_spark to 2026-05-19 00:00:00+00:00, run_after=2026-05-20 00:00:00+00:00
[2026-05-20T11:18:22.959+0000] {processor.py:208} INFO - Processing /opt/airflow/dags/submit_spark_dag.py took 0.063 seconds
[2026-05-20T11:18:53.848+0000] {processor.py:186} INFO - Started process (PID=5599) to work on /opt/airflow/dags/submit_spark_dag.py
[2026-05-20T11:18:53.848+0000] {processor.py:914} INFO - Processing file /opt/airflow/dags/submit_spark_dag.py for tasks to queue
[2026-05-20T11:18:53.849+0000] {logging_mixin.py:190} INFO - [2026-05-20T11:18:53.849+0000] {dagbag.py:588} INFO - Filling up the DagBag from /opt/airflow/dags/submit_spark_dag.py
[2026-05-20T11:18:53.856+0000] {processor.py:925} INFO - DAG(s) 'hello_spark' retrieved from /opt/airflow/dags/submit_spark_dag.py
[2026-05-20T11:18:53.872+0000] {logging_mixin.py:190} INFO - [2026-05-20T11:18:53.872+0000] {dag.py:3239} INFO - Sync 1 DAGs
[2026-05-20T11:18:53.890+0000] {logging_mixin.py:190} INFO - [2026-05-20T11:18:53.890+0000] {dag.py:4180} INFO - Setting next_dagrun for hello_spark to 2026-05-19 00:00:00+00:00, run_after=2026-05-20 00:00:00+00:00
[2026-05-20T11:18:53.903+0000] {processor.py:208} INFO - Processing /opt/airflow/dags/submit_spark_dag.py took 0.060 seconds
[2026-05-20T11:19:24.478+0000] {processor.py:186} INFO - Started process (PID=5613) to work on /opt/airflow/dags/submit_spark_dag.py
[2026-05-20T11:19:24.479+0000] {processor.py:914} INFO - Processing file /opt/airflow/dags/submit_spark_dag.py for tasks to queue
[2026-05-20T11:19:24.480+0000] {logging_mixin.py:190} INFO - [2026-05-20T11:19:24.479+0000] {dagbag.py:588} INFO - Filling up the DagBag from /opt/airflow/dags/submit_spark_dag.py
[2026-05-20T11:19:24.486+0000] {processor.py:925} INFO - DAG(s) 'hello_spark' retrieved from /opt/airflow/dags/submit_spark_dag.py
[2026-05-20T11:19:24.504+0000] {logging_mixin.py:190} INFO - [2026-05-20T11:19:24.503+0000] {dag.py:3239} INFO - Sync 1 DAGs
[2026-05-20T11:19:24.522+0000] {logging_mixin.py:190} INFO - [2026-05-20T11:19:24.522+0000] {dag.py:4180} INFO - Setting next_dagrun for hello_spark to 2026-05-19 00:00:00+00:00, run_after=2026-05-20 00:00:00+00:00
[2026-05-20T11:19:24.537+0000] {processor.py:208} INFO - Processing /opt/airflow/dags/submit_spark_dag.py took 0.063 seconds
[2026-05-20T11:19:55.125+0000] {processor.py:186} INFO - Started process (PID=5627) to work on /opt/airflow/dags/submit_spark_dag.py
[2026-05-20T11:19:55.129+0000] {processor.py:914} INFO - Processing file /opt/airflow/dags/submit_spark_dag.py for tasks to queue
[2026-05-20T11:19:55.130+0000] {logging_mixin.py:190} INFO - [2026-05-20T11:19:55.129+0000] {dagbag.py:588} INFO - Filling up the DagBag from /opt/airflow/dags/submit_spark_dag.py
[2026-05-20T11:19:55.137+0000] {processor.py:925} INFO - DAG(s) 'hello_spark' retrieved from /opt/airflow/dags/submit_spark_dag.py
[2026-05-20T11:19:55.154+0000] {logging_mixin.py:190} INFO - [2026-05-20T11:19:55.154+0000] {dag.py:3239} INFO - Sync 1 DAGs
[2026-05-20T11:19:55.192+0000] {logging_mixin.py:190} INFO - [2026-05-20T11:19:55.192+0000] {dag.py:4180} INFO - Setting next_dagrun for hello_spark to 2026-05-19 00:00:00+00:00, run_after=2026-05-20 00:00:00+00:00
[2026-05-20T11:19:55.208+0000] {processor.py:208} INFO - Processing /opt/airflow/dags/submit_spark_dag.py took 0.087 seconds
[2026-05-20T11:20:25.445+0000] {processor.py:186} INFO - Started process (PID=5641) to work on /opt/airflow/dags/submit_spark_dag.py
[2026-05-20T11:20:25.446+0000] {processor.py:914} INFO - Processing file /opt/airflow/dags/submit_spark_dag.py for tasks to queue
[2026-05-20T11:20:25.447+0000] {logging_mixin.py:190} INFO - [2026-05-20T11:20:25.447+0000] {dagbag.py:588} INFO - Filling up the DagBag from /opt/airflow/dags/submit_spark_dag.py
[2026-05-20T11:20:25.454+0000] {processor.py:925} INFO - DAG(s) 'hello_spark' retrieved from /opt/airflow/dags/submit_spark_dag.py
[2026-05-20T11:20:25.472+0000] {logging_mixin.py:190} INFO - [2026-05-20T11:20:25.472+0000] {dag.py:3239} INFO - Sync 1 DAGs
[2026-05-20T11:20:25.489+0000] {logging_mixin.py:190} INFO - [2026-05-20T11:20:25.489+0000] {dag.py:4180} INFO - Setting next_dagrun for hello_spark to 2026-05-19 00:00:00+00:00, run_after=2026-05-20 00:00:00+00:00
[2026-05-20T11:20:25.503+0000] {processor.py:208} INFO - Processing /opt/airflow/dags/submit_spark_dag.py took 0.061 seconds
[2026-05-20T11:20:56.096+0000] {processor.py:186} INFO - Started process (PID=5655) to work on /opt/airflow/dags/submit_spark_dag.py
[2026-05-20T11:20:56.097+0000] {processor.py:914} INFO - Processing file /opt/airflow/dags/submit_spark_dag.py for tasks to queue
[2026-05-20T11:20:56.099+0000] {logging_mixin.py:190} INFO - [2026-05-20T11:20:56.099+0000] {dagbag.py:588} INFO - Filling up the DagBag from /opt/airflow/dags/submit_spark_dag.py
[2026-05-20T11:20:56.108+0000] {processor.py:925} INFO - DAG(s) 'hello_spark' retrieved from /opt/airflow/dags/submit_spark_dag.py
[2026-05-20T11:20:56.126+0000] {logging_mixin.py:190} INFO - [2026-05-20T11:20:56.126+0000] {dag.py:3239} INFO - Sync 1 DAGs
[2026-05-20T11:20:56.143+0000] {logging_mixin.py:190} INFO - [2026-05-20T11:20:56.143+0000] {dag.py:4180} INFO - Setting next_dagrun for hello_spark to 2026-05-19 00:00:00+00:00, run_after=2026-05-20 00:00:00+00:00
[2026-05-20T11:20:56.158+0000] {processor.py:208} INFO - Processing /opt/airflow/dags/submit_spark_dag.py took 0.071 seconds
[2026-05-20T11:21:26.777+0000] {processor.py:186} INFO - Started process (PID=5669) to work on /opt/airflow/dags/submit_spark_dag.py
[2026-05-20T11:21:26.778+0000] {processor.py:914} INFO - Processing file /opt/airflow/dags/submit_spark_dag.py for tasks to queue
[2026-05-20T11:21:26.779+0000] {logging_mixin.py:190} INFO - [2026-05-20T11:21:26.779+0000] {dagbag.py:588} INFO - Filling up the DagBag from /opt/airflow/dags/submit_spark_dag.py
[2026-05-20T11:21:26.785+0000] {processor.py:925} INFO - DAG(s) 'hello_spark' retrieved from /opt/airflow/dags/submit_spark_dag.py
[2026-05-20T11:21:26.804+0000] {logging_mixin.py:190} INFO - [2026-05-20T11:21:26.803+0000] {dag.py:3239} INFO - Sync 1 DAGs
[2026-05-20T11:21:26.822+0000] {logging_mixin.py:190} INFO - [2026-05-20T11:21:26.822+0000] {dag.py:4180} INFO - Setting next_dagrun for hello_spark to 2026-05-19 00:00:00+00:00, run_after=2026-05-20 00:00:00+00:00
[2026-05-20T11:21:26.835+0000] {processor.py:208} INFO - Processing /opt/airflow/dags/submit_spark_dag.py took 0.062 seconds
[2026-05-20T11:21:56.872+0000] {processor.py:186} INFO - Started process (PID=5683) to work on /opt/airflow/dags/submit_spark_dag.py
[2026-05-20T11:21:56.873+0000] {processor.py:914} INFO - Processing file /opt/airflow/dags/submit_spark_dag.py for tasks to queue
[2026-05-20T11:21:56.874+0000] {logging_mixin.py:190} INFO - [2026-05-20T11:21:56.874+0000] {dagbag.py:588} INFO - Filling up the DagBag from /opt/airflow/dags/submit_spark_dag.py
[2026-05-20T11:21:56.881+0000] {processor.py:925} INFO - DAG(s) 'hello_spark' retrieved from /opt/airflow/dags/submit_spark_dag.py
[2026-05-20T11:21:56.900+0000] {logging_mixin.py:190} INFO - [2026-05-20T11:21:56.900+0000] {dag.py:3239} INFO - Sync 1 DAGs
[2026-05-20T11:21:56.918+0000] {logging_mixin.py:190} INFO - [2026-05-20T11:21:56.918+0000] {dag.py:4180} INFO - Setting next_dagrun for hello_spark to 2026-05-19 00:00:00+00:00, run_after=2026-05-20 00:00:00+00:00
[2026-05-20T11:21:56.932+0000] {processor.py:208} INFO - Processing /opt/airflow/dags/submit_spark_dag.py took 0.064 seconds
[2026-05-20T11:22:27.559+0000] {processor.py:186} INFO - Started process (PID=5697) to work on /opt/airflow/dags/submit_spark_dag.py
[2026-05-20T11:22:27.561+0000] {processor.py:914} INFO - Processing file /opt/airflow/dags/submit_spark_dag.py for tasks to queue
[2026-05-20T11:22:27.562+0000] {logging_mixin.py:190} INFO - [2026-05-20T11:22:27.562+0000] {dagbag.py:588} INFO - Filling up the DagBag from /opt/airflow/dags/submit_spark_dag.py
[2026-05-20T11:22:27.571+0000] {processor.py:925} INFO - DAG(s) 'hello_spark' retrieved from /opt/airflow/dags/submit_spark_dag.py
[2026-05-20T11:22:27.590+0000] {logging_mixin.py:190} INFO - [2026-05-20T11:22:27.590+0000] {dag.py:3239} INFO - Sync 1 DAGs
[2026-05-20T11:22:27.609+0000] {logging_mixin.py:190} INFO - [2026-05-20T11:22:27.609+0000] {dag.py:4180} INFO - Setting next_dagrun for hello_spark to 2026-05-19 00:00:00+00:00, run_after=2026-05-20 00:00:00+00:00
[2026-05-20T11:22:27.623+0000] {processor.py:208} INFO - Processing /opt/airflow/dags/submit_spark_dag.py took 0.071 seconds
[2026-05-20T11:22:58.218+0000] {processor.py:186} INFO - Started process (PID=5711) to work on /opt/airflow/dags/submit_spark_dag.py
[2026-05-20T11:22:58.219+0000] {processor.py:914} INFO - Processing file /opt/airflow/dags/submit_spark_dag.py for tasks to queue
[2026-05-20T11:22:58.221+0000] {logging_mixin.py:190} INFO - [2026-05-20T11:22:58.221+0000] {dagbag.py:588} INFO - Filling up the DagBag from /opt/airflow/dags/submit_spark_dag.py
[2026-05-20T11:22:58.228+0000] {processor.py:925} INFO - DAG(s) 'hello_spark' retrieved from /opt/airflow/dags/submit_spark_dag.py
[2026-05-20T11:22:58.244+0000] {logging_mixin.py:190} INFO - [2026-05-20T11:22:58.244+0000] {dag.py:3239} INFO - Sync 1 DAGs
[2026-05-20T11:22:58.264+0000] {logging_mixin.py:190} INFO - [2026-05-20T11:22:58.263+0000] {dag.py:4180} INFO - Setting next_dagrun for hello_spark to 2026-05-19 00:00:00+00:00, run_after=2026-05-20 00:00:00+00:00
[2026-05-20T11:22:58.280+0000] {processor.py:208} INFO - Processing /opt/airflow/dags/submit_spark_dag.py took 0.065 seconds
[2026-05-20T11:23:28.835+0000] {processor.py:186} INFO - Started process (PID=5731) to work on /opt/airflow/dags/submit_spark_dag.py
[2026-05-20T11:23:28.835+0000] {processor.py:914} INFO - Processing file /opt/airflow/dags/submit_spark_dag.py for tasks to queue
[2026-05-20T11:23:28.836+0000] {logging_mixin.py:190} INFO - [2026-05-20T11:23:28.836+0000] {dagbag.py:588} INFO - Filling up the DagBag from /opt/airflow/dags/submit_spark_dag.py
[2026-05-20T11:23:28.844+0000] {processor.py:925} INFO - DAG(s) 'hello_spark' retrieved from /opt/airflow/dags/submit_spark_dag.py
[2026-05-20T11:23:28.861+0000] {logging_mixin.py:190} INFO - [2026-05-20T11:23:28.860+0000] {dag.py:3239} INFO - Sync 1 DAGs
[2026-05-20T11:23:28.878+0000] {logging_mixin.py:190} INFO - [2026-05-20T11:23:28.878+0000] {dag.py:4180} INFO - Setting next_dagrun for hello_spark to 2026-05-19 00:00:00+00:00, run_after=2026-05-20 00:00:00+00:00
[2026-05-20T11:23:28.891+0000] {processor.py:208} INFO - Processing /opt/airflow/dags/submit_spark_dag.py took 0.060 seconds
[2026-05-20T11:23:59.458+0000] {processor.py:186} INFO - Started process (PID=5745) to work on /opt/airflow/dags/submit_spark_dag.py
[2026-05-20T11:23:59.458+0000] {processor.py:914} INFO - Processing file /opt/airflow/dags/submit_spark_dag.py for tasks to queue
[2026-05-20T11:23:59.459+0000] {logging_mixin.py:190} INFO - [2026-05-20T11:23:59.459+0000] {dagbag.py:588} INFO - Filling up the DagBag from /opt/airflow/dags/submit_spark_dag.py
[2026-05-20T11:23:59.466+0000] {processor.py:925} INFO - DAG(s) 'hello_spark' retrieved from /opt/airflow/dags/submit_spark_dag.py
[2026-05-20T11:23:59.483+0000] {logging_mixin.py:190} INFO - [2026-05-20T11:23:59.483+0000] {dag.py:3239} INFO - Sync 1 DAGs
[2026-05-20T11:23:59.502+0000] {logging_mixin.py:190} INFO - [2026-05-20T11:23:59.502+0000] {dag.py:4180} INFO - Setting next_dagrun for hello_spark to 2026-05-19 00:00:00+00:00, run_after=2026-05-20 00:00:00+00:00
[2026-05-20T11:23:59.517+0000] {processor.py:208} INFO - Processing /opt/airflow/dags/submit_spark_dag.py took 0.064 seconds
[2026-05-20T11:24:30.127+0000] {processor.py:186} INFO - Started process (PID=5760) to work on /opt/airflow/dags/submit_spark_dag.py
[2026-05-20T11:24:30.129+0000] {processor.py:914} INFO - Processing file /opt/airflow/dags/submit_spark_dag.py for tasks to queue
[2026-05-20T11:24:30.130+0000] {logging_mixin.py:190} INFO - [2026-05-20T11:24:30.130+0000] {dagbag.py:588} INFO - Filling up the DagBag from /opt/airflow/dags/submit_spark_dag.py
[2026-05-20T11:24:30.138+0000] {processor.py:925} INFO - DAG(s) 'hello_spark' retrieved from /opt/airflow/dags/submit_spark_dag.py
[2026-05-20T11:24:30.156+0000] {logging_mixin.py:190} INFO - [2026-05-20T11:24:30.156+0000] {dag.py:3239} INFO - Sync 1 DAGs
[2026-05-20T11:24:30.175+0000] {logging_mixin.py:190} INFO - [2026-05-20T11:24:30.175+0000] {dag.py:4180} INFO - Setting next_dagrun for hello_spark to 2026-05-19 00:00:00+00:00, run_after=2026-05-20 00:00:00+00:00
[2026-05-20T11:24:30.190+0000] {processor.py:208} INFO - Processing /opt/airflow/dags/submit_spark_dag.py took 0.068 seconds
[2026-05-20T11:25:00.903+0000] {processor.py:186} INFO - Started process (PID=5776) to work on /opt/airflow/dags/submit_spark_dag.py
[2026-05-20T11:25:00.904+0000] {processor.py:914} INFO - Processing file /opt/airflow/dags/submit_spark_dag.py for tasks to queue
[2026-05-20T11:25:00.905+0000] {logging_mixin.py:190} INFO - [2026-05-20T11:25:00.905+0000] {dagbag.py:588} INFO - Filling up the DagBag from /opt/airflow/dags/submit_spark_dag.py
[2026-05-20T11:25:00.914+0000] {processor.py:925} INFO - DAG(s) 'hello_spark' retrieved from /opt/airflow/dags/submit_spark_dag.py
[2026-05-20T11:25:00.934+0000] {logging_mixin.py:190} INFO - [2026-05-20T11:25:00.934+0000] {dag.py:3239} INFO - Sync 1 DAGs
[2026-05-20T11:25:00.954+0000] {logging_mixin.py:190} INFO - [2026-05-20T11:25:00.954+0000] {dag.py:4180} INFO - Setting next_dagrun for hello_spark to 2026-05-19 00:00:00+00:00, run_after=2026-05-20 00:00:00+00:00
[2026-05-20T11:25:00.967+0000] {processor.py:208} INFO - Processing /opt/airflow/dags/submit_spark_dag.py took 0.070 seconds
[2026-05-20T11:25:31.625+0000] {processor.py:186} INFO - Started process (PID=5789) to work on /opt/airflow/dags/submit_spark_dag.py
[2026-05-20T11:25:31.628+0000] {processor.py:914} INFO - Processing file /opt/airflow/dags/submit_spark_dag.py for tasks to queue
[2026-05-20T11:25:31.631+0000] {logging_mixin.py:190} INFO - [2026-05-20T11:25:31.630+0000] {dagbag.py:588} INFO - Filling up the DagBag from /opt/airflow/dags/submit_spark_dag.py
[2026-05-20T11:25:31.640+0000] {processor.py:925} INFO - DAG(s) 'hello_spark' retrieved from /opt/airflow/dags/submit_spark_dag.py
[2026-05-20T11:25:31.662+0000] {logging_mixin.py:190} INFO - [2026-05-20T11:25:31.662+0000] {dag.py:3239} INFO - Sync 1 DAGs
[2026-05-20T11:25:31.683+0000] {logging_mixin.py:190} INFO - [2026-05-20T11:25:31.683+0000] {dag.py:4180} INFO - Setting next_dagrun for hello_spark to 2026-05-19 00:00:00+00:00, run_after=2026-05-20 00:00:00+00:00
[2026-05-20T11:25:31.702+0000] {processor.py:208} INFO - Processing /opt/airflow/dags/submit_spark_dag.py took 0.082 seconds
[2026-05-20T11:26:02.038+0000] {processor.py:186} INFO - Started process (PID=5802) to work on /opt/airflow/dags/submit_spark_dag.py
[2026-05-20T11:26:02.038+0000] {processor.py:914} INFO - Processing file /opt/airflow/dags/submit_spark_dag.py for tasks to queue
[2026-05-20T11:26:02.040+0000] {logging_mixin.py:190} INFO - [2026-05-20T11:26:02.039+0000] {dagbag.py:588} INFO - Filling up the DagBag from /opt/airflow/dags/submit_spark_dag.py
[2026-05-20T11:26:02.048+0000] {processor.py:925} INFO - DAG(s) 'hello_spark' retrieved from /opt/airflow/dags/submit_spark_dag.py
[2026-05-20T11:26:02.065+0000] {logging_mixin.py:190} INFO - [2026-05-20T11:26:02.065+0000] {dag.py:3239} INFO - Sync 1 DAGs
[2026-05-20T11:26:02.083+0000] {logging_mixin.py:190} INFO - [2026-05-20T11:26:02.083+0000] {dag.py:4180} INFO - Setting next_dagrun for hello_spark to 2026-05-19 00:00:00+00:00, run_after=2026-05-20 00:00:00+00:00
[2026-05-20T11:26:02.099+0000] {processor.py:208} INFO - Processing /opt/airflow/dags/submit_spark_dag.py took 0.067 seconds
[2026-05-20T11:26:32.343+0000] {processor.py:186} INFO - Started process (PID=5816) to work on /opt/airflow/dags/submit_spark_dag.py
[2026-05-20T11:26:32.344+0000] {processor.py:914} INFO - Processing file /opt/airflow/dags/submit_spark_dag.py for tasks to queue
[2026-05-20T11:26:32.345+0000] {logging_mixin.py:190} INFO - [2026-05-20T11:26:32.345+0000] {dagbag.py:588} INFO - Filling up the DagBag from /opt/airflow/dags/submit_spark_dag.py
[2026-05-20T11:26:32.353+0000] {processor.py:925} INFO - DAG(s) 'hello_spark' retrieved from /opt/airflow/dags/submit_spark_dag.py
[2026-05-20T11:26:32.370+0000] {logging_mixin.py:190} INFO - [2026-05-20T11:26:32.370+0000] {dag.py:3239} INFO - Sync 1 DAGs
[2026-05-20T11:26:32.390+0000] {logging_mixin.py:190} INFO - [2026-05-20T11:26:32.389+0000] {dag.py:4180} INFO - Setting next_dagrun for hello_spark to 2026-05-19 00:00:00+00:00, run_after=2026-05-20 00:00:00+00:00
[2026-05-20T11:26:32.420+0000] {processor.py:208} INFO - Processing /opt/airflow/dags/submit_spark_dag.py took 0.083 seconds
[2026-05-20T11:27:03.105+0000] {processor.py:186} INFO - Started process (PID=5830) to work on /opt/airflow/dags/submit_spark_dag.py
[2026-05-20T11:27:03.113+0000] {processor.py:914} INFO - Processing file /opt/airflow/dags/submit_spark_dag.py for tasks to queue
[2026-05-20T11:27:03.114+0000] {logging_mixin.py:190} INFO - [2026-05-20T11:27:03.114+0000] {dagbag.py:588} INFO - Filling up the DagBag from /opt/airflow/dags/submit_spark_dag.py
[2026-05-20T11:27:03.121+0000] {processor.py:925} INFO - DAG(s) 'hello_spark' retrieved from /opt/airflow/dags/submit_spark_dag.py
[2026-05-20T11:27:03.136+0000] {logging_mixin.py:190} INFO - [2026-05-20T11:27:03.136+0000] {dag.py:3239} INFO - Sync 1 DAGs
[2026-05-20T11:27:03.153+0000] {logging_mixin.py:190} INFO - [2026-05-20T11:27:03.153+0000] {dag.py:4180} INFO - Setting next_dagrun for hello_spark to 2026-05-19 00:00:00+00:00, run_after=2026-05-20 00:00:00+00:00
[2026-05-20T11:27:03.164+0000] {processor.py:208} INFO - Processing /opt/airflow/dags/submit_spark_dag.py took 0.063 seconds
[2026-05-20T11:27:33.429+0000] {processor.py:186} INFO - Started process (PID=5844) to work on /opt/airflow/dags/submit_spark_dag.py
[2026-05-20T11:27:33.430+0000] {processor.py:914} INFO - Processing file /opt/airflow/dags/submit_spark_dag.py for tasks to queue
[2026-05-20T11:27:33.435+0000] {logging_mixin.py:190} INFO - [2026-05-20T11:27:33.432+0000] {dagbag.py:588} INFO - Filling up the DagBag from /opt/airflow/dags/submit_spark_dag.py
[2026-05-20T11:27:33.443+0000] {processor.py:925} INFO - DAG(s) 'hello_spark' retrieved from /opt/airflow/dags/submit_spark_dag.py
[2026-05-20T11:27:33.462+0000] {logging_mixin.py:190} INFO - [2026-05-20T11:27:33.462+0000] {dag.py:3239} INFO - Sync 1 DAGs
[2026-05-20T11:27:33.487+0000] {logging_mixin.py:190} INFO - [2026-05-20T11:27:33.487+0000] {dag.py:4180} INFO - Setting next_dagrun for hello_spark to 2026-05-19 00:00:00+00:00, run_after=2026-05-20 00:00:00+00:00
[2026-05-20T11:27:33.529+0000] {processor.py:208} INFO - Processing /opt/airflow/dags/submit_spark_dag.py took 0.104 seconds
[2026-05-20T11:28:03.875+0000] {processor.py:186} INFO - Started process (PID=5858) to work on /opt/airflow/dags/submit_spark_dag.py
[2026-05-20T11:28:03.875+0000] {processor.py:914} INFO - Processing file /opt/airflow/dags/submit_spark_dag.py for tasks to queue
[2026-05-20T11:28:03.876+0000] {logging_mixin.py:190} INFO - [2026-05-20T11:28:03.876+0000] {dagbag.py:588} INFO - Filling up the DagBag from /opt/airflow/dags/submit_spark_dag.py
[2026-05-20T11:28:03.883+0000] {processor.py:925} INFO - DAG(s) 'hello_spark' retrieved from /opt/airflow/dags/submit_spark_dag.py
[2026-05-20T11:28:03.903+0000] {logging_mixin.py:190} INFO - [2026-05-20T11:28:03.902+0000] {dag.py:3239} INFO - Sync 1 DAGs
[2026-05-20T11:28:03.921+0000] {logging_mixin.py:190} INFO - [2026-05-20T11:28:03.920+0000] {dag.py:4180} INFO - Setting next_dagrun for hello_spark to 2026-05-19 00:00:00+00:00, run_after=2026-05-20 00:00:00+00:00
[2026-05-20T11:28:03.934+0000] {processor.py:208} INFO - Processing /opt/airflow/dags/submit_spark_dag.py took 0.065 seconds
[2026-05-20T11:28:34.208+0000] {processor.py:186} INFO - Started process (PID=5871) to work on /opt/airflow/dags/submit_spark_dag.py
[2026-05-20T11:28:34.209+0000] {processor.py:914} INFO - Processing file /opt/airflow/dags/submit_spark_dag.py for tasks to queue
[2026-05-20T11:28:34.210+0000] {logging_mixin.py:190} INFO - [2026-05-20T11:28:34.210+0000] {dagbag.py:588} INFO - Filling up the DagBag from /opt/airflow/dags/submit_spark_dag.py
[2026-05-20T11:28:34.217+0000] {processor.py:925} INFO - DAG(s) 'hello_spark' retrieved from /opt/airflow/dags/submit_spark_dag.py
[2026-05-20T11:28:34.233+0000] {logging_mixin.py:190} INFO - [2026-05-20T11:28:34.233+0000] {dag.py:3239} INFO - Sync 1 DAGs
[2026-05-20T11:28:34.251+0000] {logging_mixin.py:190} INFO - [2026-05-20T11:28:34.251+0000] {dag.py:4180} INFO - Setting next_dagrun for hello_spark to 2026-05-19 00:00:00+00:00, run_after=2026-05-20 00:00:00+00:00
[2026-05-20T11:28:34.265+0000] {processor.py:208} INFO - Processing /opt/airflow/dags/submit_spark_dag.py took 0.062 seconds
[2026-05-20T11:29:04.415+0000] {processor.py:186} INFO - Started process (PID=5885) to work on /opt/airflow/dags/submit_spark_dag.py
[2026-05-20T11:29:04.416+0000] {processor.py:914} INFO - Processing file /opt/airflow/dags/submit_spark_dag.py for tasks to queue
[2026-05-20T11:29:04.417+0000] {logging_mixin.py:190} INFO - [2026-05-20T11:29:04.416+0000] {dagbag.py:588} INFO - Filling up the DagBag from /opt/airflow/dags/submit_spark_dag.py
[2026-05-20T11:29:04.426+0000] {processor.py:925} INFO - DAG(s) 'hello_spark' retrieved from /opt/airflow/dags/submit_spark_dag.py
[2026-05-20T11:29:04.444+0000] {logging_mixin.py:190} INFO - [2026-05-20T11:29:04.444+0000] {dag.py:3239} INFO - Sync 1 DAGs
[2026-05-20T11:29:04.463+0000] {logging_mixin.py:190} INFO - [2026-05-20T11:29:04.463+0000] {dag.py:4180} INFO - Setting next_dagrun for hello_spark to 2026-05-19 00:00:00+00:00, run_after=2026-05-20 00:00:00+00:00
[2026-05-20T11:29:04.476+0000] {processor.py:208} INFO - Processing /opt/airflow/dags/submit_spark_dag.py took 0.067 seconds
[2026-05-20T11:29:35.077+0000] {processor.py:186} INFO - Started process (PID=5899) to work on /opt/airflow/dags/submit_spark_dag.py
[2026-05-20T11:29:35.078+0000] {processor.py:914} INFO - Processing file /opt/airflow/dags/submit_spark_dag.py for tasks to queue
[2026-05-20T11:29:35.079+0000] {logging_mixin.py:190} INFO - [2026-05-20T11:29:35.079+0000] {dagbag.py:588} INFO - Filling up the DagBag from /opt/airflow/dags/submit_spark_dag.py
[2026-05-20T11:29:35.085+0000] {processor.py:925} INFO - DAG(s) 'hello_spark' retrieved from /opt/airflow/dags/submit_spark_dag.py
[2026-05-20T11:29:35.102+0000] {logging_mixin.py:190} INFO - [2026-05-20T11:29:35.102+0000] {dag.py:3239} INFO - Sync 1 DAGs
[2026-05-20T11:29:35.120+0000] {logging_mixin.py:190} INFO - [2026-05-20T11:29:35.120+0000] {dag.py:4180} INFO - Setting next_dagrun for hello_spark to 2026-05-19 00:00:00+00:00, run_after=2026-05-20 00:00:00+00:00
[2026-05-20T11:29:35.133+0000] {processor.py:208} INFO - Processing /opt/airflow/dags/submit_spark_dag.py took 0.060 seconds
[2026-05-20T11:30:05.455+0000] {processor.py:186} INFO - Started process (PID=5913) to work on /opt/airflow/dags/submit_spark_dag.py
[2026-05-20T11:30:05.455+0000] {processor.py:914} INFO - Processing file /opt/airflow/dags/submit_spark_dag.py for tasks to queue
[2026-05-20T11:30:05.456+0000] {logging_mixin.py:190} INFO - [2026-05-20T11:30:05.456+0000] {dagbag.py:588} INFO - Filling up the DagBag from /opt/airflow/dags/submit_spark_dag.py
[2026-05-20T11:30:05.466+0000] {processor.py:925} INFO - DAG(s) 'hello_spark' retrieved from /opt/airflow/dags/submit_spark_dag.py
[2026-05-20T11:30:05.485+0000] {logging_mixin.py:190} INFO - [2026-05-20T11:30:05.485+0000] {dag.py:3239} INFO - Sync 1 DAGs
[2026-05-20T11:30:05.503+0000] {logging_mixin.py:190} INFO - [2026-05-20T11:30:05.503+0000] {dag.py:4180} INFO - Setting next_dagrun for hello_spark to 2026-05-19 00:00:00+00:00, run_after=2026-05-20 00:00:00+00:00
[2026-05-20T11:30:05.520+0000] {processor.py:208} INFO - Processing /opt/airflow/dags/submit_spark_dag.py took 0.072 seconds
[2026-05-20T11:30:35.806+0000] {processor.py:186} INFO - Started process (PID=5928) to work on /opt/airflow/dags/submit_spark_dag.py
[2026-05-20T11:30:35.807+0000] {processor.py:914} INFO - Processing file /opt/airflow/dags/submit_spark_dag.py for tasks to queue
[2026-05-20T11:30:35.808+0000] {logging_mixin.py:190} INFO - [2026-05-20T11:30:35.808+0000] {dagbag.py:588} INFO - Filling up the DagBag from /opt/airflow/dags/submit_spark_dag.py
[2026-05-20T11:30:35.817+0000] {processor.py:925} INFO - DAG(s) 'hello_spark' retrieved from /opt/airflow/dags/submit_spark_dag.py
[2026-05-20T11:30:35.833+0000] {logging_mixin.py:190} INFO - [2026-05-20T11:30:35.833+0000] {dag.py:3239} INFO - Sync 1 DAGs
[2026-05-20T11:30:35.849+0000] {logging_mixin.py:190} INFO - [2026-05-20T11:30:35.849+0000] {dag.py:4180} INFO - Setting next_dagrun for hello_spark to 2026-05-19 00:00:00+00:00, run_after=2026-05-20 00:00:00+00:00
[2026-05-20T11:30:35.861+0000] {processor.py:208} INFO - Processing /opt/airflow/dags/submit_spark_dag.py took 0.061 seconds
[2026-05-20T11:31:06.184+0000] {processor.py:186} INFO - Started process (PID=5942) to work on /opt/airflow/dags/submit_spark_dag.py
[2026-05-20T11:31:06.184+0000] {processor.py:914} INFO - Processing file /opt/airflow/dags/submit_spark_dag.py for tasks to queue
[2026-05-20T11:31:06.185+0000] {logging_mixin.py:190} INFO - [2026-05-20T11:31:06.185+0000] {dagbag.py:588} INFO - Filling up the DagBag from /opt/airflow/dags/submit_spark_dag.py
[2026-05-20T11:31:06.194+0000] {processor.py:925} INFO - DAG(s) 'hello_spark' retrieved from /opt/airflow/dags/submit_spark_dag.py
[2026-05-20T11:31:06.210+0000] {logging_mixin.py:190} INFO - [2026-05-20T11:31:06.210+0000] {dag.py:3239} INFO - Sync 1 DAGs
[2026-05-20T11:31:06.229+0000] {logging_mixin.py:190} INFO - [2026-05-20T11:31:06.228+0000] {dag.py:4180} INFO - Setting next_dagrun for hello_spark to 2026-05-19 00:00:00+00:00, run_after=2026-05-20 00:00:00+00:00
[2026-05-20T11:31:06.241+0000] {processor.py:208} INFO - Processing /opt/airflow/dags/submit_spark_dag.py took 0.061 seconds
[2026-05-20T11:31:36.546+0000] {processor.py:186} INFO - Started process (PID=5957) to work on /opt/airflow/dags/submit_spark_dag.py
[2026-05-20T11:31:36.547+0000] {processor.py:914} INFO - Processing file /opt/airflow/dags/submit_spark_dag.py for tasks to queue
[2026-05-20T11:31:36.548+0000] {logging_mixin.py:190} INFO - [2026-05-20T11:31:36.548+0000] {dagbag.py:588} INFO - Filling up the DagBag from /opt/airflow/dags/submit_spark_dag.py
[2026-05-20T11:31:36.554+0000] {processor.py:925} INFO - DAG(s) 'hello_spark' retrieved from /opt/airflow/dags/submit_spark_dag.py
[2026-05-20T11:31:36.572+0000] {logging_mixin.py:190} INFO - [2026-05-20T11:31:36.572+0000] {dag.py:3239} INFO - Sync 1 DAGs
[2026-05-20T11:31:36.592+0000] {logging_mixin.py:190} INFO - [2026-05-20T11:31:36.591+0000] {dag.py:4180} INFO - Setting next_dagrun for hello_spark to 2026-05-19 00:00:00+00:00, run_after=2026-05-20 00:00:00+00:00
[2026-05-20T11:31:36.605+0000] {processor.py:208} INFO - Processing /opt/airflow/dags/submit_spark_dag.py took 0.064 seconds
[2026-05-20T11:32:07.278+0000] {processor.py:186} INFO - Started process (PID=5971) to work on /opt/airflow/dags/submit_spark_dag.py
[2026-05-20T11:32:07.278+0000] {processor.py:914} INFO - Processing file /opt/airflow/dags/submit_spark_dag.py for tasks to queue
[2026-05-20T11:32:07.280+0000] {logging_mixin.py:190} INFO - [2026-05-20T11:32:07.279+0000] {dagbag.py:588} INFO - Filling up the DagBag from /opt/airflow/dags/submit_spark_dag.py
[2026-05-20T11:32:07.287+0000] {processor.py:925} INFO - DAG(s) 'hello_spark' retrieved from /opt/airflow/dags/submit_spark_dag.py
[2026-05-20T11:32:07.305+0000] {logging_mixin.py:190} INFO - [2026-05-20T11:32:07.305+0000] {dag.py:3239} INFO - Sync 1 DAGs
[2026-05-20T11:32:07.324+0000] {logging_mixin.py:190} INFO - [2026-05-20T11:32:07.324+0000] {dag.py:4180} INFO - Setting next_dagrun for hello_spark to 2026-05-19 00:00:00+00:00, run_after=2026-05-20 00:00:00+00:00
[2026-05-20T11:32:07.338+0000] {processor.py:208} INFO - Processing /opt/airflow/dags/submit_spark_dag.py took 0.067 seconds
[2026-05-20T11:32:37.913+0000] {processor.py:186} INFO - Started process (PID=5985) to work on /opt/airflow/dags/submit_spark_dag.py
[2026-05-20T11:32:37.914+0000] {processor.py:914} INFO - Processing file /opt/airflow/dags/submit_spark_dag.py for tasks to queue
[2026-05-20T11:32:37.915+0000] {logging_mixin.py:190} INFO - [2026-05-20T11:32:37.915+0000] {dagbag.py:588} INFO - Filling up the DagBag from /opt/airflow/dags/submit_spark_dag.py
[2026-05-20T11:32:37.922+0000] {processor.py:925} INFO - DAG(s) 'hello_spark' retrieved from /opt/airflow/dags/submit_spark_dag.py
[2026-05-20T11:32:37.941+0000] {logging_mixin.py:190} INFO - [2026-05-20T11:32:37.941+0000] {dag.py:3239} INFO - Sync 1 DAGs
[2026-05-20T11:32:37.965+0000] {logging_mixin.py:190} INFO - [2026-05-20T11:32:37.965+0000] {dag.py:4180} INFO - Setting next_dagrun for hello_spark to 2026-05-19 00:00:00+00:00, run_after=2026-05-20 00:00:00+00:00
[2026-05-20T11:32:37.980+0000] {processor.py:208} INFO - Processing /opt/airflow/dags/submit_spark_dag.py took 0.072 seconds
[2026-05-20T11:33:08.580+0000] {processor.py:186} INFO - Started process (PID=5998) to work on /opt/airflow/dags/submit_spark_dag.py
[2026-05-20T11:33:08.580+0000] {processor.py:914} INFO - Processing file /opt/airflow/dags/submit_spark_dag.py for tasks to queue
[2026-05-20T11:33:08.581+0000] {logging_mixin.py:190} INFO - [2026-05-20T11:33:08.581+0000] {dagbag.py:588} INFO - Filling up the DagBag from /opt/airflow/dags/submit_spark_dag.py
[2026-05-20T11:33:08.590+0000] {processor.py:925} INFO - DAG(s) 'hello_spark' retrieved from /opt/airflow/dags/submit_spark_dag.py
[2026-05-20T11:33:08.608+0000] {logging_mixin.py:190} INFO - [2026-05-20T11:33:08.608+0000] {dag.py:3239} INFO - Sync 1 DAGs
[2026-05-20T11:33:08.626+0000] {logging_mixin.py:190} INFO - [2026-05-20T11:33:08.625+0000] {dag.py:4180} INFO - Setting next_dagrun for hello_spark to 2026-05-19 00:00:00+00:00, run_after=2026-05-20 00:00:00+00:00
[2026-05-20T11:33:08.639+0000] {processor.py:208} INFO - Processing /opt/airflow/dags/submit_spark_dag.py took 0.065 seconds
[2026-05-20T11:33:39.325+0000] {processor.py:186} INFO - Started process (PID=6013) to work on /opt/airflow/dags/submit_spark_dag.py
[2026-05-20T11:33:39.327+0000] {processor.py:914} INFO - Processing file /opt/airflow/dags/submit_spark_dag.py for tasks to queue
[2026-05-20T11:33:39.328+0000] {logging_mixin.py:190} INFO - [2026-05-20T11:33:39.328+0000] {dagbag.py:588} INFO - Filling up the DagBag from /opt/airflow/dags/submit_spark_dag.py
[2026-05-20T11:33:39.338+0000] {processor.py:925} INFO - DAG(s) 'hello_spark' retrieved from /opt/airflow/dags/submit_spark_dag.py
[2026-05-20T11:33:39.356+0000] {logging_mixin.py:190} INFO - [2026-05-20T11:33:39.356+0000] {dag.py:3239} INFO - Sync 1 DAGs
[2026-05-20T11:33:39.375+0000] {logging_mixin.py:190} INFO - [2026-05-20T11:33:39.375+0000] {dag.py:4180} INFO - Setting next_dagrun for hello_spark to 2026-05-19 00:00:00+00:00, run_after=2026-05-20 00:00:00+00:00
[2026-05-20T11:33:39.389+0000] {processor.py:208} INFO - Processing /opt/airflow/dags/submit_spark_dag.py took 0.071 seconds
[2026-05-20T11:34:10.086+0000] {processor.py:186} INFO - Started process (PID=6027) to work on /opt/airflow/dags/submit_spark_dag.py
[2026-05-20T11:34:10.087+0000] {processor.py:914} INFO - Processing file /opt/airflow/dags/submit_spark_dag.py for tasks to queue
[2026-05-20T11:34:10.089+0000] {logging_mixin.py:190} INFO - [2026-05-20T11:34:10.089+0000] {dagbag.py:588} INFO - Filling up the DagBag from /opt/airflow/dags/submit_spark_dag.py
[2026-05-20T11:34:10.098+0000] {processor.py:925} INFO - DAG(s) 'hello_spark' retrieved from /opt/airflow/dags/submit_spark_dag.py
[2026-05-20T11:34:10.114+0000] {logging_mixin.py:190} INFO - [2026-05-20T11:34:10.114+0000] {dag.py:3239} INFO - Sync 1 DAGs
[2026-05-20T11:34:10.133+0000] {logging_mixin.py:190} INFO - [2026-05-20T11:34:10.133+0000] {dag.py:4180} INFO - Setting next_dagrun for hello_spark to 2026-05-19 00:00:00+00:00, run_after=2026-05-20 00:00:00+00:00
[2026-05-20T11:34:10.147+0000] {processor.py:208} INFO - Processing /opt/airflow/dags/submit_spark_dag.py took 0.065 seconds
[2026-05-20T11:34:40.715+0000] {processor.py:186} INFO - Started process (PID=6041) to work on /opt/airflow/dags/submit_spark_dag.py
[2026-05-20T11:34:40.718+0000] {processor.py:914} INFO - Processing file /opt/airflow/dags/submit_spark_dag.py for tasks to queue
[2026-05-20T11:34:40.719+0000] {logging_mixin.py:190} INFO - [2026-05-20T11:34:40.719+0000] {dagbag.py:588} INFO - Filling up the DagBag from /opt/airflow/dags/submit_spark_dag.py
[2026-05-20T11:34:40.729+0000] {processor.py:925} INFO - DAG(s) 'hello_spark' retrieved from /opt/airflow/dags/submit_spark_dag.py
[2026-05-20T11:34:40.750+0000] {logging_mixin.py:190} INFO - [2026-05-20T11:34:40.750+0000] {dag.py:3239} INFO - Sync 1 DAGs
[2026-05-20T11:34:40.772+0000] {logging_mixin.py:190} INFO - [2026-05-20T11:34:40.772+0000] {dag.py:4180} INFO - Setting next_dagrun for hello_spark to 2026-05-19 00:00:00+00:00, run_after=2026-05-20 00:00:00+00:00
[2026-05-20T11:34:40.786+0000] {processor.py:208} INFO - Processing /opt/airflow/dags/submit_spark_dag.py took 0.075 seconds
[2026-05-20T11:35:11.495+0000] {processor.py:186} INFO - Started process (PID=6055) to work on /opt/airflow/dags/submit_spark_dag.py
[2026-05-20T11:35:11.496+0000] {processor.py:914} INFO - Processing file /opt/airflow/dags/submit_spark_dag.py for tasks to queue
[2026-05-20T11:35:11.497+0000] {logging_mixin.py:190} INFO - [2026-05-20T11:35:11.497+0000] {dagbag.py:588} INFO - Filling up the DagBag from /opt/airflow/dags/submit_spark_dag.py
[2026-05-20T11:35:11.504+0000] {processor.py:925} INFO - DAG(s) 'hello_spark' retrieved from /opt/airflow/dags/submit_spark_dag.py
[2026-05-20T11:35:11.524+0000] {logging_mixin.py:190} INFO - [2026-05-20T11:35:11.524+0000] {dag.py:3239} INFO - Sync 1 DAGs
[2026-05-20T11:35:11.543+0000] {logging_mixin.py:190} INFO - [2026-05-20T11:35:11.543+0000] {dag.py:4180} INFO - Setting next_dagrun for hello_spark to 2026-05-19 00:00:00+00:00, run_after=2026-05-20 00:00:00+00:00
[2026-05-20T11:35:11.555+0000] {processor.py:208} INFO - Processing /opt/airflow/dags/submit_spark_dag.py took 0.066 seconds
[2026-05-20T11:35:42.122+0000] {processor.py:186} INFO - Started process (PID=6069) to work on /opt/airflow/dags/submit_spark_dag.py
[2026-05-20T11:35:42.122+0000] {processor.py:914} INFO - Processing file /opt/airflow/dags/submit_spark_dag.py for tasks to queue
[2026-05-20T11:35:42.123+0000] {logging_mixin.py:190} INFO - [2026-05-20T11:35:42.123+0000] {dagbag.py:588} INFO - Filling up the DagBag from /opt/airflow/dags/submit_spark_dag.py
[2026-05-20T11:35:42.130+0000] {processor.py:925} INFO - DAG(s) 'hello_spark' retrieved from /opt/airflow/dags/submit_spark_dag.py
[2026-05-20T11:35:42.149+0000] {logging_mixin.py:190} INFO - [2026-05-20T11:35:42.149+0000] {dag.py:3239} INFO - Sync 1 DAGs
[2026-05-20T11:35:42.171+0000] {logging_mixin.py:190} INFO - [2026-05-20T11:35:42.171+0000] {dag.py:4180} INFO - Setting next_dagrun for hello_spark to 2026-05-19 00:00:00+00:00, run_after=2026-05-20 00:00:00+00:00
[2026-05-20T11:35:42.184+0000] {processor.py:208} INFO - Processing /opt/airflow/dags/submit_spark_dag.py took 0.068 seconds
[2026-05-20T11:36:12.773+0000] {processor.py:186} INFO - Started process (PID=6083) to work on /opt/airflow/dags/submit_spark_dag.py
[2026-05-20T11:36:12.774+0000] {processor.py:914} INFO - Processing file /opt/airflow/dags/submit_spark_dag.py for tasks to queue
[2026-05-20T11:36:12.775+0000] {logging_mixin.py:190} INFO - [2026-05-20T11:36:12.774+0000] {dagbag.py:588} INFO - Filling up the DagBag from /opt/airflow/dags/submit_spark_dag.py
[2026-05-20T11:36:12.781+0000] {processor.py:925} INFO - DAG(s) 'hello_spark' retrieved from /opt/airflow/dags/submit_spark_dag.py
[2026-05-20T11:36:12.802+0000] {logging_mixin.py:190} INFO - [2026-05-20T11:36:12.802+0000] {dag.py:3239} INFO - Sync 1 DAGs
[2026-05-20T11:36:12.827+0000] {logging_mixin.py:190} INFO - [2026-05-20T11:36:12.827+0000] {dag.py:4180} INFO - Setting next_dagrun for hello_spark to 2026-05-19 00:00:00+00:00, run_after=2026-05-20 00:00:00+00:00
[2026-05-20T11:36:12.842+0000] {processor.py:208} INFO - Processing /opt/airflow/dags/submit_spark_dag.py took 0.072 seconds
[2026-05-20T11:36:43.418+0000] {processor.py:186} INFO - Started process (PID=6096) to work on /opt/airflow/dags/submit_spark_dag.py
[2026-05-20T11:36:43.421+0000] {processor.py:914} INFO - Processing file /opt/airflow/dags/submit_spark_dag.py for tasks to queue
[2026-05-20T11:36:43.422+0000] {logging_mixin.py:190} INFO - [2026-05-20T11:36:43.421+0000] {dagbag.py:588} INFO - Filling up the DagBag from /opt/airflow/dags/submit_spark_dag.py
[2026-05-20T11:36:43.428+0000] {processor.py:925} INFO - DAG(s) 'hello_spark' retrieved from /opt/airflow/dags/submit_spark_dag.py
[2026-05-20T11:36:43.451+0000] {logging_mixin.py:190} INFO - [2026-05-20T11:36:43.450+0000] {dag.py:3239} INFO - Sync 1 DAGs
[2026-05-20T11:36:43.471+0000] {logging_mixin.py:190} INFO - [2026-05-20T11:36:43.471+0000] {dag.py:4180} INFO - Setting next_dagrun for hello_spark to 2026-05-19 00:00:00+00:00, run_after=2026-05-20 00:00:00+00:00
[2026-05-20T11:36:43.487+0000] {processor.py:208} INFO - Processing /opt/airflow/dags/submit_spark_dag.py took 0.073 seconds
[2026-05-20T11:37:14.290+0000] {processor.py:186} INFO - Started process (PID=6110) to work on /opt/airflow/dags/submit_spark_dag.py
[2026-05-20T11:37:14.291+0000] {processor.py:914} INFO - Processing file /opt/airflow/dags/submit_spark_dag.py for tasks to queue
[2026-05-20T11:37:14.292+0000] {logging_mixin.py:190} INFO - [2026-05-20T11:37:14.292+0000] {dagbag.py:588} INFO - Filling up the DagBag from /opt/airflow/dags/submit_spark_dag.py
[2026-05-20T11:37:14.315+0000] {processor.py:925} INFO - DAG(s) 'hello_spark' retrieved from /opt/airflow/dags/submit_spark_dag.py
[2026-05-20T11:37:14.337+0000] {logging_mixin.py:190} INFO - [2026-05-20T11:37:14.337+0000] {dag.py:3239} INFO - Sync 1 DAGs
[2026-05-20T11:37:14.364+0000] {logging_mixin.py:190} INFO - [2026-05-20T11:37:14.363+0000] {dag.py:4180} INFO - Setting next_dagrun for hello_spark to 2026-05-19 00:00:00+00:00, run_after=2026-05-20 00:00:00+00:00
[2026-05-20T11:37:14.387+0000] {processor.py:208} INFO - Processing /opt/airflow/dags/submit_spark_dag.py took 0.115 seconds
[2026-05-20T11:37:44.443+0000] {processor.py:186} INFO - Started process (PID=6124) to work on /opt/airflow/dags/submit_spark_dag.py
[2026-05-20T11:37:44.444+0000] {processor.py:914} INFO - Processing file /opt/airflow/dags/submit_spark_dag.py for tasks to queue
[2026-05-20T11:37:44.445+0000] {logging_mixin.py:190} INFO - [2026-05-20T11:37:44.445+0000] {dagbag.py:588} INFO - Filling up the DagBag from /opt/airflow/dags/submit_spark_dag.py
[2026-05-20T11:37:44.453+0000] {processor.py:925} INFO - DAG(s) 'hello_spark' retrieved from /opt/airflow/dags/submit_spark_dag.py
[2026-05-20T11:37:44.469+0000] {logging_mixin.py:190} INFO - [2026-05-20T11:37:44.468+0000] {dag.py:3239} INFO - Sync 1 DAGs
[2026-05-20T11:37:44.486+0000] {logging_mixin.py:190} INFO - [2026-05-20T11:37:44.486+0000] {dag.py:4180} INFO - Setting next_dagrun for hello_spark to 2026-05-19 00:00:00+00:00, run_after=2026-05-20 00:00:00+00:00
[2026-05-20T11:37:44.498+0000] {processor.py:208} INFO - Processing /opt/airflow/dags/submit_spark_dag.py took 0.059 seconds
[2026-05-20T11:38:15.143+0000] {processor.py:186} INFO - Started process (PID=6137) to work on /opt/airflow/dags/submit_spark_dag.py
[2026-05-20T11:38:15.143+0000] {processor.py:914} INFO - Processing file /opt/airflow/dags/submit_spark_dag.py for tasks to queue
[2026-05-20T11:38:15.144+0000] {logging_mixin.py:190} INFO - [2026-05-20T11:38:15.144+0000] {dagbag.py:588} INFO - Filling up the DagBag from /opt/airflow/dags/submit_spark_dag.py
[2026-05-20T11:38:15.150+0000] {processor.py:925} INFO - DAG(s) 'hello_spark' retrieved from /opt/airflow/dags/submit_spark_dag.py
[2026-05-20T11:38:15.169+0000] {logging_mixin.py:190} INFO - [2026-05-20T11:38:15.169+0000] {dag.py:3239} INFO - Sync 1 DAGs
[2026-05-20T11:38:15.187+0000] {logging_mixin.py:190} INFO - [2026-05-20T11:38:15.187+0000] {dag.py:4180} INFO - Setting next_dagrun for hello_spark to 2026-05-19 00:00:00+00:00, run_after=2026-05-20 00:00:00+00:00
[2026-05-20T11:38:15.200+0000] {processor.py:208} INFO - Processing /opt/airflow/dags/submit_spark_dag.py took 0.062 seconds
[2026-05-20T11:38:46.041+0000] {processor.py:186} INFO - Started process (PID=6152) to work on /opt/airflow/dags/submit_spark_dag.py
[2026-05-20T11:38:46.044+0000] {processor.py:914} INFO - Processing file /opt/airflow/dags/submit_spark_dag.py for tasks to queue
[2026-05-20T11:38:46.045+0000] {logging_mixin.py:190} INFO - [2026-05-20T11:38:46.045+0000] {dagbag.py:588} INFO - Filling up the DagBag from /opt/airflow/dags/submit_spark_dag.py
[2026-05-20T11:38:46.052+0000] {processor.py:925} INFO - DAG(s) 'hello_spark' retrieved from /opt/airflow/dags/submit_spark_dag.py
[2026-05-20T11:38:46.076+0000] {logging_mixin.py:190} INFO - [2026-05-20T11:38:46.075+0000] {dag.py:3239} INFO - Sync 1 DAGs
[2026-05-20T11:38:46.106+0000] {logging_mixin.py:190} INFO - [2026-05-20T11:38:46.106+0000] {dag.py:4180} INFO - Setting next_dagrun for hello_spark to 2026-05-19 00:00:00+00:00, run_after=2026-05-20 00:00:00+00:00
[2026-05-20T11:38:46.124+0000] {processor.py:208} INFO - Processing /opt/airflow/dags/submit_spark_dag.py took 0.088 seconds
[2026-05-20T11:39:16.737+0000] {processor.py:186} INFO - Started process (PID=6166) to work on /opt/airflow/dags/submit_spark_dag.py
[2026-05-20T11:39:16.738+0000] {processor.py:914} INFO - Processing file /opt/airflow/dags/submit_spark_dag.py for tasks to queue
[2026-05-20T11:39:16.739+0000] {logging_mixin.py:190} INFO - [2026-05-20T11:39:16.739+0000] {dagbag.py:588} INFO - Filling up the DagBag from /opt/airflow/dags/submit_spark_dag.py
[2026-05-20T11:39:16.750+0000] {processor.py:925} INFO - DAG(s) 'hello_spark' retrieved from /opt/airflow/dags/submit_spark_dag.py
[2026-05-20T11:39:16.773+0000] {logging_mixin.py:190} INFO - [2026-05-20T11:39:16.773+0000] {dag.py:3239} INFO - Sync 1 DAGs
[2026-05-20T11:39:16.802+0000] {logging_mixin.py:190} INFO - [2026-05-20T11:39:16.802+0000] {dag.py:4180} INFO - Setting next_dagrun for hello_spark to 2026-05-19 00:00:00+00:00, run_after=2026-05-20 00:00:00+00:00
[2026-05-20T11:39:16.818+0000] {processor.py:208} INFO - Processing /opt/airflow/dags/submit_spark_dag.py took 0.086 seconds
[2026-05-20T11:39:46.919+0000] {processor.py:186} INFO - Started process (PID=6181) to work on /opt/airflow/dags/submit_spark_dag.py
[2026-05-20T11:39:46.920+0000] {processor.py:914} INFO - Processing file /opt/airflow/dags/submit_spark_dag.py for tasks to queue
[2026-05-20T11:39:46.921+0000] {logging_mixin.py:190} INFO - [2026-05-20T11:39:46.920+0000] {dagbag.py:588} INFO - Filling up the DagBag from /opt/airflow/dags/submit_spark_dag.py
[2026-05-20T11:39:46.939+0000] {processor.py:925} INFO - DAG(s) 'hello_spark' retrieved from /opt/airflow/dags/submit_spark_dag.py
[2026-05-20T11:39:46.969+0000] {logging_mixin.py:190} INFO - [2026-05-20T11:39:46.969+0000] {dag.py:3239} INFO - Sync 1 DAGs
[2026-05-20T11:39:47.009+0000] {logging_mixin.py:190} INFO - [2026-05-20T11:39:47.009+0000] {dag.py:4180} INFO - Setting next_dagrun for hello_spark to 2026-05-19 00:00:00+00:00, run_after=2026-05-20 00:00:00+00:00
[2026-05-20T11:39:47.022+0000] {processor.py:208} INFO - Processing /opt/airflow/dags/submit_spark_dag.py took 0.108 seconds
[2026-05-20T11:40:17.602+0000] {processor.py:186} INFO - Started process (PID=6195) to work on /opt/airflow/dags/submit_spark_dag.py
[2026-05-20T11:40:17.602+0000] {processor.py:914} INFO - Processing file /opt/airflow/dags/submit_spark_dag.py for tasks to queue
[2026-05-20T11:40:17.603+0000] {logging_mixin.py:190} INFO - [2026-05-20T11:40:17.603+0000] {dagbag.py:588} INFO - Filling up the DagBag from /opt/airflow/dags/submit_spark_dag.py
[2026-05-20T11:40:17.618+0000] {processor.py:925} INFO - DAG(s) 'hello_spark' retrieved from /opt/airflow/dags/submit_spark_dag.py
[2026-05-20T11:40:17.638+0000] {logging_mixin.py:190} INFO - [2026-05-20T11:40:17.638+0000] {dag.py:3239} INFO - Sync 1 DAGs
[2026-05-20T11:40:17.666+0000] {logging_mixin.py:190} INFO - [2026-05-20T11:40:17.665+0000] {dag.py:4180} INFO - Setting next_dagrun for hello_spark to 2026-05-19 00:00:00+00:00, run_after=2026-05-20 00:00:00+00:00
[2026-05-20T11:40:17.689+0000] {processor.py:208} INFO - Processing /opt/airflow/dags/submit_spark_dag.py took 0.091 seconds
[2026-05-20T11:40:48.252+0000] {processor.py:186} INFO - Started process (PID=6208) to work on /opt/airflow/dags/submit_spark_dag.py
[2026-05-20T11:40:48.259+0000] {processor.py:914} INFO - Processing file /opt/airflow/dags/submit_spark_dag.py for tasks to queue
[2026-05-20T11:40:48.260+0000] {logging_mixin.py:190} INFO - [2026-05-20T11:40:48.259+0000] {dagbag.py:588} INFO - Filling up the DagBag from /opt/airflow/dags/submit_spark_dag.py
[2026-05-20T11:40:48.269+0000] {processor.py:925} INFO - DAG(s) 'hello_spark' retrieved from /opt/airflow/dags/submit_spark_dag.py
[2026-05-20T11:40:48.286+0000] {logging_mixin.py:190} INFO - [2026-05-20T11:40:48.286+0000] {dag.py:3239} INFO - Sync 1 DAGs
[2026-05-20T11:40:48.304+0000] {logging_mixin.py:190} INFO - [2026-05-20T11:40:48.304+0000] {dag.py:4180} INFO - Setting next_dagrun for hello_spark to 2026-05-19 00:00:00+00:00, run_after=2026-05-20 00:00:00+00:00
[2026-05-20T11:40:48.318+0000] {processor.py:208} INFO - Processing /opt/airflow/dags/submit_spark_dag.py took 0.070 seconds
[2026-05-20T11:41:18.500+0000] {processor.py:186} INFO - Started process (PID=6222) to work on /opt/airflow/dags/submit_spark_dag.py
[2026-05-20T11:41:18.501+0000] {processor.py:914} INFO - Processing file /opt/airflow/dags/submit_spark_dag.py for tasks to queue
[2026-05-20T11:41:18.502+0000] {logging_mixin.py:190} INFO - [2026-05-20T11:41:18.501+0000] {dagbag.py:588} INFO - Filling up the DagBag from /opt/airflow/dags/submit_spark_dag.py
[2026-05-20T11:41:18.509+0000] {processor.py:925} INFO - DAG(s) 'hello_spark' retrieved from /opt/airflow/dags/submit_spark_dag.py
[2026-05-20T11:41:18.534+0000] {logging_mixin.py:190} INFO - [2026-05-20T11:41:18.534+0000] {dag.py:3239} INFO - Sync 1 DAGs
[2026-05-20T11:41:18.560+0000] {logging_mixin.py:190} INFO - [2026-05-20T11:41:18.560+0000] {dag.py:4180} INFO - Setting next_dagrun for hello_spark to 2026-05-19 00:00:00+00:00, run_after=2026-05-20 00:00:00+00:00
[2026-05-20T11:41:18.579+0000] {processor.py:208} INFO - Processing /opt/airflow/dags/submit_spark_dag.py took 0.083 seconds
[2026-05-20T11:41:48.970+0000] {processor.py:186} INFO - Started process (PID=6235) to work on /opt/airflow/dags/submit_spark_dag.py
[2026-05-20T11:41:48.971+0000] {processor.py:914} INFO - Processing file /opt/airflow/dags/submit_spark_dag.py for tasks to queue
[2026-05-20T11:41:48.972+0000] {logging_mixin.py:190} INFO - [2026-05-20T11:41:48.971+0000] {dagbag.py:588} INFO - Filling up the DagBag from /opt/airflow/dags/submit_spark_dag.py
[2026-05-20T11:41:48.979+0000] {processor.py:925} INFO - DAG(s) 'hello_spark' retrieved from /opt/airflow/dags/submit_spark_dag.py
[2026-05-20T11:41:49.003+0000] {logging_mixin.py:190} INFO - [2026-05-20T11:41:49.003+0000] {dag.py:3239} INFO - Sync 1 DAGs
[2026-05-20T11:41:49.022+0000] {logging_mixin.py:190} INFO - [2026-05-20T11:41:49.022+0000] {dag.py:4180} INFO - Setting next_dagrun for hello_spark to 2026-05-19 00:00:00+00:00, run_after=2026-05-20 00:00:00+00:00
[2026-05-20T11:41:49.047+0000] {processor.py:208} INFO - Processing /opt/airflow/dags/submit_spark_dag.py took 0.082 seconds
[2026-05-20T11:42:19.569+0000] {processor.py:186} INFO - Started process (PID=6250) to work on /opt/airflow/dags/submit_spark_dag.py
[2026-05-20T11:42:19.570+0000] {processor.py:914} INFO - Processing file /opt/airflow/dags/submit_spark_dag.py for tasks to queue
[2026-05-20T11:42:19.571+0000] {logging_mixin.py:190} INFO - [2026-05-20T11:42:19.571+0000] {dagbag.py:588} INFO - Filling up the DagBag from /opt/airflow/dags/submit_spark_dag.py
[2026-05-20T11:42:19.602+0000] {processor.py:925} INFO - DAG(s) 'hello_spark' retrieved from /opt/airflow/dags/submit_spark_dag.py
[2026-05-20T11:42:19.666+0000] {logging_mixin.py:190} INFO - [2026-05-20T11:42:19.666+0000] {dag.py:3239} INFO - Sync 1 DAGs
[2026-05-20T11:42:19.751+0000] {logging_mixin.py:190} INFO - [2026-05-20T11:42:19.746+0000] {dag.py:4180} INFO - Setting next_dagrun for hello_spark to 2026-05-19 00:00:00+00:00, run_after=2026-05-20 00:00:00+00:00
[2026-05-20T11:42:19.790+0000] {processor.py:208} INFO - Processing /opt/airflow/dags/submit_spark_dag.py took 0.232 seconds
[2026-05-20T11:42:50.294+0000] {processor.py:186} INFO - Started process (PID=6264) to work on /opt/airflow/dags/submit_spark_dag.py
[2026-05-20T11:42:50.296+0000] {processor.py:914} INFO - Processing file /opt/airflow/dags/submit_spark_dag.py for tasks to queue
[2026-05-20T11:42:50.297+0000] {logging_mixin.py:190} INFO - [2026-05-20T11:42:50.297+0000] {dagbag.py:588} INFO - Filling up the DagBag from /opt/airflow/dags/submit_spark_dag.py
[2026-05-20T11:42:50.312+0000] {processor.py:925} INFO - DAG(s) 'hello_spark' retrieved from /opt/airflow/dags/submit_spark_dag.py
[2026-05-20T11:42:50.334+0000] {logging_mixin.py:190} INFO - [2026-05-20T11:42:50.333+0000] {dag.py:3239} INFO - Sync 1 DAGs
[2026-05-20T11:42:50.365+0000] {logging_mixin.py:190} INFO - [2026-05-20T11:42:50.365+0000] {dag.py:4180} INFO - Setting next_dagrun for hello_spark to 2026-05-19 00:00:00+00:00, run_after=2026-05-20 00:00:00+00:00
[2026-05-20T11:42:50.382+0000] {processor.py:208} INFO - Processing /opt/airflow/dags/submit_spark_dag.py took 0.093 seconds
[2026-05-20T11:43:20.722+0000] {processor.py:186} INFO - Started process (PID=6277) to work on /opt/airflow/dags/submit_spark_dag.py
[2026-05-20T11:43:20.723+0000] {processor.py:914} INFO - Processing file /opt/airflow/dags/submit_spark_dag.py for tasks to queue
[2026-05-20T11:43:20.724+0000] {logging_mixin.py:190} INFO - [2026-05-20T11:43:20.724+0000] {dagbag.py:588} INFO - Filling up the DagBag from /opt/airflow/dags/submit_spark_dag.py
[2026-05-20T11:43:20.731+0000] {processor.py:925} INFO - DAG(s) 'hello_spark' retrieved from /opt/airflow/dags/submit_spark_dag.py
[2026-05-20T11:43:20.753+0000] {logging_mixin.py:190} INFO - [2026-05-20T11:43:20.753+0000] {dag.py:3239} INFO - Sync 1 DAGs
[2026-05-20T11:43:20.770+0000] {logging_mixin.py:190} INFO - [2026-05-20T11:43:20.770+0000] {dag.py:4180} INFO - Setting next_dagrun for hello_spark to 2026-05-19 00:00:00+00:00, run_after=2026-05-20 00:00:00+00:00
[2026-05-20T11:43:20.787+0000] {processor.py:208} INFO - Processing /opt/airflow/dags/submit_spark_dag.py took 0.070 seconds
[2026-05-20T11:43:51.176+0000] {processor.py:186} INFO - Started process (PID=6292) to work on /opt/airflow/dags/submit_spark_dag.py
[2026-05-20T11:43:51.177+0000] {processor.py:914} INFO - Processing file /opt/airflow/dags/submit_spark_dag.py for tasks to queue
[2026-05-20T11:43:51.178+0000] {logging_mixin.py:190} INFO - [2026-05-20T11:43:51.178+0000] {dagbag.py:588} INFO - Filling up the DagBag from /opt/airflow/dags/submit_spark_dag.py
[2026-05-20T11:43:51.185+0000] {processor.py:925} INFO - DAG(s) 'hello_spark' retrieved from /opt/airflow/dags/submit_spark_dag.py
[2026-05-20T11:43:51.201+0000] {logging_mixin.py:190} INFO - [2026-05-20T11:43:51.201+0000] {dag.py:3239} INFO - Sync 1 DAGs
[2026-05-20T11:43:51.223+0000] {logging_mixin.py:190} INFO - [2026-05-20T11:43:51.223+0000] {dag.py:4180} INFO - Setting next_dagrun for hello_spark to 2026-05-19 00:00:00+00:00, run_after=2026-05-20 00:00:00+00:00
[2026-05-20T11:43:51.236+0000] {processor.py:208} INFO - Processing /opt/airflow/dags/submit_spark_dag.py took 0.067 seconds
[2026-05-20T11:44:21.593+0000] {processor.py:186} INFO - Started process (PID=6305) to work on /opt/airflow/dags/submit_spark_dag.py
[2026-05-20T11:44:21.594+0000] {processor.py:914} INFO - Processing file /opt/airflow/dags/submit_spark_dag.py for tasks to queue
[2026-05-20T11:44:21.596+0000] {logging_mixin.py:190} INFO - [2026-05-20T11:44:21.596+0000] {dagbag.py:588} INFO - Filling up the DagBag from /opt/airflow/dags/submit_spark_dag.py
[2026-05-20T11:44:21.623+0000] {processor.py:925} INFO - DAG(s) 'hello_spark' retrieved from /opt/airflow/dags/submit_spark_dag.py
[2026-05-20T11:44:21.654+0000] {logging_mixin.py:190} INFO - [2026-05-20T11:44:21.653+0000] {dag.py:3239} INFO - Sync 1 DAGs
[2026-05-20T11:44:21.674+0000] {logging_mixin.py:190} INFO - [2026-05-20T11:44:21.674+0000] {dag.py:4180} INFO - Setting next_dagrun for hello_spark to 2026-05-19 00:00:00+00:00, run_after=2026-05-20 00:00:00+00:00
[2026-05-20T11:44:21.687+0000] {processor.py:208} INFO - Processing /opt/airflow/dags/submit_spark_dag.py took 0.106 seconds
[2026-05-20T11:44:52.038+0000] {processor.py:186} INFO - Started process (PID=6319) to work on /opt/airflow/dags/submit_spark_dag.py
[2026-05-20T11:44:52.039+0000] {processor.py:914} INFO - Processing file /opt/airflow/dags/submit_spark_dag.py for tasks to queue
[2026-05-20T11:44:52.040+0000] {logging_mixin.py:190} INFO - [2026-05-20T11:44:52.040+0000] {dagbag.py:588} INFO - Filling up the DagBag from /opt/airflow/dags/submit_spark_dag.py
[2026-05-20T11:44:52.047+0000] {processor.py:925} INFO - DAG(s) 'hello_spark' retrieved from /opt/airflow/dags/submit_spark_dag.py
[2026-05-20T11:44:52.063+0000] {logging_mixin.py:190} INFO - [2026-05-20T11:44:52.063+0000] {dag.py:3239} INFO - Sync 1 DAGs
[2026-05-20T11:44:52.085+0000] {logging_mixin.py:190} INFO - [2026-05-20T11:44:52.085+0000] {dag.py:4180} INFO - Setting next_dagrun for hello_spark to 2026-05-19 00:00:00+00:00, run_after=2026-05-20 00:00:00+00:00
[2026-05-20T11:44:52.101+0000] {processor.py:208} INFO - Processing /opt/airflow/dags/submit_spark_dag.py took 0.067 seconds
[2026-05-20T11:45:22.454+0000] {processor.py:186} INFO - Started process (PID=6334) to work on /opt/airflow/dags/submit_spark_dag.py
[2026-05-20T11:45:22.454+0000] {processor.py:914} INFO - Processing file /opt/airflow/dags/submit_spark_dag.py for tasks to queue
[2026-05-20T11:45:22.455+0000] {logging_mixin.py:190} INFO - [2026-05-20T11:45:22.455+0000] {dagbag.py:588} INFO - Filling up the DagBag from /opt/airflow/dags/submit_spark_dag.py
[2026-05-20T11:45:22.469+0000] {processor.py:925} INFO - DAG(s) 'hello_spark' retrieved from /opt/airflow/dags/submit_spark_dag.py
[2026-05-20T11:45:22.489+0000] {logging_mixin.py:190} INFO - [2026-05-20T11:45:22.488+0000] {dag.py:3239} INFO - Sync 1 DAGs
[2026-05-20T11:45:22.509+0000] {logging_mixin.py:190} INFO - [2026-05-20T11:45:22.508+0000] {dag.py:4180} INFO - Setting next_dagrun for hello_spark to 2026-05-19 00:00:00+00:00, run_after=2026-05-20 00:00:00+00:00
[2026-05-20T11:45:22.522+0000] {processor.py:208} INFO - Processing /opt/airflow/dags/submit_spark_dag.py took 0.072 seconds
[2026-05-20T11:45:52.896+0000] {processor.py:186} INFO - Started process (PID=6349) to work on /opt/airflow/dags/submit_spark_dag.py
[2026-05-20T11:45:52.900+0000] {processor.py:914} INFO - Processing file /opt/airflow/dags/submit_spark_dag.py for tasks to queue
[2026-05-20T11:45:52.901+0000] {logging_mixin.py:190} INFO - [2026-05-20T11:45:52.901+0000] {dagbag.py:588} INFO - Filling up the DagBag from /opt/airflow/dags/submit_spark_dag.py
[2026-05-20T11:45:52.920+0000] {processor.py:925} INFO - DAG(s) 'hello_spark' retrieved from /opt/airflow/dags/submit_spark_dag.py
[2026-05-20T11:45:52.963+0000] {logging_mixin.py:190} INFO - [2026-05-20T11:45:52.963+0000] {dag.py:3239} INFO - Sync 1 DAGs
[2026-05-20T11:45:53.014+0000] {logging_mixin.py:190} INFO - [2026-05-20T11:45:53.014+0000] {dag.py:4180} INFO - Setting next_dagrun for hello_spark to 2026-05-19 00:00:00+00:00, run_after=2026-05-20 00:00:00+00:00
[2026-05-20T11:45:53.220+0000] {processor.py:208} INFO - Processing /opt/airflow/dags/submit_spark_dag.py took 0.336 seconds
[2026-05-20T11:46:23.410+0000] {processor.py:186} INFO - Started process (PID=6363) to work on /opt/airflow/dags/submit_spark_dag.py
[2026-05-20T11:46:23.412+0000] {processor.py:914} INFO - Processing file /opt/airflow/dags/submit_spark_dag.py for tasks to queue
[2026-05-20T11:46:23.413+0000] {logging_mixin.py:190} INFO - [2026-05-20T11:46:23.413+0000] {dagbag.py:588} INFO - Filling up the DagBag from /opt/airflow/dags/submit_spark_dag.py
[2026-05-20T11:46:23.420+0000] {processor.py:925} INFO - DAG(s) 'hello_spark' retrieved from /opt/airflow/dags/submit_spark_dag.py
[2026-05-20T11:46:23.437+0000] {logging_mixin.py:190} INFO - [2026-05-20T11:46:23.437+0000] {dag.py:3239} INFO - Sync 1 DAGs
[2026-05-20T11:46:23.457+0000] {logging_mixin.py:190} INFO - [2026-05-20T11:46:23.457+0000] {dag.py:4180} INFO - Setting next_dagrun for hello_spark to 2026-05-19 00:00:00+00:00, run_after=2026-05-20 00:00:00+00:00
[2026-05-20T11:46:23.477+0000] {processor.py:208} INFO - Processing /opt/airflow/dags/submit_spark_dag.py took 0.072 seconds
[2026-05-20T11:46:53.678+0000] {processor.py:186} INFO - Started process (PID=6378) to work on /opt/airflow/dags/submit_spark_dag.py
[2026-05-20T11:46:53.680+0000] {processor.py:914} INFO - Processing file /opt/airflow/dags/submit_spark_dag.py for tasks to queue
[2026-05-20T11:46:53.681+0000] {logging_mixin.py:190} INFO - [2026-05-20T11:46:53.681+0000] {dagbag.py:588} INFO - Filling up the DagBag from /opt/airflow/dags/submit_spark_dag.py
[2026-05-20T11:46:53.689+0000] {processor.py:925} INFO - DAG(s) 'hello_spark' retrieved from /opt/airflow/dags/submit_spark_dag.py
[2026-05-20T11:46:53.721+0000] {logging_mixin.py:190} INFO - [2026-05-20T11:46:53.721+0000] {dag.py:3239} INFO - Sync 1 DAGs
[2026-05-20T11:46:53.744+0000] {logging_mixin.py:190} INFO - [2026-05-20T11:46:53.744+0000] {dag.py:4180} INFO - Setting next_dagrun for hello_spark to 2026-05-19 00:00:00+00:00, run_after=2026-05-20 00:00:00+00:00
[2026-05-20T11:46:53.763+0000] {processor.py:208} INFO - Processing /opt/airflow/dags/submit_spark_dag.py took 0.089 seconds
[2026-05-20T11:47:24.121+0000] {processor.py:186} INFO - Started process (PID=6393) to work on /opt/airflow/dags/submit_spark_dag.py
[2026-05-20T11:47:24.122+0000] {processor.py:914} INFO - Processing file /opt/airflow/dags/submit_spark_dag.py for tasks to queue
[2026-05-20T11:47:24.123+0000] {logging_mixin.py:190} INFO - [2026-05-20T11:47:24.123+0000] {dagbag.py:588} INFO - Filling up the DagBag from /opt/airflow/dags/submit_spark_dag.py
[2026-05-20T11:47:24.131+0000] {processor.py:925} INFO - DAG(s) 'hello_spark' retrieved from /opt/airflow/dags/submit_spark_dag.py
[2026-05-20T11:47:24.153+0000] {logging_mixin.py:190} INFO - [2026-05-20T11:47:24.153+0000] {dag.py:3239} INFO - Sync 1 DAGs
[2026-05-20T11:47:24.172+0000] {logging_mixin.py:190} INFO - [2026-05-20T11:47:24.172+0000] {dag.py:4180} INFO - Setting next_dagrun for hello_spark to 2026-05-19 00:00:00+00:00, run_after=2026-05-20 00:00:00+00:00
[2026-05-20T11:47:24.189+0000] {processor.py:208} INFO - Processing /opt/airflow/dags/submit_spark_dag.py took 0.073 seconds
[2026-05-20T11:47:54.549+0000] {processor.py:186} INFO - Started process (PID=6407) to work on /opt/airflow/dags/submit_spark_dag.py
[2026-05-20T11:47:54.552+0000] {processor.py:914} INFO - Processing file /opt/airflow/dags/submit_spark_dag.py for tasks to queue
[2026-05-20T11:47:54.552+0000] {logging_mixin.py:190} INFO - [2026-05-20T11:47:54.552+0000] {dagbag.py:588} INFO - Filling up the DagBag from /opt/airflow/dags/submit_spark_dag.py
[2026-05-20T11:47:54.567+0000] {processor.py:925} INFO - DAG(s) 'hello_spark' retrieved from /opt/airflow/dags/submit_spark_dag.py
[2026-05-20T11:47:54.605+0000] {logging_mixin.py:190} INFO - [2026-05-20T11:47:54.605+0000] {dag.py:3239} INFO - Sync 1 DAGs
[2026-05-20T11:47:54.649+0000] {logging_mixin.py:190} INFO - [2026-05-20T11:47:54.649+0000] {dag.py:4180} INFO - Setting next_dagrun for hello_spark to 2026-05-19 00:00:00+00:00, run_after=2026-05-20 00:00:00+00:00
[2026-05-20T11:47:54.677+0000] {processor.py:208} INFO - Processing /opt/airflow/dags/submit_spark_dag.py took 0.139 seconds
[2026-05-20T11:48:24.879+0000] {processor.py:186} INFO - Started process (PID=6421) to work on /opt/airflow/dags/submit_spark_dag.py
[2026-05-20T11:48:24.887+0000] {processor.py:914} INFO - Processing file /opt/airflow/dags/submit_spark_dag.py for tasks to queue
[2026-05-20T11:48:24.888+0000] {logging_mixin.py:190} INFO - [2026-05-20T11:48:24.888+0000] {dagbag.py:588} INFO - Filling up the DagBag from /opt/airflow/dags/submit_spark_dag.py
[2026-05-20T11:48:24.896+0000] {processor.py:925} INFO - DAG(s) 'hello_spark' retrieved from /opt/airflow/dags/submit_spark_dag.py
[2026-05-20T11:48:24.925+0000] {logging_mixin.py:190} INFO - [2026-05-20T11:48:24.925+0000] {dag.py:3239} INFO - Sync 1 DAGs
[2026-05-20T11:48:24.954+0000] {logging_mixin.py:190} INFO - [2026-05-20T11:48:24.954+0000] {dag.py:4180} INFO - Setting next_dagrun for hello_spark to 2026-05-19 00:00:00+00:00, run_after=2026-05-20 00:00:00+00:00
[2026-05-20T11:48:25.171+0000] {processor.py:208} INFO - Processing /opt/airflow/dags/submit_spark_dag.py took 0.298 seconds
[2026-05-20T11:48:55.573+0000] {processor.py:186} INFO - Started process (PID=6437) to work on /opt/airflow/dags/submit_spark_dag.py
[2026-05-20T11:48:55.574+0000] {processor.py:914} INFO - Processing file /opt/airflow/dags/submit_spark_dag.py for tasks to queue
[2026-05-20T11:48:55.575+0000] {logging_mixin.py:190} INFO - [2026-05-20T11:48:55.575+0000] {dagbag.py:588} INFO - Filling up the DagBag from /opt/airflow/dags/submit_spark_dag.py
[2026-05-20T11:48:55.584+0000] {processor.py:925} INFO - DAG(s) 'hello_spark' retrieved from /opt/airflow/dags/submit_spark_dag.py
[2026-05-20T11:48:55.601+0000] {logging_mixin.py:190} INFO - [2026-05-20T11:48:55.600+0000] {dag.py:3239} INFO - Sync 1 DAGs
[2026-05-20T11:48:55.619+0000] {logging_mixin.py:190} INFO - [2026-05-20T11:48:55.619+0000] {dag.py:4180} INFO - Setting next_dagrun for hello_spark to 2026-05-19 00:00:00+00:00, run_after=2026-05-20 00:00:00+00:00
[2026-05-20T11:48:55.634+0000] {processor.py:208} INFO - Processing /opt/airflow/dags/submit_spark_dag.py took 0.068 seconds
[2026-05-20T11:49:26.174+0000] {processor.py:186} INFO - Started process (PID=6451) to work on /opt/airflow/dags/submit_spark_dag.py
[2026-05-20T11:49:26.175+0000] {processor.py:914} INFO - Processing file /opt/airflow/dags/submit_spark_dag.py for tasks to queue
[2026-05-20T11:49:26.175+0000] {logging_mixin.py:190} INFO - [2026-05-20T11:49:26.175+0000] {dagbag.py:588} INFO - Filling up the DagBag from /opt/airflow/dags/submit_spark_dag.py
[2026-05-20T11:49:26.183+0000] {processor.py:925} INFO - DAG(s) 'hello_spark' retrieved from /opt/airflow/dags/submit_spark_dag.py
[2026-05-20T11:49:26.200+0000] {logging_mixin.py:190} INFO - [2026-05-20T11:49:26.200+0000] {dag.py:3239} INFO - Sync 1 DAGs
[2026-05-20T11:49:26.220+0000] {logging_mixin.py:190} INFO - [2026-05-20T11:49:26.219+0000] {dag.py:4180} INFO - Setting next_dagrun for hello_spark to 2026-05-19 00:00:00+00:00, run_after=2026-05-20 00:00:00+00:00
[2026-05-20T11:49:26.233+0000] {processor.py:208} INFO - Processing /opt/airflow/dags/submit_spark_dag.py took 0.064 seconds
[2026-05-20T11:49:56.689+0000] {processor.py:186} INFO - Started process (PID=6465) to work on /opt/airflow/dags/submit_spark_dag.py
[2026-05-20T11:49:56.689+0000] {processor.py:914} INFO - Processing file /opt/airflow/dags/submit_spark_dag.py for tasks to queue
[2026-05-20T11:49:56.691+0000] {logging_mixin.py:190} INFO - [2026-05-20T11:49:56.690+0000] {dagbag.py:588} INFO - Filling up the DagBag from /opt/airflow/dags/submit_spark_dag.py
[2026-05-20T11:49:56.698+0000] {processor.py:925} INFO - DAG(s) 'hello_spark' retrieved from /opt/airflow/dags/submit_spark_dag.py
[2026-05-20T11:49:56.720+0000] {logging_mixin.py:190} INFO - [2026-05-20T11:49:56.720+0000] {dag.py:3239} INFO - Sync 1 DAGs
[2026-05-20T11:49:56.746+0000] {logging_mixin.py:190} INFO - [2026-05-20T11:49:56.746+0000] {dag.py:4180} INFO - Setting next_dagrun for hello_spark to 2026-05-19 00:00:00+00:00, run_after=2026-05-20 00:00:00+00:00
[2026-05-20T11:49:56.761+0000] {processor.py:208} INFO - Processing /opt/airflow/dags/submit_spark_dag.py took 0.077 seconds
[2026-05-20T11:50:27.352+0000] {processor.py:186} INFO - Started process (PID=6479) to work on /opt/airflow/dags/submit_spark_dag.py
[2026-05-20T11:50:27.353+0000] {processor.py:914} INFO - Processing file /opt/airflow/dags/submit_spark_dag.py for tasks to queue
[2026-05-20T11:50:27.355+0000] {logging_mixin.py:190} INFO - [2026-05-20T11:50:27.354+0000] {dagbag.py:588} INFO - Filling up the DagBag from /opt/airflow/dags/submit_spark_dag.py
[2026-05-20T11:50:27.366+0000] {processor.py:925} INFO - DAG(s) 'hello_spark' retrieved from /opt/airflow/dags/submit_spark_dag.py
[2026-05-20T11:50:27.386+0000] {logging_mixin.py:190} INFO - [2026-05-20T11:50:27.386+0000] {dag.py:3239} INFO - Sync 1 DAGs
[2026-05-20T11:50:27.403+0000] {logging_mixin.py:190} INFO - [2026-05-20T11:50:27.403+0000] {dag.py:4180} INFO - Setting next_dagrun for hello_spark to 2026-05-19 00:00:00+00:00, run_after=2026-05-20 00:00:00+00:00
[2026-05-20T11:50:27.528+0000] {processor.py:208} INFO - Processing /opt/airflow/dags/submit_spark_dag.py took 0.186 seconds
[2026-05-20T11:50:58.153+0000] {processor.py:186} INFO - Started process (PID=6493) to work on /opt/airflow/dags/submit_spark_dag.py
[2026-05-20T11:50:58.154+0000] {processor.py:914} INFO - Processing file /opt/airflow/dags/submit_spark_dag.py for tasks to queue
[2026-05-20T11:50:58.154+0000] {logging_mixin.py:190} INFO - [2026-05-20T11:50:58.154+0000] {dagbag.py:588} INFO - Filling up the DagBag from /opt/airflow/dags/submit_spark_dag.py
[2026-05-20T11:50:58.160+0000] {processor.py:925} INFO - DAG(s) 'hello_spark' retrieved from /opt/airflow/dags/submit_spark_dag.py
[2026-05-20T11:50:58.179+0000] {logging_mixin.py:190} INFO - [2026-05-20T11:50:58.179+0000] {dag.py:3239} INFO - Sync 1 DAGs
[2026-05-20T11:50:58.309+0000] {logging_mixin.py:190} INFO - [2026-05-20T11:50:58.309+0000] {dag.py:4180} INFO - Setting next_dagrun for hello_spark to 2026-05-19 00:00:00+00:00, run_after=2026-05-20 00:00:00+00:00
[2026-05-20T11:50:58.322+0000] {processor.py:208} INFO - Processing /opt/airflow/dags/submit_spark_dag.py took 0.173 seconds
[2026-05-20T11:51:28.543+0000] {processor.py:186} INFO - Started process (PID=6508) to work on /opt/airflow/dags/submit_spark_dag.py
[2026-05-20T11:51:28.551+0000] {processor.py:914} INFO - Processing file /opt/airflow/dags/submit_spark_dag.py for tasks to queue
[2026-05-20T11:51:28.552+0000] {logging_mixin.py:190} INFO - [2026-05-20T11:51:28.551+0000] {dagbag.py:588} INFO - Filling up the DagBag from /opt/airflow/dags/submit_spark_dag.py
[2026-05-20T11:51:28.559+0000] {processor.py:925} INFO - DAG(s) 'hello_spark' retrieved from /opt/airflow/dags/submit_spark_dag.py
[2026-05-20T11:51:28.577+0000] {logging_mixin.py:190} INFO - [2026-05-20T11:51:28.577+0000] {dag.py:3239} INFO - Sync 1 DAGs
[2026-05-20T11:51:28.595+0000] {logging_mixin.py:190} INFO - [2026-05-20T11:51:28.595+0000] {dag.py:4180} INFO - Setting next_dagrun for hello_spark to 2026-05-19 00:00:00+00:00, run_after=2026-05-20 00:00:00+00:00
[2026-05-20T11:51:28.609+0000] {processor.py:208} INFO - Processing /opt/airflow/dags/submit_spark_dag.py took 0.071 seconds
[2026-05-20T11:51:59.280+0000] {processor.py:186} INFO - Started process (PID=6521) to work on /opt/airflow/dags/submit_spark_dag.py
[2026-05-20T11:51:59.280+0000] {processor.py:914} INFO - Processing file /opt/airflow/dags/submit_spark_dag.py for tasks to queue
[2026-05-20T11:51:59.281+0000] {logging_mixin.py:190} INFO - [2026-05-20T11:51:59.281+0000] {dagbag.py:588} INFO - Filling up the DagBag from /opt/airflow/dags/submit_spark_dag.py
[2026-05-20T11:51:59.288+0000] {processor.py:925} INFO - DAG(s) 'hello_spark' retrieved from /opt/airflow/dags/submit_spark_dag.py
[2026-05-20T11:51:59.307+0000] {logging_mixin.py:190} INFO - [2026-05-20T11:51:59.307+0000] {dag.py:3239} INFO - Sync 1 DAGs
[2026-05-20T11:51:59.326+0000] {logging_mixin.py:190} INFO - [2026-05-20T11:51:59.326+0000] {dag.py:4180} INFO - Setting next_dagrun for hello_spark to 2026-05-19 00:00:00+00:00, run_after=2026-05-20 00:00:00+00:00
[2026-05-20T11:51:59.339+0000] {processor.py:208} INFO - Processing /opt/airflow/dags/submit_spark_dag.py took 0.064 seconds
[2026-05-20T11:52:29.977+0000] {processor.py:186} INFO - Started process (PID=6536) to work on /opt/airflow/dags/submit_spark_dag.py
[2026-05-20T11:52:29.978+0000] {processor.py:914} INFO - Processing file /opt/airflow/dags/submit_spark_dag.py for tasks to queue
[2026-05-20T11:52:29.980+0000] {logging_mixin.py:190} INFO - [2026-05-20T11:52:29.978+0000] {dagbag.py:588} INFO - Filling up the DagBag from /opt/airflow/dags/submit_spark_dag.py
[2026-05-20T11:52:29.988+0000] {processor.py:925} INFO - DAG(s) 'hello_spark' retrieved from /opt/airflow/dags/submit_spark_dag.py
[2026-05-20T11:52:30.007+0000] {logging_mixin.py:190} INFO - [2026-05-20T11:52:30.007+0000] {dag.py:3239} INFO - Sync 1 DAGs
[2026-05-20T11:52:30.026+0000] {logging_mixin.py:190} INFO - [2026-05-20T11:52:30.026+0000] {dag.py:4180} INFO - Setting next_dagrun for hello_spark to 2026-05-19 00:00:00+00:00, run_after=2026-05-20 00:00:00+00:00
[2026-05-20T11:52:30.041+0000] {processor.py:208} INFO - Processing /opt/airflow/dags/submit_spark_dag.py took 0.070 seconds
[2026-05-20T11:53:00.610+0000] {processor.py:186} INFO - Started process (PID=6551) to work on /opt/airflow/dags/submit_spark_dag.py
[2026-05-20T11:53:00.611+0000] {processor.py:914} INFO - Processing file /opt/airflow/dags/submit_spark_dag.py for tasks to queue
[2026-05-20T11:53:00.612+0000] {logging_mixin.py:190} INFO - [2026-05-20T11:53:00.611+0000] {dagbag.py:588} INFO - Filling up the DagBag from /opt/airflow/dags/submit_spark_dag.py
[2026-05-20T11:53:00.620+0000] {processor.py:925} INFO - DAG(s) 'hello_spark' retrieved from /opt/airflow/dags/submit_spark_dag.py
[2026-05-20T11:53:00.639+0000] {logging_mixin.py:190} INFO - [2026-05-20T11:53:00.639+0000] {dag.py:3239} INFO - Sync 1 DAGs
[2026-05-20T11:53:00.775+0000] {logging_mixin.py:190} INFO - [2026-05-20T11:53:00.775+0000] {dag.py:4180} INFO - Setting next_dagrun for hello_spark to 2026-05-19 00:00:00+00:00, run_after=2026-05-20 00:00:00+00:00
[2026-05-20T11:53:00.787+0000] {processor.py:208} INFO - Processing /opt/airflow/dags/submit_spark_dag.py took 0.183 seconds
[2026-05-20T11:53:31.555+0000] {processor.py:186} INFO - Started process (PID=6565) to work on /opt/airflow/dags/submit_spark_dag.py
[2026-05-20T11:53:31.556+0000] {processor.py:914} INFO - Processing file /opt/airflow/dags/submit_spark_dag.py for tasks to queue
[2026-05-20T11:53:31.558+0000] {logging_mixin.py:190} INFO - [2026-05-20T11:53:31.557+0000] {dagbag.py:588} INFO - Filling up the DagBag from /opt/airflow/dags/submit_spark_dag.py
[2026-05-20T11:53:31.566+0000] {processor.py:925} INFO - DAG(s) 'hello_spark' retrieved from /opt/airflow/dags/submit_spark_dag.py
[2026-05-20T11:53:31.587+0000] {logging_mixin.py:190} INFO - [2026-05-20T11:53:31.587+0000] {dag.py:3239} INFO - Sync 1 DAGs
[2026-05-20T11:53:31.607+0000] {logging_mixin.py:190} INFO - [2026-05-20T11:53:31.607+0000] {dag.py:4180} INFO - Setting next_dagrun for hello_spark to 2026-05-19 00:00:00+00:00, run_after=2026-05-20 00:00:00+00:00
[2026-05-20T11:53:31.621+0000] {processor.py:208} INFO - Processing /opt/airflow/dags/submit_spark_dag.py took 0.072 seconds
[2026-05-20T11:54:02.258+0000] {processor.py:186} INFO - Started process (PID=6585) to work on /opt/airflow/dags/submit_spark_dag.py
[2026-05-20T11:54:02.259+0000] {processor.py:914} INFO - Processing file /opt/airflow/dags/submit_spark_dag.py for tasks to queue
[2026-05-20T11:54:02.260+0000] {logging_mixin.py:190} INFO - [2026-05-20T11:54:02.260+0000] {dagbag.py:588} INFO - Filling up the DagBag from /opt/airflow/dags/submit_spark_dag.py
[2026-05-20T11:54:02.267+0000] {processor.py:925} INFO - DAG(s) 'hello_spark' retrieved from /opt/airflow/dags/submit_spark_dag.py
[2026-05-20T11:54:02.290+0000] {logging_mixin.py:190} INFO - [2026-05-20T11:54:02.290+0000] {dag.py:3239} INFO - Sync 1 DAGs
[2026-05-20T11:54:02.312+0000] {logging_mixin.py:190} INFO - [2026-05-20T11:54:02.312+0000] {dag.py:4180} INFO - Setting next_dagrun for hello_spark to 2026-05-19 00:00:00+00:00, run_after=2026-05-20 00:00:00+00:00
[2026-05-20T11:54:02.326+0000] {processor.py:208} INFO - Processing /opt/airflow/dags/submit_spark_dag.py took 0.072 seconds
[2026-05-20T11:54:33.013+0000] {processor.py:186} INFO - Started process (PID=6599) to work on /opt/airflow/dags/submit_spark_dag.py
[2026-05-20T11:54:33.014+0000] {processor.py:914} INFO - Processing file /opt/airflow/dags/submit_spark_dag.py for tasks to queue
[2026-05-20T11:54:33.015+0000] {logging_mixin.py:190} INFO - [2026-05-20T11:54:33.015+0000] {dagbag.py:588} INFO - Filling up the DagBag from /opt/airflow/dags/submit_spark_dag.py
[2026-05-20T11:54:33.027+0000] {processor.py:925} INFO - DAG(s) 'hello_spark' retrieved from /opt/airflow/dags/submit_spark_dag.py
[2026-05-20T11:54:33.042+0000] {logging_mixin.py:190} INFO - [2026-05-20T11:54:33.042+0000] {dag.py:3239} INFO - Sync 1 DAGs
[2026-05-20T11:54:33.060+0000] {logging_mixin.py:190} INFO - [2026-05-20T11:54:33.059+0000] {dag.py:4180} INFO - Setting next_dagrun for hello_spark to 2026-05-19 00:00:00+00:00, run_after=2026-05-20 00:00:00+00:00
[2026-05-20T11:54:33.072+0000] {processor.py:208} INFO - Processing /opt/airflow/dags/submit_spark_dag.py took 0.063 seconds
[2026-05-20T11:55:03.692+0000] {processor.py:186} INFO - Started process (PID=6613) to work on /opt/airflow/dags/submit_spark_dag.py
[2026-05-20T11:55:03.693+0000] {processor.py:914} INFO - Processing file /opt/airflow/dags/submit_spark_dag.py for tasks to queue
[2026-05-20T11:55:03.694+0000] {logging_mixin.py:190} INFO - [2026-05-20T11:55:03.693+0000] {dagbag.py:588} INFO - Filling up the DagBag from /opt/airflow/dags/submit_spark_dag.py
[2026-05-20T11:55:03.700+0000] {processor.py:925} INFO - DAG(s) 'hello_spark' retrieved from /opt/airflow/dags/submit_spark_dag.py
[2026-05-20T11:55:03.719+0000] {logging_mixin.py:190} INFO - [2026-05-20T11:55:03.718+0000] {dag.py:3239} INFO - Sync 1 DAGs
[2026-05-20T11:55:03.848+0000] {logging_mixin.py:190} INFO - [2026-05-20T11:55:03.848+0000] {dag.py:4180} INFO - Setting next_dagrun for hello_spark to 2026-05-19 00:00:00+00:00, run_after=2026-05-20 00:00:00+00:00
[2026-05-20T11:55:03.860+0000] {processor.py:208} INFO - Processing /opt/airflow/dags/submit_spark_dag.py took 0.173 seconds
[2026-05-20T11:55:34.645+0000] {processor.py:186} INFO - Started process (PID=6627) to work on /opt/airflow/dags/submit_spark_dag.py
[2026-05-20T11:55:34.646+0000] {processor.py:914} INFO - Processing file /opt/airflow/dags/submit_spark_dag.py for tasks to queue
[2026-05-20T11:55:34.648+0000] {logging_mixin.py:190} INFO - [2026-05-20T11:55:34.647+0000] {dagbag.py:588} INFO - Filling up the DagBag from /opt/airflow/dags/submit_spark_dag.py
[2026-05-20T11:55:34.656+0000] {processor.py:925} INFO - DAG(s) 'hello_spark' retrieved from /opt/airflow/dags/submit_spark_dag.py
[2026-05-20T11:55:34.681+0000] {logging_mixin.py:190} INFO - [2026-05-20T11:55:34.681+0000] {dag.py:3239} INFO - Sync 1 DAGs
[2026-05-20T11:55:34.706+0000] {logging_mixin.py:190} INFO - [2026-05-20T11:55:34.705+0000] {dag.py:4180} INFO - Setting next_dagrun for hello_spark to 2026-05-19 00:00:00+00:00, run_after=2026-05-20 00:00:00+00:00
[2026-05-20T11:55:34.723+0000] {processor.py:208} INFO - Processing /opt/airflow/dags/submit_spark_dag.py took 0.083 seconds
[2026-05-20T11:56:05.383+0000] {processor.py:186} INFO - Started process (PID=6642) to work on /opt/airflow/dags/submit_spark_dag.py
[2026-05-20T11:56:05.384+0000] {processor.py:914} INFO - Processing file /opt/airflow/dags/submit_spark_dag.py for tasks to queue
[2026-05-20T11:56:05.386+0000] {logging_mixin.py:190} INFO - [2026-05-20T11:56:05.385+0000] {dagbag.py:588} INFO - Filling up the DagBag from /opt/airflow/dags/submit_spark_dag.py
[2026-05-20T11:56:05.394+0000] {processor.py:925} INFO - DAG(s) 'hello_spark' retrieved from /opt/airflow/dags/submit_spark_dag.py
[2026-05-20T11:56:05.414+0000] {logging_mixin.py:190} INFO - [2026-05-20T11:56:05.414+0000] {dag.py:3239} INFO - Sync 1 DAGs
[2026-05-20T11:56:05.432+0000] {logging_mixin.py:190} INFO - [2026-05-20T11:56:05.432+0000] {dag.py:4180} INFO - Setting next_dagrun for hello_spark to 2026-05-19 00:00:00+00:00, run_after=2026-05-20 00:00:00+00:00
[2026-05-20T11:56:05.445+0000] {processor.py:208} INFO - Processing /opt/airflow/dags/submit_spark_dag.py took 0.068 seconds
[2026-05-20T11:56:36.170+0000] {processor.py:186} INFO - Started process (PID=6656) to work on /opt/airflow/dags/submit_spark_dag.py
[2026-05-20T11:56:36.171+0000] {processor.py:914} INFO - Processing file /opt/airflow/dags/submit_spark_dag.py for tasks to queue
[2026-05-20T11:56:36.172+0000] {logging_mixin.py:190} INFO - [2026-05-20T11:56:36.172+0000] {dagbag.py:588} INFO - Filling up the DagBag from /opt/airflow/dags/submit_spark_dag.py
[2026-05-20T11:56:36.180+0000] {processor.py:925} INFO - DAG(s) 'hello_spark' retrieved from /opt/airflow/dags/submit_spark_dag.py
[2026-05-20T11:56:36.198+0000] {logging_mixin.py:190} INFO - [2026-05-20T11:56:36.198+0000] {dag.py:3239} INFO - Sync 1 DAGs
[2026-05-20T11:56:36.219+0000] {logging_mixin.py:190} INFO - [2026-05-20T11:56:36.219+0000] {dag.py:4180} INFO - Setting next_dagrun for hello_spark to 2026-05-19 00:00:00+00:00, run_after=2026-05-20 00:00:00+00:00
[2026-05-20T11:56:36.235+0000] {processor.py:208} INFO - Processing /opt/airflow/dags/submit_spark_dag.py took 0.069 seconds
[2026-05-20T11:57:06.526+0000] {processor.py:186} INFO - Started process (PID=6670) to work on /opt/airflow/dags/submit_spark_dag.py
[2026-05-20T11:57:06.527+0000] {processor.py:914} INFO - Processing file /opt/airflow/dags/submit_spark_dag.py for tasks to queue
[2026-05-20T11:57:06.528+0000] {logging_mixin.py:190} INFO - [2026-05-20T11:57:06.528+0000] {dagbag.py:588} INFO - Filling up the DagBag from /opt/airflow/dags/submit_spark_dag.py
[2026-05-20T11:57:06.535+0000] {processor.py:925} INFO - DAG(s) 'hello_spark' retrieved from /opt/airflow/dags/submit_spark_dag.py
[2026-05-20T11:57:06.554+0000] {logging_mixin.py:190} INFO - [2026-05-20T11:57:06.554+0000] {dag.py:3239} INFO - Sync 1 DAGs
[2026-05-20T11:57:06.716+0000] {logging_mixin.py:190} INFO - [2026-05-20T11:57:06.716+0000] {dag.py:4180} INFO - Setting next_dagrun for hello_spark to 2026-05-19 00:00:00+00:00, run_after=2026-05-20 00:00:00+00:00
[2026-05-20T11:57:06.731+0000] {processor.py:208} INFO - Processing /opt/airflow/dags/submit_spark_dag.py took 0.209 seconds
[2026-05-20T11:57:37.154+0000] {processor.py:186} INFO - Started process (PID=6684) to work on /opt/airflow/dags/submit_spark_dag.py
[2026-05-20T11:57:37.155+0000] {processor.py:914} INFO - Processing file /opt/airflow/dags/submit_spark_dag.py for tasks to queue
[2026-05-20T11:57:37.157+0000] {logging_mixin.py:190} INFO - [2026-05-20T11:57:37.156+0000] {dagbag.py:588} INFO - Filling up the DagBag from /opt/airflow/dags/submit_spark_dag.py
[2026-05-20T11:57:37.165+0000] {processor.py:925} INFO - DAG(s) 'hello_spark' retrieved from /opt/airflow/dags/submit_spark_dag.py
[2026-05-20T11:57:37.181+0000] {logging_mixin.py:190} INFO - [2026-05-20T11:57:37.181+0000] {dag.py:3239} INFO - Sync 1 DAGs
[2026-05-20T11:57:37.292+0000] {logging_mixin.py:190} INFO - [2026-05-20T11:57:37.292+0000] {dag.py:4180} INFO - Setting next_dagrun for hello_spark to 2026-05-19 00:00:00+00:00, run_after=2026-05-20 00:00:00+00:00
[2026-05-20T11:57:37.303+0000] {processor.py:208} INFO - Processing /opt/airflow/dags/submit_spark_dag.py took 0.156 seconds
[2026-05-20T11:58:07.666+0000] {processor.py:186} INFO - Started process (PID=6699) to work on /opt/airflow/dags/submit_spark_dag.py
[2026-05-20T11:58:07.667+0000] {processor.py:914} INFO - Processing file /opt/airflow/dags/submit_spark_dag.py for tasks to queue
[2026-05-20T11:58:07.668+0000] {logging_mixin.py:190} INFO - [2026-05-20T11:58:07.668+0000] {dagbag.py:588} INFO - Filling up the DagBag from /opt/airflow/dags/submit_spark_dag.py
[2026-05-20T11:58:07.678+0000] {processor.py:925} INFO - DAG(s) 'hello_spark' retrieved from /opt/airflow/dags/submit_spark_dag.py
[2026-05-20T11:58:07.697+0000] {logging_mixin.py:190} INFO - [2026-05-20T11:58:07.697+0000] {dag.py:3239} INFO - Sync 1 DAGs
[2026-05-20T11:58:07.717+0000] {logging_mixin.py:190} INFO - [2026-05-20T11:58:07.717+0000] {dag.py:4180} INFO - Setting next_dagrun for hello_spark to 2026-05-19 00:00:00+00:00, run_after=2026-05-20 00:00:00+00:00
[2026-05-20T11:58:07.730+0000] {processor.py:208} INFO - Processing /opt/airflow/dags/submit_spark_dag.py took 0.073 seconds
[2026-05-20T11:58:37.990+0000] {processor.py:186} INFO - Started process (PID=6712) to work on /opt/airflow/dags/submit_spark_dag.py
[2026-05-20T11:58:37.998+0000] {processor.py:914} INFO - Processing file /opt/airflow/dags/submit_spark_dag.py for tasks to queue
[2026-05-20T11:58:37.999+0000] {logging_mixin.py:190} INFO - [2026-05-20T11:58:37.999+0000] {dagbag.py:588} INFO - Filling up the DagBag from /opt/airflow/dags/submit_spark_dag.py
[2026-05-20T11:58:38.006+0000] {processor.py:925} INFO - DAG(s) 'hello_spark' retrieved from /opt/airflow/dags/submit_spark_dag.py
[2026-05-20T11:58:38.023+0000] {logging_mixin.py:190} INFO - [2026-05-20T11:58:38.023+0000] {dag.py:3239} INFO - Sync 1 DAGs
[2026-05-20T11:58:38.041+0000] {logging_mixin.py:190} INFO - [2026-05-20T11:58:38.041+0000] {dag.py:4180} INFO - Setting next_dagrun for hello_spark to 2026-05-19 00:00:00+00:00, run_after=2026-05-20 00:00:00+00:00
[2026-05-20T11:58:38.054+0000] {processor.py:208} INFO - Processing /opt/airflow/dags/submit_spark_dag.py took 0.068 seconds
[2026-05-20T11:59:08.402+0000] {processor.py:186} INFO - Started process (PID=6726) to work on /opt/airflow/dags/submit_spark_dag.py
[2026-05-20T11:59:08.403+0000] {processor.py:914} INFO - Processing file /opt/airflow/dags/submit_spark_dag.py for tasks to queue
[2026-05-20T11:59:08.404+0000] {logging_mixin.py:190} INFO - [2026-05-20T11:59:08.404+0000] {dagbag.py:588} INFO - Filling up the DagBag from /opt/airflow/dags/submit_spark_dag.py
[2026-05-20T11:59:08.411+0000] {processor.py:925} INFO - DAG(s) 'hello_spark' retrieved from /opt/airflow/dags/submit_spark_dag.py
[2026-05-20T11:59:08.429+0000] {logging_mixin.py:190} INFO - [2026-05-20T11:59:08.428+0000] {dag.py:3239} INFO - Sync 1 DAGs
[2026-05-20T11:59:08.458+0000] {logging_mixin.py:190} INFO - [2026-05-20T11:59:08.458+0000] {dag.py:4180} INFO - Setting next_dagrun for hello_spark to 2026-05-19 00:00:00+00:00, run_after=2026-05-20 00:00:00+00:00
[2026-05-20T11:59:08.578+0000] {processor.py:208} INFO - Processing /opt/airflow/dags/submit_spark_dag.py took 0.182 seconds
[2026-05-20T11:59:39.180+0000] {processor.py:186} INFO - Started process (PID=6740) to work on /opt/airflow/dags/submit_spark_dag.py
[2026-05-20T11:59:39.182+0000] {processor.py:914} INFO - Processing file /opt/airflow/dags/submit_spark_dag.py for tasks to queue
[2026-05-20T11:59:39.183+0000] {logging_mixin.py:190} INFO - [2026-05-20T11:59:39.182+0000] {dagbag.py:588} INFO - Filling up the DagBag from /opt/airflow/dags/submit_spark_dag.py
[2026-05-20T11:59:39.206+0000] {processor.py:925} INFO - DAG(s) 'hello_spark' retrieved from /opt/airflow/dags/submit_spark_dag.py
[2026-05-20T11:59:39.256+0000] {logging_mixin.py:190} INFO - [2026-05-20T11:59:39.256+0000] {dag.py:3239} INFO - Sync 1 DAGs
[2026-05-20T11:59:39.467+0000] {logging_mixin.py:190} INFO - [2026-05-20T11:59:39.467+0000] {dag.py:4180} INFO - Setting next_dagrun for hello_spark to 2026-05-19 00:00:00+00:00, run_after=2026-05-20 00:00:00+00:00
[2026-05-20T11:59:39.492+0000] {processor.py:208} INFO - Processing /opt/airflow/dags/submit_spark_dag.py took 0.316 seconds
[2026-05-20T12:00:10.084+0000] {processor.py:186} INFO - Started process (PID=6753) to work on /opt/airflow/dags/submit_spark_dag.py
[2026-05-20T12:00:10.086+0000] {processor.py:914} INFO - Processing file /opt/airflow/dags/submit_spark_dag.py for tasks to queue
[2026-05-20T12:00:10.087+0000] {logging_mixin.py:190} INFO - [2026-05-20T12:00:10.087+0000] {dagbag.py:588} INFO - Filling up the DagBag from /opt/airflow/dags/submit_spark_dag.py
[2026-05-20T12:00:10.097+0000] {processor.py:925} INFO - DAG(s) 'hello_spark' retrieved from /opt/airflow/dags/submit_spark_dag.py
[2026-05-20T12:00:10.119+0000] {logging_mixin.py:190} INFO - [2026-05-20T12:00:10.119+0000] {dag.py:3239} INFO - Sync 1 DAGs
[2026-05-20T12:00:10.141+0000] {logging_mixin.py:190} INFO - [2026-05-20T12:00:10.140+0000] {dag.py:4180} INFO - Setting next_dagrun for hello_spark to 2026-05-19 00:00:00+00:00, run_after=2026-05-20 00:00:00+00:00
[2026-05-20T12:00:10.155+0000] {processor.py:208} INFO - Processing /opt/airflow/dags/submit_spark_dag.py took 0.077 seconds
[2026-05-20T12:00:40.573+0000] {processor.py:186} INFO - Started process (PID=6768) to work on /opt/airflow/dags/submit_spark_dag.py
[2026-05-20T12:00:40.574+0000] {processor.py:914} INFO - Processing file /opt/airflow/dags/submit_spark_dag.py for tasks to queue
[2026-05-20T12:00:40.575+0000] {logging_mixin.py:190} INFO - [2026-05-20T12:00:40.575+0000] {dagbag.py:588} INFO - Filling up the DagBag from /opt/airflow/dags/submit_spark_dag.py
[2026-05-20T12:00:40.582+0000] {processor.py:925} INFO - DAG(s) 'hello_spark' retrieved from /opt/airflow/dags/submit_spark_dag.py
[2026-05-20T12:00:40.603+0000] {logging_mixin.py:190} INFO - [2026-05-20T12:00:40.603+0000] {dag.py:3239} INFO - Sync 1 DAGs
[2026-05-20T12:00:40.623+0000] {logging_mixin.py:190} INFO - [2026-05-20T12:00:40.622+0000] {dag.py:4180} INFO - Setting next_dagrun for hello_spark to 2026-05-19 00:00:00+00:00, run_after=2026-05-20 00:00:00+00:00
[2026-05-20T12:00:40.639+0000] {processor.py:208} INFO - Processing /opt/airflow/dags/submit_spark_dag.py took 0.071 seconds
[2026-05-20T12:01:11.018+0000] {processor.py:186} INFO - Started process (PID=6783) to work on /opt/airflow/dags/submit_spark_dag.py
[2026-05-20T12:01:11.020+0000] {processor.py:914} INFO - Processing file /opt/airflow/dags/submit_spark_dag.py for tasks to queue
[2026-05-20T12:01:11.024+0000] {logging_mixin.py:190} INFO - [2026-05-20T12:01:11.024+0000] {dagbag.py:588} INFO - Filling up the DagBag from /opt/airflow/dags/submit_spark_dag.py
[2026-05-20T12:01:11.035+0000] {processor.py:925} INFO - DAG(s) 'hello_spark' retrieved from /opt/airflow/dags/submit_spark_dag.py
[2026-05-20T12:01:11.067+0000] {logging_mixin.py:190} INFO - [2026-05-20T12:01:11.067+0000] {dag.py:3239} INFO - Sync 1 DAGs
[2026-05-20T12:01:11.101+0000] {logging_mixin.py:190} INFO - [2026-05-20T12:01:11.101+0000] {dag.py:4180} INFO - Setting next_dagrun for hello_spark to 2026-05-19 00:00:00+00:00, run_after=2026-05-20 00:00:00+00:00
[2026-05-20T12:01:11.120+0000] {processor.py:208} INFO - Processing /opt/airflow/dags/submit_spark_dag.py took 0.109 seconds
[2026-05-20T12:01:41.246+0000] {processor.py:186} INFO - Started process (PID=6797) to work on /opt/airflow/dags/submit_spark_dag.py
[2026-05-20T12:01:41.247+0000] {processor.py:914} INFO - Processing file /opt/airflow/dags/submit_spark_dag.py for tasks to queue
[2026-05-20T12:01:41.248+0000] {logging_mixin.py:190} INFO - [2026-05-20T12:01:41.248+0000] {dagbag.py:588} INFO - Filling up the DagBag from /opt/airflow/dags/submit_spark_dag.py
[2026-05-20T12:01:41.257+0000] {processor.py:925} INFO - DAG(s) 'hello_spark' retrieved from /opt/airflow/dags/submit_spark_dag.py
[2026-05-20T12:01:41.275+0000] {logging_mixin.py:190} INFO - [2026-05-20T12:01:41.275+0000] {dag.py:3239} INFO - Sync 1 DAGs
[2026-05-20T12:01:41.403+0000] {logging_mixin.py:190} INFO - [2026-05-20T12:01:41.403+0000] {dag.py:4180} INFO - Setting next_dagrun for hello_spark to 2026-05-19 00:00:00+00:00, run_after=2026-05-20 00:00:00+00:00
[2026-05-20T12:01:41.416+0000] {processor.py:208} INFO - Processing /opt/airflow/dags/submit_spark_dag.py took 0.174 seconds
[2026-05-20T12:02:11.822+0000] {processor.py:186} INFO - Started process (PID=6811) to work on /opt/airflow/dags/submit_spark_dag.py
[2026-05-20T12:02:11.823+0000] {processor.py:914} INFO - Processing file /opt/airflow/dags/submit_spark_dag.py for tasks to queue
[2026-05-20T12:02:11.823+0000] {logging_mixin.py:190} INFO - [2026-05-20T12:02:11.823+0000] {dagbag.py:588} INFO - Filling up the DagBag from /opt/airflow/dags/submit_spark_dag.py
[2026-05-20T12:02:11.830+0000] {processor.py:925} INFO - DAG(s) 'hello_spark' retrieved from /opt/airflow/dags/submit_spark_dag.py
[2026-05-20T12:02:11.970+0000] {logging_mixin.py:190} INFO - [2026-05-20T12:02:11.970+0000] {dag.py:3239} INFO - Sync 1 DAGs
[2026-05-20T12:02:11.987+0000] {logging_mixin.py:190} INFO - [2026-05-20T12:02:11.987+0000] {dag.py:4180} INFO - Setting next_dagrun for hello_spark to 2026-05-19 00:00:00+00:00, run_after=2026-05-20 00:00:00+00:00
[2026-05-20T12:02:12.003+0000] {processor.py:208} INFO - Processing /opt/airflow/dags/submit_spark_dag.py took 0.186 seconds
[2026-05-20T12:02:42.322+0000] {processor.py:186} INFO - Started process (PID=6825) to work on /opt/airflow/dags/submit_spark_dag.py
[2026-05-20T12:02:42.323+0000] {processor.py:914} INFO - Processing file /opt/airflow/dags/submit_spark_dag.py for tasks to queue
[2026-05-20T12:02:42.324+0000] {logging_mixin.py:190} INFO - [2026-05-20T12:02:42.324+0000] {dagbag.py:588} INFO - Filling up the DagBag from /opt/airflow/dags/submit_spark_dag.py
[2026-05-20T12:02:42.330+0000] {processor.py:925} INFO - DAG(s) 'hello_spark' retrieved from /opt/airflow/dags/submit_spark_dag.py
[2026-05-20T12:02:42.348+0000] {logging_mixin.py:190} INFO - [2026-05-20T12:02:42.348+0000] {dag.py:3239} INFO - Sync 1 DAGs
[2026-05-20T12:02:42.365+0000] {logging_mixin.py:190} INFO - [2026-05-20T12:02:42.365+0000] {dag.py:4180} INFO - Setting next_dagrun for hello_spark to 2026-05-19 00:00:00+00:00, run_after=2026-05-20 00:00:00+00:00
[2026-05-20T12:02:42.378+0000] {processor.py:208} INFO - Processing /opt/airflow/dags/submit_spark_dag.py took 0.060 seconds
[2026-05-20T12:03:12.742+0000] {processor.py:186} INFO - Started process (PID=6839) to work on /opt/airflow/dags/submit_spark_dag.py
[2026-05-20T12:03:12.743+0000] {processor.py:914} INFO - Processing file /opt/airflow/dags/submit_spark_dag.py for tasks to queue
[2026-05-20T12:03:12.744+0000] {logging_mixin.py:190} INFO - [2026-05-20T12:03:12.744+0000] {dagbag.py:588} INFO - Filling up the DagBag from /opt/airflow/dags/submit_spark_dag.py
[2026-05-20T12:03:12.750+0000] {processor.py:925} INFO - DAG(s) 'hello_spark' retrieved from /opt/airflow/dags/submit_spark_dag.py
[2026-05-20T12:03:12.768+0000] {logging_mixin.py:190} INFO - [2026-05-20T12:03:12.767+0000] {dag.py:3239} INFO - Sync 1 DAGs
[2026-05-20T12:03:12.786+0000] {logging_mixin.py:190} INFO - [2026-05-20T12:03:12.786+0000] {dag.py:4180} INFO - Setting next_dagrun for hello_spark to 2026-05-19 00:00:00+00:00, run_after=2026-05-20 00:00:00+00:00
[2026-05-20T12:03:12.800+0000] {processor.py:208} INFO - Processing /opt/airflow/dags/submit_spark_dag.py took 0.062 seconds
[2026-05-20T12:03:43.381+0000] {processor.py:186} INFO - Started process (PID=6853) to work on /opt/airflow/dags/submit_spark_dag.py
[2026-05-20T12:03:43.382+0000] {processor.py:914} INFO - Processing file /opt/airflow/dags/submit_spark_dag.py for tasks to queue
[2026-05-20T12:03:43.383+0000] {logging_mixin.py:190} INFO - [2026-05-20T12:03:43.383+0000] {dagbag.py:588} INFO - Filling up the DagBag from /opt/airflow/dags/submit_spark_dag.py
[2026-05-20T12:03:43.390+0000] {processor.py:925} INFO - DAG(s) 'hello_spark' retrieved from /opt/airflow/dags/submit_spark_dag.py
[2026-05-20T12:03:43.407+0000] {logging_mixin.py:190} INFO - [2026-05-20T12:03:43.407+0000] {dag.py:3239} INFO - Sync 1 DAGs
[2026-05-20T12:03:43.538+0000] {logging_mixin.py:190} INFO - [2026-05-20T12:03:43.538+0000] {dag.py:4180} INFO - Setting next_dagrun for hello_spark to 2026-05-19 00:00:00+00:00, run_after=2026-05-20 00:00:00+00:00
[2026-05-20T12:03:43.549+0000] {processor.py:208} INFO - Processing /opt/airflow/dags/submit_spark_dag.py took 0.172 seconds
[2026-05-20T12:04:14.122+0000] {processor.py:186} INFO - Started process (PID=6867) to work on /opt/airflow/dags/submit_spark_dag.py
[2026-05-20T12:04:14.122+0000] {processor.py:914} INFO - Processing file /opt/airflow/dags/submit_spark_dag.py for tasks to queue
[2026-05-20T12:04:14.123+0000] {logging_mixin.py:190} INFO - [2026-05-20T12:04:14.123+0000] {dagbag.py:588} INFO - Filling up the DagBag from /opt/airflow/dags/submit_spark_dag.py
[2026-05-20T12:04:14.129+0000] {processor.py:925} INFO - DAG(s) 'hello_spark' retrieved from /opt/airflow/dags/submit_spark_dag.py
[2026-05-20T12:04:14.242+0000] {logging_mixin.py:190} INFO - [2026-05-20T12:04:14.242+0000] {dag.py:3239} INFO - Sync 1 DAGs
[2026-05-20T12:04:14.256+0000] {logging_mixin.py:190} INFO - [2026-05-20T12:04:14.255+0000] {dag.py:4180} INFO - Setting next_dagrun for hello_spark to 2026-05-19 00:00:00+00:00, run_after=2026-05-20 00:00:00+00:00
[2026-05-20T12:04:14.266+0000] {processor.py:208} INFO - Processing /opt/airflow/dags/submit_spark_dag.py took 0.148 seconds
[2026-05-20T12:04:44.645+0000] {processor.py:186} INFO - Started process (PID=6881) to work on /opt/airflow/dags/submit_spark_dag.py
[2026-05-20T12:04:44.646+0000] {processor.py:914} INFO - Processing file /opt/airflow/dags/submit_spark_dag.py for tasks to queue
[2026-05-20T12:04:44.648+0000] {logging_mixin.py:190} INFO - [2026-05-20T12:04:44.647+0000] {dagbag.py:588} INFO - Filling up the DagBag from /opt/airflow/dags/submit_spark_dag.py
[2026-05-20T12:04:44.657+0000] {processor.py:925} INFO - DAG(s) 'hello_spark' retrieved from /opt/airflow/dags/submit_spark_dag.py
[2026-05-20T12:04:44.685+0000] {logging_mixin.py:190} INFO - [2026-05-20T12:04:44.685+0000] {dag.py:3239} INFO - Sync 1 DAGs
[2026-05-20T12:04:44.705+0000] {logging_mixin.py:190} INFO - [2026-05-20T12:04:44.704+0000] {dag.py:4180} INFO - Setting next_dagrun for hello_spark to 2026-05-19 00:00:00+00:00, run_after=2026-05-20 00:00:00+00:00
[2026-05-20T12:04:44.718+0000] {processor.py:208} INFO - Processing /opt/airflow/dags/submit_spark_dag.py took 0.078 seconds
[2026-05-20T12:05:15.042+0000] {processor.py:186} INFO - Started process (PID=6895) to work on /opt/airflow/dags/submit_spark_dag.py
[2026-05-20T12:05:15.043+0000] {processor.py:914} INFO - Processing file /opt/airflow/dags/submit_spark_dag.py for tasks to queue
[2026-05-20T12:05:15.044+0000] {logging_mixin.py:190} INFO - [2026-05-20T12:05:15.044+0000] {dagbag.py:588} INFO - Filling up the DagBag from /opt/airflow/dags/submit_spark_dag.py
[2026-05-20T12:05:15.050+0000] {processor.py:925} INFO - DAG(s) 'hello_spark' retrieved from /opt/airflow/dags/submit_spark_dag.py
[2026-05-20T12:05:15.067+0000] {logging_mixin.py:190} INFO - [2026-05-20T12:05:15.066+0000] {dag.py:3239} INFO - Sync 1 DAGs
[2026-05-20T12:05:15.083+0000] {logging_mixin.py:190} INFO - [2026-05-20T12:05:15.083+0000] {dag.py:4180} INFO - Setting next_dagrun for hello_spark to 2026-05-19 00:00:00+00:00, run_after=2026-05-20 00:00:00+00:00
[2026-05-20T12:05:15.096+0000] {processor.py:208} INFO - Processing /opt/airflow/dags/submit_spark_dag.py took 0.058 seconds
[2026-05-20T12:05:45.738+0000] {processor.py:186} INFO - Started process (PID=6909) to work on /opt/airflow/dags/submit_spark_dag.py
[2026-05-20T12:05:45.739+0000] {processor.py:914} INFO - Processing file /opt/airflow/dags/submit_spark_dag.py for tasks to queue
[2026-05-20T12:05:45.740+0000] {logging_mixin.py:190} INFO - [2026-05-20T12:05:45.740+0000] {dagbag.py:588} INFO - Filling up the DagBag from /opt/airflow/dags/submit_spark_dag.py
[2026-05-20T12:05:45.750+0000] {processor.py:925} INFO - DAG(s) 'hello_spark' retrieved from /opt/airflow/dags/submit_spark_dag.py
[2026-05-20T12:05:45.771+0000] {logging_mixin.py:190} INFO - [2026-05-20T12:05:45.771+0000] {dag.py:3239} INFO - Sync 1 DAGs
[2026-05-20T12:05:45.941+0000] {logging_mixin.py:190} INFO - [2026-05-20T12:05:45.941+0000] {dag.py:4180} INFO - Setting next_dagrun for hello_spark to 2026-05-19 00:00:00+00:00, run_after=2026-05-20 00:00:00+00:00
[2026-05-20T12:05:45.955+0000] {processor.py:208} INFO - Processing /opt/airflow/dags/submit_spark_dag.py took 0.227 seconds
[2026-05-20T12:06:16.622+0000] {processor.py:186} INFO - Started process (PID=6924) to work on /opt/airflow/dags/submit_spark_dag.py
[2026-05-20T12:06:16.622+0000] {processor.py:914} INFO - Processing file /opt/airflow/dags/submit_spark_dag.py for tasks to queue
[2026-05-20T12:06:16.623+0000] {logging_mixin.py:190} INFO - [2026-05-20T12:06:16.623+0000] {dagbag.py:588} INFO - Filling up the DagBag from /opt/airflow/dags/submit_spark_dag.py
[2026-05-20T12:06:16.630+0000] {processor.py:925} INFO - DAG(s) 'hello_spark' retrieved from /opt/airflow/dags/submit_spark_dag.py
[2026-05-20T12:06:16.763+0000] {logging_mixin.py:190} INFO - [2026-05-20T12:06:16.762+0000] {dag.py:3239} INFO - Sync 1 DAGs
[2026-05-20T12:06:16.779+0000] {logging_mixin.py:190} INFO - [2026-05-20T12:06:16.779+0000] {dag.py:4180} INFO - Setting next_dagrun for hello_spark to 2026-05-19 00:00:00+00:00, run_after=2026-05-20 00:00:00+00:00
[2026-05-20T12:06:16.793+0000] {processor.py:208} INFO - Processing /opt/airflow/dags/submit_spark_dag.py took 0.175 seconds
[2026-05-20T12:06:47.145+0000] {processor.py:186} INFO - Started process (PID=6938) to work on /opt/airflow/dags/submit_spark_dag.py
[2026-05-20T12:06:47.146+0000] {processor.py:914} INFO - Processing file /opt/airflow/dags/submit_spark_dag.py for tasks to queue
[2026-05-20T12:06:47.146+0000] {logging_mixin.py:190} INFO - [2026-05-20T12:06:47.146+0000] {dagbag.py:588} INFO - Filling up the DagBag from /opt/airflow/dags/submit_spark_dag.py
[2026-05-20T12:06:47.153+0000] {processor.py:925} INFO - DAG(s) 'hello_spark' retrieved from /opt/airflow/dags/submit_spark_dag.py
[2026-05-20T12:06:47.170+0000] {logging_mixin.py:190} INFO - [2026-05-20T12:06:47.170+0000] {dag.py:3239} INFO - Sync 1 DAGs
[2026-05-20T12:06:47.188+0000] {logging_mixin.py:190} INFO - [2026-05-20T12:06:47.188+0000] {dag.py:4180} INFO - Setting next_dagrun for hello_spark to 2026-05-19 00:00:00+00:00, run_after=2026-05-20 00:00:00+00:00
[2026-05-20T12:06:47.201+0000] {processor.py:208} INFO - Processing /opt/airflow/dags/submit_spark_dag.py took 0.060 seconds
[2026-05-20T12:07:17.627+0000] {processor.py:186} INFO - Started process (PID=6952) to work on /opt/airflow/dags/submit_spark_dag.py
[2026-05-20T12:07:17.628+0000] {processor.py:914} INFO - Processing file /opt/airflow/dags/submit_spark_dag.py for tasks to queue
[2026-05-20T12:07:17.630+0000] {logging_mixin.py:190} INFO - [2026-05-20T12:07:17.630+0000] {dagbag.py:588} INFO - Filling up the DagBag from /opt/airflow/dags/submit_spark_dag.py
[2026-05-20T12:07:17.639+0000] {processor.py:925} INFO - DAG(s) 'hello_spark' retrieved from /opt/airflow/dags/submit_spark_dag.py
[2026-05-20T12:07:17.658+0000] {logging_mixin.py:190} INFO - [2026-05-20T12:07:17.658+0000] {dag.py:3239} INFO - Sync 1 DAGs
[2026-05-20T12:07:17.676+0000] {logging_mixin.py:190} INFO - [2026-05-20T12:07:17.675+0000] {dag.py:4180} INFO - Setting next_dagrun for hello_spark to 2026-05-19 00:00:00+00:00, run_after=2026-05-20 00:00:00+00:00
[2026-05-20T12:07:17.689+0000] {processor.py:208} INFO - Processing /opt/airflow/dags/submit_spark_dag.py took 0.067 seconds
[2026-05-20T12:07:48.482+0000] {processor.py:186} INFO - Started process (PID=6967) to work on /opt/airflow/dags/submit_spark_dag.py
[2026-05-20T12:07:48.483+0000] {processor.py:914} INFO - Processing file /opt/airflow/dags/submit_spark_dag.py for tasks to queue
[2026-05-20T12:07:48.484+0000] {logging_mixin.py:190} INFO - [2026-05-20T12:07:48.484+0000] {dagbag.py:588} INFO - Filling up the DagBag from /opt/airflow/dags/submit_spark_dag.py
[2026-05-20T12:07:48.498+0000] {processor.py:925} INFO - DAG(s) 'hello_spark' retrieved from /opt/airflow/dags/submit_spark_dag.py
[2026-05-20T12:07:48.526+0000] {logging_mixin.py:190} INFO - [2026-05-20T12:07:48.526+0000] {dag.py:3239} INFO - Sync 1 DAGs
[2026-05-20T12:07:48.678+0000] {logging_mixin.py:190} INFO - [2026-05-20T12:07:48.678+0000] {dag.py:4180} INFO - Setting next_dagrun for hello_spark to 2026-05-19 00:00:00+00:00, run_after=2026-05-20 00:00:00+00:00
[2026-05-20T12:07:48.692+0000] {processor.py:208} INFO - Processing /opt/airflow/dags/submit_spark_dag.py took 0.231 seconds
[2026-05-20T12:08:18.888+0000] {processor.py:186} INFO - Started process (PID=6981) to work on /opt/airflow/dags/submit_spark_dag.py
[2026-05-20T12:08:18.889+0000] {processor.py:914} INFO - Processing file /opt/airflow/dags/submit_spark_dag.py for tasks to queue
[2026-05-20T12:08:18.890+0000] {logging_mixin.py:190} INFO - [2026-05-20T12:08:18.890+0000] {dagbag.py:588} INFO - Filling up the DagBag from /opt/airflow/dags/submit_spark_dag.py
[2026-05-20T12:08:18.907+0000] {processor.py:925} INFO - DAG(s) 'hello_spark' retrieved from /opt/airflow/dags/submit_spark_dag.py
[2026-05-20T12:08:18.933+0000] {logging_mixin.py:190} INFO - [2026-05-20T12:08:18.933+0000] {dag.py:3239} INFO - Sync 1 DAGs
[2026-05-20T12:08:19.094+0000] {logging_mixin.py:190} INFO - [2026-05-20T12:08:19.094+0000] {dag.py:4180} INFO - Setting next_dagrun for hello_spark to 2026-05-19 00:00:00+00:00, run_after=2026-05-20 00:00:00+00:00
[2026-05-20T12:08:19.110+0000] {processor.py:208} INFO - Processing /opt/airflow/dags/submit_spark_dag.py took 0.227 seconds
[2026-05-20T12:08:49.184+0000] {processor.py:186} INFO - Started process (PID=6995) to work on /opt/airflow/dags/submit_spark_dag.py
[2026-05-20T12:08:49.193+0000] {processor.py:914} INFO - Processing file /opt/airflow/dags/submit_spark_dag.py for tasks to queue
[2026-05-20T12:08:49.195+0000] {logging_mixin.py:190} INFO - [2026-05-20T12:08:49.195+0000] {dagbag.py:588} INFO - Filling up the DagBag from /opt/airflow/dags/submit_spark_dag.py
[2026-05-20T12:08:49.205+0000] {processor.py:925} INFO - DAG(s) 'hello_spark' retrieved from /opt/airflow/dags/submit_spark_dag.py
[2026-05-20T12:08:49.227+0000] {logging_mixin.py:190} INFO - [2026-05-20T12:08:49.226+0000] {dag.py:3239} INFO - Sync 1 DAGs
[2026-05-20T12:08:49.250+0000] {logging_mixin.py:190} INFO - [2026-05-20T12:08:49.250+0000] {dag.py:4180} INFO - Setting next_dagrun for hello_spark to 2026-05-19 00:00:00+00:00, run_after=2026-05-20 00:00:00+00:00
[2026-05-20T12:08:49.275+0000] {processor.py:208} INFO - Processing /opt/airflow/dags/submit_spark_dag.py took 0.101 seconds
[2026-05-20T12:09:19.649+0000] {processor.py:186} INFO - Started process (PID=7009) to work on /opt/airflow/dags/submit_spark_dag.py
[2026-05-20T12:09:19.649+0000] {processor.py:914} INFO - Processing file /opt/airflow/dags/submit_spark_dag.py for tasks to queue
[2026-05-20T12:09:19.650+0000] {logging_mixin.py:190} INFO - [2026-05-20T12:09:19.650+0000] {dagbag.py:588} INFO - Filling up the DagBag from /opt/airflow/dags/submit_spark_dag.py
[2026-05-20T12:09:19.658+0000] {processor.py:925} INFO - DAG(s) 'hello_spark' retrieved from /opt/airflow/dags/submit_spark_dag.py
[2026-05-20T12:09:19.675+0000] {logging_mixin.py:190} INFO - [2026-05-20T12:09:19.674+0000] {dag.py:3239} INFO - Sync 1 DAGs
[2026-05-20T12:09:19.693+0000] {logging_mixin.py:190} INFO - [2026-05-20T12:09:19.693+0000] {dag.py:4180} INFO - Setting next_dagrun for hello_spark to 2026-05-19 00:00:00+00:00, run_after=2026-05-20 00:00:00+00:00
[2026-05-20T12:09:19.707+0000] {processor.py:208} INFO - Processing /opt/airflow/dags/submit_spark_dag.py took 0.062 seconds
[2026-05-20T12:09:49.758+0000] {processor.py:186} INFO - Started process (PID=7025) to work on /opt/airflow/dags/submit_spark_dag.py
[2026-05-20T12:09:49.765+0000] {processor.py:914} INFO - Processing file /opt/airflow/dags/submit_spark_dag.py for tasks to queue
[2026-05-20T12:09:49.770+0000] {logging_mixin.py:190} INFO - [2026-05-20T12:09:49.765+0000] {dagbag.py:588} INFO - Filling up the DagBag from /opt/airflow/dags/submit_spark_dag.py
[2026-05-20T12:09:49.799+0000] {processor.py:925} INFO - DAG(s) 'hello_spark' retrieved from /opt/airflow/dags/submit_spark_dag.py
[2026-05-20T12:09:49.891+0000] {logging_mixin.py:190} INFO - [2026-05-20T12:09:49.889+0000] {dag.py:3239} INFO - Sync 1 DAGs
[2026-05-20T12:09:50.000+0000] {logging_mixin.py:190} INFO - [2026-05-20T12:09:50.000+0000] {dag.py:4180} INFO - Setting next_dagrun for hello_spark to 2026-05-19 00:00:00+00:00, run_after=2026-05-20 00:00:00+00:00
[2026-05-20T12:09:50.275+0000] {processor.py:208} INFO - Processing /opt/airflow/dags/submit_spark_dag.py took 0.531 seconds
[2026-05-20T12:10:21.373+0000] {processor.py:186} INFO - Started process (PID=7039) to work on /opt/airflow/dags/submit_spark_dag.py
[2026-05-20T12:10:21.373+0000] {processor.py:914} INFO - Processing file /opt/airflow/dags/submit_spark_dag.py for tasks to queue
[2026-05-20T12:10:21.375+0000] {logging_mixin.py:190} INFO - [2026-05-20T12:10:21.374+0000] {dagbag.py:588} INFO - Filling up the DagBag from /opt/airflow/dags/submit_spark_dag.py
[2026-05-20T12:10:21.384+0000] {processor.py:925} INFO - DAG(s) 'hello_spark' retrieved from /opt/airflow/dags/submit_spark_dag.py
[2026-05-20T12:10:21.406+0000] {logging_mixin.py:190} INFO - [2026-05-20T12:10:21.406+0000] {dag.py:3239} INFO - Sync 1 DAGs
[2026-05-20T12:10:21.561+0000] {logging_mixin.py:190} INFO - [2026-05-20T12:10:21.561+0000] {dag.py:4180} INFO - Setting next_dagrun for hello_spark to 2026-05-19 00:00:00+00:00, run_after=2026-05-20 00:00:00+00:00
[2026-05-20T12:10:21.576+0000] {processor.py:208} INFO - Processing /opt/airflow/dags/submit_spark_dag.py took 0.217 seconds
[2026-05-20T12:10:51.692+0000] {processor.py:186} INFO - Started process (PID=7053) to work on /opt/airflow/dags/submit_spark_dag.py
[2026-05-20T12:10:51.695+0000] {processor.py:914} INFO - Processing file /opt/airflow/dags/submit_spark_dag.py for tasks to queue
[2026-05-20T12:10:51.696+0000] {logging_mixin.py:190} INFO - [2026-05-20T12:10:51.695+0000] {dagbag.py:588} INFO - Filling up the DagBag from /opt/airflow/dags/submit_spark_dag.py
[2026-05-20T12:10:51.711+0000] {processor.py:925} INFO - DAG(s) 'hello_spark' retrieved from /opt/airflow/dags/submit_spark_dag.py
[2026-05-20T12:10:51.860+0000] {logging_mixin.py:190} INFO - [2026-05-20T12:10:51.860+0000] {dag.py:3239} INFO - Sync 1 DAGs
[2026-05-20T12:10:51.875+0000] {logging_mixin.py:190} INFO - [2026-05-20T12:10:51.875+0000] {dag.py:4180} INFO - Setting next_dagrun for hello_spark to 2026-05-19 00:00:00+00:00, run_after=2026-05-20 00:00:00+00:00
[2026-05-20T12:10:51.893+0000] {processor.py:208} INFO - Processing /opt/airflow/dags/submit_spark_dag.py took 0.208 seconds
[2026-05-20T12:11:22.495+0000] {processor.py:186} INFO - Started process (PID=7069) to work on /opt/airflow/dags/submit_spark_dag.py
[2026-05-20T12:11:22.496+0000] {processor.py:914} INFO - Processing file /opt/airflow/dags/submit_spark_dag.py for tasks to queue
[2026-05-20T12:11:22.498+0000] {logging_mixin.py:190} INFO - [2026-05-20T12:11:22.498+0000] {dagbag.py:588} INFO - Filling up the DagBag from /opt/airflow/dags/submit_spark_dag.py
[2026-05-20T12:11:22.515+0000] {processor.py:925} INFO - DAG(s) 'hello_spark' retrieved from /opt/airflow/dags/submit_spark_dag.py
[2026-05-20T12:11:22.535+0000] {logging_mixin.py:190} INFO - [2026-05-20T12:11:22.534+0000] {dag.py:3239} INFO - Sync 1 DAGs
[2026-05-20T12:11:22.556+0000] {logging_mixin.py:190} INFO - [2026-05-20T12:11:22.556+0000] {dag.py:4180} INFO - Setting next_dagrun for hello_spark to 2026-05-19 00:00:00+00:00, run_after=2026-05-20 00:00:00+00:00
[2026-05-20T12:11:22.574+0000] {processor.py:208} INFO - Processing /opt/airflow/dags/submit_spark_dag.py took 0.086 seconds
[2026-05-20T12:11:53.175+0000] {processor.py:186} INFO - Started process (PID=7084) to work on /opt/airflow/dags/submit_spark_dag.py
[2026-05-20T12:11:53.182+0000] {processor.py:914} INFO - Processing file /opt/airflow/dags/submit_spark_dag.py for tasks to queue
[2026-05-20T12:11:53.183+0000] {logging_mixin.py:190} INFO - [2026-05-20T12:11:53.183+0000] {dagbag.py:588} INFO - Filling up the DagBag from /opt/airflow/dags/submit_spark_dag.py
[2026-05-20T12:11:53.191+0000] {processor.py:925} INFO - DAG(s) 'hello_spark' retrieved from /opt/airflow/dags/submit_spark_dag.py
[2026-05-20T12:11:53.215+0000] {logging_mixin.py:190} INFO - [2026-05-20T12:11:53.215+0000] {dag.py:3239} INFO - Sync 1 DAGs
[2026-05-20T12:11:53.236+0000] {logging_mixin.py:190} INFO - [2026-05-20T12:11:53.236+0000] {dag.py:4180} INFO - Setting next_dagrun for hello_spark to 2026-05-19 00:00:00+00:00, run_after=2026-05-20 00:00:00+00:00
[2026-05-20T12:11:53.378+0000] {processor.py:208} INFO - Processing /opt/airflow/dags/submit_spark_dag.py took 0.208 seconds
[2026-05-20T12:12:24.137+0000] {processor.py:186} INFO - Started process (PID=7098) to work on /opt/airflow/dags/submit_spark_dag.py
[2026-05-20T12:12:24.138+0000] {processor.py:914} INFO - Processing file /opt/airflow/dags/submit_spark_dag.py for tasks to queue
[2026-05-20T12:12:24.139+0000] {logging_mixin.py:190} INFO - [2026-05-20T12:12:24.139+0000] {dagbag.py:588} INFO - Filling up the DagBag from /opt/airflow/dags/submit_spark_dag.py
[2026-05-20T12:12:24.152+0000] {processor.py:925} INFO - DAG(s) 'hello_spark' retrieved from /opt/airflow/dags/submit_spark_dag.py
[2026-05-20T12:12:24.169+0000] {logging_mixin.py:190} INFO - [2026-05-20T12:12:24.169+0000] {dag.py:3239} INFO - Sync 1 DAGs
[2026-05-20T12:12:24.300+0000] {logging_mixin.py:190} INFO - [2026-05-20T12:12:24.300+0000] {dag.py:4180} INFO - Setting next_dagrun for hello_spark to 2026-05-19 00:00:00+00:00, run_after=2026-05-20 00:00:00+00:00
[2026-05-20T12:12:24.312+0000] {processor.py:208} INFO - Processing /opt/airflow/dags/submit_spark_dag.py took 0.182 seconds
[2026-05-20T12:12:55.101+0000] {processor.py:186} INFO - Started process (PID=7111) to work on /opt/airflow/dags/submit_spark_dag.py
[2026-05-20T12:12:55.103+0000] {processor.py:914} INFO - Processing file /opt/airflow/dags/submit_spark_dag.py for tasks to queue
[2026-05-20T12:12:55.104+0000] {logging_mixin.py:190} INFO - [2026-05-20T12:12:55.104+0000] {dagbag.py:588} INFO - Filling up the DagBag from /opt/airflow/dags/submit_spark_dag.py
[2026-05-20T12:12:55.111+0000] {processor.py:925} INFO - DAG(s) 'hello_spark' retrieved from /opt/airflow/dags/submit_spark_dag.py
[2026-05-20T12:12:55.131+0000] {logging_mixin.py:190} INFO - [2026-05-20T12:12:55.131+0000] {dag.py:3239} INFO - Sync 1 DAGs
[2026-05-20T12:12:55.263+0000] {logging_mixin.py:190} INFO - [2026-05-20T12:12:55.262+0000] {dag.py:4180} INFO - Setting next_dagrun for hello_spark to 2026-05-19 00:00:00+00:00, run_after=2026-05-20 00:00:00+00:00
[2026-05-20T12:12:55.275+0000] {processor.py:208} INFO - Processing /opt/airflow/dags/submit_spark_dag.py took 0.178 seconds
[2026-05-20T12:13:25.540+0000] {processor.py:186} INFO - Started process (PID=7125) to work on /opt/airflow/dags/submit_spark_dag.py
[2026-05-20T12:13:25.541+0000] {processor.py:914} INFO - Processing file /opt/airflow/dags/submit_spark_dag.py for tasks to queue
[2026-05-20T12:13:25.542+0000] {logging_mixin.py:190} INFO - [2026-05-20T12:13:25.542+0000] {dagbag.py:588} INFO - Filling up the DagBag from /opt/airflow/dags/submit_spark_dag.py
[2026-05-20T12:13:25.647+0000] {processor.py:925} INFO - DAG(s) 'hello_spark' retrieved from /opt/airflow/dags/submit_spark_dag.py
[2026-05-20T12:13:25.660+0000] {logging_mixin.py:190} INFO - [2026-05-20T12:13:25.660+0000] {dag.py:3239} INFO - Sync 1 DAGs
[2026-05-20T12:13:25.674+0000] {logging_mixin.py:190} INFO - [2026-05-20T12:13:25.674+0000] {dag.py:4180} INFO - Setting next_dagrun for hello_spark to 2026-05-19 00:00:00+00:00, run_after=2026-05-20 00:00:00+00:00
[2026-05-20T12:13:25.685+0000] {processor.py:208} INFO - Processing /opt/airflow/dags/submit_spark_dag.py took 0.149 seconds
[2026-05-20T12:13:55.869+0000] {processor.py:186} INFO - Started process (PID=7139) to work on /opt/airflow/dags/submit_spark_dag.py
[2026-05-20T12:13:55.874+0000] {processor.py:914} INFO - Processing file /opt/airflow/dags/submit_spark_dag.py for tasks to queue
[2026-05-20T12:13:55.875+0000] {logging_mixin.py:190} INFO - [2026-05-20T12:13:55.875+0000] {dagbag.py:588} INFO - Filling up the DagBag from /opt/airflow/dags/submit_spark_dag.py
[2026-05-20T12:13:55.894+0000] {processor.py:925} INFO - DAG(s) 'hello_spark' retrieved from /opt/airflow/dags/submit_spark_dag.py
[2026-05-20T12:13:56.048+0000] {logging_mixin.py:190} INFO - [2026-05-20T12:13:56.048+0000] {dag.py:3239} INFO - Sync 1 DAGs
[2026-05-20T12:13:56.092+0000] {logging_mixin.py:190} INFO - [2026-05-20T12:13:56.092+0000] {dag.py:4180} INFO - Setting next_dagrun for hello_spark to 2026-05-19 00:00:00+00:00, run_after=2026-05-20 00:00:00+00:00
[2026-05-20T12:13:56.123+0000] {processor.py:208} INFO - Processing /opt/airflow/dags/submit_spark_dag.py took 0.265 seconds
[2026-05-20T12:14:26.215+0000] {processor.py:186} INFO - Started process (PID=7153) to work on /opt/airflow/dags/submit_spark_dag.py
[2026-05-20T12:14:26.217+0000] {processor.py:914} INFO - Processing file /opt/airflow/dags/submit_spark_dag.py for tasks to queue
[2026-05-20T12:14:26.218+0000] {logging_mixin.py:190} INFO - [2026-05-20T12:14:26.218+0000] {dagbag.py:588} INFO - Filling up the DagBag from /opt/airflow/dags/submit_spark_dag.py
[2026-05-20T12:14:26.234+0000] {processor.py:925} INFO - DAG(s) 'hello_spark' retrieved from /opt/airflow/dags/submit_spark_dag.py
[2026-05-20T12:14:26.267+0000] {logging_mixin.py:190} INFO - [2026-05-20T12:14:26.267+0000] {dag.py:3239} INFO - Sync 1 DAGs
[2026-05-20T12:14:26.306+0000] {logging_mixin.py:190} INFO - [2026-05-20T12:14:26.306+0000] {dag.py:4180} INFO - Setting next_dagrun for hello_spark to 2026-05-19 00:00:00+00:00, run_after=2026-05-20 00:00:00+00:00
[2026-05-20T12:14:26.334+0000] {processor.py:208} INFO - Processing /opt/airflow/dags/submit_spark_dag.py took 0.132 seconds
[2026-05-20T12:14:56.760+0000] {processor.py:186} INFO - Started process (PID=7167) to work on /opt/airflow/dags/submit_spark_dag.py
[2026-05-20T12:14:56.762+0000] {processor.py:914} INFO - Processing file /opt/airflow/dags/submit_spark_dag.py for tasks to queue
[2026-05-20T12:14:56.763+0000] {logging_mixin.py:190} INFO - [2026-05-20T12:14:56.763+0000] {dagbag.py:588} INFO - Filling up the DagBag from /opt/airflow/dags/submit_spark_dag.py
[2026-05-20T12:14:56.791+0000] {processor.py:925} INFO - DAG(s) 'hello_spark' retrieved from /opt/airflow/dags/submit_spark_dag.py
[2026-05-20T12:14:56.852+0000] {logging_mixin.py:190} INFO - [2026-05-20T12:14:56.852+0000] {dag.py:3239} INFO - Sync 1 DAGs
[2026-05-20T12:14:56.902+0000] {logging_mixin.py:190} INFO - [2026-05-20T12:14:56.902+0000] {dag.py:4180} INFO - Setting next_dagrun for hello_spark to 2026-05-19 00:00:00+00:00, run_after=2026-05-20 00:00:00+00:00
[2026-05-20T12:14:56.932+0000] {processor.py:208} INFO - Processing /opt/airflow/dags/submit_spark_dag.py took 0.180 seconds
[2026-05-20T12:15:27.474+0000] {processor.py:186} INFO - Started process (PID=7182) to work on /opt/airflow/dags/submit_spark_dag.py
[2026-05-20T12:15:27.475+0000] {processor.py:914} INFO - Processing file /opt/airflow/dags/submit_spark_dag.py for tasks to queue
[2026-05-20T12:15:27.476+0000] {logging_mixin.py:190} INFO - [2026-05-20T12:15:27.475+0000] {dagbag.py:588} INFO - Filling up the DagBag from /opt/airflow/dags/submit_spark_dag.py
[2026-05-20T12:15:27.510+0000] {processor.py:925} INFO - DAG(s) 'hello_spark' retrieved from /opt/airflow/dags/submit_spark_dag.py
[2026-05-20T12:15:27.559+0000] {logging_mixin.py:190} INFO - [2026-05-20T12:15:27.559+0000] {dag.py:3239} INFO - Sync 1 DAGs
[2026-05-20T12:15:27.587+0000] {logging_mixin.py:190} INFO - [2026-05-20T12:15:27.587+0000] {dag.py:4180} INFO - Setting next_dagrun for hello_spark to 2026-05-19 00:00:00+00:00, run_after=2026-05-20 00:00:00+00:00
[2026-05-20T12:15:27.612+0000] {processor.py:208} INFO - Processing /opt/airflow/dags/submit_spark_dag.py took 0.156 seconds
[2026-05-20T12:15:58.014+0000] {processor.py:186} INFO - Started process (PID=7196) to work on /opt/airflow/dags/submit_spark_dag.py
[2026-05-20T12:15:58.018+0000] {processor.py:914} INFO - Processing file /opt/airflow/dags/submit_spark_dag.py for tasks to queue
[2026-05-20T12:15:58.021+0000] {logging_mixin.py:190} INFO - [2026-05-20T12:15:58.019+0000] {dagbag.py:588} INFO - Filling up the DagBag from /opt/airflow/dags/submit_spark_dag.py
[2026-05-20T12:15:58.038+0000] {processor.py:925} INFO - DAG(s) 'hello_spark' retrieved from /opt/airflow/dags/submit_spark_dag.py
[2026-05-20T12:15:58.080+0000] {logging_mixin.py:190} INFO - [2026-05-20T12:15:58.078+0000] {dag.py:3239} INFO - Sync 1 DAGs
[2026-05-20T12:15:58.124+0000] {logging_mixin.py:190} INFO - [2026-05-20T12:15:58.123+0000] {dag.py:4180} INFO - Setting next_dagrun for hello_spark to 2026-05-19 00:00:00+00:00, run_after=2026-05-20 00:00:00+00:00
[2026-05-20T12:15:58.164+0000] {processor.py:208} INFO - Processing /opt/airflow/dags/submit_spark_dag.py took 0.160 seconds
[2026-05-20T12:16:28.462+0000] {processor.py:186} INFO - Started process (PID=7209) to work on /opt/airflow/dags/submit_spark_dag.py
[2026-05-20T12:16:28.462+0000] {processor.py:914} INFO - Processing file /opt/airflow/dags/submit_spark_dag.py for tasks to queue
[2026-05-20T12:16:28.463+0000] {logging_mixin.py:190} INFO - [2026-05-20T12:16:28.463+0000] {dagbag.py:588} INFO - Filling up the DagBag from /opt/airflow/dags/submit_spark_dag.py
[2026-05-20T12:16:28.473+0000] {processor.py:925} INFO - DAG(s) 'hello_spark' retrieved from /opt/airflow/dags/submit_spark_dag.py
[2026-05-20T12:16:28.490+0000] {logging_mixin.py:190} INFO - [2026-05-20T12:16:28.490+0000] {dag.py:3239} INFO - Sync 1 DAGs
[2026-05-20T12:16:28.511+0000] {logging_mixin.py:190} INFO - [2026-05-20T12:16:28.511+0000] {dag.py:4180} INFO - Setting next_dagrun for hello_spark to 2026-05-19 00:00:00+00:00, run_after=2026-05-20 00:00:00+00:00
[2026-05-20T12:16:28.526+0000] {processor.py:208} INFO - Processing /opt/airflow/dags/submit_spark_dag.py took 0.077 seconds
[2026-05-20T12:16:59.320+0000] {processor.py:186} INFO - Started process (PID=7224) to work on /opt/airflow/dags/submit_spark_dag.py
[2026-05-20T12:16:59.321+0000] {processor.py:914} INFO - Processing file /opt/airflow/dags/submit_spark_dag.py for tasks to queue
[2026-05-20T12:16:59.322+0000] {logging_mixin.py:190} INFO - [2026-05-20T12:16:59.322+0000] {dagbag.py:588} INFO - Filling up the DagBag from /opt/airflow/dags/submit_spark_dag.py
[2026-05-20T12:16:59.330+0000] {processor.py:925} INFO - DAG(s) 'hello_spark' retrieved from /opt/airflow/dags/submit_spark_dag.py
[2026-05-20T12:16:59.353+0000] {logging_mixin.py:190} INFO - [2026-05-20T12:16:59.352+0000] {dag.py:3239} INFO - Sync 1 DAGs
[2026-05-20T12:16:59.374+0000] {logging_mixin.py:190} INFO - [2026-05-20T12:16:59.374+0000] {dag.py:4180} INFO - Setting next_dagrun for hello_spark to 2026-05-19 00:00:00+00:00, run_after=2026-05-20 00:00:00+00:00
[2026-05-20T12:16:59.390+0000] {processor.py:208} INFO - Processing /opt/airflow/dags/submit_spark_dag.py took 0.075 seconds
[2026-05-20T12:17:29.691+0000] {processor.py:186} INFO - Started process (PID=7237) to work on /opt/airflow/dags/submit_spark_dag.py
[2026-05-20T12:17:29.692+0000] {processor.py:914} INFO - Processing file /opt/airflow/dags/submit_spark_dag.py for tasks to queue
[2026-05-20T12:17:29.694+0000] {logging_mixin.py:190} INFO - [2026-05-20T12:17:29.693+0000] {dagbag.py:588} INFO - Filling up the DagBag from /opt/airflow/dags/submit_spark_dag.py
[2026-05-20T12:17:29.701+0000] {processor.py:925} INFO - DAG(s) 'hello_spark' retrieved from /opt/airflow/dags/submit_spark_dag.py
[2026-05-20T12:17:29.718+0000] {logging_mixin.py:190} INFO - [2026-05-20T12:17:29.717+0000] {dag.py:3239} INFO - Sync 1 DAGs
[2026-05-20T12:17:29.737+0000] {logging_mixin.py:190} INFO - [2026-05-20T12:17:29.737+0000] {dag.py:4180} INFO - Setting next_dagrun for hello_spark to 2026-05-19 00:00:00+00:00, run_after=2026-05-20 00:00:00+00:00
[2026-05-20T12:17:29.756+0000] {processor.py:208} INFO - Processing /opt/airflow/dags/submit_spark_dag.py took 0.069 seconds
[2026-05-20T12:18:00.306+0000] {processor.py:186} INFO - Started process (PID=7251) to work on /opt/airflow/dags/submit_spark_dag.py
[2026-05-20T12:18:00.308+0000] {processor.py:914} INFO - Processing file /opt/airflow/dags/submit_spark_dag.py for tasks to queue
[2026-05-20T12:18:00.309+0000] {logging_mixin.py:190} INFO - [2026-05-20T12:18:00.308+0000] {dagbag.py:588} INFO - Filling up the DagBag from /opt/airflow/dags/submit_spark_dag.py
[2026-05-20T12:18:00.315+0000] {processor.py:925} INFO - DAG(s) 'hello_spark' retrieved from /opt/airflow/dags/submit_spark_dag.py
[2026-05-20T12:18:00.331+0000] {logging_mixin.py:190} INFO - [2026-05-20T12:18:00.331+0000] {dag.py:3239} INFO - Sync 1 DAGs
[2026-05-20T12:18:00.349+0000] {logging_mixin.py:190} INFO - [2026-05-20T12:18:00.349+0000] {dag.py:4180} INFO - Setting next_dagrun for hello_spark to 2026-05-19 00:00:00+00:00, run_after=2026-05-20 00:00:00+00:00
[2026-05-20T12:18:00.361+0000] {processor.py:208} INFO - Processing /opt/airflow/dags/submit_spark_dag.py took 0.060 seconds
[2026-05-20T12:18:30.926+0000] {processor.py:186} INFO - Started process (PID=7265) to work on /opt/airflow/dags/submit_spark_dag.py
[2026-05-20T12:18:30.927+0000] {processor.py:914} INFO - Processing file /opt/airflow/dags/submit_spark_dag.py for tasks to queue
[2026-05-20T12:18:30.928+0000] {logging_mixin.py:190} INFO - [2026-05-20T12:18:30.928+0000] {dagbag.py:588} INFO - Filling up the DagBag from /opt/airflow/dags/submit_spark_dag.py
[2026-05-20T12:18:30.939+0000] {processor.py:925} INFO - DAG(s) 'hello_spark' retrieved from /opt/airflow/dags/submit_spark_dag.py
[2026-05-20T12:18:30.954+0000] {logging_mixin.py:190} INFO - [2026-05-20T12:18:30.954+0000] {dag.py:3239} INFO - Sync 1 DAGs
[2026-05-20T12:18:30.971+0000] {logging_mixin.py:190} INFO - [2026-05-20T12:18:30.971+0000] {dag.py:4180} INFO - Setting next_dagrun for hello_spark to 2026-05-19 00:00:00+00:00, run_after=2026-05-20 00:00:00+00:00
[2026-05-20T12:18:30.983+0000] {processor.py:208} INFO - Processing /opt/airflow/dags/submit_spark_dag.py took 0.064 seconds
[2026-05-20T12:19:01.546+0000] {processor.py:186} INFO - Started process (PID=7278) to work on /opt/airflow/dags/submit_spark_dag.py
[2026-05-20T12:19:01.548+0000] {processor.py:914} INFO - Processing file /opt/airflow/dags/submit_spark_dag.py for tasks to queue
[2026-05-20T12:19:01.549+0000] {logging_mixin.py:190} INFO - [2026-05-20T12:19:01.549+0000] {dagbag.py:588} INFO - Filling up the DagBag from /opt/airflow/dags/submit_spark_dag.py
[2026-05-20T12:19:01.556+0000] {processor.py:925} INFO - DAG(s) 'hello_spark' retrieved from /opt/airflow/dags/submit_spark_dag.py
[2026-05-20T12:19:01.574+0000] {logging_mixin.py:190} INFO - [2026-05-20T12:19:01.574+0000] {dag.py:3239} INFO - Sync 1 DAGs
[2026-05-20T12:19:01.592+0000] {logging_mixin.py:190} INFO - [2026-05-20T12:19:01.592+0000] {dag.py:4180} INFO - Setting next_dagrun for hello_spark to 2026-05-19 00:00:00+00:00, run_after=2026-05-20 00:00:00+00:00
[2026-05-20T12:19:01.605+0000] {processor.py:208} INFO - Processing /opt/airflow/dags/submit_spark_dag.py took 0.064 seconds
[2026-05-20T12:19:32.193+0000] {processor.py:186} INFO - Started process (PID=7293) to work on /opt/airflow/dags/submit_spark_dag.py
[2026-05-20T12:19:32.194+0000] {processor.py:914} INFO - Processing file /opt/airflow/dags/submit_spark_dag.py for tasks to queue
[2026-05-20T12:19:32.195+0000] {logging_mixin.py:190} INFO - [2026-05-20T12:19:32.195+0000] {dagbag.py:588} INFO - Filling up the DagBag from /opt/airflow/dags/submit_spark_dag.py
[2026-05-20T12:19:32.205+0000] {processor.py:925} INFO - DAG(s) 'hello_spark' retrieved from /opt/airflow/dags/submit_spark_dag.py
[2026-05-20T12:19:32.222+0000] {logging_mixin.py:190} INFO - [2026-05-20T12:19:32.222+0000] {dag.py:3239} INFO - Sync 1 DAGs
[2026-05-20T12:19:32.242+0000] {logging_mixin.py:190} INFO - [2026-05-20T12:19:32.242+0000] {dag.py:4180} INFO - Setting next_dagrun for hello_spark to 2026-05-19 00:00:00+00:00, run_after=2026-05-20 00:00:00+00:00
[2026-05-20T12:19:32.257+0000] {processor.py:208} INFO - Processing /opt/airflow/dags/submit_spark_dag.py took 0.069 seconds
[2026-05-20T12:20:02.835+0000] {processor.py:186} INFO - Started process (PID=7307) to work on /opt/airflow/dags/submit_spark_dag.py
[2026-05-20T12:20:02.838+0000] {processor.py:914} INFO - Processing file /opt/airflow/dags/submit_spark_dag.py for tasks to queue
[2026-05-20T12:20:02.839+0000] {logging_mixin.py:190} INFO - [2026-05-20T12:20:02.838+0000] {dagbag.py:588} INFO - Filling up the DagBag from /opt/airflow/dags/submit_spark_dag.py
[2026-05-20T12:20:02.845+0000] {processor.py:925} INFO - DAG(s) 'hello_spark' retrieved from /opt/airflow/dags/submit_spark_dag.py
[2026-05-20T12:20:02.871+0000] {logging_mixin.py:190} INFO - [2026-05-20T12:20:02.871+0000] {dag.py:3239} INFO - Sync 1 DAGs
[2026-05-20T12:20:02.891+0000] {logging_mixin.py:190} INFO - [2026-05-20T12:20:02.891+0000] {dag.py:4180} INFO - Setting next_dagrun for hello_spark to 2026-05-19 00:00:00+00:00, run_after=2026-05-20 00:00:00+00:00
[2026-05-20T12:20:02.906+0000] {processor.py:208} INFO - Processing /opt/airflow/dags/submit_spark_dag.py took 0.075 seconds
[2026-05-20T12:20:33.186+0000] {processor.py:186} INFO - Started process (PID=7322) to work on /opt/airflow/dags/submit_spark_dag.py
[2026-05-20T12:20:33.187+0000] {processor.py:914} INFO - Processing file /opt/airflow/dags/submit_spark_dag.py for tasks to queue
[2026-05-20T12:20:33.188+0000] {logging_mixin.py:190} INFO - [2026-05-20T12:20:33.188+0000] {dagbag.py:588} INFO - Filling up the DagBag from /opt/airflow/dags/submit_spark_dag.py
[2026-05-20T12:20:33.195+0000] {processor.py:925} INFO - DAG(s) 'hello_spark' retrieved from /opt/airflow/dags/submit_spark_dag.py
[2026-05-20T12:20:33.210+0000] {logging_mixin.py:190} INFO - [2026-05-20T12:20:33.210+0000] {dag.py:3239} INFO - Sync 1 DAGs
[2026-05-20T12:20:33.227+0000] {logging_mixin.py:190} INFO - [2026-05-20T12:20:33.227+0000] {dag.py:4180} INFO - Setting next_dagrun for hello_spark to 2026-05-19 00:00:00+00:00, run_after=2026-05-20 00:00:00+00:00
[2026-05-20T12:20:33.240+0000] {processor.py:208} INFO - Processing /opt/airflow/dags/submit_spark_dag.py took 0.058 seconds
[2026-05-20T12:21:03.837+0000] {processor.py:186} INFO - Started process (PID=7335) to work on /opt/airflow/dags/submit_spark_dag.py
[2026-05-20T12:21:03.839+0000] {processor.py:914} INFO - Processing file /opt/airflow/dags/submit_spark_dag.py for tasks to queue
[2026-05-20T12:21:03.839+0000] {logging_mixin.py:190} INFO - [2026-05-20T12:21:03.839+0000] {dagbag.py:588} INFO - Filling up the DagBag from /opt/airflow/dags/submit_spark_dag.py
[2026-05-20T12:21:03.846+0000] {processor.py:925} INFO - DAG(s) 'hello_spark' retrieved from /opt/airflow/dags/submit_spark_dag.py
[2026-05-20T12:21:03.863+0000] {logging_mixin.py:190} INFO - [2026-05-20T12:21:03.863+0000] {dag.py:3239} INFO - Sync 1 DAGs
[2026-05-20T12:21:03.881+0000] {logging_mixin.py:190} INFO - [2026-05-20T12:21:03.881+0000] {dag.py:4180} INFO - Setting next_dagrun for hello_spark to 2026-05-19 00:00:00+00:00, run_after=2026-05-20 00:00:00+00:00
[2026-05-20T12:21:03.895+0000] {processor.py:208} INFO - Processing /opt/airflow/dags/submit_spark_dag.py took 0.063 seconds
[2026-05-20T12:21:34.476+0000] {processor.py:186} INFO - Started process (PID=7349) to work on /opt/airflow/dags/submit_spark_dag.py
[2026-05-20T12:21:34.477+0000] {processor.py:914} INFO - Processing file /opt/airflow/dags/submit_spark_dag.py for tasks to queue
[2026-05-20T12:21:34.480+0000] {logging_mixin.py:190} INFO - [2026-05-20T12:21:34.480+0000] {dagbag.py:588} INFO - Filling up the DagBag from /opt/airflow/dags/submit_spark_dag.py
[2026-05-20T12:21:34.498+0000] {processor.py:925} INFO - DAG(s) 'hello_spark' retrieved from /opt/airflow/dags/submit_spark_dag.py
[2026-05-20T12:21:34.530+0000] {logging_mixin.py:190} INFO - [2026-05-20T12:21:34.530+0000] {dag.py:3239} INFO - Sync 1 DAGs
[2026-05-20T12:21:34.556+0000] {logging_mixin.py:190} INFO - [2026-05-20T12:21:34.556+0000] {dag.py:4180} INFO - Setting next_dagrun for hello_spark to 2026-05-19 00:00:00+00:00, run_after=2026-05-20 00:00:00+00:00
[2026-05-20T12:21:34.570+0000] {processor.py:208} INFO - Processing /opt/airflow/dags/submit_spark_dag.py took 0.098 seconds
[2026-05-20T12:22:05.004+0000] {processor.py:186} INFO - Started process (PID=7370) to work on /opt/airflow/dags/submit_spark_dag.py
[2026-05-20T12:22:05.005+0000] {processor.py:914} INFO - Processing file /opt/airflow/dags/submit_spark_dag.py for tasks to queue
[2026-05-20T12:22:05.006+0000] {logging_mixin.py:190} INFO - [2026-05-20T12:22:05.005+0000] {dagbag.py:588} INFO - Filling up the DagBag from /opt/airflow/dags/submit_spark_dag.py
[2026-05-20T12:22:05.012+0000] {processor.py:925} INFO - DAG(s) 'hello_spark' retrieved from /opt/airflow/dags/submit_spark_dag.py
[2026-05-20T12:22:05.030+0000] {logging_mixin.py:190} INFO - [2026-05-20T12:22:05.030+0000] {dag.py:3239} INFO - Sync 1 DAGs
[2026-05-20T12:22:05.048+0000] {logging_mixin.py:190} INFO - [2026-05-20T12:22:05.048+0000] {dag.py:4180} INFO - Setting next_dagrun for hello_spark to 2026-05-19 00:00:00+00:00, run_after=2026-05-20 00:00:00+00:00
[2026-05-20T12:22:05.062+0000] {processor.py:208} INFO - Processing /opt/airflow/dags/submit_spark_dag.py took 0.062 seconds
[2026-05-20T12:22:35.565+0000] {processor.py:186} INFO - Started process (PID=7385) to work on /opt/airflow/dags/submit_spark_dag.py
[2026-05-20T12:22:35.566+0000] {processor.py:914} INFO - Processing file /opt/airflow/dags/submit_spark_dag.py for tasks to queue
[2026-05-20T12:22:35.567+0000] {logging_mixin.py:190} INFO - [2026-05-20T12:22:35.567+0000] {dagbag.py:588} INFO - Filling up the DagBag from /opt/airflow/dags/submit_spark_dag.py
[2026-05-20T12:22:35.577+0000] {processor.py:925} INFO - DAG(s) 'hello_spark' retrieved from /opt/airflow/dags/submit_spark_dag.py
[2026-05-20T12:22:35.597+0000] {logging_mixin.py:190} INFO - [2026-05-20T12:22:35.597+0000] {dag.py:3239} INFO - Sync 1 DAGs
[2026-05-20T12:22:35.615+0000] {logging_mixin.py:190} INFO - [2026-05-20T12:22:35.615+0000] {dag.py:4180} INFO - Setting next_dagrun for hello_spark to 2026-05-19 00:00:00+00:00, run_after=2026-05-20 00:00:00+00:00
[2026-05-20T12:22:35.628+0000] {processor.py:208} INFO - Processing /opt/airflow/dags/submit_spark_dag.py took 0.071 seconds
[2026-05-20T12:23:06.188+0000] {processor.py:186} INFO - Started process (PID=7399) to work on /opt/airflow/dags/submit_spark_dag.py
[2026-05-20T12:23:06.189+0000] {processor.py:914} INFO - Processing file /opt/airflow/dags/submit_spark_dag.py for tasks to queue
[2026-05-20T12:23:06.189+0000] {logging_mixin.py:190} INFO - [2026-05-20T12:23:06.189+0000] {dagbag.py:588} INFO - Filling up the DagBag from /opt/airflow/dags/submit_spark_dag.py
[2026-05-20T12:23:06.196+0000] {processor.py:925} INFO - DAG(s) 'hello_spark' retrieved from /opt/airflow/dags/submit_spark_dag.py
[2026-05-20T12:23:06.214+0000] {logging_mixin.py:190} INFO - [2026-05-20T12:23:06.214+0000] {dag.py:3239} INFO - Sync 1 DAGs
[2026-05-20T12:23:06.232+0000] {logging_mixin.py:190} INFO - [2026-05-20T12:23:06.232+0000] {dag.py:4180} INFO - Setting next_dagrun for hello_spark to 2026-05-19 00:00:00+00:00, run_after=2026-05-20 00:00:00+00:00
[2026-05-20T12:23:06.245+0000] {processor.py:208} INFO - Processing /opt/airflow/dags/submit_spark_dag.py took 0.062 seconds
[2026-05-20T12:23:36.854+0000] {processor.py:186} INFO - Started process (PID=7412) to work on /opt/airflow/dags/submit_spark_dag.py
[2026-05-20T12:23:36.855+0000] {processor.py:914} INFO - Processing file /opt/airflow/dags/submit_spark_dag.py for tasks to queue
[2026-05-20T12:23:36.856+0000] {logging_mixin.py:190} INFO - [2026-05-20T12:23:36.856+0000] {dagbag.py:588} INFO - Filling up the DagBag from /opt/airflow/dags/submit_spark_dag.py
[2026-05-20T12:23:36.870+0000] {processor.py:925} INFO - DAG(s) 'hello_spark' retrieved from /opt/airflow/dags/submit_spark_dag.py
[2026-05-20T12:23:36.890+0000] {logging_mixin.py:190} INFO - [2026-05-20T12:23:36.890+0000] {dag.py:3239} INFO - Sync 1 DAGs
[2026-05-20T12:23:36.908+0000] {logging_mixin.py:190} INFO - [2026-05-20T12:23:36.907+0000] {dag.py:4180} INFO - Setting next_dagrun for hello_spark to 2026-05-19 00:00:00+00:00, run_after=2026-05-20 00:00:00+00:00
[2026-05-20T12:23:36.919+0000] {processor.py:208} INFO - Processing /opt/airflow/dags/submit_spark_dag.py took 0.072 seconds
[2026-05-20T12:24:07.469+0000] {processor.py:186} INFO - Started process (PID=7426) to work on /opt/airflow/dags/submit_spark_dag.py
[2026-05-20T12:24:07.472+0000] {processor.py:914} INFO - Processing file /opt/airflow/dags/submit_spark_dag.py for tasks to queue
[2026-05-20T12:24:07.473+0000] {logging_mixin.py:190} INFO - [2026-05-20T12:24:07.472+0000] {dagbag.py:588} INFO - Filling up the DagBag from /opt/airflow/dags/submit_spark_dag.py
[2026-05-20T12:24:07.484+0000] {processor.py:925} INFO - DAG(s) 'hello_spark' retrieved from /opt/airflow/dags/submit_spark_dag.py
[2026-05-20T12:24:07.498+0000] {logging_mixin.py:190} INFO - [2026-05-20T12:24:07.497+0000] {dag.py:3239} INFO - Sync 1 DAGs
[2026-05-20T12:24:07.515+0000] {logging_mixin.py:190} INFO - [2026-05-20T12:24:07.515+0000] {dag.py:4180} INFO - Setting next_dagrun for hello_spark to 2026-05-19 00:00:00+00:00, run_after=2026-05-20 00:00:00+00:00
[2026-05-20T12:24:07.527+0000] {processor.py:208} INFO - Processing /opt/airflow/dags/submit_spark_dag.py took 0.063 seconds
[2026-05-20T12:24:38.069+0000] {processor.py:186} INFO - Started process (PID=7439) to work on /opt/airflow/dags/submit_spark_dag.py
[2026-05-20T12:24:38.070+0000] {processor.py:914} INFO - Processing file /opt/airflow/dags/submit_spark_dag.py for tasks to queue
[2026-05-20T12:24:38.070+0000] {logging_mixin.py:190} INFO - [2026-05-20T12:24:38.070+0000] {dagbag.py:588} INFO - Filling up the DagBag from /opt/airflow/dags/submit_spark_dag.py
[2026-05-20T12:24:38.077+0000] {processor.py:925} INFO - DAG(s) 'hello_spark' retrieved from /opt/airflow/dags/submit_spark_dag.py
[2026-05-20T12:24:38.095+0000] {logging_mixin.py:190} INFO - [2026-05-20T12:24:38.095+0000] {dag.py:3239} INFO - Sync 1 DAGs
[2026-05-20T12:24:38.113+0000] {logging_mixin.py:190} INFO - [2026-05-20T12:24:38.113+0000] {dag.py:4180} INFO - Setting next_dagrun for hello_spark to 2026-05-19 00:00:00+00:00, run_after=2026-05-20 00:00:00+00:00
[2026-05-20T12:24:38.126+0000] {processor.py:208} INFO - Processing /opt/airflow/dags/submit_spark_dag.py took 0.062 seconds
[2026-05-20T12:25:08.637+0000] {processor.py:186} INFO - Started process (PID=7452) to work on /opt/airflow/dags/submit_spark_dag.py
[2026-05-20T12:25:08.638+0000] {processor.py:914} INFO - Processing file /opt/airflow/dags/submit_spark_dag.py for tasks to queue
[2026-05-20T12:25:08.639+0000] {logging_mixin.py:190} INFO - [2026-05-20T12:25:08.639+0000] {dagbag.py:588} INFO - Filling up the DagBag from /opt/airflow/dags/submit_spark_dag.py
[2026-05-20T12:25:08.645+0000] {processor.py:925} INFO - DAG(s) 'hello_spark' retrieved from /opt/airflow/dags/submit_spark_dag.py
[2026-05-20T12:25:08.663+0000] {logging_mixin.py:190} INFO - [2026-05-20T12:25:08.663+0000] {dag.py:3239} INFO - Sync 1 DAGs
[2026-05-20T12:25:08.684+0000] {logging_mixin.py:190} INFO - [2026-05-20T12:25:08.684+0000] {dag.py:4180} INFO - Setting next_dagrun for hello_spark to 2026-05-19 00:00:00+00:00, run_after=2026-05-20 00:00:00+00:00
[2026-05-20T12:25:08.696+0000] {processor.py:208} INFO - Processing /opt/airflow/dags/submit_spark_dag.py took 0.063 seconds
[2026-05-20T12:25:39.238+0000] {processor.py:186} INFO - Started process (PID=7467) to work on /opt/airflow/dags/submit_spark_dag.py
[2026-05-20T12:25:39.239+0000] {processor.py:914} INFO - Processing file /opt/airflow/dags/submit_spark_dag.py for tasks to queue
[2026-05-20T12:25:39.240+0000] {logging_mixin.py:190} INFO - [2026-05-20T12:25:39.240+0000] {dagbag.py:588} INFO - Filling up the DagBag from /opt/airflow/dags/submit_spark_dag.py
[2026-05-20T12:25:39.251+0000] {processor.py:925} INFO - DAG(s) 'hello_spark' retrieved from /opt/airflow/dags/submit_spark_dag.py
[2026-05-20T12:25:39.269+0000] {logging_mixin.py:190} INFO - [2026-05-20T12:25:39.269+0000] {dag.py:3239} INFO - Sync 1 DAGs
[2026-05-20T12:25:39.287+0000] {logging_mixin.py:190} INFO - [2026-05-20T12:25:39.286+0000] {dag.py:4180} INFO - Setting next_dagrun for hello_spark to 2026-05-19 00:00:00+00:00, run_after=2026-05-20 00:00:00+00:00
[2026-05-20T12:25:39.299+0000] {processor.py:208} INFO - Processing /opt/airflow/dags/submit_spark_dag.py took 0.069 seconds
[2026-05-20T12:26:09.977+0000] {processor.py:186} INFO - Started process (PID=7482) to work on /opt/airflow/dags/submit_spark_dag.py
[2026-05-20T12:26:09.978+0000] {processor.py:914} INFO - Processing file /opt/airflow/dags/submit_spark_dag.py for tasks to queue
[2026-05-20T12:26:09.979+0000] {logging_mixin.py:190} INFO - [2026-05-20T12:26:09.979+0000] {dagbag.py:588} INFO - Filling up the DagBag from /opt/airflow/dags/submit_spark_dag.py
[2026-05-20T12:26:09.988+0000] {processor.py:925} INFO - DAG(s) 'hello_spark' retrieved from /opt/airflow/dags/submit_spark_dag.py
[2026-05-20T12:26:10.005+0000] {logging_mixin.py:190} INFO - [2026-05-20T12:26:10.005+0000] {dag.py:3239} INFO - Sync 1 DAGs
[2026-05-20T12:26:10.022+0000] {logging_mixin.py:190} INFO - [2026-05-20T12:26:10.022+0000] {dag.py:4180} INFO - Setting next_dagrun for hello_spark to 2026-05-19 00:00:00+00:00, run_after=2026-05-20 00:00:00+00:00
[2026-05-20T12:26:10.035+0000] {processor.py:208} INFO - Processing /opt/airflow/dags/submit_spark_dag.py took 0.067 seconds
[2026-05-20T12:26:40.564+0000] {processor.py:186} INFO - Started process (PID=7496) to work on /opt/airflow/dags/submit_spark_dag.py
[2026-05-20T12:26:40.564+0000] {processor.py:914} INFO - Processing file /opt/airflow/dags/submit_spark_dag.py for tasks to queue
[2026-05-20T12:26:40.565+0000] {logging_mixin.py:190} INFO - [2026-05-20T12:26:40.565+0000] {dagbag.py:588} INFO - Filling up the DagBag from /opt/airflow/dags/submit_spark_dag.py
[2026-05-20T12:26:40.572+0000] {processor.py:925} INFO - DAG(s) 'hello_spark' retrieved from /opt/airflow/dags/submit_spark_dag.py
[2026-05-20T12:26:40.590+0000] {logging_mixin.py:190} INFO - [2026-05-20T12:26:40.590+0000] {dag.py:3239} INFO - Sync 1 DAGs
[2026-05-20T12:26:40.608+0000] {logging_mixin.py:190} INFO - [2026-05-20T12:26:40.608+0000] {dag.py:4180} INFO - Setting next_dagrun for hello_spark to 2026-05-19 00:00:00+00:00, run_after=2026-05-20 00:00:00+00:00
[2026-05-20T12:26:40.621+0000] {processor.py:208} INFO - Processing /opt/airflow/dags/submit_spark_dag.py took 0.062 seconds
[2026-05-20T12:27:11.183+0000] {processor.py:186} INFO - Started process (PID=7512) to work on /opt/airflow/dags/submit_spark_dag.py
[2026-05-20T12:27:11.185+0000] {processor.py:914} INFO - Processing file /opt/airflow/dags/submit_spark_dag.py for tasks to queue
[2026-05-20T12:27:11.186+0000] {logging_mixin.py:190} INFO - [2026-05-20T12:27:11.185+0000] {dagbag.py:588} INFO - Filling up the DagBag from /opt/airflow/dags/submit_spark_dag.py
[2026-05-20T12:27:11.194+0000] {processor.py:925} INFO - DAG(s) 'hello_spark' retrieved from /opt/airflow/dags/submit_spark_dag.py
[2026-05-20T12:27:11.211+0000] {logging_mixin.py:190} INFO - [2026-05-20T12:27:11.211+0000] {dag.py:3239} INFO - Sync 1 DAGs
[2026-05-20T12:27:11.230+0000] {logging_mixin.py:190} INFO - [2026-05-20T12:27:11.230+0000] {dag.py:4180} INFO - Setting next_dagrun for hello_spark to 2026-05-19 00:00:00+00:00, run_after=2026-05-20 00:00:00+00:00
[2026-05-20T12:27:11.244+0000] {processor.py:208} INFO - Processing /opt/airflow/dags/submit_spark_dag.py took 0.066 seconds
[2026-05-20T12:27:41.867+0000] {processor.py:186} INFO - Started process (PID=7527) to work on /opt/airflow/dags/submit_spark_dag.py
[2026-05-20T12:27:41.868+0000] {processor.py:914} INFO - Processing file /opt/airflow/dags/submit_spark_dag.py for tasks to queue
[2026-05-20T12:27:41.869+0000] {logging_mixin.py:190} INFO - [2026-05-20T12:27:41.869+0000] {dagbag.py:588} INFO - Filling up the DagBag from /opt/airflow/dags/submit_spark_dag.py
[2026-05-20T12:27:41.878+0000] {processor.py:925} INFO - DAG(s) 'hello_spark' retrieved from /opt/airflow/dags/submit_spark_dag.py
[2026-05-20T12:27:41.905+0000] {logging_mixin.py:190} INFO - [2026-05-20T12:27:41.904+0000] {dag.py:3239} INFO - Sync 1 DAGs
[2026-05-20T12:27:41.928+0000] {logging_mixin.py:190} INFO - [2026-05-20T12:27:41.928+0000] {dag.py:4180} INFO - Setting next_dagrun for hello_spark to 2026-05-19 00:00:00+00:00, run_after=2026-05-20 00:00:00+00:00
[2026-05-20T12:27:41.944+0000] {processor.py:208} INFO - Processing /opt/airflow/dags/submit_spark_dag.py took 0.083 seconds
[2026-05-20T12:28:12.411+0000] {processor.py:186} INFO - Started process (PID=7541) to work on /opt/airflow/dags/submit_spark_dag.py
[2026-05-20T12:28:12.412+0000] {processor.py:914} INFO - Processing file /opt/airflow/dags/submit_spark_dag.py for tasks to queue
[2026-05-20T12:28:12.413+0000] {logging_mixin.py:190} INFO - [2026-05-20T12:28:12.413+0000] {dagbag.py:588} INFO - Filling up the DagBag from /opt/airflow/dags/submit_spark_dag.py
[2026-05-20T12:28:12.420+0000] {processor.py:925} INFO - DAG(s) 'hello_spark' retrieved from /opt/airflow/dags/submit_spark_dag.py
[2026-05-20T12:28:12.438+0000] {logging_mixin.py:190} INFO - [2026-05-20T12:28:12.438+0000] {dag.py:3239} INFO - Sync 1 DAGs
[2026-05-20T12:28:12.458+0000] {logging_mixin.py:190} INFO - [2026-05-20T12:28:12.458+0000] {dag.py:4180} INFO - Setting next_dagrun for hello_spark to 2026-05-19 00:00:00+00:00, run_after=2026-05-20 00:00:00+00:00
[2026-05-20T12:28:12.472+0000] {processor.py:208} INFO - Processing /opt/airflow/dags/submit_spark_dag.py took 0.065 seconds
[2026-05-20T12:28:43.004+0000] {processor.py:186} INFO - Started process (PID=7556) to work on /opt/airflow/dags/submit_spark_dag.py
[2026-05-20T12:28:43.005+0000] {processor.py:914} INFO - Processing file /opt/airflow/dags/submit_spark_dag.py for tasks to queue
[2026-05-20T12:28:43.005+0000] {logging_mixin.py:190} INFO - [2026-05-20T12:28:43.005+0000] {dagbag.py:588} INFO - Filling up the DagBag from /opt/airflow/dags/submit_spark_dag.py
[2026-05-20T12:28:43.013+0000] {processor.py:925} INFO - DAG(s) 'hello_spark' retrieved from /opt/airflow/dags/submit_spark_dag.py
[2026-05-20T12:28:43.029+0000] {logging_mixin.py:190} INFO - [2026-05-20T12:28:43.029+0000] {dag.py:3239} INFO - Sync 1 DAGs
[2026-05-20T12:28:43.048+0000] {logging_mixin.py:190} INFO - [2026-05-20T12:28:43.048+0000] {dag.py:4180} INFO - Setting next_dagrun for hello_spark to 2026-05-19 00:00:00+00:00, run_after=2026-05-20 00:00:00+00:00
[2026-05-20T12:28:43.061+0000] {processor.py:208} INFO - Processing /opt/airflow/dags/submit_spark_dag.py took 0.061 seconds
[2026-05-20T12:29:13.647+0000] {processor.py:186} INFO - Started process (PID=7570) to work on /opt/airflow/dags/submit_spark_dag.py
[2026-05-20T12:29:13.647+0000] {processor.py:914} INFO - Processing file /opt/airflow/dags/submit_spark_dag.py for tasks to queue
[2026-05-20T12:29:13.648+0000] {logging_mixin.py:190} INFO - [2026-05-20T12:29:13.648+0000] {dagbag.py:588} INFO - Filling up the DagBag from /opt/airflow/dags/submit_spark_dag.py
[2026-05-20T12:29:13.658+0000] {processor.py:925} INFO - DAG(s) 'hello_spark' retrieved from /opt/airflow/dags/submit_spark_dag.py
[2026-05-20T12:29:13.676+0000] {logging_mixin.py:190} INFO - [2026-05-20T12:29:13.675+0000] {dag.py:3239} INFO - Sync 1 DAGs
[2026-05-20T12:29:13.695+0000] {logging_mixin.py:190} INFO - [2026-05-20T12:29:13.694+0000] {dag.py:4180} INFO - Setting next_dagrun for hello_spark to 2026-05-19 00:00:00+00:00, run_after=2026-05-20 00:00:00+00:00
[2026-05-20T12:29:13.708+0000] {processor.py:208} INFO - Processing /opt/airflow/dags/submit_spark_dag.py took 0.067 seconds
[2026-05-20T12:29:44.164+0000] {processor.py:186} INFO - Started process (PID=7584) to work on /opt/airflow/dags/submit_spark_dag.py
[2026-05-20T12:29:44.164+0000] {processor.py:914} INFO - Processing file /opt/airflow/dags/submit_spark_dag.py for tasks to queue
[2026-05-20T12:29:44.165+0000] {logging_mixin.py:190} INFO - [2026-05-20T12:29:44.165+0000] {dagbag.py:588} INFO - Filling up the DagBag from /opt/airflow/dags/submit_spark_dag.py
[2026-05-20T12:29:44.172+0000] {processor.py:925} INFO - DAG(s) 'hello_spark' retrieved from /opt/airflow/dags/submit_spark_dag.py
[2026-05-20T12:29:44.191+0000] {logging_mixin.py:190} INFO - [2026-05-20T12:29:44.191+0000] {dag.py:3239} INFO - Sync 1 DAGs
[2026-05-20T12:29:44.212+0000] {logging_mixin.py:190} INFO - [2026-05-20T12:29:44.212+0000] {dag.py:4180} INFO - Setting next_dagrun for hello_spark to 2026-05-19 00:00:00+00:00, run_after=2026-05-20 00:00:00+00:00
[2026-05-20T12:29:44.228+0000] {processor.py:208} INFO - Processing /opt/airflow/dags/submit_spark_dag.py took 0.069 seconds
[2026-05-20T12:30:14.773+0000] {processor.py:186} INFO - Started process (PID=7598) to work on /opt/airflow/dags/submit_spark_dag.py
[2026-05-20T12:30:14.774+0000] {processor.py:914} INFO - Processing file /opt/airflow/dags/submit_spark_dag.py for tasks to queue
[2026-05-20T12:30:14.775+0000] {logging_mixin.py:190} INFO - [2026-05-20T12:30:14.775+0000] {dagbag.py:588} INFO - Filling up the DagBag from /opt/airflow/dags/submit_spark_dag.py
[2026-05-20T12:30:14.782+0000] {processor.py:925} INFO - DAG(s) 'hello_spark' retrieved from /opt/airflow/dags/submit_spark_dag.py
[2026-05-20T12:30:14.800+0000] {logging_mixin.py:190} INFO - [2026-05-20T12:30:14.799+0000] {dag.py:3239} INFO - Sync 1 DAGs
[2026-05-20T12:30:14.819+0000] {logging_mixin.py:190} INFO - [2026-05-20T12:30:14.819+0000] {dag.py:4180} INFO - Setting next_dagrun for hello_spark to 2026-05-19 00:00:00+00:00, run_after=2026-05-20 00:00:00+00:00
[2026-05-20T12:30:14.832+0000] {processor.py:208} INFO - Processing /opt/airflow/dags/submit_spark_dag.py took 0.063 seconds
[2026-05-20T12:30:45.379+0000] {processor.py:186} INFO - Started process (PID=7612) to work on /opt/airflow/dags/submit_spark_dag.py
[2026-05-20T12:30:45.379+0000] {processor.py:914} INFO - Processing file /opt/airflow/dags/submit_spark_dag.py for tasks to queue
[2026-05-20T12:30:45.380+0000] {logging_mixin.py:190} INFO - [2026-05-20T12:30:45.380+0000] {dagbag.py:588} INFO - Filling up the DagBag from /opt/airflow/dags/submit_spark_dag.py
[2026-05-20T12:30:45.387+0000] {processor.py:925} INFO - DAG(s) 'hello_spark' retrieved from /opt/airflow/dags/submit_spark_dag.py
[2026-05-20T12:30:45.405+0000] {logging_mixin.py:190} INFO - [2026-05-20T12:30:45.405+0000] {dag.py:3239} INFO - Sync 1 DAGs
[2026-05-20T12:30:45.422+0000] {logging_mixin.py:190} INFO - [2026-05-20T12:30:45.422+0000] {dag.py:4180} INFO - Setting next_dagrun for hello_spark to 2026-05-19 00:00:00+00:00, run_after=2026-05-20 00:00:00+00:00
[2026-05-20T12:30:45.435+0000] {processor.py:208} INFO - Processing /opt/airflow/dags/submit_spark_dag.py took 0.065 seconds
[2026-05-20T12:31:16.030+0000] {processor.py:186} INFO - Started process (PID=7626) to work on /opt/airflow/dags/submit_spark_dag.py
[2026-05-20T12:31:16.031+0000] {processor.py:914} INFO - Processing file /opt/airflow/dags/submit_spark_dag.py for tasks to queue
[2026-05-20T12:31:16.032+0000] {logging_mixin.py:190} INFO - [2026-05-20T12:31:16.032+0000] {dagbag.py:588} INFO - Filling up the DagBag from /opt/airflow/dags/submit_spark_dag.py
[2026-05-20T12:31:16.039+0000] {processor.py:925} INFO - DAG(s) 'hello_spark' retrieved from /opt/airflow/dags/submit_spark_dag.py
[2026-05-20T12:31:16.057+0000] {logging_mixin.py:190} INFO - [2026-05-20T12:31:16.057+0000] {dag.py:3239} INFO - Sync 1 DAGs
[2026-05-20T12:31:16.076+0000] {logging_mixin.py:190} INFO - [2026-05-20T12:31:16.076+0000] {dag.py:4180} INFO - Setting next_dagrun for hello_spark to 2026-05-19 00:00:00+00:00, run_after=2026-05-20 00:00:00+00:00
[2026-05-20T12:31:16.090+0000] {processor.py:208} INFO - Processing /opt/airflow/dags/submit_spark_dag.py took 0.064 seconds
[2026-05-20T12:31:46.408+0000] {processor.py:186} INFO - Started process (PID=7640) to work on /opt/airflow/dags/submit_spark_dag.py
[2026-05-20T12:31:46.409+0000] {processor.py:914} INFO - Processing file /opt/airflow/dags/submit_spark_dag.py for tasks to queue
[2026-05-20T12:31:46.410+0000] {logging_mixin.py:190} INFO - [2026-05-20T12:31:46.410+0000] {dagbag.py:588} INFO - Filling up the DagBag from /opt/airflow/dags/submit_spark_dag.py
[2026-05-20T12:31:46.417+0000] {processor.py:925} INFO - DAG(s) 'hello_spark' retrieved from /opt/airflow/dags/submit_spark_dag.py
[2026-05-20T12:31:46.437+0000] {logging_mixin.py:190} INFO - [2026-05-20T12:31:46.437+0000] {dag.py:3239} INFO - Sync 1 DAGs
[2026-05-20T12:31:46.460+0000] {logging_mixin.py:190} INFO - [2026-05-20T12:31:46.460+0000] {dag.py:4180} INFO - Setting next_dagrun for hello_spark to 2026-05-19 00:00:00+00:00, run_after=2026-05-20 00:00:00+00:00
[2026-05-20T12:31:46.476+0000] {processor.py:208} INFO - Processing /opt/airflow/dags/submit_spark_dag.py took 0.072 seconds
[2026-05-20T12:32:16.957+0000] {processor.py:186} INFO - Started process (PID=7654) to work on /opt/airflow/dags/submit_spark_dag.py
[2026-05-20T12:32:16.958+0000] {processor.py:914} INFO - Processing file /opt/airflow/dags/submit_spark_dag.py for tasks to queue
[2026-05-20T12:32:16.959+0000] {logging_mixin.py:190} INFO - [2026-05-20T12:32:16.959+0000] {dagbag.py:588} INFO - Filling up the DagBag from /opt/airflow/dags/submit_spark_dag.py
[2026-05-20T12:32:16.966+0000] {processor.py:925} INFO - DAG(s) 'hello_spark' retrieved from /opt/airflow/dags/submit_spark_dag.py
[2026-05-20T12:32:16.982+0000] {logging_mixin.py:190} INFO - [2026-05-20T12:32:16.982+0000] {dag.py:3239} INFO - Sync 1 DAGs
[2026-05-20T12:32:17.000+0000] {logging_mixin.py:190} INFO - [2026-05-20T12:32:17.000+0000] {dag.py:4180} INFO - Setting next_dagrun for hello_spark to 2026-05-19 00:00:00+00:00, run_after=2026-05-20 00:00:00+00:00
[2026-05-20T12:32:17.014+0000] {processor.py:208} INFO - Processing /opt/airflow/dags/submit_spark_dag.py took 0.061 seconds
[2026-05-20T12:32:47.501+0000] {processor.py:186} INFO - Started process (PID=7669) to work on /opt/airflow/dags/submit_spark_dag.py
[2026-05-20T12:32:47.501+0000] {processor.py:914} INFO - Processing file /opt/airflow/dags/submit_spark_dag.py for tasks to queue
[2026-05-20T12:32:47.502+0000] {logging_mixin.py:190} INFO - [2026-05-20T12:32:47.502+0000] {dagbag.py:588} INFO - Filling up the DagBag from /opt/airflow/dags/submit_spark_dag.py
[2026-05-20T12:32:47.509+0000] {processor.py:925} INFO - DAG(s) 'hello_spark' retrieved from /opt/airflow/dags/submit_spark_dag.py
[2026-05-20T12:32:47.526+0000] {logging_mixin.py:190} INFO - [2026-05-20T12:32:47.526+0000] {dag.py:3239} INFO - Sync 1 DAGs
[2026-05-20T12:32:47.545+0000] {logging_mixin.py:190} INFO - [2026-05-20T12:32:47.545+0000] {dag.py:4180} INFO - Setting next_dagrun for hello_spark to 2026-05-19 00:00:00+00:00, run_after=2026-05-20 00:00:00+00:00
[2026-05-20T12:32:47.561+0000] {processor.py:208} INFO - Processing /opt/airflow/dags/submit_spark_dag.py took 0.064 seconds
[2026-05-20T12:33:18.101+0000] {processor.py:186} INFO - Started process (PID=7684) to work on /opt/airflow/dags/submit_spark_dag.py
[2026-05-20T12:33:18.102+0000] {processor.py:914} INFO - Processing file /opt/airflow/dags/submit_spark_dag.py for tasks to queue
[2026-05-20T12:33:18.103+0000] {logging_mixin.py:190} INFO - [2026-05-20T12:33:18.102+0000] {dagbag.py:588} INFO - Filling up the DagBag from /opt/airflow/dags/submit_spark_dag.py
[2026-05-20T12:33:18.109+0000] {processor.py:925} INFO - DAG(s) 'hello_spark' retrieved from /opt/airflow/dags/submit_spark_dag.py
[2026-05-20T12:33:18.125+0000] {logging_mixin.py:190} INFO - [2026-05-20T12:33:18.125+0000] {dag.py:3239} INFO - Sync 1 DAGs
[2026-05-20T12:33:18.144+0000] {logging_mixin.py:190} INFO - [2026-05-20T12:33:18.143+0000] {dag.py:4180} INFO - Setting next_dagrun for hello_spark to 2026-05-19 00:00:00+00:00, run_after=2026-05-20 00:00:00+00:00
[2026-05-20T12:33:18.157+0000] {processor.py:208} INFO - Processing /opt/airflow/dags/submit_spark_dag.py took 0.060 seconds
[2026-05-20T12:33:48.752+0000] {processor.py:186} INFO - Started process (PID=7697) to work on /opt/airflow/dags/submit_spark_dag.py
[2026-05-20T12:33:48.752+0000] {processor.py:914} INFO - Processing file /opt/airflow/dags/submit_spark_dag.py for tasks to queue
[2026-05-20T12:33:48.753+0000] {logging_mixin.py:190} INFO - [2026-05-20T12:33:48.753+0000] {dagbag.py:588} INFO - Filling up the DagBag from /opt/airflow/dags/submit_spark_dag.py
[2026-05-20T12:33:48.759+0000] {processor.py:925} INFO - DAG(s) 'hello_spark' retrieved from /opt/airflow/dags/submit_spark_dag.py
[2026-05-20T12:33:48.776+0000] {logging_mixin.py:190} INFO - [2026-05-20T12:33:48.776+0000] {dag.py:3239} INFO - Sync 1 DAGs
[2026-05-20T12:33:48.794+0000] {logging_mixin.py:190} INFO - [2026-05-20T12:33:48.794+0000] {dag.py:4180} INFO - Setting next_dagrun for hello_spark to 2026-05-19 00:00:00+00:00, run_after=2026-05-20 00:00:00+00:00
[2026-05-20T12:33:48.807+0000] {processor.py:208} INFO - Processing /opt/airflow/dags/submit_spark_dag.py took 0.059 seconds
[2026-05-20T12:34:19.421+0000] {processor.py:186} INFO - Started process (PID=7710) to work on /opt/airflow/dags/submit_spark_dag.py
[2026-05-20T12:34:19.423+0000] {processor.py:914} INFO - Processing file /opt/airflow/dags/submit_spark_dag.py for tasks to queue
[2026-05-20T12:34:19.424+0000] {logging_mixin.py:190} INFO - [2026-05-20T12:34:19.424+0000] {dagbag.py:588} INFO - Filling up the DagBag from /opt/airflow/dags/submit_spark_dag.py
[2026-05-20T12:34:19.431+0000] {processor.py:925} INFO - DAG(s) 'hello_spark' retrieved from /opt/airflow/dags/submit_spark_dag.py
[2026-05-20T12:34:19.449+0000] {logging_mixin.py:190} INFO - [2026-05-20T12:34:19.448+0000] {dag.py:3239} INFO - Sync 1 DAGs
[2026-05-20T12:34:19.466+0000] {logging_mixin.py:190} INFO - [2026-05-20T12:34:19.466+0000] {dag.py:4180} INFO - Setting next_dagrun for hello_spark to 2026-05-19 00:00:00+00:00, run_after=2026-05-20 00:00:00+00:00
[2026-05-20T12:34:19.478+0000] {processor.py:208} INFO - Processing /opt/airflow/dags/submit_spark_dag.py took 0.062 seconds
[2026-05-20T12:34:49.964+0000] {processor.py:186} INFO - Started process (PID=7724) to work on /opt/airflow/dags/submit_spark_dag.py
[2026-05-20T12:34:49.968+0000] {processor.py:914} INFO - Processing file /opt/airflow/dags/submit_spark_dag.py for tasks to queue
[2026-05-20T12:34:49.969+0000] {logging_mixin.py:190} INFO - [2026-05-20T12:34:49.969+0000] {dagbag.py:588} INFO - Filling up the DagBag from /opt/airflow/dags/submit_spark_dag.py
[2026-05-20T12:34:49.986+0000] {processor.py:925} INFO - DAG(s) 'hello_spark' retrieved from /opt/airflow/dags/submit_spark_dag.py
[2026-05-20T12:34:50.032+0000] {logging_mixin.py:190} INFO - [2026-05-20T12:34:50.029+0000] {dag.py:3239} INFO - Sync 1 DAGs
[2026-05-20T12:34:50.103+0000] {logging_mixin.py:190} INFO - [2026-05-20T12:34:50.103+0000] {dag.py:4180} INFO - Setting next_dagrun for hello_spark to 2026-05-19 00:00:00+00:00, run_after=2026-05-20 00:00:00+00:00
[2026-05-20T12:34:50.131+0000] {processor.py:208} INFO - Processing /opt/airflow/dags/submit_spark_dag.py took 0.177 seconds
[2026-05-20T12:35:20.505+0000] {processor.py:186} INFO - Started process (PID=7739) to work on /opt/airflow/dags/submit_spark_dag.py
[2026-05-20T12:35:20.506+0000] {processor.py:914} INFO - Processing file /opt/airflow/dags/submit_spark_dag.py for tasks to queue
[2026-05-20T12:35:20.507+0000] {logging_mixin.py:190} INFO - [2026-05-20T12:35:20.507+0000] {dagbag.py:588} INFO - Filling up the DagBag from /opt/airflow/dags/submit_spark_dag.py
[2026-05-20T12:35:20.515+0000] {processor.py:925} INFO - DAG(s) 'hello_spark' retrieved from /opt/airflow/dags/submit_spark_dag.py
[2026-05-20T12:35:20.534+0000] {logging_mixin.py:190} INFO - [2026-05-20T12:35:20.534+0000] {dag.py:3239} INFO - Sync 1 DAGs
[2026-05-20T12:35:20.556+0000] {logging_mixin.py:190} INFO - [2026-05-20T12:35:20.556+0000] {dag.py:4180} INFO - Setting next_dagrun for hello_spark to 2026-05-19 00:00:00+00:00, run_after=2026-05-20 00:00:00+00:00
[2026-05-20T12:35:20.571+0000] {processor.py:208} INFO - Processing /opt/airflow/dags/submit_spark_dag.py took 0.071 seconds
[2026-05-20T12:35:51.092+0000] {processor.py:186} INFO - Started process (PID=7753) to work on /opt/airflow/dags/submit_spark_dag.py
[2026-05-20T12:35:51.093+0000] {processor.py:914} INFO - Processing file /opt/airflow/dags/submit_spark_dag.py for tasks to queue
[2026-05-20T12:35:51.094+0000] {logging_mixin.py:190} INFO - [2026-05-20T12:35:51.094+0000] {dagbag.py:588} INFO - Filling up the DagBag from /opt/airflow/dags/submit_spark_dag.py
[2026-05-20T12:35:51.105+0000] {processor.py:925} INFO - DAG(s) 'hello_spark' retrieved from /opt/airflow/dags/submit_spark_dag.py
[2026-05-20T12:35:51.123+0000] {logging_mixin.py:190} INFO - [2026-05-20T12:35:51.123+0000] {dag.py:3239} INFO - Sync 1 DAGs
[2026-05-20T12:35:51.142+0000] {logging_mixin.py:190} INFO - [2026-05-20T12:35:51.142+0000] {dag.py:4180} INFO - Setting next_dagrun for hello_spark to 2026-05-19 00:00:00+00:00, run_after=2026-05-20 00:00:00+00:00
[2026-05-20T12:35:51.154+0000] {processor.py:208} INFO - Processing /opt/airflow/dags/submit_spark_dag.py took 0.070 seconds
[2026-05-20T12:36:21.666+0000] {processor.py:186} INFO - Started process (PID=7768) to work on /opt/airflow/dags/submit_spark_dag.py
[2026-05-20T12:36:21.668+0000] {processor.py:914} INFO - Processing file /opt/airflow/dags/submit_spark_dag.py for tasks to queue
[2026-05-20T12:36:21.668+0000] {logging_mixin.py:190} INFO - [2026-05-20T12:36:21.668+0000] {dagbag.py:588} INFO - Filling up the DagBag from /opt/airflow/dags/submit_spark_dag.py
[2026-05-20T12:36:21.675+0000] {processor.py:925} INFO - DAG(s) 'hello_spark' retrieved from /opt/airflow/dags/submit_spark_dag.py
[2026-05-20T12:36:21.693+0000] {logging_mixin.py:190} INFO - [2026-05-20T12:36:21.693+0000] {dag.py:3239} INFO - Sync 1 DAGs
[2026-05-20T12:36:21.711+0000] {logging_mixin.py:190} INFO - [2026-05-20T12:36:21.711+0000] {dag.py:4180} INFO - Setting next_dagrun for hello_spark to 2026-05-19 00:00:00+00:00, run_after=2026-05-20 00:00:00+00:00
[2026-05-20T12:36:21.724+0000] {processor.py:208} INFO - Processing /opt/airflow/dags/submit_spark_dag.py took 0.063 seconds
[2026-05-20T12:36:52.212+0000] {processor.py:186} INFO - Started process (PID=7782) to work on /opt/airflow/dags/submit_spark_dag.py
[2026-05-20T12:36:52.212+0000] {processor.py:914} INFO - Processing file /opt/airflow/dags/submit_spark_dag.py for tasks to queue
[2026-05-20T12:36:52.213+0000] {logging_mixin.py:190} INFO - [2026-05-20T12:36:52.213+0000] {dagbag.py:588} INFO - Filling up the DagBag from /opt/airflow/dags/submit_spark_dag.py
[2026-05-20T12:36:52.220+0000] {processor.py:925} INFO - DAG(s) 'hello_spark' retrieved from /opt/airflow/dags/submit_spark_dag.py
[2026-05-20T12:36:52.238+0000] {logging_mixin.py:190} INFO - [2026-05-20T12:36:52.238+0000] {dag.py:3239} INFO - Sync 1 DAGs
[2026-05-20T12:36:52.255+0000] {logging_mixin.py:190} INFO - [2026-05-20T12:36:52.255+0000] {dag.py:4180} INFO - Setting next_dagrun for hello_spark to 2026-05-19 00:00:00+00:00, run_after=2026-05-20 00:00:00+00:00
[2026-05-20T12:36:52.269+0000] {processor.py:208} INFO - Processing /opt/airflow/dags/submit_spark_dag.py took 0.061 seconds
[2026-05-20T12:37:22.769+0000] {processor.py:186} INFO - Started process (PID=7796) to work on /opt/airflow/dags/submit_spark_dag.py
[2026-05-20T12:37:22.770+0000] {processor.py:914} INFO - Processing file /opt/airflow/dags/submit_spark_dag.py for tasks to queue
[2026-05-20T12:37:22.770+0000] {logging_mixin.py:190} INFO - [2026-05-20T12:37:22.770+0000] {dagbag.py:588} INFO - Filling up the DagBag from /opt/airflow/dags/submit_spark_dag.py
[2026-05-20T12:37:22.777+0000] {processor.py:925} INFO - DAG(s) 'hello_spark' retrieved from /opt/airflow/dags/submit_spark_dag.py
[2026-05-20T12:37:22.796+0000] {logging_mixin.py:190} INFO - [2026-05-20T12:37:22.796+0000] {dag.py:3239} INFO - Sync 1 DAGs
[2026-05-20T12:37:22.815+0000] {logging_mixin.py:190} INFO - [2026-05-20T12:37:22.815+0000] {dag.py:4180} INFO - Setting next_dagrun for hello_spark to 2026-05-19 00:00:00+00:00, run_after=2026-05-20 00:00:00+00:00
[2026-05-20T12:37:22.829+0000] {processor.py:208} INFO - Processing /opt/airflow/dags/submit_spark_dag.py took 0.065 seconds
[2026-05-20T12:37:53.366+0000] {processor.py:186} INFO - Started process (PID=7810) to work on /opt/airflow/dags/submit_spark_dag.py
[2026-05-20T12:37:53.367+0000] {processor.py:914} INFO - Processing file /opt/airflow/dags/submit_spark_dag.py for tasks to queue
[2026-05-20T12:37:53.368+0000] {logging_mixin.py:190} INFO - [2026-05-20T12:37:53.368+0000] {dagbag.py:588} INFO - Filling up the DagBag from /opt/airflow/dags/submit_spark_dag.py
[2026-05-20T12:37:53.379+0000] {processor.py:925} INFO - DAG(s) 'hello_spark' retrieved from /opt/airflow/dags/submit_spark_dag.py
[2026-05-20T12:37:53.397+0000] {logging_mixin.py:190} INFO - [2026-05-20T12:37:53.397+0000] {dag.py:3239} INFO - Sync 1 DAGs
[2026-05-20T12:37:53.417+0000] {logging_mixin.py:190} INFO - [2026-05-20T12:37:53.417+0000] {dag.py:4180} INFO - Setting next_dagrun for hello_spark to 2026-05-19 00:00:00+00:00, run_after=2026-05-20 00:00:00+00:00
[2026-05-20T12:37:53.437+0000] {processor.py:208} INFO - Processing /opt/airflow/dags/submit_spark_dag.py took 0.080 seconds
[2026-05-20T12:38:23.799+0000] {processor.py:186} INFO - Started process (PID=7825) to work on /opt/airflow/dags/submit_spark_dag.py
[2026-05-20T12:38:23.800+0000] {processor.py:914} INFO - Processing file /opt/airflow/dags/submit_spark_dag.py for tasks to queue
[2026-05-20T12:38:23.801+0000] {logging_mixin.py:190} INFO - [2026-05-20T12:38:23.800+0000] {dagbag.py:588} INFO - Filling up the DagBag from /opt/airflow/dags/submit_spark_dag.py
[2026-05-20T12:38:23.807+0000] {processor.py:925} INFO - DAG(s) 'hello_spark' retrieved from /opt/airflow/dags/submit_spark_dag.py
[2026-05-20T12:38:23.825+0000] {logging_mixin.py:190} INFO - [2026-05-20T12:38:23.825+0000] {dag.py:3239} INFO - Sync 1 DAGs
[2026-05-20T12:38:23.843+0000] {logging_mixin.py:190} INFO - [2026-05-20T12:38:23.843+0000] {dag.py:4180} INFO - Setting next_dagrun for hello_spark to 2026-05-19 00:00:00+00:00, run_after=2026-05-20 00:00:00+00:00
[2026-05-20T12:38:23.857+0000] {processor.py:208} INFO - Processing /opt/airflow/dags/submit_spark_dag.py took 0.062 seconds
[2026-05-20T12:38:54.476+0000] {processor.py:186} INFO - Started process (PID=7839) to work on /opt/airflow/dags/submit_spark_dag.py
[2026-05-20T12:38:54.476+0000] {processor.py:914} INFO - Processing file /opt/airflow/dags/submit_spark_dag.py for tasks to queue
[2026-05-20T12:38:54.477+0000] {logging_mixin.py:190} INFO - [2026-05-20T12:38:54.477+0000] {dagbag.py:588} INFO - Filling up the DagBag from /opt/airflow/dags/submit_spark_dag.py
[2026-05-20T12:38:54.486+0000] {processor.py:925} INFO - DAG(s) 'hello_spark' retrieved from /opt/airflow/dags/submit_spark_dag.py
[2026-05-20T12:38:54.503+0000] {logging_mixin.py:190} INFO - [2026-05-20T12:38:54.503+0000] {dag.py:3239} INFO - Sync 1 DAGs
[2026-05-20T12:38:54.520+0000] {logging_mixin.py:190} INFO - [2026-05-20T12:38:54.520+0000] {dag.py:4180} INFO - Setting next_dagrun for hello_spark to 2026-05-19 00:00:00+00:00, run_after=2026-05-20 00:00:00+00:00
[2026-05-20T12:38:54.533+0000] {processor.py:208} INFO - Processing /opt/airflow/dags/submit_spark_dag.py took 0.066 seconds
[2026-05-20T12:39:25.140+0000] {processor.py:186} INFO - Started process (PID=7853) to work on /opt/airflow/dags/submit_spark_dag.py
[2026-05-20T12:39:25.140+0000] {processor.py:914} INFO - Processing file /opt/airflow/dags/submit_spark_dag.py for tasks to queue
[2026-05-20T12:39:25.141+0000] {logging_mixin.py:190} INFO - [2026-05-20T12:39:25.141+0000] {dagbag.py:588} INFO - Filling up the DagBag from /opt/airflow/dags/submit_spark_dag.py
[2026-05-20T12:39:25.150+0000] {processor.py:925} INFO - DAG(s) 'hello_spark' retrieved from /opt/airflow/dags/submit_spark_dag.py
[2026-05-20T12:39:25.169+0000] {logging_mixin.py:190} INFO - [2026-05-20T12:39:25.169+0000] {dag.py:3239} INFO - Sync 1 DAGs
[2026-05-20T12:39:25.187+0000] {logging_mixin.py:190} INFO - [2026-05-20T12:39:25.187+0000] {dag.py:4180} INFO - Setting next_dagrun for hello_spark to 2026-05-19 00:00:00+00:00, run_after=2026-05-20 00:00:00+00:00
[2026-05-20T12:39:25.201+0000] {processor.py:208} INFO - Processing /opt/airflow/dags/submit_spark_dag.py took 0.066 seconds
[2026-05-20T12:39:55.708+0000] {processor.py:186} INFO - Started process (PID=7867) to work on /opt/airflow/dags/submit_spark_dag.py
[2026-05-20T12:39:55.709+0000] {processor.py:914} INFO - Processing file /opt/airflow/dags/submit_spark_dag.py for tasks to queue
[2026-05-20T12:39:55.710+0000] {logging_mixin.py:190} INFO - [2026-05-20T12:39:55.709+0000] {dagbag.py:588} INFO - Filling up the DagBag from /opt/airflow/dags/submit_spark_dag.py
[2026-05-20T12:39:55.719+0000] {processor.py:925} INFO - DAG(s) 'hello_spark' retrieved from /opt/airflow/dags/submit_spark_dag.py
[2026-05-20T12:39:55.737+0000] {logging_mixin.py:190} INFO - [2026-05-20T12:39:55.737+0000] {dag.py:3239} INFO - Sync 1 DAGs
[2026-05-20T12:39:55.757+0000] {logging_mixin.py:190} INFO - [2026-05-20T12:39:55.757+0000] {dag.py:4180} INFO - Setting next_dagrun for hello_spark to 2026-05-19 00:00:00+00:00, run_after=2026-05-20 00:00:00+00:00
[2026-05-20T12:39:55.773+0000] {processor.py:208} INFO - Processing /opt/airflow/dags/submit_spark_dag.py took 0.070 seconds
[2026-05-20T12:40:26.225+0000] {processor.py:186} INFO - Started process (PID=7881) to work on /opt/airflow/dags/submit_spark_dag.py
[2026-05-20T12:40:26.226+0000] {processor.py:914} INFO - Processing file /opt/airflow/dags/submit_spark_dag.py for tasks to queue
[2026-05-20T12:40:26.227+0000] {logging_mixin.py:190} INFO - [2026-05-20T12:40:26.227+0000] {dagbag.py:588} INFO - Filling up the DagBag from /opt/airflow/dags/submit_spark_dag.py
[2026-05-20T12:40:26.235+0000] {processor.py:925} INFO - DAG(s) 'hello_spark' retrieved from /opt/airflow/dags/submit_spark_dag.py
[2026-05-20T12:40:26.250+0000] {logging_mixin.py:190} INFO - [2026-05-20T12:40:26.250+0000] {dag.py:3239} INFO - Sync 1 DAGs
[2026-05-20T12:40:26.266+0000] {logging_mixin.py:190} INFO - [2026-05-20T12:40:26.266+0000] {dag.py:4180} INFO - Setting next_dagrun for hello_spark to 2026-05-19 00:00:00+00:00, run_after=2026-05-20 00:00:00+00:00
[2026-05-20T12:40:26.277+0000] {processor.py:208} INFO - Processing /opt/airflow/dags/submit_spark_dag.py took 0.059 seconds
[2026-05-20T12:40:56.768+0000] {processor.py:186} INFO - Started process (PID=7894) to work on /opt/airflow/dags/submit_spark_dag.py
[2026-05-20T12:40:56.768+0000] {processor.py:914} INFO - Processing file /opt/airflow/dags/submit_spark_dag.py for tasks to queue
[2026-05-20T12:40:56.769+0000] {logging_mixin.py:190} INFO - [2026-05-20T12:40:56.769+0000] {dagbag.py:588} INFO - Filling up the DagBag from /opt/airflow/dags/submit_spark_dag.py
[2026-05-20T12:40:56.776+0000] {processor.py:925} INFO - DAG(s) 'hello_spark' retrieved from /opt/airflow/dags/submit_spark_dag.py
[2026-05-20T12:40:56.794+0000] {logging_mixin.py:190} INFO - [2026-05-20T12:40:56.794+0000] {dag.py:3239} INFO - Sync 1 DAGs
[2026-05-20T12:40:56.812+0000] {logging_mixin.py:190} INFO - [2026-05-20T12:40:56.812+0000] {dag.py:4180} INFO - Setting next_dagrun for hello_spark to 2026-05-19 00:00:00+00:00, run_after=2026-05-20 00:00:00+00:00
[2026-05-20T12:40:56.825+0000] {processor.py:208} INFO - Processing /opt/airflow/dags/submit_spark_dag.py took 0.062 seconds
[2026-05-20T12:41:27.367+0000] {processor.py:186} INFO - Started process (PID=7908) to work on /opt/airflow/dags/submit_spark_dag.py
[2026-05-20T12:41:27.368+0000] {processor.py:914} INFO - Processing file /opt/airflow/dags/submit_spark_dag.py for tasks to queue
[2026-05-20T12:41:27.369+0000] {logging_mixin.py:190} INFO - [2026-05-20T12:41:27.369+0000] {dagbag.py:588} INFO - Filling up the DagBag from /opt/airflow/dags/submit_spark_dag.py
[2026-05-20T12:41:27.376+0000] {processor.py:925} INFO - DAG(s) 'hello_spark' retrieved from /opt/airflow/dags/submit_spark_dag.py
[2026-05-20T12:41:27.393+0000] {logging_mixin.py:190} INFO - [2026-05-20T12:41:27.393+0000] {dag.py:3239} INFO - Sync 1 DAGs
[2026-05-20T12:41:27.412+0000] {logging_mixin.py:190} INFO - [2026-05-20T12:41:27.412+0000] {dag.py:4180} INFO - Setting next_dagrun for hello_spark to 2026-05-19 00:00:00+00:00, run_after=2026-05-20 00:00:00+00:00
[2026-05-20T12:41:27.425+0000] {processor.py:208} INFO - Processing /opt/airflow/dags/submit_spark_dag.py took 0.062 seconds
[2026-05-20T12:41:57.974+0000] {processor.py:186} INFO - Started process (PID=7922) to work on /opt/airflow/dags/submit_spark_dag.py
[2026-05-20T12:41:57.974+0000] {processor.py:914} INFO - Processing file /opt/airflow/dags/submit_spark_dag.py for tasks to queue
[2026-05-20T12:41:57.975+0000] {logging_mixin.py:190} INFO - [2026-05-20T12:41:57.975+0000] {dagbag.py:588} INFO - Filling up the DagBag from /opt/airflow/dags/submit_spark_dag.py
[2026-05-20T12:41:57.983+0000] {processor.py:925} INFO - DAG(s) 'hello_spark' retrieved from /opt/airflow/dags/submit_spark_dag.py
[2026-05-20T12:41:58.001+0000] {logging_mixin.py:190} INFO - [2026-05-20T12:41:58.001+0000] {dag.py:3239} INFO - Sync 1 DAGs
[2026-05-20T12:41:58.019+0000] {logging_mixin.py:190} INFO - [2026-05-20T12:41:58.019+0000] {dag.py:4180} INFO - Setting next_dagrun for hello_spark to 2026-05-19 00:00:00+00:00, run_after=2026-05-20 00:00:00+00:00
[2026-05-20T12:41:58.033+0000] {processor.py:208} INFO - Processing /opt/airflow/dags/submit_spark_dag.py took 0.063 seconds
[2026-05-20T12:42:28.324+0000] {processor.py:186} INFO - Started process (PID=7936) to work on /opt/airflow/dags/submit_spark_dag.py
[2026-05-20T12:42:28.325+0000] {processor.py:914} INFO - Processing file /opt/airflow/dags/submit_spark_dag.py for tasks to queue
[2026-05-20T12:42:28.326+0000] {logging_mixin.py:190} INFO - [2026-05-20T12:42:28.325+0000] {dagbag.py:588} INFO - Filling up the DagBag from /opt/airflow/dags/submit_spark_dag.py
[2026-05-20T12:42:28.333+0000] {processor.py:925} INFO - DAG(s) 'hello_spark' retrieved from /opt/airflow/dags/submit_spark_dag.py
[2026-05-20T12:42:28.352+0000] {logging_mixin.py:190} INFO - [2026-05-20T12:42:28.352+0000] {dag.py:3239} INFO - Sync 1 DAGs
[2026-05-20T12:42:28.370+0000] {logging_mixin.py:190} INFO - [2026-05-20T12:42:28.369+0000] {dag.py:4180} INFO - Setting next_dagrun for hello_spark to 2026-05-19 00:00:00+00:00, run_after=2026-05-20 00:00:00+00:00
[2026-05-20T12:42:28.383+0000] {processor.py:208} INFO - Processing /opt/airflow/dags/submit_spark_dag.py took 0.063 seconds
[2026-05-20T12:42:58.668+0000] {processor.py:186} INFO - Started process (PID=7950) to work on /opt/airflow/dags/submit_spark_dag.py
[2026-05-20T12:42:58.669+0000] {processor.py:914} INFO - Processing file /opt/airflow/dags/submit_spark_dag.py for tasks to queue
[2026-05-20T12:42:58.670+0000] {logging_mixin.py:190} INFO - [2026-05-20T12:42:58.670+0000] {dagbag.py:588} INFO - Filling up the DagBag from /opt/airflow/dags/submit_spark_dag.py
[2026-05-20T12:42:58.677+0000] {processor.py:925} INFO - DAG(s) 'hello_spark' retrieved from /opt/airflow/dags/submit_spark_dag.py
[2026-05-20T12:42:58.695+0000] {logging_mixin.py:190} INFO - [2026-05-20T12:42:58.695+0000] {dag.py:3239} INFO - Sync 1 DAGs
[2026-05-20T12:42:58.713+0000] {logging_mixin.py:190} INFO - [2026-05-20T12:42:58.713+0000] {dag.py:4180} INFO - Setting next_dagrun for hello_spark to 2026-05-19 00:00:00+00:00, run_after=2026-05-20 00:00:00+00:00
[2026-05-20T12:42:58.726+0000] {processor.py:208} INFO - Processing /opt/airflow/dags/submit_spark_dag.py took 0.062 seconds
[2026-05-20T12:43:29.211+0000] {processor.py:186} INFO - Started process (PID=7965) to work on /opt/airflow/dags/submit_spark_dag.py
[2026-05-20T12:43:29.211+0000] {processor.py:914} INFO - Processing file /opt/airflow/dags/submit_spark_dag.py for tasks to queue
[2026-05-20T12:43:29.212+0000] {logging_mixin.py:190} INFO - [2026-05-20T12:43:29.212+0000] {dagbag.py:588} INFO - Filling up the DagBag from /opt/airflow/dags/submit_spark_dag.py
[2026-05-20T12:43:29.218+0000] {processor.py:925} INFO - DAG(s) 'hello_spark' retrieved from /opt/airflow/dags/submit_spark_dag.py
[2026-05-20T12:43:29.236+0000] {logging_mixin.py:190} INFO - [2026-05-20T12:43:29.236+0000] {dag.py:3239} INFO - Sync 1 DAGs
[2026-05-20T12:43:29.255+0000] {logging_mixin.py:190} INFO - [2026-05-20T12:43:29.254+0000] {dag.py:4180} INFO - Setting next_dagrun for hello_spark to 2026-05-19 00:00:00+00:00, run_after=2026-05-20 00:00:00+00:00
[2026-05-20T12:43:29.267+0000] {processor.py:208} INFO - Processing /opt/airflow/dags/submit_spark_dag.py took 0.061 seconds
[2026-05-20T12:43:59.568+0000] {processor.py:186} INFO - Started process (PID=7979) to work on /opt/airflow/dags/submit_spark_dag.py
[2026-05-20T12:43:59.569+0000] {processor.py:914} INFO - Processing file /opt/airflow/dags/submit_spark_dag.py for tasks to queue
[2026-05-20T12:43:59.570+0000] {logging_mixin.py:190} INFO - [2026-05-20T12:43:59.569+0000] {dagbag.py:588} INFO - Filling up the DagBag from /opt/airflow/dags/submit_spark_dag.py
[2026-05-20T12:43:59.576+0000] {processor.py:925} INFO - DAG(s) 'hello_spark' retrieved from /opt/airflow/dags/submit_spark_dag.py
[2026-05-20T12:43:59.593+0000] {logging_mixin.py:190} INFO - [2026-05-20T12:43:59.593+0000] {dag.py:3239} INFO - Sync 1 DAGs
[2026-05-20T12:43:59.611+0000] {logging_mixin.py:190} INFO - [2026-05-20T12:43:59.611+0000] {dag.py:4180} INFO - Setting next_dagrun for hello_spark to 2026-05-19 00:00:00+00:00, run_after=2026-05-20 00:00:00+00:00
[2026-05-20T12:43:59.624+0000] {processor.py:208} INFO - Processing /opt/airflow/dags/submit_spark_dag.py took 0.060 seconds
[2026-05-20T12:44:30.188+0000] {processor.py:186} INFO - Started process (PID=7993) to work on /opt/airflow/dags/submit_spark_dag.py
[2026-05-20T12:44:30.188+0000] {processor.py:914} INFO - Processing file /opt/airflow/dags/submit_spark_dag.py for tasks to queue
[2026-05-20T12:44:30.189+0000] {logging_mixin.py:190} INFO - [2026-05-20T12:44:30.189+0000] {dagbag.py:588} INFO - Filling up the DagBag from /opt/airflow/dags/submit_spark_dag.py
[2026-05-20T12:44:30.195+0000] {processor.py:925} INFO - DAG(s) 'hello_spark' retrieved from /opt/airflow/dags/submit_spark_dag.py
[2026-05-20T12:44:30.212+0000] {logging_mixin.py:190} INFO - [2026-05-20T12:44:30.212+0000] {dag.py:3239} INFO - Sync 1 DAGs
[2026-05-20T12:44:30.229+0000] {logging_mixin.py:190} INFO - [2026-05-20T12:44:30.229+0000] {dag.py:4180} INFO - Setting next_dagrun for hello_spark to 2026-05-19 00:00:00+00:00, run_after=2026-05-20 00:00:00+00:00
[2026-05-20T12:44:30.243+0000] {processor.py:208} INFO - Processing /opt/airflow/dags/submit_spark_dag.py took 0.058 seconds
[2026-05-20T12:45:00.733+0000] {processor.py:186} INFO - Started process (PID=8007) to work on /opt/airflow/dags/submit_spark_dag.py
[2026-05-20T12:45:00.734+0000] {processor.py:914} INFO - Processing file /opt/airflow/dags/submit_spark_dag.py for tasks to queue
[2026-05-20T12:45:00.734+0000] {logging_mixin.py:190} INFO - [2026-05-20T12:45:00.734+0000] {dagbag.py:588} INFO - Filling up the DagBag from /opt/airflow/dags/submit_spark_dag.py
[2026-05-20T12:45:00.741+0000] {processor.py:925} INFO - DAG(s) 'hello_spark' retrieved from /opt/airflow/dags/submit_spark_dag.py
[2026-05-20T12:45:00.758+0000] {logging_mixin.py:190} INFO - [2026-05-20T12:45:00.758+0000] {dag.py:3239} INFO - Sync 1 DAGs
[2026-05-20T12:45:00.775+0000] {logging_mixin.py:190} INFO - [2026-05-20T12:45:00.775+0000] {dag.py:4180} INFO - Setting next_dagrun for hello_spark to 2026-05-19 00:00:00+00:00, run_after=2026-05-20 00:00:00+00:00
[2026-05-20T12:45:00.787+0000] {processor.py:208} INFO - Processing /opt/airflow/dags/submit_spark_dag.py took 0.059 seconds
[2026-05-20T12:45:31.345+0000] {processor.py:186} INFO - Started process (PID=8021) to work on /opt/airflow/dags/submit_spark_dag.py
[2026-05-20T12:45:31.346+0000] {processor.py:914} INFO - Processing file /opt/airflow/dags/submit_spark_dag.py for tasks to queue
[2026-05-20T12:45:31.346+0000] {logging_mixin.py:190} INFO - [2026-05-20T12:45:31.346+0000] {dagbag.py:588} INFO - Filling up the DagBag from /opt/airflow/dags/submit_spark_dag.py
[2026-05-20T12:45:31.353+0000] {processor.py:925} INFO - DAG(s) 'hello_spark' retrieved from /opt/airflow/dags/submit_spark_dag.py
[2026-05-20T12:45:31.369+0000] {logging_mixin.py:190} INFO - [2026-05-20T12:45:31.369+0000] {dag.py:3239} INFO - Sync 1 DAGs
[2026-05-20T12:45:31.387+0000] {logging_mixin.py:190} INFO - [2026-05-20T12:45:31.387+0000] {dag.py:4180} INFO - Setting next_dagrun for hello_spark to 2026-05-19 00:00:00+00:00, run_after=2026-05-20 00:00:00+00:00
[2026-05-20T12:45:31.400+0000] {processor.py:208} INFO - Processing /opt/airflow/dags/submit_spark_dag.py took 0.059 seconds
[2026-05-20T12:46:01.881+0000] {processor.py:186} INFO - Started process (PID=8035) to work on /opt/airflow/dags/submit_spark_dag.py
[2026-05-20T12:46:01.889+0000] {processor.py:914} INFO - Processing file /opt/airflow/dags/submit_spark_dag.py for tasks to queue
[2026-05-20T12:46:01.890+0000] {logging_mixin.py:190} INFO - [2026-05-20T12:46:01.889+0000] {dagbag.py:588} INFO - Filling up the DagBag from /opt/airflow/dags/submit_spark_dag.py
[2026-05-20T12:46:01.897+0000] {processor.py:925} INFO - DAG(s) 'hello_spark' retrieved from /opt/airflow/dags/submit_spark_dag.py
[2026-05-20T12:46:01.912+0000] {logging_mixin.py:190} INFO - [2026-05-20T12:46:01.911+0000] {dag.py:3239} INFO - Sync 1 DAGs
[2026-05-20T12:46:01.930+0000] {logging_mixin.py:190} INFO - [2026-05-20T12:46:01.930+0000] {dag.py:4180} INFO - Setting next_dagrun for hello_spark to 2026-05-19 00:00:00+00:00, run_after=2026-05-20 00:00:00+00:00
[2026-05-20T12:46:01.943+0000] {processor.py:208} INFO - Processing /opt/airflow/dags/submit_spark_dag.py took 0.066 seconds
[2026-05-20T12:46:32.505+0000] {processor.py:186} INFO - Started process (PID=8049) to work on /opt/airflow/dags/submit_spark_dag.py
[2026-05-20T12:46:32.507+0000] {processor.py:914} INFO - Processing file /opt/airflow/dags/submit_spark_dag.py for tasks to queue
[2026-05-20T12:46:32.508+0000] {logging_mixin.py:190} INFO - [2026-05-20T12:46:32.508+0000] {dagbag.py:588} INFO - Filling up the DagBag from /opt/airflow/dags/submit_spark_dag.py
[2026-05-20T12:46:32.518+0000] {processor.py:925} INFO - DAG(s) 'hello_spark' retrieved from /opt/airflow/dags/submit_spark_dag.py
[2026-05-20T12:46:32.536+0000] {logging_mixin.py:190} INFO - [2026-05-20T12:46:32.536+0000] {dag.py:3239} INFO - Sync 1 DAGs
[2026-05-20T12:46:32.553+0000] {logging_mixin.py:190} INFO - [2026-05-20T12:46:32.553+0000] {dag.py:4180} INFO - Setting next_dagrun for hello_spark to 2026-05-19 00:00:00+00:00, run_after=2026-05-20 00:00:00+00:00
[2026-05-20T12:46:32.566+0000] {processor.py:208} INFO - Processing /opt/airflow/dags/submit_spark_dag.py took 0.071 seconds
[2026-05-20T12:47:03.150+0000] {processor.py:186} INFO - Started process (PID=8062) to work on /opt/airflow/dags/submit_spark_dag.py
[2026-05-20T12:47:03.157+0000] {processor.py:914} INFO - Processing file /opt/airflow/dags/submit_spark_dag.py for tasks to queue
[2026-05-20T12:47:03.158+0000] {logging_mixin.py:190} INFO - [2026-05-20T12:47:03.158+0000] {dagbag.py:588} INFO - Filling up the DagBag from /opt/airflow/dags/submit_spark_dag.py
[2026-05-20T12:47:03.170+0000] {processor.py:925} INFO - DAG(s) 'hello_spark' retrieved from /opt/airflow/dags/submit_spark_dag.py
[2026-05-20T12:47:03.189+0000] {logging_mixin.py:190} INFO - [2026-05-20T12:47:03.189+0000] {dag.py:3239} INFO - Sync 1 DAGs
[2026-05-20T12:47:03.207+0000] {logging_mixin.py:190} INFO - [2026-05-20T12:47:03.207+0000] {dag.py:4180} INFO - Setting next_dagrun for hello_spark to 2026-05-19 00:00:00+00:00, run_after=2026-05-20 00:00:00+00:00
[2026-05-20T12:47:03.220+0000] {processor.py:208} INFO - Processing /opt/airflow/dags/submit_spark_dag.py took 0.077 seconds
[2026-05-20T12:47:33.719+0000] {processor.py:186} INFO - Started process (PID=8076) to work on /opt/airflow/dags/submit_spark_dag.py
[2026-05-20T12:47:33.720+0000] {processor.py:914} INFO - Processing file /opt/airflow/dags/submit_spark_dag.py for tasks to queue
[2026-05-20T12:47:33.721+0000] {logging_mixin.py:190} INFO - [2026-05-20T12:47:33.720+0000] {dagbag.py:588} INFO - Filling up the DagBag from /opt/airflow/dags/submit_spark_dag.py
[2026-05-20T12:47:33.729+0000] {processor.py:925} INFO - DAG(s) 'hello_spark' retrieved from /opt/airflow/dags/submit_spark_dag.py
[2026-05-20T12:47:33.749+0000] {logging_mixin.py:190} INFO - [2026-05-20T12:47:33.748+0000] {dag.py:3239} INFO - Sync 1 DAGs
[2026-05-20T12:47:33.770+0000] {logging_mixin.py:190} INFO - [2026-05-20T12:47:33.770+0000] {dag.py:4180} INFO - Setting next_dagrun for hello_spark to 2026-05-19 00:00:00+00:00, run_after=2026-05-20 00:00:00+00:00
[2026-05-20T12:47:33.782+0000] {processor.py:208} INFO - Processing /opt/airflow/dags/submit_spark_dag.py took 0.070 seconds
[2026-05-20T12:48:04.348+0000] {processor.py:186} INFO - Started process (PID=8091) to work on /opt/airflow/dags/submit_spark_dag.py
[2026-05-20T12:48:04.350+0000] {processor.py:914} INFO - Processing file /opt/airflow/dags/submit_spark_dag.py for tasks to queue
[2026-05-20T12:48:04.351+0000] {logging_mixin.py:190} INFO - [2026-05-20T12:48:04.351+0000] {dagbag.py:588} INFO - Filling up the DagBag from /opt/airflow/dags/submit_spark_dag.py
[2026-05-20T12:48:04.360+0000] {processor.py:925} INFO - DAG(s) 'hello_spark' retrieved from /opt/airflow/dags/submit_spark_dag.py
[2026-05-20T12:48:04.375+0000] {logging_mixin.py:190} INFO - [2026-05-20T12:48:04.375+0000] {dag.py:3239} INFO - Sync 1 DAGs
[2026-05-20T12:48:04.392+0000] {logging_mixin.py:190} INFO - [2026-05-20T12:48:04.392+0000] {dag.py:4180} INFO - Setting next_dagrun for hello_spark to 2026-05-19 00:00:00+00:00, run_after=2026-05-20 00:00:00+00:00
[2026-05-20T12:48:04.404+0000] {processor.py:208} INFO - Processing /opt/airflow/dags/submit_spark_dag.py took 0.062 seconds
[2026-05-20T12:48:34.943+0000] {processor.py:186} INFO - Started process (PID=8104) to work on /opt/airflow/dags/submit_spark_dag.py
[2026-05-20T12:48:34.943+0000] {processor.py:914} INFO - Processing file /opt/airflow/dags/submit_spark_dag.py for tasks to queue
[2026-05-20T12:48:34.944+0000] {logging_mixin.py:190} INFO - [2026-05-20T12:48:34.944+0000] {dagbag.py:588} INFO - Filling up the DagBag from /opt/airflow/dags/submit_spark_dag.py
[2026-05-20T12:48:34.951+0000] {processor.py:925} INFO - DAG(s) 'hello_spark' retrieved from /opt/airflow/dags/submit_spark_dag.py
[2026-05-20T12:48:34.966+0000] {logging_mixin.py:190} INFO - [2026-05-20T12:48:34.966+0000] {dag.py:3239} INFO - Sync 1 DAGs
[2026-05-20T12:48:34.982+0000] {logging_mixin.py:190} INFO - [2026-05-20T12:48:34.982+0000] {dag.py:4180} INFO - Setting next_dagrun for hello_spark to 2026-05-19 00:00:00+00:00, run_after=2026-05-20 00:00:00+00:00
[2026-05-20T12:48:34.993+0000] {processor.py:208} INFO - Processing /opt/airflow/dags/submit_spark_dag.py took 0.054 seconds
[2026-05-20T12:49:05.491+0000] {processor.py:186} INFO - Started process (PID=8117) to work on /opt/airflow/dags/submit_spark_dag.py
[2026-05-20T12:49:05.499+0000] {processor.py:914} INFO - Processing file /opt/airflow/dags/submit_spark_dag.py for tasks to queue
[2026-05-20T12:49:05.500+0000] {logging_mixin.py:190} INFO - [2026-05-20T12:49:05.500+0000] {dagbag.py:588} INFO - Filling up the DagBag from /opt/airflow/dags/submit_spark_dag.py
[2026-05-20T12:49:05.506+0000] {processor.py:925} INFO - DAG(s) 'hello_spark' retrieved from /opt/airflow/dags/submit_spark_dag.py
[2026-05-20T12:49:05.523+0000] {logging_mixin.py:190} INFO - [2026-05-20T12:49:05.523+0000] {dag.py:3239} INFO - Sync 1 DAGs
[2026-05-20T12:49:05.541+0000] {logging_mixin.py:190} INFO - [2026-05-20T12:49:05.541+0000] {dag.py:4180} INFO - Setting next_dagrun for hello_spark to 2026-05-19 00:00:00+00:00, run_after=2026-05-20 00:00:00+00:00
[2026-05-20T12:49:05.553+0000] {processor.py:208} INFO - Processing /opt/airflow/dags/submit_spark_dag.py took 0.068 seconds
[2026-05-20T12:49:36.011+0000] {processor.py:186} INFO - Started process (PID=8131) to work on /opt/airflow/dags/submit_spark_dag.py
[2026-05-20T12:49:36.011+0000] {processor.py:914} INFO - Processing file /opt/airflow/dags/submit_spark_dag.py for tasks to queue
[2026-05-20T12:49:36.012+0000] {logging_mixin.py:190} INFO - [2026-05-20T12:49:36.012+0000] {dagbag.py:588} INFO - Filling up the DagBag from /opt/airflow/dags/submit_spark_dag.py
[2026-05-20T12:49:36.018+0000] {processor.py:925} INFO - DAG(s) 'hello_spark' retrieved from /opt/airflow/dags/submit_spark_dag.py
[2026-05-20T12:49:36.036+0000] {logging_mixin.py:190} INFO - [2026-05-20T12:49:36.035+0000] {dag.py:3239} INFO - Sync 1 DAGs
[2026-05-20T12:49:36.052+0000] {logging_mixin.py:190} INFO - [2026-05-20T12:49:36.052+0000] {dag.py:4180} INFO - Setting next_dagrun for hello_spark to 2026-05-19 00:00:00+00:00, run_after=2026-05-20 00:00:00+00:00
[2026-05-20T12:49:36.065+0000] {processor.py:208} INFO - Processing /opt/airflow/dags/submit_spark_dag.py took 0.058 seconds
[2026-05-20T12:50:06.686+0000] {processor.py:186} INFO - Started process (PID=8145) to work on /opt/airflow/dags/submit_spark_dag.py
[2026-05-20T12:50:06.694+0000] {processor.py:914} INFO - Processing file /opt/airflow/dags/submit_spark_dag.py for tasks to queue
[2026-05-20T12:50:06.695+0000] {logging_mixin.py:190} INFO - [2026-05-20T12:50:06.695+0000] {dagbag.py:588} INFO - Filling up the DagBag from /opt/airflow/dags/submit_spark_dag.py
[2026-05-20T12:50:06.705+0000] {processor.py:925} INFO - DAG(s) 'hello_spark' retrieved from /opt/airflow/dags/submit_spark_dag.py
[2026-05-20T12:50:06.722+0000] {logging_mixin.py:190} INFO - [2026-05-20T12:50:06.722+0000] {dag.py:3239} INFO - Sync 1 DAGs
[2026-05-20T12:50:06.740+0000] {logging_mixin.py:190} INFO - [2026-05-20T12:50:06.740+0000] {dag.py:4180} INFO - Setting next_dagrun for hello_spark to 2026-05-19 00:00:00+00:00, run_after=2026-05-20 00:00:00+00:00
[2026-05-20T12:50:06.753+0000] {processor.py:208} INFO - Processing /opt/airflow/dags/submit_spark_dag.py took 0.070 seconds
[2026-05-20T12:50:37.333+0000] {processor.py:186} INFO - Started process (PID=8165) to work on /opt/airflow/dags/submit_spark_dag.py
[2026-05-20T12:50:37.333+0000] {processor.py:914} INFO - Processing file /opt/airflow/dags/submit_spark_dag.py for tasks to queue
[2026-05-20T12:50:37.334+0000] {logging_mixin.py:190} INFO - [2026-05-20T12:50:37.334+0000] {dagbag.py:588} INFO - Filling up the DagBag from /opt/airflow/dags/submit_spark_dag.py
[2026-05-20T12:50:37.340+0000] {processor.py:925} INFO - DAG(s) 'hello_spark' retrieved from /opt/airflow/dags/submit_spark_dag.py
[2026-05-20T12:50:37.356+0000] {logging_mixin.py:190} INFO - [2026-05-20T12:50:37.356+0000] {dag.py:3239} INFO - Sync 1 DAGs
[2026-05-20T12:50:37.374+0000] {logging_mixin.py:190} INFO - [2026-05-20T12:50:37.374+0000] {dag.py:4180} INFO - Setting next_dagrun for hello_spark to 2026-05-19 00:00:00+00:00, run_after=2026-05-20 00:00:00+00:00
[2026-05-20T12:50:37.386+0000] {processor.py:208} INFO - Processing /opt/airflow/dags/submit_spark_dag.py took 0.059 seconds
[2026-05-20T12:51:07.926+0000] {processor.py:186} INFO - Started process (PID=8179) to work on /opt/airflow/dags/submit_spark_dag.py
[2026-05-20T12:51:07.934+0000] {processor.py:914} INFO - Processing file /opt/airflow/dags/submit_spark_dag.py for tasks to queue
[2026-05-20T12:51:07.935+0000] {logging_mixin.py:190} INFO - [2026-05-20T12:51:07.935+0000] {dagbag.py:588} INFO - Filling up the DagBag from /opt/airflow/dags/submit_spark_dag.py
[2026-05-20T12:51:07.941+0000] {processor.py:925} INFO - DAG(s) 'hello_spark' retrieved from /opt/airflow/dags/submit_spark_dag.py
[2026-05-20T12:51:07.958+0000] {logging_mixin.py:190} INFO - [2026-05-20T12:51:07.958+0000] {dag.py:3239} INFO - Sync 1 DAGs
[2026-05-20T12:51:07.976+0000] {logging_mixin.py:190} INFO - [2026-05-20T12:51:07.975+0000] {dag.py:4180} INFO - Setting next_dagrun for hello_spark to 2026-05-19 00:00:00+00:00, run_after=2026-05-20 00:00:00+00:00
[2026-05-20T12:51:07.989+0000] {processor.py:208} INFO - Processing /opt/airflow/dags/submit_spark_dag.py took 0.066 seconds
[2026-05-20T12:51:38.503+0000] {processor.py:186} INFO - Started process (PID=8193) to work on /opt/airflow/dags/submit_spark_dag.py
[2026-05-20T12:51:38.504+0000] {processor.py:914} INFO - Processing file /opt/airflow/dags/submit_spark_dag.py for tasks to queue
[2026-05-20T12:51:38.505+0000] {logging_mixin.py:190} INFO - [2026-05-20T12:51:38.505+0000] {dagbag.py:588} INFO - Filling up the DagBag from /opt/airflow/dags/submit_spark_dag.py
[2026-05-20T12:51:38.516+0000] {processor.py:925} INFO - DAG(s) 'hello_spark' retrieved from /opt/airflow/dags/submit_spark_dag.py
[2026-05-20T12:51:38.537+0000] {logging_mixin.py:190} INFO - [2026-05-20T12:51:38.536+0000] {dag.py:3239} INFO - Sync 1 DAGs
[2026-05-20T12:51:38.556+0000] {logging_mixin.py:190} INFO - [2026-05-20T12:51:38.556+0000] {dag.py:4180} INFO - Setting next_dagrun for hello_spark to 2026-05-19 00:00:00+00:00, run_after=2026-05-20 00:00:00+00:00
[2026-05-20T12:51:38.570+0000] {processor.py:208} INFO - Processing /opt/airflow/dags/submit_spark_dag.py took 0.077 seconds
[2026-05-20T12:52:09.099+0000] {processor.py:186} INFO - Started process (PID=8207) to work on /opt/airflow/dags/submit_spark_dag.py
[2026-05-20T12:52:09.101+0000] {processor.py:914} INFO - Processing file /opt/airflow/dags/submit_spark_dag.py for tasks to queue
[2026-05-20T12:52:09.102+0000] {logging_mixin.py:190} INFO - [2026-05-20T12:52:09.102+0000] {dagbag.py:588} INFO - Filling up the DagBag from /opt/airflow/dags/submit_spark_dag.py
[2026-05-20T12:52:09.109+0000] {processor.py:925} INFO - DAG(s) 'hello_spark' retrieved from /opt/airflow/dags/submit_spark_dag.py
[2026-05-20T12:52:09.127+0000] {logging_mixin.py:190} INFO - [2026-05-20T12:52:09.127+0000] {dag.py:3239} INFO - Sync 1 DAGs
[2026-05-20T12:52:09.144+0000] {logging_mixin.py:190} INFO - [2026-05-20T12:52:09.144+0000] {dag.py:4180} INFO - Setting next_dagrun for hello_spark to 2026-05-19 00:00:00+00:00, run_after=2026-05-20 00:00:00+00:00
[2026-05-20T12:52:09.156+0000] {processor.py:208} INFO - Processing /opt/airflow/dags/submit_spark_dag.py took 0.062 seconds
[2026-05-20T12:52:39.637+0000] {processor.py:186} INFO - Started process (PID=8221) to work on /opt/airflow/dags/submit_spark_dag.py
[2026-05-20T12:52:39.638+0000] {processor.py:914} INFO - Processing file /opt/airflow/dags/submit_spark_dag.py for tasks to queue
[2026-05-20T12:52:39.639+0000] {logging_mixin.py:190} INFO - [2026-05-20T12:52:39.638+0000] {dagbag.py:588} INFO - Filling up the DagBag from /opt/airflow/dags/submit_spark_dag.py
[2026-05-20T12:52:39.645+0000] {processor.py:925} INFO - DAG(s) 'hello_spark' retrieved from /opt/airflow/dags/submit_spark_dag.py
[2026-05-20T12:52:39.662+0000] {logging_mixin.py:190} INFO - [2026-05-20T12:52:39.662+0000] {dag.py:3239} INFO - Sync 1 DAGs
[2026-05-20T12:52:39.679+0000] {logging_mixin.py:190} INFO - [2026-05-20T12:52:39.679+0000] {dag.py:4180} INFO - Setting next_dagrun for hello_spark to 2026-05-19 00:00:00+00:00, run_after=2026-05-20 00:00:00+00:00
[2026-05-20T12:52:39.693+0000] {processor.py:208} INFO - Processing /opt/airflow/dags/submit_spark_dag.py took 0.059 seconds
[2026-05-20T12:53:10.349+0000] {processor.py:186} INFO - Started process (PID=8235) to work on /opt/airflow/dags/submit_spark_dag.py
[2026-05-20T12:53:10.350+0000] {processor.py:914} INFO - Processing file /opt/airflow/dags/submit_spark_dag.py for tasks to queue
[2026-05-20T12:53:10.351+0000] {logging_mixin.py:190} INFO - [2026-05-20T12:53:10.351+0000] {dagbag.py:588} INFO - Filling up the DagBag from /opt/airflow/dags/submit_spark_dag.py
[2026-05-20T12:53:10.357+0000] {processor.py:925} INFO - DAG(s) 'hello_spark' retrieved from /opt/airflow/dags/submit_spark_dag.py
[2026-05-20T12:53:10.373+0000] {logging_mixin.py:190} INFO - [2026-05-20T12:53:10.373+0000] {dag.py:3239} INFO - Sync 1 DAGs
[2026-05-20T12:53:10.391+0000] {logging_mixin.py:190} INFO - [2026-05-20T12:53:10.390+0000] {dag.py:4180} INFO - Setting next_dagrun for hello_spark to 2026-05-19 00:00:00+00:00, run_after=2026-05-20 00:00:00+00:00
[2026-05-20T12:53:10.403+0000] {processor.py:208} INFO - Processing /opt/airflow/dags/submit_spark_dag.py took 0.058 seconds
[2026-05-20T12:53:41.010+0000] {processor.py:186} INFO - Started process (PID=8249) to work on /opt/airflow/dags/submit_spark_dag.py
[2026-05-20T12:53:41.011+0000] {processor.py:914} INFO - Processing file /opt/airflow/dags/submit_spark_dag.py for tasks to queue
[2026-05-20T12:53:41.011+0000] {logging_mixin.py:190} INFO - [2026-05-20T12:53:41.011+0000] {dagbag.py:588} INFO - Filling up the DagBag from /opt/airflow/dags/submit_spark_dag.py
[2026-05-20T12:53:41.017+0000] {processor.py:925} INFO - DAG(s) 'hello_spark' retrieved from /opt/airflow/dags/submit_spark_dag.py
[2026-05-20T12:53:41.034+0000] {logging_mixin.py:190} INFO - [2026-05-20T12:53:41.034+0000] {dag.py:3239} INFO - Sync 1 DAGs
[2026-05-20T12:53:41.052+0000] {logging_mixin.py:190} INFO - [2026-05-20T12:53:41.052+0000] {dag.py:4180} INFO - Setting next_dagrun for hello_spark to 2026-05-19 00:00:00+00:00, run_after=2026-05-20 00:00:00+00:00
[2026-05-20T12:53:41.066+0000] {processor.py:208} INFO - Processing /opt/airflow/dags/submit_spark_dag.py took 0.060 seconds
[2026-05-20T12:54:11.604+0000] {processor.py:186} INFO - Started process (PID=8263) to work on /opt/airflow/dags/submit_spark_dag.py
[2026-05-20T12:54:11.605+0000] {processor.py:914} INFO - Processing file /opt/airflow/dags/submit_spark_dag.py for tasks to queue
[2026-05-20T12:54:11.606+0000] {logging_mixin.py:190} INFO - [2026-05-20T12:54:11.606+0000] {dagbag.py:588} INFO - Filling up the DagBag from /opt/airflow/dags/submit_spark_dag.py
[2026-05-20T12:54:11.612+0000] {processor.py:925} INFO - DAG(s) 'hello_spark' retrieved from /opt/airflow/dags/submit_spark_dag.py
[2026-05-20T12:54:11.628+0000] {logging_mixin.py:190} INFO - [2026-05-20T12:54:11.628+0000] {dag.py:3239} INFO - Sync 1 DAGs
[2026-05-20T12:54:11.646+0000] {logging_mixin.py:190} INFO - [2026-05-20T12:54:11.646+0000] {dag.py:4180} INFO - Setting next_dagrun for hello_spark to 2026-05-19 00:00:00+00:00, run_after=2026-05-20 00:00:00+00:00
[2026-05-20T12:54:11.659+0000] {processor.py:208} INFO - Processing /opt/airflow/dags/submit_spark_dag.py took 0.059 seconds
[2026-05-20T12:54:42.134+0000] {processor.py:186} INFO - Started process (PID=8277) to work on /opt/airflow/dags/submit_spark_dag.py
[2026-05-20T12:54:42.135+0000] {processor.py:914} INFO - Processing file /opt/airflow/dags/submit_spark_dag.py for tasks to queue
[2026-05-20T12:54:42.135+0000] {logging_mixin.py:190} INFO - [2026-05-20T12:54:42.135+0000] {dagbag.py:588} INFO - Filling up the DagBag from /opt/airflow/dags/submit_spark_dag.py
[2026-05-20T12:54:42.142+0000] {processor.py:925} INFO - DAG(s) 'hello_spark' retrieved from /opt/airflow/dags/submit_spark_dag.py
[2026-05-20T12:54:42.162+0000] {logging_mixin.py:190} INFO - [2026-05-20T12:54:42.162+0000] {dag.py:3239} INFO - Sync 1 DAGs
[2026-05-20T12:54:42.181+0000] {logging_mixin.py:190} INFO - [2026-05-20T12:54:42.180+0000] {dag.py:4180} INFO - Setting next_dagrun for hello_spark to 2026-05-19 00:00:00+00:00, run_after=2026-05-20 00:00:00+00:00
[2026-05-20T12:54:42.195+0000] {processor.py:208} INFO - Processing /opt/airflow/dags/submit_spark_dag.py took 0.065 seconds
[2026-05-20T12:55:12.743+0000] {processor.py:186} INFO - Started process (PID=8291) to work on /opt/airflow/dags/submit_spark_dag.py
[2026-05-20T12:55:12.744+0000] {processor.py:914} INFO - Processing file /opt/airflow/dags/submit_spark_dag.py for tasks to queue
[2026-05-20T12:55:12.745+0000] {logging_mixin.py:190} INFO - [2026-05-20T12:55:12.745+0000] {dagbag.py:588} INFO - Filling up the DagBag from /opt/airflow/dags/submit_spark_dag.py
[2026-05-20T12:55:12.752+0000] {processor.py:925} INFO - DAG(s) 'hello_spark' retrieved from /opt/airflow/dags/submit_spark_dag.py
[2026-05-20T12:55:12.771+0000] {logging_mixin.py:190} INFO - [2026-05-20T12:55:12.771+0000] {dag.py:3239} INFO - Sync 1 DAGs
[2026-05-20T12:55:12.791+0000] {logging_mixin.py:190} INFO - [2026-05-20T12:55:12.791+0000] {dag.py:4180} INFO - Setting next_dagrun for hello_spark to 2026-05-19 00:00:00+00:00, run_after=2026-05-20 00:00:00+00:00
[2026-05-20T12:55:12.806+0000] {processor.py:208} INFO - Processing /opt/airflow/dags/submit_spark_dag.py took 0.068 seconds
[2026-05-20T12:55:43.342+0000] {processor.py:186} INFO - Started process (PID=8305) to work on /opt/airflow/dags/submit_spark_dag.py
[2026-05-20T12:55:43.342+0000] {processor.py:914} INFO - Processing file /opt/airflow/dags/submit_spark_dag.py for tasks to queue
[2026-05-20T12:55:43.343+0000] {logging_mixin.py:190} INFO - [2026-05-20T12:55:43.343+0000] {dagbag.py:588} INFO - Filling up the DagBag from /opt/airflow/dags/submit_spark_dag.py
[2026-05-20T12:55:43.351+0000] {processor.py:925} INFO - DAG(s) 'hello_spark' retrieved from /opt/airflow/dags/submit_spark_dag.py
[2026-05-20T12:55:43.368+0000] {logging_mixin.py:190} INFO - [2026-05-20T12:55:43.368+0000] {dag.py:3239} INFO - Sync 1 DAGs
[2026-05-20T12:55:43.387+0000] {logging_mixin.py:190} INFO - [2026-05-20T12:55:43.387+0000] {dag.py:4180} INFO - Setting next_dagrun for hello_spark to 2026-05-19 00:00:00+00:00, run_after=2026-05-20 00:00:00+00:00
[2026-05-20T12:55:43.399+0000] {processor.py:208} INFO - Processing /opt/airflow/dags/submit_spark_dag.py took 0.064 seconds
[2026-05-20T12:56:13.914+0000] {processor.py:186} INFO - Started process (PID=8321) to work on /opt/airflow/dags/submit_spark_dag.py
[2026-05-20T12:56:13.915+0000] {processor.py:914} INFO - Processing file /opt/airflow/dags/submit_spark_dag.py for tasks to queue
[2026-05-20T12:56:13.916+0000] {logging_mixin.py:190} INFO - [2026-05-20T12:56:13.916+0000] {dagbag.py:588} INFO - Filling up the DagBag from /opt/airflow/dags/submit_spark_dag.py
[2026-05-20T12:56:13.923+0000] {processor.py:925} INFO - DAG(s) 'hello_spark' retrieved from /opt/airflow/dags/submit_spark_dag.py
[2026-05-20T12:56:13.938+0000] {logging_mixin.py:190} INFO - [2026-05-20T12:56:13.938+0000] {dag.py:3239} INFO - Sync 1 DAGs
[2026-05-20T12:56:13.954+0000] {logging_mixin.py:190} INFO - [2026-05-20T12:56:13.954+0000] {dag.py:4180} INFO - Setting next_dagrun for hello_spark to 2026-05-19 00:00:00+00:00, run_after=2026-05-20 00:00:00+00:00
[2026-05-20T12:56:13.965+0000] {processor.py:208} INFO - Processing /opt/airflow/dags/submit_spark_dag.py took 0.055 seconds
[2026-05-20T12:56:44.465+0000] {processor.py:186} INFO - Started process (PID=8335) to work on /opt/airflow/dags/submit_spark_dag.py
[2026-05-20T12:56:44.466+0000] {processor.py:914} INFO - Processing file /opt/airflow/dags/submit_spark_dag.py for tasks to queue
[2026-05-20T12:56:44.467+0000] {logging_mixin.py:190} INFO - [2026-05-20T12:56:44.466+0000] {dagbag.py:588} INFO - Filling up the DagBag from /opt/airflow/dags/submit_spark_dag.py
[2026-05-20T12:56:44.473+0000] {processor.py:925} INFO - DAG(s) 'hello_spark' retrieved from /opt/airflow/dags/submit_spark_dag.py
[2026-05-20T12:56:44.488+0000] {logging_mixin.py:190} INFO - [2026-05-20T12:56:44.488+0000] {dag.py:3239} INFO - Sync 1 DAGs
[2026-05-20T12:56:44.504+0000] {logging_mixin.py:190} INFO - [2026-05-20T12:56:44.503+0000] {dag.py:4180} INFO - Setting next_dagrun for hello_spark to 2026-05-19 00:00:00+00:00, run_after=2026-05-20 00:00:00+00:00
[2026-05-20T12:56:44.516+0000] {processor.py:208} INFO - Processing /opt/airflow/dags/submit_spark_dag.py took 0.054 seconds
[2026-05-20T12:57:15.050+0000] {processor.py:186} INFO - Started process (PID=8348) to work on /opt/airflow/dags/submit_spark_dag.py
[2026-05-20T12:57:15.052+0000] {processor.py:914} INFO - Processing file /opt/airflow/dags/submit_spark_dag.py for tasks to queue
[2026-05-20T12:57:15.053+0000] {logging_mixin.py:190} INFO - [2026-05-20T12:57:15.053+0000] {dagbag.py:588} INFO - Filling up the DagBag from /opt/airflow/dags/submit_spark_dag.py
[2026-05-20T12:57:15.060+0000] {processor.py:925} INFO - DAG(s) 'hello_spark' retrieved from /opt/airflow/dags/submit_spark_dag.py
[2026-05-20T12:57:15.074+0000] {logging_mixin.py:190} INFO - [2026-05-20T12:57:15.074+0000] {dag.py:3239} INFO - Sync 1 DAGs
[2026-05-20T12:57:15.090+0000] {logging_mixin.py:190} INFO - [2026-05-20T12:57:15.090+0000] {dag.py:4180} INFO - Setting next_dagrun for hello_spark to 2026-05-19 00:00:00+00:00, run_after=2026-05-20 00:00:00+00:00
[2026-05-20T12:57:15.103+0000] {processor.py:208} INFO - Processing /opt/airflow/dags/submit_spark_dag.py took 0.056 seconds
[2026-05-20T12:57:45.599+0000] {processor.py:186} INFO - Started process (PID=8363) to work on /opt/airflow/dags/submit_spark_dag.py
[2026-05-20T12:57:45.600+0000] {processor.py:914} INFO - Processing file /opt/airflow/dags/submit_spark_dag.py for tasks to queue
[2026-05-20T12:57:45.600+0000] {logging_mixin.py:190} INFO - [2026-05-20T12:57:45.600+0000] {dagbag.py:588} INFO - Filling up the DagBag from /opt/airflow/dags/submit_spark_dag.py
[2026-05-20T12:57:45.607+0000] {processor.py:925} INFO - DAG(s) 'hello_spark' retrieved from /opt/airflow/dags/submit_spark_dag.py
[2026-05-20T12:57:45.624+0000] {logging_mixin.py:190} INFO - [2026-05-20T12:57:45.624+0000] {dag.py:3239} INFO - Sync 1 DAGs
[2026-05-20T12:57:45.642+0000] {logging_mixin.py:190} INFO - [2026-05-20T12:57:45.642+0000] {dag.py:4180} INFO - Setting next_dagrun for hello_spark to 2026-05-19 00:00:00+00:00, run_after=2026-05-20 00:00:00+00:00
[2026-05-20T12:57:45.655+0000] {processor.py:208} INFO - Processing /opt/airflow/dags/submit_spark_dag.py took 0.061 seconds
[2026-05-20T12:58:16.221+0000] {processor.py:186} INFO - Started process (PID=8378) to work on /opt/airflow/dags/submit_spark_dag.py
[2026-05-20T12:58:16.224+0000] {processor.py:914} INFO - Processing file /opt/airflow/dags/submit_spark_dag.py for tasks to queue
[2026-05-20T12:58:16.225+0000] {logging_mixin.py:190} INFO - [2026-05-20T12:58:16.224+0000] {dagbag.py:588} INFO - Filling up the DagBag from /opt/airflow/dags/submit_spark_dag.py
[2026-05-20T12:58:16.231+0000] {processor.py:925} INFO - DAG(s) 'hello_spark' retrieved from /opt/airflow/dags/submit_spark_dag.py
[2026-05-20T12:58:16.246+0000] {logging_mixin.py:190} INFO - [2026-05-20T12:58:16.245+0000] {dag.py:3239} INFO - Sync 1 DAGs
[2026-05-20T12:58:16.265+0000] {logging_mixin.py:190} INFO - [2026-05-20T12:58:16.264+0000] {dag.py:4180} INFO - Setting next_dagrun for hello_spark to 2026-05-19 00:00:00+00:00, run_after=2026-05-20 00:00:00+00:00
[2026-05-20T12:58:16.275+0000] {processor.py:208} INFO - Processing /opt/airflow/dags/submit_spark_dag.py took 0.058 seconds
[2026-05-20T12:58:46.838+0000] {processor.py:186} INFO - Started process (PID=8393) to work on /opt/airflow/dags/submit_spark_dag.py
[2026-05-20T12:58:46.839+0000] {processor.py:914} INFO - Processing file /opt/airflow/dags/submit_spark_dag.py for tasks to queue
[2026-05-20T12:58:46.840+0000] {logging_mixin.py:190} INFO - [2026-05-20T12:58:46.839+0000] {dagbag.py:588} INFO - Filling up the DagBag from /opt/airflow/dags/submit_spark_dag.py
[2026-05-20T12:58:46.848+0000] {processor.py:925} INFO - DAG(s) 'hello_spark' retrieved from /opt/airflow/dags/submit_spark_dag.py
[2026-05-20T12:58:46.867+0000] {logging_mixin.py:190} INFO - [2026-05-20T12:58:46.867+0000] {dag.py:3239} INFO - Sync 1 DAGs
[2026-05-20T12:58:46.884+0000] {logging_mixin.py:190} INFO - [2026-05-20T12:58:46.884+0000] {dag.py:4180} INFO - Setting next_dagrun for hello_spark to 2026-05-19 00:00:00+00:00, run_after=2026-05-20 00:00:00+00:00
[2026-05-20T12:58:46.897+0000] {processor.py:208} INFO - Processing /opt/airflow/dags/submit_spark_dag.py took 0.065 seconds
[2026-05-20T12:59:17.399+0000] {processor.py:186} INFO - Started process (PID=8407) to work on /opt/airflow/dags/submit_spark_dag.py
[2026-05-20T12:59:17.400+0000] {processor.py:914} INFO - Processing file /opt/airflow/dags/submit_spark_dag.py for tasks to queue
[2026-05-20T12:59:17.401+0000] {logging_mixin.py:190} INFO - [2026-05-20T12:59:17.401+0000] {dagbag.py:588} INFO - Filling up the DagBag from /opt/airflow/dags/submit_spark_dag.py
[2026-05-20T12:59:17.407+0000] {processor.py:925} INFO - DAG(s) 'hello_spark' retrieved from /opt/airflow/dags/submit_spark_dag.py
[2026-05-20T12:59:17.425+0000] {logging_mixin.py:190} INFO - [2026-05-20T12:59:17.424+0000] {dag.py:3239} INFO - Sync 1 DAGs
[2026-05-20T12:59:17.442+0000] {logging_mixin.py:190} INFO - [2026-05-20T12:59:17.442+0000] {dag.py:4180} INFO - Setting next_dagrun for hello_spark to 2026-05-19 00:00:00+00:00, run_after=2026-05-20 00:00:00+00:00
[2026-05-20T12:59:17.455+0000] {processor.py:208} INFO - Processing /opt/airflow/dags/submit_spark_dag.py took 0.059 seconds
[2026-05-20T12:59:48.012+0000] {processor.py:186} INFO - Started process (PID=8421) to work on /opt/airflow/dags/submit_spark_dag.py
[2026-05-20T12:59:48.012+0000] {processor.py:914} INFO - Processing file /opt/airflow/dags/submit_spark_dag.py for tasks to queue
[2026-05-20T12:59:48.013+0000] {logging_mixin.py:190} INFO - [2026-05-20T12:59:48.013+0000] {dagbag.py:588} INFO - Filling up the DagBag from /opt/airflow/dags/submit_spark_dag.py
[2026-05-20T12:59:48.020+0000] {processor.py:925} INFO - DAG(s) 'hello_spark' retrieved from /opt/airflow/dags/submit_spark_dag.py
[2026-05-20T12:59:48.036+0000] {logging_mixin.py:190} INFO - [2026-05-20T12:59:48.036+0000] {dag.py:3239} INFO - Sync 1 DAGs
[2026-05-20T12:59:48.054+0000] {logging_mixin.py:190} INFO - [2026-05-20T12:59:48.054+0000] {dag.py:4180} INFO - Setting next_dagrun for hello_spark to 2026-05-19 00:00:00+00:00, run_after=2026-05-20 00:00:00+00:00
[2026-05-20T12:59:48.067+0000] {processor.py:208} INFO - Processing /opt/airflow/dags/submit_spark_dag.py took 0.059 seconds
[2026-05-20T13:00:18.534+0000] {processor.py:186} INFO - Started process (PID=8435) to work on /opt/airflow/dags/submit_spark_dag.py
[2026-05-20T13:00:18.534+0000] {processor.py:914} INFO - Processing file /opt/airflow/dags/submit_spark_dag.py for tasks to queue
[2026-05-20T13:00:18.535+0000] {logging_mixin.py:190} INFO - [2026-05-20T13:00:18.535+0000] {dagbag.py:588} INFO - Filling up the DagBag from /opt/airflow/dags/submit_spark_dag.py
[2026-05-20T13:00:18.541+0000] {processor.py:925} INFO - DAG(s) 'hello_spark' retrieved from /opt/airflow/dags/submit_spark_dag.py
[2026-05-20T13:00:18.559+0000] {logging_mixin.py:190} INFO - [2026-05-20T13:00:18.558+0000] {dag.py:3239} INFO - Sync 1 DAGs
[2026-05-20T13:00:18.577+0000] {logging_mixin.py:190} INFO - [2026-05-20T13:00:18.576+0000] {dag.py:4180} INFO - Setting next_dagrun for hello_spark to 2026-05-19 00:00:00+00:00, run_after=2026-05-20 00:00:00+00:00
[2026-05-20T13:00:18.589+0000] {processor.py:208} INFO - Processing /opt/airflow/dags/submit_spark_dag.py took 0.059 seconds
[2026-05-20T13:00:49.162+0000] {processor.py:186} INFO - Started process (PID=8449) to work on /opt/airflow/dags/submit_spark_dag.py
[2026-05-20T13:00:49.170+0000] {processor.py:914} INFO - Processing file /opt/airflow/dags/submit_spark_dag.py for tasks to queue
[2026-05-20T13:00:49.171+0000] {logging_mixin.py:190} INFO - [2026-05-20T13:00:49.170+0000] {dagbag.py:588} INFO - Filling up the DagBag from /opt/airflow/dags/submit_spark_dag.py
[2026-05-20T13:00:49.177+0000] {processor.py:925} INFO - DAG(s) 'hello_spark' retrieved from /opt/airflow/dags/submit_spark_dag.py
[2026-05-20T13:00:49.193+0000] {logging_mixin.py:190} INFO - [2026-05-20T13:00:49.193+0000] {dag.py:3239} INFO - Sync 1 DAGs
[2026-05-20T13:00:49.211+0000] {logging_mixin.py:190} INFO - [2026-05-20T13:00:49.210+0000] {dag.py:4180} INFO - Setting next_dagrun for hello_spark to 2026-05-19 00:00:00+00:00, run_after=2026-05-20 00:00:00+00:00
[2026-05-20T13:00:49.223+0000] {processor.py:208} INFO - Processing /opt/airflow/dags/submit_spark_dag.py took 0.066 seconds
[2026-05-20T13:01:19.753+0000] {processor.py:186} INFO - Started process (PID=8464) to work on /opt/airflow/dags/submit_spark_dag.py
[2026-05-20T13:01:19.753+0000] {processor.py:914} INFO - Processing file /opt/airflow/dags/submit_spark_dag.py for tasks to queue
[2026-05-20T13:01:19.754+0000] {logging_mixin.py:190} INFO - [2026-05-20T13:01:19.754+0000] {dagbag.py:588} INFO - Filling up the DagBag from /opt/airflow/dags/submit_spark_dag.py
[2026-05-20T13:01:19.760+0000] {processor.py:925} INFO - DAG(s) 'hello_spark' retrieved from /opt/airflow/dags/submit_spark_dag.py
[2026-05-20T13:01:19.778+0000] {logging_mixin.py:190} INFO - [2026-05-20T13:01:19.778+0000] {dag.py:3239} INFO - Sync 1 DAGs
[2026-05-20T13:01:19.795+0000] {logging_mixin.py:190} INFO - [2026-05-20T13:01:19.795+0000] {dag.py:4180} INFO - Setting next_dagrun for hello_spark to 2026-05-19 00:00:00+00:00, run_after=2026-05-20 00:00:00+00:00
[2026-05-20T13:01:19.808+0000] {processor.py:208} INFO - Processing /opt/airflow/dags/submit_spark_dag.py took 0.059 seconds
[2026-05-20T13:01:50.328+0000] {processor.py:186} INFO - Started process (PID=8478) to work on /opt/airflow/dags/submit_spark_dag.py
[2026-05-20T13:01:50.329+0000] {processor.py:914} INFO - Processing file /opt/airflow/dags/submit_spark_dag.py for tasks to queue
[2026-05-20T13:01:50.331+0000] {logging_mixin.py:190} INFO - [2026-05-20T13:01:50.330+0000] {dagbag.py:588} INFO - Filling up the DagBag from /opt/airflow/dags/submit_spark_dag.py
[2026-05-20T13:01:50.337+0000] {processor.py:925} INFO - DAG(s) 'hello_spark' retrieved from /opt/airflow/dags/submit_spark_dag.py
[2026-05-20T13:01:50.354+0000] {logging_mixin.py:190} INFO - [2026-05-20T13:01:50.354+0000] {dag.py:3239} INFO - Sync 1 DAGs
[2026-05-20T13:01:50.372+0000] {logging_mixin.py:190} INFO - [2026-05-20T13:01:50.371+0000] {dag.py:4180} INFO - Setting next_dagrun for hello_spark to 2026-05-19 00:00:00+00:00, run_after=2026-05-20 00:00:00+00:00
[2026-05-20T13:01:50.384+0000] {processor.py:208} INFO - Processing /opt/airflow/dags/submit_spark_dag.py took 0.061 seconds
[2026-05-20T13:02:20.991+0000] {processor.py:186} INFO - Started process (PID=8492) to work on /opt/airflow/dags/submit_spark_dag.py
[2026-05-20T13:02:20.992+0000] {processor.py:914} INFO - Processing file /opt/airflow/dags/submit_spark_dag.py for tasks to queue
[2026-05-20T13:02:20.993+0000] {logging_mixin.py:190} INFO - [2026-05-20T13:02:20.993+0000] {dagbag.py:588} INFO - Filling up the DagBag from /opt/airflow/dags/submit_spark_dag.py
[2026-05-20T13:02:20.999+0000] {processor.py:925} INFO - DAG(s) 'hello_spark' retrieved from /opt/airflow/dags/submit_spark_dag.py
[2026-05-20T13:02:21.016+0000] {logging_mixin.py:190} INFO - [2026-05-20T13:02:21.016+0000] {dag.py:3239} INFO - Sync 1 DAGs
[2026-05-20T13:02:21.034+0000] {logging_mixin.py:190} INFO - [2026-05-20T13:02:21.034+0000] {dag.py:4180} INFO - Setting next_dagrun for hello_spark to 2026-05-19 00:00:00+00:00, run_after=2026-05-20 00:00:00+00:00
[2026-05-20T13:02:21.047+0000] {processor.py:208} INFO - Processing /opt/airflow/dags/submit_spark_dag.py took 0.060 seconds
[2026-05-20T13:02:51.597+0000] {processor.py:186} INFO - Started process (PID=8506) to work on /opt/airflow/dags/submit_spark_dag.py
[2026-05-20T13:02:51.598+0000] {processor.py:914} INFO - Processing file /opt/airflow/dags/submit_spark_dag.py for tasks to queue
[2026-05-20T13:02:51.599+0000] {logging_mixin.py:190} INFO - [2026-05-20T13:02:51.598+0000] {dagbag.py:588} INFO - Filling up the DagBag from /opt/airflow/dags/submit_spark_dag.py
[2026-05-20T13:02:51.606+0000] {processor.py:925} INFO - DAG(s) 'hello_spark' retrieved from /opt/airflow/dags/submit_spark_dag.py
[2026-05-20T13:02:51.621+0000] {logging_mixin.py:190} INFO - [2026-05-20T13:02:51.621+0000] {dag.py:3239} INFO - Sync 1 DAGs
[2026-05-20T13:02:51.637+0000] {logging_mixin.py:190} INFO - [2026-05-20T13:02:51.636+0000] {dag.py:4180} INFO - Setting next_dagrun for hello_spark to 2026-05-19 00:00:00+00:00, run_after=2026-05-20 00:00:00+00:00
[2026-05-20T13:02:51.648+0000] {processor.py:208} INFO - Processing /opt/airflow/dags/submit_spark_dag.py took 0.055 seconds
[2026-05-20T13:03:22.151+0000] {processor.py:186} INFO - Started process (PID=8520) to work on /opt/airflow/dags/submit_spark_dag.py
[2026-05-20T13:03:22.152+0000] {processor.py:914} INFO - Processing file /opt/airflow/dags/submit_spark_dag.py for tasks to queue
[2026-05-20T13:03:22.153+0000] {logging_mixin.py:190} INFO - [2026-05-20T13:03:22.152+0000] {dagbag.py:588} INFO - Filling up the DagBag from /opt/airflow/dags/submit_spark_dag.py
[2026-05-20T13:03:22.160+0000] {processor.py:925} INFO - DAG(s) 'hello_spark' retrieved from /opt/airflow/dags/submit_spark_dag.py
[2026-05-20T13:03:22.175+0000] {logging_mixin.py:190} INFO - [2026-05-20T13:03:22.174+0000] {dag.py:3239} INFO - Sync 1 DAGs
[2026-05-20T13:03:22.193+0000] {logging_mixin.py:190} INFO - [2026-05-20T13:03:22.193+0000] {dag.py:4180} INFO - Setting next_dagrun for hello_spark to 2026-05-19 00:00:00+00:00, run_after=2026-05-20 00:00:00+00:00
[2026-05-20T13:03:22.214+0000] {processor.py:208} INFO - Processing /opt/airflow/dags/submit_spark_dag.py took 0.066 seconds
[2026-05-20T13:03:52.623+0000] {processor.py:186} INFO - Started process (PID=8534) to work on /opt/airflow/dags/submit_spark_dag.py
[2026-05-20T13:03:52.626+0000] {processor.py:914} INFO - Processing file /opt/airflow/dags/submit_spark_dag.py for tasks to queue
[2026-05-20T13:03:52.626+0000] {logging_mixin.py:190} INFO - [2026-05-20T13:03:52.626+0000] {dagbag.py:588} INFO - Filling up the DagBag from /opt/airflow/dags/submit_spark_dag.py
[2026-05-20T13:03:52.634+0000] {processor.py:925} INFO - DAG(s) 'hello_spark' retrieved from /opt/airflow/dags/submit_spark_dag.py
[2026-05-20T13:03:52.653+0000] {logging_mixin.py:190} INFO - [2026-05-20T13:03:52.653+0000] {dag.py:3239} INFO - Sync 1 DAGs
[2026-05-20T13:03:52.681+0000] {logging_mixin.py:190} INFO - [2026-05-20T13:03:52.681+0000] {dag.py:4180} INFO - Setting next_dagrun for hello_spark to 2026-05-19 00:00:00+00:00, run_after=2026-05-20 00:00:00+00:00
[2026-05-20T13:03:52.693+0000] {processor.py:208} INFO - Processing /opt/airflow/dags/submit_spark_dag.py took 0.076 seconds
[2026-05-20T13:04:23.261+0000] {processor.py:186} INFO - Started process (PID=8548) to work on /opt/airflow/dags/submit_spark_dag.py
[2026-05-20T13:04:23.261+0000] {processor.py:914} INFO - Processing file /opt/airflow/dags/submit_spark_dag.py for tasks to queue
[2026-05-20T13:04:23.262+0000] {logging_mixin.py:190} INFO - [2026-05-20T13:04:23.262+0000] {dagbag.py:588} INFO - Filling up the DagBag from /opt/airflow/dags/submit_spark_dag.py
[2026-05-20T13:04:23.268+0000] {processor.py:925} INFO - DAG(s) 'hello_spark' retrieved from /opt/airflow/dags/submit_spark_dag.py
[2026-05-20T13:04:23.286+0000] {logging_mixin.py:190} INFO - [2026-05-20T13:04:23.285+0000] {dag.py:3239} INFO - Sync 1 DAGs
[2026-05-20T13:04:23.301+0000] {logging_mixin.py:190} INFO - [2026-05-20T13:04:23.301+0000] {dag.py:4180} INFO - Setting next_dagrun for hello_spark to 2026-05-19 00:00:00+00:00, run_after=2026-05-20 00:00:00+00:00
[2026-05-20T13:04:23.313+0000] {processor.py:208} INFO - Processing /opt/airflow/dags/submit_spark_dag.py took 0.057 seconds
[2026-05-20T13:04:53.845+0000] {processor.py:186} INFO - Started process (PID=8562) to work on /opt/airflow/dags/submit_spark_dag.py
[2026-05-20T13:04:53.848+0000] {processor.py:914} INFO - Processing file /opt/airflow/dags/submit_spark_dag.py for tasks to queue
[2026-05-20T13:04:53.849+0000] {logging_mixin.py:190} INFO - [2026-05-20T13:04:53.848+0000] {dagbag.py:588} INFO - Filling up the DagBag from /opt/airflow/dags/submit_spark_dag.py
[2026-05-20T13:04:53.856+0000] {processor.py:925} INFO - DAG(s) 'hello_spark' retrieved from /opt/airflow/dags/submit_spark_dag.py
[2026-05-20T13:04:53.872+0000] {logging_mixin.py:190} INFO - [2026-05-20T13:04:53.872+0000] {dag.py:3239} INFO - Sync 1 DAGs
[2026-05-20T13:04:53.889+0000] {logging_mixin.py:190} INFO - [2026-05-20T13:04:53.889+0000] {dag.py:4180} INFO - Setting next_dagrun for hello_spark to 2026-05-19 00:00:00+00:00, run_after=2026-05-20 00:00:00+00:00
[2026-05-20T13:04:53.902+0000] {processor.py:208} INFO - Processing /opt/airflow/dags/submit_spark_dag.py took 0.061 seconds
[2026-05-20T13:05:24.477+0000] {processor.py:186} INFO - Started process (PID=8576) to work on /opt/airflow/dags/submit_spark_dag.py
[2026-05-20T13:05:24.478+0000] {processor.py:914} INFO - Processing file /opt/airflow/dags/submit_spark_dag.py for tasks to queue
[2026-05-20T13:05:24.479+0000] {logging_mixin.py:190} INFO - [2026-05-20T13:05:24.478+0000] {dagbag.py:588} INFO - Filling up the DagBag from /opt/airflow/dags/submit_spark_dag.py
[2026-05-20T13:05:24.487+0000] {processor.py:925} INFO - DAG(s) 'hello_spark' retrieved from /opt/airflow/dags/submit_spark_dag.py
[2026-05-20T13:05:24.503+0000] {logging_mixin.py:190} INFO - [2026-05-20T13:05:24.503+0000] {dag.py:3239} INFO - Sync 1 DAGs
[2026-05-20T13:05:24.520+0000] {logging_mixin.py:190} INFO - [2026-05-20T13:05:24.520+0000] {dag.py:4180} INFO - Setting next_dagrun for hello_spark to 2026-05-19 00:00:00+00:00, run_after=2026-05-20 00:00:00+00:00
[2026-05-20T13:05:24.533+0000] {processor.py:208} INFO - Processing /opt/airflow/dags/submit_spark_dag.py took 0.060 seconds
[2026-05-20T13:05:55.120+0000] {processor.py:186} INFO - Started process (PID=8590) to work on /opt/airflow/dags/submit_spark_dag.py
[2026-05-20T13:05:55.121+0000] {processor.py:914} INFO - Processing file /opt/airflow/dags/submit_spark_dag.py for tasks to queue
[2026-05-20T13:05:55.122+0000] {logging_mixin.py:190} INFO - [2026-05-20T13:05:55.122+0000] {dagbag.py:588} INFO - Filling up the DagBag from /opt/airflow/dags/submit_spark_dag.py
[2026-05-20T13:05:55.130+0000] {processor.py:925} INFO - DAG(s) 'hello_spark' retrieved from /opt/airflow/dags/submit_spark_dag.py
[2026-05-20T13:05:55.149+0000] {logging_mixin.py:190} INFO - [2026-05-20T13:05:55.148+0000] {dag.py:3239} INFO - Sync 1 DAGs
[2026-05-20T13:05:55.167+0000] {logging_mixin.py:190} INFO - [2026-05-20T13:05:55.166+0000] {dag.py:4180} INFO - Setting next_dagrun for hello_spark to 2026-05-19 00:00:00+00:00, run_after=2026-05-20 00:00:00+00:00
[2026-05-20T13:05:55.179+0000] {processor.py:208} INFO - Processing /opt/airflow/dags/submit_spark_dag.py took 0.063 seconds
[2026-05-20T13:06:25.703+0000] {processor.py:186} INFO - Started process (PID=8605) to work on /opt/airflow/dags/submit_spark_dag.py
[2026-05-20T13:06:25.704+0000] {processor.py:914} INFO - Processing file /opt/airflow/dags/submit_spark_dag.py for tasks to queue
[2026-05-20T13:06:25.705+0000] {logging_mixin.py:190} INFO - [2026-05-20T13:06:25.705+0000] {dagbag.py:588} INFO - Filling up the DagBag from /opt/airflow/dags/submit_spark_dag.py
[2026-05-20T13:06:25.711+0000] {processor.py:925} INFO - DAG(s) 'hello_spark' retrieved from /opt/airflow/dags/submit_spark_dag.py
[2026-05-20T13:06:25.728+0000] {logging_mixin.py:190} INFO - [2026-05-20T13:06:25.728+0000] {dag.py:3239} INFO - Sync 1 DAGs
[2026-05-20T13:06:25.745+0000] {logging_mixin.py:190} INFO - [2026-05-20T13:06:25.745+0000] {dag.py:4180} INFO - Setting next_dagrun for hello_spark to 2026-05-19 00:00:00+00:00, run_after=2026-05-20 00:00:00+00:00
[2026-05-20T13:06:25.758+0000] {processor.py:208} INFO - Processing /opt/airflow/dags/submit_spark_dag.py took 0.058 seconds
[2026-05-20T13:06:56.279+0000] {processor.py:186} INFO - Started process (PID=8619) to work on /opt/airflow/dags/submit_spark_dag.py
[2026-05-20T13:06:56.279+0000] {processor.py:914} INFO - Processing file /opt/airflow/dags/submit_spark_dag.py for tasks to queue
[2026-05-20T13:06:56.280+0000] {logging_mixin.py:190} INFO - [2026-05-20T13:06:56.280+0000] {dagbag.py:588} INFO - Filling up the DagBag from /opt/airflow/dags/submit_spark_dag.py
[2026-05-20T13:06:56.287+0000] {processor.py:925} INFO - DAG(s) 'hello_spark' retrieved from /opt/airflow/dags/submit_spark_dag.py
[2026-05-20T13:06:56.305+0000] {logging_mixin.py:190} INFO - [2026-05-20T13:06:56.304+0000] {dag.py:3239} INFO - Sync 1 DAGs
[2026-05-20T13:06:56.323+0000] {logging_mixin.py:190} INFO - [2026-05-20T13:06:56.323+0000] {dag.py:4180} INFO - Setting next_dagrun for hello_spark to 2026-05-19 00:00:00+00:00, run_after=2026-05-20 00:00:00+00:00
[2026-05-20T13:06:56.336+0000] {processor.py:208} INFO - Processing /opt/airflow/dags/submit_spark_dag.py took 0.062 seconds
[2026-05-20T13:07:26.866+0000] {processor.py:186} INFO - Started process (PID=8632) to work on /opt/airflow/dags/submit_spark_dag.py
[2026-05-20T13:07:26.866+0000] {processor.py:914} INFO - Processing file /opt/airflow/dags/submit_spark_dag.py for tasks to queue
[2026-05-20T13:07:26.867+0000] {logging_mixin.py:190} INFO - [2026-05-20T13:07:26.867+0000] {dagbag.py:588} INFO - Filling up the DagBag from /opt/airflow/dags/submit_spark_dag.py
[2026-05-20T13:07:26.874+0000] {processor.py:925} INFO - DAG(s) 'hello_spark' retrieved from /opt/airflow/dags/submit_spark_dag.py
[2026-05-20T13:07:26.892+0000] {logging_mixin.py:190} INFO - [2026-05-20T13:07:26.891+0000] {dag.py:3239} INFO - Sync 1 DAGs
[2026-05-20T13:07:26.909+0000] {logging_mixin.py:190} INFO - [2026-05-20T13:07:26.908+0000] {dag.py:4180} INFO - Setting next_dagrun for hello_spark to 2026-05-19 00:00:00+00:00, run_after=2026-05-20 00:00:00+00:00
[2026-05-20T13:07:26.921+0000] {processor.py:208} INFO - Processing /opt/airflow/dags/submit_spark_dag.py took 0.060 seconds
[2026-05-20T13:07:57.426+0000] {processor.py:186} INFO - Started process (PID=8647) to work on /opt/airflow/dags/submit_spark_dag.py
[2026-05-20T13:07:57.428+0000] {processor.py:914} INFO - Processing file /opt/airflow/dags/submit_spark_dag.py for tasks to queue
[2026-05-20T13:07:57.428+0000] {logging_mixin.py:190} INFO - [2026-05-20T13:07:57.428+0000] {dagbag.py:588} INFO - Filling up the DagBag from /opt/airflow/dags/submit_spark_dag.py
[2026-05-20T13:07:57.435+0000] {processor.py:925} INFO - DAG(s) 'hello_spark' retrieved from /opt/airflow/dags/submit_spark_dag.py
[2026-05-20T13:07:57.451+0000] {logging_mixin.py:190} INFO - [2026-05-20T13:07:57.451+0000] {dag.py:3239} INFO - Sync 1 DAGs
[2026-05-20T13:07:57.470+0000] {logging_mixin.py:190} INFO - [2026-05-20T13:07:57.469+0000] {dag.py:4180} INFO - Setting next_dagrun for hello_spark to 2026-05-19 00:00:00+00:00, run_after=2026-05-20 00:00:00+00:00
[2026-05-20T13:07:57.483+0000] {processor.py:208} INFO - Processing /opt/airflow/dags/submit_spark_dag.py took 0.061 seconds
[2026-05-20T13:08:28.106+0000] {processor.py:186} INFO - Started process (PID=8661) to work on /opt/airflow/dags/submit_spark_dag.py
[2026-05-20T13:08:28.106+0000] {processor.py:914} INFO - Processing file /opt/airflow/dags/submit_spark_dag.py for tasks to queue
[2026-05-20T13:08:28.107+0000] {logging_mixin.py:190} INFO - [2026-05-20T13:08:28.107+0000] {dagbag.py:588} INFO - Filling up the DagBag from /opt/airflow/dags/submit_spark_dag.py
[2026-05-20T13:08:28.113+0000] {processor.py:925} INFO - DAG(s) 'hello_spark' retrieved from /opt/airflow/dags/submit_spark_dag.py
[2026-05-20T13:08:28.132+0000] {logging_mixin.py:190} INFO - [2026-05-20T13:08:28.132+0000] {dag.py:3239} INFO - Sync 1 DAGs
[2026-05-20T13:08:28.150+0000] {logging_mixin.py:190} INFO - [2026-05-20T13:08:28.150+0000] {dag.py:4180} INFO - Setting next_dagrun for hello_spark to 2026-05-19 00:00:00+00:00, run_after=2026-05-20 00:00:00+00:00
[2026-05-20T13:08:28.162+0000] {processor.py:208} INFO - Processing /opt/airflow/dags/submit_spark_dag.py took 0.061 seconds
[2026-05-20T13:08:58.710+0000] {processor.py:186} INFO - Started process (PID=8675) to work on /opt/airflow/dags/submit_spark_dag.py
[2026-05-20T13:08:58.710+0000] {processor.py:914} INFO - Processing file /opt/airflow/dags/submit_spark_dag.py for tasks to queue
[2026-05-20T13:08:58.711+0000] {logging_mixin.py:190} INFO - [2026-05-20T13:08:58.711+0000] {dagbag.py:588} INFO - Filling up the DagBag from /opt/airflow/dags/submit_spark_dag.py
[2026-05-20T13:08:58.719+0000] {processor.py:925} INFO - DAG(s) 'hello_spark' retrieved from /opt/airflow/dags/submit_spark_dag.py
[2026-05-20T13:08:58.733+0000] {logging_mixin.py:190} INFO - [2026-05-20T13:08:58.733+0000] {dag.py:3239} INFO - Sync 1 DAGs
[2026-05-20T13:08:58.749+0000] {logging_mixin.py:190} INFO - [2026-05-20T13:08:58.749+0000] {dag.py:4180} INFO - Setting next_dagrun for hello_spark to 2026-05-19 00:00:00+00:00, run_after=2026-05-20 00:00:00+00:00
[2026-05-20T13:08:58.761+0000] {processor.py:208} INFO - Processing /opt/airflow/dags/submit_spark_dag.py took 0.056 seconds
[2026-05-20T13:09:29.313+0000] {processor.py:186} INFO - Started process (PID=8689) to work on /opt/airflow/dags/submit_spark_dag.py
[2026-05-20T13:09:29.314+0000] {processor.py:914} INFO - Processing file /opt/airflow/dags/submit_spark_dag.py for tasks to queue
[2026-05-20T13:09:29.315+0000] {logging_mixin.py:190} INFO - [2026-05-20T13:09:29.314+0000] {dagbag.py:588} INFO - Filling up the DagBag from /opt/airflow/dags/submit_spark_dag.py
[2026-05-20T13:09:29.324+0000] {processor.py:925} INFO - DAG(s) 'hello_spark' retrieved from /opt/airflow/dags/submit_spark_dag.py
[2026-05-20T13:09:29.343+0000] {logging_mixin.py:190} INFO - [2026-05-20T13:09:29.343+0000] {dag.py:3239} INFO - Sync 1 DAGs
[2026-05-20T13:09:29.362+0000] {logging_mixin.py:190} INFO - [2026-05-20T13:09:29.362+0000] {dag.py:4180} INFO - Setting next_dagrun for hello_spark to 2026-05-19 00:00:00+00:00, run_after=2026-05-20 00:00:00+00:00
[2026-05-20T13:09:29.375+0000] {processor.py:208} INFO - Processing /opt/airflow/dags/submit_spark_dag.py took 0.068 seconds
[2026-05-20T13:09:59.971+0000] {processor.py:186} INFO - Started process (PID=8703) to work on /opt/airflow/dags/submit_spark_dag.py
[2026-05-20T13:09:59.972+0000] {processor.py:914} INFO - Processing file /opt/airflow/dags/submit_spark_dag.py for tasks to queue
[2026-05-20T13:09:59.973+0000] {logging_mixin.py:190} INFO - [2026-05-20T13:09:59.973+0000] {dagbag.py:588} INFO - Filling up the DagBag from /opt/airflow/dags/submit_spark_dag.py
[2026-05-20T13:09:59.982+0000] {processor.py:925} INFO - DAG(s) 'hello_spark' retrieved from /opt/airflow/dags/submit_spark_dag.py
[2026-05-20T13:09:59.998+0000] {logging_mixin.py:190} INFO - [2026-05-20T13:09:59.998+0000] {dag.py:3239} INFO - Sync 1 DAGs
[2026-05-20T13:10:00.015+0000] {logging_mixin.py:190} INFO - [2026-05-20T13:10:00.015+0000] {dag.py:4180} INFO - Setting next_dagrun for hello_spark to 2026-05-19 00:00:00+00:00, run_after=2026-05-20 00:00:00+00:00
[2026-05-20T13:10:00.027+0000] {processor.py:208} INFO - Processing /opt/airflow/dags/submit_spark_dag.py took 0.066 seconds
[2026-05-20T13:10:30.503+0000] {processor.py:186} INFO - Started process (PID=8718) to work on /opt/airflow/dags/submit_spark_dag.py
[2026-05-20T13:10:30.504+0000] {processor.py:914} INFO - Processing file /opt/airflow/dags/submit_spark_dag.py for tasks to queue
[2026-05-20T13:10:30.505+0000] {logging_mixin.py:190} INFO - [2026-05-20T13:10:30.505+0000] {dagbag.py:588} INFO - Filling up the DagBag from /opt/airflow/dags/submit_spark_dag.py
[2026-05-20T13:10:30.512+0000] {processor.py:925} INFO - DAG(s) 'hello_spark' retrieved from /opt/airflow/dags/submit_spark_dag.py
[2026-05-20T13:10:30.527+0000] {logging_mixin.py:190} INFO - [2026-05-20T13:10:30.527+0000] {dag.py:3239} INFO - Sync 1 DAGs
[2026-05-20T13:10:30.544+0000] {logging_mixin.py:190} INFO - [2026-05-20T13:10:30.544+0000] {dag.py:4180} INFO - Setting next_dagrun for hello_spark to 2026-05-19 00:00:00+00:00, run_after=2026-05-20 00:00:00+00:00
[2026-05-20T13:10:30.555+0000] {processor.py:208} INFO - Processing /opt/airflow/dags/submit_spark_dag.py took 0.056 seconds
[2026-05-20T13:11:00.874+0000] {processor.py:186} INFO - Started process (PID=8733) to work on /opt/airflow/dags/submit_spark_dag.py
[2026-05-20T13:11:00.875+0000] {processor.py:914} INFO - Processing file /opt/airflow/dags/submit_spark_dag.py for tasks to queue
[2026-05-20T13:11:00.876+0000] {logging_mixin.py:190} INFO - [2026-05-20T13:11:00.875+0000] {dagbag.py:588} INFO - Filling up the DagBag from /opt/airflow/dags/submit_spark_dag.py
[2026-05-20T13:11:00.882+0000] {processor.py:925} INFO - DAG(s) 'hello_spark' retrieved from /opt/airflow/dags/submit_spark_dag.py
[2026-05-20T13:11:00.899+0000] {logging_mixin.py:190} INFO - [2026-05-20T13:11:00.899+0000] {dag.py:3239} INFO - Sync 1 DAGs
[2026-05-20T13:11:00.916+0000] {logging_mixin.py:190} INFO - [2026-05-20T13:11:00.916+0000] {dag.py:4180} INFO - Setting next_dagrun for hello_spark to 2026-05-19 00:00:00+00:00, run_after=2026-05-20 00:00:00+00:00
[2026-05-20T13:11:00.929+0000] {processor.py:208} INFO - Processing /opt/airflow/dags/submit_spark_dag.py took 0.059 seconds
[2026-05-20T13:11:31.426+0000] {processor.py:186} INFO - Started process (PID=8747) to work on /opt/airflow/dags/submit_spark_dag.py
[2026-05-20T13:11:31.427+0000] {processor.py:914} INFO - Processing file /opt/airflow/dags/submit_spark_dag.py for tasks to queue
[2026-05-20T13:11:31.428+0000] {logging_mixin.py:190} INFO - [2026-05-20T13:11:31.427+0000] {dagbag.py:588} INFO - Filling up the DagBag from /opt/airflow/dags/submit_spark_dag.py
[2026-05-20T13:11:31.435+0000] {processor.py:925} INFO - DAG(s) 'hello_spark' retrieved from /opt/airflow/dags/submit_spark_dag.py
[2026-05-20T13:11:31.451+0000] {logging_mixin.py:190} INFO - [2026-05-20T13:11:31.451+0000] {dag.py:3239} INFO - Sync 1 DAGs
[2026-05-20T13:11:31.469+0000] {logging_mixin.py:190} INFO - [2026-05-20T13:11:31.469+0000] {dag.py:4180} INFO - Setting next_dagrun for hello_spark to 2026-05-19 00:00:00+00:00, run_after=2026-05-20 00:00:00+00:00
[2026-05-20T13:11:31.483+0000] {processor.py:208} INFO - Processing /opt/airflow/dags/submit_spark_dag.py took 0.061 seconds
[2026-05-20T13:12:02.015+0000] {processor.py:186} INFO - Started process (PID=8762) to work on /opt/airflow/dags/submit_spark_dag.py
[2026-05-20T13:12:02.016+0000] {processor.py:914} INFO - Processing file /opt/airflow/dags/submit_spark_dag.py for tasks to queue
[2026-05-20T13:12:02.016+0000] {logging_mixin.py:190} INFO - [2026-05-20T13:12:02.016+0000] {dagbag.py:588} INFO - Filling up the DagBag from /opt/airflow/dags/submit_spark_dag.py
[2026-05-20T13:12:02.024+0000] {processor.py:925} INFO - DAG(s) 'hello_spark' retrieved from /opt/airflow/dags/submit_spark_dag.py
[2026-05-20T13:12:02.042+0000] {logging_mixin.py:190} INFO - [2026-05-20T13:12:02.042+0000] {dag.py:3239} INFO - Sync 1 DAGs
[2026-05-20T13:12:02.060+0000] {logging_mixin.py:190} INFO - [2026-05-20T13:12:02.060+0000] {dag.py:4180} INFO - Setting next_dagrun for hello_spark to 2026-05-19 00:00:00+00:00, run_after=2026-05-20 00:00:00+00:00
[2026-05-20T13:12:02.072+0000] {processor.py:208} INFO - Processing /opt/airflow/dags/submit_spark_dag.py took 0.063 seconds
[2026-05-20T13:12:32.546+0000] {processor.py:186} INFO - Started process (PID=8776) to work on /opt/airflow/dags/submit_spark_dag.py
[2026-05-20T13:12:32.547+0000] {processor.py:914} INFO - Processing file /opt/airflow/dags/submit_spark_dag.py for tasks to queue
[2026-05-20T13:12:32.548+0000] {logging_mixin.py:190} INFO - [2026-05-20T13:12:32.547+0000] {dagbag.py:588} INFO - Filling up the DagBag from /opt/airflow/dags/submit_spark_dag.py
[2026-05-20T13:12:32.554+0000] {processor.py:925} INFO - DAG(s) 'hello_spark' retrieved from /opt/airflow/dags/submit_spark_dag.py
[2026-05-20T13:12:32.572+0000] {logging_mixin.py:190} INFO - [2026-05-20T13:12:32.572+0000] {dag.py:3239} INFO - Sync 1 DAGs
[2026-05-20T13:12:32.590+0000] {logging_mixin.py:190} INFO - [2026-05-20T13:12:32.590+0000] {dag.py:4180} INFO - Setting next_dagrun for hello_spark to 2026-05-19 00:00:00+00:00, run_after=2026-05-20 00:00:00+00:00
[2026-05-20T13:12:32.604+0000] {processor.py:208} INFO - Processing /opt/airflow/dags/submit_spark_dag.py took 0.061 seconds
[2026-05-20T13:13:03.149+0000] {processor.py:186} INFO - Started process (PID=8790) to work on /opt/airflow/dags/submit_spark_dag.py
[2026-05-20T13:13:03.150+0000] {processor.py:914} INFO - Processing file /opt/airflow/dags/submit_spark_dag.py for tasks to queue
[2026-05-20T13:13:03.151+0000] {logging_mixin.py:190} INFO - [2026-05-20T13:13:03.150+0000] {dagbag.py:588} INFO - Filling up the DagBag from /opt/airflow/dags/submit_spark_dag.py
[2026-05-20T13:13:03.158+0000] {processor.py:925} INFO - DAG(s) 'hello_spark' retrieved from /opt/airflow/dags/submit_spark_dag.py
[2026-05-20T13:13:03.174+0000] {logging_mixin.py:190} INFO - [2026-05-20T13:13:03.174+0000] {dag.py:3239} INFO - Sync 1 DAGs
[2026-05-20T13:13:03.191+0000] {logging_mixin.py:190} INFO - [2026-05-20T13:13:03.191+0000] {dag.py:4180} INFO - Setting next_dagrun for hello_spark to 2026-05-19 00:00:00+00:00, run_after=2026-05-20 00:00:00+00:00
[2026-05-20T13:13:03.204+0000] {processor.py:208} INFO - Processing /opt/airflow/dags/submit_spark_dag.py took 0.059 seconds
[2026-05-20T13:13:33.698+0000] {processor.py:186} INFO - Started process (PID=8804) to work on /opt/airflow/dags/submit_spark_dag.py
[2026-05-20T13:13:33.698+0000] {processor.py:914} INFO - Processing file /opt/airflow/dags/submit_spark_dag.py for tasks to queue
[2026-05-20T13:13:33.699+0000] {logging_mixin.py:190} INFO - [2026-05-20T13:13:33.699+0000] {dagbag.py:588} INFO - Filling up the DagBag from /opt/airflow/dags/submit_spark_dag.py
[2026-05-20T13:13:33.706+0000] {processor.py:925} INFO - DAG(s) 'hello_spark' retrieved from /opt/airflow/dags/submit_spark_dag.py
[2026-05-20T13:13:33.724+0000] {logging_mixin.py:190} INFO - [2026-05-20T13:13:33.724+0000] {dag.py:3239} INFO - Sync 1 DAGs
[2026-05-20T13:13:33.741+0000] {logging_mixin.py:190} INFO - [2026-05-20T13:13:33.741+0000] {dag.py:4180} INFO - Setting next_dagrun for hello_spark to 2026-05-19 00:00:00+00:00, run_after=2026-05-20 00:00:00+00:00
[2026-05-20T13:13:33.754+0000] {processor.py:208} INFO - Processing /opt/airflow/dags/submit_spark_dag.py took 0.061 seconds
[2026-05-20T13:14:04.282+0000] {processor.py:186} INFO - Started process (PID=8818) to work on /opt/airflow/dags/submit_spark_dag.py
[2026-05-20T13:14:04.282+0000] {processor.py:914} INFO - Processing file /opt/airflow/dags/submit_spark_dag.py for tasks to queue
[2026-05-20T13:14:04.283+0000] {logging_mixin.py:190} INFO - [2026-05-20T13:14:04.283+0000] {dagbag.py:588} INFO - Filling up the DagBag from /opt/airflow/dags/submit_spark_dag.py
[2026-05-20T13:14:04.290+0000] {processor.py:925} INFO - DAG(s) 'hello_spark' retrieved from /opt/airflow/dags/submit_spark_dag.py
[2026-05-20T13:14:04.306+0000] {logging_mixin.py:190} INFO - [2026-05-20T13:14:04.305+0000] {dag.py:3239} INFO - Sync 1 DAGs
[2026-05-20T13:14:04.323+0000] {logging_mixin.py:190} INFO - [2026-05-20T13:14:04.323+0000] {dag.py:4180} INFO - Setting next_dagrun for hello_spark to 2026-05-19 00:00:00+00:00, run_after=2026-05-20 00:00:00+00:00
[2026-05-20T13:14:04.336+0000] {processor.py:208} INFO - Processing /opt/airflow/dags/submit_spark_dag.py took 0.058 seconds
[2026-05-20T13:14:34.984+0000] {processor.py:186} INFO - Started process (PID=8832) to work on /opt/airflow/dags/submit_spark_dag.py
[2026-05-20T13:14:34.985+0000] {processor.py:914} INFO - Processing file /opt/airflow/dags/submit_spark_dag.py for tasks to queue
[2026-05-20T13:14:34.985+0000] {logging_mixin.py:190} INFO - [2026-05-20T13:14:34.985+0000] {dagbag.py:588} INFO - Filling up the DagBag from /opt/airflow/dags/submit_spark_dag.py
[2026-05-20T13:14:34.993+0000] {processor.py:925} INFO - DAG(s) 'hello_spark' retrieved from /opt/airflow/dags/submit_spark_dag.py
[2026-05-20T13:14:35.009+0000] {logging_mixin.py:190} INFO - [2026-05-20T13:14:35.009+0000] {dag.py:3239} INFO - Sync 1 DAGs
[2026-05-20T13:14:35.027+0000] {logging_mixin.py:190} INFO - [2026-05-20T13:14:35.027+0000] {dag.py:4180} INFO - Setting next_dagrun for hello_spark to 2026-05-19 00:00:00+00:00, run_after=2026-05-20 00:00:00+00:00
[2026-05-20T13:14:35.040+0000] {processor.py:208} INFO - Processing /opt/airflow/dags/submit_spark_dag.py took 0.060 seconds
[2026-05-20T13:15:05.578+0000] {processor.py:186} INFO - Started process (PID=8846) to work on /opt/airflow/dags/submit_spark_dag.py
[2026-05-20T13:15:05.578+0000] {processor.py:914} INFO - Processing file /opt/airflow/dags/submit_spark_dag.py for tasks to queue
[2026-05-20T13:15:05.579+0000] {logging_mixin.py:190} INFO - [2026-05-20T13:15:05.579+0000] {dagbag.py:588} INFO - Filling up the DagBag from /opt/airflow/dags/submit_spark_dag.py
[2026-05-20T13:15:05.585+0000] {processor.py:925} INFO - DAG(s) 'hello_spark' retrieved from /opt/airflow/dags/submit_spark_dag.py
[2026-05-20T13:15:05.603+0000] {logging_mixin.py:190} INFO - [2026-05-20T13:15:05.603+0000] {dag.py:3239} INFO - Sync 1 DAGs
[2026-05-20T13:15:05.621+0000] {logging_mixin.py:190} INFO - [2026-05-20T13:15:05.621+0000] {dag.py:4180} INFO - Setting next_dagrun for hello_spark to 2026-05-19 00:00:00+00:00, run_after=2026-05-20 00:00:00+00:00
[2026-05-20T13:15:05.637+0000] {processor.py:208} INFO - Processing /opt/airflow/dags/submit_spark_dag.py took 0.063 seconds
[2026-05-20T13:15:36.220+0000] {processor.py:186} INFO - Started process (PID=8859) to work on /opt/airflow/dags/submit_spark_dag.py
[2026-05-20T13:15:36.221+0000] {processor.py:914} INFO - Processing file /opt/airflow/dags/submit_spark_dag.py for tasks to queue
[2026-05-20T13:15:36.222+0000] {logging_mixin.py:190} INFO - [2026-05-20T13:15:36.222+0000] {dagbag.py:588} INFO - Filling up the DagBag from /opt/airflow/dags/submit_spark_dag.py
[2026-05-20T13:15:36.228+0000] {processor.py:925} INFO - DAG(s) 'hello_spark' retrieved from /opt/airflow/dags/submit_spark_dag.py
[2026-05-20T13:15:36.244+0000] {logging_mixin.py:190} INFO - [2026-05-20T13:15:36.244+0000] {dag.py:3239} INFO - Sync 1 DAGs
[2026-05-20T13:15:36.261+0000] {logging_mixin.py:190} INFO - [2026-05-20T13:15:36.260+0000] {dag.py:4180} INFO - Setting next_dagrun for hello_spark to 2026-05-19 00:00:00+00:00, run_after=2026-05-20 00:00:00+00:00
[2026-05-20T13:15:36.273+0000] {processor.py:208} INFO - Processing /opt/airflow/dags/submit_spark_dag.py took 0.058 seconds
[2026-05-20T13:16:06.811+0000] {processor.py:186} INFO - Started process (PID=8874) to work on /opt/airflow/dags/submit_spark_dag.py
[2026-05-20T13:16:06.812+0000] {processor.py:914} INFO - Processing file /opt/airflow/dags/submit_spark_dag.py for tasks to queue
[2026-05-20T13:16:06.812+0000] {logging_mixin.py:190} INFO - [2026-05-20T13:16:06.812+0000] {dagbag.py:588} INFO - Filling up the DagBag from /opt/airflow/dags/submit_spark_dag.py
[2026-05-20T13:16:06.819+0000] {processor.py:925} INFO - DAG(s) 'hello_spark' retrieved from /opt/airflow/dags/submit_spark_dag.py
[2026-05-20T13:16:06.836+0000] {logging_mixin.py:190} INFO - [2026-05-20T13:16:06.836+0000] {dag.py:3239} INFO - Sync 1 DAGs
[2026-05-20T13:16:06.854+0000] {logging_mixin.py:190} INFO - [2026-05-20T13:16:06.854+0000] {dag.py:4180} INFO - Setting next_dagrun for hello_spark to 2026-05-19 00:00:00+00:00, run_after=2026-05-20 00:00:00+00:00
[2026-05-20T13:16:06.866+0000] {processor.py:208} INFO - Processing /opt/airflow/dags/submit_spark_dag.py took 0.060 seconds
[2026-05-20T13:16:37.346+0000] {processor.py:186} INFO - Started process (PID=8889) to work on /opt/airflow/dags/submit_spark_dag.py
[2026-05-20T13:16:37.347+0000] {processor.py:914} INFO - Processing file /opt/airflow/dags/submit_spark_dag.py for tasks to queue
[2026-05-20T13:16:37.349+0000] {logging_mixin.py:190} INFO - [2026-05-20T13:16:37.348+0000] {dagbag.py:588} INFO - Filling up the DagBag from /opt/airflow/dags/submit_spark_dag.py
[2026-05-20T13:16:37.360+0000] {processor.py:925} INFO - DAG(s) 'hello_spark' retrieved from /opt/airflow/dags/submit_spark_dag.py
[2026-05-20T13:16:37.375+0000] {logging_mixin.py:190} INFO - [2026-05-20T13:16:37.374+0000] {dag.py:3239} INFO - Sync 1 DAGs
[2026-05-20T13:16:37.393+0000] {logging_mixin.py:190} INFO - [2026-05-20T13:16:37.392+0000] {dag.py:4180} INFO - Setting next_dagrun for hello_spark to 2026-05-19 00:00:00+00:00, run_after=2026-05-20 00:00:00+00:00
[2026-05-20T13:16:37.404+0000] {processor.py:208} INFO - Processing /opt/airflow/dags/submit_spark_dag.py took 0.069 seconds
[2026-05-20T13:17:07.922+0000] {processor.py:186} INFO - Started process (PID=8903) to work on /opt/airflow/dags/submit_spark_dag.py
[2026-05-20T13:17:07.930+0000] {processor.py:914} INFO - Processing file /opt/airflow/dags/submit_spark_dag.py for tasks to queue
[2026-05-20T13:17:07.931+0000] {logging_mixin.py:190} INFO - [2026-05-20T13:17:07.930+0000] {dagbag.py:588} INFO - Filling up the DagBag from /opt/airflow/dags/submit_spark_dag.py
[2026-05-20T13:17:07.937+0000] {processor.py:925} INFO - DAG(s) 'hello_spark' retrieved from /opt/airflow/dags/submit_spark_dag.py
[2026-05-20T13:17:07.955+0000] {logging_mixin.py:190} INFO - [2026-05-20T13:17:07.954+0000] {dag.py:3239} INFO - Sync 1 DAGs
[2026-05-20T13:17:07.971+0000] {logging_mixin.py:190} INFO - [2026-05-20T13:17:07.971+0000] {dag.py:4180} INFO - Setting next_dagrun for hello_spark to 2026-05-19 00:00:00+00:00, run_after=2026-05-20 00:00:00+00:00
[2026-05-20T13:17:07.984+0000] {processor.py:208} INFO - Processing /opt/airflow/dags/submit_spark_dag.py took 0.067 seconds
[2026-05-20T13:17:38.547+0000] {processor.py:186} INFO - Started process (PID=8917) to work on /opt/airflow/dags/submit_spark_dag.py
[2026-05-20T13:17:38.547+0000] {processor.py:914} INFO - Processing file /opt/airflow/dags/submit_spark_dag.py for tasks to queue
[2026-05-20T13:17:38.548+0000] {logging_mixin.py:190} INFO - [2026-05-20T13:17:38.548+0000] {dagbag.py:588} INFO - Filling up the DagBag from /opt/airflow/dags/submit_spark_dag.py
[2026-05-20T13:17:38.554+0000] {processor.py:925} INFO - DAG(s) 'hello_spark' retrieved from /opt/airflow/dags/submit_spark_dag.py
[2026-05-20T13:17:38.572+0000] {logging_mixin.py:190} INFO - [2026-05-20T13:17:38.572+0000] {dag.py:3239} INFO - Sync 1 DAGs
[2026-05-20T13:17:38.589+0000] {logging_mixin.py:190} INFO - [2026-05-20T13:17:38.589+0000] {dag.py:4180} INFO - Setting next_dagrun for hello_spark to 2026-05-19 00:00:00+00:00, run_after=2026-05-20 00:00:00+00:00
[2026-05-20T13:17:38.602+0000] {processor.py:208} INFO - Processing /opt/airflow/dags/submit_spark_dag.py took 0.059 seconds
[2026-05-20T13:18:09.150+0000] {processor.py:186} INFO - Started process (PID=8931) to work on /opt/airflow/dags/submit_spark_dag.py
[2026-05-20T13:18:09.151+0000] {processor.py:914} INFO - Processing file /opt/airflow/dags/submit_spark_dag.py for tasks to queue
[2026-05-20T13:18:09.152+0000] {logging_mixin.py:190} INFO - [2026-05-20T13:18:09.152+0000] {dagbag.py:588} INFO - Filling up the DagBag from /opt/airflow/dags/submit_spark_dag.py
[2026-05-20T13:18:09.159+0000] {processor.py:925} INFO - DAG(s) 'hello_spark' retrieved from /opt/airflow/dags/submit_spark_dag.py
[2026-05-20T13:18:09.174+0000] {logging_mixin.py:190} INFO - [2026-05-20T13:18:09.174+0000] {dag.py:3239} INFO - Sync 1 DAGs
[2026-05-20T13:18:09.191+0000] {logging_mixin.py:190} INFO - [2026-05-20T13:18:09.191+0000] {dag.py:4180} INFO - Setting next_dagrun for hello_spark to 2026-05-19 00:00:00+00:00, run_after=2026-05-20 00:00:00+00:00
[2026-05-20T13:18:09.203+0000] {processor.py:208} INFO - Processing /opt/airflow/dags/submit_spark_dag.py took 0.061 seconds
[2026-05-20T13:18:39.785+0000] {processor.py:186} INFO - Started process (PID=8951) to work on /opt/airflow/dags/submit_spark_dag.py
[2026-05-20T13:18:39.786+0000] {processor.py:914} INFO - Processing file /opt/airflow/dags/submit_spark_dag.py for tasks to queue
[2026-05-20T13:18:39.787+0000] {logging_mixin.py:190} INFO - [2026-05-20T13:18:39.787+0000] {dagbag.py:588} INFO - Filling up the DagBag from /opt/airflow/dags/submit_spark_dag.py
[2026-05-20T13:18:39.794+0000] {processor.py:925} INFO - DAG(s) 'hello_spark' retrieved from /opt/airflow/dags/submit_spark_dag.py
[2026-05-20T13:18:39.811+0000] {logging_mixin.py:190} INFO - [2026-05-20T13:18:39.811+0000] {dag.py:3239} INFO - Sync 1 DAGs
[2026-05-20T13:18:39.827+0000] {logging_mixin.py:190} INFO - [2026-05-20T13:18:39.827+0000] {dag.py:4180} INFO - Setting next_dagrun for hello_spark to 2026-05-19 00:00:00+00:00, run_after=2026-05-20 00:00:00+00:00
[2026-05-20T13:18:39.844+0000] {processor.py:208} INFO - Processing /opt/airflow/dags/submit_spark_dag.py took 0.063 seconds
[2026-05-20T13:19:10.366+0000] {processor.py:186} INFO - Started process (PID=8965) to work on /opt/airflow/dags/submit_spark_dag.py
[2026-05-20T13:19:10.367+0000] {processor.py:914} INFO - Processing file /opt/airflow/dags/submit_spark_dag.py for tasks to queue
[2026-05-20T13:19:10.368+0000] {logging_mixin.py:190} INFO - [2026-05-20T13:19:10.367+0000] {dagbag.py:588} INFO - Filling up the DagBag from /opt/airflow/dags/submit_spark_dag.py
[2026-05-20T13:19:10.374+0000] {processor.py:925} INFO - DAG(s) 'hello_spark' retrieved from /opt/airflow/dags/submit_spark_dag.py
[2026-05-20T13:19:10.393+0000] {logging_mixin.py:190} INFO - [2026-05-20T13:19:10.392+0000] {dag.py:3239} INFO - Sync 1 DAGs
[2026-05-20T13:19:10.410+0000] {logging_mixin.py:190} INFO - [2026-05-20T13:19:10.410+0000] {dag.py:4180} INFO - Setting next_dagrun for hello_spark to 2026-05-19 00:00:00+00:00, run_after=2026-05-20 00:00:00+00:00
[2026-05-20T13:19:10.423+0000] {processor.py:208} INFO - Processing /opt/airflow/dags/submit_spark_dag.py took 0.062 seconds
[2026-05-20T13:19:40.965+0000] {processor.py:186} INFO - Started process (PID=8979) to work on /opt/airflow/dags/submit_spark_dag.py
[2026-05-20T13:19:40.966+0000] {processor.py:914} INFO - Processing file /opt/airflow/dags/submit_spark_dag.py for tasks to queue
[2026-05-20T13:19:40.967+0000] {logging_mixin.py:190} INFO - [2026-05-20T13:19:40.967+0000] {dagbag.py:588} INFO - Filling up the DagBag from /opt/airflow/dags/submit_spark_dag.py
[2026-05-20T13:19:40.974+0000] {processor.py:925} INFO - DAG(s) 'hello_spark' retrieved from /opt/airflow/dags/submit_spark_dag.py
[2026-05-20T13:19:40.991+0000] {logging_mixin.py:190} INFO - [2026-05-20T13:19:40.991+0000] {dag.py:3239} INFO - Sync 1 DAGs
[2026-05-20T13:19:41.008+0000] {logging_mixin.py:190} INFO - [2026-05-20T13:19:41.008+0000] {dag.py:4180} INFO - Setting next_dagrun for hello_spark to 2026-05-19 00:00:00+00:00, run_after=2026-05-20 00:00:00+00:00
[2026-05-20T13:19:41.021+0000] {processor.py:208} INFO - Processing /opt/airflow/dags/submit_spark_dag.py took 0.060 seconds
[2026-05-20T13:20:11.555+0000] {processor.py:186} INFO - Started process (PID=8994) to work on /opt/airflow/dags/submit_spark_dag.py
[2026-05-20T13:20:11.557+0000] {processor.py:914} INFO - Processing file /opt/airflow/dags/submit_spark_dag.py for tasks to queue
[2026-05-20T13:20:11.557+0000] {logging_mixin.py:190} INFO - [2026-05-20T13:20:11.557+0000] {dagbag.py:588} INFO - Filling up the DagBag from /opt/airflow/dags/submit_spark_dag.py
[2026-05-20T13:20:11.564+0000] {processor.py:925} INFO - DAG(s) 'hello_spark' retrieved from /opt/airflow/dags/submit_spark_dag.py
[2026-05-20T13:20:11.581+0000] {logging_mixin.py:190} INFO - [2026-05-20T13:20:11.581+0000] {dag.py:3239} INFO - Sync 1 DAGs
[2026-05-20T13:20:11.598+0000] {logging_mixin.py:190} INFO - [2026-05-20T13:20:11.598+0000] {dag.py:4180} INFO - Setting next_dagrun for hello_spark to 2026-05-19 00:00:00+00:00, run_after=2026-05-20 00:00:00+00:00
[2026-05-20T13:20:11.611+0000] {processor.py:208} INFO - Processing /opt/airflow/dags/submit_spark_dag.py took 0.060 seconds
[2026-05-20T13:20:42.128+0000] {processor.py:186} INFO - Started process (PID=9008) to work on /opt/airflow/dags/submit_spark_dag.py
[2026-05-20T13:20:42.128+0000] {processor.py:914} INFO - Processing file /opt/airflow/dags/submit_spark_dag.py for tasks to queue
[2026-05-20T13:20:42.129+0000] {logging_mixin.py:190} INFO - [2026-05-20T13:20:42.129+0000] {dagbag.py:588} INFO - Filling up the DagBag from /opt/airflow/dags/submit_spark_dag.py
[2026-05-20T13:20:42.135+0000] {processor.py:925} INFO - DAG(s) 'hello_spark' retrieved from /opt/airflow/dags/submit_spark_dag.py
[2026-05-20T13:20:42.153+0000] {logging_mixin.py:190} INFO - [2026-05-20T13:20:42.152+0000] {dag.py:3239} INFO - Sync 1 DAGs
[2026-05-20T13:20:42.170+0000] {logging_mixin.py:190} INFO - [2026-05-20T13:20:42.170+0000] {dag.py:4180} INFO - Setting next_dagrun for hello_spark to 2026-05-19 00:00:00+00:00, run_after=2026-05-20 00:00:00+00:00
[2026-05-20T13:20:42.183+0000] {processor.py:208} INFO - Processing /opt/airflow/dags/submit_spark_dag.py took 0.059 seconds
[2026-05-20T13:21:12.735+0000] {processor.py:186} INFO - Started process (PID=9022) to work on /opt/airflow/dags/submit_spark_dag.py
[2026-05-20T13:21:12.736+0000] {processor.py:914} INFO - Processing file /opt/airflow/dags/submit_spark_dag.py for tasks to queue
[2026-05-20T13:21:12.737+0000] {logging_mixin.py:190} INFO - [2026-05-20T13:21:12.737+0000] {dagbag.py:588} INFO - Filling up the DagBag from /opt/airflow/dags/submit_spark_dag.py
[2026-05-20T13:21:12.745+0000] {processor.py:925} INFO - DAG(s) 'hello_spark' retrieved from /opt/airflow/dags/submit_spark_dag.py
[2026-05-20T13:21:12.761+0000] {logging_mixin.py:190} INFO - [2026-05-20T13:21:12.761+0000] {dag.py:3239} INFO - Sync 1 DAGs
[2026-05-20T13:21:12.777+0000] {logging_mixin.py:190} INFO - [2026-05-20T13:21:12.776+0000] {dag.py:4180} INFO - Setting next_dagrun for hello_spark to 2026-05-19 00:00:00+00:00, run_after=2026-05-20 00:00:00+00:00
[2026-05-20T13:21:12.789+0000] {processor.py:208} INFO - Processing /opt/airflow/dags/submit_spark_dag.py took 0.061 seconds
[2026-05-20T13:21:43.372+0000] {processor.py:186} INFO - Started process (PID=9036) to work on /opt/airflow/dags/submit_spark_dag.py
[2026-05-20T13:21:43.372+0000] {processor.py:914} INFO - Processing file /opt/airflow/dags/submit_spark_dag.py for tasks to queue
[2026-05-20T13:21:43.373+0000] {logging_mixin.py:190} INFO - [2026-05-20T13:21:43.373+0000] {dagbag.py:588} INFO - Filling up the DagBag from /opt/airflow/dags/submit_spark_dag.py
[2026-05-20T13:21:43.379+0000] {processor.py:925} INFO - DAG(s) 'hello_spark' retrieved from /opt/airflow/dags/submit_spark_dag.py
[2026-05-20T13:21:43.395+0000] {logging_mixin.py:190} INFO - [2026-05-20T13:21:43.395+0000] {dag.py:3239} INFO - Sync 1 DAGs
[2026-05-20T13:21:43.412+0000] {logging_mixin.py:190} INFO - [2026-05-20T13:21:43.412+0000] {dag.py:4180} INFO - Setting next_dagrun for hello_spark to 2026-05-19 00:00:00+00:00, run_after=2026-05-20 00:00:00+00:00
[2026-05-20T13:21:43.425+0000] {processor.py:208} INFO - Processing /opt/airflow/dags/submit_spark_dag.py took 0.057 seconds
[2026-05-20T13:22:13.894+0000] {processor.py:186} INFO - Started process (PID=9050) to work on /opt/airflow/dags/submit_spark_dag.py
[2026-05-20T13:22:13.895+0000] {processor.py:914} INFO - Processing file /opt/airflow/dags/submit_spark_dag.py for tasks to queue
[2026-05-20T13:22:13.896+0000] {logging_mixin.py:190} INFO - [2026-05-20T13:22:13.896+0000] {dagbag.py:588} INFO - Filling up the DagBag from /opt/airflow/dags/submit_spark_dag.py
[2026-05-20T13:22:13.904+0000] {processor.py:925} INFO - DAG(s) 'hello_spark' retrieved from /opt/airflow/dags/submit_spark_dag.py
[2026-05-20T13:22:13.923+0000] {logging_mixin.py:190} INFO - [2026-05-20T13:22:13.922+0000] {dag.py:3239} INFO - Sync 1 DAGs
[2026-05-20T13:22:13.942+0000] {logging_mixin.py:190} INFO - [2026-05-20T13:22:13.942+0000] {dag.py:4180} INFO - Setting next_dagrun for hello_spark to 2026-05-19 00:00:00+00:00, run_after=2026-05-20 00:00:00+00:00
[2026-05-20T13:22:13.957+0000] {processor.py:208} INFO - Processing /opt/airflow/dags/submit_spark_dag.py took 0.067 seconds
[2026-05-20T13:22:44.497+0000] {processor.py:186} INFO - Started process (PID=9064) to work on /opt/airflow/dags/submit_spark_dag.py
[2026-05-20T13:22:44.498+0000] {processor.py:914} INFO - Processing file /opt/airflow/dags/submit_spark_dag.py for tasks to queue
[2026-05-20T13:22:44.499+0000] {logging_mixin.py:190} INFO - [2026-05-20T13:22:44.499+0000] {dagbag.py:588} INFO - Filling up the DagBag from /opt/airflow/dags/submit_spark_dag.py
[2026-05-20T13:22:44.506+0000] {processor.py:925} INFO - DAG(s) 'hello_spark' retrieved from /opt/airflow/dags/submit_spark_dag.py
[2026-05-20T13:22:44.526+0000] {logging_mixin.py:190} INFO - [2026-05-20T13:22:44.525+0000] {dag.py:3239} INFO - Sync 1 DAGs
[2026-05-20T13:22:44.543+0000] {logging_mixin.py:190} INFO - [2026-05-20T13:22:44.543+0000] {dag.py:4180} INFO - Setting next_dagrun for hello_spark to 2026-05-19 00:00:00+00:00, run_after=2026-05-20 00:00:00+00:00
[2026-05-20T13:22:44.555+0000] {processor.py:208} INFO - Processing /opt/airflow/dags/submit_spark_dag.py took 0.062 seconds
[2026-05-20T13:23:15.145+0000] {processor.py:186} INFO - Started process (PID=9078) to work on /opt/airflow/dags/submit_spark_dag.py
[2026-05-20T13:23:15.146+0000] {processor.py:914} INFO - Processing file /opt/airflow/dags/submit_spark_dag.py for tasks to queue
[2026-05-20T13:23:15.146+0000] {logging_mixin.py:190} INFO - [2026-05-20T13:23:15.146+0000] {dagbag.py:588} INFO - Filling up the DagBag from /opt/airflow/dags/submit_spark_dag.py
[2026-05-20T13:23:15.153+0000] {processor.py:925} INFO - DAG(s) 'hello_spark' retrieved from /opt/airflow/dags/submit_spark_dag.py
[2026-05-20T13:23:15.171+0000] {logging_mixin.py:190} INFO - [2026-05-20T13:23:15.171+0000] {dag.py:3239} INFO - Sync 1 DAGs
[2026-05-20T13:23:15.189+0000] {logging_mixin.py:190} INFO - [2026-05-20T13:23:15.189+0000] {dag.py:4180} INFO - Setting next_dagrun for hello_spark to 2026-05-19 00:00:00+00:00, run_after=2026-05-20 00:00:00+00:00
[2026-05-20T13:23:15.203+0000] {processor.py:208} INFO - Processing /opt/airflow/dags/submit_spark_dag.py took 0.062 seconds
[2026-05-20T13:23:45.728+0000] {processor.py:186} INFO - Started process (PID=9092) to work on /opt/airflow/dags/submit_spark_dag.py
[2026-05-20T13:23:45.729+0000] {processor.py:914} INFO - Processing file /opt/airflow/dags/submit_spark_dag.py for tasks to queue
[2026-05-20T13:23:45.730+0000] {logging_mixin.py:190} INFO - [2026-05-20T13:23:45.729+0000] {dagbag.py:588} INFO - Filling up the DagBag from /opt/airflow/dags/submit_spark_dag.py
[2026-05-20T13:23:45.737+0000] {processor.py:925} INFO - DAG(s) 'hello_spark' retrieved from /opt/airflow/dags/submit_spark_dag.py
[2026-05-20T13:23:45.754+0000] {logging_mixin.py:190} INFO - [2026-05-20T13:23:45.754+0000] {dag.py:3239} INFO - Sync 1 DAGs
[2026-05-20T13:23:45.773+0000] {logging_mixin.py:190} INFO - [2026-05-20T13:23:45.773+0000] {dag.py:4180} INFO - Setting next_dagrun for hello_spark to 2026-05-19 00:00:00+00:00, run_after=2026-05-20 00:00:00+00:00
[2026-05-20T13:23:45.788+0000] {processor.py:208} INFO - Processing /opt/airflow/dags/submit_spark_dag.py took 0.064 seconds
[2026-05-20T13:24:16.287+0000] {processor.py:186} INFO - Started process (PID=9106) to work on /opt/airflow/dags/submit_spark_dag.py
[2026-05-20T13:24:16.288+0000] {processor.py:914} INFO - Processing file /opt/airflow/dags/submit_spark_dag.py for tasks to queue
[2026-05-20T13:24:16.288+0000] {logging_mixin.py:190} INFO - [2026-05-20T13:24:16.288+0000] {dagbag.py:588} INFO - Filling up the DagBag from /opt/airflow/dags/submit_spark_dag.py
[2026-05-20T13:24:16.295+0000] {processor.py:925} INFO - DAG(s) 'hello_spark' retrieved from /opt/airflow/dags/submit_spark_dag.py
[2026-05-20T13:24:16.313+0000] {logging_mixin.py:190} INFO - [2026-05-20T13:24:16.313+0000] {dag.py:3239} INFO - Sync 1 DAGs
[2026-05-20T13:24:16.333+0000] {logging_mixin.py:190} INFO - [2026-05-20T13:24:16.333+0000] {dag.py:4180} INFO - Setting next_dagrun for hello_spark to 2026-05-19 00:00:00+00:00, run_after=2026-05-20 00:00:00+00:00
[2026-05-20T13:24:16.346+0000] {processor.py:208} INFO - Processing /opt/airflow/dags/submit_spark_dag.py took 0.064 seconds
[2026-05-20T13:24:46.932+0000] {processor.py:186} INFO - Started process (PID=9121) to work on /opt/airflow/dags/submit_spark_dag.py
[2026-05-20T13:24:46.933+0000] {processor.py:914} INFO - Processing file /opt/airflow/dags/submit_spark_dag.py for tasks to queue
[2026-05-20T13:24:46.934+0000] {logging_mixin.py:190} INFO - [2026-05-20T13:24:46.933+0000] {dagbag.py:588} INFO - Filling up the DagBag from /opt/airflow/dags/submit_spark_dag.py
[2026-05-20T13:24:46.941+0000] {processor.py:925} INFO - DAG(s) 'hello_spark' retrieved from /opt/airflow/dags/submit_spark_dag.py
[2026-05-20T13:24:46.958+0000] {logging_mixin.py:190} INFO - [2026-05-20T13:24:46.958+0000] {dag.py:3239} INFO - Sync 1 DAGs
[2026-05-20T13:24:46.977+0000] {logging_mixin.py:190} INFO - [2026-05-20T13:24:46.977+0000] {dag.py:4180} INFO - Setting next_dagrun for hello_spark to 2026-05-19 00:00:00+00:00, run_after=2026-05-20 00:00:00+00:00
[2026-05-20T13:24:46.991+0000] {processor.py:208} INFO - Processing /opt/airflow/dags/submit_spark_dag.py took 0.063 seconds
[2026-05-20T13:25:17.538+0000] {processor.py:186} INFO - Started process (PID=9136) to work on /opt/airflow/dags/submit_spark_dag.py
[2026-05-20T13:25:17.541+0000] {processor.py:914} INFO - Processing file /opt/airflow/dags/submit_spark_dag.py for tasks to queue
[2026-05-20T13:25:17.542+0000] {logging_mixin.py:190} INFO - [2026-05-20T13:25:17.541+0000] {dagbag.py:588} INFO - Filling up the DagBag from /opt/airflow/dags/submit_spark_dag.py
[2026-05-20T13:25:17.549+0000] {processor.py:925} INFO - DAG(s) 'hello_spark' retrieved from /opt/airflow/dags/submit_spark_dag.py
[2026-05-20T13:25:17.567+0000] {logging_mixin.py:190} INFO - [2026-05-20T13:25:17.567+0000] {dag.py:3239} INFO - Sync 1 DAGs
[2026-05-20T13:25:17.585+0000] {logging_mixin.py:190} INFO - [2026-05-20T13:25:17.585+0000] {dag.py:4180} INFO - Setting next_dagrun for hello_spark to 2026-05-19 00:00:00+00:00, run_after=2026-05-20 00:00:00+00:00
[2026-05-20T13:25:17.599+0000] {processor.py:208} INFO - Processing /opt/airflow/dags/submit_spark_dag.py took 0.065 seconds
[2026-05-20T13:25:48.159+0000] {processor.py:186} INFO - Started process (PID=9151) to work on /opt/airflow/dags/submit_spark_dag.py
[2026-05-20T13:25:48.160+0000] {processor.py:914} INFO - Processing file /opt/airflow/dags/submit_spark_dag.py for tasks to queue
[2026-05-20T13:25:48.161+0000] {logging_mixin.py:190} INFO - [2026-05-20T13:25:48.161+0000] {dagbag.py:588} INFO - Filling up the DagBag from /opt/airflow/dags/submit_spark_dag.py
[2026-05-20T13:25:48.169+0000] {processor.py:925} INFO - DAG(s) 'hello_spark' retrieved from /opt/airflow/dags/submit_spark_dag.py
[2026-05-20T13:25:48.186+0000] {logging_mixin.py:190} INFO - [2026-05-20T13:25:48.185+0000] {dag.py:3239} INFO - Sync 1 DAGs
[2026-05-20T13:25:48.202+0000] {logging_mixin.py:190} INFO - [2026-05-20T13:25:48.202+0000] {dag.py:4180} INFO - Setting next_dagrun for hello_spark to 2026-05-19 00:00:00+00:00, run_after=2026-05-20 00:00:00+00:00
[2026-05-20T13:25:48.215+0000] {processor.py:208} INFO - Processing /opt/airflow/dags/submit_spark_dag.py took 0.066 seconds
[2026-05-20T13:26:18.794+0000] {processor.py:186} INFO - Started process (PID=9164) to work on /opt/airflow/dags/submit_spark_dag.py
[2026-05-20T13:26:18.795+0000] {processor.py:914} INFO - Processing file /opt/airflow/dags/submit_spark_dag.py for tasks to queue
[2026-05-20T13:26:18.796+0000] {logging_mixin.py:190} INFO - [2026-05-20T13:26:18.795+0000] {dagbag.py:588} INFO - Filling up the DagBag from /opt/airflow/dags/submit_spark_dag.py
[2026-05-20T13:26:18.802+0000] {processor.py:925} INFO - DAG(s) 'hello_spark' retrieved from /opt/airflow/dags/submit_spark_dag.py
[2026-05-20T13:26:18.821+0000] {logging_mixin.py:190} INFO - [2026-05-20T13:26:18.821+0000] {dag.py:3239} INFO - Sync 1 DAGs
[2026-05-20T13:26:18.841+0000] {logging_mixin.py:190} INFO - [2026-05-20T13:26:18.841+0000] {dag.py:4180} INFO - Setting next_dagrun for hello_spark to 2026-05-19 00:00:00+00:00, run_after=2026-05-20 00:00:00+00:00
[2026-05-20T13:26:18.854+0000] {processor.py:208} INFO - Processing /opt/airflow/dags/submit_spark_dag.py took 0.064 seconds
[2026-05-20T13:26:49.387+0000] {processor.py:186} INFO - Started process (PID=9177) to work on /opt/airflow/dags/submit_spark_dag.py
[2026-05-20T13:26:49.388+0000] {processor.py:914} INFO - Processing file /opt/airflow/dags/submit_spark_dag.py for tasks to queue
[2026-05-20T13:26:49.389+0000] {logging_mixin.py:190} INFO - [2026-05-20T13:26:49.388+0000] {dagbag.py:588} INFO - Filling up the DagBag from /opt/airflow/dags/submit_spark_dag.py
[2026-05-20T13:26:49.395+0000] {processor.py:925} INFO - DAG(s) 'hello_spark' retrieved from /opt/airflow/dags/submit_spark_dag.py
[2026-05-20T13:26:49.411+0000] {logging_mixin.py:190} INFO - [2026-05-20T13:26:49.411+0000] {dag.py:3239} INFO - Sync 1 DAGs
[2026-05-20T13:26:49.429+0000] {logging_mixin.py:190} INFO - [2026-05-20T13:26:49.429+0000] {dag.py:4180} INFO - Setting next_dagrun for hello_spark to 2026-05-19 00:00:00+00:00, run_after=2026-05-20 00:00:00+00:00
[2026-05-20T13:26:49.441+0000] {processor.py:208} INFO - Processing /opt/airflow/dags/submit_spark_dag.py took 0.059 seconds
[2026-05-20T13:27:19.953+0000] {processor.py:186} INFO - Started process (PID=9191) to work on /opt/airflow/dags/submit_spark_dag.py
[2026-05-20T13:27:19.954+0000] {processor.py:914} INFO - Processing file /opt/airflow/dags/submit_spark_dag.py for tasks to queue
[2026-05-20T13:27:19.955+0000] {logging_mixin.py:190} INFO - [2026-05-20T13:27:19.954+0000] {dagbag.py:588} INFO - Filling up the DagBag from /opt/airflow/dags/submit_spark_dag.py
[2026-05-20T13:27:19.962+0000] {processor.py:925} INFO - DAG(s) 'hello_spark' retrieved from /opt/airflow/dags/submit_spark_dag.py
[2026-05-20T13:27:19.980+0000] {logging_mixin.py:190} INFO - [2026-05-20T13:27:19.980+0000] {dag.py:3239} INFO - Sync 1 DAGs
[2026-05-20T13:27:19.999+0000] {logging_mixin.py:190} INFO - [2026-05-20T13:27:19.999+0000] {dag.py:4180} INFO - Setting next_dagrun for hello_spark to 2026-05-19 00:00:00+00:00, run_after=2026-05-20 00:00:00+00:00
[2026-05-20T13:27:20.013+0000] {processor.py:208} INFO - Processing /opt/airflow/dags/submit_spark_dag.py took 0.064 seconds
[2026-05-20T13:27:50.499+0000] {processor.py:186} INFO - Started process (PID=9205) to work on /opt/airflow/dags/submit_spark_dag.py
[2026-05-20T13:27:50.500+0000] {processor.py:914} INFO - Processing file /opt/airflow/dags/submit_spark_dag.py for tasks to queue
[2026-05-20T13:27:50.501+0000] {logging_mixin.py:190} INFO - [2026-05-20T13:27:50.501+0000] {dagbag.py:588} INFO - Filling up the DagBag from /opt/airflow/dags/submit_spark_dag.py
[2026-05-20T13:27:50.508+0000] {processor.py:925} INFO - DAG(s) 'hello_spark' retrieved from /opt/airflow/dags/submit_spark_dag.py
[2026-05-20T13:27:50.526+0000] {logging_mixin.py:190} INFO - [2026-05-20T13:27:50.526+0000] {dag.py:3239} INFO - Sync 1 DAGs
[2026-05-20T13:27:50.545+0000] {logging_mixin.py:190} INFO - [2026-05-20T13:27:50.544+0000] {dag.py:4180} INFO - Setting next_dagrun for hello_spark to 2026-05-19 00:00:00+00:00, run_after=2026-05-20 00:00:00+00:00
[2026-05-20T13:27:50.558+0000] {processor.py:208} INFO - Processing /opt/airflow/dags/submit_spark_dag.py took 0.062 seconds
[2026-05-20T13:28:21.068+0000] {processor.py:186} INFO - Started process (PID=9219) to work on /opt/airflow/dags/submit_spark_dag.py
[2026-05-20T13:28:21.069+0000] {processor.py:914} INFO - Processing file /opt/airflow/dags/submit_spark_dag.py for tasks to queue
[2026-05-20T13:28:21.070+0000] {logging_mixin.py:190} INFO - [2026-05-20T13:28:21.070+0000] {dagbag.py:588} INFO - Filling up the DagBag from /opt/airflow/dags/submit_spark_dag.py
[2026-05-20T13:28:21.077+0000] {processor.py:925} INFO - DAG(s) 'hello_spark' retrieved from /opt/airflow/dags/submit_spark_dag.py
[2026-05-20T13:28:21.094+0000] {logging_mixin.py:190} INFO - [2026-05-20T13:28:21.094+0000] {dag.py:3239} INFO - Sync 1 DAGs
[2026-05-20T13:28:21.113+0000] {logging_mixin.py:190} INFO - [2026-05-20T13:28:21.113+0000] {dag.py:4180} INFO - Setting next_dagrun for hello_spark to 2026-05-19 00:00:00+00:00, run_after=2026-05-20 00:00:00+00:00
[2026-05-20T13:28:21.127+0000] {processor.py:208} INFO - Processing /opt/airflow/dags/submit_spark_dag.py took 0.063 seconds
[2026-05-20T13:28:51.628+0000] {processor.py:186} INFO - Started process (PID=9233) to work on /opt/airflow/dags/submit_spark_dag.py
[2026-05-20T13:28:51.628+0000] {processor.py:914} INFO - Processing file /opt/airflow/dags/submit_spark_dag.py for tasks to queue
[2026-05-20T13:28:51.630+0000] {logging_mixin.py:190} INFO - [2026-05-20T13:28:51.629+0000] {dagbag.py:588} INFO - Filling up the DagBag from /opt/airflow/dags/submit_spark_dag.py
[2026-05-20T13:28:51.637+0000] {processor.py:925} INFO - DAG(s) 'hello_spark' retrieved from /opt/airflow/dags/submit_spark_dag.py
[2026-05-20T13:28:51.654+0000] {logging_mixin.py:190} INFO - [2026-05-20T13:28:51.654+0000] {dag.py:3239} INFO - Sync 1 DAGs
[2026-05-20T13:28:51.673+0000] {logging_mixin.py:190} INFO - [2026-05-20T13:28:51.673+0000] {dag.py:4180} INFO - Setting next_dagrun for hello_spark to 2026-05-19 00:00:00+00:00, run_after=2026-05-20 00:00:00+00:00
[2026-05-20T13:28:51.686+0000] {processor.py:208} INFO - Processing /opt/airflow/dags/submit_spark_dag.py took 0.064 seconds
[2026-05-20T13:29:22.187+0000] {processor.py:186} INFO - Started process (PID=9246) to work on /opt/airflow/dags/submit_spark_dag.py
[2026-05-20T13:29:22.188+0000] {processor.py:914} INFO - Processing file /opt/airflow/dags/submit_spark_dag.py for tasks to queue
[2026-05-20T13:29:22.188+0000] {logging_mixin.py:190} INFO - [2026-05-20T13:29:22.188+0000] {dagbag.py:588} INFO - Filling up the DagBag from /opt/airflow/dags/submit_spark_dag.py
[2026-05-20T13:29:22.195+0000] {processor.py:925} INFO - DAG(s) 'hello_spark' retrieved from /opt/airflow/dags/submit_spark_dag.py
[2026-05-20T13:29:22.212+0000] {logging_mixin.py:190} INFO - [2026-05-20T13:29:22.212+0000] {dag.py:3239} INFO - Sync 1 DAGs
[2026-05-20T13:29:22.230+0000] {logging_mixin.py:190} INFO - [2026-05-20T13:29:22.230+0000] {dag.py:4180} INFO - Setting next_dagrun for hello_spark to 2026-05-19 00:00:00+00:00, run_after=2026-05-20 00:00:00+00:00
[2026-05-20T13:29:22.244+0000] {processor.py:208} INFO - Processing /opt/airflow/dags/submit_spark_dag.py took 0.062 seconds
