[2026-05-29T13:16:56.049+0000] {processor.py:186} INFO - Started process (PID=23019) to work on /opt/airflow/dags/product_processing.py
[2026-05-29T13:16:56.054+0000] {processor.py:914} INFO - Processing file /opt/airflow/dags/product_processing.py for tasks to queue
[2026-05-29T13:16:56.055+0000] {logging_mixin.py:190} INFO - [2026-05-29T13:16:56.054+0000] {dagbag.py:588} INFO - Filling up the DagBag from /opt/airflow/dags/product_processing.py
[2026-05-29T13:16:56.785+0000] {processor.py:925} INFO - DAG(s) 'product_processing' retrieved from /opt/airflow/dags/product_processing.py
[2026-05-29T13:16:56.839+0000] {logging_mixin.py:190} INFO - [2026-05-29T13:16:56.839+0000] {dag.py:3239} INFO - Sync 1 DAGs
[2026-05-29T13:16:56.882+0000] {logging_mixin.py:190} INFO - [2026-05-29T13:16:56.881+0000] {dag.py:4180} INFO - Setting next_dagrun for product_processing to 2026-05-28 00:00:00+00:00, run_after=2026-05-29 00:00:00+00:00
[2026-05-29T13:16:56.910+0000] {processor.py:208} INFO - Processing /opt/airflow/dags/product_processing.py took 0.868 seconds
[2026-05-29T13:17:27.019+0000] {processor.py:186} INFO - Started process (PID=23030) to work on /opt/airflow/dags/product_processing.py
[2026-05-29T13:17:27.019+0000] {processor.py:914} INFO - Processing file /opt/airflow/dags/product_processing.py for tasks to queue
[2026-05-29T13:17:27.020+0000] {logging_mixin.py:190} INFO - [2026-05-29T13:17:27.020+0000] {dagbag.py:588} INFO - Filling up the DagBag from /opt/airflow/dags/product_processing.py
[2026-05-29T13:17:27.450+0000] {processor.py:925} INFO - DAG(s) 'product_processing' retrieved from /opt/airflow/dags/product_processing.py
[2026-05-29T13:17:27.472+0000] {logging_mixin.py:190} INFO - [2026-05-29T13:17:27.472+0000] {dag.py:3239} INFO - Sync 1 DAGs
[2026-05-29T13:17:27.502+0000] {logging_mixin.py:190} INFO - [2026-05-29T13:17:27.502+0000] {dag.py:4180} INFO - Setting next_dagrun for product_processing to 2026-05-28 00:00:00+00:00, run_after=2026-05-29 00:00:00+00:00
[2026-05-29T13:17:27.526+0000] {processor.py:208} INFO - Processing /opt/airflow/dags/product_processing.py took 0.519 seconds
[2026-05-29T13:17:57.779+0000] {processor.py:186} INFO - Started process (PID=23051) to work on /opt/airflow/dags/product_processing.py
[2026-05-29T13:17:57.781+0000] {processor.py:914} INFO - Processing file /opt/airflow/dags/product_processing.py for tasks to queue
[2026-05-29T13:17:57.782+0000] {logging_mixin.py:190} INFO - [2026-05-29T13:17:57.782+0000] {dagbag.py:588} INFO - Filling up the DagBag from /opt/airflow/dags/product_processing.py
[2026-05-29T13:17:58.680+0000] {processor.py:925} INFO - DAG(s) 'product_processing' retrieved from /opt/airflow/dags/product_processing.py
[2026-05-29T13:17:58.809+0000] {logging_mixin.py:190} INFO - [2026-05-29T13:17:58.809+0000] {dag.py:3239} INFO - Sync 1 DAGs
[2026-05-29T13:17:58.985+0000] {logging_mixin.py:190} INFO - [2026-05-29T13:17:58.985+0000] {dag.py:4180} INFO - Setting next_dagrun for product_processing to 2026-05-28 00:00:00+00:00, run_after=2026-05-29 00:00:00+00:00
[2026-05-29T13:17:59.144+0000] {processor.py:208} INFO - Processing /opt/airflow/dags/product_processing.py took 1.369 seconds
[2026-05-29T13:18:30.188+0000] {processor.py:186} INFO - Started process (PID=23069) to work on /opt/airflow/dags/product_processing.py
[2026-05-29T13:18:30.191+0000] {processor.py:914} INFO - Processing file /opt/airflow/dags/product_processing.py for tasks to queue
[2026-05-29T13:18:30.192+0000] {logging_mixin.py:190} INFO - [2026-05-29T13:18:30.192+0000] {dagbag.py:588} INFO - Filling up the DagBag from /opt/airflow/dags/product_processing.py
[2026-05-29T13:18:30.554+0000] {processor.py:925} INFO - DAG(s) 'product_processing' retrieved from /opt/airflow/dags/product_processing.py
[2026-05-29T13:18:30.587+0000] {logging_mixin.py:190} INFO - [2026-05-29T13:18:30.587+0000] {dag.py:3239} INFO - Sync 1 DAGs
[2026-05-29T13:18:30.609+0000] {logging_mixin.py:190} INFO - [2026-05-29T13:18:30.609+0000] {dag.py:4180} INFO - Setting next_dagrun for product_processing to 2026-05-28 00:00:00+00:00, run_after=2026-05-29 00:00:00+00:00
[2026-05-29T13:18:30.622+0000] {processor.py:208} INFO - Processing /opt/airflow/dags/product_processing.py took 0.444 seconds
[2026-05-29T13:19:00.949+0000] {processor.py:186} INFO - Started process (PID=23084) to work on /opt/airflow/dags/product_processing.py
[2026-05-29T13:19:00.950+0000] {processor.py:914} INFO - Processing file /opt/airflow/dags/product_processing.py for tasks to queue
[2026-05-29T13:19:00.951+0000] {logging_mixin.py:190} INFO - [2026-05-29T13:19:00.951+0000] {dagbag.py:588} INFO - Filling up the DagBag from /opt/airflow/dags/product_processing.py
[2026-05-29T13:19:01.157+0000] {processor.py:925} INFO - DAG(s) 'product_processing' retrieved from /opt/airflow/dags/product_processing.py
[2026-05-29T13:19:01.177+0000] {logging_mixin.py:190} INFO - [2026-05-29T13:19:01.177+0000] {dag.py:3239} INFO - Sync 1 DAGs
[2026-05-29T13:19:01.195+0000] {logging_mixin.py:190} INFO - [2026-05-29T13:19:01.195+0000] {dag.py:4180} INFO - Setting next_dagrun for product_processing to 2026-05-28 00:00:00+00:00, run_after=2026-05-29 00:00:00+00:00
[2026-05-29T13:19:01.210+0000] {processor.py:208} INFO - Processing /opt/airflow/dags/product_processing.py took 0.266 seconds
[2026-05-29T13:19:31.506+0000] {processor.py:186} INFO - Started process (PID=23100) to work on /opt/airflow/dags/product_processing.py
[2026-05-29T13:19:31.507+0000] {processor.py:914} INFO - Processing file /opt/airflow/dags/product_processing.py for tasks to queue
[2026-05-29T13:19:31.508+0000] {logging_mixin.py:190} INFO - [2026-05-29T13:19:31.508+0000] {dagbag.py:588} INFO - Filling up the DagBag from /opt/airflow/dags/product_processing.py
[2026-05-29T13:19:31.701+0000] {processor.py:925} INFO - DAG(s) 'product_processing' retrieved from /opt/airflow/dags/product_processing.py
[2026-05-29T13:19:31.720+0000] {logging_mixin.py:190} INFO - [2026-05-29T13:19:31.720+0000] {dag.py:3239} INFO - Sync 1 DAGs
[2026-05-29T13:19:31.736+0000] {logging_mixin.py:190} INFO - [2026-05-29T13:19:31.736+0000] {dag.py:4180} INFO - Setting next_dagrun for product_processing to 2026-05-28 00:00:00+00:00, run_after=2026-05-29 00:00:00+00:00
[2026-05-29T13:19:31.783+0000] {processor.py:208} INFO - Processing /opt/airflow/dags/product_processing.py took 0.281 seconds
[2026-05-29T13:20:02.002+0000] {processor.py:186} INFO - Started process (PID=23116) to work on /opt/airflow/dags/product_processing.py
[2026-05-29T13:20:02.003+0000] {processor.py:914} INFO - Processing file /opt/airflow/dags/product_processing.py for tasks to queue
[2026-05-29T13:20:02.004+0000] {logging_mixin.py:190} INFO - [2026-05-29T13:20:02.004+0000] {dagbag.py:588} INFO - Filling up the DagBag from /opt/airflow/dags/product_processing.py
[2026-05-29T13:20:02.204+0000] {processor.py:925} INFO - DAG(s) 'product_processing' retrieved from /opt/airflow/dags/product_processing.py
[2026-05-29T13:20:02.222+0000] {logging_mixin.py:190} INFO - [2026-05-29T13:20:02.222+0000] {dag.py:3239} INFO - Sync 1 DAGs
[2026-05-29T13:20:02.240+0000] {logging_mixin.py:190} INFO - [2026-05-29T13:20:02.239+0000] {dag.py:4180} INFO - Setting next_dagrun for product_processing to 2026-05-28 00:00:00+00:00, run_after=2026-05-29 00:00:00+00:00
[2026-05-29T13:20:02.253+0000] {processor.py:208} INFO - Processing /opt/airflow/dags/product_processing.py took 0.257 seconds
[2026-05-29T13:20:32.516+0000] {processor.py:186} INFO - Started process (PID=23132) to work on /opt/airflow/dags/product_processing.py
[2026-05-29T13:20:32.516+0000] {processor.py:914} INFO - Processing file /opt/airflow/dags/product_processing.py for tasks to queue
[2026-05-29T13:20:32.517+0000] {logging_mixin.py:190} INFO - [2026-05-29T13:20:32.517+0000] {dagbag.py:588} INFO - Filling up the DagBag from /opt/airflow/dags/product_processing.py
[2026-05-29T13:20:32.738+0000] {processor.py:925} INFO - DAG(s) 'product_processing' retrieved from /opt/airflow/dags/product_processing.py
[2026-05-29T13:20:32.759+0000] {logging_mixin.py:190} INFO - [2026-05-29T13:20:32.759+0000] {dag.py:3239} INFO - Sync 1 DAGs
[2026-05-29T13:20:32.777+0000] {logging_mixin.py:190} INFO - [2026-05-29T13:20:32.777+0000] {dag.py:4180} INFO - Setting next_dagrun for product_processing to 2026-05-28 00:00:00+00:00, run_after=2026-05-29 00:00:00+00:00
[2026-05-29T13:20:32.790+0000] {processor.py:208} INFO - Processing /opt/airflow/dags/product_processing.py took 0.279 seconds
[2026-05-29T13:21:03.040+0000] {processor.py:186} INFO - Started process (PID=23148) to work on /opt/airflow/dags/product_processing.py
[2026-05-29T13:21:03.040+0000] {processor.py:914} INFO - Processing file /opt/airflow/dags/product_processing.py for tasks to queue
[2026-05-29T13:21:03.041+0000] {logging_mixin.py:190} INFO - [2026-05-29T13:21:03.041+0000] {dagbag.py:588} INFO - Filling up the DagBag from /opt/airflow/dags/product_processing.py
[2026-05-29T13:21:03.227+0000] {processor.py:925} INFO - DAG(s) 'product_processing' retrieved from /opt/airflow/dags/product_processing.py
[2026-05-29T13:21:03.244+0000] {logging_mixin.py:190} INFO - [2026-05-29T13:21:03.244+0000] {dag.py:3239} INFO - Sync 1 DAGs
[2026-05-29T13:21:03.261+0000] {logging_mixin.py:190} INFO - [2026-05-29T13:21:03.261+0000] {dag.py:4180} INFO - Setting next_dagrun for product_processing to 2026-05-28 00:00:00+00:00, run_after=2026-05-29 00:00:00+00:00
[2026-05-29T13:21:03.303+0000] {processor.py:208} INFO - Processing /opt/airflow/dags/product_processing.py took 0.268 seconds
[2026-05-29T13:21:33.559+0000] {processor.py:186} INFO - Started process (PID=23164) to work on /opt/airflow/dags/product_processing.py
[2026-05-29T13:21:33.561+0000] {processor.py:914} INFO - Processing file /opt/airflow/dags/product_processing.py for tasks to queue
[2026-05-29T13:21:33.562+0000] {logging_mixin.py:190} INFO - [2026-05-29T13:21:33.561+0000] {dagbag.py:588} INFO - Filling up the DagBag from /opt/airflow/dags/product_processing.py
[2026-05-29T13:21:33.788+0000] {processor.py:925} INFO - DAG(s) 'product_processing' retrieved from /opt/airflow/dags/product_processing.py
[2026-05-29T13:21:33.806+0000] {logging_mixin.py:190} INFO - [2026-05-29T13:21:33.806+0000] {dag.py:3239} INFO - Sync 1 DAGs
[2026-05-29T13:21:33.824+0000] {logging_mixin.py:190} INFO - [2026-05-29T13:21:33.823+0000] {dag.py:4180} INFO - Setting next_dagrun for product_processing to 2026-05-28 00:00:00+00:00, run_after=2026-05-29 00:00:00+00:00
[2026-05-29T13:21:33.836+0000] {processor.py:208} INFO - Processing /opt/airflow/dags/product_processing.py took 0.282 seconds
[2026-05-29T13:22:04.141+0000] {processor.py:186} INFO - Started process (PID=23180) to work on /opt/airflow/dags/product_processing.py
[2026-05-29T13:22:04.144+0000] {processor.py:914} INFO - Processing file /opt/airflow/dags/product_processing.py for tasks to queue
[2026-05-29T13:22:04.147+0000] {logging_mixin.py:190} INFO - [2026-05-29T13:22:04.147+0000] {dagbag.py:588} INFO - Filling up the DagBag from /opt/airflow/dags/product_processing.py
[2026-05-29T13:22:04.344+0000] {processor.py:925} INFO - DAG(s) 'product_processing' retrieved from /opt/airflow/dags/product_processing.py
[2026-05-29T13:22:04.363+0000] {logging_mixin.py:190} INFO - [2026-05-29T13:22:04.363+0000] {dag.py:3239} INFO - Sync 1 DAGs
[2026-05-29T13:22:04.380+0000] {logging_mixin.py:190} INFO - [2026-05-29T13:22:04.380+0000] {dag.py:4180} INFO - Setting next_dagrun for product_processing to 2026-05-28 00:00:00+00:00, run_after=2026-05-29 00:00:00+00:00
[2026-05-29T13:22:04.393+0000] {processor.py:208} INFO - Processing /opt/airflow/dags/product_processing.py took 0.261 seconds
[2026-05-29T13:22:34.700+0000] {processor.py:186} INFO - Started process (PID=23197) to work on /opt/airflow/dags/product_processing.py
[2026-05-29T13:22:34.701+0000] {processor.py:914} INFO - Processing file /opt/airflow/dags/product_processing.py for tasks to queue
[2026-05-29T13:22:34.702+0000] {logging_mixin.py:190} INFO - [2026-05-29T13:22:34.702+0000] {dagbag.py:588} INFO - Filling up the DagBag from /opt/airflow/dags/product_processing.py
[2026-05-29T13:22:34.893+0000] {processor.py:925} INFO - DAG(s) 'product_processing' retrieved from /opt/airflow/dags/product_processing.py
[2026-05-29T13:22:34.911+0000] {logging_mixin.py:190} INFO - [2026-05-29T13:22:34.911+0000] {dag.py:3239} INFO - Sync 1 DAGs
[2026-05-29T13:22:34.929+0000] {logging_mixin.py:190} INFO - [2026-05-29T13:22:34.929+0000] {dag.py:4180} INFO - Setting next_dagrun for product_processing to 2026-05-28 00:00:00+00:00, run_after=2026-05-29 00:00:00+00:00
[2026-05-29T13:22:34.942+0000] {processor.py:208} INFO - Processing /opt/airflow/dags/product_processing.py took 0.246 seconds
[2026-05-29T13:23:05.262+0000] {processor.py:186} INFO - Started process (PID=23213) to work on /opt/airflow/dags/product_processing.py
[2026-05-29T13:23:05.263+0000] {processor.py:914} INFO - Processing file /opt/airflow/dags/product_processing.py for tasks to queue
[2026-05-29T13:23:05.264+0000] {logging_mixin.py:190} INFO - [2026-05-29T13:23:05.263+0000] {dagbag.py:588} INFO - Filling up the DagBag from /opt/airflow/dags/product_processing.py
[2026-05-29T13:23:05.447+0000] {processor.py:925} INFO - DAG(s) 'product_processing' retrieved from /opt/airflow/dags/product_processing.py
[2026-05-29T13:23:05.466+0000] {logging_mixin.py:190} INFO - [2026-05-29T13:23:05.465+0000] {dag.py:3239} INFO - Sync 1 DAGs
[2026-05-29T13:23:05.482+0000] {logging_mixin.py:190} INFO - [2026-05-29T13:23:05.482+0000] {dag.py:4180} INFO - Setting next_dagrun for product_processing to 2026-05-28 00:00:00+00:00, run_after=2026-05-29 00:00:00+00:00
[2026-05-29T13:23:05.494+0000] {processor.py:208} INFO - Processing /opt/airflow/dags/product_processing.py took 0.237 seconds
[2026-05-29T13:23:35.748+0000] {processor.py:186} INFO - Started process (PID=23229) to work on /opt/airflow/dags/product_processing.py
[2026-05-29T13:23:35.749+0000] {processor.py:914} INFO - Processing file /opt/airflow/dags/product_processing.py for tasks to queue
[2026-05-29T13:23:35.752+0000] {logging_mixin.py:190} INFO - [2026-05-29T13:23:35.751+0000] {dagbag.py:588} INFO - Filling up the DagBag from /opt/airflow/dags/product_processing.py
[2026-05-29T13:23:35.955+0000] {processor.py:925} INFO - DAG(s) 'product_processing' retrieved from /opt/airflow/dags/product_processing.py
[2026-05-29T13:23:35.974+0000] {logging_mixin.py:190} INFO - [2026-05-29T13:23:35.973+0000] {dag.py:3239} INFO - Sync 1 DAGs
[2026-05-29T13:23:35.990+0000] {logging_mixin.py:190} INFO - [2026-05-29T13:23:35.990+0000] {dag.py:4180} INFO - Setting next_dagrun for product_processing to 2026-05-28 00:00:00+00:00, run_after=2026-05-29 00:00:00+00:00
[2026-05-29T13:23:36.003+0000] {processor.py:208} INFO - Processing /opt/airflow/dags/product_processing.py took 0.260 seconds
[2026-05-29T13:24:06.288+0000] {processor.py:186} INFO - Started process (PID=23246) to work on /opt/airflow/dags/product_processing.py
[2026-05-29T13:24:06.289+0000] {processor.py:914} INFO - Processing file /opt/airflow/dags/product_processing.py for tasks to queue
[2026-05-29T13:24:06.290+0000] {logging_mixin.py:190} INFO - [2026-05-29T13:24:06.290+0000] {dagbag.py:588} INFO - Filling up the DagBag from /opt/airflow/dags/product_processing.py
[2026-05-29T13:24:06.474+0000] {processor.py:925} INFO - DAG(s) 'product_processing' retrieved from /opt/airflow/dags/product_processing.py
[2026-05-29T13:24:06.491+0000] {logging_mixin.py:190} INFO - [2026-05-29T13:24:06.491+0000] {dag.py:3239} INFO - Sync 1 DAGs
[2026-05-29T13:24:06.508+0000] {logging_mixin.py:190} INFO - [2026-05-29T13:24:06.508+0000] {dag.py:4180} INFO - Setting next_dagrun for product_processing to 2026-05-28 00:00:00+00:00, run_after=2026-05-29 00:00:00+00:00
[2026-05-29T13:24:06.521+0000] {processor.py:208} INFO - Processing /opt/airflow/dags/product_processing.py took 0.238 seconds
[2026-05-29T13:24:36.844+0000] {processor.py:186} INFO - Started process (PID=23262) to work on /opt/airflow/dags/product_processing.py
[2026-05-29T13:24:36.846+0000] {processor.py:914} INFO - Processing file /opt/airflow/dags/product_processing.py for tasks to queue
[2026-05-29T13:24:36.847+0000] {logging_mixin.py:190} INFO - [2026-05-29T13:24:36.846+0000] {dagbag.py:588} INFO - Filling up the DagBag from /opt/airflow/dags/product_processing.py
[2026-05-29T13:24:37.041+0000] {processor.py:925} INFO - DAG(s) 'product_processing' retrieved from /opt/airflow/dags/product_processing.py
[2026-05-29T13:24:37.060+0000] {logging_mixin.py:190} INFO - [2026-05-29T13:24:37.060+0000] {dag.py:3239} INFO - Sync 1 DAGs
[2026-05-29T13:24:37.077+0000] {logging_mixin.py:190} INFO - [2026-05-29T13:24:37.077+0000] {dag.py:4180} INFO - Setting next_dagrun for product_processing to 2026-05-28 00:00:00+00:00, run_after=2026-05-29 00:00:00+00:00
[2026-05-29T13:24:37.090+0000] {processor.py:208} INFO - Processing /opt/airflow/dags/product_processing.py took 0.251 seconds
[2026-05-29T13:25:07.399+0000] {processor.py:186} INFO - Started process (PID=23278) to work on /opt/airflow/dags/product_processing.py
[2026-05-29T13:25:07.401+0000] {processor.py:914} INFO - Processing file /opt/airflow/dags/product_processing.py for tasks to queue
[2026-05-29T13:25:07.402+0000] {logging_mixin.py:190} INFO - [2026-05-29T13:25:07.402+0000] {dagbag.py:588} INFO - Filling up the DagBag from /opt/airflow/dags/product_processing.py
[2026-05-29T13:25:07.604+0000] {processor.py:925} INFO - DAG(s) 'product_processing' retrieved from /opt/airflow/dags/product_processing.py
[2026-05-29T13:25:07.622+0000] {logging_mixin.py:190} INFO - [2026-05-29T13:25:07.622+0000] {dag.py:3239} INFO - Sync 1 DAGs
[2026-05-29T13:25:07.639+0000] {logging_mixin.py:190} INFO - [2026-05-29T13:25:07.639+0000] {dag.py:4180} INFO - Setting next_dagrun for product_processing to 2026-05-28 00:00:00+00:00, run_after=2026-05-29 00:00:00+00:00
[2026-05-29T13:25:07.651+0000] {processor.py:208} INFO - Processing /opt/airflow/dags/product_processing.py took 0.260 seconds
[2026-05-29T13:25:37.986+0000] {processor.py:186} INFO - Started process (PID=23294) to work on /opt/airflow/dags/product_processing.py
[2026-05-29T13:25:37.989+0000] {processor.py:914} INFO - Processing file /opt/airflow/dags/product_processing.py for tasks to queue
[2026-05-29T13:25:37.990+0000] {logging_mixin.py:190} INFO - [2026-05-29T13:25:37.989+0000] {dagbag.py:588} INFO - Filling up the DagBag from /opt/airflow/dags/product_processing.py
[2026-05-29T13:25:38.182+0000] {processor.py:925} INFO - DAG(s) 'product_processing' retrieved from /opt/airflow/dags/product_processing.py
[2026-05-29T13:25:38.201+0000] {logging_mixin.py:190} INFO - [2026-05-29T13:25:38.201+0000] {dag.py:3239} INFO - Sync 1 DAGs
[2026-05-29T13:25:38.217+0000] {logging_mixin.py:190} INFO - [2026-05-29T13:25:38.217+0000] {dag.py:4180} INFO - Setting next_dagrun for product_processing to 2026-05-28 00:00:00+00:00, run_after=2026-05-29 00:00:00+00:00
[2026-05-29T13:25:38.230+0000] {processor.py:208} INFO - Processing /opt/airflow/dags/product_processing.py took 0.248 seconds
[2026-05-29T13:26:08.626+0000] {processor.py:186} INFO - Started process (PID=23310) to work on /opt/airflow/dags/product_processing.py
[2026-05-29T13:26:08.627+0000] {processor.py:914} INFO - Processing file /opt/airflow/dags/product_processing.py for tasks to queue
[2026-05-29T13:26:08.628+0000] {logging_mixin.py:190} INFO - [2026-05-29T13:26:08.628+0000] {dagbag.py:588} INFO - Filling up the DagBag from /opt/airflow/dags/product_processing.py
[2026-05-29T13:26:08.823+0000] {processor.py:925} INFO - DAG(s) 'product_processing' retrieved from /opt/airflow/dags/product_processing.py
[2026-05-29T13:26:08.841+0000] {logging_mixin.py:190} INFO - [2026-05-29T13:26:08.841+0000] {dag.py:3239} INFO - Sync 1 DAGs
[2026-05-29T13:26:08.857+0000] {logging_mixin.py:190} INFO - [2026-05-29T13:26:08.857+0000] {dag.py:4180} INFO - Setting next_dagrun for product_processing to 2026-05-28 00:00:00+00:00, run_after=2026-05-29 00:00:00+00:00
[2026-05-29T13:26:08.870+0000] {processor.py:208} INFO - Processing /opt/airflow/dags/product_processing.py took 0.248 seconds
[2026-05-29T13:26:39.161+0000] {processor.py:186} INFO - Started process (PID=23326) to work on /opt/airflow/dags/product_processing.py
[2026-05-29T13:26:39.164+0000] {processor.py:914} INFO - Processing file /opt/airflow/dags/product_processing.py for tasks to queue
[2026-05-29T13:26:39.165+0000] {logging_mixin.py:190} INFO - [2026-05-29T13:26:39.165+0000] {dagbag.py:588} INFO - Filling up the DagBag from /opt/airflow/dags/product_processing.py
[2026-05-29T13:26:39.461+0000] {processor.py:925} INFO - DAG(s) 'product_processing' retrieved from /opt/airflow/dags/product_processing.py
[2026-05-29T13:26:39.480+0000] {logging_mixin.py:190} INFO - [2026-05-29T13:26:39.479+0000] {dag.py:3239} INFO - Sync 1 DAGs
[2026-05-29T13:26:39.498+0000] {logging_mixin.py:190} INFO - [2026-05-29T13:26:39.498+0000] {dag.py:4180} INFO - Setting next_dagrun for product_processing to 2026-05-28 00:00:00+00:00, run_after=2026-05-29 00:00:00+00:00
[2026-05-29T13:26:39.509+0000] {processor.py:208} INFO - Processing /opt/airflow/dags/product_processing.py took 0.357 seconds
[2026-05-29T13:27:09.835+0000] {processor.py:186} INFO - Started process (PID=23342) to work on /opt/airflow/dags/product_processing.py
[2026-05-29T13:27:09.835+0000] {processor.py:914} INFO - Processing file /opt/airflow/dags/product_processing.py for tasks to queue
[2026-05-29T13:27:09.836+0000] {logging_mixin.py:190} INFO - [2026-05-29T13:27:09.836+0000] {dagbag.py:588} INFO - Filling up the DagBag from /opt/airflow/dags/product_processing.py
[2026-05-29T13:27:10.015+0000] {processor.py:925} INFO - DAG(s) 'product_processing' retrieved from /opt/airflow/dags/product_processing.py
[2026-05-29T13:27:10.034+0000] {logging_mixin.py:190} INFO - [2026-05-29T13:27:10.033+0000] {dag.py:3239} INFO - Sync 1 DAGs
[2026-05-29T13:27:10.050+0000] {logging_mixin.py:190} INFO - [2026-05-29T13:27:10.050+0000] {dag.py:4180} INFO - Setting next_dagrun for product_processing to 2026-05-28 00:00:00+00:00, run_after=2026-05-29 00:00:00+00:00
[2026-05-29T13:27:10.063+0000] {processor.py:208} INFO - Processing /opt/airflow/dags/product_processing.py took 0.233 seconds
[2026-05-29T13:27:40.448+0000] {processor.py:186} INFO - Started process (PID=23358) to work on /opt/airflow/dags/product_processing.py
[2026-05-29T13:27:40.450+0000] {processor.py:914} INFO - Processing file /opt/airflow/dags/product_processing.py for tasks to queue
[2026-05-29T13:27:40.451+0000] {logging_mixin.py:190} INFO - [2026-05-29T13:27:40.451+0000] {dagbag.py:588} INFO - Filling up the DagBag from /opt/airflow/dags/product_processing.py
[2026-05-29T13:27:40.648+0000] {processor.py:925} INFO - DAG(s) 'product_processing' retrieved from /opt/airflow/dags/product_processing.py
[2026-05-29T13:27:40.666+0000] {logging_mixin.py:190} INFO - [2026-05-29T13:27:40.666+0000] {dag.py:3239} INFO - Sync 1 DAGs
[2026-05-29T13:27:40.682+0000] {logging_mixin.py:190} INFO - [2026-05-29T13:27:40.682+0000] {dag.py:4180} INFO - Setting next_dagrun for product_processing to 2026-05-28 00:00:00+00:00, run_after=2026-05-29 00:00:00+00:00
[2026-05-29T13:27:40.695+0000] {processor.py:208} INFO - Processing /opt/airflow/dags/product_processing.py took 0.251 seconds
[2026-05-29T13:28:11.051+0000] {processor.py:186} INFO - Started process (PID=23374) to work on /opt/airflow/dags/product_processing.py
[2026-05-29T13:28:11.052+0000] {processor.py:914} INFO - Processing file /opt/airflow/dags/product_processing.py for tasks to queue
[2026-05-29T13:28:11.052+0000] {logging_mixin.py:190} INFO - [2026-05-29T13:28:11.052+0000] {dagbag.py:588} INFO - Filling up the DagBag from /opt/airflow/dags/product_processing.py
[2026-05-29T13:28:11.244+0000] {processor.py:925} INFO - DAG(s) 'product_processing' retrieved from /opt/airflow/dags/product_processing.py
[2026-05-29T13:28:11.264+0000] {logging_mixin.py:190} INFO - [2026-05-29T13:28:11.263+0000] {dag.py:3239} INFO - Sync 1 DAGs
[2026-05-29T13:28:11.281+0000] {logging_mixin.py:190} INFO - [2026-05-29T13:28:11.281+0000] {dag.py:4180} INFO - Setting next_dagrun for product_processing to 2026-05-28 00:00:00+00:00, run_after=2026-05-29 00:00:00+00:00
[2026-05-29T13:28:11.295+0000] {processor.py:208} INFO - Processing /opt/airflow/dags/product_processing.py took 0.249 seconds
[2026-05-29T13:28:41.580+0000] {processor.py:186} INFO - Started process (PID=23390) to work on /opt/airflow/dags/product_processing.py
[2026-05-29T13:28:41.583+0000] {processor.py:914} INFO - Processing file /opt/airflow/dags/product_processing.py for tasks to queue
[2026-05-29T13:28:41.584+0000] {logging_mixin.py:190} INFO - [2026-05-29T13:28:41.583+0000] {dagbag.py:588} INFO - Filling up the DagBag from /opt/airflow/dags/product_processing.py
[2026-05-29T13:28:41.923+0000] {processor.py:925} INFO - DAG(s) 'product_processing' retrieved from /opt/airflow/dags/product_processing.py
[2026-05-29T13:28:41.957+0000] {logging_mixin.py:190} INFO - [2026-05-29T13:28:41.956+0000] {dag.py:3239} INFO - Sync 1 DAGs
[2026-05-29T13:28:41.984+0000] {logging_mixin.py:190} INFO - [2026-05-29T13:28:41.983+0000] {dag.py:4180} INFO - Setting next_dagrun for product_processing to 2026-05-28 00:00:00+00:00, run_after=2026-05-29 00:00:00+00:00
[2026-05-29T13:28:42.004+0000] {processor.py:208} INFO - Processing /opt/airflow/dags/product_processing.py took 0.432 seconds
[2026-05-29T13:29:12.322+0000] {processor.py:186} INFO - Started process (PID=23407) to work on /opt/airflow/dags/product_processing.py
[2026-05-29T13:29:12.323+0000] {processor.py:914} INFO - Processing file /opt/airflow/dags/product_processing.py for tasks to queue
[2026-05-29T13:29:12.324+0000] {logging_mixin.py:190} INFO - [2026-05-29T13:29:12.324+0000] {dagbag.py:588} INFO - Filling up the DagBag from /opt/airflow/dags/product_processing.py
[2026-05-29T13:29:12.568+0000] {processor.py:925} INFO - DAG(s) 'product_processing' retrieved from /opt/airflow/dags/product_processing.py
[2026-05-29T13:29:12.586+0000] {logging_mixin.py:190} INFO - [2026-05-29T13:29:12.586+0000] {dag.py:3239} INFO - Sync 1 DAGs
[2026-05-29T13:29:12.602+0000] {logging_mixin.py:190} INFO - [2026-05-29T13:29:12.602+0000] {dag.py:4180} INFO - Setting next_dagrun for product_processing to 2026-05-28 00:00:00+00:00, run_after=2026-05-29 00:00:00+00:00
[2026-05-29T13:29:12.615+0000] {processor.py:208} INFO - Processing /opt/airflow/dags/product_processing.py took 0.297 seconds
[2026-05-29T13:29:43.074+0000] {processor.py:186} INFO - Started process (PID=23423) to work on /opt/airflow/dags/product_processing.py
[2026-05-29T13:29:43.076+0000] {processor.py:914} INFO - Processing file /opt/airflow/dags/product_processing.py for tasks to queue
[2026-05-29T13:29:43.077+0000] {logging_mixin.py:190} INFO - [2026-05-29T13:29:43.076+0000] {dagbag.py:588} INFO - Filling up the DagBag from /opt/airflow/dags/product_processing.py
[2026-05-29T13:29:43.260+0000] {processor.py:925} INFO - DAG(s) 'product_processing' retrieved from /opt/airflow/dags/product_processing.py
[2026-05-29T13:29:43.278+0000] {logging_mixin.py:190} INFO - [2026-05-29T13:29:43.278+0000] {dag.py:3239} INFO - Sync 1 DAGs
[2026-05-29T13:29:43.294+0000] {logging_mixin.py:190} INFO - [2026-05-29T13:29:43.294+0000] {dag.py:4180} INFO - Setting next_dagrun for product_processing to 2026-05-28 00:00:00+00:00, run_after=2026-05-29 00:00:00+00:00
[2026-05-29T13:29:43.306+0000] {processor.py:208} INFO - Processing /opt/airflow/dags/product_processing.py took 0.236 seconds
[2026-05-29T13:30:13.715+0000] {processor.py:186} INFO - Started process (PID=23439) to work on /opt/airflow/dags/product_processing.py
[2026-05-29T13:30:13.715+0000] {processor.py:914} INFO - Processing file /opt/airflow/dags/product_processing.py for tasks to queue
[2026-05-29T13:30:13.716+0000] {logging_mixin.py:190} INFO - [2026-05-29T13:30:13.716+0000] {dagbag.py:588} INFO - Filling up the DagBag from /opt/airflow/dags/product_processing.py
[2026-05-29T13:30:13.917+0000] {processor.py:925} INFO - DAG(s) 'product_processing' retrieved from /opt/airflow/dags/product_processing.py
[2026-05-29T13:30:13.935+0000] {logging_mixin.py:190} INFO - [2026-05-29T13:30:13.935+0000] {dag.py:3239} INFO - Sync 1 DAGs
[2026-05-29T13:30:13.953+0000] {logging_mixin.py:190} INFO - [2026-05-29T13:30:13.953+0000] {dag.py:4180} INFO - Setting next_dagrun for product_processing to 2026-05-28 00:00:00+00:00, run_after=2026-05-29 00:00:00+00:00
[2026-05-29T13:30:13.966+0000] {processor.py:208} INFO - Processing /opt/airflow/dags/product_processing.py took 0.256 seconds
[2026-05-29T13:30:44.292+0000] {processor.py:186} INFO - Started process (PID=23456) to work on /opt/airflow/dags/product_processing.py
[2026-05-29T13:30:44.294+0000] {processor.py:914} INFO - Processing file /opt/airflow/dags/product_processing.py for tasks to queue
[2026-05-29T13:30:44.295+0000] {logging_mixin.py:190} INFO - [2026-05-29T13:30:44.294+0000] {dagbag.py:588} INFO - Filling up the DagBag from /opt/airflow/dags/product_processing.py
[2026-05-29T13:30:44.619+0000] {processor.py:925} INFO - DAG(s) 'product_processing' retrieved from /opt/airflow/dags/product_processing.py
[2026-05-29T13:30:44.642+0000] {logging_mixin.py:190} INFO - [2026-05-29T13:30:44.642+0000] {dag.py:3239} INFO - Sync 1 DAGs
[2026-05-29T13:30:44.661+0000] {logging_mixin.py:190} INFO - [2026-05-29T13:30:44.661+0000] {dag.py:4180} INFO - Setting next_dagrun for product_processing to 2026-05-28 00:00:00+00:00, run_after=2026-05-29 00:00:00+00:00
[2026-05-29T13:30:44.675+0000] {processor.py:208} INFO - Processing /opt/airflow/dags/product_processing.py took 0.387 seconds
[2026-05-29T13:31:14.919+0000] {processor.py:186} INFO - Started process (PID=23473) to work on /opt/airflow/dags/product_processing.py
[2026-05-29T13:31:14.920+0000] {processor.py:914} INFO - Processing file /opt/airflow/dags/product_processing.py for tasks to queue
[2026-05-29T13:31:14.921+0000] {logging_mixin.py:190} INFO - [2026-05-29T13:31:14.920+0000] {dagbag.py:588} INFO - Filling up the DagBag from /opt/airflow/dags/product_processing.py
[2026-05-29T13:31:15.119+0000] {processor.py:925} INFO - DAG(s) 'product_processing' retrieved from /opt/airflow/dags/product_processing.py
[2026-05-29T13:31:15.137+0000] {logging_mixin.py:190} INFO - [2026-05-29T13:31:15.137+0000] {dag.py:3239} INFO - Sync 1 DAGs
[2026-05-29T13:31:15.154+0000] {logging_mixin.py:190} INFO - [2026-05-29T13:31:15.154+0000] {dag.py:4180} INFO - Setting next_dagrun for product_processing to 2026-05-28 00:00:00+00:00, run_after=2026-05-29 00:00:00+00:00
[2026-05-29T13:31:15.168+0000] {processor.py:208} INFO - Processing /opt/airflow/dags/product_processing.py took 0.253 seconds
[2026-05-29T13:31:45.497+0000] {processor.py:186} INFO - Started process (PID=23489) to work on /opt/airflow/dags/product_processing.py
[2026-05-29T13:31:45.498+0000] {processor.py:914} INFO - Processing file /opt/airflow/dags/product_processing.py for tasks to queue
[2026-05-29T13:31:45.499+0000] {logging_mixin.py:190} INFO - [2026-05-29T13:31:45.499+0000] {dagbag.py:588} INFO - Filling up the DagBag from /opt/airflow/dags/product_processing.py
[2026-05-29T13:31:45.687+0000] {processor.py:925} INFO - DAG(s) 'product_processing' retrieved from /opt/airflow/dags/product_processing.py
[2026-05-29T13:31:45.705+0000] {logging_mixin.py:190} INFO - [2026-05-29T13:31:45.704+0000] {dag.py:3239} INFO - Sync 1 DAGs
[2026-05-29T13:31:45.721+0000] {logging_mixin.py:190} INFO - [2026-05-29T13:31:45.721+0000] {dag.py:4180} INFO - Setting next_dagrun for product_processing to 2026-05-28 00:00:00+00:00, run_after=2026-05-29 00:00:00+00:00
[2026-05-29T13:31:45.735+0000] {processor.py:208} INFO - Processing /opt/airflow/dags/product_processing.py took 0.242 seconds
[2026-05-29T13:32:16.066+0000] {processor.py:186} INFO - Started process (PID=23505) to work on /opt/airflow/dags/product_processing.py
[2026-05-29T13:32:16.068+0000] {processor.py:914} INFO - Processing file /opt/airflow/dags/product_processing.py for tasks to queue
[2026-05-29T13:32:16.070+0000] {logging_mixin.py:190} INFO - [2026-05-29T13:32:16.069+0000] {dagbag.py:588} INFO - Filling up the DagBag from /opt/airflow/dags/product_processing.py
[2026-05-29T13:32:16.254+0000] {processor.py:925} INFO - DAG(s) 'product_processing' retrieved from /opt/airflow/dags/product_processing.py
[2026-05-29T13:32:16.273+0000] {logging_mixin.py:190} INFO - [2026-05-29T13:32:16.273+0000] {dag.py:3239} INFO - Sync 1 DAGs
[2026-05-29T13:32:16.291+0000] {logging_mixin.py:190} INFO - [2026-05-29T13:32:16.290+0000] {dag.py:4180} INFO - Setting next_dagrun for product_processing to 2026-05-28 00:00:00+00:00, run_after=2026-05-29 00:00:00+00:00
[2026-05-29T13:32:16.305+0000] {processor.py:208} INFO - Processing /opt/airflow/dags/product_processing.py took 0.247 seconds
[2026-05-29T13:32:46.614+0000] {processor.py:186} INFO - Started process (PID=23521) to work on /opt/airflow/dags/product_processing.py
[2026-05-29T13:32:46.625+0000] {processor.py:914} INFO - Processing file /opt/airflow/dags/product_processing.py for tasks to queue
[2026-05-29T13:32:46.626+0000] {logging_mixin.py:190} INFO - [2026-05-29T13:32:46.626+0000] {dagbag.py:588} INFO - Filling up the DagBag from /opt/airflow/dags/product_processing.py
[2026-05-29T13:32:46.824+0000] {processor.py:925} INFO - DAG(s) 'product_processing' retrieved from /opt/airflow/dags/product_processing.py
[2026-05-29T13:32:46.843+0000] {logging_mixin.py:190} INFO - [2026-05-29T13:32:46.843+0000] {dag.py:3239} INFO - Sync 1 DAGs
[2026-05-29T13:32:46.862+0000] {logging_mixin.py:190} INFO - [2026-05-29T13:32:46.862+0000] {dag.py:4180} INFO - Setting next_dagrun for product_processing to 2026-05-28 00:00:00+00:00, run_after=2026-05-29 00:00:00+00:00
[2026-05-29T13:32:46.875+0000] {processor.py:208} INFO - Processing /opt/airflow/dags/product_processing.py took 0.266 seconds
[2026-05-29T13:33:17.189+0000] {processor.py:186} INFO - Started process (PID=23538) to work on /opt/airflow/dags/product_processing.py
[2026-05-29T13:33:17.190+0000] {processor.py:914} INFO - Processing file /opt/airflow/dags/product_processing.py for tasks to queue
[2026-05-29T13:33:17.190+0000] {logging_mixin.py:190} INFO - [2026-05-29T13:33:17.190+0000] {dagbag.py:588} INFO - Filling up the DagBag from /opt/airflow/dags/product_processing.py
[2026-05-29T13:33:17.376+0000] {processor.py:925} INFO - DAG(s) 'product_processing' retrieved from /opt/airflow/dags/product_processing.py
[2026-05-29T13:33:17.396+0000] {logging_mixin.py:190} INFO - [2026-05-29T13:33:17.396+0000] {dag.py:3239} INFO - Sync 1 DAGs
[2026-05-29T13:33:17.414+0000] {logging_mixin.py:190} INFO - [2026-05-29T13:33:17.413+0000] {dag.py:4180} INFO - Setting next_dagrun for product_processing to 2026-05-28 00:00:00+00:00, run_after=2026-05-29 00:00:00+00:00
[2026-05-29T13:33:17.429+0000] {processor.py:208} INFO - Processing /opt/airflow/dags/product_processing.py took 0.244 seconds
[2026-05-29T13:33:47.781+0000] {processor.py:186} INFO - Started process (PID=23555) to work on /opt/airflow/dags/product_processing.py
[2026-05-29T13:33:47.782+0000] {processor.py:914} INFO - Processing file /opt/airflow/dags/product_processing.py for tasks to queue
[2026-05-29T13:33:47.783+0000] {logging_mixin.py:190} INFO - [2026-05-29T13:33:47.783+0000] {dagbag.py:588} INFO - Filling up the DagBag from /opt/airflow/dags/product_processing.py
[2026-05-29T13:33:47.974+0000] {processor.py:925} INFO - DAG(s) 'product_processing' retrieved from /opt/airflow/dags/product_processing.py
[2026-05-29T13:33:47.993+0000] {logging_mixin.py:190} INFO - [2026-05-29T13:33:47.992+0000] {dag.py:3239} INFO - Sync 1 DAGs
[2026-05-29T13:33:48.010+0000] {logging_mixin.py:190} INFO - [2026-05-29T13:33:48.010+0000] {dag.py:4180} INFO - Setting next_dagrun for product_processing to 2026-05-28 00:00:00+00:00, run_after=2026-05-29 00:00:00+00:00
[2026-05-29T13:33:48.023+0000] {processor.py:208} INFO - Processing /opt/airflow/dags/product_processing.py took 0.247 seconds
[2026-05-29T13:34:18.400+0000] {processor.py:186} INFO - Started process (PID=23571) to work on /opt/airflow/dags/product_processing.py
[2026-05-29T13:34:18.402+0000] {processor.py:914} INFO - Processing file /opt/airflow/dags/product_processing.py for tasks to queue
[2026-05-29T13:34:18.403+0000] {logging_mixin.py:190} INFO - [2026-05-29T13:34:18.403+0000] {dagbag.py:588} INFO - Filling up the DagBag from /opt/airflow/dags/product_processing.py
[2026-05-29T13:34:18.600+0000] {processor.py:925} INFO - DAG(s) 'product_processing' retrieved from /opt/airflow/dags/product_processing.py
[2026-05-29T13:34:18.618+0000] {logging_mixin.py:190} INFO - [2026-05-29T13:34:18.618+0000] {dag.py:3239} INFO - Sync 1 DAGs
[2026-05-29T13:34:18.635+0000] {logging_mixin.py:190} INFO - [2026-05-29T13:34:18.635+0000] {dag.py:4180} INFO - Setting next_dagrun for product_processing to 2026-05-28 00:00:00+00:00, run_after=2026-05-29 00:00:00+00:00
[2026-05-29T13:34:18.649+0000] {processor.py:208} INFO - Processing /opt/airflow/dags/product_processing.py took 0.258 seconds
[2026-05-29T13:34:48.952+0000] {processor.py:186} INFO - Started process (PID=23587) to work on /opt/airflow/dags/product_processing.py
[2026-05-29T13:34:48.954+0000] {processor.py:914} INFO - Processing file /opt/airflow/dags/product_processing.py for tasks to queue
[2026-05-29T13:34:48.954+0000] {logging_mixin.py:190} INFO - [2026-05-29T13:34:48.954+0000] {dagbag.py:588} INFO - Filling up the DagBag from /opt/airflow/dags/product_processing.py
[2026-05-29T13:34:49.156+0000] {processor.py:925} INFO - DAG(s) 'product_processing' retrieved from /opt/airflow/dags/product_processing.py
[2026-05-29T13:34:49.175+0000] {logging_mixin.py:190} INFO - [2026-05-29T13:34:49.175+0000] {dag.py:3239} INFO - Sync 1 DAGs
[2026-05-29T13:34:49.193+0000] {logging_mixin.py:190} INFO - [2026-05-29T13:34:49.193+0000] {dag.py:4180} INFO - Setting next_dagrun for product_processing to 2026-05-28 00:00:00+00:00, run_after=2026-05-29 00:00:00+00:00
[2026-05-29T13:34:49.206+0000] {processor.py:208} INFO - Processing /opt/airflow/dags/product_processing.py took 0.258 seconds
[2026-05-29T13:35:19.567+0000] {processor.py:186} INFO - Started process (PID=23604) to work on /opt/airflow/dags/product_processing.py
[2026-05-29T13:35:19.568+0000] {processor.py:914} INFO - Processing file /opt/airflow/dags/product_processing.py for tasks to queue
[2026-05-29T13:35:19.569+0000] {logging_mixin.py:190} INFO - [2026-05-29T13:35:19.569+0000] {dagbag.py:588} INFO - Filling up the DagBag from /opt/airflow/dags/product_processing.py
[2026-05-29T13:35:19.765+0000] {processor.py:925} INFO - DAG(s) 'product_processing' retrieved from /opt/airflow/dags/product_processing.py
[2026-05-29T13:35:19.783+0000] {logging_mixin.py:190} INFO - [2026-05-29T13:35:19.783+0000] {dag.py:3239} INFO - Sync 1 DAGs
[2026-05-29T13:35:19.800+0000] {logging_mixin.py:190} INFO - [2026-05-29T13:35:19.800+0000] {dag.py:4180} INFO - Setting next_dagrun for product_processing to 2026-05-28 00:00:00+00:00, run_after=2026-05-29 00:00:00+00:00
[2026-05-29T13:35:19.812+0000] {processor.py:208} INFO - Processing /opt/airflow/dags/product_processing.py took 0.249 seconds
[2026-05-29T13:35:50.158+0000] {processor.py:186} INFO - Started process (PID=23621) to work on /opt/airflow/dags/product_processing.py
[2026-05-29T13:35:50.166+0000] {processor.py:914} INFO - Processing file /opt/airflow/dags/product_processing.py for tasks to queue
[2026-05-29T13:35:50.167+0000] {logging_mixin.py:190} INFO - [2026-05-29T13:35:50.167+0000] {dagbag.py:588} INFO - Filling up the DagBag from /opt/airflow/dags/product_processing.py
[2026-05-29T13:35:50.347+0000] {processor.py:925} INFO - DAG(s) 'product_processing' retrieved from /opt/airflow/dags/product_processing.py
[2026-05-29T13:35:50.364+0000] {logging_mixin.py:190} INFO - [2026-05-29T13:35:50.364+0000] {dag.py:3239} INFO - Sync 1 DAGs
[2026-05-29T13:35:50.379+0000] {logging_mixin.py:190} INFO - [2026-05-29T13:35:50.379+0000] {dag.py:4180} INFO - Setting next_dagrun for product_processing to 2026-05-28 00:00:00+00:00, run_after=2026-05-29 00:00:00+00:00
[2026-05-29T13:35:50.391+0000] {processor.py:208} INFO - Processing /opt/airflow/dags/product_processing.py took 0.237 seconds
[2026-05-29T13:36:20.737+0000] {processor.py:186} INFO - Started process (PID=23637) to work on /opt/airflow/dags/product_processing.py
[2026-05-29T13:36:20.738+0000] {processor.py:914} INFO - Processing file /opt/airflow/dags/product_processing.py for tasks to queue
[2026-05-29T13:36:20.739+0000] {logging_mixin.py:190} INFO - [2026-05-29T13:36:20.738+0000] {dagbag.py:588} INFO - Filling up the DagBag from /opt/airflow/dags/product_processing.py
[2026-05-29T13:36:20.931+0000] {processor.py:925} INFO - DAG(s) 'product_processing' retrieved from /opt/airflow/dags/product_processing.py
[2026-05-29T13:36:20.949+0000] {logging_mixin.py:190} INFO - [2026-05-29T13:36:20.949+0000] {dag.py:3239} INFO - Sync 1 DAGs
[2026-05-29T13:36:20.966+0000] {logging_mixin.py:190} INFO - [2026-05-29T13:36:20.966+0000] {dag.py:4180} INFO - Setting next_dagrun for product_processing to 2026-05-28 00:00:00+00:00, run_after=2026-05-29 00:00:00+00:00
[2026-05-29T13:36:20.979+0000] {processor.py:208} INFO - Processing /opt/airflow/dags/product_processing.py took 0.246 seconds
[2026-05-29T13:36:51.281+0000] {processor.py:186} INFO - Started process (PID=23653) to work on /opt/airflow/dags/product_processing.py
[2026-05-29T13:36:51.282+0000] {processor.py:914} INFO - Processing file /opt/airflow/dags/product_processing.py for tasks to queue
[2026-05-29T13:36:51.283+0000] {logging_mixin.py:190} INFO - [2026-05-29T13:36:51.283+0000] {dagbag.py:588} INFO - Filling up the DagBag from /opt/airflow/dags/product_processing.py
[2026-05-29T13:36:51.471+0000] {processor.py:925} INFO - DAG(s) 'product_processing' retrieved from /opt/airflow/dags/product_processing.py
[2026-05-29T13:36:51.489+0000] {logging_mixin.py:190} INFO - [2026-05-29T13:36:51.489+0000] {dag.py:3239} INFO - Sync 1 DAGs
[2026-05-29T13:36:51.507+0000] {logging_mixin.py:190} INFO - [2026-05-29T13:36:51.507+0000] {dag.py:4180} INFO - Setting next_dagrun for product_processing to 2026-05-28 00:00:00+00:00, run_after=2026-05-29 00:00:00+00:00
[2026-05-29T13:36:51.520+0000] {processor.py:208} INFO - Processing /opt/airflow/dags/product_processing.py took 0.243 seconds
[2026-05-29T13:37:21.850+0000] {processor.py:186} INFO - Started process (PID=23669) to work on /opt/airflow/dags/product_processing.py
[2026-05-29T13:37:21.852+0000] {processor.py:914} INFO - Processing file /opt/airflow/dags/product_processing.py for tasks to queue
[2026-05-29T13:37:21.854+0000] {logging_mixin.py:190} INFO - [2026-05-29T13:37:21.854+0000] {dagbag.py:588} INFO - Filling up the DagBag from /opt/airflow/dags/product_processing.py
[2026-05-29T13:37:22.058+0000] {processor.py:925} INFO - DAG(s) 'product_processing' retrieved from /opt/airflow/dags/product_processing.py
[2026-05-29T13:37:22.078+0000] {logging_mixin.py:190} INFO - [2026-05-29T13:37:22.078+0000] {dag.py:3239} INFO - Sync 1 DAGs
[2026-05-29T13:37:22.095+0000] {logging_mixin.py:190} INFO - [2026-05-29T13:37:22.095+0000] {dag.py:4180} INFO - Setting next_dagrun for product_processing to 2026-05-28 00:00:00+00:00, run_after=2026-05-29 00:00:00+00:00
[2026-05-29T13:37:22.108+0000] {processor.py:208} INFO - Processing /opt/airflow/dags/product_processing.py took 0.264 seconds
[2026-05-29T13:37:52.411+0000] {processor.py:186} INFO - Started process (PID=23686) to work on /opt/airflow/dags/product_processing.py
[2026-05-29T13:37:52.413+0000] {processor.py:914} INFO - Processing file /opt/airflow/dags/product_processing.py for tasks to queue
[2026-05-29T13:37:52.413+0000] {logging_mixin.py:190} INFO - [2026-05-29T13:37:52.413+0000] {dagbag.py:588} INFO - Filling up the DagBag from /opt/airflow/dags/product_processing.py
[2026-05-29T13:37:52.614+0000] {processor.py:925} INFO - DAG(s) 'product_processing' retrieved from /opt/airflow/dags/product_processing.py
[2026-05-29T13:37:52.633+0000] {logging_mixin.py:190} INFO - [2026-05-29T13:37:52.633+0000] {dag.py:3239} INFO - Sync 1 DAGs
[2026-05-29T13:37:52.650+0000] {logging_mixin.py:190} INFO - [2026-05-29T13:37:52.650+0000] {dag.py:4180} INFO - Setting next_dagrun for product_processing to 2026-05-28 00:00:00+00:00, run_after=2026-05-29 00:00:00+00:00
[2026-05-29T13:37:52.663+0000] {processor.py:208} INFO - Processing /opt/airflow/dags/product_processing.py took 0.256 seconds
[2026-05-29T13:38:23.169+0000] {processor.py:186} INFO - Started process (PID=23702) to work on /opt/airflow/dags/product_processing.py
[2026-05-29T13:38:23.172+0000] {processor.py:914} INFO - Processing file /opt/airflow/dags/product_processing.py for tasks to queue
[2026-05-29T13:38:23.173+0000] {logging_mixin.py:190} INFO - [2026-05-29T13:38:23.173+0000] {dagbag.py:588} INFO - Filling up the DagBag from /opt/airflow/dags/product_processing.py
[2026-05-29T13:38:23.457+0000] {processor.py:925} INFO - DAG(s) 'product_processing' retrieved from /opt/airflow/dags/product_processing.py
[2026-05-29T13:38:23.495+0000] {logging_mixin.py:190} INFO - [2026-05-29T13:38:23.495+0000] {dag.py:3239} INFO - Sync 1 DAGs
[2026-05-29T13:38:23.529+0000] {logging_mixin.py:190} INFO - [2026-05-29T13:38:23.529+0000] {dag.py:4180} INFO - Setting next_dagrun for product_processing to 2026-05-28 00:00:00+00:00, run_after=2026-05-29 00:00:00+00:00
[2026-05-29T13:38:23.546+0000] {processor.py:208} INFO - Processing /opt/airflow/dags/product_processing.py took 0.387 seconds
[2026-05-29T13:38:53.950+0000] {processor.py:186} INFO - Started process (PID=23719) to work on /opt/airflow/dags/product_processing.py
[2026-05-29T13:38:53.952+0000] {processor.py:914} INFO - Processing file /opt/airflow/dags/product_processing.py for tasks to queue
[2026-05-29T13:38:53.953+0000] {logging_mixin.py:190} INFO - [2026-05-29T13:38:53.953+0000] {dagbag.py:588} INFO - Filling up the DagBag from /opt/airflow/dags/product_processing.py
[2026-05-29T13:38:54.267+0000] {processor.py:925} INFO - DAG(s) 'product_processing' retrieved from /opt/airflow/dags/product_processing.py
[2026-05-29T13:38:54.287+0000] {logging_mixin.py:190} INFO - [2026-05-29T13:38:54.286+0000] {dag.py:3239} INFO - Sync 1 DAGs
[2026-05-29T13:38:54.303+0000] {logging_mixin.py:190} INFO - [2026-05-29T13:38:54.303+0000] {dag.py:4180} INFO - Setting next_dagrun for product_processing to 2026-05-28 00:00:00+00:00, run_after=2026-05-29 00:00:00+00:00
[2026-05-29T13:38:54.316+0000] {processor.py:208} INFO - Processing /opt/airflow/dags/product_processing.py took 0.375 seconds
[2026-05-29T13:39:24.759+0000] {processor.py:186} INFO - Started process (PID=23736) to work on /opt/airflow/dags/product_processing.py
[2026-05-29T13:39:24.760+0000] {processor.py:914} INFO - Processing file /opt/airflow/dags/product_processing.py for tasks to queue
[2026-05-29T13:39:24.762+0000] {logging_mixin.py:190} INFO - [2026-05-29T13:39:24.761+0000] {dagbag.py:588} INFO - Filling up the DagBag from /opt/airflow/dags/product_processing.py
[2026-05-29T13:39:24.965+0000] {processor.py:925} INFO - DAG(s) 'product_processing' retrieved from /opt/airflow/dags/product_processing.py
[2026-05-29T13:39:24.983+0000] {logging_mixin.py:190} INFO - [2026-05-29T13:39:24.982+0000] {dag.py:3239} INFO - Sync 1 DAGs
[2026-05-29T13:39:24.999+0000] {logging_mixin.py:190} INFO - [2026-05-29T13:39:24.999+0000] {dag.py:4180} INFO - Setting next_dagrun for product_processing to 2026-05-28 00:00:00+00:00, run_after=2026-05-29 00:00:00+00:00
[2026-05-29T13:39:25.012+0000] {processor.py:208} INFO - Processing /opt/airflow/dags/product_processing.py took 0.257 seconds
[2026-05-29T13:39:55.436+0000] {processor.py:186} INFO - Started process (PID=23753) to work on /opt/airflow/dags/product_processing.py
[2026-05-29T13:39:55.438+0000] {processor.py:914} INFO - Processing file /opt/airflow/dags/product_processing.py for tasks to queue
[2026-05-29T13:39:55.439+0000] {logging_mixin.py:190} INFO - [2026-05-29T13:39:55.439+0000] {dagbag.py:588} INFO - Filling up the DagBag from /opt/airflow/dags/product_processing.py
[2026-05-29T13:39:55.633+0000] {processor.py:925} INFO - DAG(s) 'product_processing' retrieved from /opt/airflow/dags/product_processing.py
[2026-05-29T13:39:55.651+0000] {logging_mixin.py:190} INFO - [2026-05-29T13:39:55.651+0000] {dag.py:3239} INFO - Sync 1 DAGs
[2026-05-29T13:39:55.668+0000] {logging_mixin.py:190} INFO - [2026-05-29T13:39:55.668+0000] {dag.py:4180} INFO - Setting next_dagrun for product_processing to 2026-05-28 00:00:00+00:00, run_after=2026-05-29 00:00:00+00:00
[2026-05-29T13:39:55.680+0000] {processor.py:208} INFO - Processing /opt/airflow/dags/product_processing.py took 0.248 seconds
[2026-05-29T13:40:25.983+0000] {processor.py:186} INFO - Started process (PID=23769) to work on /opt/airflow/dags/product_processing.py
[2026-05-29T13:40:25.985+0000] {processor.py:914} INFO - Processing file /opt/airflow/dags/product_processing.py for tasks to queue
[2026-05-29T13:40:25.986+0000] {logging_mixin.py:190} INFO - [2026-05-29T13:40:25.986+0000] {dagbag.py:588} INFO - Filling up the DagBag from /opt/airflow/dags/product_processing.py
[2026-05-29T13:40:26.181+0000] {processor.py:925} INFO - DAG(s) 'product_processing' retrieved from /opt/airflow/dags/product_processing.py
[2026-05-29T13:40:26.200+0000] {logging_mixin.py:190} INFO - [2026-05-29T13:40:26.200+0000] {dag.py:3239} INFO - Sync 1 DAGs
[2026-05-29T13:40:26.217+0000] {logging_mixin.py:190} INFO - [2026-05-29T13:40:26.217+0000] {dag.py:4180} INFO - Setting next_dagrun for product_processing to 2026-05-28 00:00:00+00:00, run_after=2026-05-29 00:00:00+00:00
[2026-05-29T13:40:26.230+0000] {processor.py:208} INFO - Processing /opt/airflow/dags/product_processing.py took 0.251 seconds
[2026-05-29T13:40:56.571+0000] {processor.py:186} INFO - Started process (PID=23785) to work on /opt/airflow/dags/product_processing.py
[2026-05-29T13:40:56.574+0000] {processor.py:914} INFO - Processing file /opt/airflow/dags/product_processing.py for tasks to queue
[2026-05-29T13:40:56.575+0000] {logging_mixin.py:190} INFO - [2026-05-29T13:40:56.575+0000] {dagbag.py:588} INFO - Filling up the DagBag from /opt/airflow/dags/product_processing.py
[2026-05-29T13:40:56.774+0000] {processor.py:925} INFO - DAG(s) 'product_processing' retrieved from /opt/airflow/dags/product_processing.py
[2026-05-29T13:40:56.792+0000] {logging_mixin.py:190} INFO - [2026-05-29T13:40:56.791+0000] {dag.py:3239} INFO - Sync 1 DAGs
[2026-05-29T13:40:56.809+0000] {logging_mixin.py:190} INFO - [2026-05-29T13:40:56.808+0000] {dag.py:4180} INFO - Setting next_dagrun for product_processing to 2026-05-28 00:00:00+00:00, run_after=2026-05-29 00:00:00+00:00
[2026-05-29T13:40:56.820+0000] {processor.py:208} INFO - Processing /opt/airflow/dags/product_processing.py took 0.258 seconds
[2026-05-29T13:41:27.197+0000] {processor.py:186} INFO - Started process (PID=23802) to work on /opt/airflow/dags/product_processing.py
[2026-05-29T13:41:27.199+0000] {processor.py:914} INFO - Processing file /opt/airflow/dags/product_processing.py for tasks to queue
[2026-05-29T13:41:27.200+0000] {logging_mixin.py:190} INFO - [2026-05-29T13:41:27.200+0000] {dagbag.py:588} INFO - Filling up the DagBag from /opt/airflow/dags/product_processing.py
[2026-05-29T13:41:27.396+0000] {processor.py:925} INFO - DAG(s) 'product_processing' retrieved from /opt/airflow/dags/product_processing.py
[2026-05-29T13:41:27.415+0000] {logging_mixin.py:190} INFO - [2026-05-29T13:41:27.415+0000] {dag.py:3239} INFO - Sync 1 DAGs
[2026-05-29T13:41:27.433+0000] {logging_mixin.py:190} INFO - [2026-05-29T13:41:27.432+0000] {dag.py:4180} INFO - Setting next_dagrun for product_processing to 2026-05-28 00:00:00+00:00, run_after=2026-05-29 00:00:00+00:00
[2026-05-29T13:41:27.448+0000] {processor.py:208} INFO - Processing /opt/airflow/dags/product_processing.py took 0.255 seconds
[2026-05-29T13:41:57.758+0000] {processor.py:186} INFO - Started process (PID=23818) to work on /opt/airflow/dags/product_processing.py
[2026-05-29T13:41:57.759+0000] {processor.py:914} INFO - Processing file /opt/airflow/dags/product_processing.py for tasks to queue
[2026-05-29T13:41:57.760+0000] {logging_mixin.py:190} INFO - [2026-05-29T13:41:57.759+0000] {dagbag.py:588} INFO - Filling up the DagBag from /opt/airflow/dags/product_processing.py
[2026-05-29T13:41:57.969+0000] {processor.py:925} INFO - DAG(s) 'product_processing' retrieved from /opt/airflow/dags/product_processing.py
[2026-05-29T13:41:57.987+0000] {logging_mixin.py:190} INFO - [2026-05-29T13:41:57.987+0000] {dag.py:3239} INFO - Sync 1 DAGs
[2026-05-29T13:41:58.004+0000] {logging_mixin.py:190} INFO - [2026-05-29T13:41:58.004+0000] {dag.py:4180} INFO - Setting next_dagrun for product_processing to 2026-05-28 00:00:00+00:00, run_after=2026-05-29 00:00:00+00:00
[2026-05-29T13:41:58.018+0000] {processor.py:208} INFO - Processing /opt/airflow/dags/product_processing.py took 0.264 seconds
[2026-05-29T13:42:28.317+0000] {processor.py:186} INFO - Started process (PID=23834) to work on /opt/airflow/dags/product_processing.py
[2026-05-29T13:42:28.319+0000] {processor.py:914} INFO - Processing file /opt/airflow/dags/product_processing.py for tasks to queue
[2026-05-29T13:42:28.322+0000] {logging_mixin.py:190} INFO - [2026-05-29T13:42:28.320+0000] {dagbag.py:588} INFO - Filling up the DagBag from /opt/airflow/dags/product_processing.py
[2026-05-29T13:42:28.785+0000] {processor.py:925} INFO - DAG(s) 'product_processing' retrieved from /opt/airflow/dags/product_processing.py
[2026-05-29T13:42:28.818+0000] {logging_mixin.py:190} INFO - [2026-05-29T13:42:28.818+0000] {dag.py:3239} INFO - Sync 1 DAGs
[2026-05-29T13:42:28.842+0000] {logging_mixin.py:190} INFO - [2026-05-29T13:42:28.842+0000] {dag.py:4180} INFO - Setting next_dagrun for product_processing to 2026-05-28 00:00:00+00:00, run_after=2026-05-29 00:00:00+00:00
[2026-05-29T13:42:28.870+0000] {processor.py:208} INFO - Processing /opt/airflow/dags/product_processing.py took 0.564 seconds
[2026-05-29T13:42:59.362+0000] {processor.py:186} INFO - Started process (PID=23850) to work on /opt/airflow/dags/product_processing.py
[2026-05-29T13:42:59.365+0000] {processor.py:914} INFO - Processing file /opt/airflow/dags/product_processing.py for tasks to queue
[2026-05-29T13:42:59.367+0000] {logging_mixin.py:190} INFO - [2026-05-29T13:42:59.366+0000] {dagbag.py:588} INFO - Filling up the DagBag from /opt/airflow/dags/product_processing.py
[2026-05-29T13:42:59.718+0000] {processor.py:925} INFO - DAG(s) 'product_processing' retrieved from /opt/airflow/dags/product_processing.py
[2026-05-29T13:42:59.749+0000] {logging_mixin.py:190} INFO - [2026-05-29T13:42:59.749+0000] {dag.py:3239} INFO - Sync 1 DAGs
[2026-05-29T13:42:59.768+0000] {logging_mixin.py:190} INFO - [2026-05-29T13:42:59.768+0000] {dag.py:4180} INFO - Setting next_dagrun for product_processing to 2026-05-28 00:00:00+00:00, run_after=2026-05-29 00:00:00+00:00
[2026-05-29T13:42:59.781+0000] {processor.py:208} INFO - Processing /opt/airflow/dags/product_processing.py took 0.427 seconds
[2026-05-29T13:43:30.104+0000] {processor.py:186} INFO - Started process (PID=23873) to work on /opt/airflow/dags/product_processing.py
[2026-05-29T13:43:30.106+0000] {processor.py:914} INFO - Processing file /opt/airflow/dags/product_processing.py for tasks to queue
[2026-05-29T13:43:30.107+0000] {logging_mixin.py:190} INFO - [2026-05-29T13:43:30.107+0000] {dagbag.py:588} INFO - Filling up the DagBag from /opt/airflow/dags/product_processing.py
[2026-05-29T13:43:30.312+0000] {processor.py:925} INFO - DAG(s) 'product_processing' retrieved from /opt/airflow/dags/product_processing.py
[2026-05-29T13:43:30.334+0000] {logging_mixin.py:190} INFO - [2026-05-29T13:43:30.333+0000] {dag.py:3239} INFO - Sync 1 DAGs
[2026-05-29T13:43:30.352+0000] {logging_mixin.py:190} INFO - [2026-05-29T13:43:30.352+0000] {dag.py:4180} INFO - Setting next_dagrun for product_processing to 2026-05-28 00:00:00+00:00, run_after=2026-05-29 00:00:00+00:00
[2026-05-29T13:43:30.364+0000] {processor.py:208} INFO - Processing /opt/airflow/dags/product_processing.py took 0.266 seconds
[2026-05-29T13:44:00.751+0000] {processor.py:186} INFO - Started process (PID=23889) to work on /opt/airflow/dags/product_processing.py
[2026-05-29T13:44:00.752+0000] {processor.py:914} INFO - Processing file /opt/airflow/dags/product_processing.py for tasks to queue
[2026-05-29T13:44:00.753+0000] {logging_mixin.py:190} INFO - [2026-05-29T13:44:00.753+0000] {dagbag.py:588} INFO - Filling up the DagBag from /opt/airflow/dags/product_processing.py
[2026-05-29T13:44:00.945+0000] {processor.py:925} INFO - DAG(s) 'product_processing' retrieved from /opt/airflow/dags/product_processing.py
[2026-05-29T13:44:00.964+0000] {logging_mixin.py:190} INFO - [2026-05-29T13:44:00.963+0000] {dag.py:3239} INFO - Sync 1 DAGs
[2026-05-29T13:44:00.980+0000] {logging_mixin.py:190} INFO - [2026-05-29T13:44:00.980+0000] {dag.py:4180} INFO - Setting next_dagrun for product_processing to 2026-05-28 00:00:00+00:00, run_after=2026-05-29 00:00:00+00:00
[2026-05-29T13:44:00.993+0000] {processor.py:208} INFO - Processing /opt/airflow/dags/product_processing.py took 0.246 seconds
[2026-05-29T13:44:31.289+0000] {processor.py:186} INFO - Started process (PID=23905) to work on /opt/airflow/dags/product_processing.py
[2026-05-29T13:44:31.289+0000] {processor.py:914} INFO - Processing file /opt/airflow/dags/product_processing.py for tasks to queue
[2026-05-29T13:44:31.291+0000] {logging_mixin.py:190} INFO - [2026-05-29T13:44:31.290+0000] {dagbag.py:588} INFO - Filling up the DagBag from /opt/airflow/dags/product_processing.py
[2026-05-29T13:44:31.475+0000] {processor.py:925} INFO - DAG(s) 'product_processing' retrieved from /opt/airflow/dags/product_processing.py
[2026-05-29T13:44:31.494+0000] {logging_mixin.py:190} INFO - [2026-05-29T13:44:31.493+0000] {dag.py:3239} INFO - Sync 1 DAGs
[2026-05-29T13:44:31.511+0000] {logging_mixin.py:190} INFO - [2026-05-29T13:44:31.510+0000] {dag.py:4180} INFO - Setting next_dagrun for product_processing to 2026-05-28 00:00:00+00:00, run_after=2026-05-29 00:00:00+00:00
[2026-05-29T13:44:31.522+0000] {processor.py:208} INFO - Processing /opt/airflow/dags/product_processing.py took 0.241 seconds
[2026-05-29T13:45:01.825+0000] {processor.py:186} INFO - Started process (PID=23922) to work on /opt/airflow/dags/product_processing.py
[2026-05-29T13:45:01.826+0000] {processor.py:914} INFO - Processing file /opt/airflow/dags/product_processing.py for tasks to queue
[2026-05-29T13:45:01.827+0000] {logging_mixin.py:190} INFO - [2026-05-29T13:45:01.826+0000] {dagbag.py:588} INFO - Filling up the DagBag from /opt/airflow/dags/product_processing.py
[2026-05-29T13:45:02.009+0000] {processor.py:925} INFO - DAG(s) 'product_processing' retrieved from /opt/airflow/dags/product_processing.py
[2026-05-29T13:45:02.028+0000] {logging_mixin.py:190} INFO - [2026-05-29T13:45:02.028+0000] {dag.py:3239} INFO - Sync 1 DAGs
[2026-05-29T13:45:02.045+0000] {logging_mixin.py:190} INFO - [2026-05-29T13:45:02.045+0000] {dag.py:4180} INFO - Setting next_dagrun for product_processing to 2026-05-28 00:00:00+00:00, run_after=2026-05-29 00:00:00+00:00
[2026-05-29T13:45:02.058+0000] {processor.py:208} INFO - Processing /opt/airflow/dags/product_processing.py took 0.237 seconds
[2026-05-29T13:45:32.338+0000] {processor.py:186} INFO - Started process (PID=23938) to work on /opt/airflow/dags/product_processing.py
[2026-05-29T13:45:32.339+0000] {processor.py:914} INFO - Processing file /opt/airflow/dags/product_processing.py for tasks to queue
[2026-05-29T13:45:32.341+0000] {logging_mixin.py:190} INFO - [2026-05-29T13:45:32.340+0000] {dagbag.py:588} INFO - Filling up the DagBag from /opt/airflow/dags/product_processing.py
[2026-05-29T13:45:32.534+0000] {processor.py:925} INFO - DAG(s) 'product_processing' retrieved from /opt/airflow/dags/product_processing.py
[2026-05-29T13:45:32.553+0000] {logging_mixin.py:190} INFO - [2026-05-29T13:45:32.553+0000] {dag.py:3239} INFO - Sync 1 DAGs
[2026-05-29T13:45:32.571+0000] {logging_mixin.py:190} INFO - [2026-05-29T13:45:32.571+0000] {dag.py:4180} INFO - Setting next_dagrun for product_processing to 2026-05-28 00:00:00+00:00, run_after=2026-05-29 00:00:00+00:00
[2026-05-29T13:45:32.585+0000] {processor.py:208} INFO - Processing /opt/airflow/dags/product_processing.py took 0.252 seconds
[2026-05-29T13:46:02.877+0000] {processor.py:186} INFO - Started process (PID=23954) to work on /opt/airflow/dags/product_processing.py
[2026-05-29T13:46:02.877+0000] {processor.py:914} INFO - Processing file /opt/airflow/dags/product_processing.py for tasks to queue
[2026-05-29T13:46:02.878+0000] {logging_mixin.py:190} INFO - [2026-05-29T13:46:02.878+0000] {dagbag.py:588} INFO - Filling up the DagBag from /opt/airflow/dags/product_processing.py
[2026-05-29T13:46:03.071+0000] {processor.py:925} INFO - DAG(s) 'product_processing' retrieved from /opt/airflow/dags/product_processing.py
[2026-05-29T13:46:03.089+0000] {logging_mixin.py:190} INFO - [2026-05-29T13:46:03.089+0000] {dag.py:3239} INFO - Sync 1 DAGs
[2026-05-29T13:46:03.106+0000] {logging_mixin.py:190} INFO - [2026-05-29T13:46:03.105+0000] {dag.py:4180} INFO - Setting next_dagrun for product_processing to 2026-05-28 00:00:00+00:00, run_after=2026-05-29 00:00:00+00:00
[2026-05-29T13:46:03.117+0000] {processor.py:208} INFO - Processing /opt/airflow/dags/product_processing.py took 0.244 seconds
[2026-05-29T13:46:33.474+0000] {processor.py:186} INFO - Started process (PID=23971) to work on /opt/airflow/dags/product_processing.py
[2026-05-29T13:46:33.478+0000] {processor.py:914} INFO - Processing file /opt/airflow/dags/product_processing.py for tasks to queue
[2026-05-29T13:46:33.479+0000] {logging_mixin.py:190} INFO - [2026-05-29T13:46:33.478+0000] {dagbag.py:588} INFO - Filling up the DagBag from /opt/airflow/dags/product_processing.py
[2026-05-29T13:46:33.665+0000] {processor.py:925} INFO - DAG(s) 'product_processing' retrieved from /opt/airflow/dags/product_processing.py
[2026-05-29T13:46:33.684+0000] {logging_mixin.py:190} INFO - [2026-05-29T13:46:33.683+0000] {dag.py:3239} INFO - Sync 1 DAGs
[2026-05-29T13:46:33.700+0000] {logging_mixin.py:190} INFO - [2026-05-29T13:46:33.700+0000] {dag.py:4180} INFO - Setting next_dagrun for product_processing to 2026-05-28 00:00:00+00:00, run_after=2026-05-29 00:00:00+00:00
[2026-05-29T13:46:33.714+0000] {processor.py:208} INFO - Processing /opt/airflow/dags/product_processing.py took 0.248 seconds
[2026-05-29T13:47:04.040+0000] {processor.py:186} INFO - Started process (PID=23987) to work on /opt/airflow/dags/product_processing.py
[2026-05-29T13:47:04.040+0000] {processor.py:914} INFO - Processing file /opt/airflow/dags/product_processing.py for tasks to queue
[2026-05-29T13:47:04.041+0000] {logging_mixin.py:190} INFO - [2026-05-29T13:47:04.041+0000] {dagbag.py:588} INFO - Filling up the DagBag from /opt/airflow/dags/product_processing.py
[2026-05-29T13:47:04.224+0000] {processor.py:925} INFO - DAG(s) 'product_processing' retrieved from /opt/airflow/dags/product_processing.py
[2026-05-29T13:47:04.241+0000] {logging_mixin.py:190} INFO - [2026-05-29T13:47:04.241+0000] {dag.py:3239} INFO - Sync 1 DAGs
[2026-05-29T13:47:04.257+0000] {logging_mixin.py:190} INFO - [2026-05-29T13:47:04.257+0000] {dag.py:4180} INFO - Setting next_dagrun for product_processing to 2026-05-28 00:00:00+00:00, run_after=2026-05-29 00:00:00+00:00
[2026-05-29T13:47:04.270+0000] {processor.py:208} INFO - Processing /opt/airflow/dags/product_processing.py took 0.234 seconds
[2026-05-29T13:47:34.638+0000] {processor.py:186} INFO - Started process (PID=24004) to work on /opt/airflow/dags/product_processing.py
[2026-05-29T13:47:34.639+0000] {processor.py:914} INFO - Processing file /opt/airflow/dags/product_processing.py for tasks to queue
[2026-05-29T13:47:34.640+0000] {logging_mixin.py:190} INFO - [2026-05-29T13:47:34.640+0000] {dagbag.py:588} INFO - Filling up the DagBag from /opt/airflow/dags/product_processing.py
[2026-05-29T13:47:34.829+0000] {processor.py:925} INFO - DAG(s) 'product_processing' retrieved from /opt/airflow/dags/product_processing.py
[2026-05-29T13:47:34.848+0000] {logging_mixin.py:190} INFO - [2026-05-29T13:47:34.848+0000] {dag.py:3239} INFO - Sync 1 DAGs
[2026-05-29T13:47:34.865+0000] {logging_mixin.py:190} INFO - [2026-05-29T13:47:34.865+0000] {dag.py:4180} INFO - Setting next_dagrun for product_processing to 2026-05-28 00:00:00+00:00, run_after=2026-05-29 00:00:00+00:00
[2026-05-29T13:47:34.878+0000] {processor.py:208} INFO - Processing /opt/airflow/dags/product_processing.py took 0.245 seconds
[2026-05-29T13:48:05.174+0000] {processor.py:186} INFO - Started process (PID=24019) to work on /opt/airflow/dags/product_processing.py
[2026-05-29T13:48:05.175+0000] {processor.py:914} INFO - Processing file /opt/airflow/dags/product_processing.py for tasks to queue
[2026-05-29T13:48:05.176+0000] {logging_mixin.py:190} INFO - [2026-05-29T13:48:05.176+0000] {dagbag.py:588} INFO - Filling up the DagBag from /opt/airflow/dags/product_processing.py
[2026-05-29T13:48:05.377+0000] {processor.py:925} INFO - DAG(s) 'product_processing' retrieved from /opt/airflow/dags/product_processing.py
[2026-05-29T13:48:05.395+0000] {logging_mixin.py:190} INFO - [2026-05-29T13:48:05.395+0000] {dag.py:3239} INFO - Sync 1 DAGs
[2026-05-29T13:48:05.412+0000] {logging_mixin.py:190} INFO - [2026-05-29T13:48:05.412+0000] {dag.py:4180} INFO - Setting next_dagrun for product_processing to 2026-05-28 00:00:00+00:00, run_after=2026-05-29 00:00:00+00:00
[2026-05-29T13:48:05.425+0000] {processor.py:208} INFO - Processing /opt/airflow/dags/product_processing.py took 0.255 seconds
[2026-05-29T13:48:35.740+0000] {processor.py:186} INFO - Started process (PID=24036) to work on /opt/airflow/dags/product_processing.py
[2026-05-29T13:48:35.742+0000] {processor.py:914} INFO - Processing file /opt/airflow/dags/product_processing.py for tasks to queue
[2026-05-29T13:48:35.743+0000] {logging_mixin.py:190} INFO - [2026-05-29T13:48:35.743+0000] {dagbag.py:588} INFO - Filling up the DagBag from /opt/airflow/dags/product_processing.py
[2026-05-29T13:48:35.950+0000] {processor.py:925} INFO - DAG(s) 'product_processing' retrieved from /opt/airflow/dags/product_processing.py
[2026-05-29T13:48:35.969+0000] {logging_mixin.py:190} INFO - [2026-05-29T13:48:35.969+0000] {dag.py:3239} INFO - Sync 1 DAGs
[2026-05-29T13:48:35.986+0000] {logging_mixin.py:190} INFO - [2026-05-29T13:48:35.986+0000] {dag.py:4180} INFO - Setting next_dagrun for product_processing to 2026-05-28 00:00:00+00:00, run_after=2026-05-29 00:00:00+00:00
[2026-05-29T13:48:35.999+0000] {processor.py:208} INFO - Processing /opt/airflow/dags/product_processing.py took 0.264 seconds
[2026-05-29T13:49:06.295+0000] {processor.py:186} INFO - Started process (PID=24053) to work on /opt/airflow/dags/product_processing.py
[2026-05-29T13:49:06.296+0000] {processor.py:914} INFO - Processing file /opt/airflow/dags/product_processing.py for tasks to queue
[2026-05-29T13:49:06.297+0000] {logging_mixin.py:190} INFO - [2026-05-29T13:49:06.297+0000] {dagbag.py:588} INFO - Filling up the DagBag from /opt/airflow/dags/product_processing.py
[2026-05-29T13:49:06.488+0000] {processor.py:925} INFO - DAG(s) 'product_processing' retrieved from /opt/airflow/dags/product_processing.py
[2026-05-29T13:49:06.507+0000] {logging_mixin.py:190} INFO - [2026-05-29T13:49:06.507+0000] {dag.py:3239} INFO - Sync 1 DAGs
[2026-05-29T13:49:06.525+0000] {logging_mixin.py:190} INFO - [2026-05-29T13:49:06.525+0000] {dag.py:4180} INFO - Setting next_dagrun for product_processing to 2026-05-28 00:00:00+00:00, run_after=2026-05-29 00:00:00+00:00
[2026-05-29T13:49:06.540+0000] {processor.py:208} INFO - Processing /opt/airflow/dags/product_processing.py took 0.249 seconds
[2026-05-29T13:49:36.845+0000] {processor.py:186} INFO - Started process (PID=24070) to work on /opt/airflow/dags/product_processing.py
[2026-05-29T13:49:36.846+0000] {processor.py:914} INFO - Processing file /opt/airflow/dags/product_processing.py for tasks to queue
[2026-05-29T13:49:36.847+0000] {logging_mixin.py:190} INFO - [2026-05-29T13:49:36.847+0000] {dagbag.py:588} INFO - Filling up the DagBag from /opt/airflow/dags/product_processing.py
[2026-05-29T13:49:37.038+0000] {processor.py:925} INFO - DAG(s) 'product_processing' retrieved from /opt/airflow/dags/product_processing.py
[2026-05-29T13:49:37.057+0000] {logging_mixin.py:190} INFO - [2026-05-29T13:49:37.057+0000] {dag.py:3239} INFO - Sync 1 DAGs
[2026-05-29T13:49:37.073+0000] {logging_mixin.py:190} INFO - [2026-05-29T13:49:37.073+0000] {dag.py:4180} INFO - Setting next_dagrun for product_processing to 2026-05-28 00:00:00+00:00, run_after=2026-05-29 00:00:00+00:00
[2026-05-29T13:49:37.086+0000] {processor.py:208} INFO - Processing /opt/airflow/dags/product_processing.py took 0.245 seconds
[2026-05-29T13:50:07.442+0000] {processor.py:186} INFO - Started process (PID=24087) to work on /opt/airflow/dags/product_processing.py
[2026-05-29T13:50:07.443+0000] {processor.py:914} INFO - Processing file /opt/airflow/dags/product_processing.py for tasks to queue
[2026-05-29T13:50:07.444+0000] {logging_mixin.py:190} INFO - [2026-05-29T13:50:07.443+0000] {dagbag.py:588} INFO - Filling up the DagBag from /opt/airflow/dags/product_processing.py
[2026-05-29T13:50:07.627+0000] {processor.py:925} INFO - DAG(s) 'product_processing' retrieved from /opt/airflow/dags/product_processing.py
[2026-05-29T13:50:07.645+0000] {logging_mixin.py:190} INFO - [2026-05-29T13:50:07.645+0000] {dag.py:3239} INFO - Sync 1 DAGs
[2026-05-29T13:50:07.662+0000] {logging_mixin.py:190} INFO - [2026-05-29T13:50:07.662+0000] {dag.py:4180} INFO - Setting next_dagrun for product_processing to 2026-05-28 00:00:00+00:00, run_after=2026-05-29 00:00:00+00:00
[2026-05-29T13:50:07.675+0000] {processor.py:208} INFO - Processing /opt/airflow/dags/product_processing.py took 0.237 seconds
[2026-05-29T13:50:38.129+0000] {processor.py:186} INFO - Started process (PID=24102) to work on /opt/airflow/dags/product_processing.py
[2026-05-29T13:50:38.130+0000] {processor.py:914} INFO - Processing file /opt/airflow/dags/product_processing.py for tasks to queue
[2026-05-29T13:50:38.131+0000] {logging_mixin.py:190} INFO - [2026-05-29T13:50:38.131+0000] {dagbag.py:588} INFO - Filling up the DagBag from /opt/airflow/dags/product_processing.py
[2026-05-29T13:50:38.330+0000] {processor.py:925} INFO - DAG(s) 'product_processing' retrieved from /opt/airflow/dags/product_processing.py
[2026-05-29T13:50:38.348+0000] {logging_mixin.py:190} INFO - [2026-05-29T13:50:38.348+0000] {dag.py:3239} INFO - Sync 1 DAGs
[2026-05-29T13:50:38.365+0000] {logging_mixin.py:190} INFO - [2026-05-29T13:50:38.365+0000] {dag.py:4180} INFO - Setting next_dagrun for product_processing to 2026-05-28 00:00:00+00:00, run_after=2026-05-29 00:00:00+00:00
[2026-05-29T13:50:38.377+0000] {processor.py:208} INFO - Processing /opt/airflow/dags/product_processing.py took 0.253 seconds
[2026-05-29T13:51:08.705+0000] {processor.py:186} INFO - Started process (PID=24119) to work on /opt/airflow/dags/product_processing.py
[2026-05-29T13:51:08.709+0000] {processor.py:914} INFO - Processing file /opt/airflow/dags/product_processing.py for tasks to queue
[2026-05-29T13:51:08.711+0000] {logging_mixin.py:190} INFO - [2026-05-29T13:51:08.710+0000] {dagbag.py:588} INFO - Filling up the DagBag from /opt/airflow/dags/product_processing.py
[2026-05-29T13:51:09.017+0000] {processor.py:925} INFO - DAG(s) 'product_processing' retrieved from /opt/airflow/dags/product_processing.py
[2026-05-29T13:51:09.040+0000] {logging_mixin.py:190} INFO - [2026-05-29T13:51:09.039+0000] {dag.py:3239} INFO - Sync 1 DAGs
[2026-05-29T13:51:09.056+0000] {logging_mixin.py:190} INFO - [2026-05-29T13:51:09.056+0000] {dag.py:4180} INFO - Setting next_dagrun for product_processing to 2026-05-28 00:00:00+00:00, run_after=2026-05-29 00:00:00+00:00
[2026-05-29T13:51:09.067+0000] {processor.py:208} INFO - Processing /opt/airflow/dags/product_processing.py took 0.370 seconds
[2026-05-29T13:51:39.466+0000] {processor.py:186} INFO - Started process (PID=24135) to work on /opt/airflow/dags/product_processing.py
[2026-05-29T13:51:39.468+0000] {processor.py:914} INFO - Processing file /opt/airflow/dags/product_processing.py for tasks to queue
[2026-05-29T13:51:39.468+0000] {logging_mixin.py:190} INFO - [2026-05-29T13:51:39.468+0000] {dagbag.py:588} INFO - Filling up the DagBag from /opt/airflow/dags/product_processing.py
[2026-05-29T13:51:39.663+0000] {processor.py:925} INFO - DAG(s) 'product_processing' retrieved from /opt/airflow/dags/product_processing.py
[2026-05-29T13:51:39.683+0000] {logging_mixin.py:190} INFO - [2026-05-29T13:51:39.683+0000] {dag.py:3239} INFO - Sync 1 DAGs
[2026-05-29T13:51:39.700+0000] {logging_mixin.py:190} INFO - [2026-05-29T13:51:39.700+0000] {dag.py:4180} INFO - Setting next_dagrun for product_processing to 2026-05-28 00:00:00+00:00, run_after=2026-05-29 00:00:00+00:00
[2026-05-29T13:51:39.711+0000] {processor.py:208} INFO - Processing /opt/airflow/dags/product_processing.py took 0.249 seconds
[2026-05-29T13:52:10.136+0000] {processor.py:186} INFO - Started process (PID=24151) to work on /opt/airflow/dags/product_processing.py
[2026-05-29T13:52:10.137+0000] {processor.py:914} INFO - Processing file /opt/airflow/dags/product_processing.py for tasks to queue
[2026-05-29T13:52:10.138+0000] {logging_mixin.py:190} INFO - [2026-05-29T13:52:10.137+0000] {dagbag.py:588} INFO - Filling up the DagBag from /opt/airflow/dags/product_processing.py
[2026-05-29T13:52:10.324+0000] {processor.py:925} INFO - DAG(s) 'product_processing' retrieved from /opt/airflow/dags/product_processing.py
[2026-05-29T13:52:10.341+0000] {logging_mixin.py:190} INFO - [2026-05-29T13:52:10.341+0000] {dag.py:3239} INFO - Sync 1 DAGs
[2026-05-29T13:52:10.359+0000] {logging_mixin.py:190} INFO - [2026-05-29T13:52:10.358+0000] {dag.py:4180} INFO - Setting next_dagrun for product_processing to 2026-05-28 00:00:00+00:00, run_after=2026-05-29 00:00:00+00:00
[2026-05-29T13:52:10.371+0000] {processor.py:208} INFO - Processing /opt/airflow/dags/product_processing.py took 0.239 seconds
[2026-05-29T13:52:40.749+0000] {processor.py:186} INFO - Started process (PID=24168) to work on /opt/airflow/dags/product_processing.py
[2026-05-29T13:52:40.750+0000] {processor.py:914} INFO - Processing file /opt/airflow/dags/product_processing.py for tasks to queue
[2026-05-29T13:52:40.751+0000] {logging_mixin.py:190} INFO - [2026-05-29T13:52:40.751+0000] {dagbag.py:588} INFO - Filling up the DagBag from /opt/airflow/dags/product_processing.py
[2026-05-29T13:52:40.940+0000] {processor.py:925} INFO - DAG(s) 'product_processing' retrieved from /opt/airflow/dags/product_processing.py
[2026-05-29T13:52:40.958+0000] {logging_mixin.py:190} INFO - [2026-05-29T13:52:40.958+0000] {dag.py:3239} INFO - Sync 1 DAGs
[2026-05-29T13:52:40.975+0000] {logging_mixin.py:190} INFO - [2026-05-29T13:52:40.975+0000] {dag.py:4180} INFO - Setting next_dagrun for product_processing to 2026-05-28 00:00:00+00:00, run_after=2026-05-29 00:00:00+00:00
[2026-05-29T13:52:40.988+0000] {processor.py:208} INFO - Processing /opt/airflow/dags/product_processing.py took 0.244 seconds
[2026-05-29T13:53:11.284+0000] {processor.py:186} INFO - Started process (PID=24184) to work on /opt/airflow/dags/product_processing.py
[2026-05-29T13:53:11.285+0000] {processor.py:914} INFO - Processing file /opt/airflow/dags/product_processing.py for tasks to queue
[2026-05-29T13:53:11.286+0000] {logging_mixin.py:190} INFO - [2026-05-29T13:53:11.285+0000] {dagbag.py:588} INFO - Filling up the DagBag from /opt/airflow/dags/product_processing.py
[2026-05-29T13:53:11.467+0000] {processor.py:925} INFO - DAG(s) 'product_processing' retrieved from /opt/airflow/dags/product_processing.py
[2026-05-29T13:53:11.485+0000] {logging_mixin.py:190} INFO - [2026-05-29T13:53:11.484+0000] {dag.py:3239} INFO - Sync 1 DAGs
[2026-05-29T13:53:11.501+0000] {logging_mixin.py:190} INFO - [2026-05-29T13:53:11.501+0000] {dag.py:4180} INFO - Setting next_dagrun for product_processing to 2026-05-28 00:00:00+00:00, run_after=2026-05-29 00:00:00+00:00
[2026-05-29T13:53:11.513+0000] {processor.py:208} INFO - Processing /opt/airflow/dags/product_processing.py took 0.233 seconds
[2026-05-29T13:53:41.854+0000] {processor.py:186} INFO - Started process (PID=24201) to work on /opt/airflow/dags/product_processing.py
[2026-05-29T13:53:41.855+0000] {processor.py:914} INFO - Processing file /opt/airflow/dags/product_processing.py for tasks to queue
[2026-05-29T13:53:41.856+0000] {logging_mixin.py:190} INFO - [2026-05-29T13:53:41.856+0000] {dagbag.py:588} INFO - Filling up the DagBag from /opt/airflow/dags/product_processing.py
[2026-05-29T13:53:42.038+0000] {processor.py:925} INFO - DAG(s) 'product_processing' retrieved from /opt/airflow/dags/product_processing.py
[2026-05-29T13:53:42.057+0000] {logging_mixin.py:190} INFO - [2026-05-29T13:53:42.056+0000] {dag.py:3239} INFO - Sync 1 DAGs
[2026-05-29T13:53:42.073+0000] {logging_mixin.py:190} INFO - [2026-05-29T13:53:42.073+0000] {dag.py:4180} INFO - Setting next_dagrun for product_processing to 2026-05-28 00:00:00+00:00, run_after=2026-05-29 00:00:00+00:00
[2026-05-29T13:53:42.086+0000] {processor.py:208} INFO - Processing /opt/airflow/dags/product_processing.py took 0.236 seconds
[2026-05-29T13:54:12.367+0000] {processor.py:186} INFO - Started process (PID=24216) to work on /opt/airflow/dags/product_processing.py
[2026-05-29T13:54:12.368+0000] {processor.py:914} INFO - Processing file /opt/airflow/dags/product_processing.py for tasks to queue
[2026-05-29T13:54:12.368+0000] {logging_mixin.py:190} INFO - [2026-05-29T13:54:12.368+0000] {dagbag.py:588} INFO - Filling up the DagBag from /opt/airflow/dags/product_processing.py
[2026-05-29T13:54:12.546+0000] {processor.py:925} INFO - DAG(s) 'product_processing' retrieved from /opt/airflow/dags/product_processing.py
[2026-05-29T13:54:12.563+0000] {logging_mixin.py:190} INFO - [2026-05-29T13:54:12.562+0000] {dag.py:3239} INFO - Sync 1 DAGs
[2026-05-29T13:54:12.578+0000] {logging_mixin.py:190} INFO - [2026-05-29T13:54:12.578+0000] {dag.py:4180} INFO - Setting next_dagrun for product_processing to 2026-05-28 00:00:00+00:00, run_after=2026-05-29 00:00:00+00:00
[2026-05-29T13:54:12.590+0000] {processor.py:208} INFO - Processing /opt/airflow/dags/product_processing.py took 0.228 seconds
[2026-05-29T13:54:42.984+0000] {processor.py:186} INFO - Started process (PID=24232) to work on /opt/airflow/dags/product_processing.py
[2026-05-29T13:54:42.986+0000] {processor.py:914} INFO - Processing file /opt/airflow/dags/product_processing.py for tasks to queue
[2026-05-29T13:54:42.987+0000] {logging_mixin.py:190} INFO - [2026-05-29T13:54:42.986+0000] {dagbag.py:588} INFO - Filling up the DagBag from /opt/airflow/dags/product_processing.py
[2026-05-29T13:54:43.170+0000] {processor.py:925} INFO - DAG(s) 'product_processing' retrieved from /opt/airflow/dags/product_processing.py
[2026-05-29T13:54:43.189+0000] {logging_mixin.py:190} INFO - [2026-05-29T13:54:43.188+0000] {dag.py:3239} INFO - Sync 1 DAGs
[2026-05-29T13:54:43.205+0000] {logging_mixin.py:190} INFO - [2026-05-29T13:54:43.205+0000] {dag.py:4180} INFO - Setting next_dagrun for product_processing to 2026-05-28 00:00:00+00:00, run_after=2026-05-29 00:00:00+00:00
[2026-05-29T13:54:43.219+0000] {processor.py:208} INFO - Processing /opt/airflow/dags/product_processing.py took 0.238 seconds
[2026-05-29T13:55:13.519+0000] {processor.py:186} INFO - Started process (PID=24249) to work on /opt/airflow/dags/product_processing.py
[2026-05-29T13:55:13.520+0000] {processor.py:914} INFO - Processing file /opt/airflow/dags/product_processing.py for tasks to queue
[2026-05-29T13:55:13.521+0000] {logging_mixin.py:190} INFO - [2026-05-29T13:55:13.521+0000] {dagbag.py:588} INFO - Filling up the DagBag from /opt/airflow/dags/product_processing.py
[2026-05-29T13:55:13.713+0000] {processor.py:925} INFO - DAG(s) 'product_processing' retrieved from /opt/airflow/dags/product_processing.py
[2026-05-29T13:55:13.731+0000] {logging_mixin.py:190} INFO - [2026-05-29T13:55:13.731+0000] {dag.py:3239} INFO - Sync 1 DAGs
[2026-05-29T13:55:13.751+0000] {logging_mixin.py:190} INFO - [2026-05-29T13:55:13.751+0000] {dag.py:4180} INFO - Setting next_dagrun for product_processing to 2026-05-28 00:00:00+00:00, run_after=2026-05-29 00:00:00+00:00
[2026-05-29T13:55:13.766+0000] {processor.py:208} INFO - Processing /opt/airflow/dags/product_processing.py took 0.251 seconds
[2026-05-29T13:55:44.110+0000] {processor.py:186} INFO - Started process (PID=24265) to work on /opt/airflow/dags/product_processing.py
[2026-05-29T13:55:44.112+0000] {processor.py:914} INFO - Processing file /opt/airflow/dags/product_processing.py for tasks to queue
[2026-05-29T13:55:44.113+0000] {logging_mixin.py:190} INFO - [2026-05-29T13:55:44.113+0000] {dagbag.py:588} INFO - Filling up the DagBag from /opt/airflow/dags/product_processing.py
[2026-05-29T13:55:44.303+0000] {processor.py:925} INFO - DAG(s) 'product_processing' retrieved from /opt/airflow/dags/product_processing.py
[2026-05-29T13:55:44.322+0000] {logging_mixin.py:190} INFO - [2026-05-29T13:55:44.321+0000] {dag.py:3239} INFO - Sync 1 DAGs
[2026-05-29T13:55:44.338+0000] {logging_mixin.py:190} INFO - [2026-05-29T13:55:44.337+0000] {dag.py:4180} INFO - Setting next_dagrun for product_processing to 2026-05-28 00:00:00+00:00, run_after=2026-05-29 00:00:00+00:00
[2026-05-29T13:55:44.350+0000] {processor.py:208} INFO - Processing /opt/airflow/dags/product_processing.py took 0.244 seconds
[2026-05-29T13:56:14.680+0000] {processor.py:186} INFO - Started process (PID=24280) to work on /opt/airflow/dags/product_processing.py
[2026-05-29T13:56:14.681+0000] {processor.py:914} INFO - Processing file /opt/airflow/dags/product_processing.py for tasks to queue
[2026-05-29T13:56:14.682+0000] {logging_mixin.py:190} INFO - [2026-05-29T13:56:14.682+0000] {dagbag.py:588} INFO - Filling up the DagBag from /opt/airflow/dags/product_processing.py
[2026-05-29T13:56:14.886+0000] {processor.py:925} INFO - DAG(s) 'product_processing' retrieved from /opt/airflow/dags/product_processing.py
[2026-05-29T13:56:14.904+0000] {logging_mixin.py:190} INFO - [2026-05-29T13:56:14.904+0000] {dag.py:3239} INFO - Sync 1 DAGs
[2026-05-29T13:56:14.921+0000] {logging_mixin.py:190} INFO - [2026-05-29T13:56:14.921+0000] {dag.py:4180} INFO - Setting next_dagrun for product_processing to 2026-05-28 00:00:00+00:00, run_after=2026-05-29 00:00:00+00:00
[2026-05-29T13:56:14.935+0000] {processor.py:208} INFO - Processing /opt/airflow/dags/product_processing.py took 0.259 seconds
[2026-05-29T13:56:45.262+0000] {processor.py:186} INFO - Started process (PID=24296) to work on /opt/airflow/dags/product_processing.py
[2026-05-29T13:56:45.263+0000] {processor.py:914} INFO - Processing file /opt/airflow/dags/product_processing.py for tasks to queue
[2026-05-29T13:56:45.264+0000] {logging_mixin.py:190} INFO - [2026-05-29T13:56:45.264+0000] {dagbag.py:588} INFO - Filling up the DagBag from /opt/airflow/dags/product_processing.py
[2026-05-29T13:56:45.456+0000] {processor.py:925} INFO - DAG(s) 'product_processing' retrieved from /opt/airflow/dags/product_processing.py
[2026-05-29T13:56:45.475+0000] {logging_mixin.py:190} INFO - [2026-05-29T13:56:45.475+0000] {dag.py:3239} INFO - Sync 1 DAGs
[2026-05-29T13:56:45.492+0000] {logging_mixin.py:190} INFO - [2026-05-29T13:56:45.492+0000] {dag.py:4180} INFO - Setting next_dagrun for product_processing to 2026-05-28 00:00:00+00:00, run_after=2026-05-29 00:00:00+00:00
[2026-05-29T13:56:45.506+0000] {processor.py:208} INFO - Processing /opt/airflow/dags/product_processing.py took 0.249 seconds
[2026-05-29T13:57:15.966+0000] {processor.py:186} INFO - Started process (PID=24312) to work on /opt/airflow/dags/product_processing.py
[2026-05-29T13:57:15.967+0000] {processor.py:914} INFO - Processing file /opt/airflow/dags/product_processing.py for tasks to queue
[2026-05-29T13:57:15.968+0000] {logging_mixin.py:190} INFO - [2026-05-29T13:57:15.967+0000] {dagbag.py:588} INFO - Filling up the DagBag from /opt/airflow/dags/product_processing.py
[2026-05-29T13:57:16.149+0000] {processor.py:925} INFO - DAG(s) 'product_processing' retrieved from /opt/airflow/dags/product_processing.py
[2026-05-29T13:57:16.166+0000] {logging_mixin.py:190} INFO - [2026-05-29T13:57:16.166+0000] {dag.py:3239} INFO - Sync 1 DAGs
[2026-05-29T13:57:16.183+0000] {logging_mixin.py:190} INFO - [2026-05-29T13:57:16.182+0000] {dag.py:4180} INFO - Setting next_dagrun for product_processing to 2026-05-28 00:00:00+00:00, run_after=2026-05-29 00:00:00+00:00
[2026-05-29T13:57:16.194+0000] {processor.py:208} INFO - Processing /opt/airflow/dags/product_processing.py took 0.232 seconds
[2026-05-29T13:57:46.622+0000] {processor.py:186} INFO - Started process (PID=24327) to work on /opt/airflow/dags/product_processing.py
[2026-05-29T13:57:46.623+0000] {processor.py:914} INFO - Processing file /opt/airflow/dags/product_processing.py for tasks to queue
[2026-05-29T13:57:46.624+0000] {logging_mixin.py:190} INFO - [2026-05-29T13:57:46.624+0000] {dagbag.py:588} INFO - Filling up the DagBag from /opt/airflow/dags/product_processing.py
[2026-05-29T13:57:46.932+0000] {processor.py:925} INFO - DAG(s) 'product_processing' retrieved from /opt/airflow/dags/product_processing.py
[2026-05-29T13:57:46.949+0000] {logging_mixin.py:190} INFO - [2026-05-29T13:57:46.949+0000] {dag.py:3239} INFO - Sync 1 DAGs
[2026-05-29T13:57:46.967+0000] {logging_mixin.py:190} INFO - [2026-05-29T13:57:46.967+0000] {dag.py:4180} INFO - Setting next_dagrun for product_processing to 2026-05-28 00:00:00+00:00, run_after=2026-05-29 00:00:00+00:00
[2026-05-29T13:57:46.978+0000] {processor.py:208} INFO - Processing /opt/airflow/dags/product_processing.py took 0.367 seconds
[2026-05-29T13:58:17.304+0000] {processor.py:186} INFO - Started process (PID=24344) to work on /opt/airflow/dags/product_processing.py
[2026-05-29T13:58:17.308+0000] {processor.py:914} INFO - Processing file /opt/airflow/dags/product_processing.py for tasks to queue
[2026-05-29T13:58:17.308+0000] {logging_mixin.py:190} INFO - [2026-05-29T13:58:17.308+0000] {dagbag.py:588} INFO - Filling up the DagBag from /opt/airflow/dags/product_processing.py
[2026-05-29T13:58:17.565+0000] {processor.py:925} INFO - DAG(s) 'product_processing' retrieved from /opt/airflow/dags/product_processing.py
[2026-05-29T13:58:17.600+0000] {logging_mixin.py:190} INFO - [2026-05-29T13:58:17.599+0000] {dag.py:3239} INFO - Sync 1 DAGs
[2026-05-29T13:58:17.627+0000] {logging_mixin.py:190} INFO - [2026-05-29T13:58:17.627+0000] {dag.py:4180} INFO - Setting next_dagrun for product_processing to 2026-05-28 00:00:00+00:00, run_after=2026-05-29 00:00:00+00:00
[2026-05-29T13:58:17.639+0000] {processor.py:208} INFO - Processing /opt/airflow/dags/product_processing.py took 0.343 seconds
[2026-05-29T13:58:48.081+0000] {processor.py:186} INFO - Started process (PID=24360) to work on /opt/airflow/dags/product_processing.py
[2026-05-29T13:58:48.082+0000] {processor.py:914} INFO - Processing file /opt/airflow/dags/product_processing.py for tasks to queue
[2026-05-29T13:58:48.083+0000] {logging_mixin.py:190} INFO - [2026-05-29T13:58:48.083+0000] {dagbag.py:588} INFO - Filling up the DagBag from /opt/airflow/dags/product_processing.py
[2026-05-29T13:58:48.266+0000] {processor.py:925} INFO - DAG(s) 'product_processing' retrieved from /opt/airflow/dags/product_processing.py
[2026-05-29T13:58:48.283+0000] {logging_mixin.py:190} INFO - [2026-05-29T13:58:48.283+0000] {dag.py:3239} INFO - Sync 1 DAGs
[2026-05-29T13:58:48.300+0000] {logging_mixin.py:190} INFO - [2026-05-29T13:58:48.300+0000] {dag.py:4180} INFO - Setting next_dagrun for product_processing to 2026-05-28 00:00:00+00:00, run_after=2026-05-29 00:00:00+00:00
[2026-05-29T13:58:48.312+0000] {processor.py:208} INFO - Processing /opt/airflow/dags/product_processing.py took 0.236 seconds
[2026-05-29T13:59:18.739+0000] {processor.py:186} INFO - Started process (PID=24376) to work on /opt/airflow/dags/product_processing.py
[2026-05-29T13:59:18.740+0000] {processor.py:914} INFO - Processing file /opt/airflow/dags/product_processing.py for tasks to queue
[2026-05-29T13:59:18.741+0000] {logging_mixin.py:190} INFO - [2026-05-29T13:59:18.741+0000] {dagbag.py:588} INFO - Filling up the DagBag from /opt/airflow/dags/product_processing.py
[2026-05-29T13:59:18.923+0000] {processor.py:925} INFO - DAG(s) 'product_processing' retrieved from /opt/airflow/dags/product_processing.py
[2026-05-29T13:59:18.941+0000] {logging_mixin.py:190} INFO - [2026-05-29T13:59:18.940+0000] {dag.py:3239} INFO - Sync 1 DAGs
[2026-05-29T13:59:18.958+0000] {logging_mixin.py:190} INFO - [2026-05-29T13:59:18.958+0000] {dag.py:4180} INFO - Setting next_dagrun for product_processing to 2026-05-28 00:00:00+00:00, run_after=2026-05-29 00:00:00+00:00
[2026-05-29T13:59:18.970+0000] {processor.py:208} INFO - Processing /opt/airflow/dags/product_processing.py took 0.235 seconds
[2026-05-29T13:59:49.265+0000] {processor.py:186} INFO - Started process (PID=24392) to work on /opt/airflow/dags/product_processing.py
[2026-05-29T13:59:49.273+0000] {processor.py:914} INFO - Processing file /opt/airflow/dags/product_processing.py for tasks to queue
[2026-05-29T13:59:49.273+0000] {logging_mixin.py:190} INFO - [2026-05-29T13:59:49.273+0000] {dagbag.py:588} INFO - Filling up the DagBag from /opt/airflow/dags/product_processing.py
[2026-05-29T13:59:49.457+0000] {processor.py:925} INFO - DAG(s) 'product_processing' retrieved from /opt/airflow/dags/product_processing.py
[2026-05-29T13:59:49.476+0000] {logging_mixin.py:190} INFO - [2026-05-29T13:59:49.476+0000] {dag.py:3239} INFO - Sync 1 DAGs
[2026-05-29T13:59:49.493+0000] {logging_mixin.py:190} INFO - [2026-05-29T13:59:49.493+0000] {dag.py:4180} INFO - Setting next_dagrun for product_processing to 2026-05-28 00:00:00+00:00, run_after=2026-05-29 00:00:00+00:00
[2026-05-29T13:59:49.505+0000] {processor.py:208} INFO - Processing /opt/airflow/dags/product_processing.py took 0.245 seconds
[2026-05-29T14:00:19.897+0000] {processor.py:186} INFO - Started process (PID=24408) to work on /opt/airflow/dags/product_processing.py
[2026-05-29T14:00:19.897+0000] {processor.py:914} INFO - Processing file /opt/airflow/dags/product_processing.py for tasks to queue
[2026-05-29T14:00:19.898+0000] {logging_mixin.py:190} INFO - [2026-05-29T14:00:19.898+0000] {dagbag.py:588} INFO - Filling up the DagBag from /opt/airflow/dags/product_processing.py
[2026-05-29T14:00:20.082+0000] {processor.py:925} INFO - DAG(s) 'product_processing' retrieved from /opt/airflow/dags/product_processing.py
[2026-05-29T14:00:20.099+0000] {logging_mixin.py:190} INFO - [2026-05-29T14:00:20.098+0000] {dag.py:3239} INFO - Sync 1 DAGs
[2026-05-29T14:00:20.114+0000] {logging_mixin.py:190} INFO - [2026-05-29T14:00:20.114+0000] {dag.py:4180} INFO - Setting next_dagrun for product_processing to 2026-05-28 00:00:00+00:00, run_after=2026-05-29 00:00:00+00:00
[2026-05-29T14:00:20.126+0000] {processor.py:208} INFO - Processing /opt/airflow/dags/product_processing.py took 0.233 seconds
[2026-05-29T14:00:50.449+0000] {processor.py:186} INFO - Started process (PID=24424) to work on /opt/airflow/dags/product_processing.py
[2026-05-29T14:00:50.451+0000] {processor.py:914} INFO - Processing file /opt/airflow/dags/product_processing.py for tasks to queue
[2026-05-29T14:00:50.452+0000] {logging_mixin.py:190} INFO - [2026-05-29T14:00:50.452+0000] {dagbag.py:588} INFO - Filling up the DagBag from /opt/airflow/dags/product_processing.py
[2026-05-29T14:00:50.642+0000] {processor.py:925} INFO - DAG(s) 'product_processing' retrieved from /opt/airflow/dags/product_processing.py
[2026-05-29T14:00:50.660+0000] {logging_mixin.py:190} INFO - [2026-05-29T14:00:50.659+0000] {dag.py:3239} INFO - Sync 1 DAGs
[2026-05-29T14:00:50.676+0000] {logging_mixin.py:190} INFO - [2026-05-29T14:00:50.676+0000] {dag.py:4180} INFO - Setting next_dagrun for product_processing to 2026-05-28 00:00:00+00:00, run_after=2026-05-29 00:00:00+00:00
[2026-05-29T14:00:50.689+0000] {processor.py:208} INFO - Processing /opt/airflow/dags/product_processing.py took 0.245 seconds
[2026-05-29T14:01:20.996+0000] {processor.py:186} INFO - Started process (PID=24439) to work on /opt/airflow/dags/product_processing.py
[2026-05-29T14:01:20.996+0000] {processor.py:914} INFO - Processing file /opt/airflow/dags/product_processing.py for tasks to queue
[2026-05-29T14:01:20.997+0000] {logging_mixin.py:190} INFO - [2026-05-29T14:01:20.997+0000] {dagbag.py:588} INFO - Filling up the DagBag from /opt/airflow/dags/product_processing.py
[2026-05-29T14:01:21.177+0000] {processor.py:925} INFO - DAG(s) 'product_processing' retrieved from /opt/airflow/dags/product_processing.py
[2026-05-29T14:01:21.195+0000] {logging_mixin.py:190} INFO - [2026-05-29T14:01:21.194+0000] {dag.py:3239} INFO - Sync 1 DAGs
[2026-05-29T14:01:21.212+0000] {logging_mixin.py:190} INFO - [2026-05-29T14:01:21.212+0000] {dag.py:4180} INFO - Setting next_dagrun for product_processing to 2026-05-28 00:00:00+00:00, run_after=2026-05-29 00:00:00+00:00
[2026-05-29T14:01:21.225+0000] {processor.py:208} INFO - Processing /opt/airflow/dags/product_processing.py took 0.233 seconds
[2026-05-29T14:01:51.591+0000] {processor.py:186} INFO - Started process (PID=24455) to work on /opt/airflow/dags/product_processing.py
[2026-05-29T14:01:51.593+0000] {processor.py:914} INFO - Processing file /opt/airflow/dags/product_processing.py for tasks to queue
[2026-05-29T14:01:51.594+0000] {logging_mixin.py:190} INFO - [2026-05-29T14:01:51.594+0000] {dagbag.py:588} INFO - Filling up the DagBag from /opt/airflow/dags/product_processing.py
[2026-05-29T14:01:51.789+0000] {processor.py:925} INFO - DAG(s) 'product_processing' retrieved from /opt/airflow/dags/product_processing.py
[2026-05-29T14:01:51.808+0000] {logging_mixin.py:190} INFO - [2026-05-29T14:01:51.807+0000] {dag.py:3239} INFO - Sync 1 DAGs
[2026-05-29T14:01:51.826+0000] {logging_mixin.py:190} INFO - [2026-05-29T14:01:51.825+0000] {dag.py:4180} INFO - Setting next_dagrun for product_processing to 2026-05-28 00:00:00+00:00, run_after=2026-05-29 00:00:00+00:00
[2026-05-29T14:01:51.837+0000] {processor.py:208} INFO - Processing /opt/airflow/dags/product_processing.py took 0.250 seconds
[2026-05-29T14:02:22.190+0000] {processor.py:186} INFO - Started process (PID=24471) to work on /opt/airflow/dags/product_processing.py
[2026-05-29T14:02:22.190+0000] {processor.py:914} INFO - Processing file /opt/airflow/dags/product_processing.py for tasks to queue
[2026-05-29T14:02:22.191+0000] {logging_mixin.py:190} INFO - [2026-05-29T14:02:22.191+0000] {dagbag.py:588} INFO - Filling up the DagBag from /opt/airflow/dags/product_processing.py
[2026-05-29T14:02:22.377+0000] {processor.py:925} INFO - DAG(s) 'product_processing' retrieved from /opt/airflow/dags/product_processing.py
[2026-05-29T14:02:22.395+0000] {logging_mixin.py:190} INFO - [2026-05-29T14:02:22.395+0000] {dag.py:3239} INFO - Sync 1 DAGs
[2026-05-29T14:02:22.411+0000] {logging_mixin.py:190} INFO - [2026-05-29T14:02:22.411+0000] {dag.py:4180} INFO - Setting next_dagrun for product_processing to 2026-05-28 00:00:00+00:00, run_after=2026-05-29 00:00:00+00:00
[2026-05-29T14:02:22.424+0000] {processor.py:208} INFO - Processing /opt/airflow/dags/product_processing.py took 0.238 seconds
[2026-05-29T14:02:52.846+0000] {processor.py:186} INFO - Started process (PID=24487) to work on /opt/airflow/dags/product_processing.py
[2026-05-29T14:02:52.848+0000] {processor.py:914} INFO - Processing file /opt/airflow/dags/product_processing.py for tasks to queue
[2026-05-29T14:02:52.849+0000] {logging_mixin.py:190} INFO - [2026-05-29T14:02:52.849+0000] {dagbag.py:588} INFO - Filling up the DagBag from /opt/airflow/dags/product_processing.py
[2026-05-29T14:02:53.045+0000] {processor.py:925} INFO - DAG(s) 'product_processing' retrieved from /opt/airflow/dags/product_processing.py
[2026-05-29T14:02:53.063+0000] {logging_mixin.py:190} INFO - [2026-05-29T14:02:53.063+0000] {dag.py:3239} INFO - Sync 1 DAGs
[2026-05-29T14:02:53.080+0000] {logging_mixin.py:190} INFO - [2026-05-29T14:02:53.080+0000] {dag.py:4180} INFO - Setting next_dagrun for product_processing to 2026-05-28 00:00:00+00:00, run_after=2026-05-29 00:00:00+00:00
[2026-05-29T14:02:53.093+0000] {processor.py:208} INFO - Processing /opt/airflow/dags/product_processing.py took 0.251 seconds
[2026-05-29T14:03:23.366+0000] {processor.py:186} INFO - Started process (PID=24504) to work on /opt/airflow/dags/product_processing.py
[2026-05-29T14:03:23.370+0000] {processor.py:914} INFO - Processing file /opt/airflow/dags/product_processing.py for tasks to queue
[2026-05-29T14:03:23.371+0000] {logging_mixin.py:190} INFO - [2026-05-29T14:03:23.371+0000] {dagbag.py:588} INFO - Filling up the DagBag from /opt/airflow/dags/product_processing.py
[2026-05-29T14:03:23.710+0000] {processor.py:925} INFO - DAG(s) 'product_processing' retrieved from /opt/airflow/dags/product_processing.py
[2026-05-29T14:03:23.728+0000] {logging_mixin.py:190} INFO - [2026-05-29T14:03:23.727+0000] {dag.py:3239} INFO - Sync 1 DAGs
[2026-05-29T14:03:23.746+0000] {logging_mixin.py:190} INFO - [2026-05-29T14:03:23.746+0000] {dag.py:4180} INFO - Setting next_dagrun for product_processing to 2026-05-28 00:00:00+00:00, run_after=2026-05-29 00:00:00+00:00
[2026-05-29T14:03:23.758+0000] {processor.py:208} INFO - Processing /opt/airflow/dags/product_processing.py took 0.400 seconds
[2026-05-29T14:03:54.116+0000] {processor.py:186} INFO - Started process (PID=24521) to work on /opt/airflow/dags/product_processing.py
[2026-05-29T14:03:54.118+0000] {processor.py:914} INFO - Processing file /opt/airflow/dags/product_processing.py for tasks to queue
[2026-05-29T14:03:54.118+0000] {logging_mixin.py:190} INFO - [2026-05-29T14:03:54.118+0000] {dagbag.py:588} INFO - Filling up the DagBag from /opt/airflow/dags/product_processing.py
[2026-05-29T14:03:54.304+0000] {processor.py:925} INFO - DAG(s) 'product_processing' retrieved from /opt/airflow/dags/product_processing.py
[2026-05-29T14:03:54.323+0000] {logging_mixin.py:190} INFO - [2026-05-29T14:03:54.323+0000] {dag.py:3239} INFO - Sync 1 DAGs
[2026-05-29T14:03:54.340+0000] {logging_mixin.py:190} INFO - [2026-05-29T14:03:54.340+0000] {dag.py:4180} INFO - Setting next_dagrun for product_processing to 2026-05-28 00:00:00+00:00, run_after=2026-05-29 00:00:00+00:00
[2026-05-29T14:03:54.353+0000] {processor.py:208} INFO - Processing /opt/airflow/dags/product_processing.py took 0.241 seconds
[2026-05-29T14:04:24.708+0000] {processor.py:186} INFO - Started process (PID=24537) to work on /opt/airflow/dags/product_processing.py
[2026-05-29T14:04:24.712+0000] {processor.py:914} INFO - Processing file /opt/airflow/dags/product_processing.py for tasks to queue
[2026-05-29T14:04:24.713+0000] {logging_mixin.py:190} INFO - [2026-05-29T14:04:24.713+0000] {dagbag.py:588} INFO - Filling up the DagBag from /opt/airflow/dags/product_processing.py
[2026-05-29T14:04:24.927+0000] {processor.py:925} INFO - DAG(s) 'product_processing' retrieved from /opt/airflow/dags/product_processing.py
[2026-05-29T14:04:24.944+0000] {logging_mixin.py:190} INFO - [2026-05-29T14:04:24.944+0000] {dag.py:3239} INFO - Sync 1 DAGs
[2026-05-29T14:04:24.961+0000] {logging_mixin.py:190} INFO - [2026-05-29T14:04:24.960+0000] {dag.py:4180} INFO - Setting next_dagrun for product_processing to 2026-05-28 00:00:00+00:00, run_after=2026-05-29 00:00:00+00:00
[2026-05-29T14:04:24.972+0000] {processor.py:208} INFO - Processing /opt/airflow/dags/product_processing.py took 0.272 seconds
[2026-05-29T14:04:55.298+0000] {processor.py:186} INFO - Started process (PID=24553) to work on /opt/airflow/dags/product_processing.py
[2026-05-29T14:04:55.301+0000] {processor.py:914} INFO - Processing file /opt/airflow/dags/product_processing.py for tasks to queue
[2026-05-29T14:04:55.302+0000] {logging_mixin.py:190} INFO - [2026-05-29T14:04:55.301+0000] {dagbag.py:588} INFO - Filling up the DagBag from /opt/airflow/dags/product_processing.py
[2026-05-29T14:04:55.489+0000] {processor.py:925} INFO - DAG(s) 'product_processing' retrieved from /opt/airflow/dags/product_processing.py
[2026-05-29T14:04:55.508+0000] {logging_mixin.py:190} INFO - [2026-05-29T14:04:55.508+0000] {dag.py:3239} INFO - Sync 1 DAGs
[2026-05-29T14:04:55.525+0000] {logging_mixin.py:190} INFO - [2026-05-29T14:04:55.525+0000] {dag.py:4180} INFO - Setting next_dagrun for product_processing to 2026-05-28 00:00:00+00:00, run_after=2026-05-29 00:00:00+00:00
[2026-05-29T14:04:55.538+0000] {processor.py:208} INFO - Processing /opt/airflow/dags/product_processing.py took 0.243 seconds
[2026-05-29T14:05:25.897+0000] {processor.py:186} INFO - Started process (PID=24569) to work on /opt/airflow/dags/product_processing.py
[2026-05-29T14:05:25.898+0000] {processor.py:914} INFO - Processing file /opt/airflow/dags/product_processing.py for tasks to queue
[2026-05-29T14:05:25.900+0000] {logging_mixin.py:190} INFO - [2026-05-29T14:05:25.900+0000] {dagbag.py:588} INFO - Filling up the DagBag from /opt/airflow/dags/product_processing.py
[2026-05-29T14:05:26.087+0000] {processor.py:925} INFO - DAG(s) 'product_processing' retrieved from /opt/airflow/dags/product_processing.py
[2026-05-29T14:05:26.106+0000] {logging_mixin.py:190} INFO - [2026-05-29T14:05:26.105+0000] {dag.py:3239} INFO - Sync 1 DAGs
[2026-05-29T14:05:26.123+0000] {logging_mixin.py:190} INFO - [2026-05-29T14:05:26.123+0000] {dag.py:4180} INFO - Setting next_dagrun for product_processing to 2026-05-28 00:00:00+00:00, run_after=2026-05-29 00:00:00+00:00
[2026-05-29T14:05:26.136+0000] {processor.py:208} INFO - Processing /opt/airflow/dags/product_processing.py took 0.243 seconds
[2026-05-29T14:05:56.501+0000] {processor.py:186} INFO - Started process (PID=24585) to work on /opt/airflow/dags/product_processing.py
[2026-05-29T14:05:56.502+0000] {processor.py:914} INFO - Processing file /opt/airflow/dags/product_processing.py for tasks to queue
[2026-05-29T14:05:56.503+0000] {logging_mixin.py:190} INFO - [2026-05-29T14:05:56.502+0000] {dagbag.py:588} INFO - Filling up the DagBag from /opt/airflow/dags/product_processing.py
[2026-05-29T14:05:56.683+0000] {processor.py:925} INFO - DAG(s) 'product_processing' retrieved from /opt/airflow/dags/product_processing.py
[2026-05-29T14:05:56.701+0000] {logging_mixin.py:190} INFO - [2026-05-29T14:05:56.701+0000] {dag.py:3239} INFO - Sync 1 DAGs
[2026-05-29T14:05:56.717+0000] {logging_mixin.py:190} INFO - [2026-05-29T14:05:56.717+0000] {dag.py:4180} INFO - Setting next_dagrun for product_processing to 2026-05-28 00:00:00+00:00, run_after=2026-05-29 00:00:00+00:00
[2026-05-29T14:05:56.729+0000] {processor.py:208} INFO - Processing /opt/airflow/dags/product_processing.py took 0.233 seconds
[2026-05-29T14:06:27.077+0000] {processor.py:186} INFO - Started process (PID=24601) to work on /opt/airflow/dags/product_processing.py
[2026-05-29T14:06:27.077+0000] {processor.py:914} INFO - Processing file /opt/airflow/dags/product_processing.py for tasks to queue
[2026-05-29T14:06:27.078+0000] {logging_mixin.py:190} INFO - [2026-05-29T14:06:27.078+0000] {dagbag.py:588} INFO - Filling up the DagBag from /opt/airflow/dags/product_processing.py
[2026-05-29T14:06:27.264+0000] {processor.py:925} INFO - DAG(s) 'product_processing' retrieved from /opt/airflow/dags/product_processing.py
[2026-05-29T14:06:27.281+0000] {logging_mixin.py:190} INFO - [2026-05-29T14:06:27.280+0000] {dag.py:3239} INFO - Sync 1 DAGs
[2026-05-29T14:06:27.296+0000] {logging_mixin.py:190} INFO - [2026-05-29T14:06:27.296+0000] {dag.py:4180} INFO - Setting next_dagrun for product_processing to 2026-05-28 00:00:00+00:00, run_after=2026-05-29 00:00:00+00:00
[2026-05-29T14:06:27.307+0000] {processor.py:208} INFO - Processing /opt/airflow/dags/product_processing.py took 0.235 seconds
[2026-05-29T14:06:57.678+0000] {processor.py:186} INFO - Started process (PID=24617) to work on /opt/airflow/dags/product_processing.py
[2026-05-29T14:06:57.679+0000] {processor.py:914} INFO - Processing file /opt/airflow/dags/product_processing.py for tasks to queue
[2026-05-29T14:06:57.680+0000] {logging_mixin.py:190} INFO - [2026-05-29T14:06:57.679+0000] {dagbag.py:588} INFO - Filling up the DagBag from /opt/airflow/dags/product_processing.py
[2026-05-29T14:06:57.858+0000] {processor.py:925} INFO - DAG(s) 'product_processing' retrieved from /opt/airflow/dags/product_processing.py
[2026-05-29T14:06:57.875+0000] {logging_mixin.py:190} INFO - [2026-05-29T14:06:57.875+0000] {dag.py:3239} INFO - Sync 1 DAGs
[2026-05-29T14:06:57.892+0000] {logging_mixin.py:190} INFO - [2026-05-29T14:06:57.891+0000] {dag.py:4180} INFO - Setting next_dagrun for product_processing to 2026-05-28 00:00:00+00:00, run_after=2026-05-29 00:00:00+00:00
[2026-05-29T14:06:57.904+0000] {processor.py:208} INFO - Processing /opt/airflow/dags/product_processing.py took 0.230 seconds
[2026-05-29T14:07:28.318+0000] {processor.py:186} INFO - Started process (PID=24634) to work on /opt/airflow/dags/product_processing.py
[2026-05-29T14:07:28.319+0000] {processor.py:914} INFO - Processing file /opt/airflow/dags/product_processing.py for tasks to queue
[2026-05-29T14:07:28.320+0000] {logging_mixin.py:190} INFO - [2026-05-29T14:07:28.320+0000] {dagbag.py:588} INFO - Filling up the DagBag from /opt/airflow/dags/product_processing.py
[2026-05-29T14:07:28.517+0000] {processor.py:925} INFO - DAG(s) 'product_processing' retrieved from /opt/airflow/dags/product_processing.py
[2026-05-29T14:07:28.536+0000] {logging_mixin.py:190} INFO - [2026-05-29T14:07:28.536+0000] {dag.py:3239} INFO - Sync 1 DAGs
[2026-05-29T14:07:28.554+0000] {logging_mixin.py:190} INFO - [2026-05-29T14:07:28.554+0000] {dag.py:4180} INFO - Setting next_dagrun for product_processing to 2026-05-28 00:00:00+00:00, run_after=2026-05-29 00:00:00+00:00
[2026-05-29T14:07:28.567+0000] {processor.py:208} INFO - Processing /opt/airflow/dags/product_processing.py took 0.254 seconds
[2026-05-29T14:07:58.916+0000] {processor.py:186} INFO - Started process (PID=24650) to work on /opt/airflow/dags/product_processing.py
[2026-05-29T14:07:58.916+0000] {processor.py:914} INFO - Processing file /opt/airflow/dags/product_processing.py for tasks to queue
[2026-05-29T14:07:58.917+0000] {logging_mixin.py:190} INFO - [2026-05-29T14:07:58.917+0000] {dagbag.py:588} INFO - Filling up the DagBag from /opt/airflow/dags/product_processing.py
[2026-05-29T14:07:59.098+0000] {processor.py:925} INFO - DAG(s) 'product_processing' retrieved from /opt/airflow/dags/product_processing.py
[2026-05-29T14:07:59.115+0000] {logging_mixin.py:190} INFO - [2026-05-29T14:07:59.115+0000] {dag.py:3239} INFO - Sync 1 DAGs
[2026-05-29T14:07:59.131+0000] {logging_mixin.py:190} INFO - [2026-05-29T14:07:59.131+0000] {dag.py:4180} INFO - Setting next_dagrun for product_processing to 2026-05-28 00:00:00+00:00, run_after=2026-05-29 00:00:00+00:00
[2026-05-29T14:07:59.143+0000] {processor.py:208} INFO - Processing /opt/airflow/dags/product_processing.py took 0.232 seconds
[2026-05-29T14:08:29.484+0000] {processor.py:186} INFO - Started process (PID=24667) to work on /opt/airflow/dags/product_processing.py
[2026-05-29T14:08:29.485+0000] {processor.py:914} INFO - Processing file /opt/airflow/dags/product_processing.py for tasks to queue
[2026-05-29T14:08:29.486+0000] {logging_mixin.py:190} INFO - [2026-05-29T14:08:29.486+0000] {dagbag.py:588} INFO - Filling up the DagBag from /opt/airflow/dags/product_processing.py
[2026-05-29T14:08:29.683+0000] {processor.py:925} INFO - DAG(s) 'product_processing' retrieved from /opt/airflow/dags/product_processing.py
[2026-05-29T14:08:29.702+0000] {logging_mixin.py:190} INFO - [2026-05-29T14:08:29.701+0000] {dag.py:3239} INFO - Sync 1 DAGs
[2026-05-29T14:08:29.719+0000] {logging_mixin.py:190} INFO - [2026-05-29T14:08:29.719+0000] {dag.py:4180} INFO - Setting next_dagrun for product_processing to 2026-05-28 00:00:00+00:00, run_after=2026-05-29 00:00:00+00:00
[2026-05-29T14:08:29.735+0000] {processor.py:208} INFO - Processing /opt/airflow/dags/product_processing.py took 0.256 seconds
[2026-05-29T14:09:00.029+0000] {processor.py:186} INFO - Started process (PID=24683) to work on /opt/airflow/dags/product_processing.py
[2026-05-29T14:09:00.030+0000] {processor.py:914} INFO - Processing file /opt/airflow/dags/product_processing.py for tasks to queue
[2026-05-29T14:09:00.031+0000] {logging_mixin.py:190} INFO - [2026-05-29T14:09:00.031+0000] {dagbag.py:588} INFO - Filling up the DagBag from /opt/airflow/dags/product_processing.py
[2026-05-29T14:09:00.212+0000] {processor.py:925} INFO - DAG(s) 'product_processing' retrieved from /opt/airflow/dags/product_processing.py
[2026-05-29T14:09:00.230+0000] {logging_mixin.py:190} INFO - [2026-05-29T14:09:00.229+0000] {dag.py:3239} INFO - Sync 1 DAGs
[2026-05-29T14:09:00.246+0000] {logging_mixin.py:190} INFO - [2026-05-29T14:09:00.246+0000] {dag.py:4180} INFO - Setting next_dagrun for product_processing to 2026-05-28 00:00:00+00:00, run_after=2026-05-29 00:00:00+00:00
[2026-05-29T14:09:00.258+0000] {processor.py:208} INFO - Processing /opt/airflow/dags/product_processing.py took 0.233 seconds
[2026-05-29T14:09:30.632+0000] {processor.py:186} INFO - Started process (PID=24698) to work on /opt/airflow/dags/product_processing.py
[2026-05-29T14:09:30.634+0000] {processor.py:914} INFO - Processing file /opt/airflow/dags/product_processing.py for tasks to queue
[2026-05-29T14:09:30.635+0000] {logging_mixin.py:190} INFO - [2026-05-29T14:09:30.634+0000] {dagbag.py:588} INFO - Filling up the DagBag from /opt/airflow/dags/product_processing.py
[2026-05-29T14:09:30.824+0000] {processor.py:925} INFO - DAG(s) 'product_processing' retrieved from /opt/airflow/dags/product_processing.py
[2026-05-29T14:09:30.843+0000] {logging_mixin.py:190} INFO - [2026-05-29T14:09:30.842+0000] {dag.py:3239} INFO - Sync 1 DAGs
[2026-05-29T14:09:30.860+0000] {logging_mixin.py:190} INFO - [2026-05-29T14:09:30.860+0000] {dag.py:4180} INFO - Setting next_dagrun for product_processing to 2026-05-28 00:00:00+00:00, run_after=2026-05-29 00:00:00+00:00
[2026-05-29T14:09:30.873+0000] {processor.py:208} INFO - Processing /opt/airflow/dags/product_processing.py took 0.245 seconds
[2026-05-29T14:10:01.186+0000] {processor.py:186} INFO - Started process (PID=24713) to work on /opt/airflow/dags/product_processing.py
[2026-05-29T14:10:01.187+0000] {processor.py:914} INFO - Processing file /opt/airflow/dags/product_processing.py for tasks to queue
[2026-05-29T14:10:01.187+0000] {logging_mixin.py:190} INFO - [2026-05-29T14:10:01.187+0000] {dagbag.py:588} INFO - Filling up the DagBag from /opt/airflow/dags/product_processing.py
[2026-05-29T14:10:01.374+0000] {processor.py:925} INFO - DAG(s) 'product_processing' retrieved from /opt/airflow/dags/product_processing.py
[2026-05-29T14:10:01.393+0000] {logging_mixin.py:190} INFO - [2026-05-29T14:10:01.393+0000] {dag.py:3239} INFO - Sync 1 DAGs
[2026-05-29T14:10:01.410+0000] {logging_mixin.py:190} INFO - [2026-05-29T14:10:01.410+0000] {dag.py:4180} INFO - Setting next_dagrun for product_processing to 2026-05-28 00:00:00+00:00, run_after=2026-05-29 00:00:00+00:00
[2026-05-29T14:10:01.423+0000] {processor.py:208} INFO - Processing /opt/airflow/dags/product_processing.py took 0.241 seconds
[2026-05-29T14:10:31.768+0000] {processor.py:186} INFO - Started process (PID=24730) to work on /opt/airflow/dags/product_processing.py
[2026-05-29T14:10:31.770+0000] {processor.py:914} INFO - Processing file /opt/airflow/dags/product_processing.py for tasks to queue
[2026-05-29T14:10:31.771+0000] {logging_mixin.py:190} INFO - [2026-05-29T14:10:31.771+0000] {dagbag.py:588} INFO - Filling up the DagBag from /opt/airflow/dags/product_processing.py
[2026-05-29T14:10:31.977+0000] {processor.py:925} INFO - DAG(s) 'product_processing' retrieved from /opt/airflow/dags/product_processing.py
[2026-05-29T14:10:31.994+0000] {logging_mixin.py:190} INFO - [2026-05-29T14:10:31.994+0000] {dag.py:3239} INFO - Sync 1 DAGs
[2026-05-29T14:10:32.014+0000] {logging_mixin.py:190} INFO - [2026-05-29T14:10:32.014+0000] {dag.py:4180} INFO - Setting next_dagrun for product_processing to 2026-05-28 00:00:00+00:00, run_after=2026-05-29 00:00:00+00:00
[2026-05-29T14:10:32.025+0000] {processor.py:208} INFO - Processing /opt/airflow/dags/product_processing.py took 0.263 seconds
[2026-05-29T14:11:02.282+0000] {processor.py:186} INFO - Started process (PID=24753) to work on /opt/airflow/dags/product_processing.py
[2026-05-29T14:11:02.282+0000] {processor.py:914} INFO - Processing file /opt/airflow/dags/product_processing.py for tasks to queue
[2026-05-29T14:11:02.283+0000] {logging_mixin.py:190} INFO - [2026-05-29T14:11:02.283+0000] {dagbag.py:588} INFO - Filling up the DagBag from /opt/airflow/dags/product_processing.py
[2026-05-29T14:11:02.484+0000] {processor.py:925} INFO - DAG(s) 'product_processing' retrieved from /opt/airflow/dags/product_processing.py
[2026-05-29T14:11:02.504+0000] {logging_mixin.py:190} INFO - [2026-05-29T14:11:02.504+0000] {dag.py:3239} INFO - Sync 1 DAGs
[2026-05-29T14:11:02.522+0000] {logging_mixin.py:190} INFO - [2026-05-29T14:11:02.522+0000] {dag.py:4180} INFO - Setting next_dagrun for product_processing to 2026-05-28 00:00:00+00:00, run_after=2026-05-29 00:00:00+00:00
[2026-05-29T14:11:02.535+0000] {processor.py:208} INFO - Processing /opt/airflow/dags/product_processing.py took 0.257 seconds
[2026-05-29T14:11:32.850+0000] {processor.py:186} INFO - Started process (PID=24770) to work on /opt/airflow/dags/product_processing.py
[2026-05-29T14:11:32.851+0000] {processor.py:914} INFO - Processing file /opt/airflow/dags/product_processing.py for tasks to queue
[2026-05-29T14:11:32.852+0000] {logging_mixin.py:190} INFO - [2026-05-29T14:11:32.852+0000] {dagbag.py:588} INFO - Filling up the DagBag from /opt/airflow/dags/product_processing.py
[2026-05-29T14:11:33.055+0000] {processor.py:925} INFO - DAG(s) 'product_processing' retrieved from /opt/airflow/dags/product_processing.py
[2026-05-29T14:11:33.073+0000] {logging_mixin.py:190} INFO - [2026-05-29T14:11:33.073+0000] {dag.py:3239} INFO - Sync 1 DAGs
[2026-05-29T14:11:33.091+0000] {logging_mixin.py:190} INFO - [2026-05-29T14:11:33.091+0000] {dag.py:4180} INFO - Setting next_dagrun for product_processing to 2026-05-28 00:00:00+00:00, run_after=2026-05-29 00:00:00+00:00
[2026-05-29T14:11:33.104+0000] {processor.py:208} INFO - Processing /opt/airflow/dags/product_processing.py took 0.258 seconds
[2026-05-29T14:12:03.444+0000] {processor.py:186} INFO - Started process (PID=24785) to work on /opt/airflow/dags/product_processing.py
[2026-05-29T14:12:03.444+0000] {processor.py:914} INFO - Processing file /opt/airflow/dags/product_processing.py for tasks to queue
[2026-05-29T14:12:03.445+0000] {logging_mixin.py:190} INFO - [2026-05-29T14:12:03.445+0000] {dagbag.py:588} INFO - Filling up the DagBag from /opt/airflow/dags/product_processing.py
[2026-05-29T14:12:03.652+0000] {processor.py:925} INFO - DAG(s) 'product_processing' retrieved from /opt/airflow/dags/product_processing.py
[2026-05-29T14:12:03.671+0000] {logging_mixin.py:190} INFO - [2026-05-29T14:12:03.670+0000] {dag.py:3239} INFO - Sync 1 DAGs
[2026-05-29T14:12:03.688+0000] {logging_mixin.py:190} INFO - [2026-05-29T14:12:03.688+0000] {dag.py:4180} INFO - Setting next_dagrun for product_processing to 2026-05-28 00:00:00+00:00, run_after=2026-05-29 00:00:00+00:00
[2026-05-29T14:12:03.700+0000] {processor.py:208} INFO - Processing /opt/airflow/dags/product_processing.py took 0.264 seconds
[2026-05-29T14:12:34.120+0000] {processor.py:186} INFO - Started process (PID=24801) to work on /opt/airflow/dags/product_processing.py
[2026-05-29T14:12:34.121+0000] {processor.py:914} INFO - Processing file /opt/airflow/dags/product_processing.py for tasks to queue
[2026-05-29T14:12:34.122+0000] {logging_mixin.py:190} INFO - [2026-05-29T14:12:34.122+0000] {dagbag.py:588} INFO - Filling up the DagBag from /opt/airflow/dags/product_processing.py
[2026-05-29T14:12:34.336+0000] {processor.py:925} INFO - DAG(s) 'product_processing' retrieved from /opt/airflow/dags/product_processing.py
[2026-05-29T14:12:34.355+0000] {logging_mixin.py:190} INFO - [2026-05-29T14:12:34.355+0000] {dag.py:3239} INFO - Sync 1 DAGs
[2026-05-29T14:12:34.396+0000] {logging_mixin.py:190} INFO - [2026-05-29T14:12:34.396+0000] {dag.py:4180} INFO - Setting next_dagrun for product_processing to 2026-05-28 00:00:00+00:00, run_after=2026-05-29 00:00:00+00:00
[2026-05-29T14:12:34.409+0000] {processor.py:208} INFO - Processing /opt/airflow/dags/product_processing.py took 0.294 seconds
[2026-05-29T14:13:04.705+0000] {processor.py:186} INFO - Started process (PID=24817) to work on /opt/airflow/dags/product_processing.py
[2026-05-29T14:13:04.708+0000] {processor.py:914} INFO - Processing file /opt/airflow/dags/product_processing.py for tasks to queue
[2026-05-29T14:13:04.710+0000] {logging_mixin.py:190} INFO - [2026-05-29T14:13:04.709+0000] {dagbag.py:588} INFO - Filling up the DagBag from /opt/airflow/dags/product_processing.py
[2026-05-29T14:13:05.069+0000] {processor.py:925} INFO - DAG(s) 'product_processing' retrieved from /opt/airflow/dags/product_processing.py
[2026-05-29T14:13:05.085+0000] {logging_mixin.py:190} INFO - [2026-05-29T14:13:05.085+0000] {dag.py:3239} INFO - Sync 1 DAGs
[2026-05-29T14:13:05.102+0000] {logging_mixin.py:190} INFO - [2026-05-29T14:13:05.102+0000] {dag.py:4180} INFO - Setting next_dagrun for product_processing to 2026-05-28 00:00:00+00:00, run_after=2026-05-29 00:00:00+00:00
[2026-05-29T14:13:05.114+0000] {processor.py:208} INFO - Processing /opt/airflow/dags/product_processing.py took 0.418 seconds
[2026-05-29T14:13:35.443+0000] {processor.py:186} INFO - Started process (PID=24833) to work on /opt/airflow/dags/product_processing.py
[2026-05-29T14:13:35.444+0000] {processor.py:914} INFO - Processing file /opt/airflow/dags/product_processing.py for tasks to queue
[2026-05-29T14:13:35.445+0000] {logging_mixin.py:190} INFO - [2026-05-29T14:13:35.445+0000] {dagbag.py:588} INFO - Filling up the DagBag from /opt/airflow/dags/product_processing.py
[2026-05-29T14:13:35.640+0000] {processor.py:925} INFO - DAG(s) 'product_processing' retrieved from /opt/airflow/dags/product_processing.py
[2026-05-29T14:13:35.660+0000] {logging_mixin.py:190} INFO - [2026-05-29T14:13:35.659+0000] {dag.py:3239} INFO - Sync 1 DAGs
[2026-05-29T14:13:35.678+0000] {logging_mixin.py:190} INFO - [2026-05-29T14:13:35.678+0000] {dag.py:4180} INFO - Setting next_dagrun for product_processing to 2026-05-28 00:00:00+00:00, run_after=2026-05-29 00:00:00+00:00
[2026-05-29T14:13:35.690+0000] {processor.py:208} INFO - Processing /opt/airflow/dags/product_processing.py took 0.251 seconds
[2026-05-29T14:14:06.105+0000] {processor.py:186} INFO - Started process (PID=24849) to work on /opt/airflow/dags/product_processing.py
[2026-05-29T14:14:06.106+0000] {processor.py:914} INFO - Processing file /opt/airflow/dags/product_processing.py for tasks to queue
[2026-05-29T14:14:06.107+0000] {logging_mixin.py:190} INFO - [2026-05-29T14:14:06.107+0000] {dagbag.py:588} INFO - Filling up the DagBag from /opt/airflow/dags/product_processing.py
[2026-05-29T14:14:06.293+0000] {processor.py:925} INFO - DAG(s) 'product_processing' retrieved from /opt/airflow/dags/product_processing.py
[2026-05-29T14:14:06.312+0000] {logging_mixin.py:190} INFO - [2026-05-29T14:14:06.312+0000] {dag.py:3239} INFO - Sync 1 DAGs
[2026-05-29T14:14:06.329+0000] {logging_mixin.py:190} INFO - [2026-05-29T14:14:06.329+0000] {dag.py:4180} INFO - Setting next_dagrun for product_processing to 2026-05-28 00:00:00+00:00, run_after=2026-05-29 00:00:00+00:00
[2026-05-29T14:14:06.342+0000] {processor.py:208} INFO - Processing /opt/airflow/dags/product_processing.py took 0.241 seconds
[2026-05-29T14:14:36.652+0000] {processor.py:186} INFO - Started process (PID=24866) to work on /opt/airflow/dags/product_processing.py
[2026-05-29T14:14:36.653+0000] {processor.py:914} INFO - Processing file /opt/airflow/dags/product_processing.py for tasks to queue
[2026-05-29T14:14:36.654+0000] {logging_mixin.py:190} INFO - [2026-05-29T14:14:36.654+0000] {dagbag.py:588} INFO - Filling up the DagBag from /opt/airflow/dags/product_processing.py
[2026-05-29T14:14:36.855+0000] {processor.py:925} INFO - DAG(s) 'product_processing' retrieved from /opt/airflow/dags/product_processing.py
[2026-05-29T14:14:36.874+0000] {logging_mixin.py:190} INFO - [2026-05-29T14:14:36.874+0000] {dag.py:3239} INFO - Sync 1 DAGs
[2026-05-29T14:14:36.891+0000] {logging_mixin.py:190} INFO - [2026-05-29T14:14:36.891+0000] {dag.py:4180} INFO - Setting next_dagrun for product_processing to 2026-05-28 00:00:00+00:00, run_after=2026-05-29 00:00:00+00:00
[2026-05-29T14:14:36.904+0000] {processor.py:208} INFO - Processing /opt/airflow/dags/product_processing.py took 0.256 seconds
[2026-05-29T14:15:07.250+0000] {processor.py:186} INFO - Started process (PID=24882) to work on /opt/airflow/dags/product_processing.py
[2026-05-29T14:15:07.251+0000] {processor.py:914} INFO - Processing file /opt/airflow/dags/product_processing.py for tasks to queue
[2026-05-29T14:15:07.251+0000] {logging_mixin.py:190} INFO - [2026-05-29T14:15:07.251+0000] {dagbag.py:588} INFO - Filling up the DagBag from /opt/airflow/dags/product_processing.py
[2026-05-29T14:15:07.443+0000] {processor.py:925} INFO - DAG(s) 'product_processing' retrieved from /opt/airflow/dags/product_processing.py
[2026-05-29T14:15:07.461+0000] {logging_mixin.py:190} INFO - [2026-05-29T14:15:07.461+0000] {dag.py:3239} INFO - Sync 1 DAGs
[2026-05-29T14:15:07.478+0000] {logging_mixin.py:190} INFO - [2026-05-29T14:15:07.478+0000] {dag.py:4180} INFO - Setting next_dagrun for product_processing to 2026-05-28 00:00:00+00:00, run_after=2026-05-29 00:00:00+00:00
[2026-05-29T14:15:07.491+0000] {processor.py:208} INFO - Processing /opt/airflow/dags/product_processing.py took 0.246 seconds
[2026-05-29T14:15:37.825+0000] {processor.py:186} INFO - Started process (PID=24898) to work on /opt/airflow/dags/product_processing.py
[2026-05-29T14:15:37.827+0000] {processor.py:914} INFO - Processing file /opt/airflow/dags/product_processing.py for tasks to queue
[2026-05-29T14:15:37.829+0000] {logging_mixin.py:190} INFO - [2026-05-29T14:15:37.828+0000] {dagbag.py:588} INFO - Filling up the DagBag from /opt/airflow/dags/product_processing.py
[2026-05-29T14:15:38.156+0000] {processor.py:925} INFO - DAG(s) 'product_processing' retrieved from /opt/airflow/dags/product_processing.py
[2026-05-29T14:15:38.177+0000] {logging_mixin.py:190} INFO - [2026-05-29T14:15:38.177+0000] {dag.py:3239} INFO - Sync 1 DAGs
[2026-05-29T14:15:38.197+0000] {logging_mixin.py:190} INFO - [2026-05-29T14:15:38.197+0000] {dag.py:4180} INFO - Setting next_dagrun for product_processing to 2026-05-28 00:00:00+00:00, run_after=2026-05-29 00:00:00+00:00
[2026-05-29T14:15:38.210+0000] {processor.py:208} INFO - Processing /opt/airflow/dags/product_processing.py took 0.394 seconds
[2026-05-29T14:16:08.461+0000] {processor.py:186} INFO - Started process (PID=24914) to work on /opt/airflow/dags/product_processing.py
[2026-05-29T14:16:08.461+0000] {processor.py:914} INFO - Processing file /opt/airflow/dags/product_processing.py for tasks to queue
[2026-05-29T14:16:08.463+0000] {logging_mixin.py:190} INFO - [2026-05-29T14:16:08.462+0000] {dagbag.py:588} INFO - Filling up the DagBag from /opt/airflow/dags/product_processing.py
[2026-05-29T14:16:08.661+0000] {processor.py:925} INFO - DAG(s) 'product_processing' retrieved from /opt/airflow/dags/product_processing.py
[2026-05-29T14:16:08.680+0000] {logging_mixin.py:190} INFO - [2026-05-29T14:16:08.679+0000] {dag.py:3239} INFO - Sync 1 DAGs
[2026-05-29T14:16:08.697+0000] {logging_mixin.py:190} INFO - [2026-05-29T14:16:08.697+0000] {dag.py:4180} INFO - Setting next_dagrun for product_processing to 2026-05-28 00:00:00+00:00, run_after=2026-05-29 00:00:00+00:00
[2026-05-29T14:16:08.708+0000] {processor.py:208} INFO - Processing /opt/airflow/dags/product_processing.py took 0.252 seconds
[2026-05-29T14:16:39.281+0000] {processor.py:186} INFO - Started process (PID=24930) to work on /opt/airflow/dags/product_processing.py
[2026-05-29T14:16:39.282+0000] {processor.py:914} INFO - Processing file /opt/airflow/dags/product_processing.py for tasks to queue
[2026-05-29T14:16:39.284+0000] {logging_mixin.py:190} INFO - [2026-05-29T14:16:39.283+0000] {dagbag.py:588} INFO - Filling up the DagBag from /opt/airflow/dags/product_processing.py
[2026-05-29T14:16:39.480+0000] {processor.py:925} INFO - DAG(s) 'product_processing' retrieved from /opt/airflow/dags/product_processing.py
[2026-05-29T14:16:39.498+0000] {logging_mixin.py:190} INFO - [2026-05-29T14:16:39.498+0000] {dag.py:3239} INFO - Sync 1 DAGs
[2026-05-29T14:16:39.515+0000] {logging_mixin.py:190} INFO - [2026-05-29T14:16:39.515+0000] {dag.py:4180} INFO - Setting next_dagrun for product_processing to 2026-05-28 00:00:00+00:00, run_after=2026-05-29 00:00:00+00:00
[2026-05-29T14:16:39.528+0000] {processor.py:208} INFO - Processing /opt/airflow/dags/product_processing.py took 0.255 seconds
[2026-05-29T14:17:09.806+0000] {processor.py:186} INFO - Started process (PID=24946) to work on /opt/airflow/dags/product_processing.py
[2026-05-29T14:17:09.806+0000] {processor.py:914} INFO - Processing file /opt/airflow/dags/product_processing.py for tasks to queue
[2026-05-29T14:17:09.807+0000] {logging_mixin.py:190} INFO - [2026-05-29T14:17:09.807+0000] {dagbag.py:588} INFO - Filling up the DagBag from /opt/airflow/dags/product_processing.py
[2026-05-29T14:17:10.000+0000] {processor.py:925} INFO - DAG(s) 'product_processing' retrieved from /opt/airflow/dags/product_processing.py
[2026-05-29T14:17:10.018+0000] {logging_mixin.py:190} INFO - [2026-05-29T14:17:10.018+0000] {dag.py:3239} INFO - Sync 1 DAGs
[2026-05-29T14:17:10.035+0000] {logging_mixin.py:190} INFO - [2026-05-29T14:17:10.035+0000] {dag.py:4180} INFO - Setting next_dagrun for product_processing to 2026-05-28 00:00:00+00:00, run_after=2026-05-29 00:00:00+00:00
[2026-05-29T14:17:10.049+0000] {processor.py:208} INFO - Processing /opt/airflow/dags/product_processing.py took 0.247 seconds
[2026-05-29T14:17:40.334+0000] {processor.py:186} INFO - Started process (PID=24962) to work on /opt/airflow/dags/product_processing.py
[2026-05-29T14:17:40.336+0000] {processor.py:914} INFO - Processing file /opt/airflow/dags/product_processing.py for tasks to queue
[2026-05-29T14:17:40.337+0000] {logging_mixin.py:190} INFO - [2026-05-29T14:17:40.337+0000] {dagbag.py:588} INFO - Filling up the DagBag from /opt/airflow/dags/product_processing.py
[2026-05-29T14:17:40.534+0000] {processor.py:925} INFO - DAG(s) 'product_processing' retrieved from /opt/airflow/dags/product_processing.py
[2026-05-29T14:17:40.553+0000] {logging_mixin.py:190} INFO - [2026-05-29T14:17:40.553+0000] {dag.py:3239} INFO - Sync 1 DAGs
[2026-05-29T14:17:40.571+0000] {logging_mixin.py:190} INFO - [2026-05-29T14:17:40.571+0000] {dag.py:4180} INFO - Setting next_dagrun for product_processing to 2026-05-28 00:00:00+00:00, run_after=2026-05-29 00:00:00+00:00
[2026-05-29T14:17:40.584+0000] {processor.py:208} INFO - Processing /opt/airflow/dags/product_processing.py took 0.254 seconds
[2026-05-29T14:18:10.861+0000] {processor.py:186} INFO - Started process (PID=24979) to work on /opt/airflow/dags/product_processing.py
[2026-05-29T14:18:10.861+0000] {processor.py:914} INFO - Processing file /opt/airflow/dags/product_processing.py for tasks to queue
[2026-05-29T14:18:10.863+0000] {logging_mixin.py:190} INFO - [2026-05-29T14:18:10.862+0000] {dagbag.py:588} INFO - Filling up the DagBag from /opt/airflow/dags/product_processing.py
[2026-05-29T14:18:11.062+0000] {processor.py:925} INFO - DAG(s) 'product_processing' retrieved from /opt/airflow/dags/product_processing.py
[2026-05-29T14:18:11.082+0000] {logging_mixin.py:190} INFO - [2026-05-29T14:18:11.082+0000] {dag.py:3239} INFO - Sync 1 DAGs
[2026-05-29T14:18:11.099+0000] {logging_mixin.py:190} INFO - [2026-05-29T14:18:11.099+0000] {dag.py:4180} INFO - Setting next_dagrun for product_processing to 2026-05-28 00:00:00+00:00, run_after=2026-05-29 00:00:00+00:00
[2026-05-29T14:18:11.113+0000] {processor.py:208} INFO - Processing /opt/airflow/dags/product_processing.py took 0.257 seconds
[2026-05-29T14:18:41.431+0000] {processor.py:186} INFO - Started process (PID=24996) to work on /opt/airflow/dags/product_processing.py
[2026-05-29T14:18:41.432+0000] {processor.py:914} INFO - Processing file /opt/airflow/dags/product_processing.py for tasks to queue
[2026-05-29T14:18:41.433+0000] {logging_mixin.py:190} INFO - [2026-05-29T14:18:41.433+0000] {dagbag.py:588} INFO - Filling up the DagBag from /opt/airflow/dags/product_processing.py
[2026-05-29T14:18:41.625+0000] {processor.py:925} INFO - DAG(s) 'product_processing' retrieved from /opt/airflow/dags/product_processing.py
[2026-05-29T14:18:41.643+0000] {logging_mixin.py:190} INFO - [2026-05-29T14:18:41.642+0000] {dag.py:3239} INFO - Sync 1 DAGs
[2026-05-29T14:18:41.659+0000] {logging_mixin.py:190} INFO - [2026-05-29T14:18:41.658+0000] {dag.py:4180} INFO - Setting next_dagrun for product_processing to 2026-05-28 00:00:00+00:00, run_after=2026-05-29 00:00:00+00:00
[2026-05-29T14:18:41.671+0000] {processor.py:208} INFO - Processing /opt/airflow/dags/product_processing.py took 0.245 seconds
[2026-05-29T14:19:12.019+0000] {processor.py:186} INFO - Started process (PID=25012) to work on /opt/airflow/dags/product_processing.py
[2026-05-29T14:19:12.019+0000] {processor.py:914} INFO - Processing file /opt/airflow/dags/product_processing.py for tasks to queue
[2026-05-29T14:19:12.020+0000] {logging_mixin.py:190} INFO - [2026-05-29T14:19:12.020+0000] {dagbag.py:588} INFO - Filling up the DagBag from /opt/airflow/dags/product_processing.py
[2026-05-29T14:19:12.203+0000] {processor.py:925} INFO - DAG(s) 'product_processing' retrieved from /opt/airflow/dags/product_processing.py
[2026-05-29T14:19:12.222+0000] {logging_mixin.py:190} INFO - [2026-05-29T14:19:12.222+0000] {dag.py:3239} INFO - Sync 1 DAGs
[2026-05-29T14:19:12.240+0000] {logging_mixin.py:190} INFO - [2026-05-29T14:19:12.240+0000] {dag.py:4180} INFO - Setting next_dagrun for product_processing to 2026-05-28 00:00:00+00:00, run_after=2026-05-29 00:00:00+00:00
[2026-05-29T14:19:12.254+0000] {processor.py:208} INFO - Processing /opt/airflow/dags/product_processing.py took 0.240 seconds
[2026-05-29T14:19:42.546+0000] {processor.py:186} INFO - Started process (PID=25029) to work on /opt/airflow/dags/product_processing.py
[2026-05-29T14:19:42.549+0000] {processor.py:914} INFO - Processing file /opt/airflow/dags/product_processing.py for tasks to queue
[2026-05-29T14:19:42.550+0000] {logging_mixin.py:190} INFO - [2026-05-29T14:19:42.549+0000] {dagbag.py:588} INFO - Filling up the DagBag from /opt/airflow/dags/product_processing.py
[2026-05-29T14:19:42.742+0000] {processor.py:925} INFO - DAG(s) 'product_processing' retrieved from /opt/airflow/dags/product_processing.py
[2026-05-29T14:19:42.760+0000] {logging_mixin.py:190} INFO - [2026-05-29T14:19:42.760+0000] {dag.py:3239} INFO - Sync 1 DAGs
[2026-05-29T14:19:42.778+0000] {logging_mixin.py:190} INFO - [2026-05-29T14:19:42.777+0000] {dag.py:4180} INFO - Setting next_dagrun for product_processing to 2026-05-28 00:00:00+00:00, run_after=2026-05-29 00:00:00+00:00
[2026-05-29T14:19:42.790+0000] {processor.py:208} INFO - Processing /opt/airflow/dags/product_processing.py took 0.248 seconds
[2026-05-29T14:20:13.089+0000] {processor.py:186} INFO - Started process (PID=25045) to work on /opt/airflow/dags/product_processing.py
[2026-05-29T14:20:13.090+0000] {processor.py:914} INFO - Processing file /opt/airflow/dags/product_processing.py for tasks to queue
[2026-05-29T14:20:13.091+0000] {logging_mixin.py:190} INFO - [2026-05-29T14:20:13.090+0000] {dagbag.py:588} INFO - Filling up the DagBag from /opt/airflow/dags/product_processing.py
[2026-05-29T14:20:13.275+0000] {processor.py:925} INFO - DAG(s) 'product_processing' retrieved from /opt/airflow/dags/product_processing.py
[2026-05-29T14:20:13.295+0000] {logging_mixin.py:190} INFO - [2026-05-29T14:20:13.294+0000] {dag.py:3239} INFO - Sync 1 DAGs
[2026-05-29T14:20:13.313+0000] {logging_mixin.py:190} INFO - [2026-05-29T14:20:13.313+0000] {dag.py:4180} INFO - Setting next_dagrun for product_processing to 2026-05-28 00:00:00+00:00, run_after=2026-05-29 00:00:00+00:00
[2026-05-29T14:20:13.326+0000] {processor.py:208} INFO - Processing /opt/airflow/dags/product_processing.py took 0.242 seconds
[2026-05-29T14:20:43.604+0000] {processor.py:186} INFO - Started process (PID=25062) to work on /opt/airflow/dags/product_processing.py
[2026-05-29T14:20:43.613+0000] {processor.py:914} INFO - Processing file /opt/airflow/dags/product_processing.py for tasks to queue
[2026-05-29T14:20:43.614+0000] {logging_mixin.py:190} INFO - [2026-05-29T14:20:43.614+0000] {dagbag.py:588} INFO - Filling up the DagBag from /opt/airflow/dags/product_processing.py
[2026-05-29T14:20:43.808+0000] {processor.py:925} INFO - DAG(s) 'product_processing' retrieved from /opt/airflow/dags/product_processing.py
[2026-05-29T14:20:43.826+0000] {logging_mixin.py:190} INFO - [2026-05-29T14:20:43.826+0000] {dag.py:3239} INFO - Sync 1 DAGs
[2026-05-29T14:20:43.843+0000] {logging_mixin.py:190} INFO - [2026-05-29T14:20:43.843+0000] {dag.py:4180} INFO - Setting next_dagrun for product_processing to 2026-05-28 00:00:00+00:00, run_after=2026-05-29 00:00:00+00:00
[2026-05-29T14:20:43.856+0000] {processor.py:208} INFO - Processing /opt/airflow/dags/product_processing.py took 0.256 seconds
[2026-05-29T14:21:14.118+0000] {processor.py:186} INFO - Started process (PID=25078) to work on /opt/airflow/dags/product_processing.py
[2026-05-29T14:21:14.119+0000] {processor.py:914} INFO - Processing file /opt/airflow/dags/product_processing.py for tasks to queue
[2026-05-29T14:21:14.120+0000] {logging_mixin.py:190} INFO - [2026-05-29T14:21:14.120+0000] {dagbag.py:588} INFO - Filling up the DagBag from /opt/airflow/dags/product_processing.py
[2026-05-29T14:21:14.311+0000] {processor.py:925} INFO - DAG(s) 'product_processing' retrieved from /opt/airflow/dags/product_processing.py
[2026-05-29T14:21:14.330+0000] {logging_mixin.py:190} INFO - [2026-05-29T14:21:14.330+0000] {dag.py:3239} INFO - Sync 1 DAGs
[2026-05-29T14:21:14.347+0000] {logging_mixin.py:190} INFO - [2026-05-29T14:21:14.347+0000] {dag.py:4180} INFO - Setting next_dagrun for product_processing to 2026-05-28 00:00:00+00:00, run_after=2026-05-29 00:00:00+00:00
[2026-05-29T14:21:14.361+0000] {processor.py:208} INFO - Processing /opt/airflow/dags/product_processing.py took 0.247 seconds
