[2026-05-29T13:16:56.609+0000] {processor.py:186} INFO - Started process (PID=23022) to work on /opt/airflow/dags/user_processing.py
[2026-05-29T13:16:56.609+0000] {processor.py:914} INFO - Processing file /opt/airflow/dags/user_processing.py for tasks to queue
[2026-05-29T13:16:56.613+0000] {logging_mixin.py:190} INFO - [2026-05-29T13:16:56.610+0000] {dagbag.py:588} INFO - Filling up the DagBag from /opt/airflow/dags/user_processing.py
[2026-05-29T13:16:56.961+0000] {processor.py:925} INFO - DAG(s) 'user_processing' retrieved from /opt/airflow/dags/user_processing.py
[2026-05-29T13:16:56.983+0000] {logging_mixin.py:190} INFO - [2026-05-29T13:16:56.982+0000] {dag.py:3239} INFO - Sync 1 DAGs
[2026-05-29T13:16:56.997+0000] {logging_mixin.py:190} INFO - [2026-05-29T13:16:56.997+0000] {dag.py:4180} INFO - Setting next_dagrun for user_processing to 2026-05-29 00:00:00+00:00, run_after=2026-05-30 00:00:00+00:00
[2026-05-29T13:16:57.015+0000] {processor.py:208} INFO - Processing /opt/airflow/dags/user_processing.py took 0.423 seconds
[2026-05-29T13:17:27.578+0000] {processor.py:186} INFO - Started process (PID=23032) to work on /opt/airflow/dags/user_processing.py
[2026-05-29T13:17:27.581+0000] {processor.py:914} INFO - Processing file /opt/airflow/dags/user_processing.py for tasks to queue
[2026-05-29T13:17:27.582+0000] {logging_mixin.py:190} INFO - [2026-05-29T13:17:27.582+0000] {dagbag.py:588} INFO - Filling up the DagBag from /opt/airflow/dags/user_processing.py
[2026-05-29T13:17:28.470+0000] {processor.py:925} INFO - DAG(s) 'user_processing' retrieved from /opt/airflow/dags/user_processing.py
[2026-05-29T13:17:28.525+0000] {logging_mixin.py:190} INFO - [2026-05-29T13:17:28.525+0000] {dag.py:3239} INFO - Sync 1 DAGs
[2026-05-29T13:17:28.587+0000] {logging_mixin.py:190} INFO - [2026-05-29T13:17:28.587+0000] {dag.py:4180} INFO - Setting next_dagrun for user_processing to 2026-05-29 00:00:00+00:00, run_after=2026-05-30 00:00:00+00:00
[2026-05-29T13:17:28.631+0000] {processor.py:208} INFO - Processing /opt/airflow/dags/user_processing.py took 1.064 seconds
[2026-05-29T13:17:59.143+0000] {processor.py:186} INFO - Started process (PID=23055) to work on /opt/airflow/dags/user_processing.py
[2026-05-29T13:17:59.159+0000] {processor.py:914} INFO - Processing file /opt/airflow/dags/user_processing.py for tasks to queue
[2026-05-29T13:17:59.160+0000] {logging_mixin.py:190} INFO - [2026-05-29T13:17:59.160+0000] {dagbag.py:588} INFO - Filling up the DagBag from /opt/airflow/dags/user_processing.py
[2026-05-29T13:18:00.325+0000] {processor.py:925} INFO - DAG(s) 'user_processing' retrieved from /opt/airflow/dags/user_processing.py
[2026-05-29T13:18:00.432+0000] {logging_mixin.py:190} INFO - [2026-05-29T13:18:00.432+0000] {dag.py:3239} INFO - Sync 1 DAGs
[2026-05-29T13:18:00.624+0000] {logging_mixin.py:190} INFO - [2026-05-29T13:18:00.612+0000] {dag.py:4180} INFO - Setting next_dagrun for user_processing to 2026-05-29 00:00:00+00:00, run_after=2026-05-30 00:00:00+00:00
[2026-05-29T13:18:00.698+0000] {processor.py:208} INFO - Processing /opt/airflow/dags/user_processing.py took 1.591 seconds
[2026-05-29T13:18:31.540+0000] {processor.py:186} INFO - Started process (PID=23073) to work on /opt/airflow/dags/user_processing.py
[2026-05-29T13:18:31.562+0000] {processor.py:914} INFO - Processing file /opt/airflow/dags/user_processing.py for tasks to queue
[2026-05-29T13:18:31.563+0000] {logging_mixin.py:190} INFO - [2026-05-29T13:18:31.563+0000] {dagbag.py:588} INFO - Filling up the DagBag from /opt/airflow/dags/user_processing.py
[2026-05-29T13:18:31.860+0000] {processor.py:925} INFO - DAG(s) 'user_processing' retrieved from /opt/airflow/dags/user_processing.py
[2026-05-29T13:18:31.881+0000] {logging_mixin.py:190} INFO - [2026-05-29T13:18:31.880+0000] {dag.py:3239} INFO - Sync 1 DAGs
[2026-05-29T13:18:31.899+0000] {logging_mixin.py:190} INFO - [2026-05-29T13:18:31.898+0000] {dag.py:4180} INFO - Setting next_dagrun for user_processing to 2026-05-29 00:00:00+00:00, run_after=2026-05-30 00:00:00+00:00
[2026-05-29T13:18:31.913+0000] {processor.py:208} INFO - Processing /opt/airflow/dags/user_processing.py took 0.382 seconds
[2026-05-29T13:19:02.189+0000] {processor.py:186} INFO - Started process (PID=23088) to work on /opt/airflow/dags/user_processing.py
[2026-05-29T13:19:02.190+0000] {processor.py:914} INFO - Processing file /opt/airflow/dags/user_processing.py for tasks to queue
[2026-05-29T13:19:02.191+0000] {logging_mixin.py:190} INFO - [2026-05-29T13:19:02.191+0000] {dagbag.py:588} INFO - Filling up the DagBag from /opt/airflow/dags/user_processing.py
[2026-05-29T13:19:02.403+0000] {processor.py:925} INFO - DAG(s) 'user_processing' retrieved from /opt/airflow/dags/user_processing.py
[2026-05-29T13:19:02.429+0000] {logging_mixin.py:190} INFO - [2026-05-29T13:19:02.429+0000] {dag.py:3239} INFO - Sync 1 DAGs
[2026-05-29T13:19:02.453+0000] {logging_mixin.py:190} INFO - [2026-05-29T13:19:02.453+0000] {dag.py:4180} INFO - Setting next_dagrun for user_processing to 2026-05-29 00:00:00+00:00, run_after=2026-05-30 00:00:00+00:00
[2026-05-29T13:19:02.468+0000] {processor.py:208} INFO - Processing /opt/airflow/dags/user_processing.py took 0.284 seconds
[2026-05-29T13:19:32.682+0000] {processor.py:186} INFO - Started process (PID=23104) to work on /opt/airflow/dags/user_processing.py
[2026-05-29T13:19:32.683+0000] {processor.py:914} INFO - Processing file /opt/airflow/dags/user_processing.py for tasks to queue
[2026-05-29T13:19:32.683+0000] {logging_mixin.py:190} INFO - [2026-05-29T13:19:32.683+0000] {dagbag.py:588} INFO - Filling up the DagBag from /opt/airflow/dags/user_processing.py
[2026-05-29T13:19:32.878+0000] {processor.py:925} INFO - DAG(s) 'user_processing' retrieved from /opt/airflow/dags/user_processing.py
[2026-05-29T13:19:32.896+0000] {logging_mixin.py:190} INFO - [2026-05-29T13:19:32.896+0000] {dag.py:3239} INFO - Sync 1 DAGs
[2026-05-29T13:19:32.912+0000] {logging_mixin.py:190} INFO - [2026-05-29T13:19:32.912+0000] {dag.py:4180} INFO - Setting next_dagrun for user_processing to 2026-05-29 00:00:00+00:00, run_after=2026-05-30 00:00:00+00:00
[2026-05-29T13:19:32.924+0000] {processor.py:208} INFO - Processing /opt/airflow/dags/user_processing.py took 0.247 seconds
[2026-05-29T13:20:03.206+0000] {processor.py:186} INFO - Started process (PID=23120) to work on /opt/airflow/dags/user_processing.py
[2026-05-29T13:20:03.208+0000] {processor.py:914} INFO - Processing file /opt/airflow/dags/user_processing.py for tasks to queue
[2026-05-29T13:20:03.210+0000] {logging_mixin.py:190} INFO - [2026-05-29T13:20:03.209+0000] {dagbag.py:588} INFO - Filling up the DagBag from /opt/airflow/dags/user_processing.py
[2026-05-29T13:20:03.397+0000] {processor.py:925} INFO - DAG(s) 'user_processing' retrieved from /opt/airflow/dags/user_processing.py
[2026-05-29T13:20:03.416+0000] {logging_mixin.py:190} INFO - [2026-05-29T13:20:03.415+0000] {dag.py:3239} INFO - Sync 1 DAGs
[2026-05-29T13:20:03.434+0000] {logging_mixin.py:190} INFO - [2026-05-29T13:20:03.434+0000] {dag.py:4180} INFO - Setting next_dagrun for user_processing to 2026-05-29 00:00:00+00:00, run_after=2026-05-30 00:00:00+00:00
[2026-05-29T13:20:03.447+0000] {processor.py:208} INFO - Processing /opt/airflow/dags/user_processing.py took 0.252 seconds
[2026-05-29T13:20:33.721+0000] {processor.py:186} INFO - Started process (PID=23136) to work on /opt/airflow/dags/user_processing.py
[2026-05-29T13:20:33.723+0000] {processor.py:914} INFO - Processing file /opt/airflow/dags/user_processing.py for tasks to queue
[2026-05-29T13:20:33.725+0000] {logging_mixin.py:190} INFO - [2026-05-29T13:20:33.724+0000] {dagbag.py:588} INFO - Filling up the DagBag from /opt/airflow/dags/user_processing.py
[2026-05-29T13:20:33.917+0000] {processor.py:925} INFO - DAG(s) 'user_processing' retrieved from /opt/airflow/dags/user_processing.py
[2026-05-29T13:20:33.935+0000] {logging_mixin.py:190} INFO - [2026-05-29T13:20:33.935+0000] {dag.py:3239} INFO - Sync 1 DAGs
[2026-05-29T13:20:33.952+0000] {logging_mixin.py:190} INFO - [2026-05-29T13:20:33.952+0000] {dag.py:4180} INFO - Setting next_dagrun for user_processing to 2026-05-29 00:00:00+00:00, run_after=2026-05-30 00:00:00+00:00
[2026-05-29T13:20:33.966+0000] {processor.py:208} INFO - Processing /opt/airflow/dags/user_processing.py took 0.249 seconds
[2026-05-29T13:21:04.221+0000] {processor.py:186} INFO - Started process (PID=23152) to work on /opt/airflow/dags/user_processing.py
[2026-05-29T13:21:04.222+0000] {processor.py:914} INFO - Processing file /opt/airflow/dags/user_processing.py for tasks to queue
[2026-05-29T13:21:04.223+0000] {logging_mixin.py:190} INFO - [2026-05-29T13:21:04.223+0000] {dagbag.py:588} INFO - Filling up the DagBag from /opt/airflow/dags/user_processing.py
[2026-05-29T13:21:04.411+0000] {processor.py:925} INFO - DAG(s) 'user_processing' retrieved from /opt/airflow/dags/user_processing.py
[2026-05-29T13:21:04.429+0000] {logging_mixin.py:190} INFO - [2026-05-29T13:21:04.429+0000] {dag.py:3239} INFO - Sync 1 DAGs
[2026-05-29T13:21:04.447+0000] {logging_mixin.py:190} INFO - [2026-05-29T13:21:04.447+0000] {dag.py:4180} INFO - Setting next_dagrun for user_processing to 2026-05-29 00:00:00+00:00, run_after=2026-05-30 00:00:00+00:00
[2026-05-29T13:21:04.461+0000] {processor.py:208} INFO - Processing /opt/airflow/dags/user_processing.py took 0.244 seconds
[2026-05-29T13:21:34.785+0000] {processor.py:186} INFO - Started process (PID=23168) to work on /opt/airflow/dags/user_processing.py
[2026-05-29T13:21:34.786+0000] {processor.py:914} INFO - Processing file /opt/airflow/dags/user_processing.py for tasks to queue
[2026-05-29T13:21:34.787+0000] {logging_mixin.py:190} INFO - [2026-05-29T13:21:34.787+0000] {dagbag.py:588} INFO - Filling up the DagBag from /opt/airflow/dags/user_processing.py
[2026-05-29T13:21:34.996+0000] {processor.py:925} INFO - DAG(s) 'user_processing' retrieved from /opt/airflow/dags/user_processing.py
[2026-05-29T13:21:35.017+0000] {logging_mixin.py:190} INFO - [2026-05-29T13:21:35.016+0000] {dag.py:3239} INFO - Sync 1 DAGs
[2026-05-29T13:21:35.035+0000] {logging_mixin.py:190} INFO - [2026-05-29T13:21:35.034+0000] {dag.py:4180} INFO - Setting next_dagrun for user_processing to 2026-05-29 00:00:00+00:00, run_after=2026-05-30 00:00:00+00:00
[2026-05-29T13:21:35.049+0000] {processor.py:208} INFO - Processing /opt/airflow/dags/user_processing.py took 0.269 seconds
[2026-05-29T13:22:05.327+0000] {processor.py:186} INFO - Started process (PID=23184) to work on /opt/airflow/dags/user_processing.py
[2026-05-29T13:22:05.329+0000] {processor.py:914} INFO - Processing file /opt/airflow/dags/user_processing.py for tasks to queue
[2026-05-29T13:22:05.330+0000] {logging_mixin.py:190} INFO - [2026-05-29T13:22:05.330+0000] {dagbag.py:588} INFO - Filling up the DagBag from /opt/airflow/dags/user_processing.py
[2026-05-29T13:22:05.507+0000] {processor.py:925} INFO - DAG(s) 'user_processing' retrieved from /opt/airflow/dags/user_processing.py
[2026-05-29T13:22:05.526+0000] {logging_mixin.py:190} INFO - [2026-05-29T13:22:05.526+0000] {dag.py:3239} INFO - Sync 1 DAGs
[2026-05-29T13:22:05.544+0000] {logging_mixin.py:190} INFO - [2026-05-29T13:22:05.544+0000] {dag.py:4180} INFO - Setting next_dagrun for user_processing to 2026-05-29 00:00:00+00:00, run_after=2026-05-30 00:00:00+00:00
[2026-05-29T13:22:05.557+0000] {processor.py:208} INFO - Processing /opt/airflow/dags/user_processing.py took 0.234 seconds
[2026-05-29T13:22:35.876+0000] {processor.py:186} INFO - Started process (PID=23201) to work on /opt/airflow/dags/user_processing.py
[2026-05-29T13:22:35.878+0000] {processor.py:914} INFO - Processing file /opt/airflow/dags/user_processing.py for tasks to queue
[2026-05-29T13:22:35.879+0000] {logging_mixin.py:190} INFO - [2026-05-29T13:22:35.878+0000] {dagbag.py:588} INFO - Filling up the DagBag from /opt/airflow/dags/user_processing.py
[2026-05-29T13:22:36.081+0000] {processor.py:925} INFO - DAG(s) 'user_processing' retrieved from /opt/airflow/dags/user_processing.py
[2026-05-29T13:22:36.102+0000] {logging_mixin.py:190} INFO - [2026-05-29T13:22:36.101+0000] {dag.py:3239} INFO - Sync 1 DAGs
[2026-05-29T13:22:36.120+0000] {logging_mixin.py:190} INFO - [2026-05-29T13:22:36.119+0000] {dag.py:4180} INFO - Setting next_dagrun for user_processing to 2026-05-29 00:00:00+00:00, run_after=2026-05-30 00:00:00+00:00
[2026-05-29T13:22:36.133+0000] {processor.py:208} INFO - Processing /opt/airflow/dags/user_processing.py took 0.261 seconds
[2026-05-29T13:23:06.432+0000] {processor.py:186} INFO - Started process (PID=23217) to work on /opt/airflow/dags/user_processing.py
[2026-05-29T13:23:06.433+0000] {processor.py:914} INFO - Processing file /opt/airflow/dags/user_processing.py for tasks to queue
[2026-05-29T13:23:06.434+0000] {logging_mixin.py:190} INFO - [2026-05-29T13:23:06.434+0000] {dagbag.py:588} INFO - Filling up the DagBag from /opt/airflow/dags/user_processing.py
[2026-05-29T13:23:06.616+0000] {processor.py:925} INFO - DAG(s) 'user_processing' retrieved from /opt/airflow/dags/user_processing.py
[2026-05-29T13:23:06.635+0000] {logging_mixin.py:190} INFO - [2026-05-29T13:23:06.634+0000] {dag.py:3239} INFO - Sync 1 DAGs
[2026-05-29T13:23:06.651+0000] {logging_mixin.py:190} INFO - [2026-05-29T13:23:06.651+0000] {dag.py:4180} INFO - Setting next_dagrun for user_processing to 2026-05-29 00:00:00+00:00, run_after=2026-05-30 00:00:00+00:00
[2026-05-29T13:23:06.665+0000] {processor.py:208} INFO - Processing /opt/airflow/dags/user_processing.py took 0.237 seconds
[2026-05-29T13:23:36.943+0000] {processor.py:186} INFO - Started process (PID=23233) to work on /opt/airflow/dags/user_processing.py
[2026-05-29T13:23:36.944+0000] {processor.py:914} INFO - Processing file /opt/airflow/dags/user_processing.py for tasks to queue
[2026-05-29T13:23:36.945+0000] {logging_mixin.py:190} INFO - [2026-05-29T13:23:36.945+0000] {dagbag.py:588} INFO - Filling up the DagBag from /opt/airflow/dags/user_processing.py
[2026-05-29T13:23:37.123+0000] {processor.py:925} INFO - DAG(s) 'user_processing' retrieved from /opt/airflow/dags/user_processing.py
[2026-05-29T13:23:37.142+0000] {logging_mixin.py:190} INFO - [2026-05-29T13:23:37.141+0000] {dag.py:3239} INFO - Sync 1 DAGs
[2026-05-29T13:23:37.158+0000] {logging_mixin.py:190} INFO - [2026-05-29T13:23:37.158+0000] {dag.py:4180} INFO - Setting next_dagrun for user_processing to 2026-05-29 00:00:00+00:00, run_after=2026-05-30 00:00:00+00:00
[2026-05-29T13:23:37.172+0000] {processor.py:208} INFO - Processing /opt/airflow/dags/user_processing.py took 0.233 seconds
[2026-05-29T13:24:07.461+0000] {processor.py:186} INFO - Started process (PID=23250) to work on /opt/airflow/dags/user_processing.py
[2026-05-29T13:24:07.462+0000] {processor.py:914} INFO - Processing file /opt/airflow/dags/user_processing.py for tasks to queue
[2026-05-29T13:24:07.463+0000] {logging_mixin.py:190} INFO - [2026-05-29T13:24:07.462+0000] {dagbag.py:588} INFO - Filling up the DagBag from /opt/airflow/dags/user_processing.py
[2026-05-29T13:24:07.646+0000] {processor.py:925} INFO - DAG(s) 'user_processing' retrieved from /opt/airflow/dags/user_processing.py
[2026-05-29T13:24:07.665+0000] {logging_mixin.py:190} INFO - [2026-05-29T13:24:07.664+0000] {dag.py:3239} INFO - Sync 1 DAGs
[2026-05-29T13:24:07.683+0000] {logging_mixin.py:190} INFO - [2026-05-29T13:24:07.683+0000] {dag.py:4180} INFO - Setting next_dagrun for user_processing to 2026-05-29 00:00:00+00:00, run_after=2026-05-30 00:00:00+00:00
[2026-05-29T13:24:07.697+0000] {processor.py:208} INFO - Processing /opt/airflow/dags/user_processing.py took 0.240 seconds
[2026-05-29T13:24:38.015+0000] {processor.py:186} INFO - Started process (PID=23266) to work on /opt/airflow/dags/user_processing.py
[2026-05-29T13:24:38.017+0000] {processor.py:914} INFO - Processing file /opt/airflow/dags/user_processing.py for tasks to queue
[2026-05-29T13:24:38.017+0000] {logging_mixin.py:190} INFO - [2026-05-29T13:24:38.017+0000] {dagbag.py:588} INFO - Filling up the DagBag from /opt/airflow/dags/user_processing.py
[2026-05-29T13:24:38.200+0000] {processor.py:925} INFO - DAG(s) 'user_processing' retrieved from /opt/airflow/dags/user_processing.py
[2026-05-29T13:24:38.220+0000] {logging_mixin.py:190} INFO - [2026-05-29T13:24:38.219+0000] {dag.py:3239} INFO - Sync 1 DAGs
[2026-05-29T13:24:38.237+0000] {logging_mixin.py:190} INFO - [2026-05-29T13:24:38.237+0000] {dag.py:4180} INFO - Setting next_dagrun for user_processing to 2026-05-29 00:00:00+00:00, run_after=2026-05-30 00:00:00+00:00
[2026-05-29T13:24:38.250+0000] {processor.py:208} INFO - Processing /opt/airflow/dags/user_processing.py took 0.240 seconds
[2026-05-29T13:25:08.572+0000] {processor.py:186} INFO - Started process (PID=23282) to work on /opt/airflow/dags/user_processing.py
[2026-05-29T13:25:08.573+0000] {processor.py:914} INFO - Processing file /opt/airflow/dags/user_processing.py for tasks to queue
[2026-05-29T13:25:08.574+0000] {logging_mixin.py:190} INFO - [2026-05-29T13:25:08.574+0000] {dagbag.py:588} INFO - Filling up the DagBag from /opt/airflow/dags/user_processing.py
[2026-05-29T13:25:08.761+0000] {processor.py:925} INFO - DAG(s) 'user_processing' retrieved from /opt/airflow/dags/user_processing.py
[2026-05-29T13:25:08.780+0000] {logging_mixin.py:190} INFO - [2026-05-29T13:25:08.780+0000] {dag.py:3239} INFO - Sync 1 DAGs
[2026-05-29T13:25:08.797+0000] {logging_mixin.py:190} INFO - [2026-05-29T13:25:08.797+0000] {dag.py:4180} INFO - Setting next_dagrun for user_processing to 2026-05-29 00:00:00+00:00, run_after=2026-05-30 00:00:00+00:00
[2026-05-29T13:25:08.811+0000] {processor.py:208} INFO - Processing /opt/airflow/dags/user_processing.py took 0.243 seconds
[2026-05-29T13:25:39.159+0000] {processor.py:186} INFO - Started process (PID=23298) to work on /opt/airflow/dags/user_processing.py
[2026-05-29T13:25:39.161+0000] {processor.py:914} INFO - Processing file /opt/airflow/dags/user_processing.py for tasks to queue
[2026-05-29T13:25:39.162+0000] {logging_mixin.py:190} INFO - [2026-05-29T13:25:39.162+0000] {dagbag.py:588} INFO - Filling up the DagBag from /opt/airflow/dags/user_processing.py
[2026-05-29T13:25:39.344+0000] {processor.py:925} INFO - DAG(s) 'user_processing' retrieved from /opt/airflow/dags/user_processing.py
[2026-05-29T13:25:39.363+0000] {logging_mixin.py:190} INFO - [2026-05-29T13:25:39.362+0000] {dag.py:3239} INFO - Sync 1 DAGs
[2026-05-29T13:25:39.379+0000] {logging_mixin.py:190} INFO - [2026-05-29T13:25:39.379+0000] {dag.py:4180} INFO - Setting next_dagrun for user_processing to 2026-05-29 00:00:00+00:00, run_after=2026-05-30 00:00:00+00:00
[2026-05-29T13:25:39.392+0000] {processor.py:208} INFO - Processing /opt/airflow/dags/user_processing.py took 0.237 seconds
[2026-05-29T13:26:09.810+0000] {processor.py:186} INFO - Started process (PID=23314) to work on /opt/airflow/dags/user_processing.py
[2026-05-29T13:26:09.811+0000] {processor.py:914} INFO - Processing file /opt/airflow/dags/user_processing.py for tasks to queue
[2026-05-29T13:26:09.812+0000] {logging_mixin.py:190} INFO - [2026-05-29T13:26:09.812+0000] {dagbag.py:588} INFO - Filling up the DagBag from /opt/airflow/dags/user_processing.py
[2026-05-29T13:26:09.999+0000] {processor.py:925} INFO - DAG(s) 'user_processing' retrieved from /opt/airflow/dags/user_processing.py
[2026-05-29T13:26:10.019+0000] {logging_mixin.py:190} INFO - [2026-05-29T13:26:10.018+0000] {dag.py:3239} INFO - Sync 1 DAGs
[2026-05-29T13:26:10.036+0000] {logging_mixin.py:190} INFO - [2026-05-29T13:26:10.036+0000] {dag.py:4180} INFO - Setting next_dagrun for user_processing to 2026-05-29 00:00:00+00:00, run_after=2026-05-30 00:00:00+00:00
[2026-05-29T13:26:10.049+0000] {processor.py:208} INFO - Processing /opt/airflow/dags/user_processing.py took 0.244 seconds
[2026-05-29T13:26:40.474+0000] {processor.py:186} INFO - Started process (PID=23330) to work on /opt/airflow/dags/user_processing.py
[2026-05-29T13:26:40.476+0000] {processor.py:914} INFO - Processing file /opt/airflow/dags/user_processing.py for tasks to queue
[2026-05-29T13:26:40.477+0000] {logging_mixin.py:190} INFO - [2026-05-29T13:26:40.477+0000] {dagbag.py:588} INFO - Filling up the DagBag from /opt/airflow/dags/user_processing.py
[2026-05-29T13:26:40.658+0000] {processor.py:925} INFO - DAG(s) 'user_processing' retrieved from /opt/airflow/dags/user_processing.py
[2026-05-29T13:26:40.677+0000] {logging_mixin.py:190} INFO - [2026-05-29T13:26:40.676+0000] {dag.py:3239} INFO - Sync 1 DAGs
[2026-05-29T13:26:40.694+0000] {logging_mixin.py:190} INFO - [2026-05-29T13:26:40.694+0000] {dag.py:4180} INFO - Setting next_dagrun for user_processing to 2026-05-29 00:00:00+00:00, run_after=2026-05-30 00:00:00+00:00
[2026-05-29T13:26:40.707+0000] {processor.py:208} INFO - Processing /opt/airflow/dags/user_processing.py took 0.238 seconds
[2026-05-29T13:27:11.007+0000] {processor.py:186} INFO - Started process (PID=23346) to work on /opt/airflow/dags/user_processing.py
[2026-05-29T13:27:11.011+0000] {processor.py:914} INFO - Processing file /opt/airflow/dags/user_processing.py for tasks to queue
[2026-05-29T13:27:11.012+0000] {logging_mixin.py:190} INFO - [2026-05-29T13:27:11.011+0000] {dagbag.py:588} INFO - Filling up the DagBag from /opt/airflow/dags/user_processing.py
[2026-05-29T13:27:11.282+0000] {processor.py:925} INFO - DAG(s) 'user_processing' retrieved from /opt/airflow/dags/user_processing.py
[2026-05-29T13:27:11.301+0000] {logging_mixin.py:190} INFO - [2026-05-29T13:27:11.300+0000] {dag.py:3239} INFO - Sync 1 DAGs
[2026-05-29T13:27:11.317+0000] {logging_mixin.py:190} INFO - [2026-05-29T13:27:11.317+0000] {dag.py:4180} INFO - Setting next_dagrun for user_processing to 2026-05-29 00:00:00+00:00, run_after=2026-05-30 00:00:00+00:00
[2026-05-29T13:27:11.329+0000] {processor.py:208} INFO - Processing /opt/airflow/dags/user_processing.py took 0.330 seconds
[2026-05-29T13:27:41.625+0000] {processor.py:186} INFO - Started process (PID=23362) to work on /opt/airflow/dags/user_processing.py
[2026-05-29T13:27:41.626+0000] {processor.py:914} INFO - Processing file /opt/airflow/dags/user_processing.py for tasks to queue
[2026-05-29T13:27:41.627+0000] {logging_mixin.py:190} INFO - [2026-05-29T13:27:41.627+0000] {dagbag.py:588} INFO - Filling up the DagBag from /opt/airflow/dags/user_processing.py
[2026-05-29T13:27:41.805+0000] {processor.py:925} INFO - DAG(s) 'user_processing' retrieved from /opt/airflow/dags/user_processing.py
[2026-05-29T13:27:41.824+0000] {logging_mixin.py:190} INFO - [2026-05-29T13:27:41.823+0000] {dag.py:3239} INFO - Sync 1 DAGs
[2026-05-29T13:27:41.840+0000] {logging_mixin.py:190} INFO - [2026-05-29T13:27:41.840+0000] {dag.py:4180} INFO - Setting next_dagrun for user_processing to 2026-05-29 00:00:00+00:00, run_after=2026-05-30 00:00:00+00:00
[2026-05-29T13:27:41.855+0000] {processor.py:208} INFO - Processing /opt/airflow/dags/user_processing.py took 0.234 seconds
[2026-05-29T13:28:12.238+0000] {processor.py:186} INFO - Started process (PID=23378) to work on /opt/airflow/dags/user_processing.py
[2026-05-29T13:28:12.238+0000] {processor.py:914} INFO - Processing file /opt/airflow/dags/user_processing.py for tasks to queue
[2026-05-29T13:28:12.239+0000] {logging_mixin.py:190} INFO - [2026-05-29T13:28:12.239+0000] {dagbag.py:588} INFO - Filling up the DagBag from /opt/airflow/dags/user_processing.py
[2026-05-29T13:28:12.435+0000] {processor.py:925} INFO - DAG(s) 'user_processing' retrieved from /opt/airflow/dags/user_processing.py
[2026-05-29T13:28:12.454+0000] {logging_mixin.py:190} INFO - [2026-05-29T13:28:12.453+0000] {dag.py:3239} INFO - Sync 1 DAGs
[2026-05-29T13:28:12.471+0000] {logging_mixin.py:190} INFO - [2026-05-29T13:28:12.471+0000] {dag.py:4180} INFO - Setting next_dagrun for user_processing to 2026-05-29 00:00:00+00:00, run_after=2026-05-30 00:00:00+00:00
[2026-05-29T13:28:12.484+0000] {processor.py:208} INFO - Processing /opt/airflow/dags/user_processing.py took 0.250 seconds
[2026-05-29T13:28:42.933+0000] {processor.py:186} INFO - Started process (PID=23394) to work on /opt/airflow/dags/user_processing.py
[2026-05-29T13:28:42.934+0000] {processor.py:914} INFO - Processing file /opt/airflow/dags/user_processing.py for tasks to queue
[2026-05-29T13:28:42.935+0000] {logging_mixin.py:190} INFO - [2026-05-29T13:28:42.934+0000] {dagbag.py:588} INFO - Filling up the DagBag from /opt/airflow/dags/user_processing.py
[2026-05-29T13:28:43.133+0000] {processor.py:925} INFO - DAG(s) 'user_processing' retrieved from /opt/airflow/dags/user_processing.py
[2026-05-29T13:28:43.154+0000] {logging_mixin.py:190} INFO - [2026-05-29T13:28:43.153+0000] {dag.py:3239} INFO - Sync 1 DAGs
[2026-05-29T13:28:43.171+0000] {logging_mixin.py:190} INFO - [2026-05-29T13:28:43.171+0000] {dag.py:4180} INFO - Setting next_dagrun for user_processing to 2026-05-29 00:00:00+00:00, run_after=2026-05-30 00:00:00+00:00
[2026-05-29T13:28:43.184+0000] {processor.py:208} INFO - Processing /opt/airflow/dags/user_processing.py took 0.256 seconds
[2026-05-29T13:29:13.628+0000] {processor.py:186} INFO - Started process (PID=23411) to work on /opt/airflow/dags/user_processing.py
[2026-05-29T13:29:13.633+0000] {processor.py:914} INFO - Processing file /opt/airflow/dags/user_processing.py for tasks to queue
[2026-05-29T13:29:13.634+0000] {logging_mixin.py:190} INFO - [2026-05-29T13:29:13.634+0000] {dagbag.py:588} INFO - Filling up the DagBag from /opt/airflow/dags/user_processing.py
[2026-05-29T13:29:13.894+0000] {processor.py:925} INFO - DAG(s) 'user_processing' retrieved from /opt/airflow/dags/user_processing.py
[2026-05-29T13:29:13.912+0000] {logging_mixin.py:190} INFO - [2026-05-29T13:29:13.912+0000] {dag.py:3239} INFO - Sync 1 DAGs
[2026-05-29T13:29:13.929+0000] {logging_mixin.py:190} INFO - [2026-05-29T13:29:13.929+0000] {dag.py:4180} INFO - Setting next_dagrun for user_processing to 2026-05-29 00:00:00+00:00, run_after=2026-05-30 00:00:00+00:00
[2026-05-29T13:29:13.940+0000] {processor.py:208} INFO - Processing /opt/airflow/dags/user_processing.py took 0.320 seconds
[2026-05-29T13:29:44.239+0000] {processor.py:186} INFO - Started process (PID=23427) to work on /opt/airflow/dags/user_processing.py
[2026-05-29T13:29:44.240+0000] {processor.py:914} INFO - Processing file /opt/airflow/dags/user_processing.py for tasks to queue
[2026-05-29T13:29:44.241+0000] {logging_mixin.py:190} INFO - [2026-05-29T13:29:44.241+0000] {dagbag.py:588} INFO - Filling up the DagBag from /opt/airflow/dags/user_processing.py
[2026-05-29T13:29:44.421+0000] {processor.py:925} INFO - DAG(s) 'user_processing' retrieved from /opt/airflow/dags/user_processing.py
[2026-05-29T13:29:44.443+0000] {logging_mixin.py:190} INFO - [2026-05-29T13:29:44.442+0000] {dag.py:3239} INFO - Sync 1 DAGs
[2026-05-29T13:29:44.459+0000] {logging_mixin.py:190} INFO - [2026-05-29T13:29:44.459+0000] {dag.py:4180} INFO - Setting next_dagrun for user_processing to 2026-05-29 00:00:00+00:00, run_after=2026-05-30 00:00:00+00:00
[2026-05-29T13:29:44.472+0000] {processor.py:208} INFO - Processing /opt/airflow/dags/user_processing.py took 0.238 seconds
[2026-05-29T13:30:14.915+0000] {processor.py:186} INFO - Started process (PID=23443) to work on /opt/airflow/dags/user_processing.py
[2026-05-29T13:30:14.916+0000] {processor.py:914} INFO - Processing file /opt/airflow/dags/user_processing.py for tasks to queue
[2026-05-29T13:30:14.917+0000] {logging_mixin.py:190} INFO - [2026-05-29T13:30:14.916+0000] {dagbag.py:588} INFO - Filling up the DagBag from /opt/airflow/dags/user_processing.py
[2026-05-29T13:30:15.109+0000] {processor.py:925} INFO - DAG(s) 'user_processing' retrieved from /opt/airflow/dags/user_processing.py
[2026-05-29T13:30:15.129+0000] {logging_mixin.py:190} INFO - [2026-05-29T13:30:15.129+0000] {dag.py:3239} INFO - Sync 1 DAGs
[2026-05-29T13:30:15.147+0000] {logging_mixin.py:190} INFO - [2026-05-29T13:30:15.147+0000] {dag.py:4180} INFO - Setting next_dagrun for user_processing to 2026-05-29 00:00:00+00:00, run_after=2026-05-30 00:00:00+00:00
[2026-05-29T13:30:15.161+0000] {processor.py:208} INFO - Processing /opt/airflow/dags/user_processing.py took 0.251 seconds
[2026-05-29T13:30:45.528+0000] {processor.py:186} INFO - Started process (PID=23460) to work on /opt/airflow/dags/user_processing.py
[2026-05-29T13:30:45.529+0000] {processor.py:914} INFO - Processing file /opt/airflow/dags/user_processing.py for tasks to queue
[2026-05-29T13:30:45.530+0000] {logging_mixin.py:190} INFO - [2026-05-29T13:30:45.530+0000] {dagbag.py:588} INFO - Filling up the DagBag from /opt/airflow/dags/user_processing.py
[2026-05-29T13:30:45.783+0000] {processor.py:925} INFO - DAG(s) 'user_processing' retrieved from /opt/airflow/dags/user_processing.py
[2026-05-29T13:30:45.813+0000] {logging_mixin.py:190} INFO - [2026-05-29T13:30:45.812+0000] {dag.py:3239} INFO - Sync 1 DAGs
[2026-05-29T13:30:45.843+0000] {logging_mixin.py:190} INFO - [2026-05-29T13:30:45.843+0000] {dag.py:4180} INFO - Setting next_dagrun for user_processing to 2026-05-29 00:00:00+00:00, run_after=2026-05-30 00:00:00+00:00
[2026-05-29T13:30:45.860+0000] {processor.py:208} INFO - Processing /opt/airflow/dags/user_processing.py took 0.336 seconds
[2026-05-29T13:31:16.106+0000] {processor.py:186} INFO - Started process (PID=23477) to work on /opt/airflow/dags/user_processing.py
[2026-05-29T13:31:16.107+0000] {processor.py:914} INFO - Processing file /opt/airflow/dags/user_processing.py for tasks to queue
[2026-05-29T13:31:16.108+0000] {logging_mixin.py:190} INFO - [2026-05-29T13:31:16.108+0000] {dagbag.py:588} INFO - Filling up the DagBag from /opt/airflow/dags/user_processing.py
[2026-05-29T13:31:16.297+0000] {processor.py:925} INFO - DAG(s) 'user_processing' retrieved from /opt/airflow/dags/user_processing.py
[2026-05-29T13:31:16.317+0000] {logging_mixin.py:190} INFO - [2026-05-29T13:31:16.317+0000] {dag.py:3239} INFO - Sync 1 DAGs
[2026-05-29T13:31:16.335+0000] {logging_mixin.py:190} INFO - [2026-05-29T13:31:16.335+0000] {dag.py:4180} INFO - Setting next_dagrun for user_processing to 2026-05-29 00:00:00+00:00, run_after=2026-05-30 00:00:00+00:00
[2026-05-29T13:31:16.348+0000] {processor.py:208} INFO - Processing /opt/airflow/dags/user_processing.py took 0.246 seconds
[2026-05-29T13:31:46.658+0000] {processor.py:186} INFO - Started process (PID=23493) to work on /opt/airflow/dags/user_processing.py
[2026-05-29T13:31:46.659+0000] {processor.py:914} INFO - Processing file /opt/airflow/dags/user_processing.py for tasks to queue
[2026-05-29T13:31:46.660+0000] {logging_mixin.py:190} INFO - [2026-05-29T13:31:46.660+0000] {dagbag.py:588} INFO - Filling up the DagBag from /opt/airflow/dags/user_processing.py
[2026-05-29T13:31:46.853+0000] {processor.py:925} INFO - DAG(s) 'user_processing' retrieved from /opt/airflow/dags/user_processing.py
[2026-05-29T13:31:46.872+0000] {logging_mixin.py:190} INFO - [2026-05-29T13:31:46.872+0000] {dag.py:3239} INFO - Sync 1 DAGs
[2026-05-29T13:31:46.889+0000] {logging_mixin.py:190} INFO - [2026-05-29T13:31:46.889+0000] {dag.py:4180} INFO - Setting next_dagrun for user_processing to 2026-05-29 00:00:00+00:00, run_after=2026-05-30 00:00:00+00:00
[2026-05-29T13:31:46.902+0000] {processor.py:208} INFO - Processing /opt/airflow/dags/user_processing.py took 0.249 seconds
[2026-05-29T13:32:17.243+0000] {processor.py:186} INFO - Started process (PID=23509) to work on /opt/airflow/dags/user_processing.py
[2026-05-29T13:32:17.244+0000] {processor.py:914} INFO - Processing file /opt/airflow/dags/user_processing.py for tasks to queue
[2026-05-29T13:32:17.245+0000] {logging_mixin.py:190} INFO - [2026-05-29T13:32:17.244+0000] {dagbag.py:588} INFO - Filling up the DagBag from /opt/airflow/dags/user_processing.py
[2026-05-29T13:32:17.429+0000] {processor.py:925} INFO - DAG(s) 'user_processing' retrieved from /opt/airflow/dags/user_processing.py
[2026-05-29T13:32:17.448+0000] {logging_mixin.py:190} INFO - [2026-05-29T13:32:17.447+0000] {dag.py:3239} INFO - Sync 1 DAGs
[2026-05-29T13:32:17.466+0000] {logging_mixin.py:190} INFO - [2026-05-29T13:32:17.465+0000] {dag.py:4180} INFO - Setting next_dagrun for user_processing to 2026-05-29 00:00:00+00:00, run_after=2026-05-30 00:00:00+00:00
[2026-05-29T13:32:17.479+0000] {processor.py:208} INFO - Processing /opt/airflow/dags/user_processing.py took 0.240 seconds
[2026-05-29T13:32:47.784+0000] {processor.py:186} INFO - Started process (PID=23525) to work on /opt/airflow/dags/user_processing.py
[2026-05-29T13:32:47.786+0000] {processor.py:914} INFO - Processing file /opt/airflow/dags/user_processing.py for tasks to queue
[2026-05-29T13:32:47.787+0000] {logging_mixin.py:190} INFO - [2026-05-29T13:32:47.786+0000] {dagbag.py:588} INFO - Filling up the DagBag from /opt/airflow/dags/user_processing.py
[2026-05-29T13:32:48.000+0000] {processor.py:925} INFO - DAG(s) 'user_processing' retrieved from /opt/airflow/dags/user_processing.py
[2026-05-29T13:32:48.020+0000] {logging_mixin.py:190} INFO - [2026-05-29T13:32:48.019+0000] {dag.py:3239} INFO - Sync 1 DAGs
[2026-05-29T13:32:48.037+0000] {logging_mixin.py:190} INFO - [2026-05-29T13:32:48.037+0000] {dag.py:4180} INFO - Setting next_dagrun for user_processing to 2026-05-29 00:00:00+00:00, run_after=2026-05-30 00:00:00+00:00
[2026-05-29T13:32:48.051+0000] {processor.py:208} INFO - Processing /opt/airflow/dags/user_processing.py took 0.272 seconds
[2026-05-29T13:33:18.375+0000] {processor.py:186} INFO - Started process (PID=23542) to work on /opt/airflow/dags/user_processing.py
[2026-05-29T13:33:18.376+0000] {processor.py:914} INFO - Processing file /opt/airflow/dags/user_processing.py for tasks to queue
[2026-05-29T13:33:18.377+0000] {logging_mixin.py:190} INFO - [2026-05-29T13:33:18.377+0000] {dagbag.py:588} INFO - Filling up the DagBag from /opt/airflow/dags/user_processing.py
[2026-05-29T13:33:18.563+0000] {processor.py:925} INFO - DAG(s) 'user_processing' retrieved from /opt/airflow/dags/user_processing.py
[2026-05-29T13:33:18.581+0000] {logging_mixin.py:190} INFO - [2026-05-29T13:33:18.581+0000] {dag.py:3239} INFO - Sync 1 DAGs
[2026-05-29T13:33:18.598+0000] {logging_mixin.py:190} INFO - [2026-05-29T13:33:18.598+0000] {dag.py:4180} INFO - Setting next_dagrun for user_processing to 2026-05-29 00:00:00+00:00, run_after=2026-05-30 00:00:00+00:00
[2026-05-29T13:33:18.612+0000] {processor.py:208} INFO - Processing /opt/airflow/dags/user_processing.py took 0.241 seconds
[2026-05-29T13:33:48.975+0000] {processor.py:186} INFO - Started process (PID=23559) to work on /opt/airflow/dags/user_processing.py
[2026-05-29T13:33:48.976+0000] {processor.py:914} INFO - Processing file /opt/airflow/dags/user_processing.py for tasks to queue
[2026-05-29T13:33:48.978+0000] {logging_mixin.py:190} INFO - [2026-05-29T13:33:48.977+0000] {dagbag.py:588} INFO - Filling up the DagBag from /opt/airflow/dags/user_processing.py
[2026-05-29T13:33:49.166+0000] {processor.py:925} INFO - DAG(s) 'user_processing' retrieved from /opt/airflow/dags/user_processing.py
[2026-05-29T13:33:49.185+0000] {logging_mixin.py:190} INFO - [2026-05-29T13:33:49.185+0000] {dag.py:3239} INFO - Sync 1 DAGs
[2026-05-29T13:33:49.203+0000] {logging_mixin.py:190} INFO - [2026-05-29T13:33:49.203+0000] {dag.py:4180} INFO - Setting next_dagrun for user_processing to 2026-05-29 00:00:00+00:00, run_after=2026-05-30 00:00:00+00:00
[2026-05-29T13:33:49.217+0000] {processor.py:208} INFO - Processing /opt/airflow/dags/user_processing.py took 0.251 seconds
[2026-05-29T13:34:19.585+0000] {processor.py:186} INFO - Started process (PID=23575) to work on /opt/airflow/dags/user_processing.py
[2026-05-29T13:34:19.586+0000] {processor.py:914} INFO - Processing file /opt/airflow/dags/user_processing.py for tasks to queue
[2026-05-29T13:34:19.587+0000] {logging_mixin.py:190} INFO - [2026-05-29T13:34:19.587+0000] {dagbag.py:588} INFO - Filling up the DagBag from /opt/airflow/dags/user_processing.py
[2026-05-29T13:34:19.772+0000] {processor.py:925} INFO - DAG(s) 'user_processing' retrieved from /opt/airflow/dags/user_processing.py
[2026-05-29T13:34:19.793+0000] {logging_mixin.py:190} INFO - [2026-05-29T13:34:19.792+0000] {dag.py:3239} INFO - Sync 1 DAGs
[2026-05-29T13:34:19.811+0000] {logging_mixin.py:190} INFO - [2026-05-29T13:34:19.810+0000] {dag.py:4180} INFO - Setting next_dagrun for user_processing to 2026-05-29 00:00:00+00:00, run_after=2026-05-30 00:00:00+00:00
[2026-05-29T13:34:19.824+0000] {processor.py:208} INFO - Processing /opt/airflow/dags/user_processing.py took 0.243 seconds
[2026-05-29T13:34:50.128+0000] {processor.py:186} INFO - Started process (PID=23591) to work on /opt/airflow/dags/user_processing.py
[2026-05-29T13:34:50.130+0000] {processor.py:914} INFO - Processing file /opt/airflow/dags/user_processing.py for tasks to queue
[2026-05-29T13:34:50.131+0000] {logging_mixin.py:190} INFO - [2026-05-29T13:34:50.131+0000] {dagbag.py:588} INFO - Filling up the DagBag from /opt/airflow/dags/user_processing.py
[2026-05-29T13:34:50.310+0000] {processor.py:925} INFO - DAG(s) 'user_processing' retrieved from /opt/airflow/dags/user_processing.py
[2026-05-29T13:34:50.330+0000] {logging_mixin.py:190} INFO - [2026-05-29T13:34:50.329+0000] {dag.py:3239} INFO - Sync 1 DAGs
[2026-05-29T13:34:50.347+0000] {logging_mixin.py:190} INFO - [2026-05-29T13:34:50.347+0000] {dag.py:4180} INFO - Setting next_dagrun for user_processing to 2026-05-29 00:00:00+00:00, run_after=2026-05-30 00:00:00+00:00
[2026-05-29T13:34:50.360+0000] {processor.py:208} INFO - Processing /opt/airflow/dags/user_processing.py took 0.236 seconds
[2026-05-29T13:35:20.740+0000] {processor.py:186} INFO - Started process (PID=23608) to work on /opt/airflow/dags/user_processing.py
[2026-05-29T13:35:20.741+0000] {processor.py:914} INFO - Processing file /opt/airflow/dags/user_processing.py for tasks to queue
[2026-05-29T13:35:20.742+0000] {logging_mixin.py:190} INFO - [2026-05-29T13:35:20.741+0000] {dagbag.py:588} INFO - Filling up the DagBag from /opt/airflow/dags/user_processing.py
[2026-05-29T13:35:20.919+0000] {processor.py:925} INFO - DAG(s) 'user_processing' retrieved from /opt/airflow/dags/user_processing.py
[2026-05-29T13:35:20.939+0000] {logging_mixin.py:190} INFO - [2026-05-29T13:35:20.938+0000] {dag.py:3239} INFO - Sync 1 DAGs
[2026-05-29T13:35:20.956+0000] {logging_mixin.py:190} INFO - [2026-05-29T13:35:20.955+0000] {dag.py:4180} INFO - Setting next_dagrun for user_processing to 2026-05-29 00:00:00+00:00, run_after=2026-05-30 00:00:00+00:00
[2026-05-29T13:35:20.969+0000] {processor.py:208} INFO - Processing /opt/airflow/dags/user_processing.py took 0.233 seconds
[2026-05-29T13:35:51.324+0000] {processor.py:186} INFO - Started process (PID=23625) to work on /opt/airflow/dags/user_processing.py
[2026-05-29T13:35:51.326+0000] {processor.py:914} INFO - Processing file /opt/airflow/dags/user_processing.py for tasks to queue
[2026-05-29T13:35:51.326+0000] {logging_mixin.py:190} INFO - [2026-05-29T13:35:51.326+0000] {dagbag.py:588} INFO - Filling up the DagBag from /opt/airflow/dags/user_processing.py
[2026-05-29T13:35:51.526+0000] {processor.py:925} INFO - DAG(s) 'user_processing' retrieved from /opt/airflow/dags/user_processing.py
[2026-05-29T13:35:51.546+0000] {logging_mixin.py:190} INFO - [2026-05-29T13:35:51.546+0000] {dag.py:3239} INFO - Sync 1 DAGs
[2026-05-29T13:35:51.563+0000] {logging_mixin.py:190} INFO - [2026-05-29T13:35:51.563+0000] {dag.py:4180} INFO - Setting next_dagrun for user_processing to 2026-05-29 00:00:00+00:00, run_after=2026-05-30 00:00:00+00:00
[2026-05-29T13:35:51.578+0000] {processor.py:208} INFO - Processing /opt/airflow/dags/user_processing.py took 0.258 seconds
[2026-05-29T13:36:21.923+0000] {processor.py:186} INFO - Started process (PID=23641) to work on /opt/airflow/dags/user_processing.py
[2026-05-29T13:36:21.924+0000] {processor.py:914} INFO - Processing file /opt/airflow/dags/user_processing.py for tasks to queue
[2026-05-29T13:36:21.925+0000] {logging_mixin.py:190} INFO - [2026-05-29T13:36:21.925+0000] {dagbag.py:588} INFO - Filling up the DagBag from /opt/airflow/dags/user_processing.py
[2026-05-29T13:36:22.118+0000] {processor.py:925} INFO - DAG(s) 'user_processing' retrieved from /opt/airflow/dags/user_processing.py
[2026-05-29T13:36:22.137+0000] {logging_mixin.py:190} INFO - [2026-05-29T13:36:22.137+0000] {dag.py:3239} INFO - Sync 1 DAGs
[2026-05-29T13:36:22.155+0000] {logging_mixin.py:190} INFO - [2026-05-29T13:36:22.155+0000] {dag.py:4180} INFO - Setting next_dagrun for user_processing to 2026-05-29 00:00:00+00:00, run_after=2026-05-30 00:00:00+00:00
[2026-05-29T13:36:22.169+0000] {processor.py:208} INFO - Processing /opt/airflow/dags/user_processing.py took 0.253 seconds
[2026-05-29T13:36:52.452+0000] {processor.py:186} INFO - Started process (PID=23657) to work on /opt/airflow/dags/user_processing.py
[2026-05-29T13:36:52.453+0000] {processor.py:914} INFO - Processing file /opt/airflow/dags/user_processing.py for tasks to queue
[2026-05-29T13:36:52.454+0000] {logging_mixin.py:190} INFO - [2026-05-29T13:36:52.454+0000] {dagbag.py:588} INFO - Filling up the DagBag from /opt/airflow/dags/user_processing.py
[2026-05-29T13:36:52.675+0000] {processor.py:925} INFO - DAG(s) 'user_processing' retrieved from /opt/airflow/dags/user_processing.py
[2026-05-29T13:36:52.693+0000] {logging_mixin.py:190} INFO - [2026-05-29T13:36:52.692+0000] {dag.py:3239} INFO - Sync 1 DAGs
[2026-05-29T13:36:52.710+0000] {logging_mixin.py:190} INFO - [2026-05-29T13:36:52.710+0000] {dag.py:4180} INFO - Setting next_dagrun for user_processing to 2026-05-29 00:00:00+00:00, run_after=2026-05-30 00:00:00+00:00
[2026-05-29T13:36:52.723+0000] {processor.py:208} INFO - Processing /opt/airflow/dags/user_processing.py took 0.275 seconds
[2026-05-29T13:37:23.039+0000] {processor.py:186} INFO - Started process (PID=23673) to work on /opt/airflow/dags/user_processing.py
[2026-05-29T13:37:23.040+0000] {processor.py:914} INFO - Processing file /opt/airflow/dags/user_processing.py for tasks to queue
[2026-05-29T13:37:23.042+0000] {logging_mixin.py:190} INFO - [2026-05-29T13:37:23.041+0000] {dagbag.py:588} INFO - Filling up the DagBag from /opt/airflow/dags/user_processing.py
[2026-05-29T13:37:23.225+0000] {processor.py:925} INFO - DAG(s) 'user_processing' retrieved from /opt/airflow/dags/user_processing.py
[2026-05-29T13:37:23.242+0000] {logging_mixin.py:190} INFO - [2026-05-29T13:37:23.242+0000] {dag.py:3239} INFO - Sync 1 DAGs
[2026-05-29T13:37:23.258+0000] {logging_mixin.py:190} INFO - [2026-05-29T13:37:23.258+0000] {dag.py:4180} INFO - Setting next_dagrun for user_processing to 2026-05-29 00:00:00+00:00, run_after=2026-05-30 00:00:00+00:00
[2026-05-29T13:37:23.271+0000] {processor.py:208} INFO - Processing /opt/airflow/dags/user_processing.py took 0.238 seconds
[2026-05-29T13:37:53.615+0000] {processor.py:186} INFO - Started process (PID=23690) to work on /opt/airflow/dags/user_processing.py
[2026-05-29T13:37:53.617+0000] {processor.py:914} INFO - Processing file /opt/airflow/dags/user_processing.py for tasks to queue
[2026-05-29T13:37:53.619+0000] {logging_mixin.py:190} INFO - [2026-05-29T13:37:53.619+0000] {dagbag.py:588} INFO - Filling up the DagBag from /opt/airflow/dags/user_processing.py
[2026-05-29T13:37:53.819+0000] {processor.py:925} INFO - DAG(s) 'user_processing' retrieved from /opt/airflow/dags/user_processing.py
[2026-05-29T13:37:53.838+0000] {logging_mixin.py:190} INFO - [2026-05-29T13:37:53.837+0000] {dag.py:3239} INFO - Sync 1 DAGs
[2026-05-29T13:37:53.854+0000] {logging_mixin.py:190} INFO - [2026-05-29T13:37:53.854+0000] {dag.py:4180} INFO - Setting next_dagrun for user_processing to 2026-05-29 00:00:00+00:00, run_after=2026-05-30 00:00:00+00:00
[2026-05-29T13:37:53.868+0000] {processor.py:208} INFO - Processing /opt/airflow/dags/user_processing.py took 0.261 seconds
[2026-05-29T13:38:24.553+0000] {processor.py:186} INFO - Started process (PID=23706) to work on /opt/airflow/dags/user_processing.py
[2026-05-29T13:38:24.554+0000] {processor.py:914} INFO - Processing file /opt/airflow/dags/user_processing.py for tasks to queue
[2026-05-29T13:38:24.555+0000] {logging_mixin.py:190} INFO - [2026-05-29T13:38:24.555+0000] {dagbag.py:588} INFO - Filling up the DagBag from /opt/airflow/dags/user_processing.py
[2026-05-29T13:38:24.735+0000] {processor.py:925} INFO - DAG(s) 'user_processing' retrieved from /opt/airflow/dags/user_processing.py
[2026-05-29T13:38:24.753+0000] {logging_mixin.py:190} INFO - [2026-05-29T13:38:24.753+0000] {dag.py:3239} INFO - Sync 1 DAGs
[2026-05-29T13:38:24.771+0000] {logging_mixin.py:190} INFO - [2026-05-29T13:38:24.771+0000] {dag.py:4180} INFO - Setting next_dagrun for user_processing to 2026-05-29 00:00:00+00:00, run_after=2026-05-30 00:00:00+00:00
[2026-05-29T13:38:24.784+0000] {processor.py:208} INFO - Processing /opt/airflow/dags/user_processing.py took 0.235 seconds
[2026-05-29T13:38:55.297+0000] {processor.py:186} INFO - Started process (PID=23723) to work on /opt/airflow/dags/user_processing.py
[2026-05-29T13:38:55.309+0000] {processor.py:914} INFO - Processing file /opt/airflow/dags/user_processing.py for tasks to queue
[2026-05-29T13:38:55.310+0000] {logging_mixin.py:190} INFO - [2026-05-29T13:38:55.309+0000] {dagbag.py:588} INFO - Filling up the DagBag from /opt/airflow/dags/user_processing.py
[2026-05-29T13:38:55.568+0000] {processor.py:925} INFO - DAG(s) 'user_processing' retrieved from /opt/airflow/dags/user_processing.py
[2026-05-29T13:38:55.591+0000] {logging_mixin.py:190} INFO - [2026-05-29T13:38:55.590+0000] {dag.py:3239} INFO - Sync 1 DAGs
[2026-05-29T13:38:55.608+0000] {logging_mixin.py:190} INFO - [2026-05-29T13:38:55.608+0000] {dag.py:4180} INFO - Setting next_dagrun for user_processing to 2026-05-29 00:00:00+00:00, run_after=2026-05-30 00:00:00+00:00
[2026-05-29T13:38:55.626+0000] {processor.py:208} INFO - Processing /opt/airflow/dags/user_processing.py took 0.337 seconds
[2026-05-29T13:39:25.948+0000] {processor.py:186} INFO - Started process (PID=23740) to work on /opt/airflow/dags/user_processing.py
[2026-05-29T13:39:25.950+0000] {processor.py:914} INFO - Processing file /opt/airflow/dags/user_processing.py for tasks to queue
[2026-05-29T13:39:25.951+0000] {logging_mixin.py:190} INFO - [2026-05-29T13:39:25.951+0000] {dagbag.py:588} INFO - Filling up the DagBag from /opt/airflow/dags/user_processing.py
[2026-05-29T13:39:26.207+0000] {processor.py:925} INFO - DAG(s) 'user_processing' retrieved from /opt/airflow/dags/user_processing.py
[2026-05-29T13:39:26.224+0000] {logging_mixin.py:190} INFO - [2026-05-29T13:39:26.223+0000] {dag.py:3239} INFO - Sync 1 DAGs
[2026-05-29T13:39:26.242+0000] {logging_mixin.py:190} INFO - [2026-05-29T13:39:26.242+0000] {dag.py:4180} INFO - Setting next_dagrun for user_processing to 2026-05-29 00:00:00+00:00, run_after=2026-05-30 00:00:00+00:00
[2026-05-29T13:39:26.254+0000] {processor.py:208} INFO - Processing /opt/airflow/dags/user_processing.py took 0.316 seconds
[2026-05-29T13:39:56.602+0000] {processor.py:186} INFO - Started process (PID=23757) to work on /opt/airflow/dags/user_processing.py
[2026-05-29T13:39:56.610+0000] {processor.py:914} INFO - Processing file /opt/airflow/dags/user_processing.py for tasks to queue
[2026-05-29T13:39:56.611+0000] {logging_mixin.py:190} INFO - [2026-05-29T13:39:56.611+0000] {dagbag.py:588} INFO - Filling up the DagBag from /opt/airflow/dags/user_processing.py
[2026-05-29T13:39:56.791+0000] {processor.py:925} INFO - DAG(s) 'user_processing' retrieved from /opt/airflow/dags/user_processing.py
[2026-05-29T13:39:56.810+0000] {logging_mixin.py:190} INFO - [2026-05-29T13:39:56.809+0000] {dag.py:3239} INFO - Sync 1 DAGs
[2026-05-29T13:39:56.827+0000] {logging_mixin.py:190} INFO - [2026-05-29T13:39:56.827+0000] {dag.py:4180} INFO - Setting next_dagrun for user_processing to 2026-05-29 00:00:00+00:00, run_after=2026-05-30 00:00:00+00:00
[2026-05-29T13:39:56.841+0000] {processor.py:208} INFO - Processing /opt/airflow/dags/user_processing.py took 0.243 seconds
[2026-05-29T13:40:27.152+0000] {processor.py:186} INFO - Started process (PID=23773) to work on /opt/airflow/dags/user_processing.py
[2026-05-29T13:40:27.152+0000] {processor.py:914} INFO - Processing file /opt/airflow/dags/user_processing.py for tasks to queue
[2026-05-29T13:40:27.153+0000] {logging_mixin.py:190} INFO - [2026-05-29T13:40:27.153+0000] {dagbag.py:588} INFO - Filling up the DagBag from /opt/airflow/dags/user_processing.py
[2026-05-29T13:40:27.336+0000] {processor.py:925} INFO - DAG(s) 'user_processing' retrieved from /opt/airflow/dags/user_processing.py
[2026-05-29T13:40:27.357+0000] {logging_mixin.py:190} INFO - [2026-05-29T13:40:27.356+0000] {dag.py:3239} INFO - Sync 1 DAGs
[2026-05-29T13:40:27.377+0000] {logging_mixin.py:190} INFO - [2026-05-29T13:40:27.377+0000] {dag.py:4180} INFO - Setting next_dagrun for user_processing to 2026-05-29 00:00:00+00:00, run_after=2026-05-30 00:00:00+00:00
[2026-05-29T13:40:27.391+0000] {processor.py:208} INFO - Processing /opt/airflow/dags/user_processing.py took 0.244 seconds
[2026-05-29T13:40:57.773+0000] {processor.py:186} INFO - Started process (PID=23789) to work on /opt/airflow/dags/user_processing.py
[2026-05-29T13:40:57.776+0000] {processor.py:914} INFO - Processing file /opt/airflow/dags/user_processing.py for tasks to queue
[2026-05-29T13:40:57.777+0000] {logging_mixin.py:190} INFO - [2026-05-29T13:40:57.777+0000] {dagbag.py:588} INFO - Filling up the DagBag from /opt/airflow/dags/user_processing.py
[2026-05-29T13:40:57.962+0000] {processor.py:925} INFO - DAG(s) 'user_processing' retrieved from /opt/airflow/dags/user_processing.py
[2026-05-29T13:40:57.980+0000] {logging_mixin.py:190} INFO - [2026-05-29T13:40:57.979+0000] {dag.py:3239} INFO - Sync 1 DAGs
[2026-05-29T13:40:57.995+0000] {logging_mixin.py:190} INFO - [2026-05-29T13:40:57.995+0000] {dag.py:4180} INFO - Setting next_dagrun for user_processing to 2026-05-29 00:00:00+00:00, run_after=2026-05-30 00:00:00+00:00
[2026-05-29T13:40:58.008+0000] {processor.py:208} INFO - Processing /opt/airflow/dags/user_processing.py took 0.243 seconds
[2026-05-29T13:41:28.403+0000] {processor.py:186} INFO - Started process (PID=23806) to work on /opt/airflow/dags/user_processing.py
[2026-05-29T13:41:28.403+0000] {processor.py:914} INFO - Processing file /opt/airflow/dags/user_processing.py for tasks to queue
[2026-05-29T13:41:28.404+0000] {logging_mixin.py:190} INFO - [2026-05-29T13:41:28.404+0000] {dagbag.py:588} INFO - Filling up the DagBag from /opt/airflow/dags/user_processing.py
[2026-05-29T13:41:28.581+0000] {processor.py:925} INFO - DAG(s) 'user_processing' retrieved from /opt/airflow/dags/user_processing.py
[2026-05-29T13:41:28.601+0000] {logging_mixin.py:190} INFO - [2026-05-29T13:41:28.600+0000] {dag.py:3239} INFO - Sync 1 DAGs
[2026-05-29T13:41:28.619+0000] {logging_mixin.py:190} INFO - [2026-05-29T13:41:28.619+0000] {dag.py:4180} INFO - Setting next_dagrun for user_processing to 2026-05-29 00:00:00+00:00, run_after=2026-05-30 00:00:00+00:00
[2026-05-29T13:41:28.632+0000] {processor.py:208} INFO - Processing /opt/airflow/dags/user_processing.py took 0.233 seconds
[2026-05-29T13:41:58.935+0000] {processor.py:186} INFO - Started process (PID=23822) to work on /opt/airflow/dags/user_processing.py
[2026-05-29T13:41:58.937+0000] {processor.py:914} INFO - Processing file /opt/airflow/dags/user_processing.py for tasks to queue
[2026-05-29T13:41:58.938+0000] {logging_mixin.py:190} INFO - [2026-05-29T13:41:58.938+0000] {dagbag.py:588} INFO - Filling up the DagBag from /opt/airflow/dags/user_processing.py
[2026-05-29T13:41:59.131+0000] {processor.py:925} INFO - DAG(s) 'user_processing' retrieved from /opt/airflow/dags/user_processing.py
[2026-05-29T13:41:59.151+0000] {logging_mixin.py:190} INFO - [2026-05-29T13:41:59.150+0000] {dag.py:3239} INFO - Sync 1 DAGs
[2026-05-29T13:41:59.169+0000] {logging_mixin.py:190} INFO - [2026-05-29T13:41:59.169+0000] {dag.py:4180} INFO - Setting next_dagrun for user_processing to 2026-05-29 00:00:00+00:00, run_after=2026-05-30 00:00:00+00:00
[2026-05-29T13:41:59.184+0000] {processor.py:208} INFO - Processing /opt/airflow/dags/user_processing.py took 0.253 seconds
[2026-05-29T13:42:29.790+0000] {processor.py:186} INFO - Started process (PID=23844) to work on /opt/airflow/dags/user_processing.py
[2026-05-29T13:42:29.791+0000] {processor.py:914} INFO - Processing file /opt/airflow/dags/user_processing.py for tasks to queue
[2026-05-29T13:42:29.791+0000] {logging_mixin.py:190} INFO - [2026-05-29T13:42:29.791+0000] {dagbag.py:588} INFO - Filling up the DagBag from /opt/airflow/dags/user_processing.py
[2026-05-29T13:42:29.999+0000] {processor.py:925} INFO - DAG(s) 'user_processing' retrieved from /opt/airflow/dags/user_processing.py
[2026-05-29T13:42:30.020+0000] {logging_mixin.py:190} INFO - [2026-05-29T13:42:30.020+0000] {dag.py:3239} INFO - Sync 1 DAGs
[2026-05-29T13:42:30.040+0000] {logging_mixin.py:190} INFO - [2026-05-29T13:42:30.040+0000] {dag.py:4180} INFO - Setting next_dagrun for user_processing to 2026-05-29 00:00:00+00:00, run_after=2026-05-30 00:00:00+00:00
[2026-05-29T13:42:30.061+0000] {processor.py:208} INFO - Processing /opt/airflow/dags/user_processing.py took 0.276 seconds
[2026-05-29T13:43:00.769+0000] {processor.py:186} INFO - Started process (PID=23861) to work on /opt/airflow/dags/user_processing.py
[2026-05-29T13:43:00.771+0000] {processor.py:914} INFO - Processing file /opt/airflow/dags/user_processing.py for tasks to queue
[2026-05-29T13:43:00.772+0000] {logging_mixin.py:190} INFO - [2026-05-29T13:43:00.772+0000] {dagbag.py:588} INFO - Filling up the DagBag from /opt/airflow/dags/user_processing.py
[2026-05-29T13:43:00.959+0000] {processor.py:925} INFO - DAG(s) 'user_processing' retrieved from /opt/airflow/dags/user_processing.py
[2026-05-29T13:43:00.978+0000] {logging_mixin.py:190} INFO - [2026-05-29T13:43:00.977+0000] {dag.py:3239} INFO - Sync 1 DAGs
[2026-05-29T13:43:00.995+0000] {logging_mixin.py:190} INFO - [2026-05-29T13:43:00.995+0000] {dag.py:4180} INFO - Setting next_dagrun for user_processing to 2026-05-29 00:00:00+00:00, run_after=2026-05-30 00:00:00+00:00
[2026-05-29T13:43:01.008+0000] {processor.py:208} INFO - Processing /opt/airflow/dags/user_processing.py took 0.243 seconds
[2026-05-29T13:43:31.283+0000] {processor.py:186} INFO - Started process (PID=23877) to work on /opt/airflow/dags/user_processing.py
[2026-05-29T13:43:31.286+0000] {processor.py:914} INFO - Processing file /opt/airflow/dags/user_processing.py for tasks to queue
[2026-05-29T13:43:31.290+0000] {logging_mixin.py:190} INFO - [2026-05-29T13:43:31.289+0000] {dagbag.py:588} INFO - Filling up the DagBag from /opt/airflow/dags/user_processing.py
[2026-05-29T13:43:31.605+0000] {processor.py:925} INFO - DAG(s) 'user_processing' retrieved from /opt/airflow/dags/user_processing.py
[2026-05-29T13:43:31.624+0000] {logging_mixin.py:190} INFO - [2026-05-29T13:43:31.623+0000] {dag.py:3239} INFO - Sync 1 DAGs
[2026-05-29T13:43:31.641+0000] {logging_mixin.py:190} INFO - [2026-05-29T13:43:31.641+0000] {dag.py:4180} INFO - Setting next_dagrun for user_processing to 2026-05-29 00:00:00+00:00, run_after=2026-05-30 00:00:00+00:00
[2026-05-29T13:43:31.653+0000] {processor.py:208} INFO - Processing /opt/airflow/dags/user_processing.py took 0.380 seconds
[2026-05-29T13:44:01.918+0000] {processor.py:186} INFO - Started process (PID=23893) to work on /opt/airflow/dags/user_processing.py
[2026-05-29T13:44:01.920+0000] {processor.py:914} INFO - Processing file /opt/airflow/dags/user_processing.py for tasks to queue
[2026-05-29T13:44:01.921+0000] {logging_mixin.py:190} INFO - [2026-05-29T13:44:01.921+0000] {dagbag.py:588} INFO - Filling up the DagBag from /opt/airflow/dags/user_processing.py
[2026-05-29T13:44:02.140+0000] {processor.py:925} INFO - DAG(s) 'user_processing' retrieved from /opt/airflow/dags/user_processing.py
[2026-05-29T13:44:02.159+0000] {logging_mixin.py:190} INFO - [2026-05-29T13:44:02.158+0000] {dag.py:3239} INFO - Sync 1 DAGs
[2026-05-29T13:44:02.175+0000] {logging_mixin.py:190} INFO - [2026-05-29T13:44:02.175+0000] {dag.py:4180} INFO - Setting next_dagrun for user_processing to 2026-05-29 00:00:00+00:00, run_after=2026-05-30 00:00:00+00:00
[2026-05-29T13:44:02.188+0000] {processor.py:208} INFO - Processing /opt/airflow/dags/user_processing.py took 0.274 seconds
[2026-05-29T13:44:32.465+0000] {processor.py:186} INFO - Started process (PID=23909) to work on /opt/airflow/dags/user_processing.py
[2026-05-29T13:44:32.466+0000] {processor.py:914} INFO - Processing file /opt/airflow/dags/user_processing.py for tasks to queue
[2026-05-29T13:44:32.467+0000] {logging_mixin.py:190} INFO - [2026-05-29T13:44:32.467+0000] {dagbag.py:588} INFO - Filling up the DagBag from /opt/airflow/dags/user_processing.py
[2026-05-29T13:44:32.647+0000] {processor.py:925} INFO - DAG(s) 'user_processing' retrieved from /opt/airflow/dags/user_processing.py
[2026-05-29T13:44:32.665+0000] {logging_mixin.py:190} INFO - [2026-05-29T13:44:32.665+0000] {dag.py:3239} INFO - Sync 1 DAGs
[2026-05-29T13:44:32.682+0000] {logging_mixin.py:190} INFO - [2026-05-29T13:44:32.682+0000] {dag.py:4180} INFO - Setting next_dagrun for user_processing to 2026-05-29 00:00:00+00:00, run_after=2026-05-30 00:00:00+00:00
[2026-05-29T13:44:32.695+0000] {processor.py:208} INFO - Processing /opt/airflow/dags/user_processing.py took 0.234 seconds
[2026-05-29T13:45:02.995+0000] {processor.py:186} INFO - Started process (PID=23926) to work on /opt/airflow/dags/user_processing.py
[2026-05-29T13:45:02.997+0000] {processor.py:914} INFO - Processing file /opt/airflow/dags/user_processing.py for tasks to queue
[2026-05-29T13:45:02.998+0000] {logging_mixin.py:190} INFO - [2026-05-29T13:45:02.998+0000] {dagbag.py:588} INFO - Filling up the DagBag from /opt/airflow/dags/user_processing.py
[2026-05-29T13:45:03.195+0000] {processor.py:925} INFO - DAG(s) 'user_processing' retrieved from /opt/airflow/dags/user_processing.py
[2026-05-29T13:45:03.214+0000] {logging_mixin.py:190} INFO - [2026-05-29T13:45:03.213+0000] {dag.py:3239} INFO - Sync 1 DAGs
[2026-05-29T13:45:03.232+0000] {logging_mixin.py:190} INFO - [2026-05-29T13:45:03.231+0000] {dag.py:4180} INFO - Setting next_dagrun for user_processing to 2026-05-29 00:00:00+00:00, run_after=2026-05-30 00:00:00+00:00
[2026-05-29T13:45:03.248+0000] {processor.py:208} INFO - Processing /opt/airflow/dags/user_processing.py took 0.257 seconds
[2026-05-29T13:45:33.516+0000] {processor.py:186} INFO - Started process (PID=23942) to work on /opt/airflow/dags/user_processing.py
[2026-05-29T13:45:33.516+0000] {processor.py:914} INFO - Processing file /opt/airflow/dags/user_processing.py for tasks to queue
[2026-05-29T13:45:33.518+0000] {logging_mixin.py:190} INFO - [2026-05-29T13:45:33.517+0000] {dagbag.py:588} INFO - Filling up the DagBag from /opt/airflow/dags/user_processing.py
[2026-05-29T13:45:33.705+0000] {processor.py:925} INFO - DAG(s) 'user_processing' retrieved from /opt/airflow/dags/user_processing.py
[2026-05-29T13:45:33.724+0000] {logging_mixin.py:190} INFO - [2026-05-29T13:45:33.724+0000] {dag.py:3239} INFO - Sync 1 DAGs
[2026-05-29T13:45:33.742+0000] {logging_mixin.py:190} INFO - [2026-05-29T13:45:33.741+0000] {dag.py:4180} INFO - Setting next_dagrun for user_processing to 2026-05-29 00:00:00+00:00, run_after=2026-05-30 00:00:00+00:00
[2026-05-29T13:45:33.755+0000] {processor.py:208} INFO - Processing /opt/airflow/dags/user_processing.py took 0.244 seconds
[2026-05-29T13:46:04.052+0000] {processor.py:186} INFO - Started process (PID=23958) to work on /opt/airflow/dags/user_processing.py
[2026-05-29T13:46:04.054+0000] {processor.py:914} INFO - Processing file /opt/airflow/dags/user_processing.py for tasks to queue
[2026-05-29T13:46:04.055+0000] {logging_mixin.py:190} INFO - [2026-05-29T13:46:04.055+0000] {dagbag.py:588} INFO - Filling up the DagBag from /opt/airflow/dags/user_processing.py
[2026-05-29T13:46:04.237+0000] {processor.py:925} INFO - DAG(s) 'user_processing' retrieved from /opt/airflow/dags/user_processing.py
[2026-05-29T13:46:04.255+0000] {logging_mixin.py:190} INFO - [2026-05-29T13:46:04.255+0000] {dag.py:3239} INFO - Sync 1 DAGs
[2026-05-29T13:46:04.271+0000] {logging_mixin.py:190} INFO - [2026-05-29T13:46:04.271+0000] {dag.py:4180} INFO - Setting next_dagrun for user_processing to 2026-05-29 00:00:00+00:00, run_after=2026-05-30 00:00:00+00:00
[2026-05-29T13:46:04.285+0000] {processor.py:208} INFO - Processing /opt/airflow/dags/user_processing.py took 0.236 seconds
[2026-05-29T13:46:34.651+0000] {processor.py:186} INFO - Started process (PID=23975) to work on /opt/airflow/dags/user_processing.py
[2026-05-29T13:46:34.653+0000] {processor.py:914} INFO - Processing file /opt/airflow/dags/user_processing.py for tasks to queue
[2026-05-29T13:46:34.654+0000] {logging_mixin.py:190} INFO - [2026-05-29T13:46:34.654+0000] {dagbag.py:588} INFO - Filling up the DagBag from /opt/airflow/dags/user_processing.py
[2026-05-29T13:46:34.844+0000] {processor.py:925} INFO - DAG(s) 'user_processing' retrieved from /opt/airflow/dags/user_processing.py
[2026-05-29T13:46:34.862+0000] {logging_mixin.py:190} INFO - [2026-05-29T13:46:34.862+0000] {dag.py:3239} INFO - Sync 1 DAGs
[2026-05-29T13:46:34.879+0000] {logging_mixin.py:190} INFO - [2026-05-29T13:46:34.879+0000] {dag.py:4180} INFO - Setting next_dagrun for user_processing to 2026-05-29 00:00:00+00:00, run_after=2026-05-30 00:00:00+00:00
[2026-05-29T13:46:34.893+0000] {processor.py:208} INFO - Processing /opt/airflow/dags/user_processing.py took 0.245 seconds
[2026-05-29T13:47:05.216+0000] {processor.py:186} INFO - Started process (PID=23991) to work on /opt/airflow/dags/user_processing.py
[2026-05-29T13:47:05.221+0000] {processor.py:914} INFO - Processing file /opt/airflow/dags/user_processing.py for tasks to queue
[2026-05-29T13:47:05.222+0000] {logging_mixin.py:190} INFO - [2026-05-29T13:47:05.221+0000] {dagbag.py:588} INFO - Filling up the DagBag from /opt/airflow/dags/user_processing.py
[2026-05-29T13:47:05.429+0000] {processor.py:925} INFO - DAG(s) 'user_processing' retrieved from /opt/airflow/dags/user_processing.py
[2026-05-29T13:47:05.447+0000] {logging_mixin.py:190} INFO - [2026-05-29T13:47:05.446+0000] {dag.py:3239} INFO - Sync 1 DAGs
[2026-05-29T13:47:05.462+0000] {logging_mixin.py:190} INFO - [2026-05-29T13:47:05.462+0000] {dag.py:4180} INFO - Setting next_dagrun for user_processing to 2026-05-29 00:00:00+00:00, run_after=2026-05-30 00:00:00+00:00
[2026-05-29T13:47:05.474+0000] {processor.py:208} INFO - Processing /opt/airflow/dags/user_processing.py took 0.270 seconds
[2026-05-29T13:47:35.804+0000] {processor.py:186} INFO - Started process (PID=24008) to work on /opt/airflow/dags/user_processing.py
[2026-05-29T13:47:35.806+0000] {processor.py:914} INFO - Processing file /opt/airflow/dags/user_processing.py for tasks to queue
[2026-05-29T13:47:35.807+0000] {logging_mixin.py:190} INFO - [2026-05-29T13:47:35.807+0000] {dagbag.py:588} INFO - Filling up the DagBag from /opt/airflow/dags/user_processing.py
[2026-05-29T13:47:35.997+0000] {processor.py:925} INFO - DAG(s) 'user_processing' retrieved from /opt/airflow/dags/user_processing.py
[2026-05-29T13:47:36.016+0000] {logging_mixin.py:190} INFO - [2026-05-29T13:47:36.016+0000] {dag.py:3239} INFO - Sync 1 DAGs
[2026-05-29T13:47:36.034+0000] {logging_mixin.py:190} INFO - [2026-05-29T13:47:36.033+0000] {dag.py:4180} INFO - Setting next_dagrun for user_processing to 2026-05-29 00:00:00+00:00, run_after=2026-05-30 00:00:00+00:00
[2026-05-29T13:47:36.047+0000] {processor.py:208} INFO - Processing /opt/airflow/dags/user_processing.py took 0.247 seconds
[2026-05-29T13:48:06.352+0000] {processor.py:186} INFO - Started process (PID=24023) to work on /opt/airflow/dags/user_processing.py
[2026-05-29T13:48:06.353+0000] {processor.py:914} INFO - Processing file /opt/airflow/dags/user_processing.py for tasks to queue
[2026-05-29T13:48:06.354+0000] {logging_mixin.py:190} INFO - [2026-05-29T13:48:06.354+0000] {dagbag.py:588} INFO - Filling up the DagBag from /opt/airflow/dags/user_processing.py
[2026-05-29T13:48:06.533+0000] {processor.py:925} INFO - DAG(s) 'user_processing' retrieved from /opt/airflow/dags/user_processing.py
[2026-05-29T13:48:06.552+0000] {logging_mixin.py:190} INFO - [2026-05-29T13:48:06.552+0000] {dag.py:3239} INFO - Sync 1 DAGs
[2026-05-29T13:48:06.569+0000] {logging_mixin.py:190} INFO - [2026-05-29T13:48:06.569+0000] {dag.py:4180} INFO - Setting next_dagrun for user_processing to 2026-05-29 00:00:00+00:00, run_after=2026-05-30 00:00:00+00:00
[2026-05-29T13:48:06.583+0000] {processor.py:208} INFO - Processing /opt/airflow/dags/user_processing.py took 0.234 seconds
[2026-05-29T13:48:36.944+0000] {processor.py:186} INFO - Started process (PID=24040) to work on /opt/airflow/dags/user_processing.py
[2026-05-29T13:48:36.944+0000] {processor.py:914} INFO - Processing file /opt/airflow/dags/user_processing.py for tasks to queue
[2026-05-29T13:48:36.945+0000] {logging_mixin.py:190} INFO - [2026-05-29T13:48:36.945+0000] {dagbag.py:588} INFO - Filling up the DagBag from /opt/airflow/dags/user_processing.py
[2026-05-29T13:48:37.123+0000] {processor.py:925} INFO - DAG(s) 'user_processing' retrieved from /opt/airflow/dags/user_processing.py
[2026-05-29T13:48:37.143+0000] {logging_mixin.py:190} INFO - [2026-05-29T13:48:37.143+0000] {dag.py:3239} INFO - Sync 1 DAGs
[2026-05-29T13:48:37.160+0000] {logging_mixin.py:190} INFO - [2026-05-29T13:48:37.160+0000] {dag.py:4180} INFO - Setting next_dagrun for user_processing to 2026-05-29 00:00:00+00:00, run_after=2026-05-30 00:00:00+00:00
[2026-05-29T13:48:37.173+0000] {processor.py:208} INFO - Processing /opt/airflow/dags/user_processing.py took 0.234 seconds
[2026-05-29T13:49:07.467+0000] {processor.py:186} INFO - Started process (PID=24057) to work on /opt/airflow/dags/user_processing.py
[2026-05-29T13:49:07.468+0000] {processor.py:914} INFO - Processing file /opt/airflow/dags/user_processing.py for tasks to queue
[2026-05-29T13:49:07.469+0000] {logging_mixin.py:190} INFO - [2026-05-29T13:49:07.469+0000] {dagbag.py:588} INFO - Filling up the DagBag from /opt/airflow/dags/user_processing.py
[2026-05-29T13:49:07.661+0000] {processor.py:925} INFO - DAG(s) 'user_processing' retrieved from /opt/airflow/dags/user_processing.py
[2026-05-29T13:49:07.680+0000] {logging_mixin.py:190} INFO - [2026-05-29T13:49:07.679+0000] {dag.py:3239} INFO - Sync 1 DAGs
[2026-05-29T13:49:07.697+0000] {logging_mixin.py:190} INFO - [2026-05-29T13:49:07.697+0000] {dag.py:4180} INFO - Setting next_dagrun for user_processing to 2026-05-29 00:00:00+00:00, run_after=2026-05-30 00:00:00+00:00
[2026-05-29T13:49:07.711+0000] {processor.py:208} INFO - Processing /opt/airflow/dags/user_processing.py took 0.248 seconds
[2026-05-29T13:49:38.026+0000] {processor.py:186} INFO - Started process (PID=24074) to work on /opt/airflow/dags/user_processing.py
[2026-05-29T13:49:38.027+0000] {processor.py:914} INFO - Processing file /opt/airflow/dags/user_processing.py for tasks to queue
[2026-05-29T13:49:38.028+0000] {logging_mixin.py:190} INFO - [2026-05-29T13:49:38.028+0000] {dagbag.py:588} INFO - Filling up the DagBag from /opt/airflow/dags/user_processing.py
[2026-05-29T13:49:38.209+0000] {processor.py:925} INFO - DAG(s) 'user_processing' retrieved from /opt/airflow/dags/user_processing.py
[2026-05-29T13:49:38.227+0000] {logging_mixin.py:190} INFO - [2026-05-29T13:49:38.227+0000] {dag.py:3239} INFO - Sync 1 DAGs
[2026-05-29T13:49:38.244+0000] {logging_mixin.py:190} INFO - [2026-05-29T13:49:38.243+0000] {dag.py:4180} INFO - Setting next_dagrun for user_processing to 2026-05-29 00:00:00+00:00, run_after=2026-05-30 00:00:00+00:00
[2026-05-29T13:49:38.256+0000] {processor.py:208} INFO - Processing /opt/airflow/dags/user_processing.py took 0.238 seconds
[2026-05-29T13:50:08.645+0000] {processor.py:186} INFO - Started process (PID=24091) to work on /opt/airflow/dags/user_processing.py
[2026-05-29T13:50:08.653+0000] {processor.py:914} INFO - Processing file /opt/airflow/dags/user_processing.py for tasks to queue
[2026-05-29T13:50:08.656+0000] {logging_mixin.py:190} INFO - [2026-05-29T13:50:08.655+0000] {dagbag.py:588} INFO - Filling up the DagBag from /opt/airflow/dags/user_processing.py
[2026-05-29T13:50:08.836+0000] {processor.py:925} INFO - DAG(s) 'user_processing' retrieved from /opt/airflow/dags/user_processing.py
[2026-05-29T13:50:08.853+0000] {logging_mixin.py:190} INFO - [2026-05-29T13:50:08.852+0000] {dag.py:3239} INFO - Sync 1 DAGs
[2026-05-29T13:50:08.868+0000] {logging_mixin.py:190} INFO - [2026-05-29T13:50:08.868+0000] {dag.py:4180} INFO - Setting next_dagrun for user_processing to 2026-05-29 00:00:00+00:00, run_after=2026-05-30 00:00:00+00:00
[2026-05-29T13:50:08.881+0000] {processor.py:208} INFO - Processing /opt/airflow/dags/user_processing.py took 0.244 seconds
[2026-05-29T13:50:39.302+0000] {processor.py:186} INFO - Started process (PID=24106) to work on /opt/airflow/dags/user_processing.py
[2026-05-29T13:50:39.302+0000] {processor.py:914} INFO - Processing file /opt/airflow/dags/user_processing.py for tasks to queue
[2026-05-29T13:50:39.303+0000] {logging_mixin.py:190} INFO - [2026-05-29T13:50:39.303+0000] {dagbag.py:588} INFO - Filling up the DagBag from /opt/airflow/dags/user_processing.py
[2026-05-29T13:50:39.505+0000] {processor.py:925} INFO - DAG(s) 'user_processing' retrieved from /opt/airflow/dags/user_processing.py
[2026-05-29T13:50:39.524+0000] {logging_mixin.py:190} INFO - [2026-05-29T13:50:39.524+0000] {dag.py:3239} INFO - Sync 1 DAGs
[2026-05-29T13:50:39.541+0000] {logging_mixin.py:190} INFO - [2026-05-29T13:50:39.541+0000] {dag.py:4180} INFO - Setting next_dagrun for user_processing to 2026-05-29 00:00:00+00:00, run_after=2026-05-30 00:00:00+00:00
[2026-05-29T13:50:39.554+0000] {processor.py:208} INFO - Processing /opt/airflow/dags/user_processing.py took 0.258 seconds
[2026-05-29T13:51:10.047+0000] {processor.py:186} INFO - Started process (PID=24123) to work on /opt/airflow/dags/user_processing.py
[2026-05-29T13:51:10.050+0000] {processor.py:914} INFO - Processing file /opt/airflow/dags/user_processing.py for tasks to queue
[2026-05-29T13:51:10.051+0000] {logging_mixin.py:190} INFO - [2026-05-29T13:51:10.051+0000] {dagbag.py:588} INFO - Filling up the DagBag from /opt/airflow/dags/user_processing.py
[2026-05-29T13:51:10.240+0000] {processor.py:925} INFO - DAG(s) 'user_processing' retrieved from /opt/airflow/dags/user_processing.py
[2026-05-29T13:51:10.259+0000] {logging_mixin.py:190} INFO - [2026-05-29T13:51:10.259+0000] {dag.py:3239} INFO - Sync 1 DAGs
[2026-05-29T13:51:10.276+0000] {logging_mixin.py:190} INFO - [2026-05-29T13:51:10.276+0000] {dag.py:4180} INFO - Setting next_dagrun for user_processing to 2026-05-29 00:00:00+00:00, run_after=2026-05-30 00:00:00+00:00
[2026-05-29T13:51:10.289+0000] {processor.py:208} INFO - Processing /opt/airflow/dags/user_processing.py took 0.246 seconds
[2026-05-29T13:51:40.641+0000] {processor.py:186} INFO - Started process (PID=24139) to work on /opt/airflow/dags/user_processing.py
[2026-05-29T13:51:40.644+0000] {processor.py:914} INFO - Processing file /opt/airflow/dags/user_processing.py for tasks to queue
[2026-05-29T13:51:40.646+0000] {logging_mixin.py:190} INFO - [2026-05-29T13:51:40.645+0000] {dagbag.py:588} INFO - Filling up the DagBag from /opt/airflow/dags/user_processing.py
[2026-05-29T13:51:40.899+0000] {processor.py:925} INFO - DAG(s) 'user_processing' retrieved from /opt/airflow/dags/user_processing.py
[2026-05-29T13:51:40.916+0000] {logging_mixin.py:190} INFO - [2026-05-29T13:51:40.916+0000] {dag.py:3239} INFO - Sync 1 DAGs
[2026-05-29T13:51:40.933+0000] {logging_mixin.py:190} INFO - [2026-05-29T13:51:40.933+0000] {dag.py:4180} INFO - Setting next_dagrun for user_processing to 2026-05-29 00:00:00+00:00, run_after=2026-05-30 00:00:00+00:00
[2026-05-29T13:51:40.945+0000] {processor.py:208} INFO - Processing /opt/airflow/dags/user_processing.py took 0.311 seconds
[2026-05-29T13:52:11.328+0000] {processor.py:186} INFO - Started process (PID=24155) to work on /opt/airflow/dags/user_processing.py
[2026-05-29T13:52:11.330+0000] {processor.py:914} INFO - Processing file /opt/airflow/dags/user_processing.py for tasks to queue
[2026-05-29T13:52:11.331+0000] {logging_mixin.py:190} INFO - [2026-05-29T13:52:11.330+0000] {dagbag.py:588} INFO - Filling up the DagBag from /opt/airflow/dags/user_processing.py
[2026-05-29T13:52:11.509+0000] {processor.py:925} INFO - DAG(s) 'user_processing' retrieved from /opt/airflow/dags/user_processing.py
[2026-05-29T13:52:11.528+0000] {logging_mixin.py:190} INFO - [2026-05-29T13:52:11.527+0000] {dag.py:3239} INFO - Sync 1 DAGs
[2026-05-29T13:52:11.544+0000] {logging_mixin.py:190} INFO - [2026-05-29T13:52:11.544+0000] {dag.py:4180} INFO - Setting next_dagrun for user_processing to 2026-05-29 00:00:00+00:00, run_after=2026-05-30 00:00:00+00:00
[2026-05-29T13:52:11.558+0000] {processor.py:208} INFO - Processing /opt/airflow/dags/user_processing.py took 0.234 seconds
[2026-05-29T13:52:41.915+0000] {processor.py:186} INFO - Started process (PID=24172) to work on /opt/airflow/dags/user_processing.py
[2026-05-29T13:52:41.916+0000] {processor.py:914} INFO - Processing file /opt/airflow/dags/user_processing.py for tasks to queue
[2026-05-29T13:52:41.917+0000] {logging_mixin.py:190} INFO - [2026-05-29T13:52:41.917+0000] {dagbag.py:588} INFO - Filling up the DagBag from /opt/airflow/dags/user_processing.py
[2026-05-29T13:52:42.094+0000] {processor.py:925} INFO - DAG(s) 'user_processing' retrieved from /opt/airflow/dags/user_processing.py
[2026-05-29T13:52:42.113+0000] {logging_mixin.py:190} INFO - [2026-05-29T13:52:42.113+0000] {dag.py:3239} INFO - Sync 1 DAGs
[2026-05-29T13:52:42.130+0000] {logging_mixin.py:190} INFO - [2026-05-29T13:52:42.130+0000] {dag.py:4180} INFO - Setting next_dagrun for user_processing to 2026-05-29 00:00:00+00:00, run_after=2026-05-30 00:00:00+00:00
[2026-05-29T13:52:42.143+0000] {processor.py:208} INFO - Processing /opt/airflow/dags/user_processing.py took 0.232 seconds
[2026-05-29T13:53:12.463+0000] {processor.py:186} INFO - Started process (PID=24188) to work on /opt/airflow/dags/user_processing.py
[2026-05-29T13:53:12.465+0000] {processor.py:914} INFO - Processing file /opt/airflow/dags/user_processing.py for tasks to queue
[2026-05-29T13:53:12.465+0000] {logging_mixin.py:190} INFO - [2026-05-29T13:53:12.465+0000] {dagbag.py:588} INFO - Filling up the DagBag from /opt/airflow/dags/user_processing.py
[2026-05-29T13:53:12.651+0000] {processor.py:925} INFO - DAG(s) 'user_processing' retrieved from /opt/airflow/dags/user_processing.py
[2026-05-29T13:53:12.669+0000] {logging_mixin.py:190} INFO - [2026-05-29T13:53:12.668+0000] {dag.py:3239} INFO - Sync 1 DAGs
[2026-05-29T13:53:12.685+0000] {logging_mixin.py:190} INFO - [2026-05-29T13:53:12.685+0000] {dag.py:4180} INFO - Setting next_dagrun for user_processing to 2026-05-29 00:00:00+00:00, run_after=2026-05-30 00:00:00+00:00
[2026-05-29T13:53:12.697+0000] {processor.py:208} INFO - Processing /opt/airflow/dags/user_processing.py took 0.238 seconds
[2026-05-29T13:53:43.027+0000] {processor.py:186} INFO - Started process (PID=24205) to work on /opt/airflow/dags/user_processing.py
[2026-05-29T13:53:43.027+0000] {processor.py:914} INFO - Processing file /opt/airflow/dags/user_processing.py for tasks to queue
[2026-05-29T13:53:43.028+0000] {logging_mixin.py:190} INFO - [2026-05-29T13:53:43.028+0000] {dagbag.py:588} INFO - Filling up the DagBag from /opt/airflow/dags/user_processing.py
[2026-05-29T13:53:43.208+0000] {processor.py:925} INFO - DAG(s) 'user_processing' retrieved from /opt/airflow/dags/user_processing.py
[2026-05-29T13:53:43.226+0000] {logging_mixin.py:190} INFO - [2026-05-29T13:53:43.226+0000] {dag.py:3239} INFO - Sync 1 DAGs
[2026-05-29T13:53:43.244+0000] {logging_mixin.py:190} INFO - [2026-05-29T13:53:43.244+0000] {dag.py:4180} INFO - Setting next_dagrun for user_processing to 2026-05-29 00:00:00+00:00, run_after=2026-05-30 00:00:00+00:00
[2026-05-29T13:53:43.257+0000] {processor.py:208} INFO - Processing /opt/airflow/dags/user_processing.py took 0.234 seconds
[2026-05-29T13:54:13.548+0000] {processor.py:186} INFO - Started process (PID=24220) to work on /opt/airflow/dags/user_processing.py
[2026-05-29T13:54:13.549+0000] {processor.py:914} INFO - Processing file /opt/airflow/dags/user_processing.py for tasks to queue
[2026-05-29T13:54:13.550+0000] {logging_mixin.py:190} INFO - [2026-05-29T13:54:13.550+0000] {dagbag.py:588} INFO - Filling up the DagBag from /opt/airflow/dags/user_processing.py
[2026-05-29T13:54:13.742+0000] {processor.py:925} INFO - DAG(s) 'user_processing' retrieved from /opt/airflow/dags/user_processing.py
[2026-05-29T13:54:13.762+0000] {logging_mixin.py:190} INFO - [2026-05-29T13:54:13.761+0000] {dag.py:3239} INFO - Sync 1 DAGs
[2026-05-29T13:54:13.778+0000] {logging_mixin.py:190} INFO - [2026-05-29T13:54:13.778+0000] {dag.py:4180} INFO - Setting next_dagrun for user_processing to 2026-05-29 00:00:00+00:00, run_after=2026-05-30 00:00:00+00:00
[2026-05-29T13:54:13.792+0000] {processor.py:208} INFO - Processing /opt/airflow/dags/user_processing.py took 0.249 seconds
[2026-05-29T13:54:44.154+0000] {processor.py:186} INFO - Started process (PID=24236) to work on /opt/airflow/dags/user_processing.py
[2026-05-29T13:54:44.154+0000] {processor.py:914} INFO - Processing file /opt/airflow/dags/user_processing.py for tasks to queue
[2026-05-29T13:54:44.155+0000] {logging_mixin.py:190} INFO - [2026-05-29T13:54:44.155+0000] {dagbag.py:588} INFO - Filling up the DagBag from /opt/airflow/dags/user_processing.py
[2026-05-29T13:54:44.344+0000] {processor.py:925} INFO - DAG(s) 'user_processing' retrieved from /opt/airflow/dags/user_processing.py
[2026-05-29T13:54:44.362+0000] {logging_mixin.py:190} INFO - [2026-05-29T13:54:44.361+0000] {dag.py:3239} INFO - Sync 1 DAGs
[2026-05-29T13:54:44.379+0000] {logging_mixin.py:190} INFO - [2026-05-29T13:54:44.379+0000] {dag.py:4180} INFO - Setting next_dagrun for user_processing to 2026-05-29 00:00:00+00:00, run_after=2026-05-30 00:00:00+00:00
[2026-05-29T13:54:44.391+0000] {processor.py:208} INFO - Processing /opt/airflow/dags/user_processing.py took 0.242 seconds
[2026-05-29T13:55:14.707+0000] {processor.py:186} INFO - Started process (PID=24253) to work on /opt/airflow/dags/user_processing.py
[2026-05-29T13:55:14.709+0000] {processor.py:914} INFO - Processing file /opt/airflow/dags/user_processing.py for tasks to queue
[2026-05-29T13:55:14.709+0000] {logging_mixin.py:190} INFO - [2026-05-29T13:55:14.709+0000] {dagbag.py:588} INFO - Filling up the DagBag from /opt/airflow/dags/user_processing.py
[2026-05-29T13:55:14.889+0000] {processor.py:925} INFO - DAG(s) 'user_processing' retrieved from /opt/airflow/dags/user_processing.py
[2026-05-29T13:55:14.910+0000] {logging_mixin.py:190} INFO - [2026-05-29T13:55:14.909+0000] {dag.py:3239} INFO - Sync 1 DAGs
[2026-05-29T13:55:14.927+0000] {logging_mixin.py:190} INFO - [2026-05-29T13:55:14.927+0000] {dag.py:4180} INFO - Setting next_dagrun for user_processing to 2026-05-29 00:00:00+00:00, run_after=2026-05-30 00:00:00+00:00
[2026-05-29T13:55:14.941+0000] {processor.py:208} INFO - Processing /opt/airflow/dags/user_processing.py took 0.239 seconds
[2026-05-29T13:55:45.293+0000] {processor.py:186} INFO - Started process (PID=24269) to work on /opt/airflow/dags/user_processing.py
[2026-05-29T13:55:45.294+0000] {processor.py:914} INFO - Processing file /opt/airflow/dags/user_processing.py for tasks to queue
[2026-05-29T13:55:45.295+0000] {logging_mixin.py:190} INFO - [2026-05-29T13:55:45.294+0000] {dagbag.py:588} INFO - Filling up the DagBag from /opt/airflow/dags/user_processing.py
[2026-05-29T13:55:45.473+0000] {processor.py:925} INFO - DAG(s) 'user_processing' retrieved from /opt/airflow/dags/user_processing.py
[2026-05-29T13:55:45.492+0000] {logging_mixin.py:190} INFO - [2026-05-29T13:55:45.491+0000] {dag.py:3239} INFO - Sync 1 DAGs
[2026-05-29T13:55:45.509+0000] {logging_mixin.py:190} INFO - [2026-05-29T13:55:45.509+0000] {dag.py:4180} INFO - Setting next_dagrun for user_processing to 2026-05-29 00:00:00+00:00, run_after=2026-05-30 00:00:00+00:00
[2026-05-29T13:55:45.522+0000] {processor.py:208} INFO - Processing /opt/airflow/dags/user_processing.py took 0.233 seconds
[2026-05-29T13:56:15.869+0000] {processor.py:186} INFO - Started process (PID=24284) to work on /opt/airflow/dags/user_processing.py
[2026-05-29T13:56:15.870+0000] {processor.py:914} INFO - Processing file /opt/airflow/dags/user_processing.py for tasks to queue
[2026-05-29T13:56:15.871+0000] {logging_mixin.py:190} INFO - [2026-05-29T13:56:15.871+0000] {dagbag.py:588} INFO - Filling up the DagBag from /opt/airflow/dags/user_processing.py
[2026-05-29T13:56:16.079+0000] {processor.py:925} INFO - DAG(s) 'user_processing' retrieved from /opt/airflow/dags/user_processing.py
[2026-05-29T13:56:16.097+0000] {logging_mixin.py:190} INFO - [2026-05-29T13:56:16.097+0000] {dag.py:3239} INFO - Sync 1 DAGs
[2026-05-29T13:56:16.114+0000] {logging_mixin.py:190} INFO - [2026-05-29T13:56:16.114+0000] {dag.py:4180} INFO - Setting next_dagrun for user_processing to 2026-05-29 00:00:00+00:00, run_after=2026-05-30 00:00:00+00:00
[2026-05-29T13:56:16.128+0000] {processor.py:208} INFO - Processing /opt/airflow/dags/user_processing.py took 0.264 seconds
[2026-05-29T13:56:46.463+0000] {processor.py:186} INFO - Started process (PID=24300) to work on /opt/airflow/dags/user_processing.py
[2026-05-29T13:56:46.464+0000] {processor.py:914} INFO - Processing file /opt/airflow/dags/user_processing.py for tasks to queue
[2026-05-29T13:56:46.466+0000] {logging_mixin.py:190} INFO - [2026-05-29T13:56:46.466+0000] {dagbag.py:588} INFO - Filling up the DagBag from /opt/airflow/dags/user_processing.py
[2026-05-29T13:56:46.656+0000] {processor.py:925} INFO - DAG(s) 'user_processing' retrieved from /opt/airflow/dags/user_processing.py
[2026-05-29T13:56:46.674+0000] {logging_mixin.py:190} INFO - [2026-05-29T13:56:46.673+0000] {dag.py:3239} INFO - Sync 1 DAGs
[2026-05-29T13:56:46.690+0000] {logging_mixin.py:190} INFO - [2026-05-29T13:56:46.690+0000] {dag.py:4180} INFO - Setting next_dagrun for user_processing to 2026-05-29 00:00:00+00:00, run_after=2026-05-30 00:00:00+00:00
[2026-05-29T13:56:46.702+0000] {processor.py:208} INFO - Processing /opt/airflow/dags/user_processing.py took 0.246 seconds
[2026-05-29T13:57:17.141+0000] {processor.py:186} INFO - Started process (PID=24316) to work on /opt/airflow/dags/user_processing.py
[2026-05-29T13:57:17.142+0000] {processor.py:914} INFO - Processing file /opt/airflow/dags/user_processing.py for tasks to queue
[2026-05-29T13:57:17.144+0000] {logging_mixin.py:190} INFO - [2026-05-29T13:57:17.143+0000] {dagbag.py:588} INFO - Filling up the DagBag from /opt/airflow/dags/user_processing.py
[2026-05-29T13:57:17.321+0000] {processor.py:925} INFO - DAG(s) 'user_processing' retrieved from /opt/airflow/dags/user_processing.py
[2026-05-29T13:57:17.340+0000] {logging_mixin.py:190} INFO - [2026-05-29T13:57:17.340+0000] {dag.py:3239} INFO - Sync 1 DAGs
[2026-05-29T13:57:17.357+0000] {logging_mixin.py:190} INFO - [2026-05-29T13:57:17.357+0000] {dag.py:4180} INFO - Setting next_dagrun for user_processing to 2026-05-29 00:00:00+00:00, run_after=2026-05-30 00:00:00+00:00
[2026-05-29T13:57:17.369+0000] {processor.py:208} INFO - Processing /opt/airflow/dags/user_processing.py took 0.233 seconds
[2026-05-29T13:57:47.951+0000] {processor.py:186} INFO - Started process (PID=24331) to work on /opt/airflow/dags/user_processing.py
[2026-05-29T13:57:47.951+0000] {processor.py:914} INFO - Processing file /opt/airflow/dags/user_processing.py for tasks to queue
[2026-05-29T13:57:47.952+0000] {logging_mixin.py:190} INFO - [2026-05-29T13:57:47.952+0000] {dagbag.py:588} INFO - Filling up the DagBag from /opt/airflow/dags/user_processing.py
[2026-05-29T13:57:48.131+0000] {processor.py:925} INFO - DAG(s) 'user_processing' retrieved from /opt/airflow/dags/user_processing.py
[2026-05-29T13:57:48.150+0000] {logging_mixin.py:190} INFO - [2026-05-29T13:57:48.150+0000] {dag.py:3239} INFO - Sync 1 DAGs
[2026-05-29T13:57:48.167+0000] {logging_mixin.py:190} INFO - [2026-05-29T13:57:48.167+0000] {dag.py:4180} INFO - Setting next_dagrun for user_processing to 2026-05-29 00:00:00+00:00, run_after=2026-05-30 00:00:00+00:00
[2026-05-29T13:57:48.179+0000] {processor.py:208} INFO - Processing /opt/airflow/dags/user_processing.py took 0.233 seconds
[2026-05-29T13:58:18.648+0000] {processor.py:186} INFO - Started process (PID=24348) to work on /opt/airflow/dags/user_processing.py
[2026-05-29T13:58:18.650+0000] {processor.py:914} INFO - Processing file /opt/airflow/dags/user_processing.py for tasks to queue
[2026-05-29T13:58:18.653+0000] {logging_mixin.py:190} INFO - [2026-05-29T13:58:18.653+0000] {dagbag.py:588} INFO - Filling up the DagBag from /opt/airflow/dags/user_processing.py
[2026-05-29T13:58:18.923+0000] {processor.py:925} INFO - DAG(s) 'user_processing' retrieved from /opt/airflow/dags/user_processing.py
[2026-05-29T13:58:18.941+0000] {logging_mixin.py:190} INFO - [2026-05-29T13:58:18.941+0000] {dag.py:3239} INFO - Sync 1 DAGs
[2026-05-29T13:58:18.958+0000] {logging_mixin.py:190} INFO - [2026-05-29T13:58:18.958+0000] {dag.py:4180} INFO - Setting next_dagrun for user_processing to 2026-05-29 00:00:00+00:00, run_after=2026-05-30 00:00:00+00:00
[2026-05-29T13:58:18.972+0000] {processor.py:208} INFO - Processing /opt/airflow/dags/user_processing.py took 0.331 seconds
[2026-05-29T13:58:49.253+0000] {processor.py:186} INFO - Started process (PID=24364) to work on /opt/airflow/dags/user_processing.py
[2026-05-29T13:58:49.257+0000] {processor.py:914} INFO - Processing file /opt/airflow/dags/user_processing.py for tasks to queue
[2026-05-29T13:58:49.258+0000] {logging_mixin.py:190} INFO - [2026-05-29T13:58:49.257+0000] {dagbag.py:588} INFO - Filling up the DagBag from /opt/airflow/dags/user_processing.py
[2026-05-29T13:58:49.521+0000] {processor.py:925} INFO - DAG(s) 'user_processing' retrieved from /opt/airflow/dags/user_processing.py
[2026-05-29T13:58:49.540+0000] {logging_mixin.py:190} INFO - [2026-05-29T13:58:49.539+0000] {dag.py:3239} INFO - Sync 1 DAGs
[2026-05-29T13:58:49.558+0000] {logging_mixin.py:190} INFO - [2026-05-29T13:58:49.558+0000] {dag.py:4180} INFO - Setting next_dagrun for user_processing to 2026-05-29 00:00:00+00:00, run_after=2026-05-30 00:00:00+00:00
[2026-05-29T13:58:49.572+0000] {processor.py:208} INFO - Processing /opt/airflow/dags/user_processing.py took 0.326 seconds
[2026-05-29T13:59:19.911+0000] {processor.py:186} INFO - Started process (PID=24380) to work on /opt/airflow/dags/user_processing.py
[2026-05-29T13:59:19.913+0000] {processor.py:914} INFO - Processing file /opt/airflow/dags/user_processing.py for tasks to queue
[2026-05-29T13:59:19.914+0000] {logging_mixin.py:190} INFO - [2026-05-29T13:59:19.914+0000] {dagbag.py:588} INFO - Filling up the DagBag from /opt/airflow/dags/user_processing.py
[2026-05-29T13:59:20.095+0000] {processor.py:925} INFO - DAG(s) 'user_processing' retrieved from /opt/airflow/dags/user_processing.py
[2026-05-29T13:59:20.115+0000] {logging_mixin.py:190} INFO - [2026-05-29T13:59:20.114+0000] {dag.py:3239} INFO - Sync 1 DAGs
[2026-05-29T13:59:20.132+0000] {logging_mixin.py:190} INFO - [2026-05-29T13:59:20.132+0000] {dag.py:4180} INFO - Setting next_dagrun for user_processing to 2026-05-29 00:00:00+00:00, run_after=2026-05-30 00:00:00+00:00
[2026-05-29T13:59:20.145+0000] {processor.py:208} INFO - Processing /opt/airflow/dags/user_processing.py took 0.238 seconds
[2026-05-29T13:59:50.457+0000] {processor.py:186} INFO - Started process (PID=24396) to work on /opt/airflow/dags/user_processing.py
[2026-05-29T13:59:50.458+0000] {processor.py:914} INFO - Processing file /opt/airflow/dags/user_processing.py for tasks to queue
[2026-05-29T13:59:50.460+0000] {logging_mixin.py:190} INFO - [2026-05-29T13:59:50.459+0000] {dagbag.py:588} INFO - Filling up the DagBag from /opt/airflow/dags/user_processing.py
[2026-05-29T13:59:50.644+0000] {processor.py:925} INFO - DAG(s) 'user_processing' retrieved from /opt/airflow/dags/user_processing.py
[2026-05-29T13:59:50.662+0000] {logging_mixin.py:190} INFO - [2026-05-29T13:59:50.662+0000] {dag.py:3239} INFO - Sync 1 DAGs
[2026-05-29T13:59:50.680+0000] {logging_mixin.py:190} INFO - [2026-05-29T13:59:50.679+0000] {dag.py:4180} INFO - Setting next_dagrun for user_processing to 2026-05-29 00:00:00+00:00, run_after=2026-05-30 00:00:00+00:00
[2026-05-29T13:59:50.692+0000] {processor.py:208} INFO - Processing /opt/airflow/dags/user_processing.py took 0.245 seconds
[2026-05-29T14:00:21.069+0000] {processor.py:186} INFO - Started process (PID=24412) to work on /opt/airflow/dags/user_processing.py
[2026-05-29T14:00:21.070+0000] {processor.py:914} INFO - Processing file /opt/airflow/dags/user_processing.py for tasks to queue
[2026-05-29T14:00:21.071+0000] {logging_mixin.py:190} INFO - [2026-05-29T14:00:21.071+0000] {dagbag.py:588} INFO - Filling up the DagBag from /opt/airflow/dags/user_processing.py
[2026-05-29T14:00:21.252+0000] {processor.py:925} INFO - DAG(s) 'user_processing' retrieved from /opt/airflow/dags/user_processing.py
[2026-05-29T14:00:21.269+0000] {logging_mixin.py:190} INFO - [2026-05-29T14:00:21.269+0000] {dag.py:3239} INFO - Sync 1 DAGs
[2026-05-29T14:00:21.284+0000] {logging_mixin.py:190} INFO - [2026-05-29T14:00:21.284+0000] {dag.py:4180} INFO - Setting next_dagrun for user_processing to 2026-05-29 00:00:00+00:00, run_after=2026-05-30 00:00:00+00:00
[2026-05-29T14:00:21.297+0000] {processor.py:208} INFO - Processing /opt/airflow/dags/user_processing.py took 0.233 seconds
[2026-05-29T14:00:51.623+0000] {processor.py:186} INFO - Started process (PID=24428) to work on /opt/airflow/dags/user_processing.py
[2026-05-29T14:00:51.624+0000] {processor.py:914} INFO - Processing file /opt/airflow/dags/user_processing.py for tasks to queue
[2026-05-29T14:00:51.624+0000] {logging_mixin.py:190} INFO - [2026-05-29T14:00:51.624+0000] {dagbag.py:588} INFO - Filling up the DagBag from /opt/airflow/dags/user_processing.py
[2026-05-29T14:00:51.814+0000] {processor.py:925} INFO - DAG(s) 'user_processing' retrieved from /opt/airflow/dags/user_processing.py
[2026-05-29T14:00:51.832+0000] {logging_mixin.py:190} INFO - [2026-05-29T14:00:51.832+0000] {dag.py:3239} INFO - Sync 1 DAGs
[2026-05-29T14:00:51.849+0000] {logging_mixin.py:190} INFO - [2026-05-29T14:00:51.849+0000] {dag.py:4180} INFO - Setting next_dagrun for user_processing to 2026-05-29 00:00:00+00:00, run_after=2026-05-30 00:00:00+00:00
[2026-05-29T14:00:51.861+0000] {processor.py:208} INFO - Processing /opt/airflow/dags/user_processing.py took 0.245 seconds
[2026-05-29T14:01:22.175+0000] {processor.py:186} INFO - Started process (PID=24443) to work on /opt/airflow/dags/user_processing.py
[2026-05-29T14:01:22.176+0000] {processor.py:914} INFO - Processing file /opt/airflow/dags/user_processing.py for tasks to queue
[2026-05-29T14:01:22.177+0000] {logging_mixin.py:190} INFO - [2026-05-29T14:01:22.177+0000] {dagbag.py:588} INFO - Filling up the DagBag from /opt/airflow/dags/user_processing.py
[2026-05-29T14:01:22.354+0000] {processor.py:925} INFO - DAG(s) 'user_processing' retrieved from /opt/airflow/dags/user_processing.py
[2026-05-29T14:01:22.372+0000] {logging_mixin.py:190} INFO - [2026-05-29T14:01:22.371+0000] {dag.py:3239} INFO - Sync 1 DAGs
[2026-05-29T14:01:22.388+0000] {logging_mixin.py:190} INFO - [2026-05-29T14:01:22.388+0000] {dag.py:4180} INFO - Setting next_dagrun for user_processing to 2026-05-29 00:00:00+00:00, run_after=2026-05-30 00:00:00+00:00
[2026-05-29T14:01:22.400+0000] {processor.py:208} INFO - Processing /opt/airflow/dags/user_processing.py took 0.230 seconds
[2026-05-29T14:01:52.787+0000] {processor.py:186} INFO - Started process (PID=24459) to work on /opt/airflow/dags/user_processing.py
[2026-05-29T14:01:52.788+0000] {processor.py:914} INFO - Processing file /opt/airflow/dags/user_processing.py for tasks to queue
[2026-05-29T14:01:52.789+0000] {logging_mixin.py:190} INFO - [2026-05-29T14:01:52.789+0000] {dagbag.py:588} INFO - Filling up the DagBag from /opt/airflow/dags/user_processing.py
[2026-05-29T14:01:52.963+0000] {processor.py:925} INFO - DAG(s) 'user_processing' retrieved from /opt/airflow/dags/user_processing.py
[2026-05-29T14:01:52.983+0000] {logging_mixin.py:190} INFO - [2026-05-29T14:01:52.982+0000] {dag.py:3239} INFO - Sync 1 DAGs
[2026-05-29T14:01:53.000+0000] {logging_mixin.py:190} INFO - [2026-05-29T14:01:52.999+0000] {dag.py:4180} INFO - Setting next_dagrun for user_processing to 2026-05-29 00:00:00+00:00, run_after=2026-05-30 00:00:00+00:00
[2026-05-29T14:01:53.012+0000] {processor.py:208} INFO - Processing /opt/airflow/dags/user_processing.py took 0.229 seconds
[2026-05-29T14:02:23.368+0000] {processor.py:186} INFO - Started process (PID=24475) to work on /opt/airflow/dags/user_processing.py
[2026-05-29T14:02:23.370+0000] {processor.py:914} INFO - Processing file /opt/airflow/dags/user_processing.py for tasks to queue
[2026-05-29T14:02:23.370+0000] {logging_mixin.py:190} INFO - [2026-05-29T14:02:23.370+0000] {dagbag.py:588} INFO - Filling up the DagBag from /opt/airflow/dags/user_processing.py
[2026-05-29T14:02:23.557+0000] {processor.py:925} INFO - DAG(s) 'user_processing' retrieved from /opt/airflow/dags/user_processing.py
[2026-05-29T14:02:23.576+0000] {logging_mixin.py:190} INFO - [2026-05-29T14:02:23.576+0000] {dag.py:3239} INFO - Sync 1 DAGs
[2026-05-29T14:02:23.593+0000] {logging_mixin.py:190} INFO - [2026-05-29T14:02:23.593+0000] {dag.py:4180} INFO - Setting next_dagrun for user_processing to 2026-05-29 00:00:00+00:00, run_after=2026-05-30 00:00:00+00:00
[2026-05-29T14:02:23.607+0000] {processor.py:208} INFO - Processing /opt/airflow/dags/user_processing.py took 0.243 seconds
[2026-05-29T14:02:54.036+0000] {processor.py:186} INFO - Started process (PID=24491) to work on /opt/airflow/dags/user_processing.py
[2026-05-29T14:02:54.037+0000] {processor.py:914} INFO - Processing file /opt/airflow/dags/user_processing.py for tasks to queue
[2026-05-29T14:02:54.038+0000] {logging_mixin.py:190} INFO - [2026-05-29T14:02:54.038+0000] {dagbag.py:588} INFO - Filling up the DagBag from /opt/airflow/dags/user_processing.py
[2026-05-29T14:02:54.232+0000] {processor.py:925} INFO - DAG(s) 'user_processing' retrieved from /opt/airflow/dags/user_processing.py
[2026-05-29T14:02:54.249+0000] {logging_mixin.py:190} INFO - [2026-05-29T14:02:54.249+0000] {dag.py:3239} INFO - Sync 1 DAGs
[2026-05-29T14:02:54.267+0000] {logging_mixin.py:190} INFO - [2026-05-29T14:02:54.266+0000] {dag.py:4180} INFO - Setting next_dagrun for user_processing to 2026-05-29 00:00:00+00:00, run_after=2026-05-30 00:00:00+00:00
[2026-05-29T14:02:54.278+0000] {processor.py:208} INFO - Processing /opt/airflow/dags/user_processing.py took 0.249 seconds
[2026-05-29T14:03:24.722+0000] {processor.py:186} INFO - Started process (PID=24508) to work on /opt/airflow/dags/user_processing.py
[2026-05-29T14:03:24.725+0000] {processor.py:914} INFO - Processing file /opt/airflow/dags/user_processing.py for tasks to queue
[2026-05-29T14:03:24.726+0000] {logging_mixin.py:190} INFO - [2026-05-29T14:03:24.725+0000] {dagbag.py:588} INFO - Filling up the DagBag from /opt/airflow/dags/user_processing.py
[2026-05-29T14:03:24.910+0000] {processor.py:925} INFO - DAG(s) 'user_processing' retrieved from /opt/airflow/dags/user_processing.py
[2026-05-29T14:03:24.928+0000] {logging_mixin.py:190} INFO - [2026-05-29T14:03:24.927+0000] {dag.py:3239} INFO - Sync 1 DAGs
[2026-05-29T14:03:24.944+0000] {logging_mixin.py:190} INFO - [2026-05-29T14:03:24.944+0000] {dag.py:4180} INFO - Setting next_dagrun for user_processing to 2026-05-29 00:00:00+00:00, run_after=2026-05-30 00:00:00+00:00
[2026-05-29T14:03:24.957+0000] {processor.py:208} INFO - Processing /opt/airflow/dags/user_processing.py took 0.239 seconds
[2026-05-29T14:03:55.284+0000] {processor.py:186} INFO - Started process (PID=24525) to work on /opt/airflow/dags/user_processing.py
[2026-05-29T14:03:55.288+0000] {processor.py:914} INFO - Processing file /opt/airflow/dags/user_processing.py for tasks to queue
[2026-05-29T14:03:55.289+0000] {logging_mixin.py:190} INFO - [2026-05-29T14:03:55.288+0000] {dagbag.py:588} INFO - Filling up the DagBag from /opt/airflow/dags/user_processing.py
[2026-05-29T14:03:55.648+0000] {processor.py:925} INFO - DAG(s) 'user_processing' retrieved from /opt/airflow/dags/user_processing.py
[2026-05-29T14:03:55.676+0000] {logging_mixin.py:190} INFO - [2026-05-29T14:03:55.675+0000] {dag.py:3239} INFO - Sync 1 DAGs
[2026-05-29T14:03:55.714+0000] {logging_mixin.py:190} INFO - [2026-05-29T14:03:55.714+0000] {dag.py:4180} INFO - Setting next_dagrun for user_processing to 2026-05-29 00:00:00+00:00, run_after=2026-05-30 00:00:00+00:00
[2026-05-29T14:03:55.728+0000] {processor.py:208} INFO - Processing /opt/airflow/dags/user_processing.py took 0.452 seconds
[2026-05-29T14:04:25.899+0000] {processor.py:186} INFO - Started process (PID=24541) to work on /opt/airflow/dags/user_processing.py
[2026-05-29T14:04:25.901+0000] {processor.py:914} INFO - Processing file /opt/airflow/dags/user_processing.py for tasks to queue
[2026-05-29T14:04:25.902+0000] {logging_mixin.py:190} INFO - [2026-05-29T14:04:25.902+0000] {dagbag.py:588} INFO - Filling up the DagBag from /opt/airflow/dags/user_processing.py
[2026-05-29T14:04:26.077+0000] {processor.py:925} INFO - DAG(s) 'user_processing' retrieved from /opt/airflow/dags/user_processing.py
[2026-05-29T14:04:26.095+0000] {logging_mixin.py:190} INFO - [2026-05-29T14:04:26.095+0000] {dag.py:3239} INFO - Sync 1 DAGs
[2026-05-29T14:04:26.112+0000] {logging_mixin.py:190} INFO - [2026-05-29T14:04:26.112+0000] {dag.py:4180} INFO - Setting next_dagrun for user_processing to 2026-05-29 00:00:00+00:00, run_after=2026-05-30 00:00:00+00:00
[2026-05-29T14:04:26.125+0000] {processor.py:208} INFO - Processing /opt/airflow/dags/user_processing.py took 0.230 seconds
[2026-05-29T14:04:56.481+0000] {processor.py:186} INFO - Started process (PID=24557) to work on /opt/airflow/dags/user_processing.py
[2026-05-29T14:04:56.481+0000] {processor.py:914} INFO - Processing file /opt/airflow/dags/user_processing.py for tasks to queue
[2026-05-29T14:04:56.482+0000] {logging_mixin.py:190} INFO - [2026-05-29T14:04:56.482+0000] {dagbag.py:588} INFO - Filling up the DagBag from /opt/airflow/dags/user_processing.py
[2026-05-29T14:04:56.659+0000] {processor.py:925} INFO - DAG(s) 'user_processing' retrieved from /opt/airflow/dags/user_processing.py
[2026-05-29T14:04:56.678+0000] {logging_mixin.py:190} INFO - [2026-05-29T14:04:56.677+0000] {dag.py:3239} INFO - Sync 1 DAGs
[2026-05-29T14:04:56.695+0000] {logging_mixin.py:190} INFO - [2026-05-29T14:04:56.694+0000] {dag.py:4180} INFO - Setting next_dagrun for user_processing to 2026-05-29 00:00:00+00:00, run_after=2026-05-30 00:00:00+00:00
[2026-05-29T14:04:56.707+0000] {processor.py:208} INFO - Processing /opt/airflow/dags/user_processing.py took 0.231 seconds
[2026-05-29T14:05:27.070+0000] {processor.py:186} INFO - Started process (PID=24573) to work on /opt/airflow/dags/user_processing.py
[2026-05-29T14:05:27.073+0000] {processor.py:914} INFO - Processing file /opt/airflow/dags/user_processing.py for tasks to queue
[2026-05-29T14:05:27.073+0000] {logging_mixin.py:190} INFO - [2026-05-29T14:05:27.073+0000] {dagbag.py:588} INFO - Filling up the DagBag from /opt/airflow/dags/user_processing.py
[2026-05-29T14:05:27.249+0000] {processor.py:925} INFO - DAG(s) 'user_processing' retrieved from /opt/airflow/dags/user_processing.py
[2026-05-29T14:05:27.266+0000] {logging_mixin.py:190} INFO - [2026-05-29T14:05:27.265+0000] {dag.py:3239} INFO - Sync 1 DAGs
[2026-05-29T14:05:27.281+0000] {logging_mixin.py:190} INFO - [2026-05-29T14:05:27.281+0000] {dag.py:4180} INFO - Setting next_dagrun for user_processing to 2026-05-29 00:00:00+00:00, run_after=2026-05-30 00:00:00+00:00
[2026-05-29T14:05:27.293+0000] {processor.py:208} INFO - Processing /opt/airflow/dags/user_processing.py took 0.228 seconds
[2026-05-29T14:05:57.672+0000] {processor.py:186} INFO - Started process (PID=24589) to work on /opt/airflow/dags/user_processing.py
[2026-05-29T14:05:57.673+0000] {processor.py:914} INFO - Processing file /opt/airflow/dags/user_processing.py for tasks to queue
[2026-05-29T14:05:57.674+0000] {logging_mixin.py:190} INFO - [2026-05-29T14:05:57.673+0000] {dagbag.py:588} INFO - Filling up the DagBag from /opt/airflow/dags/user_processing.py
[2026-05-29T14:05:57.852+0000] {processor.py:925} INFO - DAG(s) 'user_processing' retrieved from /opt/airflow/dags/user_processing.py
[2026-05-29T14:05:57.871+0000] {logging_mixin.py:190} INFO - [2026-05-29T14:05:57.871+0000] {dag.py:3239} INFO - Sync 1 DAGs
[2026-05-29T14:05:57.888+0000] {logging_mixin.py:190} INFO - [2026-05-29T14:05:57.888+0000] {dag.py:4180} INFO - Setting next_dagrun for user_processing to 2026-05-29 00:00:00+00:00, run_after=2026-05-30 00:00:00+00:00
[2026-05-29T14:05:57.901+0000] {processor.py:208} INFO - Processing /opt/airflow/dags/user_processing.py took 0.233 seconds
[2026-05-29T14:06:28.253+0000] {processor.py:186} INFO - Started process (PID=24605) to work on /opt/airflow/dags/user_processing.py
[2026-05-29T14:06:28.254+0000] {processor.py:914} INFO - Processing file /opt/airflow/dags/user_processing.py for tasks to queue
[2026-05-29T14:06:28.255+0000] {logging_mixin.py:190} INFO - [2026-05-29T14:06:28.255+0000] {dagbag.py:588} INFO - Filling up the DagBag from /opt/airflow/dags/user_processing.py
[2026-05-29T14:06:28.432+0000] {processor.py:925} INFO - DAG(s) 'user_processing' retrieved from /opt/airflow/dags/user_processing.py
[2026-05-29T14:06:28.451+0000] {logging_mixin.py:190} INFO - [2026-05-29T14:06:28.450+0000] {dag.py:3239} INFO - Sync 1 DAGs
[2026-05-29T14:06:28.467+0000] {logging_mixin.py:190} INFO - [2026-05-29T14:06:28.467+0000] {dag.py:4180} INFO - Setting next_dagrun for user_processing to 2026-05-29 00:00:00+00:00, run_after=2026-05-30 00:00:00+00:00
[2026-05-29T14:06:28.481+0000] {processor.py:208} INFO - Processing /opt/airflow/dags/user_processing.py took 0.232 seconds
[2026-05-29T14:06:58.847+0000] {processor.py:186} INFO - Started process (PID=24621) to work on /opt/airflow/dags/user_processing.py
[2026-05-29T14:06:58.848+0000] {processor.py:914} INFO - Processing file /opt/airflow/dags/user_processing.py for tasks to queue
[2026-05-29T14:06:58.848+0000] {logging_mixin.py:190} INFO - [2026-05-29T14:06:58.848+0000] {dagbag.py:588} INFO - Filling up the DagBag from /opt/airflow/dags/user_processing.py
[2026-05-29T14:06:59.022+0000] {processor.py:925} INFO - DAG(s) 'user_processing' retrieved from /opt/airflow/dags/user_processing.py
[2026-05-29T14:06:59.040+0000] {logging_mixin.py:190} INFO - [2026-05-29T14:06:59.040+0000] {dag.py:3239} INFO - Sync 1 DAGs
[2026-05-29T14:06:59.056+0000] {logging_mixin.py:190} INFO - [2026-05-29T14:06:59.056+0000] {dag.py:4180} INFO - Setting next_dagrun for user_processing to 2026-05-29 00:00:00+00:00, run_after=2026-05-30 00:00:00+00:00
[2026-05-29T14:06:59.069+0000] {processor.py:208} INFO - Processing /opt/airflow/dags/user_processing.py took 0.226 seconds
[2026-05-29T14:07:29.519+0000] {processor.py:186} INFO - Started process (PID=24638) to work on /opt/airflow/dags/user_processing.py
[2026-05-29T14:07:29.521+0000] {processor.py:914} INFO - Processing file /opt/airflow/dags/user_processing.py for tasks to queue
[2026-05-29T14:07:29.523+0000] {logging_mixin.py:190} INFO - [2026-05-29T14:07:29.522+0000] {dagbag.py:588} INFO - Filling up the DagBag from /opt/airflow/dags/user_processing.py
[2026-05-29T14:07:29.711+0000] {processor.py:925} INFO - DAG(s) 'user_processing' retrieved from /opt/airflow/dags/user_processing.py
[2026-05-29T14:07:29.732+0000] {logging_mixin.py:190} INFO - [2026-05-29T14:07:29.730+0000] {dag.py:3239} INFO - Sync 1 DAGs
[2026-05-29T14:07:29.748+0000] {logging_mixin.py:190} INFO - [2026-05-29T14:07:29.748+0000] {dag.py:4180} INFO - Setting next_dagrun for user_processing to 2026-05-29 00:00:00+00:00, run_after=2026-05-30 00:00:00+00:00
[2026-05-29T14:07:29.762+0000] {processor.py:208} INFO - Processing /opt/airflow/dags/user_processing.py took 0.251 seconds
[2026-05-29T14:08:00.089+0000] {processor.py:186} INFO - Started process (PID=24654) to work on /opt/airflow/dags/user_processing.py
[2026-05-29T14:08:00.089+0000] {processor.py:914} INFO - Processing file /opt/airflow/dags/user_processing.py for tasks to queue
[2026-05-29T14:08:00.090+0000] {logging_mixin.py:190} INFO - [2026-05-29T14:08:00.090+0000] {dagbag.py:588} INFO - Filling up the DagBag from /opt/airflow/dags/user_processing.py
[2026-05-29T14:08:00.270+0000] {processor.py:925} INFO - DAG(s) 'user_processing' retrieved from /opt/airflow/dags/user_processing.py
[2026-05-29T14:08:00.287+0000] {logging_mixin.py:190} INFO - [2026-05-29T14:08:00.287+0000] {dag.py:3239} INFO - Sync 1 DAGs
[2026-05-29T14:08:00.302+0000] {logging_mixin.py:190} INFO - [2026-05-29T14:08:00.302+0000] {dag.py:4180} INFO - Setting next_dagrun for user_processing to 2026-05-29 00:00:00+00:00, run_after=2026-05-30 00:00:00+00:00
[2026-05-29T14:08:00.314+0000] {processor.py:208} INFO - Processing /opt/airflow/dags/user_processing.py took 0.230 seconds
[2026-05-29T14:08:30.659+0000] {processor.py:186} INFO - Started process (PID=24671) to work on /opt/airflow/dags/user_processing.py
[2026-05-29T14:08:30.661+0000] {processor.py:914} INFO - Processing file /opt/airflow/dags/user_processing.py for tasks to queue
[2026-05-29T14:08:30.662+0000] {logging_mixin.py:190} INFO - [2026-05-29T14:08:30.662+0000] {dagbag.py:588} INFO - Filling up the DagBag from /opt/airflow/dags/user_processing.py
[2026-05-29T14:08:30.849+0000] {processor.py:925} INFO - DAG(s) 'user_processing' retrieved from /opt/airflow/dags/user_processing.py
[2026-05-29T14:08:30.868+0000] {logging_mixin.py:190} INFO - [2026-05-29T14:08:30.868+0000] {dag.py:3239} INFO - Sync 1 DAGs
[2026-05-29T14:08:30.885+0000] {logging_mixin.py:190} INFO - [2026-05-29T14:08:30.885+0000] {dag.py:4180} INFO - Setting next_dagrun for user_processing to 2026-05-29 00:00:00+00:00, run_after=2026-05-30 00:00:00+00:00
[2026-05-29T14:08:30.899+0000] {processor.py:208} INFO - Processing /opt/airflow/dags/user_processing.py took 0.244 seconds
[2026-05-29T14:09:01.200+0000] {processor.py:186} INFO - Started process (PID=24687) to work on /opt/airflow/dags/user_processing.py
[2026-05-29T14:09:01.201+0000] {processor.py:914} INFO - Processing file /opt/airflow/dags/user_processing.py for tasks to queue
[2026-05-29T14:09:01.202+0000] {logging_mixin.py:190} INFO - [2026-05-29T14:09:01.202+0000] {dagbag.py:588} INFO - Filling up the DagBag from /opt/airflow/dags/user_processing.py
[2026-05-29T14:09:01.390+0000] {processor.py:925} INFO - DAG(s) 'user_processing' retrieved from /opt/airflow/dags/user_processing.py
[2026-05-29T14:09:01.409+0000] {logging_mixin.py:190} INFO - [2026-05-29T14:09:01.409+0000] {dag.py:3239} INFO - Sync 1 DAGs
[2026-05-29T14:09:01.427+0000] {logging_mixin.py:190} INFO - [2026-05-29T14:09:01.427+0000] {dag.py:4180} INFO - Setting next_dagrun for user_processing to 2026-05-29 00:00:00+00:00, run_after=2026-05-30 00:00:00+00:00
[2026-05-29T14:09:01.440+0000] {processor.py:208} INFO - Processing /opt/airflow/dags/user_processing.py took 0.244 seconds
[2026-05-29T14:09:31.810+0000] {processor.py:186} INFO - Started process (PID=24702) to work on /opt/airflow/dags/user_processing.py
[2026-05-29T14:09:31.812+0000] {processor.py:914} INFO - Processing file /opt/airflow/dags/user_processing.py for tasks to queue
[2026-05-29T14:09:31.813+0000] {logging_mixin.py:190} INFO - [2026-05-29T14:09:31.812+0000] {dagbag.py:588} INFO - Filling up the DagBag from /opt/airflow/dags/user_processing.py
[2026-05-29T14:09:31.995+0000] {processor.py:925} INFO - DAG(s) 'user_processing' retrieved from /opt/airflow/dags/user_processing.py
[2026-05-29T14:09:32.014+0000] {logging_mixin.py:190} INFO - [2026-05-29T14:09:32.014+0000] {dag.py:3239} INFO - Sync 1 DAGs
[2026-05-29T14:09:32.031+0000] {logging_mixin.py:190} INFO - [2026-05-29T14:09:32.031+0000] {dag.py:4180} INFO - Setting next_dagrun for user_processing to 2026-05-29 00:00:00+00:00, run_after=2026-05-30 00:00:00+00:00
[2026-05-29T14:09:32.044+0000] {processor.py:208} INFO - Processing /opt/airflow/dags/user_processing.py took 0.238 seconds
[2026-05-29T14:10:02.356+0000] {processor.py:186} INFO - Started process (PID=24724) to work on /opt/airflow/dags/user_processing.py
[2026-05-29T14:10:02.357+0000] {processor.py:914} INFO - Processing file /opt/airflow/dags/user_processing.py for tasks to queue
[2026-05-29T14:10:02.358+0000] {logging_mixin.py:190} INFO - [2026-05-29T14:10:02.358+0000] {dagbag.py:588} INFO - Filling up the DagBag from /opt/airflow/dags/user_processing.py
[2026-05-29T14:10:02.561+0000] {processor.py:925} INFO - DAG(s) 'user_processing' retrieved from /opt/airflow/dags/user_processing.py
[2026-05-29T14:10:02.580+0000] {logging_mixin.py:190} INFO - [2026-05-29T14:10:02.580+0000] {dag.py:3239} INFO - Sync 1 DAGs
[2026-05-29T14:10:02.597+0000] {logging_mixin.py:190} INFO - [2026-05-29T14:10:02.597+0000] {dag.py:4180} INFO - Setting next_dagrun for user_processing to 2026-05-29 00:00:00+00:00, run_after=2026-05-30 00:00:00+00:00
[2026-05-29T14:10:02.611+0000] {processor.py:208} INFO - Processing /opt/airflow/dags/user_processing.py took 0.259 seconds
[2026-05-29T14:10:32.950+0000] {processor.py:186} INFO - Started process (PID=24740) to work on /opt/airflow/dags/user_processing.py
[2026-05-29T14:10:32.950+0000] {processor.py:914} INFO - Processing file /opt/airflow/dags/user_processing.py for tasks to queue
[2026-05-29T14:10:32.951+0000] {logging_mixin.py:190} INFO - [2026-05-29T14:10:32.951+0000] {dagbag.py:588} INFO - Filling up the DagBag from /opt/airflow/dags/user_processing.py
[2026-05-29T14:10:33.141+0000] {processor.py:925} INFO - DAG(s) 'user_processing' retrieved from /opt/airflow/dags/user_processing.py
[2026-05-29T14:10:33.160+0000] {logging_mixin.py:190} INFO - [2026-05-29T14:10:33.159+0000] {dag.py:3239} INFO - Sync 1 DAGs
[2026-05-29T14:10:33.177+0000] {logging_mixin.py:190} INFO - [2026-05-29T14:10:33.177+0000] {dag.py:4180} INFO - Setting next_dagrun for user_processing to 2026-05-29 00:00:00+00:00, run_after=2026-05-30 00:00:00+00:00
[2026-05-29T14:10:33.191+0000] {processor.py:208} INFO - Processing /opt/airflow/dags/user_processing.py took 0.245 seconds
[2026-05-29T14:11:03.470+0000] {processor.py:186} INFO - Started process (PID=24757) to work on /opt/airflow/dags/user_processing.py
[2026-05-29T14:11:03.471+0000] {processor.py:914} INFO - Processing file /opt/airflow/dags/user_processing.py for tasks to queue
[2026-05-29T14:11:03.472+0000] {logging_mixin.py:190} INFO - [2026-05-29T14:11:03.472+0000] {dagbag.py:588} INFO - Filling up the DagBag from /opt/airflow/dags/user_processing.py
[2026-05-29T14:11:03.659+0000] {processor.py:925} INFO - DAG(s) 'user_processing' retrieved from /opt/airflow/dags/user_processing.py
[2026-05-29T14:11:03.678+0000] {logging_mixin.py:190} INFO - [2026-05-29T14:11:03.677+0000] {dag.py:3239} INFO - Sync 1 DAGs
[2026-05-29T14:11:03.697+0000] {logging_mixin.py:190} INFO - [2026-05-29T14:11:03.697+0000] {dag.py:4180} INFO - Setting next_dagrun for user_processing to 2026-05-29 00:00:00+00:00, run_after=2026-05-30 00:00:00+00:00
[2026-05-29T14:11:03.711+0000] {processor.py:208} INFO - Processing /opt/airflow/dags/user_processing.py took 0.245 seconds
[2026-05-29T14:11:34.043+0000] {processor.py:186} INFO - Started process (PID=24774) to work on /opt/airflow/dags/user_processing.py
[2026-05-29T14:11:34.044+0000] {processor.py:914} INFO - Processing file /opt/airflow/dags/user_processing.py for tasks to queue
[2026-05-29T14:11:34.045+0000] {logging_mixin.py:190} INFO - [2026-05-29T14:11:34.045+0000] {dagbag.py:588} INFO - Filling up the DagBag from /opt/airflow/dags/user_processing.py
[2026-05-29T14:11:34.257+0000] {processor.py:925} INFO - DAG(s) 'user_processing' retrieved from /opt/airflow/dags/user_processing.py
[2026-05-29T14:11:34.277+0000] {logging_mixin.py:190} INFO - [2026-05-29T14:11:34.276+0000] {dag.py:3239} INFO - Sync 1 DAGs
[2026-05-29T14:11:34.295+0000] {logging_mixin.py:190} INFO - [2026-05-29T14:11:34.294+0000] {dag.py:4180} INFO - Setting next_dagrun for user_processing to 2026-05-29 00:00:00+00:00, run_after=2026-05-30 00:00:00+00:00
[2026-05-29T14:11:34.308+0000] {processor.py:208} INFO - Processing /opt/airflow/dags/user_processing.py took 0.270 seconds
[2026-05-29T14:12:04.647+0000] {processor.py:186} INFO - Started process (PID=24789) to work on /opt/airflow/dags/user_processing.py
[2026-05-29T14:12:04.647+0000] {processor.py:914} INFO - Processing file /opt/airflow/dags/user_processing.py for tasks to queue
[2026-05-29T14:12:04.648+0000] {logging_mixin.py:190} INFO - [2026-05-29T14:12:04.648+0000] {dagbag.py:588} INFO - Filling up the DagBag from /opt/airflow/dags/user_processing.py
[2026-05-29T14:12:04.831+0000] {processor.py:925} INFO - DAG(s) 'user_processing' retrieved from /opt/airflow/dags/user_processing.py
[2026-05-29T14:12:04.849+0000] {logging_mixin.py:190} INFO - [2026-05-29T14:12:04.849+0000] {dag.py:3239} INFO - Sync 1 DAGs
[2026-05-29T14:12:04.866+0000] {logging_mixin.py:190} INFO - [2026-05-29T14:12:04.866+0000] {dag.py:4180} INFO - Setting next_dagrun for user_processing to 2026-05-29 00:00:00+00:00, run_after=2026-05-30 00:00:00+00:00
[2026-05-29T14:12:04.879+0000] {processor.py:208} INFO - Processing /opt/airflow/dags/user_processing.py took 0.237 seconds
[2026-05-29T14:12:35.309+0000] {processor.py:186} INFO - Started process (PID=24805) to work on /opt/airflow/dags/user_processing.py
[2026-05-29T14:12:35.311+0000] {processor.py:914} INFO - Processing file /opt/airflow/dags/user_processing.py for tasks to queue
[2026-05-29T14:12:35.313+0000] {logging_mixin.py:190} INFO - [2026-05-29T14:12:35.312+0000] {dagbag.py:588} INFO - Filling up the DagBag from /opt/airflow/dags/user_processing.py
[2026-05-29T14:12:35.520+0000] {processor.py:925} INFO - DAG(s) 'user_processing' retrieved from /opt/airflow/dags/user_processing.py
[2026-05-29T14:12:35.539+0000] {logging_mixin.py:190} INFO - [2026-05-29T14:12:35.539+0000] {dag.py:3239} INFO - Sync 1 DAGs
[2026-05-29T14:12:35.557+0000] {logging_mixin.py:190} INFO - [2026-05-29T14:12:35.556+0000] {dag.py:4180} INFO - Setting next_dagrun for user_processing to 2026-05-29 00:00:00+00:00, run_after=2026-05-30 00:00:00+00:00
[2026-05-29T14:12:35.571+0000] {processor.py:208} INFO - Processing /opt/airflow/dags/user_processing.py took 0.266 seconds
[2026-05-29T14:13:06.058+0000] {processor.py:186} INFO - Started process (PID=24821) to work on /opt/airflow/dags/user_processing.py
[2026-05-29T14:13:06.058+0000] {processor.py:914} INFO - Processing file /opt/airflow/dags/user_processing.py for tasks to queue
[2026-05-29T14:13:06.060+0000] {logging_mixin.py:190} INFO - [2026-05-29T14:13:06.059+0000] {dagbag.py:588} INFO - Filling up the DagBag from /opt/airflow/dags/user_processing.py
[2026-05-29T14:13:06.241+0000] {processor.py:925} INFO - DAG(s) 'user_processing' retrieved from /opt/airflow/dags/user_processing.py
[2026-05-29T14:13:06.260+0000] {logging_mixin.py:190} INFO - [2026-05-29T14:13:06.260+0000] {dag.py:3239} INFO - Sync 1 DAGs
[2026-05-29T14:13:06.279+0000] {logging_mixin.py:190} INFO - [2026-05-29T14:13:06.278+0000] {dag.py:4180} INFO - Setting next_dagrun for user_processing to 2026-05-29 00:00:00+00:00, run_after=2026-05-30 00:00:00+00:00
[2026-05-29T14:13:06.291+0000] {processor.py:208} INFO - Processing /opt/airflow/dags/user_processing.py took 0.238 seconds
[2026-05-29T14:13:36.620+0000] {processor.py:186} INFO - Started process (PID=24837) to work on /opt/airflow/dags/user_processing.py
[2026-05-29T14:13:36.621+0000] {processor.py:914} INFO - Processing file /opt/airflow/dags/user_processing.py for tasks to queue
[2026-05-29T14:13:36.622+0000] {logging_mixin.py:190} INFO - [2026-05-29T14:13:36.622+0000] {dagbag.py:588} INFO - Filling up the DagBag from /opt/airflow/dags/user_processing.py
[2026-05-29T14:13:36.874+0000] {processor.py:925} INFO - DAG(s) 'user_processing' retrieved from /opt/airflow/dags/user_processing.py
[2026-05-29T14:13:36.893+0000] {logging_mixin.py:190} INFO - [2026-05-29T14:13:36.892+0000] {dag.py:3239} INFO - Sync 1 DAGs
[2026-05-29T14:13:36.912+0000] {logging_mixin.py:190} INFO - [2026-05-29T14:13:36.912+0000] {dag.py:4180} INFO - Setting next_dagrun for user_processing to 2026-05-29 00:00:00+00:00, run_after=2026-05-30 00:00:00+00:00
[2026-05-29T14:13:36.925+0000] {processor.py:208} INFO - Processing /opt/airflow/dags/user_processing.py took 0.315 seconds
[2026-05-29T14:14:07.303+0000] {processor.py:186} INFO - Started process (PID=24853) to work on /opt/airflow/dags/user_processing.py
[2026-05-29T14:14:07.304+0000] {processor.py:914} INFO - Processing file /opt/airflow/dags/user_processing.py for tasks to queue
[2026-05-29T14:14:07.305+0000] {logging_mixin.py:190} INFO - [2026-05-29T14:14:07.305+0000] {dagbag.py:588} INFO - Filling up the DagBag from /opt/airflow/dags/user_processing.py
[2026-05-29T14:14:07.492+0000] {processor.py:925} INFO - DAG(s) 'user_processing' retrieved from /opt/airflow/dags/user_processing.py
[2026-05-29T14:14:07.510+0000] {logging_mixin.py:190} INFO - [2026-05-29T14:14:07.510+0000] {dag.py:3239} INFO - Sync 1 DAGs
[2026-05-29T14:14:07.527+0000] {logging_mixin.py:190} INFO - [2026-05-29T14:14:07.526+0000] {dag.py:4180} INFO - Setting next_dagrun for user_processing to 2026-05-29 00:00:00+00:00, run_after=2026-05-30 00:00:00+00:00
[2026-05-29T14:14:07.538+0000] {processor.py:208} INFO - Processing /opt/airflow/dags/user_processing.py took 0.240 seconds
[2026-05-29T14:14:37.818+0000] {processor.py:186} INFO - Started process (PID=24870) to work on /opt/airflow/dags/user_processing.py
[2026-05-29T14:14:37.819+0000] {processor.py:914} INFO - Processing file /opt/airflow/dags/user_processing.py for tasks to queue
[2026-05-29T14:14:37.820+0000] {logging_mixin.py:190} INFO - [2026-05-29T14:14:37.820+0000] {dagbag.py:588} INFO - Filling up the DagBag from /opt/airflow/dags/user_processing.py
[2026-05-29T14:14:38.014+0000] {processor.py:925} INFO - DAG(s) 'user_processing' retrieved from /opt/airflow/dags/user_processing.py
[2026-05-29T14:14:38.033+0000] {logging_mixin.py:190} INFO - [2026-05-29T14:14:38.032+0000] {dag.py:3239} INFO - Sync 1 DAGs
[2026-05-29T14:14:38.049+0000] {logging_mixin.py:190} INFO - [2026-05-29T14:14:38.049+0000] {dag.py:4180} INFO - Setting next_dagrun for user_processing to 2026-05-29 00:00:00+00:00, run_after=2026-05-30 00:00:00+00:00
[2026-05-29T14:14:38.063+0000] {processor.py:208} INFO - Processing /opt/airflow/dags/user_processing.py took 0.250 seconds
[2026-05-29T14:15:08.430+0000] {processor.py:186} INFO - Started process (PID=24886) to work on /opt/airflow/dags/user_processing.py
[2026-05-29T14:15:08.431+0000] {processor.py:914} INFO - Processing file /opt/airflow/dags/user_processing.py for tasks to queue
[2026-05-29T14:15:08.432+0000] {logging_mixin.py:190} INFO - [2026-05-29T14:15:08.432+0000] {dagbag.py:588} INFO - Filling up the DagBag from /opt/airflow/dags/user_processing.py
[2026-05-29T14:15:08.645+0000] {processor.py:925} INFO - DAG(s) 'user_processing' retrieved from /opt/airflow/dags/user_processing.py
[2026-05-29T14:15:08.664+0000] {logging_mixin.py:190} INFO - [2026-05-29T14:15:08.664+0000] {dag.py:3239} INFO - Sync 1 DAGs
[2026-05-29T14:15:08.681+0000] {logging_mixin.py:190} INFO - [2026-05-29T14:15:08.681+0000] {dag.py:4180} INFO - Setting next_dagrun for user_processing to 2026-05-29 00:00:00+00:00, run_after=2026-05-30 00:00:00+00:00
[2026-05-29T14:15:08.694+0000] {processor.py:208} INFO - Processing /opt/airflow/dags/user_processing.py took 0.268 seconds
[2026-05-29T14:15:39.010+0000] {processor.py:186} INFO - Started process (PID=24902) to work on /opt/airflow/dags/user_processing.py
[2026-05-29T14:15:39.014+0000] {processor.py:914} INFO - Processing file /opt/airflow/dags/user_processing.py for tasks to queue
[2026-05-29T14:15:39.015+0000] {logging_mixin.py:190} INFO - [2026-05-29T14:15:39.014+0000] {dagbag.py:588} INFO - Filling up the DagBag from /opt/airflow/dags/user_processing.py
[2026-05-29T14:15:39.231+0000] {processor.py:925} INFO - DAG(s) 'user_processing' retrieved from /opt/airflow/dags/user_processing.py
[2026-05-29T14:15:39.251+0000] {logging_mixin.py:190} INFO - [2026-05-29T14:15:39.250+0000] {dag.py:3239} INFO - Sync 1 DAGs
[2026-05-29T14:15:39.268+0000] {logging_mixin.py:190} INFO - [2026-05-29T14:15:39.267+0000] {dag.py:4180} INFO - Setting next_dagrun for user_processing to 2026-05-29 00:00:00+00:00, run_after=2026-05-30 00:00:00+00:00
[2026-05-29T14:15:39.281+0000] {processor.py:208} INFO - Processing /opt/airflow/dags/user_processing.py took 0.281 seconds
[2026-05-29T14:16:09.641+0000] {processor.py:186} INFO - Started process (PID=24918) to work on /opt/airflow/dags/user_processing.py
[2026-05-29T14:16:09.642+0000] {processor.py:914} INFO - Processing file /opt/airflow/dags/user_processing.py for tasks to queue
[2026-05-29T14:16:09.643+0000] {logging_mixin.py:190} INFO - [2026-05-29T14:16:09.643+0000] {dagbag.py:588} INFO - Filling up the DagBag from /opt/airflow/dags/user_processing.py
[2026-05-29T14:16:09.905+0000] {processor.py:925} INFO - DAG(s) 'user_processing' retrieved from /opt/airflow/dags/user_processing.py
[2026-05-29T14:16:09.923+0000] {logging_mixin.py:190} INFO - [2026-05-29T14:16:09.923+0000] {dag.py:3239} INFO - Sync 1 DAGs
[2026-05-29T14:16:09.941+0000] {logging_mixin.py:190} INFO - [2026-05-29T14:16:09.941+0000] {dag.py:4180} INFO - Setting next_dagrun for user_processing to 2026-05-29 00:00:00+00:00, run_after=2026-05-30 00:00:00+00:00
[2026-05-29T14:16:09.953+0000] {processor.py:208} INFO - Processing /opt/airflow/dags/user_processing.py took 0.323 seconds
[2026-05-29T14:16:40.462+0000] {processor.py:186} INFO - Started process (PID=24934) to work on /opt/airflow/dags/user_processing.py
[2026-05-29T14:16:40.464+0000] {processor.py:914} INFO - Processing file /opt/airflow/dags/user_processing.py for tasks to queue
[2026-05-29T14:16:40.465+0000] {logging_mixin.py:190} INFO - [2026-05-29T14:16:40.465+0000] {dagbag.py:588} INFO - Filling up the DagBag from /opt/airflow/dags/user_processing.py
[2026-05-29T14:16:40.646+0000] {processor.py:925} INFO - DAG(s) 'user_processing' retrieved from /opt/airflow/dags/user_processing.py
[2026-05-29T14:16:40.664+0000] {logging_mixin.py:190} INFO - [2026-05-29T14:16:40.664+0000] {dag.py:3239} INFO - Sync 1 DAGs
[2026-05-29T14:16:40.680+0000] {logging_mixin.py:190} INFO - [2026-05-29T14:16:40.680+0000] {dag.py:4180} INFO - Setting next_dagrun for user_processing to 2026-05-29 00:00:00+00:00, run_after=2026-05-30 00:00:00+00:00
[2026-05-29T14:16:40.694+0000] {processor.py:208} INFO - Processing /opt/airflow/dags/user_processing.py took 0.236 seconds
[2026-05-29T14:17:10.982+0000] {processor.py:186} INFO - Started process (PID=24950) to work on /opt/airflow/dags/user_processing.py
[2026-05-29T14:17:10.983+0000] {processor.py:914} INFO - Processing file /opt/airflow/dags/user_processing.py for tasks to queue
[2026-05-29T14:17:10.983+0000] {logging_mixin.py:190} INFO - [2026-05-29T14:17:10.983+0000] {dagbag.py:588} INFO - Filling up the DagBag from /opt/airflow/dags/user_processing.py
[2026-05-29T14:17:11.167+0000] {processor.py:925} INFO - DAG(s) 'user_processing' retrieved from /opt/airflow/dags/user_processing.py
[2026-05-29T14:17:11.186+0000] {logging_mixin.py:190} INFO - [2026-05-29T14:17:11.186+0000] {dag.py:3239} INFO - Sync 1 DAGs
[2026-05-29T14:17:11.204+0000] {logging_mixin.py:190} INFO - [2026-05-29T14:17:11.204+0000] {dag.py:4180} INFO - Setting next_dagrun for user_processing to 2026-05-29 00:00:00+00:00, run_after=2026-05-30 00:00:00+00:00
[2026-05-29T14:17:11.217+0000] {processor.py:208} INFO - Processing /opt/airflow/dags/user_processing.py took 0.239 seconds
[2026-05-29T14:17:41.521+0000] {processor.py:186} INFO - Started process (PID=24966) to work on /opt/airflow/dags/user_processing.py
[2026-05-29T14:17:41.523+0000] {processor.py:914} INFO - Processing file /opt/airflow/dags/user_processing.py for tasks to queue
[2026-05-29T14:17:41.524+0000] {logging_mixin.py:190} INFO - [2026-05-29T14:17:41.524+0000] {dagbag.py:588} INFO - Filling up the DagBag from /opt/airflow/dags/user_processing.py
[2026-05-29T14:17:41.707+0000] {processor.py:925} INFO - DAG(s) 'user_processing' retrieved from /opt/airflow/dags/user_processing.py
[2026-05-29T14:17:41.726+0000] {logging_mixin.py:190} INFO - [2026-05-29T14:17:41.725+0000] {dag.py:3239} INFO - Sync 1 DAGs
[2026-05-29T14:17:41.744+0000] {logging_mixin.py:190} INFO - [2026-05-29T14:17:41.743+0000] {dag.py:4180} INFO - Setting next_dagrun for user_processing to 2026-05-29 00:00:00+00:00, run_after=2026-05-30 00:00:00+00:00
[2026-05-29T14:17:41.757+0000] {processor.py:208} INFO - Processing /opt/airflow/dags/user_processing.py took 0.241 seconds
[2026-05-29T14:18:12.035+0000] {processor.py:186} INFO - Started process (PID=24983) to work on /opt/airflow/dags/user_processing.py
[2026-05-29T14:18:12.036+0000] {processor.py:914} INFO - Processing file /opt/airflow/dags/user_processing.py for tasks to queue
[2026-05-29T14:18:12.037+0000] {logging_mixin.py:190} INFO - [2026-05-29T14:18:12.036+0000] {dagbag.py:588} INFO - Filling up the DagBag from /opt/airflow/dags/user_processing.py
[2026-05-29T14:18:12.220+0000] {processor.py:925} INFO - DAG(s) 'user_processing' retrieved from /opt/airflow/dags/user_processing.py
[2026-05-29T14:18:12.239+0000] {logging_mixin.py:190} INFO - [2026-05-29T14:18:12.239+0000] {dag.py:3239} INFO - Sync 1 DAGs
[2026-05-29T14:18:12.257+0000] {logging_mixin.py:190} INFO - [2026-05-29T14:18:12.257+0000] {dag.py:4180} INFO - Setting next_dagrun for user_processing to 2026-05-29 00:00:00+00:00, run_after=2026-05-30 00:00:00+00:00
[2026-05-29T14:18:12.271+0000] {processor.py:208} INFO - Processing /opt/airflow/dags/user_processing.py took 0.240 seconds
[2026-05-29T14:18:42.605+0000] {processor.py:186} INFO - Started process (PID=25000) to work on /opt/airflow/dags/user_processing.py
[2026-05-29T14:18:42.606+0000] {processor.py:914} INFO - Processing file /opt/airflow/dags/user_processing.py for tasks to queue
[2026-05-29T14:18:42.608+0000] {logging_mixin.py:190} INFO - [2026-05-29T14:18:42.607+0000] {dagbag.py:588} INFO - Filling up the DagBag from /opt/airflow/dags/user_processing.py
[2026-05-29T14:18:42.805+0000] {processor.py:925} INFO - DAG(s) 'user_processing' retrieved from /opt/airflow/dags/user_processing.py
[2026-05-29T14:18:42.824+0000] {logging_mixin.py:190} INFO - [2026-05-29T14:18:42.824+0000] {dag.py:3239} INFO - Sync 1 DAGs
[2026-05-29T14:18:42.841+0000] {logging_mixin.py:190} INFO - [2026-05-29T14:18:42.841+0000] {dag.py:4180} INFO - Setting next_dagrun for user_processing to 2026-05-29 00:00:00+00:00, run_after=2026-05-30 00:00:00+00:00
[2026-05-29T14:18:42.856+0000] {processor.py:208} INFO - Processing /opt/airflow/dags/user_processing.py took 0.256 seconds
[2026-05-29T14:19:13.194+0000] {processor.py:186} INFO - Started process (PID=25016) to work on /opt/airflow/dags/user_processing.py
[2026-05-29T14:19:13.195+0000] {processor.py:914} INFO - Processing file /opt/airflow/dags/user_processing.py for tasks to queue
[2026-05-29T14:19:13.196+0000] {logging_mixin.py:190} INFO - [2026-05-29T14:19:13.196+0000] {dagbag.py:588} INFO - Filling up the DagBag from /opt/airflow/dags/user_processing.py
[2026-05-29T14:19:13.379+0000] {processor.py:925} INFO - DAG(s) 'user_processing' retrieved from /opt/airflow/dags/user_processing.py
[2026-05-29T14:19:13.397+0000] {logging_mixin.py:190} INFO - [2026-05-29T14:19:13.397+0000] {dag.py:3239} INFO - Sync 1 DAGs
[2026-05-29T14:19:13.414+0000] {logging_mixin.py:190} INFO - [2026-05-29T14:19:13.414+0000] {dag.py:4180} INFO - Setting next_dagrun for user_processing to 2026-05-29 00:00:00+00:00, run_after=2026-05-30 00:00:00+00:00
[2026-05-29T14:19:13.427+0000] {processor.py:208} INFO - Processing /opt/airflow/dags/user_processing.py took 0.237 seconds
[2026-05-29T14:19:43.730+0000] {processor.py:186} INFO - Started process (PID=25033) to work on /opt/airflow/dags/user_processing.py
[2026-05-29T14:19:43.735+0000] {processor.py:914} INFO - Processing file /opt/airflow/dags/user_processing.py for tasks to queue
[2026-05-29T14:19:43.736+0000] {logging_mixin.py:190} INFO - [2026-05-29T14:19:43.736+0000] {dagbag.py:588} INFO - Filling up the DagBag from /opt/airflow/dags/user_processing.py
[2026-05-29T14:19:43.917+0000] {processor.py:925} INFO - DAG(s) 'user_processing' retrieved from /opt/airflow/dags/user_processing.py
[2026-05-29T14:19:43.935+0000] {logging_mixin.py:190} INFO - [2026-05-29T14:19:43.934+0000] {dag.py:3239} INFO - Sync 1 DAGs
[2026-05-29T14:19:43.951+0000] {logging_mixin.py:190} INFO - [2026-05-29T14:19:43.951+0000] {dag.py:4180} INFO - Setting next_dagrun for user_processing to 2026-05-29 00:00:00+00:00, run_after=2026-05-30 00:00:00+00:00
[2026-05-29T14:19:43.964+0000] {processor.py:208} INFO - Processing /opt/airflow/dags/user_processing.py took 0.238 seconds
[2026-05-29T14:20:14.262+0000] {processor.py:186} INFO - Started process (PID=25049) to work on /opt/airflow/dags/user_processing.py
[2026-05-29T14:20:14.263+0000] {processor.py:914} INFO - Processing file /opt/airflow/dags/user_processing.py for tasks to queue
[2026-05-29T14:20:14.264+0000] {logging_mixin.py:190} INFO - [2026-05-29T14:20:14.264+0000] {dagbag.py:588} INFO - Filling up the DagBag from /opt/airflow/dags/user_processing.py
[2026-05-29T14:20:14.447+0000] {processor.py:925} INFO - DAG(s) 'user_processing' retrieved from /opt/airflow/dags/user_processing.py
[2026-05-29T14:20:14.465+0000] {logging_mixin.py:190} INFO - [2026-05-29T14:20:14.465+0000] {dag.py:3239} INFO - Sync 1 DAGs
[2026-05-29T14:20:14.482+0000] {logging_mixin.py:190} INFO - [2026-05-29T14:20:14.482+0000] {dag.py:4180} INFO - Setting next_dagrun for user_processing to 2026-05-29 00:00:00+00:00, run_after=2026-05-30 00:00:00+00:00
[2026-05-29T14:20:14.495+0000] {processor.py:208} INFO - Processing /opt/airflow/dags/user_processing.py took 0.237 seconds
[2026-05-29T14:20:44.777+0000] {processor.py:186} INFO - Started process (PID=25066) to work on /opt/airflow/dags/user_processing.py
[2026-05-29T14:20:44.778+0000] {processor.py:914} INFO - Processing file /opt/airflow/dags/user_processing.py for tasks to queue
[2026-05-29T14:20:44.779+0000] {logging_mixin.py:190} INFO - [2026-05-29T14:20:44.779+0000] {dagbag.py:588} INFO - Filling up the DagBag from /opt/airflow/dags/user_processing.py
[2026-05-29T14:20:44.963+0000] {processor.py:925} INFO - DAG(s) 'user_processing' retrieved from /opt/airflow/dags/user_processing.py
[2026-05-29T14:20:44.982+0000] {logging_mixin.py:190} INFO - [2026-05-29T14:20:44.981+0000] {dag.py:3239} INFO - Sync 1 DAGs
[2026-05-29T14:20:44.998+0000] {logging_mixin.py:190} INFO - [2026-05-29T14:20:44.998+0000] {dag.py:4180} INFO - Setting next_dagrun for user_processing to 2026-05-29 00:00:00+00:00, run_after=2026-05-30 00:00:00+00:00
[2026-05-29T14:20:45.012+0000] {processor.py:208} INFO - Processing /opt/airflow/dags/user_processing.py took 0.240 seconds
[2026-05-29T14:21:15.293+0000] {processor.py:186} INFO - Started process (PID=25082) to work on /opt/airflow/dags/user_processing.py
[2026-05-29T14:21:15.294+0000] {processor.py:914} INFO - Processing file /opt/airflow/dags/user_processing.py for tasks to queue
[2026-05-29T14:21:15.295+0000] {logging_mixin.py:190} INFO - [2026-05-29T14:21:15.295+0000] {dagbag.py:588} INFO - Filling up the DagBag from /opt/airflow/dags/user_processing.py
[2026-05-29T14:21:15.482+0000] {processor.py:925} INFO - DAG(s) 'user_processing' retrieved from /opt/airflow/dags/user_processing.py
[2026-05-29T14:21:15.503+0000] {logging_mixin.py:190} INFO - [2026-05-29T14:21:15.502+0000] {dag.py:3239} INFO - Sync 1 DAGs
[2026-05-29T14:21:15.521+0000] {logging_mixin.py:190} INFO - [2026-05-29T14:21:15.521+0000] {dag.py:4180} INFO - Setting next_dagrun for user_processing to 2026-05-29 00:00:00+00:00, run_after=2026-05-30 00:00:00+00:00
[2026-05-29T14:21:15.535+0000] {processor.py:208} INFO - Processing /opt/airflow/dags/user_processing.py took 0.246 seconds
