[2026-05-21T08:06:07.571+0000] {processor.py:186} INFO - Started process (PID=9251) to work on /opt/airflow/dags/product_processing.py
[2026-05-21T08:06:07.574+0000] {processor.py:914} INFO - Processing file /opt/airflow/dags/product_processing.py for tasks to queue
[2026-05-21T08:06:07.583+0000] {logging_mixin.py:190} INFO - [2026-05-21T08:06:07.582+0000] {dagbag.py:588} INFO - Filling up the DagBag from /opt/airflow/dags/product_processing.py
[2026-05-21T08:06:08.161+0000] {processor.py:925} INFO - DAG(s) 'product_processing' retrieved from /opt/airflow/dags/product_processing.py
[2026-05-21T08:06:08.270+0000] {logging_mixin.py:190} INFO - [2026-05-21T08:06:08.269+0000] {dag.py:3239} INFO - Sync 1 DAGs
[2026-05-21T08:06:08.317+0000] {logging_mixin.py:190} INFO - [2026-05-21T08:06:08.315+0000] {dag.py:4180} INFO - Setting next_dagrun for product_processing to 2026-05-20 00:00:00+00:00, run_after=2026-05-21 00:00:00+00:00
[2026-05-21T08:06:08.353+0000] {processor.py:208} INFO - Processing /opt/airflow/dags/product_processing.py took 0.813 seconds
[2026-05-21T08:06:38.709+0000] {processor.py:186} INFO - Started process (PID=9265) to work on /opt/airflow/dags/product_processing.py
[2026-05-21T08:06:38.712+0000] {processor.py:914} INFO - Processing file /opt/airflow/dags/product_processing.py for tasks to queue
[2026-05-21T08:06:38.713+0000] {logging_mixin.py:190} INFO - [2026-05-21T08:06:38.713+0000] {dagbag.py:588} INFO - Filling up the DagBag from /opt/airflow/dags/product_processing.py
[2026-05-21T08:06:39.046+0000] {processor.py:925} INFO - DAG(s) 'product_processing' retrieved from /opt/airflow/dags/product_processing.py
[2026-05-21T08:06:39.083+0000] {logging_mixin.py:190} INFO - [2026-05-21T08:06:39.083+0000] {dag.py:3239} INFO - Sync 1 DAGs
[2026-05-21T08:06:39.122+0000] {logging_mixin.py:190} INFO - [2026-05-21T08:06:39.120+0000] {dag.py:4180} INFO - Setting next_dagrun for product_processing to 2026-05-20 00:00:00+00:00, run_after=2026-05-21 00:00:00+00:00
[2026-05-21T08:06:39.156+0000] {processor.py:208} INFO - Processing /opt/airflow/dags/product_processing.py took 0.453 seconds
[2026-05-21T08:07:09.675+0000] {processor.py:186} INFO - Started process (PID=9279) to work on /opt/airflow/dags/product_processing.py
[2026-05-21T08:07:09.678+0000] {processor.py:914} INFO - Processing file /opt/airflow/dags/product_processing.py for tasks to queue
[2026-05-21T08:07:09.679+0000] {logging_mixin.py:190} INFO - [2026-05-21T08:07:09.679+0000] {dagbag.py:588} INFO - Filling up the DagBag from /opt/airflow/dags/product_processing.py
[2026-05-21T08:07:09.897+0000] {processor.py:925} INFO - DAG(s) 'product_processing' retrieved from /opt/airflow/dags/product_processing.py
[2026-05-21T08:07:09.915+0000] {logging_mixin.py:190} INFO - [2026-05-21T08:07:09.915+0000] {dag.py:3239} INFO - Sync 1 DAGs
[2026-05-21T08:07:09.933+0000] {logging_mixin.py:190} INFO - [2026-05-21T08:07:09.933+0000] {dag.py:4180} INFO - Setting next_dagrun for product_processing to 2026-05-20 00:00:00+00:00, run_after=2026-05-21 00:00:00+00:00
[2026-05-21T08:07:09.946+0000] {processor.py:208} INFO - Processing /opt/airflow/dags/product_processing.py took 0.278 seconds
[2026-05-21T08:07:40.364+0000] {processor.py:186} INFO - Started process (PID=9292) to work on /opt/airflow/dags/product_processing.py
[2026-05-21T08:07:40.366+0000] {processor.py:914} INFO - Processing file /opt/airflow/dags/product_processing.py for tasks to queue
[2026-05-21T08:07:40.367+0000] {logging_mixin.py:190} INFO - [2026-05-21T08:07:40.366+0000] {dagbag.py:588} INFO - Filling up the DagBag from /opt/airflow/dags/product_processing.py
[2026-05-21T08:07:40.556+0000] {processor.py:925} INFO - DAG(s) 'product_processing' retrieved from /opt/airflow/dags/product_processing.py
[2026-05-21T08:07:40.575+0000] {logging_mixin.py:190} INFO - [2026-05-21T08:07:40.574+0000] {dag.py:3239} INFO - Sync 1 DAGs
[2026-05-21T08:07:40.592+0000] {logging_mixin.py:190} INFO - [2026-05-21T08:07:40.592+0000] {dag.py:4180} INFO - Setting next_dagrun for product_processing to 2026-05-20 00:00:00+00:00, run_after=2026-05-21 00:00:00+00:00
[2026-05-21T08:07:40.605+0000] {processor.py:208} INFO - Processing /opt/airflow/dags/product_processing.py took 0.246 seconds
[2026-05-21T08:08:10.977+0000] {processor.py:186} INFO - Started process (PID=9306) to work on /opt/airflow/dags/product_processing.py
[2026-05-21T08:08:10.978+0000] {processor.py:914} INFO - Processing file /opt/airflow/dags/product_processing.py for tasks to queue
[2026-05-21T08:08:10.979+0000] {logging_mixin.py:190} INFO - [2026-05-21T08:08:10.979+0000] {dagbag.py:588} INFO - Filling up the DagBag from /opt/airflow/dags/product_processing.py
[2026-05-21T08:08:11.167+0000] {processor.py:925} INFO - DAG(s) 'product_processing' retrieved from /opt/airflow/dags/product_processing.py
[2026-05-21T08:08:11.185+0000] {logging_mixin.py:190} INFO - [2026-05-21T08:08:11.185+0000] {dag.py:3239} INFO - Sync 1 DAGs
[2026-05-21T08:08:11.202+0000] {logging_mixin.py:190} INFO - [2026-05-21T08:08:11.202+0000] {dag.py:4180} INFO - Setting next_dagrun for product_processing to 2026-05-20 00:00:00+00:00, run_after=2026-05-21 00:00:00+00:00
[2026-05-21T08:08:11.216+0000] {processor.py:208} INFO - Processing /opt/airflow/dags/product_processing.py took 0.246 seconds
[2026-05-21T08:08:41.634+0000] {processor.py:186} INFO - Started process (PID=9321) to work on /opt/airflow/dags/product_processing.py
[2026-05-21T08:08:41.635+0000] {processor.py:914} INFO - Processing file /opt/airflow/dags/product_processing.py for tasks to queue
[2026-05-21T08:08:41.636+0000] {logging_mixin.py:190} INFO - [2026-05-21T08:08:41.635+0000] {dagbag.py:588} INFO - Filling up the DagBag from /opt/airflow/dags/product_processing.py
[2026-05-21T08:08:41.812+0000] {processor.py:925} INFO - DAG(s) 'product_processing' retrieved from /opt/airflow/dags/product_processing.py
[2026-05-21T08:08:41.828+0000] {logging_mixin.py:190} INFO - [2026-05-21T08:08:41.828+0000] {dag.py:3239} INFO - Sync 1 DAGs
[2026-05-21T08:08:41.844+0000] {logging_mixin.py:190} INFO - [2026-05-21T08:08:41.844+0000] {dag.py:4180} INFO - Setting next_dagrun for product_processing to 2026-05-20 00:00:00+00:00, run_after=2026-05-21 00:00:00+00:00
[2026-05-21T08:08:41.856+0000] {processor.py:208} INFO - Processing /opt/airflow/dags/product_processing.py took 0.230 seconds
[2026-05-21T08:09:12.248+0000] {processor.py:186} INFO - Started process (PID=9335) to work on /opt/airflow/dags/product_processing.py
[2026-05-21T08:09:12.252+0000] {processor.py:914} INFO - Processing file /opt/airflow/dags/product_processing.py for tasks to queue
[2026-05-21T08:09:12.253+0000] {logging_mixin.py:190} INFO - [2026-05-21T08:09:12.253+0000] {dagbag.py:588} INFO - Filling up the DagBag from /opt/airflow/dags/product_processing.py
[2026-05-21T08:09:12.453+0000] {processor.py:925} INFO - DAG(s) 'product_processing' retrieved from /opt/airflow/dags/product_processing.py
[2026-05-21T08:09:12.476+0000] {logging_mixin.py:190} INFO - [2026-05-21T08:09:12.475+0000] {dag.py:3239} INFO - Sync 1 DAGs
[2026-05-21T08:09:12.499+0000] {logging_mixin.py:190} INFO - [2026-05-21T08:09:12.499+0000] {dag.py:4180} INFO - Setting next_dagrun for product_processing to 2026-05-20 00:00:00+00:00, run_after=2026-05-21 00:00:00+00:00
[2026-05-21T08:09:12.514+0000] {processor.py:208} INFO - Processing /opt/airflow/dags/product_processing.py took 0.271 seconds
[2026-05-21T08:09:42.938+0000] {processor.py:186} INFO - Started process (PID=9350) to work on /opt/airflow/dags/product_processing.py
[2026-05-21T08:09:42.939+0000] {processor.py:914} INFO - Processing file /opt/airflow/dags/product_processing.py for tasks to queue
[2026-05-21T08:09:42.940+0000] {logging_mixin.py:190} INFO - [2026-05-21T08:09:42.940+0000] {dagbag.py:588} INFO - Filling up the DagBag from /opt/airflow/dags/product_processing.py
[2026-05-21T08:09:43.127+0000] {processor.py:925} INFO - DAG(s) 'product_processing' retrieved from /opt/airflow/dags/product_processing.py
[2026-05-21T08:09:43.145+0000] {logging_mixin.py:190} INFO - [2026-05-21T08:09:43.145+0000] {dag.py:3239} INFO - Sync 1 DAGs
[2026-05-21T08:09:43.163+0000] {logging_mixin.py:190} INFO - [2026-05-21T08:09:43.163+0000] {dag.py:4180} INFO - Setting next_dagrun for product_processing to 2026-05-20 00:00:00+00:00, run_after=2026-05-21 00:00:00+00:00
[2026-05-21T08:09:43.175+0000] {processor.py:208} INFO - Processing /opt/airflow/dags/product_processing.py took 0.242 seconds
[2026-05-21T08:10:13.463+0000] {processor.py:186} INFO - Started process (PID=9364) to work on /opt/airflow/dags/product_processing.py
[2026-05-21T08:10:13.464+0000] {processor.py:914} INFO - Processing file /opt/airflow/dags/product_processing.py for tasks to queue
[2026-05-21T08:10:13.465+0000] {logging_mixin.py:190} INFO - [2026-05-21T08:10:13.465+0000] {dagbag.py:588} INFO - Filling up the DagBag from /opt/airflow/dags/product_processing.py
[2026-05-21T08:10:13.664+0000] {processor.py:925} INFO - DAG(s) 'product_processing' retrieved from /opt/airflow/dags/product_processing.py
[2026-05-21T08:10:13.685+0000] {logging_mixin.py:190} INFO - [2026-05-21T08:10:13.684+0000] {dag.py:3239} INFO - Sync 1 DAGs
[2026-05-21T08:10:13.703+0000] {logging_mixin.py:190} INFO - [2026-05-21T08:10:13.702+0000] {dag.py:4180} INFO - Setting next_dagrun for product_processing to 2026-05-20 00:00:00+00:00, run_after=2026-05-21 00:00:00+00:00
[2026-05-21T08:10:13.715+0000] {processor.py:208} INFO - Processing /opt/airflow/dags/product_processing.py took 0.258 seconds
[2026-05-21T08:10:44.081+0000] {processor.py:186} INFO - Started process (PID=9385) to work on /opt/airflow/dags/product_processing.py
[2026-05-21T08:10:44.082+0000] {processor.py:914} INFO - Processing file /opt/airflow/dags/product_processing.py for tasks to queue
[2026-05-21T08:10:44.082+0000] {logging_mixin.py:190} INFO - [2026-05-21T08:10:44.082+0000] {dagbag.py:588} INFO - Filling up the DagBag from /opt/airflow/dags/product_processing.py
[2026-05-21T08:10:44.266+0000] {processor.py:925} INFO - DAG(s) 'product_processing' retrieved from /opt/airflow/dags/product_processing.py
[2026-05-21T08:10:44.284+0000] {logging_mixin.py:190} INFO - [2026-05-21T08:10:44.284+0000] {dag.py:3239} INFO - Sync 1 DAGs
[2026-05-21T08:10:44.300+0000] {logging_mixin.py:190} INFO - [2026-05-21T08:10:44.300+0000] {dag.py:4180} INFO - Setting next_dagrun for product_processing to 2026-05-20 00:00:00+00:00, run_after=2026-05-21 00:00:00+00:00
[2026-05-21T08:10:44.311+0000] {processor.py:208} INFO - Processing /opt/airflow/dags/product_processing.py took 0.237 seconds
[2026-05-21T08:11:14.671+0000] {processor.py:186} INFO - Started process (PID=9400) to work on /opt/airflow/dags/product_processing.py
[2026-05-21T08:11:14.671+0000] {processor.py:914} INFO - Processing file /opt/airflow/dags/product_processing.py for tasks to queue
[2026-05-21T08:11:14.672+0000] {logging_mixin.py:190} INFO - [2026-05-21T08:11:14.672+0000] {dagbag.py:588} INFO - Filling up the DagBag from /opt/airflow/dags/product_processing.py
[2026-05-21T08:11:14.854+0000] {processor.py:925} INFO - DAG(s) 'product_processing' retrieved from /opt/airflow/dags/product_processing.py
[2026-05-21T08:11:14.873+0000] {logging_mixin.py:190} INFO - [2026-05-21T08:11:14.873+0000] {dag.py:3239} INFO - Sync 1 DAGs
[2026-05-21T08:11:14.891+0000] {logging_mixin.py:190} INFO - [2026-05-21T08:11:14.891+0000] {dag.py:4180} INFO - Setting next_dagrun for product_processing to 2026-05-20 00:00:00+00:00, run_after=2026-05-21 00:00:00+00:00
[2026-05-21T08:11:14.904+0000] {processor.py:208} INFO - Processing /opt/airflow/dags/product_processing.py took 0.238 seconds
[2026-05-21T08:11:45.307+0000] {processor.py:186} INFO - Started process (PID=9414) to work on /opt/airflow/dags/product_processing.py
[2026-05-21T08:11:45.308+0000] {processor.py:914} INFO - Processing file /opt/airflow/dags/product_processing.py for tasks to queue
[2026-05-21T08:11:45.308+0000] {logging_mixin.py:190} INFO - [2026-05-21T08:11:45.308+0000] {dagbag.py:588} INFO - Filling up the DagBag from /opt/airflow/dags/product_processing.py
[2026-05-21T08:11:45.490+0000] {processor.py:925} INFO - DAG(s) 'product_processing' retrieved from /opt/airflow/dags/product_processing.py
[2026-05-21T08:11:45.507+0000] {logging_mixin.py:190} INFO - [2026-05-21T08:11:45.507+0000] {dag.py:3239} INFO - Sync 1 DAGs
[2026-05-21T08:11:45.524+0000] {logging_mixin.py:190} INFO - [2026-05-21T08:11:45.524+0000] {dag.py:4180} INFO - Setting next_dagrun for product_processing to 2026-05-20 00:00:00+00:00, run_after=2026-05-21 00:00:00+00:00
[2026-05-21T08:11:45.538+0000] {processor.py:208} INFO - Processing /opt/airflow/dags/product_processing.py took 0.239 seconds
[2026-05-21T08:12:15.950+0000] {processor.py:186} INFO - Started process (PID=9429) to work on /opt/airflow/dags/product_processing.py
[2026-05-21T08:12:15.952+0000] {processor.py:914} INFO - Processing file /opt/airflow/dags/product_processing.py for tasks to queue
[2026-05-21T08:12:15.953+0000] {logging_mixin.py:190} INFO - [2026-05-21T08:12:15.953+0000] {dagbag.py:588} INFO - Filling up the DagBag from /opt/airflow/dags/product_processing.py
[2026-05-21T08:12:16.135+0000] {processor.py:925} INFO - DAG(s) 'product_processing' retrieved from /opt/airflow/dags/product_processing.py
[2026-05-21T08:12:16.151+0000] {logging_mixin.py:190} INFO - [2026-05-21T08:12:16.151+0000] {dag.py:3239} INFO - Sync 1 DAGs
[2026-05-21T08:12:16.168+0000] {logging_mixin.py:190} INFO - [2026-05-21T08:12:16.168+0000] {dag.py:4180} INFO - Setting next_dagrun for product_processing to 2026-05-20 00:00:00+00:00, run_after=2026-05-21 00:00:00+00:00
[2026-05-21T08:12:16.179+0000] {processor.py:208} INFO - Processing /opt/airflow/dags/product_processing.py took 0.235 seconds
[2026-05-21T08:12:46.547+0000] {processor.py:186} INFO - Started process (PID=9444) to work on /opt/airflow/dags/product_processing.py
[2026-05-21T08:12:46.547+0000] {processor.py:914} INFO - Processing file /opt/airflow/dags/product_processing.py for tasks to queue
[2026-05-21T08:12:46.548+0000] {logging_mixin.py:190} INFO - [2026-05-21T08:12:46.548+0000] {dagbag.py:588} INFO - Filling up the DagBag from /opt/airflow/dags/product_processing.py
[2026-05-21T08:12:46.756+0000] {processor.py:925} INFO - DAG(s) 'product_processing' retrieved from /opt/airflow/dags/product_processing.py
[2026-05-21T08:12:46.782+0000] {logging_mixin.py:190} INFO - [2026-05-21T08:12:46.781+0000] {dag.py:3239} INFO - Sync 1 DAGs
[2026-05-21T08:12:46.800+0000] {logging_mixin.py:190} INFO - [2026-05-21T08:12:46.800+0000] {dag.py:4180} INFO - Setting next_dagrun for product_processing to 2026-05-20 00:00:00+00:00, run_after=2026-05-21 00:00:00+00:00
[2026-05-21T08:12:46.811+0000] {processor.py:208} INFO - Processing /opt/airflow/dags/product_processing.py took 0.270 seconds
[2026-05-21T08:13:17.244+0000] {processor.py:186} INFO - Started process (PID=9458) to work on /opt/airflow/dags/product_processing.py
[2026-05-21T08:13:17.245+0000] {processor.py:914} INFO - Processing file /opt/airflow/dags/product_processing.py for tasks to queue
[2026-05-21T08:13:17.246+0000] {logging_mixin.py:190} INFO - [2026-05-21T08:13:17.246+0000] {dagbag.py:588} INFO - Filling up the DagBag from /opt/airflow/dags/product_processing.py
[2026-05-21T08:13:17.472+0000] {processor.py:925} INFO - DAG(s) 'product_processing' retrieved from /opt/airflow/dags/product_processing.py
[2026-05-21T08:13:17.491+0000] {logging_mixin.py:190} INFO - [2026-05-21T08:13:17.490+0000] {dag.py:3239} INFO - Sync 1 DAGs
[2026-05-21T08:13:17.510+0000] {logging_mixin.py:190} INFO - [2026-05-21T08:13:17.510+0000] {dag.py:4180} INFO - Setting next_dagrun for product_processing to 2026-05-20 00:00:00+00:00, run_after=2026-05-21 00:00:00+00:00
[2026-05-21T08:13:17.521+0000] {processor.py:208} INFO - Processing /opt/airflow/dags/product_processing.py took 0.286 seconds
[2026-05-21T08:13:47.893+0000] {processor.py:186} INFO - Started process (PID=9472) to work on /opt/airflow/dags/product_processing.py
[2026-05-21T08:13:47.895+0000] {processor.py:914} INFO - Processing file /opt/airflow/dags/product_processing.py for tasks to queue
[2026-05-21T08:13:47.896+0000] {logging_mixin.py:190} INFO - [2026-05-21T08:13:47.895+0000] {dagbag.py:588} INFO - Filling up the DagBag from /opt/airflow/dags/product_processing.py
[2026-05-21T08:13:48.074+0000] {processor.py:925} INFO - DAG(s) 'product_processing' retrieved from /opt/airflow/dags/product_processing.py
[2026-05-21T08:13:48.090+0000] {logging_mixin.py:190} INFO - [2026-05-21T08:13:48.090+0000] {dag.py:3239} INFO - Sync 1 DAGs
[2026-05-21T08:13:48.108+0000] {logging_mixin.py:190} INFO - [2026-05-21T08:13:48.107+0000] {dag.py:4180} INFO - Setting next_dagrun for product_processing to 2026-05-20 00:00:00+00:00, run_after=2026-05-21 00:00:00+00:00
[2026-05-21T08:13:48.125+0000] {processor.py:208} INFO - Processing /opt/airflow/dags/product_processing.py took 0.241 seconds
[2026-05-21T08:14:18.509+0000] {processor.py:186} INFO - Started process (PID=9486) to work on /opt/airflow/dags/product_processing.py
[2026-05-21T08:14:18.510+0000] {processor.py:914} INFO - Processing file /opt/airflow/dags/product_processing.py for tasks to queue
[2026-05-21T08:14:18.511+0000] {logging_mixin.py:190} INFO - [2026-05-21T08:14:18.511+0000] {dagbag.py:588} INFO - Filling up the DagBag from /opt/airflow/dags/product_processing.py
[2026-05-21T08:14:18.698+0000] {processor.py:925} INFO - DAG(s) 'product_processing' retrieved from /opt/airflow/dags/product_processing.py
[2026-05-21T08:14:18.717+0000] {logging_mixin.py:190} INFO - [2026-05-21T08:14:18.717+0000] {dag.py:3239} INFO - Sync 1 DAGs
[2026-05-21T08:14:18.736+0000] {logging_mixin.py:190} INFO - [2026-05-21T08:14:18.736+0000] {dag.py:4180} INFO - Setting next_dagrun for product_processing to 2026-05-20 00:00:00+00:00, run_after=2026-05-21 00:00:00+00:00
[2026-05-21T08:14:18.748+0000] {processor.py:208} INFO - Processing /opt/airflow/dags/product_processing.py took 0.245 seconds
[2026-05-21T08:14:49.135+0000] {processor.py:186} INFO - Started process (PID=9501) to work on /opt/airflow/dags/product_processing.py
[2026-05-21T08:14:49.137+0000] {processor.py:914} INFO - Processing file /opt/airflow/dags/product_processing.py for tasks to queue
[2026-05-21T08:14:49.137+0000] {logging_mixin.py:190} INFO - [2026-05-21T08:14:49.137+0000] {dagbag.py:588} INFO - Filling up the DagBag from /opt/airflow/dags/product_processing.py
[2026-05-21T08:14:49.339+0000] {processor.py:925} INFO - DAG(s) 'product_processing' retrieved from /opt/airflow/dags/product_processing.py
[2026-05-21T08:14:49.360+0000] {logging_mixin.py:190} INFO - [2026-05-21T08:14:49.360+0000] {dag.py:3239} INFO - Sync 1 DAGs
[2026-05-21T08:14:49.381+0000] {logging_mixin.py:190} INFO - [2026-05-21T08:14:49.381+0000] {dag.py:4180} INFO - Setting next_dagrun for product_processing to 2026-05-20 00:00:00+00:00, run_after=2026-05-21 00:00:00+00:00
[2026-05-21T08:14:49.398+0000] {processor.py:208} INFO - Processing /opt/airflow/dags/product_processing.py took 0.271 seconds
[2026-05-21T08:15:19.771+0000] {processor.py:186} INFO - Started process (PID=9516) to work on /opt/airflow/dags/product_processing.py
[2026-05-21T08:15:19.776+0000] {processor.py:914} INFO - Processing file /opt/airflow/dags/product_processing.py for tasks to queue
[2026-05-21T08:15:19.777+0000] {logging_mixin.py:190} INFO - [2026-05-21T08:15:19.777+0000] {dagbag.py:588} INFO - Filling up the DagBag from /opt/airflow/dags/product_processing.py
[2026-05-21T08:15:20.182+0000] {processor.py:925} INFO - DAG(s) 'product_processing' retrieved from /opt/airflow/dags/product_processing.py
[2026-05-21T08:15:20.222+0000] {logging_mixin.py:190} INFO - [2026-05-21T08:15:20.222+0000] {dag.py:3239} INFO - Sync 1 DAGs
[2026-05-21T08:15:20.254+0000] {logging_mixin.py:190} INFO - [2026-05-21T08:15:20.254+0000] {dag.py:4180} INFO - Setting next_dagrun for product_processing to 2026-05-20 00:00:00+00:00, run_after=2026-05-21 00:00:00+00:00
[2026-05-21T08:15:20.277+0000] {processor.py:208} INFO - Processing /opt/airflow/dags/product_processing.py took 0.516 seconds
[2026-05-21T08:15:51.154+0000] {processor.py:186} INFO - Started process (PID=9530) to work on /opt/airflow/dags/product_processing.py
[2026-05-21T08:15:51.155+0000] {processor.py:914} INFO - Processing file /opt/airflow/dags/product_processing.py for tasks to queue
[2026-05-21T08:15:51.158+0000] {logging_mixin.py:190} INFO - [2026-05-21T08:15:51.157+0000] {dagbag.py:588} INFO - Filling up the DagBag from /opt/airflow/dags/product_processing.py
[2026-05-21T08:15:51.820+0000] {processor.py:925} INFO - DAG(s) 'product_processing' retrieved from /opt/airflow/dags/product_processing.py
[2026-05-21T08:15:51.869+0000] {logging_mixin.py:190} INFO - [2026-05-21T08:15:51.869+0000] {dag.py:3239} INFO - Sync 1 DAGs
[2026-05-21T08:15:51.917+0000] {logging_mixin.py:190} INFO - [2026-05-21T08:15:51.916+0000] {dag.py:4180} INFO - Setting next_dagrun for product_processing to 2026-05-20 00:00:00+00:00, run_after=2026-05-21 00:00:00+00:00
[2026-05-21T08:15:51.958+0000] {processor.py:208} INFO - Processing /opt/airflow/dags/product_processing.py took 0.823 seconds
[2026-05-21T08:16:22.479+0000] {processor.py:186} INFO - Started process (PID=9544) to work on /opt/airflow/dags/product_processing.py
[2026-05-21T08:16:22.481+0000] {processor.py:914} INFO - Processing file /opt/airflow/dags/product_processing.py for tasks to queue
[2026-05-21T08:16:22.482+0000] {logging_mixin.py:190} INFO - [2026-05-21T08:16:22.482+0000] {dagbag.py:588} INFO - Filling up the DagBag from /opt/airflow/dags/product_processing.py
[2026-05-21T08:16:22.973+0000] {processor.py:925} INFO - DAG(s) 'product_processing' retrieved from /opt/airflow/dags/product_processing.py
[2026-05-21T08:16:23.016+0000] {logging_mixin.py:190} INFO - [2026-05-21T08:16:23.016+0000] {dag.py:3239} INFO - Sync 1 DAGs
[2026-05-21T08:16:23.073+0000] {logging_mixin.py:190} INFO - [2026-05-21T08:16:23.072+0000] {dag.py:4180} INFO - Setting next_dagrun for product_processing to 2026-05-20 00:00:00+00:00, run_after=2026-05-21 00:00:00+00:00
[2026-05-21T08:16:23.115+0000] {processor.py:208} INFO - Processing /opt/airflow/dags/product_processing.py took 0.665 seconds
[2026-05-21T08:16:53.761+0000] {processor.py:186} INFO - Started process (PID=9558) to work on /opt/airflow/dags/product_processing.py
[2026-05-21T08:16:53.762+0000] {processor.py:914} INFO - Processing file /opt/airflow/dags/product_processing.py for tasks to queue
[2026-05-21T08:16:53.762+0000] {logging_mixin.py:190} INFO - [2026-05-21T08:16:53.762+0000] {dagbag.py:588} INFO - Filling up the DagBag from /opt/airflow/dags/product_processing.py
[2026-05-21T08:16:54.128+0000] {processor.py:925} INFO - DAG(s) 'product_processing' retrieved from /opt/airflow/dags/product_processing.py
[2026-05-21T08:16:54.159+0000] {logging_mixin.py:190} INFO - [2026-05-21T08:16:54.158+0000] {dag.py:3239} INFO - Sync 1 DAGs
[2026-05-21T08:16:54.198+0000] {logging_mixin.py:190} INFO - [2026-05-21T08:16:54.198+0000] {dag.py:4180} INFO - Setting next_dagrun for product_processing to 2026-05-20 00:00:00+00:00, run_after=2026-05-21 00:00:00+00:00
[2026-05-21T08:16:54.223+0000] {processor.py:208} INFO - Processing /opt/airflow/dags/product_processing.py took 0.467 seconds
[2026-05-21T08:17:24.642+0000] {processor.py:186} INFO - Started process (PID=9572) to work on /opt/airflow/dags/product_processing.py
[2026-05-21T08:17:24.646+0000] {processor.py:914} INFO - Processing file /opt/airflow/dags/product_processing.py for tasks to queue
[2026-05-21T08:17:24.649+0000] {logging_mixin.py:190} INFO - [2026-05-21T08:17:24.647+0000] {dagbag.py:588} INFO - Filling up the DagBag from /opt/airflow/dags/product_processing.py
[2026-05-21T08:17:24.999+0000] {processor.py:925} INFO - DAG(s) 'product_processing' retrieved from /opt/airflow/dags/product_processing.py
[2026-05-21T08:17:25.034+0000] {logging_mixin.py:190} INFO - [2026-05-21T08:17:25.034+0000] {dag.py:3239} INFO - Sync 1 DAGs
[2026-05-21T08:17:25.069+0000] {logging_mixin.py:190} INFO - [2026-05-21T08:17:25.068+0000] {dag.py:4180} INFO - Setting next_dagrun for product_processing to 2026-05-20 00:00:00+00:00, run_after=2026-05-21 00:00:00+00:00
[2026-05-21T08:17:25.109+0000] {processor.py:208} INFO - Processing /opt/airflow/dags/product_processing.py took 0.476 seconds
[2026-05-21T08:17:55.755+0000] {processor.py:186} INFO - Started process (PID=9587) to work on /opt/airflow/dags/product_processing.py
[2026-05-21T08:17:55.756+0000] {processor.py:914} INFO - Processing file /opt/airflow/dags/product_processing.py for tasks to queue
[2026-05-21T08:17:55.759+0000] {logging_mixin.py:190} INFO - [2026-05-21T08:17:55.759+0000] {dagbag.py:588} INFO - Filling up the DagBag from /opt/airflow/dags/product_processing.py
[2026-05-21T08:17:56.136+0000] {processor.py:925} INFO - DAG(s) 'product_processing' retrieved from /opt/airflow/dags/product_processing.py
[2026-05-21T08:17:56.211+0000] {logging_mixin.py:190} INFO - [2026-05-21T08:17:56.211+0000] {dag.py:3239} INFO - Sync 1 DAGs
[2026-05-21T08:17:56.240+0000] {logging_mixin.py:190} INFO - [2026-05-21T08:17:56.240+0000] {dag.py:4180} INFO - Setting next_dagrun for product_processing to 2026-05-20 00:00:00+00:00, run_after=2026-05-21 00:00:00+00:00
[2026-05-21T08:17:56.262+0000] {processor.py:208} INFO - Processing /opt/airflow/dags/product_processing.py took 0.532 seconds
[2026-05-21T08:18:26.624+0000] {processor.py:186} INFO - Started process (PID=9603) to work on /opt/airflow/dags/product_processing.py
[2026-05-21T08:18:26.625+0000] {processor.py:914} INFO - Processing file /opt/airflow/dags/product_processing.py for tasks to queue
[2026-05-21T08:18:26.626+0000] {logging_mixin.py:190} INFO - [2026-05-21T08:18:26.626+0000] {dagbag.py:588} INFO - Filling up the DagBag from /opt/airflow/dags/product_processing.py
[2026-05-21T08:18:26.880+0000] {processor.py:925} INFO - DAG(s) 'product_processing' retrieved from /opt/airflow/dags/product_processing.py
[2026-05-21T08:18:26.901+0000] {logging_mixin.py:190} INFO - [2026-05-21T08:18:26.901+0000] {dag.py:3239} INFO - Sync 1 DAGs
[2026-05-21T08:18:26.922+0000] {logging_mixin.py:190} INFO - [2026-05-21T08:18:26.922+0000] {dag.py:4180} INFO - Setting next_dagrun for product_processing to 2026-05-20 00:00:00+00:00, run_after=2026-05-21 00:00:00+00:00
[2026-05-21T08:18:26.937+0000] {processor.py:208} INFO - Processing /opt/airflow/dags/product_processing.py took 0.318 seconds
[2026-05-21T08:18:57.051+0000] {processor.py:186} INFO - Started process (PID=9618) to work on /opt/airflow/dags/product_processing.py
[2026-05-21T08:18:57.051+0000] {processor.py:914} INFO - Processing file /opt/airflow/dags/product_processing.py for tasks to queue
[2026-05-21T08:18:57.053+0000] {logging_mixin.py:190} INFO - [2026-05-21T08:18:57.052+0000] {dagbag.py:588} INFO - Filling up the DagBag from /opt/airflow/dags/product_processing.py
[2026-05-21T08:18:57.239+0000] {processor.py:925} INFO - DAG(s) 'product_processing' retrieved from /opt/airflow/dags/product_processing.py
[2026-05-21T08:18:57.257+0000] {logging_mixin.py:190} INFO - [2026-05-21T08:18:57.257+0000] {dag.py:3239} INFO - Sync 1 DAGs
[2026-05-21T08:18:57.274+0000] {logging_mixin.py:190} INFO - [2026-05-21T08:18:57.274+0000] {dag.py:4180} INFO - Setting next_dagrun for product_processing to 2026-05-20 00:00:00+00:00, run_after=2026-05-21 00:00:00+00:00
[2026-05-21T08:18:57.291+0000] {processor.py:208} INFO - Processing /opt/airflow/dags/product_processing.py took 0.245 seconds
[2026-05-21T08:19:27.574+0000] {processor.py:186} INFO - Started process (PID=9632) to work on /opt/airflow/dags/product_processing.py
[2026-05-21T08:19:27.576+0000] {processor.py:914} INFO - Processing file /opt/airflow/dags/product_processing.py for tasks to queue
[2026-05-21T08:19:27.577+0000] {logging_mixin.py:190} INFO - [2026-05-21T08:19:27.577+0000] {dagbag.py:588} INFO - Filling up the DagBag from /opt/airflow/dags/product_processing.py
[2026-05-21T08:19:27.764+0000] {processor.py:925} INFO - DAG(s) 'product_processing' retrieved from /opt/airflow/dags/product_processing.py
[2026-05-21T08:19:27.781+0000] {logging_mixin.py:190} INFO - [2026-05-21T08:19:27.780+0000] {dag.py:3239} INFO - Sync 1 DAGs
[2026-05-21T08:19:27.798+0000] {logging_mixin.py:190} INFO - [2026-05-21T08:19:27.798+0000] {dag.py:4180} INFO - Setting next_dagrun for product_processing to 2026-05-20 00:00:00+00:00, run_after=2026-05-21 00:00:00+00:00
[2026-05-21T08:19:27.810+0000] {processor.py:208} INFO - Processing /opt/airflow/dags/product_processing.py took 0.240 seconds
[2026-05-21T08:19:58.067+0000] {processor.py:186} INFO - Started process (PID=9646) to work on /opt/airflow/dags/product_processing.py
[2026-05-21T08:19:58.067+0000] {processor.py:914} INFO - Processing file /opt/airflow/dags/product_processing.py for tasks to queue
[2026-05-21T08:19:58.069+0000] {logging_mixin.py:190} INFO - [2026-05-21T08:19:58.069+0000] {dagbag.py:588} INFO - Filling up the DagBag from /opt/airflow/dags/product_processing.py
[2026-05-21T08:19:58.253+0000] {processor.py:925} INFO - DAG(s) 'product_processing' retrieved from /opt/airflow/dags/product_processing.py
[2026-05-21T08:19:58.269+0000] {logging_mixin.py:190} INFO - [2026-05-21T08:19:58.268+0000] {dag.py:3239} INFO - Sync 1 DAGs
[2026-05-21T08:19:58.286+0000] {logging_mixin.py:190} INFO - [2026-05-21T08:19:58.286+0000] {dag.py:4180} INFO - Setting next_dagrun for product_processing to 2026-05-20 00:00:00+00:00, run_after=2026-05-21 00:00:00+00:00
[2026-05-21T08:19:58.297+0000] {processor.py:208} INFO - Processing /opt/airflow/dags/product_processing.py took 0.235 seconds
[2026-05-21T08:20:28.559+0000] {processor.py:186} INFO - Started process (PID=9660) to work on /opt/airflow/dags/product_processing.py
[2026-05-21T08:20:28.567+0000] {processor.py:914} INFO - Processing file /opt/airflow/dags/product_processing.py for tasks to queue
[2026-05-21T08:20:28.568+0000] {logging_mixin.py:190} INFO - [2026-05-21T08:20:28.567+0000] {dagbag.py:588} INFO - Filling up the DagBag from /opt/airflow/dags/product_processing.py
[2026-05-21T08:20:28.752+0000] {processor.py:925} INFO - DAG(s) 'product_processing' retrieved from /opt/airflow/dags/product_processing.py
[2026-05-21T08:20:28.768+0000] {logging_mixin.py:190} INFO - [2026-05-21T08:20:28.768+0000] {dag.py:3239} INFO - Sync 1 DAGs
[2026-05-21T08:20:28.784+0000] {logging_mixin.py:190} INFO - [2026-05-21T08:20:28.784+0000] {dag.py:4180} INFO - Setting next_dagrun for product_processing to 2026-05-20 00:00:00+00:00, run_after=2026-05-21 00:00:00+00:00
[2026-05-21T08:20:28.796+0000] {processor.py:208} INFO - Processing /opt/airflow/dags/product_processing.py took 0.241 seconds
[2026-05-21T08:20:59.052+0000] {processor.py:186} INFO - Started process (PID=9674) to work on /opt/airflow/dags/product_processing.py
[2026-05-21T08:20:59.053+0000] {processor.py:914} INFO - Processing file /opt/airflow/dags/product_processing.py for tasks to queue
[2026-05-21T08:20:59.054+0000] {logging_mixin.py:190} INFO - [2026-05-21T08:20:59.054+0000] {dagbag.py:588} INFO - Filling up the DagBag from /opt/airflow/dags/product_processing.py
[2026-05-21T08:20:59.253+0000] {processor.py:925} INFO - DAG(s) 'product_processing' retrieved from /opt/airflow/dags/product_processing.py
[2026-05-21T08:20:59.274+0000] {logging_mixin.py:190} INFO - [2026-05-21T08:20:59.273+0000] {dag.py:3239} INFO - Sync 1 DAGs
[2026-05-21T08:20:59.305+0000] {logging_mixin.py:190} INFO - [2026-05-21T08:20:59.305+0000] {dag.py:4180} INFO - Setting next_dagrun for product_processing to 2026-05-20 00:00:00+00:00, run_after=2026-05-21 00:00:00+00:00
[2026-05-21T08:20:59.318+0000] {processor.py:208} INFO - Processing /opt/airflow/dags/product_processing.py took 0.274 seconds
[2026-05-21T08:21:29.578+0000] {processor.py:186} INFO - Started process (PID=9689) to work on /opt/airflow/dags/product_processing.py
[2026-05-21T08:21:29.580+0000] {processor.py:914} INFO - Processing file /opt/airflow/dags/product_processing.py for tasks to queue
[2026-05-21T08:21:29.582+0000] {logging_mixin.py:190} INFO - [2026-05-21T08:21:29.582+0000] {dagbag.py:588} INFO - Filling up the DagBag from /opt/airflow/dags/product_processing.py
[2026-05-21T08:21:29.822+0000] {processor.py:925} INFO - DAG(s) 'product_processing' retrieved from /opt/airflow/dags/product_processing.py
[2026-05-21T08:21:29.842+0000] {logging_mixin.py:190} INFO - [2026-05-21T08:21:29.842+0000] {dag.py:3239} INFO - Sync 1 DAGs
[2026-05-21T08:21:29.862+0000] {logging_mixin.py:190} INFO - [2026-05-21T08:21:29.862+0000] {dag.py:4180} INFO - Setting next_dagrun for product_processing to 2026-05-20 00:00:00+00:00, run_after=2026-05-21 00:00:00+00:00
[2026-05-21T08:21:29.880+0000] {processor.py:208} INFO - Processing /opt/airflow/dags/product_processing.py took 0.309 seconds
[2026-05-21T08:22:00.297+0000] {processor.py:186} INFO - Started process (PID=9703) to work on /opt/airflow/dags/product_processing.py
[2026-05-21T08:22:00.297+0000] {processor.py:914} INFO - Processing file /opt/airflow/dags/product_processing.py for tasks to queue
[2026-05-21T08:22:00.298+0000] {logging_mixin.py:190} INFO - [2026-05-21T08:22:00.298+0000] {dagbag.py:588} INFO - Filling up the DagBag from /opt/airflow/dags/product_processing.py
[2026-05-21T08:22:00.481+0000] {processor.py:925} INFO - DAG(s) 'product_processing' retrieved from /opt/airflow/dags/product_processing.py
[2026-05-21T08:22:00.496+0000] {logging_mixin.py:190} INFO - [2026-05-21T08:22:00.496+0000] {dag.py:3239} INFO - Sync 1 DAGs
[2026-05-21T08:22:00.513+0000] {logging_mixin.py:190} INFO - [2026-05-21T08:22:00.512+0000] {dag.py:4180} INFO - Setting next_dagrun for product_processing to 2026-05-20 00:00:00+00:00, run_after=2026-05-21 00:00:00+00:00
[2026-05-21T08:22:00.524+0000] {processor.py:208} INFO - Processing /opt/airflow/dags/product_processing.py took 0.232 seconds
[2026-05-21T08:22:30.851+0000] {processor.py:186} INFO - Started process (PID=9717) to work on /opt/airflow/dags/product_processing.py
[2026-05-21T08:22:30.854+0000] {processor.py:914} INFO - Processing file /opt/airflow/dags/product_processing.py for tasks to queue
[2026-05-21T08:22:30.856+0000] {logging_mixin.py:190} INFO - [2026-05-21T08:22:30.855+0000] {dagbag.py:588} INFO - Filling up the DagBag from /opt/airflow/dags/product_processing.py
[2026-05-21T08:22:31.064+0000] {processor.py:925} INFO - DAG(s) 'product_processing' retrieved from /opt/airflow/dags/product_processing.py
[2026-05-21T08:22:31.096+0000] {logging_mixin.py:190} INFO - [2026-05-21T08:22:31.095+0000] {dag.py:3239} INFO - Sync 1 DAGs
[2026-05-21T08:22:31.114+0000] {logging_mixin.py:190} INFO - [2026-05-21T08:22:31.114+0000] {dag.py:4180} INFO - Setting next_dagrun for product_processing to 2026-05-20 00:00:00+00:00, run_after=2026-05-21 00:00:00+00:00
[2026-05-21T08:22:31.126+0000] {processor.py:208} INFO - Processing /opt/airflow/dags/product_processing.py took 0.283 seconds
[2026-05-21T08:23:01.375+0000] {processor.py:186} INFO - Started process (PID=9731) to work on /opt/airflow/dags/product_processing.py
[2026-05-21T08:23:01.375+0000] {processor.py:914} INFO - Processing file /opt/airflow/dags/product_processing.py for tasks to queue
[2026-05-21T08:23:01.376+0000] {logging_mixin.py:190} INFO - [2026-05-21T08:23:01.376+0000] {dagbag.py:588} INFO - Filling up the DagBag from /opt/airflow/dags/product_processing.py
[2026-05-21T08:23:01.559+0000] {processor.py:925} INFO - DAG(s) 'product_processing' retrieved from /opt/airflow/dags/product_processing.py
[2026-05-21T08:23:01.575+0000] {logging_mixin.py:190} INFO - [2026-05-21T08:23:01.575+0000] {dag.py:3239} INFO - Sync 1 DAGs
[2026-05-21T08:23:01.590+0000] {logging_mixin.py:190} INFO - [2026-05-21T08:23:01.590+0000] {dag.py:4180} INFO - Setting next_dagrun for product_processing to 2026-05-20 00:00:00+00:00, run_after=2026-05-21 00:00:00+00:00
[2026-05-21T08:23:01.602+0000] {processor.py:208} INFO - Processing /opt/airflow/dags/product_processing.py took 0.231 seconds
[2026-05-21T08:23:31.836+0000] {processor.py:186} INFO - Started process (PID=9744) to work on /opt/airflow/dags/product_processing.py
[2026-05-21T08:23:31.837+0000] {processor.py:914} INFO - Processing file /opt/airflow/dags/product_processing.py for tasks to queue
[2026-05-21T08:23:31.838+0000] {logging_mixin.py:190} INFO - [2026-05-21T08:23:31.837+0000] {dagbag.py:588} INFO - Filling up the DagBag from /opt/airflow/dags/product_processing.py
[2026-05-21T08:23:32.026+0000] {processor.py:925} INFO - DAG(s) 'product_processing' retrieved from /opt/airflow/dags/product_processing.py
[2026-05-21T08:23:32.043+0000] {logging_mixin.py:190} INFO - [2026-05-21T08:23:32.043+0000] {dag.py:3239} INFO - Sync 1 DAGs
[2026-05-21T08:23:32.060+0000] {logging_mixin.py:190} INFO - [2026-05-21T08:23:32.060+0000] {dag.py:4180} INFO - Setting next_dagrun for product_processing to 2026-05-20 00:00:00+00:00, run_after=2026-05-21 00:00:00+00:00
[2026-05-21T08:23:32.073+0000] {processor.py:208} INFO - Processing /opt/airflow/dags/product_processing.py took 0.242 seconds
[2026-05-21T08:24:02.325+0000] {processor.py:186} INFO - Started process (PID=9758) to work on /opt/airflow/dags/product_processing.py
[2026-05-21T08:24:02.325+0000] {processor.py:914} INFO - Processing file /opt/airflow/dags/product_processing.py for tasks to queue
[2026-05-21T08:24:02.326+0000] {logging_mixin.py:190} INFO - [2026-05-21T08:24:02.326+0000] {dagbag.py:588} INFO - Filling up the DagBag from /opt/airflow/dags/product_processing.py
[2026-05-21T08:24:02.520+0000] {processor.py:925} INFO - DAG(s) 'product_processing' retrieved from /opt/airflow/dags/product_processing.py
[2026-05-21T08:24:02.536+0000] {logging_mixin.py:190} INFO - [2026-05-21T08:24:02.536+0000] {dag.py:3239} INFO - Sync 1 DAGs
[2026-05-21T08:24:02.553+0000] {logging_mixin.py:190} INFO - [2026-05-21T08:24:02.553+0000] {dag.py:4180} INFO - Setting next_dagrun for product_processing to 2026-05-20 00:00:00+00:00, run_after=2026-05-21 00:00:00+00:00
[2026-05-21T08:24:02.566+0000] {processor.py:208} INFO - Processing /opt/airflow/dags/product_processing.py took 0.245 seconds
[2026-05-21T08:24:32.783+0000] {processor.py:186} INFO - Started process (PID=9771) to work on /opt/airflow/dags/product_processing.py
[2026-05-21T08:24:32.784+0000] {processor.py:914} INFO - Processing file /opt/airflow/dags/product_processing.py for tasks to queue
[2026-05-21T08:24:32.785+0000] {logging_mixin.py:190} INFO - [2026-05-21T08:24:32.785+0000] {dagbag.py:588} INFO - Filling up the DagBag from /opt/airflow/dags/product_processing.py
[2026-05-21T08:24:32.972+0000] {processor.py:925} INFO - DAG(s) 'product_processing' retrieved from /opt/airflow/dags/product_processing.py
[2026-05-21T08:24:32.988+0000] {logging_mixin.py:190} INFO - [2026-05-21T08:24:32.988+0000] {dag.py:3239} INFO - Sync 1 DAGs
[2026-05-21T08:24:33.005+0000] {logging_mixin.py:190} INFO - [2026-05-21T08:24:33.005+0000] {dag.py:4180} INFO - Setting next_dagrun for product_processing to 2026-05-20 00:00:00+00:00, run_after=2026-05-21 00:00:00+00:00
[2026-05-21T08:24:33.016+0000] {processor.py:208} INFO - Processing /opt/airflow/dags/product_processing.py took 0.237 seconds
[2026-05-21T08:25:03.260+0000] {processor.py:186} INFO - Started process (PID=9785) to work on /opt/airflow/dags/product_processing.py
[2026-05-21T08:25:03.264+0000] {processor.py:914} INFO - Processing file /opt/airflow/dags/product_processing.py for tasks to queue
[2026-05-21T08:25:03.265+0000] {logging_mixin.py:190} INFO - [2026-05-21T08:25:03.265+0000] {dagbag.py:588} INFO - Filling up the DagBag from /opt/airflow/dags/product_processing.py
[2026-05-21T08:25:03.604+0000] {processor.py:925} INFO - DAG(s) 'product_processing' retrieved from /opt/airflow/dags/product_processing.py
[2026-05-21T08:25:03.631+0000] {logging_mixin.py:190} INFO - [2026-05-21T08:25:03.631+0000] {dag.py:3239} INFO - Sync 1 DAGs
[2026-05-21T08:25:03.649+0000] {logging_mixin.py:190} INFO - [2026-05-21T08:25:03.648+0000] {dag.py:4180} INFO - Setting next_dagrun for product_processing to 2026-05-20 00:00:00+00:00, run_after=2026-05-21 00:00:00+00:00
[2026-05-21T08:25:03.671+0000] {processor.py:208} INFO - Processing /opt/airflow/dags/product_processing.py took 0.418 seconds
[2026-05-21T08:25:33.927+0000] {processor.py:186} INFO - Started process (PID=9800) to work on /opt/airflow/dags/product_processing.py
[2026-05-21T08:25:33.928+0000] {processor.py:914} INFO - Processing file /opt/airflow/dags/product_processing.py for tasks to queue
[2026-05-21T08:25:33.929+0000] {logging_mixin.py:190} INFO - [2026-05-21T08:25:33.929+0000] {dagbag.py:588} INFO - Filling up the DagBag from /opt/airflow/dags/product_processing.py
[2026-05-21T08:25:34.120+0000] {processor.py:925} INFO - DAG(s) 'product_processing' retrieved from /opt/airflow/dags/product_processing.py
[2026-05-21T08:25:34.136+0000] {logging_mixin.py:190} INFO - [2026-05-21T08:25:34.136+0000] {dag.py:3239} INFO - Sync 1 DAGs
[2026-05-21T08:25:34.152+0000] {logging_mixin.py:190} INFO - [2026-05-21T08:25:34.152+0000] {dag.py:4180} INFO - Setting next_dagrun for product_processing to 2026-05-20 00:00:00+00:00, run_after=2026-05-21 00:00:00+00:00
[2026-05-21T08:25:34.164+0000] {processor.py:208} INFO - Processing /opt/airflow/dags/product_processing.py took 0.241 seconds
[2026-05-21T08:26:04.388+0000] {processor.py:186} INFO - Started process (PID=9814) to work on /opt/airflow/dags/product_processing.py
[2026-05-21T08:26:04.391+0000] {processor.py:914} INFO - Processing file /opt/airflow/dags/product_processing.py for tasks to queue
[2026-05-21T08:26:04.393+0000] {logging_mixin.py:190} INFO - [2026-05-21T08:26:04.392+0000] {dagbag.py:588} INFO - Filling up the DagBag from /opt/airflow/dags/product_processing.py
[2026-05-21T08:26:04.701+0000] {processor.py:925} INFO - DAG(s) 'product_processing' retrieved from /opt/airflow/dags/product_processing.py
[2026-05-21T08:26:04.723+0000] {logging_mixin.py:190} INFO - [2026-05-21T08:26:04.723+0000] {dag.py:3239} INFO - Sync 1 DAGs
[2026-05-21T08:26:04.745+0000] {logging_mixin.py:190} INFO - [2026-05-21T08:26:04.745+0000] {dag.py:4180} INFO - Setting next_dagrun for product_processing to 2026-05-20 00:00:00+00:00, run_after=2026-05-21 00:00:00+00:00
[2026-05-21T08:26:04.759+0000] {processor.py:208} INFO - Processing /opt/airflow/dags/product_processing.py took 0.381 seconds
[2026-05-21T08:26:35.107+0000] {processor.py:186} INFO - Started process (PID=9829) to work on /opt/airflow/dags/product_processing.py
[2026-05-21T08:26:35.109+0000] {processor.py:914} INFO - Processing file /opt/airflow/dags/product_processing.py for tasks to queue
[2026-05-21T08:26:35.110+0000] {logging_mixin.py:190} INFO - [2026-05-21T08:26:35.110+0000] {dagbag.py:588} INFO - Filling up the DagBag from /opt/airflow/dags/product_processing.py
[2026-05-21T08:26:35.971+0000] {processor.py:925} INFO - DAG(s) 'product_processing' retrieved from /opt/airflow/dags/product_processing.py
[2026-05-21T08:26:36.054+0000] {logging_mixin.py:190} INFO - [2026-05-21T08:26:36.053+0000] {dag.py:3239} INFO - Sync 1 DAGs
[2026-05-21T08:26:36.125+0000] {logging_mixin.py:190} INFO - [2026-05-21T08:26:36.124+0000] {dag.py:4180} INFO - Setting next_dagrun for product_processing to 2026-05-20 00:00:00+00:00, run_after=2026-05-21 00:00:00+00:00
[2026-05-21T08:26:36.177+0000] {processor.py:208} INFO - Processing /opt/airflow/dags/product_processing.py took 1.082 seconds
[2026-05-21T08:27:06.707+0000] {processor.py:186} INFO - Started process (PID=9844) to work on /opt/airflow/dags/product_processing.py
[2026-05-21T08:27:06.708+0000] {processor.py:914} INFO - Processing file /opt/airflow/dags/product_processing.py for tasks to queue
[2026-05-21T08:27:06.712+0000] {logging_mixin.py:190} INFO - [2026-05-21T08:27:06.712+0000] {dagbag.py:588} INFO - Filling up the DagBag from /opt/airflow/dags/product_processing.py
[2026-05-21T08:27:07.093+0000] {processor.py:925} INFO - DAG(s) 'product_processing' retrieved from /opt/airflow/dags/product_processing.py
[2026-05-21T08:27:07.188+0000] {logging_mixin.py:190} INFO - [2026-05-21T08:27:07.187+0000] {dag.py:3239} INFO - Sync 1 DAGs
[2026-05-21T08:27:07.266+0000] {logging_mixin.py:190} INFO - [2026-05-21T08:27:07.266+0000] {dag.py:4180} INFO - Setting next_dagrun for product_processing to 2026-05-20 00:00:00+00:00, run_after=2026-05-21 00:00:00+00:00
[2026-05-21T08:27:07.316+0000] {processor.py:208} INFO - Processing /opt/airflow/dags/product_processing.py took 0.617 seconds
[2026-05-21T08:27:37.483+0000] {processor.py:186} INFO - Started process (PID=9858) to work on /opt/airflow/dags/product_processing.py
[2026-05-21T08:27:37.485+0000] {processor.py:914} INFO - Processing file /opt/airflow/dags/product_processing.py for tasks to queue
[2026-05-21T08:27:37.487+0000] {logging_mixin.py:190} INFO - [2026-05-21T08:27:37.487+0000] {dagbag.py:588} INFO - Filling up the DagBag from /opt/airflow/dags/product_processing.py
[2026-05-21T08:27:37.894+0000] {processor.py:925} INFO - DAG(s) 'product_processing' retrieved from /opt/airflow/dags/product_processing.py
[2026-05-21T08:27:37.935+0000] {logging_mixin.py:190} INFO - [2026-05-21T08:27:37.935+0000] {dag.py:3239} INFO - Sync 1 DAGs
[2026-05-21T08:27:37.960+0000] {logging_mixin.py:190} INFO - [2026-05-21T08:27:37.960+0000] {dag.py:4180} INFO - Setting next_dagrun for product_processing to 2026-05-20 00:00:00+00:00, run_after=2026-05-21 00:00:00+00:00
[2026-05-21T08:27:37.984+0000] {processor.py:208} INFO - Processing /opt/airflow/dags/product_processing.py took 0.510 seconds
[2026-05-21T08:28:08.140+0000] {processor.py:186} INFO - Started process (PID=9872) to work on /opt/airflow/dags/product_processing.py
[2026-05-21T08:28:08.147+0000] {processor.py:914} INFO - Processing file /opt/airflow/dags/product_processing.py for tasks to queue
[2026-05-21T08:28:08.149+0000] {logging_mixin.py:190} INFO - [2026-05-21T08:28:08.148+0000] {dagbag.py:588} INFO - Filling up the DagBag from /opt/airflow/dags/product_processing.py
[2026-05-21T08:28:08.412+0000] {processor.py:925} INFO - DAG(s) 'product_processing' retrieved from /opt/airflow/dags/product_processing.py
[2026-05-21T08:28:08.437+0000] {logging_mixin.py:190} INFO - [2026-05-21T08:28:08.436+0000] {dag.py:3239} INFO - Sync 1 DAGs
[2026-05-21T08:28:08.457+0000] {logging_mixin.py:190} INFO - [2026-05-21T08:28:08.457+0000] {dag.py:4180} INFO - Setting next_dagrun for product_processing to 2026-05-20 00:00:00+00:00, run_after=2026-05-21 00:00:00+00:00
[2026-05-21T08:28:08.472+0000] {processor.py:208} INFO - Processing /opt/airflow/dags/product_processing.py took 0.341 seconds
[2026-05-21T08:28:38.782+0000] {processor.py:186} INFO - Started process (PID=9885) to work on /opt/airflow/dags/product_processing.py
[2026-05-21T08:28:38.783+0000] {processor.py:914} INFO - Processing file /opt/airflow/dags/product_processing.py for tasks to queue
[2026-05-21T08:28:38.784+0000] {logging_mixin.py:190} INFO - [2026-05-21T08:28:38.784+0000] {dagbag.py:588} INFO - Filling up the DagBag from /opt/airflow/dags/product_processing.py
[2026-05-21T08:28:39.168+0000] {processor.py:925} INFO - DAG(s) 'product_processing' retrieved from /opt/airflow/dags/product_processing.py
[2026-05-21T08:28:39.193+0000] {logging_mixin.py:190} INFO - [2026-05-21T08:28:39.192+0000] {dag.py:3239} INFO - Sync 1 DAGs
[2026-05-21T08:28:39.247+0000] {logging_mixin.py:190} INFO - [2026-05-21T08:28:39.247+0000] {dag.py:4180} INFO - Setting next_dagrun for product_processing to 2026-05-20 00:00:00+00:00, run_after=2026-05-21 00:00:00+00:00
[2026-05-21T08:28:39.263+0000] {processor.py:208} INFO - Processing /opt/airflow/dags/product_processing.py took 0.485 seconds
[2026-05-21T08:29:09.982+0000] {processor.py:186} INFO - Started process (PID=9899) to work on /opt/airflow/dags/product_processing.py
[2026-05-21T08:29:09.985+0000] {processor.py:914} INFO - Processing file /opt/airflow/dags/product_processing.py for tasks to queue
[2026-05-21T08:29:09.990+0000] {logging_mixin.py:190} INFO - [2026-05-21T08:29:09.988+0000] {dagbag.py:588} INFO - Filling up the DagBag from /opt/airflow/dags/product_processing.py
[2026-05-21T08:29:10.390+0000] {processor.py:925} INFO - DAG(s) 'product_processing' retrieved from /opt/airflow/dags/product_processing.py
[2026-05-21T08:29:10.413+0000] {logging_mixin.py:190} INFO - [2026-05-21T08:29:10.413+0000] {dag.py:3239} INFO - Sync 1 DAGs
[2026-05-21T08:29:10.440+0000] {logging_mixin.py:190} INFO - [2026-05-21T08:29:10.439+0000] {dag.py:4180} INFO - Setting next_dagrun for product_processing to 2026-05-20 00:00:00+00:00, run_after=2026-05-21 00:00:00+00:00
[2026-05-21T08:29:10.470+0000] {processor.py:208} INFO - Processing /opt/airflow/dags/product_processing.py took 0.500 seconds
[2026-05-21T08:29:41.339+0000] {processor.py:186} INFO - Started process (PID=9914) to work on /opt/airflow/dags/product_processing.py
[2026-05-21T08:29:41.340+0000] {processor.py:914} INFO - Processing file /opt/airflow/dags/product_processing.py for tasks to queue
[2026-05-21T08:29:41.340+0000] {logging_mixin.py:190} INFO - [2026-05-21T08:29:41.340+0000] {dagbag.py:588} INFO - Filling up the DagBag from /opt/airflow/dags/product_processing.py
[2026-05-21T08:29:41.630+0000] {processor.py:925} INFO - DAG(s) 'product_processing' retrieved from /opt/airflow/dags/product_processing.py
[2026-05-21T08:29:41.651+0000] {logging_mixin.py:190} INFO - [2026-05-21T08:29:41.650+0000] {dag.py:3239} INFO - Sync 1 DAGs
[2026-05-21T08:29:41.673+0000] {logging_mixin.py:190} INFO - [2026-05-21T08:29:41.672+0000] {dag.py:4180} INFO - Setting next_dagrun for product_processing to 2026-05-20 00:00:00+00:00, run_after=2026-05-21 00:00:00+00:00
[2026-05-21T08:29:41.685+0000] {processor.py:208} INFO - Processing /opt/airflow/dags/product_processing.py took 0.357 seconds
[2026-05-21T08:30:11.979+0000] {processor.py:186} INFO - Started process (PID=9928) to work on /opt/airflow/dags/product_processing.py
[2026-05-21T08:30:11.979+0000] {processor.py:914} INFO - Processing file /opt/airflow/dags/product_processing.py for tasks to queue
[2026-05-21T08:30:11.980+0000] {logging_mixin.py:190} INFO - [2026-05-21T08:30:11.980+0000] {dagbag.py:588} INFO - Filling up the DagBag from /opt/airflow/dags/product_processing.py
[2026-05-21T08:30:12.256+0000] {processor.py:925} INFO - DAG(s) 'product_processing' retrieved from /opt/airflow/dags/product_processing.py
[2026-05-21T08:30:12.288+0000] {logging_mixin.py:190} INFO - [2026-05-21T08:30:12.288+0000] {dag.py:3239} INFO - Sync 1 DAGs
[2026-05-21T08:30:12.309+0000] {logging_mixin.py:190} INFO - [2026-05-21T08:30:12.308+0000] {dag.py:4180} INFO - Setting next_dagrun for product_processing to 2026-05-20 00:00:00+00:00, run_after=2026-05-21 00:00:00+00:00
[2026-05-21T08:30:12.328+0000] {processor.py:208} INFO - Processing /opt/airflow/dags/product_processing.py took 0.353 seconds
[2026-05-21T08:30:42.699+0000] {processor.py:186} INFO - Started process (PID=9942) to work on /opt/airflow/dags/product_processing.py
[2026-05-21T08:30:42.701+0000] {processor.py:914} INFO - Processing file /opt/airflow/dags/product_processing.py for tasks to queue
[2026-05-21T08:30:42.702+0000] {logging_mixin.py:190} INFO - [2026-05-21T08:30:42.701+0000] {dagbag.py:588} INFO - Filling up the DagBag from /opt/airflow/dags/product_processing.py
[2026-05-21T08:30:42.991+0000] {processor.py:925} INFO - DAG(s) 'product_processing' retrieved from /opt/airflow/dags/product_processing.py
[2026-05-21T08:30:43.011+0000] {logging_mixin.py:190} INFO - [2026-05-21T08:30:43.011+0000] {dag.py:3239} INFO - Sync 1 DAGs
[2026-05-21T08:30:43.033+0000] {logging_mixin.py:190} INFO - [2026-05-21T08:30:43.033+0000] {dag.py:4180} INFO - Setting next_dagrun for product_processing to 2026-05-20 00:00:00+00:00, run_after=2026-05-21 00:00:00+00:00
[2026-05-21T08:30:43.049+0000] {processor.py:208} INFO - Processing /opt/airflow/dags/product_processing.py took 0.361 seconds
[2026-05-21T08:31:13.412+0000] {processor.py:186} INFO - Started process (PID=9956) to work on /opt/airflow/dags/product_processing.py
[2026-05-21T08:31:13.414+0000] {processor.py:914} INFO - Processing file /opt/airflow/dags/product_processing.py for tasks to queue
[2026-05-21T08:31:13.415+0000] {logging_mixin.py:190} INFO - [2026-05-21T08:31:13.415+0000] {dagbag.py:588} INFO - Filling up the DagBag from /opt/airflow/dags/product_processing.py
[2026-05-21T08:31:13.695+0000] {processor.py:925} INFO - DAG(s) 'product_processing' retrieved from /opt/airflow/dags/product_processing.py
[2026-05-21T08:31:13.718+0000] {logging_mixin.py:190} INFO - [2026-05-21T08:31:13.718+0000] {dag.py:3239} INFO - Sync 1 DAGs
[2026-05-21T08:31:13.737+0000] {logging_mixin.py:190} INFO - [2026-05-21T08:31:13.737+0000] {dag.py:4180} INFO - Setting next_dagrun for product_processing to 2026-05-20 00:00:00+00:00, run_after=2026-05-21 00:00:00+00:00
[2026-05-21T08:31:13.755+0000] {processor.py:208} INFO - Processing /opt/airflow/dags/product_processing.py took 0.348 seconds
[2026-05-21T08:31:44.682+0000] {processor.py:186} INFO - Started process (PID=9971) to work on /opt/airflow/dags/product_processing.py
[2026-05-21T08:31:44.690+0000] {processor.py:914} INFO - Processing file /opt/airflow/dags/product_processing.py for tasks to queue
[2026-05-21T08:31:44.691+0000] {logging_mixin.py:190} INFO - [2026-05-21T08:31:44.691+0000] {dagbag.py:588} INFO - Filling up the DagBag from /opt/airflow/dags/product_processing.py
[2026-05-21T08:31:45.001+0000] {processor.py:925} INFO - DAG(s) 'product_processing' retrieved from /opt/airflow/dags/product_processing.py
[2026-05-21T08:31:45.020+0000] {logging_mixin.py:190} INFO - [2026-05-21T08:31:45.020+0000] {dag.py:3239} INFO - Sync 1 DAGs
[2026-05-21T08:31:45.041+0000] {logging_mixin.py:190} INFO - [2026-05-21T08:31:45.041+0000] {dag.py:4180} INFO - Setting next_dagrun for product_processing to 2026-05-20 00:00:00+00:00, run_after=2026-05-21 00:00:00+00:00
[2026-05-21T08:31:45.055+0000] {processor.py:208} INFO - Processing /opt/airflow/dags/product_processing.py took 0.380 seconds
[2026-05-21T08:32:15.518+0000] {processor.py:186} INFO - Started process (PID=9985) to work on /opt/airflow/dags/product_processing.py
[2026-05-21T08:32:15.519+0000] {processor.py:914} INFO - Processing file /opt/airflow/dags/product_processing.py for tasks to queue
[2026-05-21T08:32:15.520+0000] {logging_mixin.py:190} INFO - [2026-05-21T08:32:15.520+0000] {dagbag.py:588} INFO - Filling up the DagBag from /opt/airflow/dags/product_processing.py
[2026-05-21T08:32:15.722+0000] {processor.py:925} INFO - DAG(s) 'product_processing' retrieved from /opt/airflow/dags/product_processing.py
[2026-05-21T08:32:15.744+0000] {logging_mixin.py:190} INFO - [2026-05-21T08:32:15.744+0000] {dag.py:3239} INFO - Sync 1 DAGs
[2026-05-21T08:32:15.766+0000] {logging_mixin.py:190} INFO - [2026-05-21T08:32:15.766+0000] {dag.py:4180} INFO - Setting next_dagrun for product_processing to 2026-05-20 00:00:00+00:00, run_after=2026-05-21 00:00:00+00:00
[2026-05-21T08:32:15.781+0000] {processor.py:208} INFO - Processing /opt/airflow/dags/product_processing.py took 0.268 seconds
[2026-05-21T08:32:46.228+0000] {processor.py:186} INFO - Started process (PID=9999) to work on /opt/airflow/dags/product_processing.py
[2026-05-21T08:32:46.229+0000] {processor.py:914} INFO - Processing file /opt/airflow/dags/product_processing.py for tasks to queue
[2026-05-21T08:32:46.233+0000] {logging_mixin.py:190} INFO - [2026-05-21T08:32:46.232+0000] {dagbag.py:588} INFO - Filling up the DagBag from /opt/airflow/dags/product_processing.py
[2026-05-21T08:32:46.495+0000] {processor.py:925} INFO - DAG(s) 'product_processing' retrieved from /opt/airflow/dags/product_processing.py
[2026-05-21T08:32:46.523+0000] {logging_mixin.py:190} INFO - [2026-05-21T08:32:46.521+0000] {dag.py:3239} INFO - Sync 1 DAGs
[2026-05-21T08:32:46.541+0000] {logging_mixin.py:190} INFO - [2026-05-21T08:32:46.541+0000] {dag.py:4180} INFO - Setting next_dagrun for product_processing to 2026-05-20 00:00:00+00:00, run_after=2026-05-21 00:00:00+00:00
[2026-05-21T08:32:46.555+0000] {processor.py:208} INFO - Processing /opt/airflow/dags/product_processing.py took 0.356 seconds
[2026-05-21T08:33:16.833+0000] {processor.py:186} INFO - Started process (PID=10021) to work on /opt/airflow/dags/product_processing.py
[2026-05-21T08:33:16.835+0000] {processor.py:914} INFO - Processing file /opt/airflow/dags/product_processing.py for tasks to queue
[2026-05-21T08:33:16.836+0000] {logging_mixin.py:190} INFO - [2026-05-21T08:33:16.836+0000] {dagbag.py:588} INFO - Filling up the DagBag from /opt/airflow/dags/product_processing.py
[2026-05-21T08:33:17.080+0000] {processor.py:925} INFO - DAG(s) 'product_processing' retrieved from /opt/airflow/dags/product_processing.py
[2026-05-21T08:33:17.102+0000] {logging_mixin.py:190} INFO - [2026-05-21T08:33:17.102+0000] {dag.py:3239} INFO - Sync 1 DAGs
[2026-05-21T08:33:17.123+0000] {logging_mixin.py:190} INFO - [2026-05-21T08:33:17.123+0000] {dag.py:4180} INFO - Setting next_dagrun for product_processing to 2026-05-20 00:00:00+00:00, run_after=2026-05-21 00:00:00+00:00
[2026-05-21T08:33:17.140+0000] {processor.py:208} INFO - Processing /opt/airflow/dags/product_processing.py took 0.315 seconds
[2026-05-21T08:33:47.523+0000] {processor.py:186} INFO - Started process (PID=10036) to work on /opt/airflow/dags/product_processing.py
[2026-05-21T08:33:47.523+0000] {processor.py:914} INFO - Processing file /opt/airflow/dags/product_processing.py for tasks to queue
[2026-05-21T08:33:47.524+0000] {logging_mixin.py:190} INFO - [2026-05-21T08:33:47.524+0000] {dagbag.py:588} INFO - Filling up the DagBag from /opt/airflow/dags/product_processing.py
[2026-05-21T08:33:47.737+0000] {processor.py:925} INFO - DAG(s) 'product_processing' retrieved from /opt/airflow/dags/product_processing.py
[2026-05-21T08:33:47.776+0000] {logging_mixin.py:190} INFO - [2026-05-21T08:33:47.776+0000] {dag.py:3239} INFO - Sync 1 DAGs
[2026-05-21T08:33:47.797+0000] {logging_mixin.py:190} INFO - [2026-05-21T08:33:47.796+0000] {dag.py:4180} INFO - Setting next_dagrun for product_processing to 2026-05-20 00:00:00+00:00, run_after=2026-05-21 00:00:00+00:00
[2026-05-21T08:33:47.810+0000] {processor.py:208} INFO - Processing /opt/airflow/dags/product_processing.py took 0.297 seconds
[2026-05-21T08:34:18.306+0000] {processor.py:186} INFO - Started process (PID=10051) to work on /opt/airflow/dags/product_processing.py
[2026-05-21T08:34:18.306+0000] {processor.py:914} INFO - Processing file /opt/airflow/dags/product_processing.py for tasks to queue
[2026-05-21T08:34:18.307+0000] {logging_mixin.py:190} INFO - [2026-05-21T08:34:18.307+0000] {dagbag.py:588} INFO - Filling up the DagBag from /opt/airflow/dags/product_processing.py
[2026-05-21T08:34:18.517+0000] {processor.py:925} INFO - DAG(s) 'product_processing' retrieved from /opt/airflow/dags/product_processing.py
[2026-05-21T08:34:18.537+0000] {logging_mixin.py:190} INFO - [2026-05-21T08:34:18.537+0000] {dag.py:3239} INFO - Sync 1 DAGs
[2026-05-21T08:34:18.557+0000] {logging_mixin.py:190} INFO - [2026-05-21T08:34:18.556+0000] {dag.py:4180} INFO - Setting next_dagrun for product_processing to 2026-05-20 00:00:00+00:00, run_after=2026-05-21 00:00:00+00:00
[2026-05-21T08:34:18.573+0000] {processor.py:208} INFO - Processing /opt/airflow/dags/product_processing.py took 0.272 seconds
[2026-05-21T08:34:49.067+0000] {processor.py:186} INFO - Started process (PID=10065) to work on /opt/airflow/dags/product_processing.py
[2026-05-21T08:34:49.069+0000] {processor.py:914} INFO - Processing file /opt/airflow/dags/product_processing.py for tasks to queue
[2026-05-21T08:34:49.069+0000] {logging_mixin.py:190} INFO - [2026-05-21T08:34:49.069+0000] {dagbag.py:588} INFO - Filling up the DagBag from /opt/airflow/dags/product_processing.py
[2026-05-21T08:34:49.332+0000] {processor.py:925} INFO - DAG(s) 'product_processing' retrieved from /opt/airflow/dags/product_processing.py
[2026-05-21T08:34:49.353+0000] {logging_mixin.py:190} INFO - [2026-05-21T08:34:49.353+0000] {dag.py:3239} INFO - Sync 1 DAGs
[2026-05-21T08:34:49.372+0000] {logging_mixin.py:190} INFO - [2026-05-21T08:34:49.372+0000] {dag.py:4180} INFO - Setting next_dagrun for product_processing to 2026-05-20 00:00:00+00:00, run_after=2026-05-21 00:00:00+00:00
[2026-05-21T08:34:49.386+0000] {processor.py:208} INFO - Processing /opt/airflow/dags/product_processing.py took 0.323 seconds
[2026-05-21T08:35:19.975+0000] {processor.py:186} INFO - Started process (PID=10079) to work on /opt/airflow/dags/product_processing.py
[2026-05-21T08:35:19.977+0000] {processor.py:914} INFO - Processing file /opt/airflow/dags/product_processing.py for tasks to queue
[2026-05-21T08:35:19.978+0000] {logging_mixin.py:190} INFO - [2026-05-21T08:35:19.978+0000] {dagbag.py:588} INFO - Filling up the DagBag from /opt/airflow/dags/product_processing.py
[2026-05-21T08:35:20.173+0000] {processor.py:925} INFO - DAG(s) 'product_processing' retrieved from /opt/airflow/dags/product_processing.py
[2026-05-21T08:35:20.190+0000] {logging_mixin.py:190} INFO - [2026-05-21T08:35:20.189+0000] {dag.py:3239} INFO - Sync 1 DAGs
[2026-05-21T08:35:20.207+0000] {logging_mixin.py:190} INFO - [2026-05-21T08:35:20.206+0000] {dag.py:4180} INFO - Setting next_dagrun for product_processing to 2026-05-20 00:00:00+00:00, run_after=2026-05-21 00:00:00+00:00
[2026-05-21T08:35:20.227+0000] {processor.py:208} INFO - Processing /opt/airflow/dags/product_processing.py took 0.261 seconds
[2026-05-21T08:35:50.493+0000] {processor.py:186} INFO - Started process (PID=10093) to work on /opt/airflow/dags/product_processing.py
[2026-05-21T08:35:50.494+0000] {processor.py:914} INFO - Processing file /opt/airflow/dags/product_processing.py for tasks to queue
[2026-05-21T08:35:50.495+0000] {logging_mixin.py:190} INFO - [2026-05-21T08:35:50.494+0000] {dagbag.py:588} INFO - Filling up the DagBag from /opt/airflow/dags/product_processing.py
[2026-05-21T08:35:50.709+0000] {processor.py:925} INFO - DAG(s) 'product_processing' retrieved from /opt/airflow/dags/product_processing.py
[2026-05-21T08:35:50.730+0000] {logging_mixin.py:190} INFO - [2026-05-21T08:35:50.730+0000] {dag.py:3239} INFO - Sync 1 DAGs
[2026-05-21T08:35:50.749+0000] {logging_mixin.py:190} INFO - [2026-05-21T08:35:50.749+0000] {dag.py:4180} INFO - Setting next_dagrun for product_processing to 2026-05-20 00:00:00+00:00, run_after=2026-05-21 00:00:00+00:00
[2026-05-21T08:35:50.762+0000] {processor.py:208} INFO - Processing /opt/airflow/dags/product_processing.py took 0.273 seconds
[2026-05-21T08:36:21.143+0000] {processor.py:186} INFO - Started process (PID=10108) to work on /opt/airflow/dags/product_processing.py
[2026-05-21T08:36:21.144+0000] {processor.py:914} INFO - Processing file /opt/airflow/dags/product_processing.py for tasks to queue
[2026-05-21T08:36:21.145+0000] {logging_mixin.py:190} INFO - [2026-05-21T08:36:21.145+0000] {dagbag.py:588} INFO - Filling up the DagBag from /opt/airflow/dags/product_processing.py
[2026-05-21T08:36:21.331+0000] {processor.py:925} INFO - DAG(s) 'product_processing' retrieved from /opt/airflow/dags/product_processing.py
[2026-05-21T08:36:21.350+0000] {logging_mixin.py:190} INFO - [2026-05-21T08:36:21.349+0000] {dag.py:3239} INFO - Sync 1 DAGs
[2026-05-21T08:36:21.369+0000] {logging_mixin.py:190} INFO - [2026-05-21T08:36:21.368+0000] {dag.py:4180} INFO - Setting next_dagrun for product_processing to 2026-05-20 00:00:00+00:00, run_after=2026-05-21 00:00:00+00:00
[2026-05-21T08:36:21.381+0000] {processor.py:208} INFO - Processing /opt/airflow/dags/product_processing.py took 0.245 seconds
[2026-05-21T08:36:51.757+0000] {processor.py:186} INFO - Started process (PID=10124) to work on /opt/airflow/dags/product_processing.py
[2026-05-21T08:36:51.758+0000] {processor.py:914} INFO - Processing file /opt/airflow/dags/product_processing.py for tasks to queue
[2026-05-21T08:36:51.758+0000] {logging_mixin.py:190} INFO - [2026-05-21T08:36:51.758+0000] {dagbag.py:588} INFO - Filling up the DagBag from /opt/airflow/dags/product_processing.py
[2026-05-21T08:36:51.953+0000] {processor.py:925} INFO - DAG(s) 'product_processing' retrieved from /opt/airflow/dags/product_processing.py
[2026-05-21T08:36:51.973+0000] {logging_mixin.py:190} INFO - [2026-05-21T08:36:51.972+0000] {dag.py:3239} INFO - Sync 1 DAGs
[2026-05-21T08:36:51.991+0000] {logging_mixin.py:190} INFO - [2026-05-21T08:36:51.990+0000] {dag.py:4180} INFO - Setting next_dagrun for product_processing to 2026-05-20 00:00:00+00:00, run_after=2026-05-21 00:00:00+00:00
[2026-05-21T08:36:52.004+0000] {processor.py:208} INFO - Processing /opt/airflow/dags/product_processing.py took 0.251 seconds
[2026-05-21T08:37:22.363+0000] {processor.py:186} INFO - Started process (PID=10139) to work on /opt/airflow/dags/product_processing.py
[2026-05-21T08:37:22.364+0000] {processor.py:914} INFO - Processing file /opt/airflow/dags/product_processing.py for tasks to queue
[2026-05-21T08:37:22.365+0000] {logging_mixin.py:190} INFO - [2026-05-21T08:37:22.365+0000] {dagbag.py:588} INFO - Filling up the DagBag from /opt/airflow/dags/product_processing.py
[2026-05-21T08:37:22.553+0000] {processor.py:925} INFO - DAG(s) 'product_processing' retrieved from /opt/airflow/dags/product_processing.py
[2026-05-21T08:37:22.572+0000] {logging_mixin.py:190} INFO - [2026-05-21T08:37:22.571+0000] {dag.py:3239} INFO - Sync 1 DAGs
[2026-05-21T08:37:22.589+0000] {logging_mixin.py:190} INFO - [2026-05-21T08:37:22.588+0000] {dag.py:4180} INFO - Setting next_dagrun for product_processing to 2026-05-20 00:00:00+00:00, run_after=2026-05-21 00:00:00+00:00
[2026-05-21T08:37:22.601+0000] {processor.py:208} INFO - Processing /opt/airflow/dags/product_processing.py took 0.243 seconds
[2026-05-21T08:37:53.130+0000] {processor.py:186} INFO - Started process (PID=10154) to work on /opt/airflow/dags/product_processing.py
[2026-05-21T08:37:53.132+0000] {processor.py:914} INFO - Processing file /opt/airflow/dags/product_processing.py for tasks to queue
[2026-05-21T08:37:53.132+0000] {logging_mixin.py:190} INFO - [2026-05-21T08:37:53.132+0000] {dagbag.py:588} INFO - Filling up the DagBag from /opt/airflow/dags/product_processing.py
[2026-05-21T08:37:53.335+0000] {processor.py:925} INFO - DAG(s) 'product_processing' retrieved from /opt/airflow/dags/product_processing.py
[2026-05-21T08:37:53.352+0000] {logging_mixin.py:190} INFO - [2026-05-21T08:37:53.352+0000] {dag.py:3239} INFO - Sync 1 DAGs
[2026-05-21T08:37:53.370+0000] {logging_mixin.py:190} INFO - [2026-05-21T08:37:53.370+0000] {dag.py:4180} INFO - Setting next_dagrun for product_processing to 2026-05-20 00:00:00+00:00, run_after=2026-05-21 00:00:00+00:00
[2026-05-21T08:37:53.384+0000] {processor.py:208} INFO - Processing /opt/airflow/dags/product_processing.py took 0.259 seconds
[2026-05-21T08:38:23.796+0000] {processor.py:186} INFO - Started process (PID=10169) to work on /opt/airflow/dags/product_processing.py
[2026-05-21T08:38:23.798+0000] {processor.py:914} INFO - Processing file /opt/airflow/dags/product_processing.py for tasks to queue
[2026-05-21T08:38:23.799+0000] {logging_mixin.py:190} INFO - [2026-05-21T08:38:23.798+0000] {dagbag.py:588} INFO - Filling up the DagBag from /opt/airflow/dags/product_processing.py
[2026-05-21T08:38:23.998+0000] {processor.py:925} INFO - DAG(s) 'product_processing' retrieved from /opt/airflow/dags/product_processing.py
[2026-05-21T08:38:24.020+0000] {logging_mixin.py:190} INFO - [2026-05-21T08:38:24.020+0000] {dag.py:3239} INFO - Sync 1 DAGs
[2026-05-21T08:38:24.043+0000] {logging_mixin.py:190} INFO - [2026-05-21T08:38:24.042+0000] {dag.py:4180} INFO - Setting next_dagrun for product_processing to 2026-05-20 00:00:00+00:00, run_after=2026-05-21 00:00:00+00:00
[2026-05-21T08:38:24.054+0000] {processor.py:208} INFO - Processing /opt/airflow/dags/product_processing.py took 0.262 seconds
[2026-05-21T08:38:54.437+0000] {processor.py:186} INFO - Started process (PID=10184) to work on /opt/airflow/dags/product_processing.py
[2026-05-21T08:38:54.438+0000] {processor.py:914} INFO - Processing file /opt/airflow/dags/product_processing.py for tasks to queue
[2026-05-21T08:38:54.439+0000] {logging_mixin.py:190} INFO - [2026-05-21T08:38:54.438+0000] {dagbag.py:588} INFO - Filling up the DagBag from /opt/airflow/dags/product_processing.py
[2026-05-21T08:38:54.643+0000] {processor.py:925} INFO - DAG(s) 'product_processing' retrieved from /opt/airflow/dags/product_processing.py
[2026-05-21T08:38:54.659+0000] {logging_mixin.py:190} INFO - [2026-05-21T08:38:54.659+0000] {dag.py:3239} INFO - Sync 1 DAGs
[2026-05-21T08:38:54.677+0000] {logging_mixin.py:190} INFO - [2026-05-21T08:38:54.676+0000] {dag.py:4180} INFO - Setting next_dagrun for product_processing to 2026-05-20 00:00:00+00:00, run_after=2026-05-21 00:00:00+00:00
[2026-05-21T08:38:54.690+0000] {processor.py:208} INFO - Processing /opt/airflow/dags/product_processing.py took 0.260 seconds
[2026-05-21T08:39:24.969+0000] {processor.py:186} INFO - Started process (PID=10198) to work on /opt/airflow/dags/product_processing.py
[2026-05-21T08:39:24.970+0000] {processor.py:914} INFO - Processing file /opt/airflow/dags/product_processing.py for tasks to queue
[2026-05-21T08:39:24.971+0000] {logging_mixin.py:190} INFO - [2026-05-21T08:39:24.970+0000] {dagbag.py:588} INFO - Filling up the DagBag from /opt/airflow/dags/product_processing.py
[2026-05-21T08:39:25.165+0000] {processor.py:925} INFO - DAG(s) 'product_processing' retrieved from /opt/airflow/dags/product_processing.py
[2026-05-21T08:39:25.184+0000] {logging_mixin.py:190} INFO - [2026-05-21T08:39:25.183+0000] {dag.py:3239} INFO - Sync 1 DAGs
[2026-05-21T08:39:25.200+0000] {logging_mixin.py:190} INFO - [2026-05-21T08:39:25.200+0000] {dag.py:4180} INFO - Setting next_dagrun for product_processing to 2026-05-20 00:00:00+00:00, run_after=2026-05-21 00:00:00+00:00
[2026-05-21T08:39:25.212+0000] {processor.py:208} INFO - Processing /opt/airflow/dags/product_processing.py took 0.248 seconds
[2026-05-21T08:39:55.607+0000] {processor.py:186} INFO - Started process (PID=10213) to work on /opt/airflow/dags/product_processing.py
[2026-05-21T08:39:55.615+0000] {processor.py:914} INFO - Processing file /opt/airflow/dags/product_processing.py for tasks to queue
[2026-05-21T08:39:55.616+0000] {logging_mixin.py:190} INFO - [2026-05-21T08:39:55.616+0000] {dagbag.py:588} INFO - Filling up the DagBag from /opt/airflow/dags/product_processing.py
[2026-05-21T08:39:56.117+0000] {processor.py:925} INFO - DAG(s) 'product_processing' retrieved from /opt/airflow/dags/product_processing.py
[2026-05-21T08:39:56.159+0000] {logging_mixin.py:190} INFO - [2026-05-21T08:39:56.159+0000] {dag.py:3239} INFO - Sync 1 DAGs
[2026-05-21T08:39:56.203+0000] {logging_mixin.py:190} INFO - [2026-05-21T08:39:56.203+0000] {dag.py:4180} INFO - Setting next_dagrun for product_processing to 2026-05-20 00:00:00+00:00, run_after=2026-05-21 00:00:00+00:00
[2026-05-21T08:39:56.237+0000] {processor.py:208} INFO - Processing /opt/airflow/dags/product_processing.py took 0.639 seconds
[2026-05-21T08:40:27.133+0000] {processor.py:186} INFO - Started process (PID=10228) to work on /opt/airflow/dags/product_processing.py
[2026-05-21T08:40:27.133+0000] {processor.py:914} INFO - Processing file /opt/airflow/dags/product_processing.py for tasks to queue
[2026-05-21T08:40:27.134+0000] {logging_mixin.py:190} INFO - [2026-05-21T08:40:27.134+0000] {dagbag.py:588} INFO - Filling up the DagBag from /opt/airflow/dags/product_processing.py
[2026-05-21T08:40:27.346+0000] {processor.py:925} INFO - DAG(s) 'product_processing' retrieved from /opt/airflow/dags/product_processing.py
[2026-05-21T08:40:27.367+0000] {logging_mixin.py:190} INFO - [2026-05-21T08:40:27.366+0000] {dag.py:3239} INFO - Sync 1 DAGs
[2026-05-21T08:40:27.384+0000] {logging_mixin.py:190} INFO - [2026-05-21T08:40:27.384+0000] {dag.py:4180} INFO - Setting next_dagrun for product_processing to 2026-05-20 00:00:00+00:00, run_after=2026-05-21 00:00:00+00:00
[2026-05-21T08:40:27.399+0000] {processor.py:208} INFO - Processing /opt/airflow/dags/product_processing.py took 0.272 seconds
[2026-05-21T08:40:57.826+0000] {processor.py:186} INFO - Started process (PID=10243) to work on /opt/airflow/dags/product_processing.py
[2026-05-21T08:40:57.827+0000] {processor.py:914} INFO - Processing file /opt/airflow/dags/product_processing.py for tasks to queue
[2026-05-21T08:40:57.829+0000] {logging_mixin.py:190} INFO - [2026-05-21T08:40:57.827+0000] {dagbag.py:588} INFO - Filling up the DagBag from /opt/airflow/dags/product_processing.py
[2026-05-21T08:40:58.071+0000] {processor.py:925} INFO - DAG(s) 'product_processing' retrieved from /opt/airflow/dags/product_processing.py
[2026-05-21T08:40:58.092+0000] {logging_mixin.py:190} INFO - [2026-05-21T08:40:58.091+0000] {dag.py:3239} INFO - Sync 1 DAGs
[2026-05-21T08:40:58.112+0000] {logging_mixin.py:190} INFO - [2026-05-21T08:40:58.112+0000] {dag.py:4180} INFO - Setting next_dagrun for product_processing to 2026-05-20 00:00:00+00:00, run_after=2026-05-21 00:00:00+00:00
[2026-05-21T08:40:58.127+0000] {processor.py:208} INFO - Processing /opt/airflow/dags/product_processing.py took 0.307 seconds
[2026-05-21T08:41:28.539+0000] {processor.py:186} INFO - Started process (PID=10258) to work on /opt/airflow/dags/product_processing.py
[2026-05-21T08:41:28.540+0000] {processor.py:914} INFO - Processing file /opt/airflow/dags/product_processing.py for tasks to queue
[2026-05-21T08:41:28.541+0000] {logging_mixin.py:190} INFO - [2026-05-21T08:41:28.541+0000] {dagbag.py:588} INFO - Filling up the DagBag from /opt/airflow/dags/product_processing.py
[2026-05-21T08:41:28.749+0000] {processor.py:925} INFO - DAG(s) 'product_processing' retrieved from /opt/airflow/dags/product_processing.py
[2026-05-21T08:41:28.773+0000] {logging_mixin.py:190} INFO - [2026-05-21T08:41:28.773+0000] {dag.py:3239} INFO - Sync 1 DAGs
[2026-05-21T08:41:28.796+0000] {logging_mixin.py:190} INFO - [2026-05-21T08:41:28.796+0000] {dag.py:4180} INFO - Setting next_dagrun for product_processing to 2026-05-20 00:00:00+00:00, run_after=2026-05-21 00:00:00+00:00
[2026-05-21T08:41:28.811+0000] {processor.py:208} INFO - Processing /opt/airflow/dags/product_processing.py took 0.277 seconds
[2026-05-21T08:41:59.273+0000] {processor.py:186} INFO - Started process (PID=10274) to work on /opt/airflow/dags/product_processing.py
[2026-05-21T08:41:59.274+0000] {processor.py:914} INFO - Processing file /opt/airflow/dags/product_processing.py for tasks to queue
[2026-05-21T08:41:59.275+0000] {logging_mixin.py:190} INFO - [2026-05-21T08:41:59.274+0000] {dagbag.py:588} INFO - Filling up the DagBag from /opt/airflow/dags/product_processing.py
[2026-05-21T08:41:59.488+0000] {processor.py:925} INFO - DAG(s) 'product_processing' retrieved from /opt/airflow/dags/product_processing.py
[2026-05-21T08:41:59.509+0000] {logging_mixin.py:190} INFO - [2026-05-21T08:41:59.509+0000] {dag.py:3239} INFO - Sync 1 DAGs
[2026-05-21T08:41:59.548+0000] {logging_mixin.py:190} INFO - [2026-05-21T08:41:59.548+0000] {dag.py:4180} INFO - Setting next_dagrun for product_processing to 2026-05-20 00:00:00+00:00, run_after=2026-05-21 00:00:00+00:00
[2026-05-21T08:41:59.572+0000] {processor.py:208} INFO - Processing /opt/airflow/dags/product_processing.py took 0.304 seconds
[2026-05-21T08:42:29.960+0000] {processor.py:186} INFO - Started process (PID=10288) to work on /opt/airflow/dags/product_processing.py
[2026-05-21T08:42:29.960+0000] {processor.py:914} INFO - Processing file /opt/airflow/dags/product_processing.py for tasks to queue
[2026-05-21T08:42:29.961+0000] {logging_mixin.py:190} INFO - [2026-05-21T08:42:29.961+0000] {dagbag.py:588} INFO - Filling up the DagBag from /opt/airflow/dags/product_processing.py
[2026-05-21T08:42:30.185+0000] {processor.py:925} INFO - DAG(s) 'product_processing' retrieved from /opt/airflow/dags/product_processing.py
[2026-05-21T08:42:30.208+0000] {logging_mixin.py:190} INFO - [2026-05-21T08:42:30.208+0000] {dag.py:3239} INFO - Sync 1 DAGs
[2026-05-21T08:42:30.230+0000] {logging_mixin.py:190} INFO - [2026-05-21T08:42:30.230+0000] {dag.py:4180} INFO - Setting next_dagrun for product_processing to 2026-05-20 00:00:00+00:00, run_after=2026-05-21 00:00:00+00:00
[2026-05-21T08:42:30.249+0000] {processor.py:208} INFO - Processing /opt/airflow/dags/product_processing.py took 0.295 seconds
[2026-05-21T08:43:00.578+0000] {processor.py:186} INFO - Started process (PID=10303) to work on /opt/airflow/dags/product_processing.py
[2026-05-21T08:43:00.580+0000] {processor.py:914} INFO - Processing file /opt/airflow/dags/product_processing.py for tasks to queue
[2026-05-21T08:43:00.581+0000] {logging_mixin.py:190} INFO - [2026-05-21T08:43:00.581+0000] {dagbag.py:588} INFO - Filling up the DagBag from /opt/airflow/dags/product_processing.py
[2026-05-21T08:43:00.794+0000] {processor.py:925} INFO - DAG(s) 'product_processing' retrieved from /opt/airflow/dags/product_processing.py
[2026-05-21T08:43:00.815+0000] {logging_mixin.py:190} INFO - [2026-05-21T08:43:00.815+0000] {dag.py:3239} INFO - Sync 1 DAGs
[2026-05-21T08:43:00.834+0000] {logging_mixin.py:190} INFO - [2026-05-21T08:43:00.833+0000] {dag.py:4180} INFO - Setting next_dagrun for product_processing to 2026-05-20 00:00:00+00:00, run_after=2026-05-21 00:00:00+00:00
[2026-05-21T08:43:00.851+0000] {processor.py:208} INFO - Processing /opt/airflow/dags/product_processing.py took 0.277 seconds
[2026-05-21T08:43:31.299+0000] {processor.py:186} INFO - Started process (PID=10318) to work on /opt/airflow/dags/product_processing.py
[2026-05-21T08:43:31.299+0000] {processor.py:914} INFO - Processing file /opt/airflow/dags/product_processing.py for tasks to queue
[2026-05-21T08:43:31.301+0000] {logging_mixin.py:190} INFO - [2026-05-21T08:43:31.300+0000] {dagbag.py:588} INFO - Filling up the DagBag from /opt/airflow/dags/product_processing.py
[2026-05-21T08:43:31.507+0000] {processor.py:925} INFO - DAG(s) 'product_processing' retrieved from /opt/airflow/dags/product_processing.py
[2026-05-21T08:43:31.525+0000] {logging_mixin.py:190} INFO - [2026-05-21T08:43:31.525+0000] {dag.py:3239} INFO - Sync 1 DAGs
[2026-05-21T08:43:31.546+0000] {logging_mixin.py:190} INFO - [2026-05-21T08:43:31.546+0000] {dag.py:4180} INFO - Setting next_dagrun for product_processing to 2026-05-20 00:00:00+00:00, run_after=2026-05-21 00:00:00+00:00
[2026-05-21T08:43:31.564+0000] {processor.py:208} INFO - Processing /opt/airflow/dags/product_processing.py took 0.270 seconds
[2026-05-21T08:44:02.467+0000] {processor.py:186} INFO - Started process (PID=10334) to work on /opt/airflow/dags/product_processing.py
[2026-05-21T08:44:02.468+0000] {processor.py:914} INFO - Processing file /opt/airflow/dags/product_processing.py for tasks to queue
[2026-05-21T08:44:02.469+0000] {logging_mixin.py:190} INFO - [2026-05-21T08:44:02.469+0000] {dagbag.py:588} INFO - Filling up the DagBag from /opt/airflow/dags/product_processing.py
[2026-05-21T08:44:02.668+0000] {processor.py:925} INFO - DAG(s) 'product_processing' retrieved from /opt/airflow/dags/product_processing.py
[2026-05-21T08:44:02.685+0000] {logging_mixin.py:190} INFO - [2026-05-21T08:44:02.685+0000] {dag.py:3239} INFO - Sync 1 DAGs
[2026-05-21T08:44:02.702+0000] {logging_mixin.py:190} INFO - [2026-05-21T08:44:02.702+0000] {dag.py:4180} INFO - Setting next_dagrun for product_processing to 2026-05-20 00:00:00+00:00, run_after=2026-05-21 00:00:00+00:00
[2026-05-21T08:44:02.720+0000] {processor.py:208} INFO - Processing /opt/airflow/dags/product_processing.py took 0.258 seconds
[2026-05-21T08:44:33.582+0000] {processor.py:186} INFO - Started process (PID=10349) to work on /opt/airflow/dags/product_processing.py
[2026-05-21T08:44:33.582+0000] {processor.py:914} INFO - Processing file /opt/airflow/dags/product_processing.py for tasks to queue
[2026-05-21T08:44:33.584+0000] {logging_mixin.py:190} INFO - [2026-05-21T08:44:33.583+0000] {dagbag.py:588} INFO - Filling up the DagBag from /opt/airflow/dags/product_processing.py
[2026-05-21T08:44:33.807+0000] {processor.py:925} INFO - DAG(s) 'product_processing' retrieved from /opt/airflow/dags/product_processing.py
[2026-05-21T08:44:33.827+0000] {logging_mixin.py:190} INFO - [2026-05-21T08:44:33.827+0000] {dag.py:3239} INFO - Sync 1 DAGs
[2026-05-21T08:44:33.848+0000] {logging_mixin.py:190} INFO - [2026-05-21T08:44:33.848+0000] {dag.py:4180} INFO - Setting next_dagrun for product_processing to 2026-05-20 00:00:00+00:00, run_after=2026-05-21 00:00:00+00:00
[2026-05-21T08:44:33.861+0000] {processor.py:208} INFO - Processing /opt/airflow/dags/product_processing.py took 0.283 seconds
[2026-05-21T08:45:04.571+0000] {processor.py:186} INFO - Started process (PID=10364) to work on /opt/airflow/dags/product_processing.py
[2026-05-21T08:45:04.572+0000] {processor.py:914} INFO - Processing file /opt/airflow/dags/product_processing.py for tasks to queue
[2026-05-21T08:45:04.572+0000] {logging_mixin.py:190} INFO - [2026-05-21T08:45:04.572+0000] {dagbag.py:588} INFO - Filling up the DagBag from /opt/airflow/dags/product_processing.py
[2026-05-21T08:45:04.768+0000] {processor.py:925} INFO - DAG(s) 'product_processing' retrieved from /opt/airflow/dags/product_processing.py
[2026-05-21T08:45:04.786+0000] {logging_mixin.py:190} INFO - [2026-05-21T08:45:04.785+0000] {dag.py:3239} INFO - Sync 1 DAGs
[2026-05-21T08:45:04.804+0000] {logging_mixin.py:190} INFO - [2026-05-21T08:45:04.804+0000] {dag.py:4180} INFO - Setting next_dagrun for product_processing to 2026-05-20 00:00:00+00:00, run_after=2026-05-21 00:00:00+00:00
[2026-05-21T08:45:04.820+0000] {processor.py:208} INFO - Processing /opt/airflow/dags/product_processing.py took 0.254 seconds
[2026-05-21T08:45:35.506+0000] {processor.py:186} INFO - Started process (PID=10378) to work on /opt/airflow/dags/product_processing.py
[2026-05-21T08:45:35.507+0000] {processor.py:914} INFO - Processing file /opt/airflow/dags/product_processing.py for tasks to queue
[2026-05-21T08:45:35.508+0000] {logging_mixin.py:190} INFO - [2026-05-21T08:45:35.508+0000] {dagbag.py:588} INFO - Filling up the DagBag from /opt/airflow/dags/product_processing.py
[2026-05-21T08:45:35.745+0000] {processor.py:925} INFO - DAG(s) 'product_processing' retrieved from /opt/airflow/dags/product_processing.py
[2026-05-21T08:45:35.764+0000] {logging_mixin.py:190} INFO - [2026-05-21T08:45:35.764+0000] {dag.py:3239} INFO - Sync 1 DAGs
[2026-05-21T08:45:35.784+0000] {logging_mixin.py:190} INFO - [2026-05-21T08:45:35.784+0000] {dag.py:4180} INFO - Setting next_dagrun for product_processing to 2026-05-20 00:00:00+00:00, run_after=2026-05-21 00:00:00+00:00
[2026-05-21T08:45:35.799+0000] {processor.py:208} INFO - Processing /opt/airflow/dags/product_processing.py took 0.299 seconds
[2026-05-21T08:46:06.245+0000] {processor.py:186} INFO - Started process (PID=10393) to work on /opt/airflow/dags/product_processing.py
[2026-05-21T08:46:06.253+0000] {processor.py:914} INFO - Processing file /opt/airflow/dags/product_processing.py for tasks to queue
[2026-05-21T08:46:06.255+0000] {logging_mixin.py:190} INFO - [2026-05-21T08:46:06.255+0000] {dagbag.py:588} INFO - Filling up the DagBag from /opt/airflow/dags/product_processing.py
[2026-05-21T08:46:06.446+0000] {processor.py:925} INFO - DAG(s) 'product_processing' retrieved from /opt/airflow/dags/product_processing.py
[2026-05-21T08:46:06.465+0000] {logging_mixin.py:190} INFO - [2026-05-21T08:46:06.464+0000] {dag.py:3239} INFO - Sync 1 DAGs
[2026-05-21T08:46:06.481+0000] {logging_mixin.py:190} INFO - [2026-05-21T08:46:06.481+0000] {dag.py:4180} INFO - Setting next_dagrun for product_processing to 2026-05-20 00:00:00+00:00, run_after=2026-05-21 00:00:00+00:00
[2026-05-21T08:46:06.495+0000] {processor.py:208} INFO - Processing /opt/airflow/dags/product_processing.py took 0.254 seconds
[2026-05-21T08:46:36.934+0000] {processor.py:186} INFO - Started process (PID=10408) to work on /opt/airflow/dags/product_processing.py
[2026-05-21T08:46:36.936+0000] {processor.py:914} INFO - Processing file /opt/airflow/dags/product_processing.py for tasks to queue
[2026-05-21T08:46:36.940+0000] {logging_mixin.py:190} INFO - [2026-05-21T08:46:36.939+0000] {dagbag.py:588} INFO - Filling up the DagBag from /opt/airflow/dags/product_processing.py
[2026-05-21T08:46:37.482+0000] {processor.py:925} INFO - DAG(s) 'product_processing' retrieved from /opt/airflow/dags/product_processing.py
[2026-05-21T08:46:37.520+0000] {logging_mixin.py:190} INFO - [2026-05-21T08:46:37.519+0000] {dag.py:3239} INFO - Sync 1 DAGs
[2026-05-21T08:46:37.556+0000] {logging_mixin.py:190} INFO - [2026-05-21T08:46:37.554+0000] {dag.py:4180} INFO - Setting next_dagrun for product_processing to 2026-05-20 00:00:00+00:00, run_after=2026-05-21 00:00:00+00:00
[2026-05-21T08:46:37.589+0000] {processor.py:208} INFO - Processing /opt/airflow/dags/product_processing.py took 0.670 seconds
[2026-05-21T08:47:08.343+0000] {processor.py:186} INFO - Started process (PID=10423) to work on /opt/airflow/dags/product_processing.py
[2026-05-21T08:47:08.344+0000] {processor.py:914} INFO - Processing file /opt/airflow/dags/product_processing.py for tasks to queue
[2026-05-21T08:47:08.345+0000] {logging_mixin.py:190} INFO - [2026-05-21T08:47:08.345+0000] {dagbag.py:588} INFO - Filling up the DagBag from /opt/airflow/dags/product_processing.py
[2026-05-21T08:47:08.569+0000] {processor.py:925} INFO - DAG(s) 'product_processing' retrieved from /opt/airflow/dags/product_processing.py
[2026-05-21T08:47:08.620+0000] {logging_mixin.py:190} INFO - [2026-05-21T08:47:08.620+0000] {dag.py:3239} INFO - Sync 1 DAGs
[2026-05-21T08:47:08.671+0000] {logging_mixin.py:190} INFO - [2026-05-21T08:47:08.671+0000] {dag.py:4180} INFO - Setting next_dagrun for product_processing to 2026-05-20 00:00:00+00:00, run_after=2026-05-21 00:00:00+00:00
[2026-05-21T08:47:08.741+0000] {processor.py:208} INFO - Processing /opt/airflow/dags/product_processing.py took 0.404 seconds
[2026-05-21T08:47:39.704+0000] {processor.py:186} INFO - Started process (PID=10438) to work on /opt/airflow/dags/product_processing.py
[2026-05-21T08:47:39.704+0000] {processor.py:914} INFO - Processing file /opt/airflow/dags/product_processing.py for tasks to queue
[2026-05-21T08:47:39.705+0000] {logging_mixin.py:190} INFO - [2026-05-21T08:47:39.705+0000] {dagbag.py:588} INFO - Filling up the DagBag from /opt/airflow/dags/product_processing.py
[2026-05-21T08:47:39.944+0000] {processor.py:925} INFO - DAG(s) 'product_processing' retrieved from /opt/airflow/dags/product_processing.py
[2026-05-21T08:47:39.963+0000] {logging_mixin.py:190} INFO - [2026-05-21T08:47:39.963+0000] {dag.py:3239} INFO - Sync 1 DAGs
[2026-05-21T08:47:39.984+0000] {logging_mixin.py:190} INFO - [2026-05-21T08:47:39.984+0000] {dag.py:4180} INFO - Setting next_dagrun for product_processing to 2026-05-20 00:00:00+00:00, run_after=2026-05-21 00:00:00+00:00
[2026-05-21T08:47:40.001+0000] {processor.py:208} INFO - Processing /opt/airflow/dags/product_processing.py took 0.302 seconds
[2026-05-21T08:48:10.408+0000] {processor.py:186} INFO - Started process (PID=10454) to work on /opt/airflow/dags/product_processing.py
[2026-05-21T08:48:10.416+0000] {processor.py:914} INFO - Processing file /opt/airflow/dags/product_processing.py for tasks to queue
[2026-05-21T08:48:10.417+0000] {logging_mixin.py:190} INFO - [2026-05-21T08:48:10.417+0000] {dagbag.py:588} INFO - Filling up the DagBag from /opt/airflow/dags/product_processing.py
[2026-05-21T08:48:10.613+0000] {processor.py:925} INFO - DAG(s) 'product_processing' retrieved from /opt/airflow/dags/product_processing.py
[2026-05-21T08:48:10.630+0000] {logging_mixin.py:190} INFO - [2026-05-21T08:48:10.630+0000] {dag.py:3239} INFO - Sync 1 DAGs
[2026-05-21T08:48:10.648+0000] {logging_mixin.py:190} INFO - [2026-05-21T08:48:10.648+0000] {dag.py:4180} INFO - Setting next_dagrun for product_processing to 2026-05-20 00:00:00+00:00, run_after=2026-05-21 00:00:00+00:00
[2026-05-21T08:48:10.661+0000] {processor.py:208} INFO - Processing /opt/airflow/dags/product_processing.py took 0.257 seconds
[2026-05-21T08:48:41.075+0000] {processor.py:186} INFO - Started process (PID=10469) to work on /opt/airflow/dags/product_processing.py
[2026-05-21T08:48:41.076+0000] {processor.py:914} INFO - Processing file /opt/airflow/dags/product_processing.py for tasks to queue
[2026-05-21T08:48:41.076+0000] {logging_mixin.py:190} INFO - [2026-05-21T08:48:41.076+0000] {dagbag.py:588} INFO - Filling up the DagBag from /opt/airflow/dags/product_processing.py
[2026-05-21T08:48:41.282+0000] {processor.py:925} INFO - DAG(s) 'product_processing' retrieved from /opt/airflow/dags/product_processing.py
[2026-05-21T08:48:41.304+0000] {logging_mixin.py:190} INFO - [2026-05-21T08:48:41.304+0000] {dag.py:3239} INFO - Sync 1 DAGs
[2026-05-21T08:48:41.323+0000] {logging_mixin.py:190} INFO - [2026-05-21T08:48:41.323+0000] {dag.py:4180} INFO - Setting next_dagrun for product_processing to 2026-05-20 00:00:00+00:00, run_after=2026-05-21 00:00:00+00:00
[2026-05-21T08:48:41.340+0000] {processor.py:208} INFO - Processing /opt/airflow/dags/product_processing.py took 0.269 seconds
[2026-05-21T08:49:11.828+0000] {processor.py:186} INFO - Started process (PID=10483) to work on /opt/airflow/dags/product_processing.py
[2026-05-21T08:49:11.831+0000] {processor.py:914} INFO - Processing file /opt/airflow/dags/product_processing.py for tasks to queue
[2026-05-21T08:49:11.833+0000] {logging_mixin.py:190} INFO - [2026-05-21T08:49:11.832+0000] {dagbag.py:588} INFO - Filling up the DagBag from /opt/airflow/dags/product_processing.py
[2026-05-21T08:49:12.048+0000] {processor.py:925} INFO - DAG(s) 'product_processing' retrieved from /opt/airflow/dags/product_processing.py
[2026-05-21T08:49:12.073+0000] {logging_mixin.py:190} INFO - [2026-05-21T08:49:12.073+0000] {dag.py:3239} INFO - Sync 1 DAGs
[2026-05-21T08:49:12.095+0000] {logging_mixin.py:190} INFO - [2026-05-21T08:49:12.095+0000] {dag.py:4180} INFO - Setting next_dagrun for product_processing to 2026-05-20 00:00:00+00:00, run_after=2026-05-21 00:00:00+00:00
[2026-05-21T08:49:12.111+0000] {processor.py:208} INFO - Processing /opt/airflow/dags/product_processing.py took 0.290 seconds
[2026-05-21T08:49:42.288+0000] {processor.py:186} INFO - Started process (PID=10498) to work on /opt/airflow/dags/product_processing.py
[2026-05-21T08:49:42.289+0000] {processor.py:914} INFO - Processing file /opt/airflow/dags/product_processing.py for tasks to queue
[2026-05-21T08:49:42.290+0000] {logging_mixin.py:190} INFO - [2026-05-21T08:49:42.290+0000] {dagbag.py:588} INFO - Filling up the DagBag from /opt/airflow/dags/product_processing.py
[2026-05-21T08:49:42.510+0000] {processor.py:925} INFO - DAG(s) 'product_processing' retrieved from /opt/airflow/dags/product_processing.py
[2026-05-21T08:49:42.527+0000] {logging_mixin.py:190} INFO - [2026-05-21T08:49:42.526+0000] {dag.py:3239} INFO - Sync 1 DAGs
[2026-05-21T08:49:42.545+0000] {logging_mixin.py:190} INFO - [2026-05-21T08:49:42.544+0000] {dag.py:4180} INFO - Setting next_dagrun for product_processing to 2026-05-20 00:00:00+00:00, run_after=2026-05-21 00:00:00+00:00
[2026-05-21T08:49:42.559+0000] {processor.py:208} INFO - Processing /opt/airflow/dags/product_processing.py took 0.275 seconds
[2026-05-21T08:50:12.615+0000] {processor.py:186} INFO - Started process (PID=10513) to work on /opt/airflow/dags/product_processing.py
[2026-05-21T08:50:12.623+0000] {processor.py:914} INFO - Processing file /opt/airflow/dags/product_processing.py for tasks to queue
[2026-05-21T08:50:12.624+0000] {logging_mixin.py:190} INFO - [2026-05-21T08:50:12.624+0000] {dagbag.py:588} INFO - Filling up the DagBag from /opt/airflow/dags/product_processing.py
[2026-05-21T08:50:12.849+0000] {processor.py:925} INFO - DAG(s) 'product_processing' retrieved from /opt/airflow/dags/product_processing.py
[2026-05-21T08:50:12.869+0000] {logging_mixin.py:190} INFO - [2026-05-21T08:50:12.869+0000] {dag.py:3239} INFO - Sync 1 DAGs
[2026-05-21T08:50:12.896+0000] {logging_mixin.py:190} INFO - [2026-05-21T08:50:12.896+0000] {dag.py:4180} INFO - Setting next_dagrun for product_processing to 2026-05-20 00:00:00+00:00, run_after=2026-05-21 00:00:00+00:00
[2026-05-21T08:50:12.915+0000] {processor.py:208} INFO - Processing /opt/airflow/dags/product_processing.py took 0.304 seconds
[2026-05-21T08:50:42.952+0000] {processor.py:186} INFO - Started process (PID=10527) to work on /opt/airflow/dags/product_processing.py
[2026-05-21T08:50:42.953+0000] {processor.py:914} INFO - Processing file /opt/airflow/dags/product_processing.py for tasks to queue
[2026-05-21T08:50:42.953+0000] {logging_mixin.py:190} INFO - [2026-05-21T08:50:42.953+0000] {dagbag.py:588} INFO - Filling up the DagBag from /opt/airflow/dags/product_processing.py
[2026-05-21T08:50:43.181+0000] {processor.py:925} INFO - DAG(s) 'product_processing' retrieved from /opt/airflow/dags/product_processing.py
[2026-05-21T08:50:43.198+0000] {logging_mixin.py:190} INFO - [2026-05-21T08:50:43.198+0000] {dag.py:3239} INFO - Sync 1 DAGs
[2026-05-21T08:50:43.214+0000] {logging_mixin.py:190} INFO - [2026-05-21T08:50:43.214+0000] {dag.py:4180} INFO - Setting next_dagrun for product_processing to 2026-05-20 00:00:00+00:00, run_after=2026-05-21 00:00:00+00:00
[2026-05-21T08:50:43.228+0000] {processor.py:208} INFO - Processing /opt/airflow/dags/product_processing.py took 0.281 seconds
[2026-05-21T08:51:13.587+0000] {processor.py:186} INFO - Started process (PID=10542) to work on /opt/airflow/dags/product_processing.py
[2026-05-21T08:51:13.589+0000] {processor.py:914} INFO - Processing file /opt/airflow/dags/product_processing.py for tasks to queue
[2026-05-21T08:51:13.590+0000] {logging_mixin.py:190} INFO - [2026-05-21T08:51:13.590+0000] {dagbag.py:588} INFO - Filling up the DagBag from /opt/airflow/dags/product_processing.py
[2026-05-21T08:51:13.895+0000] {processor.py:925} INFO - DAG(s) 'product_processing' retrieved from /opt/airflow/dags/product_processing.py
[2026-05-21T08:51:13.917+0000] {logging_mixin.py:190} INFO - [2026-05-21T08:51:13.916+0000] {dag.py:3239} INFO - Sync 1 DAGs
[2026-05-21T08:51:13.940+0000] {logging_mixin.py:190} INFO - [2026-05-21T08:51:13.940+0000] {dag.py:4180} INFO - Setting next_dagrun for product_processing to 2026-05-20 00:00:00+00:00, run_after=2026-05-21 00:00:00+00:00
[2026-05-21T08:51:13.955+0000] {processor.py:208} INFO - Processing /opt/airflow/dags/product_processing.py took 0.373 seconds
[2026-05-21T08:51:44.008+0000] {processor.py:186} INFO - Started process (PID=10558) to work on /opt/airflow/dags/product_processing.py
[2026-05-21T08:51:44.008+0000] {processor.py:914} INFO - Processing file /opt/airflow/dags/product_processing.py for tasks to queue
[2026-05-21T08:51:44.009+0000] {logging_mixin.py:190} INFO - [2026-05-21T08:51:44.009+0000] {dagbag.py:588} INFO - Filling up the DagBag from /opt/airflow/dags/product_processing.py
[2026-05-21T08:51:44.201+0000] {processor.py:925} INFO - DAG(s) 'product_processing' retrieved from /opt/airflow/dags/product_processing.py
[2026-05-21T08:51:44.221+0000] {logging_mixin.py:190} INFO - [2026-05-21T08:51:44.221+0000] {dag.py:3239} INFO - Sync 1 DAGs
[2026-05-21T08:51:44.239+0000] {logging_mixin.py:190} INFO - [2026-05-21T08:51:44.239+0000] {dag.py:4180} INFO - Setting next_dagrun for product_processing to 2026-05-20 00:00:00+00:00, run_after=2026-05-21 00:00:00+00:00
[2026-05-21T08:51:44.253+0000] {processor.py:208} INFO - Processing /opt/airflow/dags/product_processing.py took 0.250 seconds
[2026-05-21T08:52:14.629+0000] {processor.py:186} INFO - Started process (PID=10573) to work on /opt/airflow/dags/product_processing.py
[2026-05-21T08:52:14.630+0000] {processor.py:914} INFO - Processing file /opt/airflow/dags/product_processing.py for tasks to queue
[2026-05-21T08:52:14.630+0000] {logging_mixin.py:190} INFO - [2026-05-21T08:52:14.630+0000] {dagbag.py:588} INFO - Filling up the DagBag from /opt/airflow/dags/product_processing.py
[2026-05-21T08:52:14.815+0000] {processor.py:925} INFO - DAG(s) 'product_processing' retrieved from /opt/airflow/dags/product_processing.py
[2026-05-21T08:52:14.832+0000] {logging_mixin.py:190} INFO - [2026-05-21T08:52:14.831+0000] {dag.py:3239} INFO - Sync 1 DAGs
[2026-05-21T08:52:14.850+0000] {logging_mixin.py:190} INFO - [2026-05-21T08:52:14.850+0000] {dag.py:4180} INFO - Setting next_dagrun for product_processing to 2026-05-20 00:00:00+00:00, run_after=2026-05-21 00:00:00+00:00
[2026-05-21T08:52:14.863+0000] {processor.py:208} INFO - Processing /opt/airflow/dags/product_processing.py took 0.239 seconds
[2026-05-21T08:52:45.222+0000] {processor.py:186} INFO - Started process (PID=10588) to work on /opt/airflow/dags/product_processing.py
[2026-05-21T08:52:45.223+0000] {processor.py:914} INFO - Processing file /opt/airflow/dags/product_processing.py for tasks to queue
[2026-05-21T08:52:45.223+0000] {logging_mixin.py:190} INFO - [2026-05-21T08:52:45.223+0000] {dagbag.py:588} INFO - Filling up the DagBag from /opt/airflow/dags/product_processing.py
[2026-05-21T08:52:45.407+0000] {processor.py:925} INFO - DAG(s) 'product_processing' retrieved from /opt/airflow/dags/product_processing.py
[2026-05-21T08:52:45.423+0000] {logging_mixin.py:190} INFO - [2026-05-21T08:52:45.423+0000] {dag.py:3239} INFO - Sync 1 DAGs
[2026-05-21T08:52:45.440+0000] {logging_mixin.py:190} INFO - [2026-05-21T08:52:45.440+0000] {dag.py:4180} INFO - Setting next_dagrun for product_processing to 2026-05-20 00:00:00+00:00, run_after=2026-05-21 00:00:00+00:00
[2026-05-21T08:52:45.452+0000] {processor.py:208} INFO - Processing /opt/airflow/dags/product_processing.py took 0.234 seconds
[2026-05-21T08:53:15.810+0000] {processor.py:186} INFO - Started process (PID=10603) to work on /opt/airflow/dags/product_processing.py
[2026-05-21T08:53:15.813+0000] {processor.py:914} INFO - Processing file /opt/airflow/dags/product_processing.py for tasks to queue
[2026-05-21T08:53:15.815+0000] {logging_mixin.py:190} INFO - [2026-05-21T08:53:15.814+0000] {dagbag.py:588} INFO - Filling up the DagBag from /opt/airflow/dags/product_processing.py
[2026-05-21T08:53:16.044+0000] {processor.py:925} INFO - DAG(s) 'product_processing' retrieved from /opt/airflow/dags/product_processing.py
[2026-05-21T08:53:16.071+0000] {logging_mixin.py:190} INFO - [2026-05-21T08:53:16.071+0000] {dag.py:3239} INFO - Sync 1 DAGs
[2026-05-21T08:53:16.092+0000] {logging_mixin.py:190} INFO - [2026-05-21T08:53:16.092+0000] {dag.py:4180} INFO - Setting next_dagrun for product_processing to 2026-05-20 00:00:00+00:00, run_after=2026-05-21 00:00:00+00:00
[2026-05-21T08:53:16.105+0000] {processor.py:208} INFO - Processing /opt/airflow/dags/product_processing.py took 0.303 seconds
[2026-05-21T08:53:46.171+0000] {processor.py:186} INFO - Started process (PID=10618) to work on /opt/airflow/dags/product_processing.py
[2026-05-21T08:53:46.172+0000] {processor.py:914} INFO - Processing file /opt/airflow/dags/product_processing.py for tasks to queue
[2026-05-21T08:53:46.173+0000] {logging_mixin.py:190} INFO - [2026-05-21T08:53:46.173+0000] {dagbag.py:588} INFO - Filling up the DagBag from /opt/airflow/dags/product_processing.py
[2026-05-21T08:53:46.359+0000] {processor.py:925} INFO - DAG(s) 'product_processing' retrieved from /opt/airflow/dags/product_processing.py
[2026-05-21T08:53:46.380+0000] {logging_mixin.py:190} INFO - [2026-05-21T08:53:46.379+0000] {dag.py:3239} INFO - Sync 1 DAGs
[2026-05-21T08:53:46.399+0000] {logging_mixin.py:190} INFO - [2026-05-21T08:53:46.399+0000] {dag.py:4180} INFO - Setting next_dagrun for product_processing to 2026-05-20 00:00:00+00:00, run_after=2026-05-21 00:00:00+00:00
[2026-05-21T08:53:46.413+0000] {processor.py:208} INFO - Processing /opt/airflow/dags/product_processing.py took 0.248 seconds
[2026-05-21T08:54:16.842+0000] {processor.py:186} INFO - Started process (PID=10634) to work on /opt/airflow/dags/product_processing.py
[2026-05-21T08:54:16.844+0000] {processor.py:914} INFO - Processing file /opt/airflow/dags/product_processing.py for tasks to queue
[2026-05-21T08:54:16.844+0000] {logging_mixin.py:190} INFO - [2026-05-21T08:54:16.844+0000] {dagbag.py:588} INFO - Filling up the DagBag from /opt/airflow/dags/product_processing.py
[2026-05-21T08:54:17.034+0000] {processor.py:925} INFO - DAG(s) 'product_processing' retrieved from /opt/airflow/dags/product_processing.py
[2026-05-21T08:54:17.055+0000] {logging_mixin.py:190} INFO - [2026-05-21T08:54:17.054+0000] {dag.py:3239} INFO - Sync 1 DAGs
[2026-05-21T08:54:17.079+0000] {logging_mixin.py:190} INFO - [2026-05-21T08:54:17.079+0000] {dag.py:4180} INFO - Setting next_dagrun for product_processing to 2026-05-20 00:00:00+00:00, run_after=2026-05-21 00:00:00+00:00
[2026-05-21T08:54:17.095+0000] {processor.py:208} INFO - Processing /opt/airflow/dags/product_processing.py took 0.258 seconds
[2026-05-21T08:54:47.611+0000] {processor.py:186} INFO - Started process (PID=10649) to work on /opt/airflow/dags/product_processing.py
[2026-05-21T08:54:47.612+0000] {processor.py:914} INFO - Processing file /opt/airflow/dags/product_processing.py for tasks to queue
[2026-05-21T08:54:47.614+0000] {logging_mixin.py:190} INFO - [2026-05-21T08:54:47.613+0000] {dagbag.py:588} INFO - Filling up the DagBag from /opt/airflow/dags/product_processing.py
[2026-05-21T08:54:47.797+0000] {processor.py:925} INFO - DAG(s) 'product_processing' retrieved from /opt/airflow/dags/product_processing.py
[2026-05-21T08:54:47.814+0000] {logging_mixin.py:190} INFO - [2026-05-21T08:54:47.814+0000] {dag.py:3239} INFO - Sync 1 DAGs
[2026-05-21T08:54:47.831+0000] {logging_mixin.py:190} INFO - [2026-05-21T08:54:47.831+0000] {dag.py:4180} INFO - Setting next_dagrun for product_processing to 2026-05-20 00:00:00+00:00, run_after=2026-05-21 00:00:00+00:00
[2026-05-21T08:54:47.843+0000] {processor.py:208} INFO - Processing /opt/airflow/dags/product_processing.py took 0.241 seconds
[2026-05-21T08:55:18.202+0000] {processor.py:186} INFO - Started process (PID=10664) to work on /opt/airflow/dags/product_processing.py
[2026-05-21T08:55:18.203+0000] {processor.py:914} INFO - Processing file /opt/airflow/dags/product_processing.py for tasks to queue
[2026-05-21T08:55:18.204+0000] {logging_mixin.py:190} INFO - [2026-05-21T08:55:18.204+0000] {dagbag.py:588} INFO - Filling up the DagBag from /opt/airflow/dags/product_processing.py
[2026-05-21T08:55:18.383+0000] {processor.py:925} INFO - DAG(s) 'product_processing' retrieved from /opt/airflow/dags/product_processing.py
[2026-05-21T08:55:18.402+0000] {logging_mixin.py:190} INFO - [2026-05-21T08:55:18.401+0000] {dag.py:3239} INFO - Sync 1 DAGs
[2026-05-21T08:55:18.419+0000] {logging_mixin.py:190} INFO - [2026-05-21T08:55:18.419+0000] {dag.py:4180} INFO - Setting next_dagrun for product_processing to 2026-05-20 00:00:00+00:00, run_after=2026-05-21 00:00:00+00:00
[2026-05-21T08:55:18.431+0000] {processor.py:208} INFO - Processing /opt/airflow/dags/product_processing.py took 0.234 seconds
[2026-05-21T08:55:48.903+0000] {processor.py:186} INFO - Started process (PID=10684) to work on /opt/airflow/dags/product_processing.py
[2026-05-21T08:55:48.903+0000] {processor.py:914} INFO - Processing file /opt/airflow/dags/product_processing.py for tasks to queue
[2026-05-21T08:55:48.904+0000] {logging_mixin.py:190} INFO - [2026-05-21T08:55:48.904+0000] {dagbag.py:588} INFO - Filling up the DagBag from /opt/airflow/dags/product_processing.py
[2026-05-21T08:55:49.090+0000] {processor.py:925} INFO - DAG(s) 'product_processing' retrieved from /opt/airflow/dags/product_processing.py
[2026-05-21T08:55:49.111+0000] {logging_mixin.py:190} INFO - [2026-05-21T08:55:49.111+0000] {dag.py:3239} INFO - Sync 1 DAGs
[2026-05-21T08:55:49.128+0000] {logging_mixin.py:190} INFO - [2026-05-21T08:55:49.128+0000] {dag.py:4180} INFO - Setting next_dagrun for product_processing to 2026-05-20 00:00:00+00:00, run_after=2026-05-21 00:00:00+00:00
[2026-05-21T08:55:49.141+0000] {processor.py:208} INFO - Processing /opt/airflow/dags/product_processing.py took 0.242 seconds
[2026-05-21T08:56:19.542+0000] {processor.py:186} INFO - Started process (PID=10700) to work on /opt/airflow/dags/product_processing.py
[2026-05-21T08:56:19.543+0000] {processor.py:914} INFO - Processing file /opt/airflow/dags/product_processing.py for tasks to queue
[2026-05-21T08:56:19.544+0000] {logging_mixin.py:190} INFO - [2026-05-21T08:56:19.544+0000] {dagbag.py:588} INFO - Filling up the DagBag from /opt/airflow/dags/product_processing.py
[2026-05-21T08:56:19.732+0000] {processor.py:925} INFO - DAG(s) 'product_processing' retrieved from /opt/airflow/dags/product_processing.py
[2026-05-21T08:56:19.750+0000] {logging_mixin.py:190} INFO - [2026-05-21T08:56:19.750+0000] {dag.py:3239} INFO - Sync 1 DAGs
[2026-05-21T08:56:19.766+0000] {logging_mixin.py:190} INFO - [2026-05-21T08:56:19.766+0000] {dag.py:4180} INFO - Setting next_dagrun for product_processing to 2026-05-20 00:00:00+00:00, run_after=2026-05-21 00:00:00+00:00
[2026-05-21T08:56:19.780+0000] {processor.py:208} INFO - Processing /opt/airflow/dags/product_processing.py took 0.244 seconds
[2026-05-21T08:56:50.177+0000] {processor.py:186} INFO - Started process (PID=10716) to work on /opt/airflow/dags/product_processing.py
[2026-05-21T08:56:50.178+0000] {processor.py:914} INFO - Processing file /opt/airflow/dags/product_processing.py for tasks to queue
[2026-05-21T08:56:50.179+0000] {logging_mixin.py:190} INFO - [2026-05-21T08:56:50.179+0000] {dagbag.py:588} INFO - Filling up the DagBag from /opt/airflow/dags/product_processing.py
[2026-05-21T08:56:50.435+0000] {processor.py:925} INFO - DAG(s) 'product_processing' retrieved from /opt/airflow/dags/product_processing.py
[2026-05-21T08:56:50.490+0000] {logging_mixin.py:190} INFO - [2026-05-21T08:56:50.490+0000] {dag.py:3239} INFO - Sync 1 DAGs
[2026-05-21T08:56:50.528+0000] {logging_mixin.py:190} INFO - [2026-05-21T08:56:50.527+0000] {dag.py:4180} INFO - Setting next_dagrun for product_processing to 2026-05-20 00:00:00+00:00, run_after=2026-05-21 00:00:00+00:00
[2026-05-21T08:56:50.541+0000] {processor.py:208} INFO - Processing /opt/airflow/dags/product_processing.py took 0.368 seconds
[2026-05-21T08:57:20.646+0000] {processor.py:186} INFO - Started process (PID=10732) to work on /opt/airflow/dags/product_processing.py
[2026-05-21T08:57:20.654+0000] {processor.py:914} INFO - Processing file /opt/airflow/dags/product_processing.py for tasks to queue
[2026-05-21T08:57:20.655+0000] {logging_mixin.py:190} INFO - [2026-05-21T08:57:20.655+0000] {dagbag.py:588} INFO - Filling up the DagBag from /opt/airflow/dags/product_processing.py
[2026-05-21T08:57:20.834+0000] {processor.py:925} INFO - DAG(s) 'product_processing' retrieved from /opt/airflow/dags/product_processing.py
[2026-05-21T08:57:20.854+0000] {logging_mixin.py:190} INFO - [2026-05-21T08:57:20.854+0000] {dag.py:3239} INFO - Sync 1 DAGs
[2026-05-21T08:57:20.873+0000] {logging_mixin.py:190} INFO - [2026-05-21T08:57:20.873+0000] {dag.py:4180} INFO - Setting next_dagrun for product_processing to 2026-05-20 00:00:00+00:00, run_after=2026-05-21 00:00:00+00:00
[2026-05-21T08:57:20.890+0000] {processor.py:208} INFO - Processing /opt/airflow/dags/product_processing.py took 0.248 seconds
[2026-05-21T08:57:51.344+0000] {processor.py:186} INFO - Started process (PID=10748) to work on /opt/airflow/dags/product_processing.py
[2026-05-21T08:57:51.345+0000] {processor.py:914} INFO - Processing file /opt/airflow/dags/product_processing.py for tasks to queue
[2026-05-21T08:57:51.346+0000] {logging_mixin.py:190} INFO - [2026-05-21T08:57:51.346+0000] {dagbag.py:588} INFO - Filling up the DagBag from /opt/airflow/dags/product_processing.py
[2026-05-21T08:57:51.527+0000] {processor.py:925} INFO - DAG(s) 'product_processing' retrieved from /opt/airflow/dags/product_processing.py
[2026-05-21T08:57:51.545+0000] {logging_mixin.py:190} INFO - [2026-05-21T08:57:51.545+0000] {dag.py:3239} INFO - Sync 1 DAGs
[2026-05-21T08:57:51.563+0000] {logging_mixin.py:190} INFO - [2026-05-21T08:57:51.563+0000] {dag.py:4180} INFO - Setting next_dagrun for product_processing to 2026-05-20 00:00:00+00:00, run_after=2026-05-21 00:00:00+00:00
[2026-05-21T08:57:51.577+0000] {processor.py:208} INFO - Processing /opt/airflow/dags/product_processing.py took 0.239 seconds
[2026-05-21T08:58:21.990+0000] {processor.py:186} INFO - Started process (PID=10765) to work on /opt/airflow/dags/product_processing.py
[2026-05-21T08:58:21.993+0000] {processor.py:914} INFO - Processing file /opt/airflow/dags/product_processing.py for tasks to queue
[2026-05-21T08:58:21.994+0000] {logging_mixin.py:190} INFO - [2026-05-21T08:58:21.993+0000] {dagbag.py:588} INFO - Filling up the DagBag from /opt/airflow/dags/product_processing.py
[2026-05-21T08:58:22.182+0000] {processor.py:925} INFO - DAG(s) 'product_processing' retrieved from /opt/airflow/dags/product_processing.py
[2026-05-21T08:58:22.200+0000] {logging_mixin.py:190} INFO - [2026-05-21T08:58:22.200+0000] {dag.py:3239} INFO - Sync 1 DAGs
[2026-05-21T08:58:22.215+0000] {logging_mixin.py:190} INFO - [2026-05-21T08:58:22.215+0000] {dag.py:4180} INFO - Setting next_dagrun for product_processing to 2026-05-20 00:00:00+00:00, run_after=2026-05-21 00:00:00+00:00
[2026-05-21T08:58:22.227+0000] {processor.py:208} INFO - Processing /opt/airflow/dags/product_processing.py took 0.243 seconds
[2026-05-21T08:58:52.816+0000] {processor.py:186} INFO - Started process (PID=10782) to work on /opt/airflow/dags/product_processing.py
[2026-05-21T08:58:52.816+0000] {processor.py:914} INFO - Processing file /opt/airflow/dags/product_processing.py for tasks to queue
[2026-05-21T08:58:52.817+0000] {logging_mixin.py:190} INFO - [2026-05-21T08:58:52.817+0000] {dagbag.py:588} INFO - Filling up the DagBag from /opt/airflow/dags/product_processing.py
[2026-05-21T08:58:52.996+0000] {processor.py:925} INFO - DAG(s) 'product_processing' retrieved from /opt/airflow/dags/product_processing.py
[2026-05-21T08:58:53.017+0000] {logging_mixin.py:190} INFO - [2026-05-21T08:58:53.017+0000] {dag.py:3239} INFO - Sync 1 DAGs
[2026-05-21T08:58:53.039+0000] {logging_mixin.py:190} INFO - [2026-05-21T08:58:53.038+0000] {dag.py:4180} INFO - Setting next_dagrun for product_processing to 2026-05-20 00:00:00+00:00, run_after=2026-05-21 00:00:00+00:00
[2026-05-21T08:58:53.054+0000] {processor.py:208} INFO - Processing /opt/airflow/dags/product_processing.py took 0.242 seconds
[2026-05-21T08:59:23.521+0000] {processor.py:186} INFO - Started process (PID=10798) to work on /opt/airflow/dags/product_processing.py
[2026-05-21T08:59:23.522+0000] {processor.py:914} INFO - Processing file /opt/airflow/dags/product_processing.py for tasks to queue
[2026-05-21T08:59:23.522+0000] {logging_mixin.py:190} INFO - [2026-05-21T08:59:23.522+0000] {dagbag.py:588} INFO - Filling up the DagBag from /opt/airflow/dags/product_processing.py
[2026-05-21T08:59:23.703+0000] {processor.py:925} INFO - DAG(s) 'product_processing' retrieved from /opt/airflow/dags/product_processing.py
[2026-05-21T08:59:23.721+0000] {logging_mixin.py:190} INFO - [2026-05-21T08:59:23.721+0000] {dag.py:3239} INFO - Sync 1 DAGs
[2026-05-21T08:59:23.738+0000] {logging_mixin.py:190} INFO - [2026-05-21T08:59:23.738+0000] {dag.py:4180} INFO - Setting next_dagrun for product_processing to 2026-05-20 00:00:00+00:00, run_after=2026-05-21 00:00:00+00:00
[2026-05-21T08:59:23.751+0000] {processor.py:208} INFO - Processing /opt/airflow/dags/product_processing.py took 0.234 seconds
[2026-05-21T08:59:54.107+0000] {processor.py:186} INFO - Started process (PID=10815) to work on /opt/airflow/dags/product_processing.py
[2026-05-21T08:59:54.108+0000] {processor.py:914} INFO - Processing file /opt/airflow/dags/product_processing.py for tasks to queue
[2026-05-21T08:59:54.109+0000] {logging_mixin.py:190} INFO - [2026-05-21T08:59:54.109+0000] {dagbag.py:588} INFO - Filling up the DagBag from /opt/airflow/dags/product_processing.py
[2026-05-21T08:59:54.315+0000] {processor.py:925} INFO - DAG(s) 'product_processing' retrieved from /opt/airflow/dags/product_processing.py
[2026-05-21T08:59:54.334+0000] {logging_mixin.py:190} INFO - [2026-05-21T08:59:54.334+0000] {dag.py:3239} INFO - Sync 1 DAGs
[2026-05-21T08:59:54.352+0000] {logging_mixin.py:190} INFO - [2026-05-21T08:59:54.352+0000] {dag.py:4180} INFO - Setting next_dagrun for product_processing to 2026-05-20 00:00:00+00:00, run_after=2026-05-21 00:00:00+00:00
[2026-05-21T08:59:54.366+0000] {processor.py:208} INFO - Processing /opt/airflow/dags/product_processing.py took 0.263 seconds
[2026-05-21T09:00:24.883+0000] {processor.py:186} INFO - Started process (PID=10831) to work on /opt/airflow/dags/product_processing.py
[2026-05-21T09:00:24.884+0000] {processor.py:914} INFO - Processing file /opt/airflow/dags/product_processing.py for tasks to queue
[2026-05-21T09:00:24.887+0000] {logging_mixin.py:190} INFO - [2026-05-21T09:00:24.886+0000] {dagbag.py:588} INFO - Filling up the DagBag from /opt/airflow/dags/product_processing.py
[2026-05-21T09:00:25.078+0000] {processor.py:925} INFO - DAG(s) 'product_processing' retrieved from /opt/airflow/dags/product_processing.py
[2026-05-21T09:00:25.099+0000] {logging_mixin.py:190} INFO - [2026-05-21T09:00:25.098+0000] {dag.py:3239} INFO - Sync 1 DAGs
[2026-05-21T09:00:25.117+0000] {logging_mixin.py:190} INFO - [2026-05-21T09:00:25.116+0000] {dag.py:4180} INFO - Setting next_dagrun for product_processing to 2026-05-20 00:00:00+00:00, run_after=2026-05-21 00:00:00+00:00
[2026-05-21T09:00:25.128+0000] {processor.py:208} INFO - Processing /opt/airflow/dags/product_processing.py took 0.255 seconds
[2026-05-21T09:00:55.637+0000] {processor.py:186} INFO - Started process (PID=10847) to work on /opt/airflow/dags/product_processing.py
[2026-05-21T09:00:55.638+0000] {processor.py:914} INFO - Processing file /opt/airflow/dags/product_processing.py for tasks to queue
[2026-05-21T09:00:55.638+0000] {logging_mixin.py:190} INFO - [2026-05-21T09:00:55.638+0000] {dagbag.py:588} INFO - Filling up the DagBag from /opt/airflow/dags/product_processing.py
[2026-05-21T09:00:55.822+0000] {processor.py:925} INFO - DAG(s) 'product_processing' retrieved from /opt/airflow/dags/product_processing.py
[2026-05-21T09:00:55.846+0000] {logging_mixin.py:190} INFO - [2026-05-21T09:00:55.846+0000] {dag.py:3239} INFO - Sync 1 DAGs
[2026-05-21T09:00:55.865+0000] {logging_mixin.py:190} INFO - [2026-05-21T09:00:55.865+0000] {dag.py:4180} INFO - Setting next_dagrun for product_processing to 2026-05-20 00:00:00+00:00, run_after=2026-05-21 00:00:00+00:00
[2026-05-21T09:00:55.883+0000] {processor.py:208} INFO - Processing /opt/airflow/dags/product_processing.py took 0.250 seconds
[2026-05-21T09:01:26.366+0000] {processor.py:186} INFO - Started process (PID=10864) to work on /opt/airflow/dags/product_processing.py
[2026-05-21T09:01:26.368+0000] {processor.py:914} INFO - Processing file /opt/airflow/dags/product_processing.py for tasks to queue
[2026-05-21T09:01:26.369+0000] {logging_mixin.py:190} INFO - [2026-05-21T09:01:26.369+0000] {dagbag.py:588} INFO - Filling up the DagBag from /opt/airflow/dags/product_processing.py
[2026-05-21T09:01:26.557+0000] {processor.py:925} INFO - DAG(s) 'product_processing' retrieved from /opt/airflow/dags/product_processing.py
[2026-05-21T09:01:26.576+0000] {logging_mixin.py:190} INFO - [2026-05-21T09:01:26.576+0000] {dag.py:3239} INFO - Sync 1 DAGs
[2026-05-21T09:01:26.593+0000] {logging_mixin.py:190} INFO - [2026-05-21T09:01:26.593+0000] {dag.py:4180} INFO - Setting next_dagrun for product_processing to 2026-05-20 00:00:00+00:00, run_after=2026-05-21 00:00:00+00:00
[2026-05-21T09:01:26.606+0000] {processor.py:208} INFO - Processing /opt/airflow/dags/product_processing.py took 0.246 seconds
[2026-05-21T09:01:57.106+0000] {processor.py:186} INFO - Started process (PID=10880) to work on /opt/airflow/dags/product_processing.py
[2026-05-21T09:01:57.107+0000] {processor.py:914} INFO - Processing file /opt/airflow/dags/product_processing.py for tasks to queue
[2026-05-21T09:01:57.108+0000] {logging_mixin.py:190} INFO - [2026-05-21T09:01:57.108+0000] {dagbag.py:588} INFO - Filling up the DagBag from /opt/airflow/dags/product_processing.py
[2026-05-21T09:01:57.289+0000] {processor.py:925} INFO - DAG(s) 'product_processing' retrieved from /opt/airflow/dags/product_processing.py
[2026-05-21T09:01:57.308+0000] {logging_mixin.py:190} INFO - [2026-05-21T09:01:57.307+0000] {dag.py:3239} INFO - Sync 1 DAGs
[2026-05-21T09:01:57.325+0000] {logging_mixin.py:190} INFO - [2026-05-21T09:01:57.325+0000] {dag.py:4180} INFO - Setting next_dagrun for product_processing to 2026-05-20 00:00:00+00:00, run_after=2026-05-21 00:00:00+00:00
[2026-05-21T09:01:57.340+0000] {processor.py:208} INFO - Processing /opt/airflow/dags/product_processing.py took 0.242 seconds
[2026-05-21T09:02:27.797+0000] {processor.py:186} INFO - Started process (PID=10897) to work on /opt/airflow/dags/product_processing.py
[2026-05-21T09:02:27.806+0000] {processor.py:914} INFO - Processing file /opt/airflow/dags/product_processing.py for tasks to queue
[2026-05-21T09:02:27.806+0000] {logging_mixin.py:190} INFO - [2026-05-21T09:02:27.806+0000] {dagbag.py:588} INFO - Filling up the DagBag from /opt/airflow/dags/product_processing.py
[2026-05-21T09:02:28.026+0000] {processor.py:925} INFO - DAG(s) 'product_processing' retrieved from /opt/airflow/dags/product_processing.py
[2026-05-21T09:02:28.045+0000] {logging_mixin.py:190} INFO - [2026-05-21T09:02:28.044+0000] {dag.py:3239} INFO - Sync 1 DAGs
[2026-05-21T09:02:28.062+0000] {logging_mixin.py:190} INFO - [2026-05-21T09:02:28.062+0000] {dag.py:4180} INFO - Setting next_dagrun for product_processing to 2026-05-20 00:00:00+00:00, run_after=2026-05-21 00:00:00+00:00
[2026-05-21T09:02:28.078+0000] {processor.py:208} INFO - Processing /opt/airflow/dags/product_processing.py took 0.286 seconds
[2026-05-21T09:02:58.658+0000] {processor.py:186} INFO - Started process (PID=10913) to work on /opt/airflow/dags/product_processing.py
[2026-05-21T09:02:58.659+0000] {processor.py:914} INFO - Processing file /opt/airflow/dags/product_processing.py for tasks to queue
[2026-05-21T09:02:58.660+0000] {logging_mixin.py:190} INFO - [2026-05-21T09:02:58.660+0000] {dagbag.py:588} INFO - Filling up the DagBag from /opt/airflow/dags/product_processing.py
[2026-05-21T09:02:58.889+0000] {processor.py:925} INFO - DAG(s) 'product_processing' retrieved from /opt/airflow/dags/product_processing.py
[2026-05-21T09:02:58.909+0000] {logging_mixin.py:190} INFO - [2026-05-21T09:02:58.908+0000] {dag.py:3239} INFO - Sync 1 DAGs
[2026-05-21T09:02:58.926+0000] {logging_mixin.py:190} INFO - [2026-05-21T09:02:58.926+0000] {dag.py:4180} INFO - Setting next_dagrun for product_processing to 2026-05-20 00:00:00+00:00, run_after=2026-05-21 00:00:00+00:00
[2026-05-21T09:02:58.938+0000] {processor.py:208} INFO - Processing /opt/airflow/dags/product_processing.py took 0.290 seconds
[2026-05-21T09:03:29.454+0000] {processor.py:186} INFO - Started process (PID=10929) to work on /opt/airflow/dags/product_processing.py
[2026-05-21T09:03:29.455+0000] {processor.py:914} INFO - Processing file /opt/airflow/dags/product_processing.py for tasks to queue
[2026-05-21T09:03:29.456+0000] {logging_mixin.py:190} INFO - [2026-05-21T09:03:29.456+0000] {dagbag.py:588} INFO - Filling up the DagBag from /opt/airflow/dags/product_processing.py
[2026-05-21T09:03:29.656+0000] {processor.py:925} INFO - DAG(s) 'product_processing' retrieved from /opt/airflow/dags/product_processing.py
[2026-05-21T09:03:29.674+0000] {logging_mixin.py:190} INFO - [2026-05-21T09:03:29.674+0000] {dag.py:3239} INFO - Sync 1 DAGs
[2026-05-21T09:03:29.692+0000] {logging_mixin.py:190} INFO - [2026-05-21T09:03:29.692+0000] {dag.py:4180} INFO - Setting next_dagrun for product_processing to 2026-05-20 00:00:00+00:00, run_after=2026-05-21 00:00:00+00:00
[2026-05-21T09:03:29.704+0000] {processor.py:208} INFO - Processing /opt/airflow/dags/product_processing.py took 0.254 seconds
[2026-05-21T09:04:00.280+0000] {processor.py:186} INFO - Started process (PID=10945) to work on /opt/airflow/dags/product_processing.py
[2026-05-21T09:04:00.280+0000] {processor.py:914} INFO - Processing file /opt/airflow/dags/product_processing.py for tasks to queue
[2026-05-21T09:04:00.281+0000] {logging_mixin.py:190} INFO - [2026-05-21T09:04:00.281+0000] {dagbag.py:588} INFO - Filling up the DagBag from /opt/airflow/dags/product_processing.py
[2026-05-21T09:04:00.473+0000] {processor.py:925} INFO - DAG(s) 'product_processing' retrieved from /opt/airflow/dags/product_processing.py
[2026-05-21T09:04:00.492+0000] {logging_mixin.py:190} INFO - [2026-05-21T09:04:00.491+0000] {dag.py:3239} INFO - Sync 1 DAGs
[2026-05-21T09:04:00.508+0000] {logging_mixin.py:190} INFO - [2026-05-21T09:04:00.508+0000] {dag.py:4180} INFO - Setting next_dagrun for product_processing to 2026-05-20 00:00:00+00:00, run_after=2026-05-21 00:00:00+00:00
[2026-05-21T09:04:00.522+0000] {processor.py:208} INFO - Processing /opt/airflow/dags/product_processing.py took 0.247 seconds
[2026-05-21T09:04:31.054+0000] {processor.py:186} INFO - Started process (PID=10961) to work on /opt/airflow/dags/product_processing.py
[2026-05-21T09:04:31.056+0000] {processor.py:914} INFO - Processing file /opt/airflow/dags/product_processing.py for tasks to queue
[2026-05-21T09:04:31.057+0000] {logging_mixin.py:190} INFO - [2026-05-21T09:04:31.057+0000] {dagbag.py:588} INFO - Filling up the DagBag from /opt/airflow/dags/product_processing.py
[2026-05-21T09:04:31.245+0000] {processor.py:925} INFO - DAG(s) 'product_processing' retrieved from /opt/airflow/dags/product_processing.py
[2026-05-21T09:04:31.264+0000] {logging_mixin.py:190} INFO - [2026-05-21T09:04:31.264+0000] {dag.py:3239} INFO - Sync 1 DAGs
[2026-05-21T09:04:31.282+0000] {logging_mixin.py:190} INFO - [2026-05-21T09:04:31.282+0000] {dag.py:4180} INFO - Setting next_dagrun for product_processing to 2026-05-20 00:00:00+00:00, run_after=2026-05-21 00:00:00+00:00
[2026-05-21T09:04:31.299+0000] {processor.py:208} INFO - Processing /opt/airflow/dags/product_processing.py took 0.250 seconds
[2026-05-21T09:05:01.851+0000] {processor.py:186} INFO - Started process (PID=10977) to work on /opt/airflow/dags/product_processing.py
[2026-05-21T09:05:01.851+0000] {processor.py:914} INFO - Processing file /opt/airflow/dags/product_processing.py for tasks to queue
[2026-05-21T09:05:01.853+0000] {logging_mixin.py:190} INFO - [2026-05-21T09:05:01.852+0000] {dagbag.py:588} INFO - Filling up the DagBag from /opt/airflow/dags/product_processing.py
[2026-05-21T09:05:02.067+0000] {processor.py:925} INFO - DAG(s) 'product_processing' retrieved from /opt/airflow/dags/product_processing.py
[2026-05-21T09:05:02.085+0000] {logging_mixin.py:190} INFO - [2026-05-21T09:05:02.085+0000] {dag.py:3239} INFO - Sync 1 DAGs
[2026-05-21T09:05:02.106+0000] {logging_mixin.py:190} INFO - [2026-05-21T09:05:02.106+0000] {dag.py:4180} INFO - Setting next_dagrun for product_processing to 2026-05-20 00:00:00+00:00, run_after=2026-05-21 00:00:00+00:00
[2026-05-21T09:05:02.121+0000] {processor.py:208} INFO - Processing /opt/airflow/dags/product_processing.py took 0.275 seconds
[2026-05-21T09:05:32.605+0000] {processor.py:186} INFO - Started process (PID=10993) to work on /opt/airflow/dags/product_processing.py
[2026-05-21T09:05:32.606+0000] {processor.py:914} INFO - Processing file /opt/airflow/dags/product_processing.py for tasks to queue
[2026-05-21T09:05:32.607+0000] {logging_mixin.py:190} INFO - [2026-05-21T09:05:32.607+0000] {dagbag.py:588} INFO - Filling up the DagBag from /opt/airflow/dags/product_processing.py
[2026-05-21T09:05:32.805+0000] {processor.py:925} INFO - DAG(s) 'product_processing' retrieved from /opt/airflow/dags/product_processing.py
[2026-05-21T09:05:32.827+0000] {logging_mixin.py:190} INFO - [2026-05-21T09:05:32.827+0000] {dag.py:3239} INFO - Sync 1 DAGs
[2026-05-21T09:05:32.845+0000] {logging_mixin.py:190} INFO - [2026-05-21T09:05:32.845+0000] {dag.py:4180} INFO - Setting next_dagrun for product_processing to 2026-05-20 00:00:00+00:00, run_after=2026-05-21 00:00:00+00:00
[2026-05-21T09:05:32.859+0000] {processor.py:208} INFO - Processing /opt/airflow/dags/product_processing.py took 0.257 seconds
[2026-05-21T09:06:03.449+0000] {processor.py:186} INFO - Started process (PID=11010) to work on /opt/airflow/dags/product_processing.py
[2026-05-21T09:06:03.450+0000] {processor.py:914} INFO - Processing file /opt/airflow/dags/product_processing.py for tasks to queue
[2026-05-21T09:06:03.451+0000] {logging_mixin.py:190} INFO - [2026-05-21T09:06:03.451+0000] {dagbag.py:588} INFO - Filling up the DagBag from /opt/airflow/dags/product_processing.py
[2026-05-21T09:06:03.652+0000] {processor.py:925} INFO - DAG(s) 'product_processing' retrieved from /opt/airflow/dags/product_processing.py
[2026-05-21T09:06:03.669+0000] {logging_mixin.py:190} INFO - [2026-05-21T09:06:03.669+0000] {dag.py:3239} INFO - Sync 1 DAGs
[2026-05-21T09:06:03.686+0000] {logging_mixin.py:190} INFO - [2026-05-21T09:06:03.686+0000] {dag.py:4180} INFO - Setting next_dagrun for product_processing to 2026-05-20 00:00:00+00:00, run_after=2026-05-21 00:00:00+00:00
[2026-05-21T09:06:03.699+0000] {processor.py:208} INFO - Processing /opt/airflow/dags/product_processing.py took 0.254 seconds
[2026-05-21T09:06:34.314+0000] {processor.py:186} INFO - Started process (PID=11026) to work on /opt/airflow/dags/product_processing.py
[2026-05-21T09:06:34.318+0000] {processor.py:914} INFO - Processing file /opt/airflow/dags/product_processing.py for tasks to queue
[2026-05-21T09:06:34.319+0000] {logging_mixin.py:190} INFO - [2026-05-21T09:06:34.319+0000] {dagbag.py:588} INFO - Filling up the DagBag from /opt/airflow/dags/product_processing.py
[2026-05-21T09:06:34.522+0000] {processor.py:925} INFO - DAG(s) 'product_processing' retrieved from /opt/airflow/dags/product_processing.py
[2026-05-21T09:06:34.541+0000] {logging_mixin.py:190} INFO - [2026-05-21T09:06:34.540+0000] {dag.py:3239} INFO - Sync 1 DAGs
[2026-05-21T09:06:34.558+0000] {logging_mixin.py:190} INFO - [2026-05-21T09:06:34.558+0000] {dag.py:4180} INFO - Setting next_dagrun for product_processing to 2026-05-20 00:00:00+00:00, run_after=2026-05-21 00:00:00+00:00
[2026-05-21T09:06:34.572+0000] {processor.py:208} INFO - Processing /opt/airflow/dags/product_processing.py took 0.264 seconds
[2026-05-21T09:07:05.156+0000] {processor.py:186} INFO - Started process (PID=11042) to work on /opt/airflow/dags/product_processing.py
[2026-05-21T09:07:05.160+0000] {processor.py:914} INFO - Processing file /opt/airflow/dags/product_processing.py for tasks to queue
[2026-05-21T09:07:05.162+0000] {logging_mixin.py:190} INFO - [2026-05-21T09:07:05.162+0000] {dagbag.py:588} INFO - Filling up the DagBag from /opt/airflow/dags/product_processing.py
[2026-05-21T09:07:05.519+0000] {processor.py:925} INFO - DAG(s) 'product_processing' retrieved from /opt/airflow/dags/product_processing.py
[2026-05-21T09:07:05.560+0000] {logging_mixin.py:190} INFO - [2026-05-21T09:07:05.556+0000] {dag.py:3239} INFO - Sync 1 DAGs
[2026-05-21T09:07:05.587+0000] {logging_mixin.py:190} INFO - [2026-05-21T09:07:05.587+0000] {dag.py:4180} INFO - Setting next_dagrun for product_processing to 2026-05-20 00:00:00+00:00, run_after=2026-05-21 00:00:00+00:00
[2026-05-21T09:07:05.600+0000] {processor.py:208} INFO - Processing /opt/airflow/dags/product_processing.py took 0.454 seconds
[2026-05-21T09:07:35.653+0000] {processor.py:186} INFO - Started process (PID=11058) to work on /opt/airflow/dags/product_processing.py
[2026-05-21T09:07:35.654+0000] {processor.py:914} INFO - Processing file /opt/airflow/dags/product_processing.py for tasks to queue
[2026-05-21T09:07:35.655+0000] {logging_mixin.py:190} INFO - [2026-05-21T09:07:35.654+0000] {dagbag.py:588} INFO - Filling up the DagBag from /opt/airflow/dags/product_processing.py
[2026-05-21T09:07:35.852+0000] {processor.py:925} INFO - DAG(s) 'product_processing' retrieved from /opt/airflow/dags/product_processing.py
[2026-05-21T09:07:35.872+0000] {logging_mixin.py:190} INFO - [2026-05-21T09:07:35.872+0000] {dag.py:3239} INFO - Sync 1 DAGs
[2026-05-21T09:07:35.891+0000] {logging_mixin.py:190} INFO - [2026-05-21T09:07:35.891+0000] {dag.py:4180} INFO - Setting next_dagrun for product_processing to 2026-05-20 00:00:00+00:00, run_after=2026-05-21 00:00:00+00:00
[2026-05-21T09:07:35.906+0000] {processor.py:208} INFO - Processing /opt/airflow/dags/product_processing.py took 0.257 seconds
[2026-05-21T09:08:06.362+0000] {processor.py:186} INFO - Started process (PID=11074) to work on /opt/airflow/dags/product_processing.py
[2026-05-21T09:08:06.362+0000] {processor.py:914} INFO - Processing file /opt/airflow/dags/product_processing.py for tasks to queue
[2026-05-21T09:08:06.363+0000] {logging_mixin.py:190} INFO - [2026-05-21T09:08:06.363+0000] {dagbag.py:588} INFO - Filling up the DagBag from /opt/airflow/dags/product_processing.py
[2026-05-21T09:08:06.559+0000] {processor.py:925} INFO - DAG(s) 'product_processing' retrieved from /opt/airflow/dags/product_processing.py
[2026-05-21T09:08:06.578+0000] {logging_mixin.py:190} INFO - [2026-05-21T09:08:06.578+0000] {dag.py:3239} INFO - Sync 1 DAGs
[2026-05-21T09:08:06.596+0000] {logging_mixin.py:190} INFO - [2026-05-21T09:08:06.596+0000] {dag.py:4180} INFO - Setting next_dagrun for product_processing to 2026-05-20 00:00:00+00:00, run_after=2026-05-21 00:00:00+00:00
[2026-05-21T09:08:06.610+0000] {processor.py:208} INFO - Processing /opt/airflow/dags/product_processing.py took 0.253 seconds
[2026-05-21T09:08:37.014+0000] {processor.py:186} INFO - Started process (PID=11091) to work on /opt/airflow/dags/product_processing.py
[2026-05-21T09:08:37.015+0000] {processor.py:914} INFO - Processing file /opt/airflow/dags/product_processing.py for tasks to queue
[2026-05-21T09:08:37.016+0000] {logging_mixin.py:190} INFO - [2026-05-21T09:08:37.016+0000] {dagbag.py:588} INFO - Filling up the DagBag from /opt/airflow/dags/product_processing.py
[2026-05-21T09:08:37.374+0000] {processor.py:925} INFO - DAG(s) 'product_processing' retrieved from /opt/airflow/dags/product_processing.py
[2026-05-21T09:08:37.399+0000] {logging_mixin.py:190} INFO - [2026-05-21T09:08:37.399+0000] {dag.py:3239} INFO - Sync 1 DAGs
[2026-05-21T09:08:37.416+0000] {logging_mixin.py:190} INFO - [2026-05-21T09:08:37.415+0000] {dag.py:4180} INFO - Setting next_dagrun for product_processing to 2026-05-20 00:00:00+00:00, run_after=2026-05-21 00:00:00+00:00
[2026-05-21T09:08:37.430+0000] {processor.py:208} INFO - Processing /opt/airflow/dags/product_processing.py took 0.420 seconds
[2026-05-21T09:09:07.505+0000] {processor.py:186} INFO - Started process (PID=11108) to work on /opt/airflow/dags/product_processing.py
[2026-05-21T09:09:07.506+0000] {processor.py:914} INFO - Processing file /opt/airflow/dags/product_processing.py for tasks to queue
[2026-05-21T09:09:07.507+0000] {logging_mixin.py:190} INFO - [2026-05-21T09:09:07.507+0000] {dagbag.py:588} INFO - Filling up the DagBag from /opt/airflow/dags/product_processing.py
[2026-05-21T09:09:07.715+0000] {processor.py:925} INFO - DAG(s) 'product_processing' retrieved from /opt/airflow/dags/product_processing.py
[2026-05-21T09:09:07.732+0000] {logging_mixin.py:190} INFO - [2026-05-21T09:09:07.731+0000] {dag.py:3239} INFO - Sync 1 DAGs
[2026-05-21T09:09:07.748+0000] {logging_mixin.py:190} INFO - [2026-05-21T09:09:07.747+0000] {dag.py:4180} INFO - Setting next_dagrun for product_processing to 2026-05-20 00:00:00+00:00, run_after=2026-05-21 00:00:00+00:00
[2026-05-21T09:09:07.760+0000] {processor.py:208} INFO - Processing /opt/airflow/dags/product_processing.py took 0.259 seconds
[2026-05-21T09:09:38.270+0000] {processor.py:186} INFO - Started process (PID=11125) to work on /opt/airflow/dags/product_processing.py
[2026-05-21T09:09:38.274+0000] {processor.py:914} INFO - Processing file /opt/airflow/dags/product_processing.py for tasks to queue
[2026-05-21T09:09:38.275+0000] {logging_mixin.py:190} INFO - [2026-05-21T09:09:38.275+0000] {dagbag.py:588} INFO - Filling up the DagBag from /opt/airflow/dags/product_processing.py
[2026-05-21T09:09:38.468+0000] {processor.py:925} INFO - DAG(s) 'product_processing' retrieved from /opt/airflow/dags/product_processing.py
[2026-05-21T09:09:38.485+0000] {logging_mixin.py:190} INFO - [2026-05-21T09:09:38.484+0000] {dag.py:3239} INFO - Sync 1 DAGs
[2026-05-21T09:09:38.503+0000] {logging_mixin.py:190} INFO - [2026-05-21T09:09:38.502+0000] {dag.py:4180} INFO - Setting next_dagrun for product_processing to 2026-05-20 00:00:00+00:00, run_after=2026-05-21 00:00:00+00:00
[2026-05-21T09:09:38.514+0000] {processor.py:208} INFO - Processing /opt/airflow/dags/product_processing.py took 0.248 seconds
[2026-05-21T09:10:09.053+0000] {processor.py:186} INFO - Started process (PID=11140) to work on /opt/airflow/dags/product_processing.py
[2026-05-21T09:10:09.056+0000] {processor.py:914} INFO - Processing file /opt/airflow/dags/product_processing.py for tasks to queue
[2026-05-21T09:10:09.057+0000] {logging_mixin.py:190} INFO - [2026-05-21T09:10:09.057+0000] {dagbag.py:588} INFO - Filling up the DagBag from /opt/airflow/dags/product_processing.py
[2026-05-21T09:10:09.270+0000] {processor.py:925} INFO - DAG(s) 'product_processing' retrieved from /opt/airflow/dags/product_processing.py
[2026-05-21T09:10:09.288+0000] {logging_mixin.py:190} INFO - [2026-05-21T09:10:09.288+0000] {dag.py:3239} INFO - Sync 1 DAGs
[2026-05-21T09:10:09.313+0000] {logging_mixin.py:190} INFO - [2026-05-21T09:10:09.313+0000] {dag.py:4180} INFO - Setting next_dagrun for product_processing to 2026-05-20 00:00:00+00:00, run_after=2026-05-21 00:00:00+00:00
[2026-05-21T09:10:09.332+0000] {processor.py:208} INFO - Processing /opt/airflow/dags/product_processing.py took 0.284 seconds
[2026-05-21T09:10:39.806+0000] {processor.py:186} INFO - Started process (PID=11156) to work on /opt/airflow/dags/product_processing.py
[2026-05-21T09:10:39.807+0000] {processor.py:914} INFO - Processing file /opt/airflow/dags/product_processing.py for tasks to queue
[2026-05-21T09:10:39.807+0000] {logging_mixin.py:190} INFO - [2026-05-21T09:10:39.807+0000] {dagbag.py:588} INFO - Filling up the DagBag from /opt/airflow/dags/product_processing.py
[2026-05-21T09:10:40.004+0000] {processor.py:925} INFO - DAG(s) 'product_processing' retrieved from /opt/airflow/dags/product_processing.py
[2026-05-21T09:10:40.024+0000] {logging_mixin.py:190} INFO - [2026-05-21T09:10:40.024+0000] {dag.py:3239} INFO - Sync 1 DAGs
[2026-05-21T09:10:40.043+0000] {logging_mixin.py:190} INFO - [2026-05-21T09:10:40.043+0000] {dag.py:4180} INFO - Setting next_dagrun for product_processing to 2026-05-20 00:00:00+00:00, run_after=2026-05-21 00:00:00+00:00
[2026-05-21T09:10:40.058+0000] {processor.py:208} INFO - Processing /opt/airflow/dags/product_processing.py took 0.257 seconds
[2026-05-21T09:11:10.428+0000] {processor.py:186} INFO - Started process (PID=11174) to work on /opt/airflow/dags/product_processing.py
[2026-05-21T09:11:10.429+0000] {processor.py:914} INFO - Processing file /opt/airflow/dags/product_processing.py for tasks to queue
[2026-05-21T09:11:10.430+0000] {logging_mixin.py:190} INFO - [2026-05-21T09:11:10.430+0000] {dagbag.py:588} INFO - Filling up the DagBag from /opt/airflow/dags/product_processing.py
[2026-05-21T09:11:10.629+0000] {processor.py:925} INFO - DAG(s) 'product_processing' retrieved from /opt/airflow/dags/product_processing.py
[2026-05-21T09:11:10.648+0000] {logging_mixin.py:190} INFO - [2026-05-21T09:11:10.648+0000] {dag.py:3239} INFO - Sync 1 DAGs
[2026-05-21T09:11:10.666+0000] {logging_mixin.py:190} INFO - [2026-05-21T09:11:10.666+0000] {dag.py:4180} INFO - Setting next_dagrun for product_processing to 2026-05-20 00:00:00+00:00, run_after=2026-05-21 00:00:00+00:00
[2026-05-21T09:11:10.678+0000] {processor.py:208} INFO - Processing /opt/airflow/dags/product_processing.py took 0.254 seconds
[2026-05-21T09:11:41.128+0000] {processor.py:186} INFO - Started process (PID=11190) to work on /opt/airflow/dags/product_processing.py
[2026-05-21T09:11:41.129+0000] {processor.py:914} INFO - Processing file /opt/airflow/dags/product_processing.py for tasks to queue
[2026-05-21T09:11:41.130+0000] {logging_mixin.py:190} INFO - [2026-05-21T09:11:41.129+0000] {dagbag.py:588} INFO - Filling up the DagBag from /opt/airflow/dags/product_processing.py
[2026-05-21T09:11:41.323+0000] {processor.py:925} INFO - DAG(s) 'product_processing' retrieved from /opt/airflow/dags/product_processing.py
[2026-05-21T09:11:41.342+0000] {logging_mixin.py:190} INFO - [2026-05-21T09:11:41.342+0000] {dag.py:3239} INFO - Sync 1 DAGs
[2026-05-21T09:11:41.359+0000] {logging_mixin.py:190} INFO - [2026-05-21T09:11:41.359+0000] {dag.py:4180} INFO - Setting next_dagrun for product_processing to 2026-05-20 00:00:00+00:00, run_after=2026-05-21 00:00:00+00:00
[2026-05-21T09:11:41.372+0000] {processor.py:208} INFO - Processing /opt/airflow/dags/product_processing.py took 0.249 seconds
[2026-05-21T09:12:11.855+0000] {processor.py:186} INFO - Started process (PID=11206) to work on /opt/airflow/dags/product_processing.py
[2026-05-21T09:12:11.856+0000] {processor.py:914} INFO - Processing file /opt/airflow/dags/product_processing.py for tasks to queue
[2026-05-21T09:12:11.857+0000] {logging_mixin.py:190} INFO - [2026-05-21T09:12:11.857+0000] {dagbag.py:588} INFO - Filling up the DagBag from /opt/airflow/dags/product_processing.py
[2026-05-21T09:12:12.056+0000] {processor.py:925} INFO - DAG(s) 'product_processing' retrieved from /opt/airflow/dags/product_processing.py
[2026-05-21T09:12:12.074+0000] {logging_mixin.py:190} INFO - [2026-05-21T09:12:12.074+0000] {dag.py:3239} INFO - Sync 1 DAGs
[2026-05-21T09:12:12.092+0000] {logging_mixin.py:190} INFO - [2026-05-21T09:12:12.092+0000] {dag.py:4180} INFO - Setting next_dagrun for product_processing to 2026-05-20 00:00:00+00:00, run_after=2026-05-21 00:00:00+00:00
[2026-05-21T09:12:12.106+0000] {processor.py:208} INFO - Processing /opt/airflow/dags/product_processing.py took 0.260 seconds
[2026-05-21T09:12:42.591+0000] {processor.py:186} INFO - Started process (PID=11222) to work on /opt/airflow/dags/product_processing.py
[2026-05-21T09:12:42.592+0000] {processor.py:914} INFO - Processing file /opt/airflow/dags/product_processing.py for tasks to queue
[2026-05-21T09:12:42.593+0000] {logging_mixin.py:190} INFO - [2026-05-21T09:12:42.593+0000] {dagbag.py:588} INFO - Filling up the DagBag from /opt/airflow/dags/product_processing.py
[2026-05-21T09:12:42.802+0000] {processor.py:925} INFO - DAG(s) 'product_processing' retrieved from /opt/airflow/dags/product_processing.py
[2026-05-21T09:12:42.826+0000] {logging_mixin.py:190} INFO - [2026-05-21T09:12:42.826+0000] {dag.py:3239} INFO - Sync 1 DAGs
[2026-05-21T09:12:42.844+0000] {logging_mixin.py:190} INFO - [2026-05-21T09:12:42.844+0000] {dag.py:4180} INFO - Setting next_dagrun for product_processing to 2026-05-20 00:00:00+00:00, run_after=2026-05-21 00:00:00+00:00
[2026-05-21T09:12:42.857+0000] {processor.py:208} INFO - Processing /opt/airflow/dags/product_processing.py took 0.275 seconds
[2026-05-21T09:13:13.348+0000] {processor.py:186} INFO - Started process (PID=11239) to work on /opt/airflow/dags/product_processing.py
[2026-05-21T09:13:13.349+0000] {processor.py:914} INFO - Processing file /opt/airflow/dags/product_processing.py for tasks to queue
[2026-05-21T09:13:13.349+0000] {logging_mixin.py:190} INFO - [2026-05-21T09:13:13.349+0000] {dagbag.py:588} INFO - Filling up the DagBag from /opt/airflow/dags/product_processing.py
[2026-05-21T09:13:13.553+0000] {processor.py:925} INFO - DAG(s) 'product_processing' retrieved from /opt/airflow/dags/product_processing.py
[2026-05-21T09:13:13.572+0000] {logging_mixin.py:190} INFO - [2026-05-21T09:13:13.572+0000] {dag.py:3239} INFO - Sync 1 DAGs
[2026-05-21T09:13:13.590+0000] {logging_mixin.py:190} INFO - [2026-05-21T09:13:13.590+0000] {dag.py:4180} INFO - Setting next_dagrun for product_processing to 2026-05-20 00:00:00+00:00, run_after=2026-05-21 00:00:00+00:00
[2026-05-21T09:13:13.603+0000] {processor.py:208} INFO - Processing /opt/airflow/dags/product_processing.py took 0.260 seconds
[2026-05-21T09:13:44.057+0000] {processor.py:186} INFO - Started process (PID=11255) to work on /opt/airflow/dags/product_processing.py
[2026-05-21T09:13:44.058+0000] {processor.py:914} INFO - Processing file /opt/airflow/dags/product_processing.py for tasks to queue
[2026-05-21T09:13:44.058+0000] {logging_mixin.py:190} INFO - [2026-05-21T09:13:44.058+0000] {dagbag.py:588} INFO - Filling up the DagBag from /opt/airflow/dags/product_processing.py
[2026-05-21T09:13:44.302+0000] {processor.py:925} INFO - DAG(s) 'product_processing' retrieved from /opt/airflow/dags/product_processing.py
[2026-05-21T09:13:44.325+0000] {logging_mixin.py:190} INFO - [2026-05-21T09:13:44.325+0000] {dag.py:3239} INFO - Sync 1 DAGs
[2026-05-21T09:13:44.349+0000] {logging_mixin.py:190} INFO - [2026-05-21T09:13:44.349+0000] {dag.py:4180} INFO - Setting next_dagrun for product_processing to 2026-05-20 00:00:00+00:00, run_after=2026-05-21 00:00:00+00:00
[2026-05-21T09:13:44.364+0000] {processor.py:208} INFO - Processing /opt/airflow/dags/product_processing.py took 0.311 seconds
[2026-05-21T09:14:14.787+0000] {processor.py:186} INFO - Started process (PID=11270) to work on /opt/airflow/dags/product_processing.py
[2026-05-21T09:14:14.787+0000] {processor.py:914} INFO - Processing file /opt/airflow/dags/product_processing.py for tasks to queue
[2026-05-21T09:14:14.788+0000] {logging_mixin.py:190} INFO - [2026-05-21T09:14:14.788+0000] {dagbag.py:588} INFO - Filling up the DagBag from /opt/airflow/dags/product_processing.py
[2026-05-21T09:14:14.975+0000] {processor.py:925} INFO - DAG(s) 'product_processing' retrieved from /opt/airflow/dags/product_processing.py
[2026-05-21T09:14:14.994+0000] {logging_mixin.py:190} INFO - [2026-05-21T09:14:14.993+0000] {dag.py:3239} INFO - Sync 1 DAGs
[2026-05-21T09:14:15.013+0000] {logging_mixin.py:190} INFO - [2026-05-21T09:14:15.012+0000] {dag.py:4180} INFO - Setting next_dagrun for product_processing to 2026-05-20 00:00:00+00:00, run_after=2026-05-21 00:00:00+00:00
[2026-05-21T09:14:15.026+0000] {processor.py:208} INFO - Processing /opt/airflow/dags/product_processing.py took 0.243 seconds
[2026-05-21T09:14:45.470+0000] {processor.py:186} INFO - Started process (PID=11286) to work on /opt/airflow/dags/product_processing.py
[2026-05-21T09:14:45.471+0000] {processor.py:914} INFO - Processing file /opt/airflow/dags/product_processing.py for tasks to queue
[2026-05-21T09:14:45.473+0000] {logging_mixin.py:190} INFO - [2026-05-21T09:14:45.472+0000] {dagbag.py:588} INFO - Filling up the DagBag from /opt/airflow/dags/product_processing.py
[2026-05-21T09:14:45.670+0000] {processor.py:925} INFO - DAG(s) 'product_processing' retrieved from /opt/airflow/dags/product_processing.py
[2026-05-21T09:14:45.686+0000] {logging_mixin.py:190} INFO - [2026-05-21T09:14:45.686+0000] {dag.py:3239} INFO - Sync 1 DAGs
[2026-05-21T09:14:45.706+0000] {logging_mixin.py:190} INFO - [2026-05-21T09:14:45.706+0000] {dag.py:4180} INFO - Setting next_dagrun for product_processing to 2026-05-20 00:00:00+00:00, run_after=2026-05-21 00:00:00+00:00
[2026-05-21T09:14:45.719+0000] {processor.py:208} INFO - Processing /opt/airflow/dags/product_processing.py took 0.254 seconds
[2026-05-21T09:15:16.167+0000] {processor.py:186} INFO - Started process (PID=11302) to work on /opt/airflow/dags/product_processing.py
[2026-05-21T09:15:16.168+0000] {processor.py:914} INFO - Processing file /opt/airflow/dags/product_processing.py for tasks to queue
[2026-05-21T09:15:16.169+0000] {logging_mixin.py:190} INFO - [2026-05-21T09:15:16.168+0000] {dagbag.py:588} INFO - Filling up the DagBag from /opt/airflow/dags/product_processing.py
[2026-05-21T09:15:16.359+0000] {processor.py:925} INFO - DAG(s) 'product_processing' retrieved from /opt/airflow/dags/product_processing.py
[2026-05-21T09:15:16.379+0000] {logging_mixin.py:190} INFO - [2026-05-21T09:15:16.379+0000] {dag.py:3239} INFO - Sync 1 DAGs
[2026-05-21T09:15:16.397+0000] {logging_mixin.py:190} INFO - [2026-05-21T09:15:16.397+0000] {dag.py:4180} INFO - Setting next_dagrun for product_processing to 2026-05-20 00:00:00+00:00, run_after=2026-05-21 00:00:00+00:00
[2026-05-21T09:15:16.408+0000] {processor.py:208} INFO - Processing /opt/airflow/dags/product_processing.py took 0.247 seconds
[2026-05-21T09:15:46.890+0000] {processor.py:186} INFO - Started process (PID=11319) to work on /opt/airflow/dags/product_processing.py
[2026-05-21T09:15:46.892+0000] {processor.py:914} INFO - Processing file /opt/airflow/dags/product_processing.py for tasks to queue
[2026-05-21T09:15:46.893+0000] {logging_mixin.py:190} INFO - [2026-05-21T09:15:46.893+0000] {dagbag.py:588} INFO - Filling up the DagBag from /opt/airflow/dags/product_processing.py
[2026-05-21T09:15:47.099+0000] {processor.py:925} INFO - DAG(s) 'product_processing' retrieved from /opt/airflow/dags/product_processing.py
[2026-05-21T09:15:47.118+0000] {logging_mixin.py:190} INFO - [2026-05-21T09:15:47.118+0000] {dag.py:3239} INFO - Sync 1 DAGs
[2026-05-21T09:15:47.136+0000] {logging_mixin.py:190} INFO - [2026-05-21T09:15:47.136+0000] {dag.py:4180} INFO - Setting next_dagrun for product_processing to 2026-05-20 00:00:00+00:00, run_after=2026-05-21 00:00:00+00:00
[2026-05-21T09:15:47.151+0000] {processor.py:208} INFO - Processing /opt/airflow/dags/product_processing.py took 0.266 seconds
[2026-05-21T09:16:17.659+0000] {processor.py:186} INFO - Started process (PID=11335) to work on /opt/airflow/dags/product_processing.py
[2026-05-21T09:16:17.660+0000] {processor.py:914} INFO - Processing file /opt/airflow/dags/product_processing.py for tasks to queue
[2026-05-21T09:16:17.661+0000] {logging_mixin.py:190} INFO - [2026-05-21T09:16:17.661+0000] {dagbag.py:588} INFO - Filling up the DagBag from /opt/airflow/dags/product_processing.py
[2026-05-21T09:16:17.847+0000] {processor.py:925} INFO - DAG(s) 'product_processing' retrieved from /opt/airflow/dags/product_processing.py
[2026-05-21T09:16:17.866+0000] {logging_mixin.py:190} INFO - [2026-05-21T09:16:17.866+0000] {dag.py:3239} INFO - Sync 1 DAGs
[2026-05-21T09:16:17.883+0000] {logging_mixin.py:190} INFO - [2026-05-21T09:16:17.883+0000] {dag.py:4180} INFO - Setting next_dagrun for product_processing to 2026-05-20 00:00:00+00:00, run_after=2026-05-21 00:00:00+00:00
[2026-05-21T09:16:17.896+0000] {processor.py:208} INFO - Processing /opt/airflow/dags/product_processing.py took 0.241 seconds
[2026-05-21T09:16:48.342+0000] {processor.py:186} INFO - Started process (PID=11351) to work on /opt/airflow/dags/product_processing.py
[2026-05-21T09:16:48.344+0000] {processor.py:914} INFO - Processing file /opt/airflow/dags/product_processing.py for tasks to queue
[2026-05-21T09:16:48.345+0000] {logging_mixin.py:190} INFO - [2026-05-21T09:16:48.344+0000] {dagbag.py:588} INFO - Filling up the DagBag from /opt/airflow/dags/product_processing.py
[2026-05-21T09:16:48.527+0000] {processor.py:925} INFO - DAG(s) 'product_processing' retrieved from /opt/airflow/dags/product_processing.py
[2026-05-21T09:16:48.548+0000] {logging_mixin.py:190} INFO - [2026-05-21T09:16:48.548+0000] {dag.py:3239} INFO - Sync 1 DAGs
[2026-05-21T09:16:48.567+0000] {logging_mixin.py:190} INFO - [2026-05-21T09:16:48.566+0000] {dag.py:4180} INFO - Setting next_dagrun for product_processing to 2026-05-20 00:00:00+00:00, run_after=2026-05-21 00:00:00+00:00
[2026-05-21T09:16:48.580+0000] {processor.py:208} INFO - Processing /opt/airflow/dags/product_processing.py took 0.242 seconds
[2026-05-21T09:17:19.158+0000] {processor.py:186} INFO - Started process (PID=11368) to work on /opt/airflow/dags/product_processing.py
[2026-05-21T09:17:19.159+0000] {processor.py:914} INFO - Processing file /opt/airflow/dags/product_processing.py for tasks to queue
[2026-05-21T09:17:19.160+0000] {logging_mixin.py:190} INFO - [2026-05-21T09:17:19.160+0000] {dagbag.py:588} INFO - Filling up the DagBag from /opt/airflow/dags/product_processing.py
[2026-05-21T09:17:19.341+0000] {processor.py:925} INFO - DAG(s) 'product_processing' retrieved from /opt/airflow/dags/product_processing.py
[2026-05-21T09:17:19.359+0000] {logging_mixin.py:190} INFO - [2026-05-21T09:17:19.359+0000] {dag.py:3239} INFO - Sync 1 DAGs
[2026-05-21T09:17:19.379+0000] {logging_mixin.py:190} INFO - [2026-05-21T09:17:19.378+0000] {dag.py:4180} INFO - Setting next_dagrun for product_processing to 2026-05-20 00:00:00+00:00, run_after=2026-05-21 00:00:00+00:00
[2026-05-21T09:17:19.392+0000] {processor.py:208} INFO - Processing /opt/airflow/dags/product_processing.py took 0.239 seconds
[2026-05-21T09:17:50.064+0000] {processor.py:186} INFO - Started process (PID=11384) to work on /opt/airflow/dags/product_processing.py
[2026-05-21T09:17:50.065+0000] {processor.py:914} INFO - Processing file /opt/airflow/dags/product_processing.py for tasks to queue
[2026-05-21T09:17:50.066+0000] {logging_mixin.py:190} INFO - [2026-05-21T09:17:50.066+0000] {dagbag.py:588} INFO - Filling up the DagBag from /opt/airflow/dags/product_processing.py
[2026-05-21T09:17:50.245+0000] {processor.py:925} INFO - DAG(s) 'product_processing' retrieved from /opt/airflow/dags/product_processing.py
[2026-05-21T09:17:50.263+0000] {logging_mixin.py:190} INFO - [2026-05-21T09:17:50.263+0000] {dag.py:3239} INFO - Sync 1 DAGs
[2026-05-21T09:17:50.280+0000] {logging_mixin.py:190} INFO - [2026-05-21T09:17:50.280+0000] {dag.py:4180} INFO - Setting next_dagrun for product_processing to 2026-05-20 00:00:00+00:00, run_after=2026-05-21 00:00:00+00:00
[2026-05-21T09:17:50.295+0000] {processor.py:208} INFO - Processing /opt/airflow/dags/product_processing.py took 0.235 seconds
[2026-05-21T09:18:20.673+0000] {processor.py:186} INFO - Started process (PID=11400) to work on /opt/airflow/dags/product_processing.py
[2026-05-21T09:18:20.674+0000] {processor.py:914} INFO - Processing file /opt/airflow/dags/product_processing.py for tasks to queue
[2026-05-21T09:18:20.675+0000] {logging_mixin.py:190} INFO - [2026-05-21T09:18:20.675+0000] {dagbag.py:588} INFO - Filling up the DagBag from /opt/airflow/dags/product_processing.py
[2026-05-21T09:18:20.872+0000] {processor.py:925} INFO - DAG(s) 'product_processing' retrieved from /opt/airflow/dags/product_processing.py
[2026-05-21T09:18:20.890+0000] {logging_mixin.py:190} INFO - [2026-05-21T09:18:20.890+0000] {dag.py:3239} INFO - Sync 1 DAGs
[2026-05-21T09:18:20.911+0000] {logging_mixin.py:190} INFO - [2026-05-21T09:18:20.911+0000] {dag.py:4180} INFO - Setting next_dagrun for product_processing to 2026-05-20 00:00:00+00:00, run_after=2026-05-21 00:00:00+00:00
[2026-05-21T09:18:20.924+0000] {processor.py:208} INFO - Processing /opt/airflow/dags/product_processing.py took 0.255 seconds
[2026-05-21T09:18:51.259+0000] {processor.py:186} INFO - Started process (PID=11421) to work on /opt/airflow/dags/product_processing.py
[2026-05-21T09:18:51.267+0000] {processor.py:914} INFO - Processing file /opt/airflow/dags/product_processing.py for tasks to queue
[2026-05-21T09:18:51.268+0000] {logging_mixin.py:190} INFO - [2026-05-21T09:18:51.267+0000] {dagbag.py:588} INFO - Filling up the DagBag from /opt/airflow/dags/product_processing.py
[2026-05-21T09:18:51.463+0000] {processor.py:925} INFO - DAG(s) 'product_processing' retrieved from /opt/airflow/dags/product_processing.py
[2026-05-21T09:18:51.483+0000] {logging_mixin.py:190} INFO - [2026-05-21T09:18:51.483+0000] {dag.py:3239} INFO - Sync 1 DAGs
[2026-05-21T09:18:51.501+0000] {logging_mixin.py:190} INFO - [2026-05-21T09:18:51.501+0000] {dag.py:4180} INFO - Setting next_dagrun for product_processing to 2026-05-20 00:00:00+00:00, run_after=2026-05-21 00:00:00+00:00
[2026-05-21T09:18:51.517+0000] {processor.py:208} INFO - Processing /opt/airflow/dags/product_processing.py took 0.262 seconds
[2026-05-21T09:19:21.577+0000] {processor.py:186} INFO - Started process (PID=11437) to work on /opt/airflow/dags/product_processing.py
[2026-05-21T09:19:21.579+0000] {processor.py:914} INFO - Processing file /opt/airflow/dags/product_processing.py for tasks to queue
[2026-05-21T09:19:21.580+0000] {logging_mixin.py:190} INFO - [2026-05-21T09:19:21.580+0000] {dagbag.py:588} INFO - Filling up the DagBag from /opt/airflow/dags/product_processing.py
[2026-05-21T09:19:21.767+0000] {processor.py:925} INFO - DAG(s) 'product_processing' retrieved from /opt/airflow/dags/product_processing.py
[2026-05-21T09:19:21.789+0000] {logging_mixin.py:190} INFO - [2026-05-21T09:19:21.789+0000] {dag.py:3239} INFO - Sync 1 DAGs
[2026-05-21T09:19:21.809+0000] {logging_mixin.py:190} INFO - [2026-05-21T09:19:21.809+0000] {dag.py:4180} INFO - Setting next_dagrun for product_processing to 2026-05-20 00:00:00+00:00, run_after=2026-05-21 00:00:00+00:00
[2026-05-21T09:19:21.823+0000] {processor.py:208} INFO - Processing /opt/airflow/dags/product_processing.py took 0.254 seconds
[2026-05-21T09:19:51.969+0000] {processor.py:186} INFO - Started process (PID=11452) to work on /opt/airflow/dags/product_processing.py
[2026-05-21T09:19:51.977+0000] {processor.py:914} INFO - Processing file /opt/airflow/dags/product_processing.py for tasks to queue
[2026-05-21T09:19:51.978+0000] {logging_mixin.py:190} INFO - [2026-05-21T09:19:51.978+0000] {dagbag.py:588} INFO - Filling up the DagBag from /opt/airflow/dags/product_processing.py
[2026-05-21T09:19:52.422+0000] {processor.py:925} INFO - DAG(s) 'product_processing' retrieved from /opt/airflow/dags/product_processing.py
[2026-05-21T09:19:52.466+0000] {logging_mixin.py:190} INFO - [2026-05-21T09:19:52.466+0000] {dag.py:3239} INFO - Sync 1 DAGs
[2026-05-21T09:19:52.524+0000] {logging_mixin.py:190} INFO - [2026-05-21T09:19:52.524+0000] {dag.py:4180} INFO - Setting next_dagrun for product_processing to 2026-05-20 00:00:00+00:00, run_after=2026-05-21 00:00:00+00:00
[2026-05-21T09:19:52.567+0000] {processor.py:208} INFO - Processing /opt/airflow/dags/product_processing.py took 0.609 seconds
[2026-05-21T09:20:23.184+0000] {processor.py:186} INFO - Started process (PID=11468) to work on /opt/airflow/dags/product_processing.py
[2026-05-21T09:20:23.185+0000] {processor.py:914} INFO - Processing file /opt/airflow/dags/product_processing.py for tasks to queue
[2026-05-21T09:20:23.186+0000] {logging_mixin.py:190} INFO - [2026-05-21T09:20:23.186+0000] {dagbag.py:588} INFO - Filling up the DagBag from /opt/airflow/dags/product_processing.py
[2026-05-21T09:20:23.465+0000] {processor.py:925} INFO - DAG(s) 'product_processing' retrieved from /opt/airflow/dags/product_processing.py
[2026-05-21T09:20:23.491+0000] {logging_mixin.py:190} INFO - [2026-05-21T09:20:23.490+0000] {dag.py:3239} INFO - Sync 1 DAGs
[2026-05-21T09:20:23.510+0000] {logging_mixin.py:190} INFO - [2026-05-21T09:20:23.510+0000] {dag.py:4180} INFO - Setting next_dagrun for product_processing to 2026-05-20 00:00:00+00:00, run_after=2026-05-21 00:00:00+00:00
[2026-05-21T09:20:23.526+0000] {processor.py:208} INFO - Processing /opt/airflow/dags/product_processing.py took 0.347 seconds
[2026-05-21T09:20:53.893+0000] {processor.py:186} INFO - Started process (PID=11484) to work on /opt/airflow/dags/product_processing.py
[2026-05-21T09:20:53.894+0000] {processor.py:914} INFO - Processing file /opt/airflow/dags/product_processing.py for tasks to queue
[2026-05-21T09:20:53.895+0000] {logging_mixin.py:190} INFO - [2026-05-21T09:20:53.894+0000] {dagbag.py:588} INFO - Filling up the DagBag from /opt/airflow/dags/product_processing.py
[2026-05-21T09:20:54.091+0000] {processor.py:925} INFO - DAG(s) 'product_processing' retrieved from /opt/airflow/dags/product_processing.py
[2026-05-21T09:20:54.112+0000] {logging_mixin.py:190} INFO - [2026-05-21T09:20:54.112+0000] {dag.py:3239} INFO - Sync 1 DAGs
[2026-05-21T09:20:54.130+0000] {logging_mixin.py:190} INFO - [2026-05-21T09:20:54.130+0000] {dag.py:4180} INFO - Setting next_dagrun for product_processing to 2026-05-20 00:00:00+00:00, run_after=2026-05-21 00:00:00+00:00
[2026-05-21T09:20:54.143+0000] {processor.py:208} INFO - Processing /opt/airflow/dags/product_processing.py took 0.255 seconds
[2026-05-21T09:21:24.568+0000] {processor.py:186} INFO - Started process (PID=11500) to work on /opt/airflow/dags/product_processing.py
[2026-05-21T09:21:24.569+0000] {processor.py:914} INFO - Processing file /opt/airflow/dags/product_processing.py for tasks to queue
[2026-05-21T09:21:24.572+0000] {logging_mixin.py:190} INFO - [2026-05-21T09:21:24.570+0000] {dagbag.py:588} INFO - Filling up the DagBag from /opt/airflow/dags/product_processing.py
[2026-05-21T09:21:24.779+0000] {processor.py:925} INFO - DAG(s) 'product_processing' retrieved from /opt/airflow/dags/product_processing.py
[2026-05-21T09:21:24.809+0000] {logging_mixin.py:190} INFO - [2026-05-21T09:21:24.808+0000] {dag.py:3239} INFO - Sync 1 DAGs
[2026-05-21T09:21:24.872+0000] {logging_mixin.py:190} INFO - [2026-05-21T09:21:24.872+0000] {dag.py:4180} INFO - Setting next_dagrun for product_processing to 2026-05-20 00:00:00+00:00, run_after=2026-05-21 00:00:00+00:00
[2026-05-21T09:21:24.885+0000] {processor.py:208} INFO - Processing /opt/airflow/dags/product_processing.py took 0.322 seconds
[2026-05-21T09:21:55.229+0000] {processor.py:186} INFO - Started process (PID=11516) to work on /opt/airflow/dags/product_processing.py
[2026-05-21T09:21:55.230+0000] {processor.py:914} INFO - Processing file /opt/airflow/dags/product_processing.py for tasks to queue
[2026-05-21T09:21:55.231+0000] {logging_mixin.py:190} INFO - [2026-05-21T09:21:55.231+0000] {dagbag.py:588} INFO - Filling up the DagBag from /opt/airflow/dags/product_processing.py
[2026-05-21T09:21:55.437+0000] {processor.py:925} INFO - DAG(s) 'product_processing' retrieved from /opt/airflow/dags/product_processing.py
[2026-05-21T09:21:55.461+0000] {logging_mixin.py:190} INFO - [2026-05-21T09:21:55.461+0000] {dag.py:3239} INFO - Sync 1 DAGs
[2026-05-21T09:21:55.486+0000] {logging_mixin.py:190} INFO - [2026-05-21T09:21:55.485+0000] {dag.py:4180} INFO - Setting next_dagrun for product_processing to 2026-05-20 00:00:00+00:00, run_after=2026-05-21 00:00:00+00:00
[2026-05-21T09:21:55.504+0000] {processor.py:208} INFO - Processing /opt/airflow/dags/product_processing.py took 0.281 seconds
[2026-05-21T09:22:25.978+0000] {processor.py:186} INFO - Started process (PID=11533) to work on /opt/airflow/dags/product_processing.py
[2026-05-21T09:22:25.979+0000] {processor.py:914} INFO - Processing file /opt/airflow/dags/product_processing.py for tasks to queue
[2026-05-21T09:22:25.980+0000] {logging_mixin.py:190} INFO - [2026-05-21T09:22:25.979+0000] {dagbag.py:588} INFO - Filling up the DagBag from /opt/airflow/dags/product_processing.py
[2026-05-21T09:22:26.163+0000] {processor.py:925} INFO - DAG(s) 'product_processing' retrieved from /opt/airflow/dags/product_processing.py
[2026-05-21T09:22:26.181+0000] {logging_mixin.py:190} INFO - [2026-05-21T09:22:26.180+0000] {dag.py:3239} INFO - Sync 1 DAGs
[2026-05-21T09:22:26.199+0000] {logging_mixin.py:190} INFO - [2026-05-21T09:22:26.199+0000] {dag.py:4180} INFO - Setting next_dagrun for product_processing to 2026-05-20 00:00:00+00:00, run_after=2026-05-21 00:00:00+00:00
[2026-05-21T09:22:26.211+0000] {processor.py:208} INFO - Processing /opt/airflow/dags/product_processing.py took 0.238 seconds
[2026-05-21T09:22:56.267+0000] {processor.py:186} INFO - Started process (PID=11550) to work on /opt/airflow/dags/product_processing.py
[2026-05-21T09:22:56.268+0000] {processor.py:914} INFO - Processing file /opt/airflow/dags/product_processing.py for tasks to queue
[2026-05-21T09:22:56.269+0000] {logging_mixin.py:190} INFO - [2026-05-21T09:22:56.269+0000] {dagbag.py:588} INFO - Filling up the DagBag from /opt/airflow/dags/product_processing.py
[2026-05-21T09:22:56.475+0000] {processor.py:925} INFO - DAG(s) 'product_processing' retrieved from /opt/airflow/dags/product_processing.py
[2026-05-21T09:22:56.494+0000] {logging_mixin.py:190} INFO - [2026-05-21T09:22:56.493+0000] {dag.py:3239} INFO - Sync 1 DAGs
[2026-05-21T09:22:56.513+0000] {logging_mixin.py:190} INFO - [2026-05-21T09:22:56.513+0000] {dag.py:4180} INFO - Setting next_dagrun for product_processing to 2026-05-20 00:00:00+00:00, run_after=2026-05-21 00:00:00+00:00
[2026-05-21T09:22:56.527+0000] {processor.py:208} INFO - Processing /opt/airflow/dags/product_processing.py took 0.266 seconds
[2026-05-21T09:23:26.980+0000] {processor.py:186} INFO - Started process (PID=11565) to work on /opt/airflow/dags/product_processing.py
[2026-05-21T09:23:26.980+0000] {processor.py:914} INFO - Processing file /opt/airflow/dags/product_processing.py for tasks to queue
[2026-05-21T09:23:26.981+0000] {logging_mixin.py:190} INFO - [2026-05-21T09:23:26.981+0000] {dagbag.py:588} INFO - Filling up the DagBag from /opt/airflow/dags/product_processing.py
[2026-05-21T09:23:27.198+0000] {processor.py:925} INFO - DAG(s) 'product_processing' retrieved from /opt/airflow/dags/product_processing.py
[2026-05-21T09:23:27.218+0000] {logging_mixin.py:190} INFO - [2026-05-21T09:23:27.218+0000] {dag.py:3239} INFO - Sync 1 DAGs
[2026-05-21T09:23:27.235+0000] {logging_mixin.py:190} INFO - [2026-05-21T09:23:27.235+0000] {dag.py:4180} INFO - Setting next_dagrun for product_processing to 2026-05-20 00:00:00+00:00, run_after=2026-05-21 00:00:00+00:00
[2026-05-21T09:23:27.249+0000] {processor.py:208} INFO - Processing /opt/airflow/dags/product_processing.py took 0.273 seconds
[2026-05-21T09:23:57.658+0000] {processor.py:186} INFO - Started process (PID=11581) to work on /opt/airflow/dags/product_processing.py
[2026-05-21T09:23:57.659+0000] {processor.py:914} INFO - Processing file /opt/airflow/dags/product_processing.py for tasks to queue
[2026-05-21T09:23:57.659+0000] {logging_mixin.py:190} INFO - [2026-05-21T09:23:57.659+0000] {dagbag.py:588} INFO - Filling up the DagBag from /opt/airflow/dags/product_processing.py
[2026-05-21T09:23:57.852+0000] {processor.py:925} INFO - DAG(s) 'product_processing' retrieved from /opt/airflow/dags/product_processing.py
[2026-05-21T09:23:57.872+0000] {logging_mixin.py:190} INFO - [2026-05-21T09:23:57.871+0000] {dag.py:3239} INFO - Sync 1 DAGs
[2026-05-21T09:23:57.890+0000] {logging_mixin.py:190} INFO - [2026-05-21T09:23:57.890+0000] {dag.py:4180} INFO - Setting next_dagrun for product_processing to 2026-05-20 00:00:00+00:00, run_after=2026-05-21 00:00:00+00:00
[2026-05-21T09:23:57.906+0000] {processor.py:208} INFO - Processing /opt/airflow/dags/product_processing.py took 0.253 seconds
[2026-05-21T09:24:28.437+0000] {processor.py:186} INFO - Started process (PID=11598) to work on /opt/airflow/dags/product_processing.py
[2026-05-21T09:24:28.438+0000] {processor.py:914} INFO - Processing file /opt/airflow/dags/product_processing.py for tasks to queue
[2026-05-21T09:24:28.439+0000] {logging_mixin.py:190} INFO - [2026-05-21T09:24:28.439+0000] {dagbag.py:588} INFO - Filling up the DagBag from /opt/airflow/dags/product_processing.py
[2026-05-21T09:24:28.636+0000] {processor.py:925} INFO - DAG(s) 'product_processing' retrieved from /opt/airflow/dags/product_processing.py
[2026-05-21T09:24:28.660+0000] {logging_mixin.py:190} INFO - [2026-05-21T09:24:28.660+0000] {dag.py:3239} INFO - Sync 1 DAGs
[2026-05-21T09:24:28.682+0000] {logging_mixin.py:190} INFO - [2026-05-21T09:24:28.682+0000] {dag.py:4180} INFO - Setting next_dagrun for product_processing to 2026-05-20 00:00:00+00:00, run_after=2026-05-21 00:00:00+00:00
[2026-05-21T09:24:28.698+0000] {processor.py:208} INFO - Processing /opt/airflow/dags/product_processing.py took 0.265 seconds
[2026-05-21T09:24:59.065+0000] {processor.py:186} INFO - Started process (PID=11614) to work on /opt/airflow/dags/product_processing.py
[2026-05-21T09:24:59.068+0000] {processor.py:914} INFO - Processing file /opt/airflow/dags/product_processing.py for tasks to queue
[2026-05-21T09:24:59.068+0000] {logging_mixin.py:190} INFO - [2026-05-21T09:24:59.068+0000] {dagbag.py:588} INFO - Filling up the DagBag from /opt/airflow/dags/product_processing.py
[2026-05-21T09:24:59.263+0000] {processor.py:925} INFO - DAG(s) 'product_processing' retrieved from /opt/airflow/dags/product_processing.py
[2026-05-21T09:24:59.283+0000] {logging_mixin.py:190} INFO - [2026-05-21T09:24:59.283+0000] {dag.py:3239} INFO - Sync 1 DAGs
[2026-05-21T09:24:59.302+0000] {logging_mixin.py:190} INFO - [2026-05-21T09:24:59.301+0000] {dag.py:4180} INFO - Setting next_dagrun for product_processing to 2026-05-20 00:00:00+00:00, run_after=2026-05-21 00:00:00+00:00
[2026-05-21T09:24:59.317+0000] {processor.py:208} INFO - Processing /opt/airflow/dags/product_processing.py took 0.256 seconds
[2026-05-21T09:25:29.442+0000] {processor.py:186} INFO - Started process (PID=11631) to work on /opt/airflow/dags/product_processing.py
[2026-05-21T09:25:29.443+0000] {processor.py:914} INFO - Processing file /opt/airflow/dags/product_processing.py for tasks to queue
[2026-05-21T09:25:29.444+0000] {logging_mixin.py:190} INFO - [2026-05-21T09:25:29.444+0000] {dagbag.py:588} INFO - Filling up the DagBag from /opt/airflow/dags/product_processing.py
[2026-05-21T09:25:29.640+0000] {processor.py:925} INFO - DAG(s) 'product_processing' retrieved from /opt/airflow/dags/product_processing.py
[2026-05-21T09:25:29.660+0000] {logging_mixin.py:190} INFO - [2026-05-21T09:25:29.660+0000] {dag.py:3239} INFO - Sync 1 DAGs
[2026-05-21T09:25:29.678+0000] {logging_mixin.py:190} INFO - [2026-05-21T09:25:29.678+0000] {dag.py:4180} INFO - Setting next_dagrun for product_processing to 2026-05-20 00:00:00+00:00, run_after=2026-05-21 00:00:00+00:00
[2026-05-21T09:25:29.690+0000] {processor.py:208} INFO - Processing /opt/airflow/dags/product_processing.py took 0.254 seconds
[2026-05-21T09:26:00.387+0000] {processor.py:186} INFO - Started process (PID=11648) to work on /opt/airflow/dags/product_processing.py
[2026-05-21T09:26:00.388+0000] {processor.py:914} INFO - Processing file /opt/airflow/dags/product_processing.py for tasks to queue
[2026-05-21T09:26:00.389+0000] {logging_mixin.py:190} INFO - [2026-05-21T09:26:00.389+0000] {dagbag.py:588} INFO - Filling up the DagBag from /opt/airflow/dags/product_processing.py
[2026-05-21T09:26:00.580+0000] {processor.py:925} INFO - DAG(s) 'product_processing' retrieved from /opt/airflow/dags/product_processing.py
[2026-05-21T09:26:00.602+0000] {logging_mixin.py:190} INFO - [2026-05-21T09:26:00.602+0000] {dag.py:3239} INFO - Sync 1 DAGs
[2026-05-21T09:26:00.620+0000] {logging_mixin.py:190} INFO - [2026-05-21T09:26:00.620+0000] {dag.py:4180} INFO - Setting next_dagrun for product_processing to 2026-05-20 00:00:00+00:00, run_after=2026-05-21 00:00:00+00:00
[2026-05-21T09:26:00.634+0000] {processor.py:208} INFO - Processing /opt/airflow/dags/product_processing.py took 0.251 seconds
[2026-05-21T09:26:31.115+0000] {processor.py:186} INFO - Started process (PID=11663) to work on /opt/airflow/dags/product_processing.py
[2026-05-21T09:26:31.115+0000] {processor.py:914} INFO - Processing file /opt/airflow/dags/product_processing.py for tasks to queue
[2026-05-21T09:26:31.116+0000] {logging_mixin.py:190} INFO - [2026-05-21T09:26:31.116+0000] {dagbag.py:588} INFO - Filling up the DagBag from /opt/airflow/dags/product_processing.py
[2026-05-21T09:26:31.304+0000] {processor.py:925} INFO - DAG(s) 'product_processing' retrieved from /opt/airflow/dags/product_processing.py
[2026-05-21T09:26:31.326+0000] {logging_mixin.py:190} INFO - [2026-05-21T09:26:31.325+0000] {dag.py:3239} INFO - Sync 1 DAGs
[2026-05-21T09:26:31.344+0000] {logging_mixin.py:190} INFO - [2026-05-21T09:26:31.344+0000] {dag.py:4180} INFO - Setting next_dagrun for product_processing to 2026-05-20 00:00:00+00:00, run_after=2026-05-21 00:00:00+00:00
[2026-05-21T09:26:31.359+0000] {processor.py:208} INFO - Processing /opt/airflow/dags/product_processing.py took 0.249 seconds
[2026-05-21T09:27:01.628+0000] {processor.py:186} INFO - Started process (PID=11679) to work on /opt/airflow/dags/product_processing.py
[2026-05-21T09:27:01.629+0000] {processor.py:914} INFO - Processing file /opt/airflow/dags/product_processing.py for tasks to queue
[2026-05-21T09:27:01.630+0000] {logging_mixin.py:190} INFO - [2026-05-21T09:27:01.630+0000] {dagbag.py:588} INFO - Filling up the DagBag from /opt/airflow/dags/product_processing.py
[2026-05-21T09:27:01.832+0000] {processor.py:925} INFO - DAG(s) 'product_processing' retrieved from /opt/airflow/dags/product_processing.py
[2026-05-21T09:27:01.853+0000] {logging_mixin.py:190} INFO - [2026-05-21T09:27:01.853+0000] {dag.py:3239} INFO - Sync 1 DAGs
[2026-05-21T09:27:01.872+0000] {logging_mixin.py:190} INFO - [2026-05-21T09:27:01.872+0000] {dag.py:4180} INFO - Setting next_dagrun for product_processing to 2026-05-20 00:00:00+00:00, run_after=2026-05-21 00:00:00+00:00
[2026-05-21T09:27:01.885+0000] {processor.py:208} INFO - Processing /opt/airflow/dags/product_processing.py took 0.264 seconds
[2026-05-21T09:27:32.264+0000] {processor.py:186} INFO - Started process (PID=11695) to work on /opt/airflow/dags/product_processing.py
[2026-05-21T09:27:32.265+0000] {processor.py:914} INFO - Processing file /opt/airflow/dags/product_processing.py for tasks to queue
[2026-05-21T09:27:32.266+0000] {logging_mixin.py:190} INFO - [2026-05-21T09:27:32.266+0000] {dagbag.py:588} INFO - Filling up the DagBag from /opt/airflow/dags/product_processing.py
[2026-05-21T09:27:32.461+0000] {processor.py:925} INFO - DAG(s) 'product_processing' retrieved from /opt/airflow/dags/product_processing.py
[2026-05-21T09:27:32.485+0000] {logging_mixin.py:190} INFO - [2026-05-21T09:27:32.485+0000] {dag.py:3239} INFO - Sync 1 DAGs
[2026-05-21T09:27:32.506+0000] {logging_mixin.py:190} INFO - [2026-05-21T09:27:32.506+0000] {dag.py:4180} INFO - Setting next_dagrun for product_processing to 2026-05-20 00:00:00+00:00, run_after=2026-05-21 00:00:00+00:00
[2026-05-21T09:27:32.523+0000] {processor.py:208} INFO - Processing /opt/airflow/dags/product_processing.py took 0.264 seconds
[2026-05-21T09:28:03.042+0000] {processor.py:186} INFO - Started process (PID=11711) to work on /opt/airflow/dags/product_processing.py
[2026-05-21T09:28:03.043+0000] {processor.py:914} INFO - Processing file /opt/airflow/dags/product_processing.py for tasks to queue
[2026-05-21T09:28:03.045+0000] {logging_mixin.py:190} INFO - [2026-05-21T09:28:03.045+0000] {dagbag.py:588} INFO - Filling up the DagBag from /opt/airflow/dags/product_processing.py
[2026-05-21T09:28:03.247+0000] {processor.py:925} INFO - DAG(s) 'product_processing' retrieved from /opt/airflow/dags/product_processing.py
[2026-05-21T09:28:03.270+0000] {logging_mixin.py:190} INFO - [2026-05-21T09:28:03.269+0000] {dag.py:3239} INFO - Sync 1 DAGs
[2026-05-21T09:28:03.288+0000] {logging_mixin.py:190} INFO - [2026-05-21T09:28:03.288+0000] {dag.py:4180} INFO - Setting next_dagrun for product_processing to 2026-05-20 00:00:00+00:00, run_after=2026-05-21 00:00:00+00:00
[2026-05-21T09:28:03.301+0000] {processor.py:208} INFO - Processing /opt/airflow/dags/product_processing.py took 0.263 seconds
[2026-05-21T09:28:33.669+0000] {processor.py:186} INFO - Started process (PID=11727) to work on /opt/airflow/dags/product_processing.py
[2026-05-21T09:28:33.670+0000] {processor.py:914} INFO - Processing file /opt/airflow/dags/product_processing.py for tasks to queue
[2026-05-21T09:28:33.671+0000] {logging_mixin.py:190} INFO - [2026-05-21T09:28:33.670+0000] {dagbag.py:588} INFO - Filling up the DagBag from /opt/airflow/dags/product_processing.py
[2026-05-21T09:28:33.870+0000] {processor.py:925} INFO - DAG(s) 'product_processing' retrieved from /opt/airflow/dags/product_processing.py
[2026-05-21T09:28:33.892+0000] {logging_mixin.py:190} INFO - [2026-05-21T09:28:33.891+0000] {dag.py:3239} INFO - Sync 1 DAGs
[2026-05-21T09:28:33.912+0000] {logging_mixin.py:190} INFO - [2026-05-21T09:28:33.912+0000] {dag.py:4180} INFO - Setting next_dagrun for product_processing to 2026-05-20 00:00:00+00:00, run_after=2026-05-21 00:00:00+00:00
[2026-05-21T09:28:33.928+0000] {processor.py:208} INFO - Processing /opt/airflow/dags/product_processing.py took 0.264 seconds
[2026-05-21T09:29:03.997+0000] {processor.py:186} INFO - Started process (PID=11743) to work on /opt/airflow/dags/product_processing.py
[2026-05-21T09:29:03.998+0000] {processor.py:914} INFO - Processing file /opt/airflow/dags/product_processing.py for tasks to queue
[2026-05-21T09:29:03.999+0000] {logging_mixin.py:190} INFO - [2026-05-21T09:29:03.999+0000] {dagbag.py:588} INFO - Filling up the DagBag from /opt/airflow/dags/product_processing.py
[2026-05-21T09:29:04.206+0000] {processor.py:925} INFO - DAG(s) 'product_processing' retrieved from /opt/airflow/dags/product_processing.py
[2026-05-21T09:29:04.228+0000] {logging_mixin.py:190} INFO - [2026-05-21T09:29:04.228+0000] {dag.py:3239} INFO - Sync 1 DAGs
[2026-05-21T09:29:04.249+0000] {logging_mixin.py:190} INFO - [2026-05-21T09:29:04.248+0000] {dag.py:4180} INFO - Setting next_dagrun for product_processing to 2026-05-20 00:00:00+00:00, run_after=2026-05-21 00:00:00+00:00
[2026-05-21T09:29:04.264+0000] {processor.py:208} INFO - Processing /opt/airflow/dags/product_processing.py took 0.272 seconds
[2026-05-21T09:29:34.538+0000] {processor.py:186} INFO - Started process (PID=11759) to work on /opt/airflow/dags/product_processing.py
[2026-05-21T09:29:34.539+0000] {processor.py:914} INFO - Processing file /opt/airflow/dags/product_processing.py for tasks to queue
[2026-05-21T09:29:34.541+0000] {logging_mixin.py:190} INFO - [2026-05-21T09:29:34.539+0000] {dagbag.py:588} INFO - Filling up the DagBag from /opt/airflow/dags/product_processing.py
[2026-05-21T09:29:34.750+0000] {processor.py:925} INFO - DAG(s) 'product_processing' retrieved from /opt/airflow/dags/product_processing.py
[2026-05-21T09:29:34.776+0000] {logging_mixin.py:190} INFO - [2026-05-21T09:29:34.775+0000] {dag.py:3239} INFO - Sync 1 DAGs
[2026-05-21T09:29:34.797+0000] {logging_mixin.py:190} INFO - [2026-05-21T09:29:34.796+0000] {dag.py:4180} INFO - Setting next_dagrun for product_processing to 2026-05-20 00:00:00+00:00, run_after=2026-05-21 00:00:00+00:00
[2026-05-21T09:29:34.811+0000] {processor.py:208} INFO - Processing /opt/airflow/dags/product_processing.py took 0.279 seconds
[2026-05-21T09:30:04.931+0000] {processor.py:186} INFO - Started process (PID=11775) to work on /opt/airflow/dags/product_processing.py
[2026-05-21T09:30:04.932+0000] {processor.py:914} INFO - Processing file /opt/airflow/dags/product_processing.py for tasks to queue
[2026-05-21T09:30:04.933+0000] {logging_mixin.py:190} INFO - [2026-05-21T09:30:04.933+0000] {dagbag.py:588} INFO - Filling up the DagBag from /opt/airflow/dags/product_processing.py
[2026-05-21T09:30:05.125+0000] {processor.py:925} INFO - DAG(s) 'product_processing' retrieved from /opt/airflow/dags/product_processing.py
[2026-05-21T09:30:05.144+0000] {logging_mixin.py:190} INFO - [2026-05-21T09:30:05.144+0000] {dag.py:3239} INFO - Sync 1 DAGs
[2026-05-21T09:30:05.163+0000] {logging_mixin.py:190} INFO - [2026-05-21T09:30:05.162+0000] {dag.py:4180} INFO - Setting next_dagrun for product_processing to 2026-05-20 00:00:00+00:00, run_after=2026-05-21 00:00:00+00:00
[2026-05-21T09:30:05.176+0000] {processor.py:208} INFO - Processing /opt/airflow/dags/product_processing.py took 0.250 seconds
[2026-05-21T09:30:35.818+0000] {processor.py:186} INFO - Started process (PID=11791) to work on /opt/airflow/dags/product_processing.py
[2026-05-21T09:30:35.819+0000] {processor.py:914} INFO - Processing file /opt/airflow/dags/product_processing.py for tasks to queue
[2026-05-21T09:30:35.821+0000] {logging_mixin.py:190} INFO - [2026-05-21T09:30:35.820+0000] {dagbag.py:588} INFO - Filling up the DagBag from /opt/airflow/dags/product_processing.py
[2026-05-21T09:30:36.101+0000] {processor.py:925} INFO - DAG(s) 'product_processing' retrieved from /opt/airflow/dags/product_processing.py
[2026-05-21T09:30:36.132+0000] {logging_mixin.py:190} INFO - [2026-05-21T09:30:36.131+0000] {dag.py:3239} INFO - Sync 1 DAGs
[2026-05-21T09:30:36.197+0000] {logging_mixin.py:190} INFO - [2026-05-21T09:30:36.197+0000] {dag.py:4180} INFO - Setting next_dagrun for product_processing to 2026-05-20 00:00:00+00:00, run_after=2026-05-21 00:00:00+00:00
[2026-05-21T09:30:36.221+0000] {processor.py:208} INFO - Processing /opt/airflow/dags/product_processing.py took 0.410 seconds
[2026-05-21T09:31:06.925+0000] {processor.py:186} INFO - Started process (PID=11807) to work on /opt/airflow/dags/product_processing.py
[2026-05-21T09:31:06.926+0000] {processor.py:914} INFO - Processing file /opt/airflow/dags/product_processing.py for tasks to queue
[2026-05-21T09:31:06.927+0000] {logging_mixin.py:190} INFO - [2026-05-21T09:31:06.926+0000] {dagbag.py:588} INFO - Filling up the DagBag from /opt/airflow/dags/product_processing.py
[2026-05-21T09:31:07.132+0000] {processor.py:925} INFO - DAG(s) 'product_processing' retrieved from /opt/airflow/dags/product_processing.py
[2026-05-21T09:31:07.153+0000] {logging_mixin.py:190} INFO - [2026-05-21T09:31:07.153+0000] {dag.py:3239} INFO - Sync 1 DAGs
[2026-05-21T09:31:07.174+0000] {logging_mixin.py:190} INFO - [2026-05-21T09:31:07.174+0000] {dag.py:4180} INFO - Setting next_dagrun for product_processing to 2026-05-20 00:00:00+00:00, run_after=2026-05-21 00:00:00+00:00
[2026-05-21T09:31:07.191+0000] {processor.py:208} INFO - Processing /opt/airflow/dags/product_processing.py took 0.271 seconds
[2026-05-21T09:31:37.285+0000] {processor.py:186} INFO - Started process (PID=11823) to work on /opt/airflow/dags/product_processing.py
[2026-05-21T09:31:37.286+0000] {processor.py:914} INFO - Processing file /opt/airflow/dags/product_processing.py for tasks to queue
[2026-05-21T09:31:37.287+0000] {logging_mixin.py:190} INFO - [2026-05-21T09:31:37.287+0000] {dagbag.py:588} INFO - Filling up the DagBag from /opt/airflow/dags/product_processing.py
[2026-05-21T09:31:37.514+0000] {processor.py:925} INFO - DAG(s) 'product_processing' retrieved from /opt/airflow/dags/product_processing.py
[2026-05-21T09:31:37.534+0000] {logging_mixin.py:190} INFO - [2026-05-21T09:31:37.533+0000] {dag.py:3239} INFO - Sync 1 DAGs
[2026-05-21T09:31:37.552+0000] {logging_mixin.py:190} INFO - [2026-05-21T09:31:37.552+0000] {dag.py:4180} INFO - Setting next_dagrun for product_processing to 2026-05-20 00:00:00+00:00, run_after=2026-05-21 00:00:00+00:00
[2026-05-21T09:31:37.566+0000] {processor.py:208} INFO - Processing /opt/airflow/dags/product_processing.py took 0.286 seconds
[2026-05-21T09:32:08.193+0000] {processor.py:186} INFO - Started process (PID=11839) to work on /opt/airflow/dags/product_processing.py
[2026-05-21T09:32:08.195+0000] {processor.py:914} INFO - Processing file /opt/airflow/dags/product_processing.py for tasks to queue
[2026-05-21T09:32:08.215+0000] {logging_mixin.py:190} INFO - [2026-05-21T09:32:08.214+0000] {dagbag.py:588} INFO - Filling up the DagBag from /opt/airflow/dags/product_processing.py
[2026-05-21T09:32:08.483+0000] {processor.py:925} INFO - DAG(s) 'product_processing' retrieved from /opt/airflow/dags/product_processing.py
[2026-05-21T09:32:08.520+0000] {logging_mixin.py:190} INFO - [2026-05-21T09:32:08.519+0000] {dag.py:3239} INFO - Sync 1 DAGs
[2026-05-21T09:32:08.548+0000] {logging_mixin.py:190} INFO - [2026-05-21T09:32:08.548+0000] {dag.py:4180} INFO - Setting next_dagrun for product_processing to 2026-05-20 00:00:00+00:00, run_after=2026-05-21 00:00:00+00:00
[2026-05-21T09:32:08.565+0000] {processor.py:208} INFO - Processing /opt/airflow/dags/product_processing.py took 0.389 seconds
[2026-05-21T09:32:39.524+0000] {processor.py:186} INFO - Started process (PID=11854) to work on /opt/airflow/dags/product_processing.py
[2026-05-21T09:32:39.526+0000] {processor.py:914} INFO - Processing file /opt/airflow/dags/product_processing.py for tasks to queue
[2026-05-21T09:32:39.527+0000] {logging_mixin.py:190} INFO - [2026-05-21T09:32:39.527+0000] {dagbag.py:588} INFO - Filling up the DagBag from /opt/airflow/dags/product_processing.py
[2026-05-21T09:32:39.906+0000] {processor.py:925} INFO - DAG(s) 'product_processing' retrieved from /opt/airflow/dags/product_processing.py
[2026-05-21T09:32:39.940+0000] {logging_mixin.py:190} INFO - [2026-05-21T09:32:39.940+0000] {dag.py:3239} INFO - Sync 1 DAGs
[2026-05-21T09:32:39.963+0000] {logging_mixin.py:190} INFO - [2026-05-21T09:32:39.963+0000] {dag.py:4180} INFO - Setting next_dagrun for product_processing to 2026-05-20 00:00:00+00:00, run_after=2026-05-21 00:00:00+00:00
[2026-05-21T09:32:39.979+0000] {processor.py:208} INFO - Processing /opt/airflow/dags/product_processing.py took 0.461 seconds
[2026-05-21T09:33:10.109+0000] {processor.py:186} INFO - Started process (PID=11869) to work on /opt/airflow/dags/product_processing.py
[2026-05-21T09:33:10.111+0000] {processor.py:914} INFO - Processing file /opt/airflow/dags/product_processing.py for tasks to queue
[2026-05-21T09:33:10.112+0000] {logging_mixin.py:190} INFO - [2026-05-21T09:33:10.112+0000] {dagbag.py:588} INFO - Filling up the DagBag from /opt/airflow/dags/product_processing.py
[2026-05-21T09:33:10.650+0000] {processor.py:925} INFO - DAG(s) 'product_processing' retrieved from /opt/airflow/dags/product_processing.py
[2026-05-21T09:33:10.696+0000] {logging_mixin.py:190} INFO - [2026-05-21T09:33:10.695+0000] {dag.py:3239} INFO - Sync 1 DAGs
[2026-05-21T09:33:10.734+0000] {logging_mixin.py:190} INFO - [2026-05-21T09:33:10.734+0000] {dag.py:4180} INFO - Setting next_dagrun for product_processing to 2026-05-20 00:00:00+00:00, run_after=2026-05-21 00:00:00+00:00
[2026-05-21T09:33:10.751+0000] {processor.py:208} INFO - Processing /opt/airflow/dags/product_processing.py took 0.669 seconds
[2026-05-21T09:33:41.517+0000] {processor.py:186} INFO - Started process (PID=11886) to work on /opt/airflow/dags/product_processing.py
[2026-05-21T09:33:41.520+0000] {processor.py:914} INFO - Processing file /opt/airflow/dags/product_processing.py for tasks to queue
[2026-05-21T09:33:41.522+0000] {logging_mixin.py:190} INFO - [2026-05-21T09:33:41.522+0000] {dagbag.py:588} INFO - Filling up the DagBag from /opt/airflow/dags/product_processing.py
[2026-05-21T09:33:42.106+0000] {processor.py:925} INFO - DAG(s) 'product_processing' retrieved from /opt/airflow/dags/product_processing.py
[2026-05-21T09:33:42.131+0000] {logging_mixin.py:190} INFO - [2026-05-21T09:33:42.131+0000] {dag.py:3239} INFO - Sync 1 DAGs
[2026-05-21T09:33:42.149+0000] {logging_mixin.py:190} INFO - [2026-05-21T09:33:42.149+0000] {dag.py:4180} INFO - Setting next_dagrun for product_processing to 2026-05-20 00:00:00+00:00, run_after=2026-05-21 00:00:00+00:00
[2026-05-21T09:33:42.164+0000] {processor.py:208} INFO - Processing /opt/airflow/dags/product_processing.py took 0.664 seconds
[2026-05-21T09:34:12.840+0000] {processor.py:186} INFO - Started process (PID=11902) to work on /opt/airflow/dags/product_processing.py
[2026-05-21T09:34:12.841+0000] {processor.py:914} INFO - Processing file /opt/airflow/dags/product_processing.py for tasks to queue
[2026-05-21T09:34:12.841+0000] {logging_mixin.py:190} INFO - [2026-05-21T09:34:12.841+0000] {dagbag.py:588} INFO - Filling up the DagBag from /opt/airflow/dags/product_processing.py
[2026-05-21T09:34:13.105+0000] {processor.py:925} INFO - DAG(s) 'product_processing' retrieved from /opt/airflow/dags/product_processing.py
[2026-05-21T09:34:13.129+0000] {logging_mixin.py:190} INFO - [2026-05-21T09:34:13.129+0000] {dag.py:3239} INFO - Sync 1 DAGs
[2026-05-21T09:34:13.157+0000] {logging_mixin.py:190} INFO - [2026-05-21T09:34:13.157+0000] {dag.py:4180} INFO - Setting next_dagrun for product_processing to 2026-05-20 00:00:00+00:00, run_after=2026-05-21 00:00:00+00:00
[2026-05-21T09:34:13.173+0000] {processor.py:208} INFO - Processing /opt/airflow/dags/product_processing.py took 0.338 seconds
[2026-05-21T09:34:44.037+0000] {processor.py:186} INFO - Started process (PID=11918) to work on /opt/airflow/dags/product_processing.py
[2026-05-21T09:34:44.040+0000] {processor.py:914} INFO - Processing file /opt/airflow/dags/product_processing.py for tasks to queue
[2026-05-21T09:34:44.041+0000] {logging_mixin.py:190} INFO - [2026-05-21T09:34:44.041+0000] {dagbag.py:588} INFO - Filling up the DagBag from /opt/airflow/dags/product_processing.py
[2026-05-21T09:34:44.298+0000] {processor.py:925} INFO - DAG(s) 'product_processing' retrieved from /opt/airflow/dags/product_processing.py
[2026-05-21T09:34:44.323+0000] {logging_mixin.py:190} INFO - [2026-05-21T09:34:44.322+0000] {dag.py:3239} INFO - Sync 1 DAGs
[2026-05-21T09:34:44.347+0000] {logging_mixin.py:190} INFO - [2026-05-21T09:34:44.347+0000] {dag.py:4180} INFO - Setting next_dagrun for product_processing to 2026-05-20 00:00:00+00:00, run_after=2026-05-21 00:00:00+00:00
[2026-05-21T09:34:44.367+0000] {processor.py:208} INFO - Processing /opt/airflow/dags/product_processing.py took 0.340 seconds
[2026-05-21T09:35:15.134+0000] {processor.py:186} INFO - Started process (PID=11934) to work on /opt/airflow/dags/product_processing.py
[2026-05-21T09:35:15.135+0000] {processor.py:914} INFO - Processing file /opt/airflow/dags/product_processing.py for tasks to queue
[2026-05-21T09:35:15.136+0000] {logging_mixin.py:190} INFO - [2026-05-21T09:35:15.135+0000] {dagbag.py:588} INFO - Filling up the DagBag from /opt/airflow/dags/product_processing.py
[2026-05-21T09:35:15.343+0000] {processor.py:925} INFO - DAG(s) 'product_processing' retrieved from /opt/airflow/dags/product_processing.py
[2026-05-21T09:35:15.365+0000] {logging_mixin.py:190} INFO - [2026-05-21T09:35:15.365+0000] {dag.py:3239} INFO - Sync 1 DAGs
[2026-05-21T09:35:15.386+0000] {logging_mixin.py:190} INFO - [2026-05-21T09:35:15.386+0000] {dag.py:4180} INFO - Setting next_dagrun for product_processing to 2026-05-20 00:00:00+00:00, run_after=2026-05-21 00:00:00+00:00
[2026-05-21T09:35:15.399+0000] {processor.py:208} INFO - Processing /opt/airflow/dags/product_processing.py took 0.271 seconds
[2026-05-21T09:35:45.464+0000] {processor.py:186} INFO - Started process (PID=11948) to work on /opt/airflow/dags/product_processing.py
[2026-05-21T09:35:45.466+0000] {processor.py:914} INFO - Processing file /opt/airflow/dags/product_processing.py for tasks to queue
[2026-05-21T09:35:45.466+0000] {logging_mixin.py:190} INFO - [2026-05-21T09:35:45.466+0000] {dagbag.py:588} INFO - Filling up the DagBag from /opt/airflow/dags/product_processing.py
[2026-05-21T09:35:45.665+0000] {processor.py:925} INFO - DAG(s) 'product_processing' retrieved from /opt/airflow/dags/product_processing.py
[2026-05-21T09:35:45.690+0000] {logging_mixin.py:190} INFO - [2026-05-21T09:35:45.689+0000] {dag.py:3239} INFO - Sync 1 DAGs
[2026-05-21T09:35:45.709+0000] {logging_mixin.py:190} INFO - [2026-05-21T09:35:45.709+0000] {dag.py:4180} INFO - Setting next_dagrun for product_processing to 2026-05-20 00:00:00+00:00, run_after=2026-05-21 00:00:00+00:00
[2026-05-21T09:35:45.722+0000] {processor.py:208} INFO - Processing /opt/airflow/dags/product_processing.py took 0.263 seconds
[2026-05-21T09:36:16.164+0000] {processor.py:186} INFO - Started process (PID=11965) to work on /opt/airflow/dags/product_processing.py
[2026-05-21T09:36:16.165+0000] {processor.py:914} INFO - Processing file /opt/airflow/dags/product_processing.py for tasks to queue
[2026-05-21T09:36:16.167+0000] {logging_mixin.py:190} INFO - [2026-05-21T09:36:16.166+0000] {dagbag.py:588} INFO - Filling up the DagBag from /opt/airflow/dags/product_processing.py
[2026-05-21T09:36:16.364+0000] {processor.py:925} INFO - DAG(s) 'product_processing' retrieved from /opt/airflow/dags/product_processing.py
[2026-05-21T09:36:16.381+0000] {logging_mixin.py:190} INFO - [2026-05-21T09:36:16.381+0000] {dag.py:3239} INFO - Sync 1 DAGs
[2026-05-21T09:36:16.400+0000] {logging_mixin.py:190} INFO - [2026-05-21T09:36:16.399+0000] {dag.py:4180} INFO - Setting next_dagrun for product_processing to 2026-05-20 00:00:00+00:00, run_after=2026-05-21 00:00:00+00:00
[2026-05-21T09:36:16.412+0000] {processor.py:208} INFO - Processing /opt/airflow/dags/product_processing.py took 0.252 seconds
[2026-05-21T09:36:46.495+0000] {processor.py:186} INFO - Started process (PID=11980) to work on /opt/airflow/dags/product_processing.py
[2026-05-21T09:36:46.496+0000] {processor.py:914} INFO - Processing file /opt/airflow/dags/product_processing.py for tasks to queue
[2026-05-21T09:36:46.497+0000] {logging_mixin.py:190} INFO - [2026-05-21T09:36:46.497+0000] {dagbag.py:588} INFO - Filling up the DagBag from /opt/airflow/dags/product_processing.py
[2026-05-21T09:36:46.701+0000] {processor.py:925} INFO - DAG(s) 'product_processing' retrieved from /opt/airflow/dags/product_processing.py
[2026-05-21T09:36:46.722+0000] {logging_mixin.py:190} INFO - [2026-05-21T09:36:46.722+0000] {dag.py:3239} INFO - Sync 1 DAGs
[2026-05-21T09:36:46.742+0000] {logging_mixin.py:190} INFO - [2026-05-21T09:36:46.742+0000] {dag.py:4180} INFO - Setting next_dagrun for product_processing to 2026-05-20 00:00:00+00:00, run_after=2026-05-21 00:00:00+00:00
[2026-05-21T09:36:46.758+0000] {processor.py:208} INFO - Processing /opt/airflow/dags/product_processing.py took 0.268 seconds
[2026-05-21T09:37:16.997+0000] {processor.py:186} INFO - Started process (PID=11996) to work on /opt/airflow/dags/product_processing.py
[2026-05-21T09:37:16.998+0000] {processor.py:914} INFO - Processing file /opt/airflow/dags/product_processing.py for tasks to queue
[2026-05-21T09:37:16.999+0000] {logging_mixin.py:190} INFO - [2026-05-21T09:37:16.998+0000] {dagbag.py:588} INFO - Filling up the DagBag from /opt/airflow/dags/product_processing.py
[2026-05-21T09:37:17.205+0000] {processor.py:925} INFO - DAG(s) 'product_processing' retrieved from /opt/airflow/dags/product_processing.py
[2026-05-21T09:37:17.232+0000] {logging_mixin.py:190} INFO - [2026-05-21T09:37:17.232+0000] {dag.py:3239} INFO - Sync 1 DAGs
[2026-05-21T09:37:17.253+0000] {logging_mixin.py:190} INFO - [2026-05-21T09:37:17.252+0000] {dag.py:4180} INFO - Setting next_dagrun for product_processing to 2026-05-20 00:00:00+00:00, run_after=2026-05-21 00:00:00+00:00
[2026-05-21T09:37:17.267+0000] {processor.py:208} INFO - Processing /opt/airflow/dags/product_processing.py took 0.275 seconds
[2026-05-21T09:37:47.525+0000] {processor.py:186} INFO - Started process (PID=12012) to work on /opt/airflow/dags/product_processing.py
[2026-05-21T09:37:47.526+0000] {processor.py:914} INFO - Processing file /opt/airflow/dags/product_processing.py for tasks to queue
[2026-05-21T09:37:47.527+0000] {logging_mixin.py:190} INFO - [2026-05-21T09:37:47.527+0000] {dagbag.py:588} INFO - Filling up the DagBag from /opt/airflow/dags/product_processing.py
[2026-05-21T09:37:47.735+0000] {processor.py:925} INFO - DAG(s) 'product_processing' retrieved from /opt/airflow/dags/product_processing.py
[2026-05-21T09:37:47.757+0000] {logging_mixin.py:190} INFO - [2026-05-21T09:37:47.755+0000] {dag.py:3239} INFO - Sync 1 DAGs
[2026-05-21T09:37:47.774+0000] {logging_mixin.py:190} INFO - [2026-05-21T09:37:47.774+0000] {dag.py:4180} INFO - Setting next_dagrun for product_processing to 2026-05-20 00:00:00+00:00, run_after=2026-05-21 00:00:00+00:00
[2026-05-21T09:37:47.787+0000] {processor.py:208} INFO - Processing /opt/airflow/dags/product_processing.py took 0.266 seconds
[2026-05-21T09:38:17.906+0000] {processor.py:186} INFO - Started process (PID=12028) to work on /opt/airflow/dags/product_processing.py
[2026-05-21T09:38:17.906+0000] {processor.py:914} INFO - Processing file /opt/airflow/dags/product_processing.py for tasks to queue
[2026-05-21T09:38:17.907+0000] {logging_mixin.py:190} INFO - [2026-05-21T09:38:17.907+0000] {dagbag.py:588} INFO - Filling up the DagBag from /opt/airflow/dags/product_processing.py
[2026-05-21T09:38:18.099+0000] {processor.py:925} INFO - DAG(s) 'product_processing' retrieved from /opt/airflow/dags/product_processing.py
[2026-05-21T09:38:18.120+0000] {logging_mixin.py:190} INFO - [2026-05-21T09:38:18.119+0000] {dag.py:3239} INFO - Sync 1 DAGs
[2026-05-21T09:38:18.138+0000] {logging_mixin.py:190} INFO - [2026-05-21T09:38:18.138+0000] {dag.py:4180} INFO - Setting next_dagrun for product_processing to 2026-05-20 00:00:00+00:00, run_after=2026-05-21 00:00:00+00:00
[2026-05-21T09:38:18.158+0000] {processor.py:208} INFO - Processing /opt/airflow/dags/product_processing.py took 0.257 seconds
[2026-05-21T09:38:48.783+0000] {processor.py:186} INFO - Started process (PID=12044) to work on /opt/airflow/dags/product_processing.py
[2026-05-21T09:38:48.785+0000] {processor.py:914} INFO - Processing file /opt/airflow/dags/product_processing.py for tasks to queue
[2026-05-21T09:38:48.786+0000] {logging_mixin.py:190} INFO - [2026-05-21T09:38:48.786+0000] {dagbag.py:588} INFO - Filling up the DagBag from /opt/airflow/dags/product_processing.py
[2026-05-21T09:38:48.978+0000] {processor.py:925} INFO - DAG(s) 'product_processing' retrieved from /opt/airflow/dags/product_processing.py
[2026-05-21T09:38:48.999+0000] {logging_mixin.py:190} INFO - [2026-05-21T09:38:48.999+0000] {dag.py:3239} INFO - Sync 1 DAGs
[2026-05-21T09:38:49.017+0000] {logging_mixin.py:190} INFO - [2026-05-21T09:38:49.017+0000] {dag.py:4180} INFO - Setting next_dagrun for product_processing to 2026-05-20 00:00:00+00:00, run_after=2026-05-21 00:00:00+00:00
[2026-05-21T09:38:49.029+0000] {processor.py:208} INFO - Processing /opt/airflow/dags/product_processing.py took 0.250 seconds
[2026-05-21T09:39:19.686+0000] {processor.py:186} INFO - Started process (PID=12060) to work on /opt/airflow/dags/product_processing.py
[2026-05-21T09:39:19.687+0000] {processor.py:914} INFO - Processing file /opt/airflow/dags/product_processing.py for tasks to queue
[2026-05-21T09:39:19.688+0000] {logging_mixin.py:190} INFO - [2026-05-21T09:39:19.687+0000] {dagbag.py:588} INFO - Filling up the DagBag from /opt/airflow/dags/product_processing.py
[2026-05-21T09:39:19.887+0000] {processor.py:925} INFO - DAG(s) 'product_processing' retrieved from /opt/airflow/dags/product_processing.py
[2026-05-21T09:39:19.909+0000] {logging_mixin.py:190} INFO - [2026-05-21T09:39:19.909+0000] {dag.py:3239} INFO - Sync 1 DAGs
[2026-05-21T09:39:19.929+0000] {logging_mixin.py:190} INFO - [2026-05-21T09:39:19.928+0000] {dag.py:4180} INFO - Setting next_dagrun for product_processing to 2026-05-20 00:00:00+00:00, run_after=2026-05-21 00:00:00+00:00
[2026-05-21T09:39:19.943+0000] {processor.py:208} INFO - Processing /opt/airflow/dags/product_processing.py took 0.263 seconds
[2026-05-21T09:39:50.599+0000] {processor.py:186} INFO - Started process (PID=12075) to work on /opt/airflow/dags/product_processing.py
[2026-05-21T09:39:50.599+0000] {processor.py:914} INFO - Processing file /opt/airflow/dags/product_processing.py for tasks to queue
[2026-05-21T09:39:50.600+0000] {logging_mixin.py:190} INFO - [2026-05-21T09:39:50.600+0000] {dagbag.py:588} INFO - Filling up the DagBag from /opt/airflow/dags/product_processing.py
[2026-05-21T09:39:50.809+0000] {processor.py:925} INFO - DAG(s) 'product_processing' retrieved from /opt/airflow/dags/product_processing.py
[2026-05-21T09:39:50.829+0000] {logging_mixin.py:190} INFO - [2026-05-21T09:39:50.829+0000] {dag.py:3239} INFO - Sync 1 DAGs
[2026-05-21T09:39:50.846+0000] {logging_mixin.py:190} INFO - [2026-05-21T09:39:50.845+0000] {dag.py:4180} INFO - Setting next_dagrun for product_processing to 2026-05-20 00:00:00+00:00, run_after=2026-05-21 00:00:00+00:00
[2026-05-21T09:39:50.859+0000] {processor.py:208} INFO - Processing /opt/airflow/dags/product_processing.py took 0.265 seconds
[2026-05-21T09:40:21.395+0000] {processor.py:186} INFO - Started process (PID=12091) to work on /opt/airflow/dags/product_processing.py
[2026-05-21T09:40:21.396+0000] {processor.py:914} INFO - Processing file /opt/airflow/dags/product_processing.py for tasks to queue
[2026-05-21T09:40:21.397+0000] {logging_mixin.py:190} INFO - [2026-05-21T09:40:21.397+0000] {dagbag.py:588} INFO - Filling up the DagBag from /opt/airflow/dags/product_processing.py
[2026-05-21T09:40:21.592+0000] {processor.py:925} INFO - DAG(s) 'product_processing' retrieved from /opt/airflow/dags/product_processing.py
[2026-05-21T09:40:21.613+0000] {logging_mixin.py:190} INFO - [2026-05-21T09:40:21.613+0000] {dag.py:3239} INFO - Sync 1 DAGs
[2026-05-21T09:40:21.632+0000] {logging_mixin.py:190} INFO - [2026-05-21T09:40:21.631+0000] {dag.py:4180} INFO - Setting next_dagrun for product_processing to 2026-05-20 00:00:00+00:00, run_after=2026-05-21 00:00:00+00:00
[2026-05-21T09:40:21.646+0000] {processor.py:208} INFO - Processing /opt/airflow/dags/product_processing.py took 0.258 seconds
[2026-05-21T09:40:52.173+0000] {processor.py:186} INFO - Started process (PID=12108) to work on /opt/airflow/dags/product_processing.py
[2026-05-21T09:40:52.174+0000] {processor.py:914} INFO - Processing file /opt/airflow/dags/product_processing.py for tasks to queue
[2026-05-21T09:40:52.175+0000] {logging_mixin.py:190} INFO - [2026-05-21T09:40:52.175+0000] {dagbag.py:588} INFO - Filling up the DagBag from /opt/airflow/dags/product_processing.py
[2026-05-21T09:40:52.374+0000] {processor.py:925} INFO - DAG(s) 'product_processing' retrieved from /opt/airflow/dags/product_processing.py
[2026-05-21T09:40:52.393+0000] {logging_mixin.py:190} INFO - [2026-05-21T09:40:52.393+0000] {dag.py:3239} INFO - Sync 1 DAGs
[2026-05-21T09:40:52.411+0000] {logging_mixin.py:190} INFO - [2026-05-21T09:40:52.411+0000] {dag.py:4180} INFO - Setting next_dagrun for product_processing to 2026-05-20 00:00:00+00:00, run_after=2026-05-21 00:00:00+00:00
[2026-05-21T09:40:52.426+0000] {processor.py:208} INFO - Processing /opt/airflow/dags/product_processing.py took 0.257 seconds
[2026-05-21T09:41:22.882+0000] {processor.py:186} INFO - Started process (PID=12123) to work on /opt/airflow/dags/product_processing.py
[2026-05-21T09:41:22.883+0000] {processor.py:914} INFO - Processing file /opt/airflow/dags/product_processing.py for tasks to queue
[2026-05-21T09:41:22.883+0000] {logging_mixin.py:190} INFO - [2026-05-21T09:41:22.883+0000] {dagbag.py:588} INFO - Filling up the DagBag from /opt/airflow/dags/product_processing.py
[2026-05-21T09:41:23.084+0000] {processor.py:925} INFO - DAG(s) 'product_processing' retrieved from /opt/airflow/dags/product_processing.py
[2026-05-21T09:41:23.108+0000] {logging_mixin.py:190} INFO - [2026-05-21T09:41:23.107+0000] {dag.py:3239} INFO - Sync 1 DAGs
[2026-05-21T09:41:23.128+0000] {logging_mixin.py:190} INFO - [2026-05-21T09:41:23.128+0000] {dag.py:4180} INFO - Setting next_dagrun for product_processing to 2026-05-20 00:00:00+00:00, run_after=2026-05-21 00:00:00+00:00
[2026-05-21T09:41:23.141+0000] {processor.py:208} INFO - Processing /opt/airflow/dags/product_processing.py took 0.265 seconds
[2026-05-21T09:41:53.532+0000] {processor.py:186} INFO - Started process (PID=12145) to work on /opt/airflow/dags/product_processing.py
[2026-05-21T09:41:53.535+0000] {processor.py:914} INFO - Processing file /opt/airflow/dags/product_processing.py for tasks to queue
[2026-05-21T09:41:53.536+0000] {logging_mixin.py:190} INFO - [2026-05-21T09:41:53.535+0000] {dagbag.py:588} INFO - Filling up the DagBag from /opt/airflow/dags/product_processing.py
[2026-05-21T09:41:53.741+0000] {processor.py:925} INFO - DAG(s) 'product_processing' retrieved from /opt/airflow/dags/product_processing.py
[2026-05-21T09:41:53.768+0000] {logging_mixin.py:190} INFO - [2026-05-21T09:41:53.768+0000] {dag.py:3239} INFO - Sync 1 DAGs
[2026-05-21T09:41:53.788+0000] {logging_mixin.py:190} INFO - [2026-05-21T09:41:53.788+0000] {dag.py:4180} INFO - Setting next_dagrun for product_processing to 2026-05-20 00:00:00+00:00, run_after=2026-05-21 00:00:00+00:00
[2026-05-21T09:41:53.800+0000] {processor.py:208} INFO - Processing /opt/airflow/dags/product_processing.py took 0.277 seconds
[2026-05-21T09:42:24.178+0000] {processor.py:186} INFO - Started process (PID=12161) to work on /opt/airflow/dags/product_processing.py
[2026-05-21T09:42:24.179+0000] {processor.py:914} INFO - Processing file /opt/airflow/dags/product_processing.py for tasks to queue
[2026-05-21T09:42:24.180+0000] {logging_mixin.py:190} INFO - [2026-05-21T09:42:24.180+0000] {dagbag.py:588} INFO - Filling up the DagBag from /opt/airflow/dags/product_processing.py
[2026-05-21T09:42:24.418+0000] {processor.py:925} INFO - DAG(s) 'product_processing' retrieved from /opt/airflow/dags/product_processing.py
[2026-05-21T09:42:24.444+0000] {logging_mixin.py:190} INFO - [2026-05-21T09:42:24.444+0000] {dag.py:3239} INFO - Sync 1 DAGs
[2026-05-21T09:42:24.463+0000] {logging_mixin.py:190} INFO - [2026-05-21T09:42:24.463+0000] {dag.py:4180} INFO - Setting next_dagrun for product_processing to 2026-05-20 00:00:00+00:00, run_after=2026-05-21 00:00:00+00:00
[2026-05-21T09:42:24.479+0000] {processor.py:208} INFO - Processing /opt/airflow/dags/product_processing.py took 0.307 seconds
[2026-05-21T09:42:54.835+0000] {processor.py:186} INFO - Started process (PID=12177) to work on /opt/airflow/dags/product_processing.py
[2026-05-21T09:42:54.836+0000] {processor.py:914} INFO - Processing file /opt/airflow/dags/product_processing.py for tasks to queue
[2026-05-21T09:42:54.837+0000] {logging_mixin.py:190} INFO - [2026-05-21T09:42:54.837+0000] {dagbag.py:588} INFO - Filling up the DagBag from /opt/airflow/dags/product_processing.py
[2026-05-21T09:42:55.033+0000] {processor.py:925} INFO - DAG(s) 'product_processing' retrieved from /opt/airflow/dags/product_processing.py
[2026-05-21T09:42:55.054+0000] {logging_mixin.py:190} INFO - [2026-05-21T09:42:55.054+0000] {dag.py:3239} INFO - Sync 1 DAGs
[2026-05-21T09:42:55.073+0000] {logging_mixin.py:190} INFO - [2026-05-21T09:42:55.073+0000] {dag.py:4180} INFO - Setting next_dagrun for product_processing to 2026-05-20 00:00:00+00:00, run_after=2026-05-21 00:00:00+00:00
[2026-05-21T09:42:55.086+0000] {processor.py:208} INFO - Processing /opt/airflow/dags/product_processing.py took 0.255 seconds
[2026-05-21T09:43:25.470+0000] {processor.py:186} INFO - Started process (PID=12193) to work on /opt/airflow/dags/product_processing.py
[2026-05-21T09:43:25.471+0000] {processor.py:914} INFO - Processing file /opt/airflow/dags/product_processing.py for tasks to queue
[2026-05-21T09:43:25.472+0000] {logging_mixin.py:190} INFO - [2026-05-21T09:43:25.471+0000] {dagbag.py:588} INFO - Filling up the DagBag from /opt/airflow/dags/product_processing.py
[2026-05-21T09:43:25.676+0000] {processor.py:925} INFO - DAG(s) 'product_processing' retrieved from /opt/airflow/dags/product_processing.py
[2026-05-21T09:43:25.699+0000] {logging_mixin.py:190} INFO - [2026-05-21T09:43:25.698+0000] {dag.py:3239} INFO - Sync 1 DAGs
[2026-05-21T09:43:25.717+0000] {logging_mixin.py:190} INFO - [2026-05-21T09:43:25.717+0000] {dag.py:4180} INFO - Setting next_dagrun for product_processing to 2026-05-20 00:00:00+00:00, run_after=2026-05-21 00:00:00+00:00
[2026-05-21T09:43:25.731+0000] {processor.py:208} INFO - Processing /opt/airflow/dags/product_processing.py took 0.265 seconds
[2026-05-21T09:43:56.085+0000] {processor.py:186} INFO - Started process (PID=12210) to work on /opt/airflow/dags/product_processing.py
[2026-05-21T09:43:56.086+0000] {processor.py:914} INFO - Processing file /opt/airflow/dags/product_processing.py for tasks to queue
[2026-05-21T09:43:56.087+0000] {logging_mixin.py:190} INFO - [2026-05-21T09:43:56.086+0000] {dagbag.py:588} INFO - Filling up the DagBag from /opt/airflow/dags/product_processing.py
[2026-05-21T09:43:56.280+0000] {processor.py:925} INFO - DAG(s) 'product_processing' retrieved from /opt/airflow/dags/product_processing.py
[2026-05-21T09:43:56.301+0000] {logging_mixin.py:190} INFO - [2026-05-21T09:43:56.301+0000] {dag.py:3239} INFO - Sync 1 DAGs
[2026-05-21T09:43:56.320+0000] {logging_mixin.py:190} INFO - [2026-05-21T09:43:56.320+0000] {dag.py:4180} INFO - Setting next_dagrun for product_processing to 2026-05-20 00:00:00+00:00, run_after=2026-05-21 00:00:00+00:00
[2026-05-21T09:43:56.334+0000] {processor.py:208} INFO - Processing /opt/airflow/dags/product_processing.py took 0.253 seconds
[2026-05-21T09:44:26.701+0000] {processor.py:186} INFO - Started process (PID=12226) to work on /opt/airflow/dags/product_processing.py
[2026-05-21T09:44:26.701+0000] {processor.py:914} INFO - Processing file /opt/airflow/dags/product_processing.py for tasks to queue
[2026-05-21T09:44:26.702+0000] {logging_mixin.py:190} INFO - [2026-05-21T09:44:26.702+0000] {dagbag.py:588} INFO - Filling up the DagBag from /opt/airflow/dags/product_processing.py
[2026-05-21T09:44:26.902+0000] {processor.py:925} INFO - DAG(s) 'product_processing' retrieved from /opt/airflow/dags/product_processing.py
[2026-05-21T09:44:26.925+0000] {logging_mixin.py:190} INFO - [2026-05-21T09:44:26.925+0000] {dag.py:3239} INFO - Sync 1 DAGs
[2026-05-21T09:44:26.944+0000] {logging_mixin.py:190} INFO - [2026-05-21T09:44:26.944+0000] {dag.py:4180} INFO - Setting next_dagrun for product_processing to 2026-05-20 00:00:00+00:00, run_after=2026-05-21 00:00:00+00:00
[2026-05-21T09:44:26.956+0000] {processor.py:208} INFO - Processing /opt/airflow/dags/product_processing.py took 0.260 seconds
[2026-05-21T09:44:57.324+0000] {processor.py:186} INFO - Started process (PID=12242) to work on /opt/airflow/dags/product_processing.py
[2026-05-21T09:44:57.325+0000] {processor.py:914} INFO - Processing file /opt/airflow/dags/product_processing.py for tasks to queue
[2026-05-21T09:44:57.326+0000] {logging_mixin.py:190} INFO - [2026-05-21T09:44:57.325+0000] {dagbag.py:588} INFO - Filling up the DagBag from /opt/airflow/dags/product_processing.py
[2026-05-21T09:44:57.528+0000] {processor.py:925} INFO - DAG(s) 'product_processing' retrieved from /opt/airflow/dags/product_processing.py
[2026-05-21T09:44:57.549+0000] {logging_mixin.py:190} INFO - [2026-05-21T09:44:57.549+0000] {dag.py:3239} INFO - Sync 1 DAGs
[2026-05-21T09:44:57.568+0000] {logging_mixin.py:190} INFO - [2026-05-21T09:44:57.568+0000] {dag.py:4180} INFO - Setting next_dagrun for product_processing to 2026-05-20 00:00:00+00:00, run_after=2026-05-21 00:00:00+00:00
[2026-05-21T09:44:57.585+0000] {processor.py:208} INFO - Processing /opt/airflow/dags/product_processing.py took 0.268 seconds
[2026-05-21T09:45:27.951+0000] {processor.py:186} INFO - Started process (PID=12259) to work on /opt/airflow/dags/product_processing.py
[2026-05-21T09:45:27.952+0000] {processor.py:914} INFO - Processing file /opt/airflow/dags/product_processing.py for tasks to queue
[2026-05-21T09:45:27.953+0000] {logging_mixin.py:190} INFO - [2026-05-21T09:45:27.953+0000] {dagbag.py:588} INFO - Filling up the DagBag from /opt/airflow/dags/product_processing.py
[2026-05-21T09:45:28.151+0000] {processor.py:925} INFO - DAG(s) 'product_processing' retrieved from /opt/airflow/dags/product_processing.py
[2026-05-21T09:45:28.174+0000] {logging_mixin.py:190} INFO - [2026-05-21T09:45:28.174+0000] {dag.py:3239} INFO - Sync 1 DAGs
[2026-05-21T09:45:28.193+0000] {logging_mixin.py:190} INFO - [2026-05-21T09:45:28.193+0000] {dag.py:4180} INFO - Setting next_dagrun for product_processing to 2026-05-20 00:00:00+00:00, run_after=2026-05-21 00:00:00+00:00
[2026-05-21T09:45:28.209+0000] {processor.py:208} INFO - Processing /opt/airflow/dags/product_processing.py took 0.263 seconds
[2026-05-21T09:45:58.567+0000] {processor.py:186} INFO - Started process (PID=12275) to work on /opt/airflow/dags/product_processing.py
[2026-05-21T09:45:58.568+0000] {processor.py:914} INFO - Processing file /opt/airflow/dags/product_processing.py for tasks to queue
[2026-05-21T09:45:58.569+0000] {logging_mixin.py:190} INFO - [2026-05-21T09:45:58.568+0000] {dagbag.py:588} INFO - Filling up the DagBag from /opt/airflow/dags/product_processing.py
[2026-05-21T09:45:58.766+0000] {processor.py:925} INFO - DAG(s) 'product_processing' retrieved from /opt/airflow/dags/product_processing.py
[2026-05-21T09:45:58.789+0000] {logging_mixin.py:190} INFO - [2026-05-21T09:45:58.789+0000] {dag.py:3239} INFO - Sync 1 DAGs
[2026-05-21T09:45:58.808+0000] {logging_mixin.py:190} INFO - [2026-05-21T09:45:58.808+0000] {dag.py:4180} INFO - Setting next_dagrun for product_processing to 2026-05-20 00:00:00+00:00, run_after=2026-05-21 00:00:00+00:00
[2026-05-21T09:45:58.822+0000] {processor.py:208} INFO - Processing /opt/airflow/dags/product_processing.py took 0.260 seconds
[2026-05-21T09:46:29.205+0000] {processor.py:186} INFO - Started process (PID=12291) to work on /opt/airflow/dags/product_processing.py
[2026-05-21T09:46:29.205+0000] {processor.py:914} INFO - Processing file /opt/airflow/dags/product_processing.py for tasks to queue
[2026-05-21T09:46:29.206+0000] {logging_mixin.py:190} INFO - [2026-05-21T09:46:29.206+0000] {dagbag.py:588} INFO - Filling up the DagBag from /opt/airflow/dags/product_processing.py
[2026-05-21T09:46:29.391+0000] {processor.py:925} INFO - DAG(s) 'product_processing' retrieved from /opt/airflow/dags/product_processing.py
[2026-05-21T09:46:29.409+0000] {logging_mixin.py:190} INFO - [2026-05-21T09:46:29.409+0000] {dag.py:3239} INFO - Sync 1 DAGs
[2026-05-21T09:46:29.430+0000] {logging_mixin.py:190} INFO - [2026-05-21T09:46:29.430+0000] {dag.py:4180} INFO - Setting next_dagrun for product_processing to 2026-05-20 00:00:00+00:00, run_after=2026-05-21 00:00:00+00:00
[2026-05-21T09:46:29.445+0000] {processor.py:208} INFO - Processing /opt/airflow/dags/product_processing.py took 0.247 seconds
[2026-05-21T09:46:59.977+0000] {processor.py:186} INFO - Started process (PID=12306) to work on /opt/airflow/dags/product_processing.py
[2026-05-21T09:46:59.980+0000] {processor.py:914} INFO - Processing file /opt/airflow/dags/product_processing.py for tasks to queue
[2026-05-21T09:46:59.981+0000] {logging_mixin.py:190} INFO - [2026-05-21T09:46:59.981+0000] {dagbag.py:588} INFO - Filling up the DagBag from /opt/airflow/dags/product_processing.py
[2026-05-21T09:47:00.312+0000] {processor.py:925} INFO - DAG(s) 'product_processing' retrieved from /opt/airflow/dags/product_processing.py
[2026-05-21T09:47:00.349+0000] {logging_mixin.py:190} INFO - [2026-05-21T09:47:00.348+0000] {dag.py:3239} INFO - Sync 1 DAGs
[2026-05-21T09:47:00.377+0000] {logging_mixin.py:190} INFO - [2026-05-21T09:47:00.377+0000] {dag.py:4180} INFO - Setting next_dagrun for product_processing to 2026-05-20 00:00:00+00:00, run_after=2026-05-21 00:00:00+00:00
[2026-05-21T09:47:00.396+0000] {processor.py:208} INFO - Processing /opt/airflow/dags/product_processing.py took 0.426 seconds
[2026-05-21T09:47:30.667+0000] {processor.py:186} INFO - Started process (PID=12322) to work on /opt/airflow/dags/product_processing.py
[2026-05-21T09:47:30.668+0000] {processor.py:914} INFO - Processing file /opt/airflow/dags/product_processing.py for tasks to queue
[2026-05-21T09:47:30.669+0000] {logging_mixin.py:190} INFO - [2026-05-21T09:47:30.668+0000] {dagbag.py:588} INFO - Filling up the DagBag from /opt/airflow/dags/product_processing.py
[2026-05-21T09:47:30.899+0000] {processor.py:925} INFO - DAG(s) 'product_processing' retrieved from /opt/airflow/dags/product_processing.py
[2026-05-21T09:47:30.921+0000] {logging_mixin.py:190} INFO - [2026-05-21T09:47:30.920+0000] {dag.py:3239} INFO - Sync 1 DAGs
[2026-05-21T09:47:30.941+0000] {logging_mixin.py:190} INFO - [2026-05-21T09:47:30.941+0000] {dag.py:4180} INFO - Setting next_dagrun for product_processing to 2026-05-20 00:00:00+00:00, run_after=2026-05-21 00:00:00+00:00
[2026-05-21T09:47:30.953+0000] {processor.py:208} INFO - Processing /opt/airflow/dags/product_processing.py took 0.292 seconds
[2026-05-21T09:48:01.223+0000] {processor.py:186} INFO - Started process (PID=12337) to work on /opt/airflow/dags/product_processing.py
[2026-05-21T09:48:01.224+0000] {processor.py:914} INFO - Processing file /opt/airflow/dags/product_processing.py for tasks to queue
[2026-05-21T09:48:01.225+0000] {logging_mixin.py:190} INFO - [2026-05-21T09:48:01.225+0000] {dagbag.py:588} INFO - Filling up the DagBag from /opt/airflow/dags/product_processing.py
[2026-05-21T09:48:01.422+0000] {processor.py:925} INFO - DAG(s) 'product_processing' retrieved from /opt/airflow/dags/product_processing.py
[2026-05-21T09:48:01.443+0000] {logging_mixin.py:190} INFO - [2026-05-21T09:48:01.442+0000] {dag.py:3239} INFO - Sync 1 DAGs
[2026-05-21T09:48:01.460+0000] {logging_mixin.py:190} INFO - [2026-05-21T09:48:01.460+0000] {dag.py:4180} INFO - Setting next_dagrun for product_processing to 2026-05-20 00:00:00+00:00, run_after=2026-05-21 00:00:00+00:00
[2026-05-21T09:48:01.475+0000] {processor.py:208} INFO - Processing /opt/airflow/dags/product_processing.py took 0.258 seconds
[2026-05-21T09:48:31.708+0000] {processor.py:186} INFO - Started process (PID=12353) to work on /opt/airflow/dags/product_processing.py
[2026-05-21T09:48:31.709+0000] {processor.py:914} INFO - Processing file /opt/airflow/dags/product_processing.py for tasks to queue
[2026-05-21T09:48:31.711+0000] {logging_mixin.py:190} INFO - [2026-05-21T09:48:31.710+0000] {dagbag.py:588} INFO - Filling up the DagBag from /opt/airflow/dags/product_processing.py
[2026-05-21T09:48:31.907+0000] {processor.py:925} INFO - DAG(s) 'product_processing' retrieved from /opt/airflow/dags/product_processing.py
[2026-05-21T09:48:31.930+0000] {logging_mixin.py:190} INFO - [2026-05-21T09:48:31.929+0000] {dag.py:3239} INFO - Sync 1 DAGs
[2026-05-21T09:48:31.950+0000] {logging_mixin.py:190} INFO - [2026-05-21T09:48:31.950+0000] {dag.py:4180} INFO - Setting next_dagrun for product_processing to 2026-05-20 00:00:00+00:00, run_after=2026-05-21 00:00:00+00:00
[2026-05-21T09:48:31.963+0000] {processor.py:208} INFO - Processing /opt/airflow/dags/product_processing.py took 0.259 seconds
[2026-05-21T09:49:02.179+0000] {processor.py:186} INFO - Started process (PID=12368) to work on /opt/airflow/dags/product_processing.py
[2026-05-21T09:49:02.180+0000] {processor.py:914} INFO - Processing file /opt/airflow/dags/product_processing.py for tasks to queue
[2026-05-21T09:49:02.181+0000] {logging_mixin.py:190} INFO - [2026-05-21T09:49:02.181+0000] {dagbag.py:588} INFO - Filling up the DagBag from /opt/airflow/dags/product_processing.py
[2026-05-21T09:49:02.372+0000] {processor.py:925} INFO - DAG(s) 'product_processing' retrieved from /opt/airflow/dags/product_processing.py
[2026-05-21T09:49:02.394+0000] {logging_mixin.py:190} INFO - [2026-05-21T09:49:02.393+0000] {dag.py:3239} INFO - Sync 1 DAGs
[2026-05-21T09:49:02.416+0000] {logging_mixin.py:190} INFO - [2026-05-21T09:49:02.416+0000] {dag.py:4180} INFO - Setting next_dagrun for product_processing to 2026-05-20 00:00:00+00:00, run_after=2026-05-21 00:00:00+00:00
[2026-05-21T09:49:02.431+0000] {processor.py:208} INFO - Processing /opt/airflow/dags/product_processing.py took 0.257 seconds
[2026-05-21T09:49:32.961+0000] {processor.py:186} INFO - Started process (PID=12385) to work on /opt/airflow/dags/product_processing.py
[2026-05-21T09:49:32.962+0000] {processor.py:914} INFO - Processing file /opt/airflow/dags/product_processing.py for tasks to queue
[2026-05-21T09:49:32.964+0000] {logging_mixin.py:190} INFO - [2026-05-21T09:49:32.963+0000] {dagbag.py:588} INFO - Filling up the DagBag from /opt/airflow/dags/product_processing.py
[2026-05-21T09:49:33.152+0000] {processor.py:925} INFO - DAG(s) 'product_processing' retrieved from /opt/airflow/dags/product_processing.py
[2026-05-21T09:49:33.171+0000] {logging_mixin.py:190} INFO - [2026-05-21T09:49:33.171+0000] {dag.py:3239} INFO - Sync 1 DAGs
[2026-05-21T09:49:33.191+0000] {logging_mixin.py:190} INFO - [2026-05-21T09:49:33.190+0000] {dag.py:4180} INFO - Setting next_dagrun for product_processing to 2026-05-20 00:00:00+00:00, run_after=2026-05-21 00:00:00+00:00
[2026-05-21T09:49:33.205+0000] {processor.py:208} INFO - Processing /opt/airflow/dags/product_processing.py took 0.252 seconds
[2026-05-21T09:50:03.795+0000] {processor.py:186} INFO - Started process (PID=12401) to work on /opt/airflow/dags/product_processing.py
[2026-05-21T09:50:03.796+0000] {processor.py:914} INFO - Processing file /opt/airflow/dags/product_processing.py for tasks to queue
[2026-05-21T09:50:03.796+0000] {logging_mixin.py:190} INFO - [2026-05-21T09:50:03.796+0000] {dagbag.py:588} INFO - Filling up the DagBag from /opt/airflow/dags/product_processing.py
[2026-05-21T09:50:03.982+0000] {processor.py:925} INFO - DAG(s) 'product_processing' retrieved from /opt/airflow/dags/product_processing.py
[2026-05-21T09:50:04.001+0000] {logging_mixin.py:190} INFO - [2026-05-21T09:50:04.001+0000] {dag.py:3239} INFO - Sync 1 DAGs
[2026-05-21T09:50:04.018+0000] {logging_mixin.py:190} INFO - [2026-05-21T09:50:04.018+0000] {dag.py:4180} INFO - Setting next_dagrun for product_processing to 2026-05-20 00:00:00+00:00, run_after=2026-05-21 00:00:00+00:00
[2026-05-21T09:50:04.032+0000] {processor.py:208} INFO - Processing /opt/airflow/dags/product_processing.py took 0.241 seconds
[2026-05-21T09:50:34.600+0000] {processor.py:186} INFO - Started process (PID=12418) to work on /opt/airflow/dags/product_processing.py
[2026-05-21T09:50:34.601+0000] {processor.py:914} INFO - Processing file /opt/airflow/dags/product_processing.py for tasks to queue
[2026-05-21T09:50:34.602+0000] {logging_mixin.py:190} INFO - [2026-05-21T09:50:34.602+0000] {dagbag.py:588} INFO - Filling up the DagBag from /opt/airflow/dags/product_processing.py
[2026-05-21T09:50:34.787+0000] {processor.py:925} INFO - DAG(s) 'product_processing' retrieved from /opt/airflow/dags/product_processing.py
[2026-05-21T09:50:34.808+0000] {logging_mixin.py:190} INFO - [2026-05-21T09:50:34.808+0000] {dag.py:3239} INFO - Sync 1 DAGs
[2026-05-21T09:50:34.827+0000] {logging_mixin.py:190} INFO - [2026-05-21T09:50:34.826+0000] {dag.py:4180} INFO - Setting next_dagrun for product_processing to 2026-05-20 00:00:00+00:00, run_after=2026-05-21 00:00:00+00:00
[2026-05-21T09:50:34.841+0000] {processor.py:208} INFO - Processing /opt/airflow/dags/product_processing.py took 0.245 seconds
[2026-05-21T09:51:05.276+0000] {processor.py:186} INFO - Started process (PID=12434) to work on /opt/airflow/dags/product_processing.py
[2026-05-21T09:51:05.277+0000] {processor.py:914} INFO - Processing file /opt/airflow/dags/product_processing.py for tasks to queue
[2026-05-21T09:51:05.279+0000] {logging_mixin.py:190} INFO - [2026-05-21T09:51:05.278+0000] {dagbag.py:588} INFO - Filling up the DagBag from /opt/airflow/dags/product_processing.py
[2026-05-21T09:51:05.475+0000] {processor.py:925} INFO - DAG(s) 'product_processing' retrieved from /opt/airflow/dags/product_processing.py
[2026-05-21T09:51:05.498+0000] {logging_mixin.py:190} INFO - [2026-05-21T09:51:05.497+0000] {dag.py:3239} INFO - Sync 1 DAGs
[2026-05-21T09:51:05.517+0000] {logging_mixin.py:190} INFO - [2026-05-21T09:51:05.517+0000] {dag.py:4180} INFO - Setting next_dagrun for product_processing to 2026-05-20 00:00:00+00:00, run_after=2026-05-21 00:00:00+00:00
[2026-05-21T09:51:05.531+0000] {processor.py:208} INFO - Processing /opt/airflow/dags/product_processing.py took 0.262 seconds
[2026-05-21T09:51:35.718+0000] {processor.py:186} INFO - Started process (PID=12449) to work on /opt/airflow/dags/product_processing.py
[2026-05-21T09:51:35.719+0000] {processor.py:914} INFO - Processing file /opt/airflow/dags/product_processing.py for tasks to queue
[2026-05-21T09:51:35.721+0000] {logging_mixin.py:190} INFO - [2026-05-21T09:51:35.721+0000] {dagbag.py:588} INFO - Filling up the DagBag from /opt/airflow/dags/product_processing.py
[2026-05-21T09:51:35.920+0000] {processor.py:925} INFO - DAG(s) 'product_processing' retrieved from /opt/airflow/dags/product_processing.py
[2026-05-21T09:51:35.941+0000] {logging_mixin.py:190} INFO - [2026-05-21T09:51:35.941+0000] {dag.py:3239} INFO - Sync 1 DAGs
[2026-05-21T09:51:35.966+0000] {logging_mixin.py:190} INFO - [2026-05-21T09:51:35.966+0000] {dag.py:4180} INFO - Setting next_dagrun for product_processing to 2026-05-20 00:00:00+00:00, run_after=2026-05-21 00:00:00+00:00
[2026-05-21T09:51:35.986+0000] {processor.py:208} INFO - Processing /opt/airflow/dags/product_processing.py took 0.273 seconds
[2026-05-21T09:52:06.619+0000] {processor.py:186} INFO - Started process (PID=12465) to work on /opt/airflow/dags/product_processing.py
[2026-05-21T09:52:06.620+0000] {processor.py:914} INFO - Processing file /opt/airflow/dags/product_processing.py for tasks to queue
[2026-05-21T09:52:06.621+0000] {logging_mixin.py:190} INFO - [2026-05-21T09:52:06.621+0000] {dagbag.py:588} INFO - Filling up the DagBag from /opt/airflow/dags/product_processing.py
[2026-05-21T09:52:06.834+0000] {processor.py:925} INFO - DAG(s) 'product_processing' retrieved from /opt/airflow/dags/product_processing.py
[2026-05-21T09:52:06.854+0000] {logging_mixin.py:190} INFO - [2026-05-21T09:52:06.853+0000] {dag.py:3239} INFO - Sync 1 DAGs
[2026-05-21T09:52:06.874+0000] {logging_mixin.py:190} INFO - [2026-05-21T09:52:06.874+0000] {dag.py:4180} INFO - Setting next_dagrun for product_processing to 2026-05-20 00:00:00+00:00, run_after=2026-05-21 00:00:00+00:00
[2026-05-21T09:52:06.889+0000] {processor.py:208} INFO - Processing /opt/airflow/dags/product_processing.py took 0.274 seconds
[2026-05-21T09:52:36.937+0000] {processor.py:186} INFO - Started process (PID=12481) to work on /opt/airflow/dags/product_processing.py
[2026-05-21T09:52:36.938+0000] {processor.py:914} INFO - Processing file /opt/airflow/dags/product_processing.py for tasks to queue
[2026-05-21T09:52:36.946+0000] {logging_mixin.py:190} INFO - [2026-05-21T09:52:36.946+0000] {dagbag.py:588} INFO - Filling up the DagBag from /opt/airflow/dags/product_processing.py
[2026-05-21T09:52:37.374+0000] {processor.py:925} INFO - DAG(s) 'product_processing' retrieved from /opt/airflow/dags/product_processing.py
[2026-05-21T09:52:37.431+0000] {logging_mixin.py:190} INFO - [2026-05-21T09:52:37.423+0000] {dag.py:3239} INFO - Sync 1 DAGs
[2026-05-21T09:52:37.463+0000] {logging_mixin.py:190} INFO - [2026-05-21T09:52:37.463+0000] {dag.py:4180} INFO - Setting next_dagrun for product_processing to 2026-05-20 00:00:00+00:00, run_after=2026-05-21 00:00:00+00:00
[2026-05-21T09:52:37.484+0000] {processor.py:208} INFO - Processing /opt/airflow/dags/product_processing.py took 0.558 seconds
[2026-05-21T09:53:07.527+0000] {processor.py:186} INFO - Started process (PID=12497) to work on /opt/airflow/dags/product_processing.py
[2026-05-21T09:53:07.528+0000] {processor.py:914} INFO - Processing file /opt/airflow/dags/product_processing.py for tasks to queue
[2026-05-21T09:53:07.529+0000] {logging_mixin.py:190} INFO - [2026-05-21T09:53:07.529+0000] {dagbag.py:588} INFO - Filling up the DagBag from /opt/airflow/dags/product_processing.py
[2026-05-21T09:53:07.745+0000] {processor.py:925} INFO - DAG(s) 'product_processing' retrieved from /opt/airflow/dags/product_processing.py
[2026-05-21T09:53:07.770+0000] {logging_mixin.py:190} INFO - [2026-05-21T09:53:07.770+0000] {dag.py:3239} INFO - Sync 1 DAGs
[2026-05-21T09:53:07.790+0000] {logging_mixin.py:190} INFO - [2026-05-21T09:53:07.790+0000] {dag.py:4180} INFO - Setting next_dagrun for product_processing to 2026-05-20 00:00:00+00:00, run_after=2026-05-21 00:00:00+00:00
[2026-05-21T09:53:07.803+0000] {processor.py:208} INFO - Processing /opt/airflow/dags/product_processing.py took 0.281 seconds
[2026-05-21T09:53:37.870+0000] {processor.py:186} INFO - Started process (PID=12515) to work on /opt/airflow/dags/product_processing.py
[2026-05-21T09:53:37.871+0000] {processor.py:914} INFO - Processing file /opt/airflow/dags/product_processing.py for tasks to queue
[2026-05-21T09:53:37.872+0000] {logging_mixin.py:190} INFO - [2026-05-21T09:53:37.872+0000] {dagbag.py:588} INFO - Filling up the DagBag from /opt/airflow/dags/product_processing.py
[2026-05-21T09:53:38.066+0000] {processor.py:925} INFO - DAG(s) 'product_processing' retrieved from /opt/airflow/dags/product_processing.py
[2026-05-21T09:53:38.087+0000] {logging_mixin.py:190} INFO - [2026-05-21T09:53:38.087+0000] {dag.py:3239} INFO - Sync 1 DAGs
[2026-05-21T09:53:38.106+0000] {logging_mixin.py:190} INFO - [2026-05-21T09:53:38.106+0000] {dag.py:4180} INFO - Setting next_dagrun for product_processing to 2026-05-20 00:00:00+00:00, run_after=2026-05-21 00:00:00+00:00
[2026-05-21T09:53:38.120+0000] {processor.py:208} INFO - Processing /opt/airflow/dags/product_processing.py took 0.258 seconds
[2026-05-21T09:54:08.652+0000] {processor.py:186} INFO - Started process (PID=12530) to work on /opt/airflow/dags/product_processing.py
[2026-05-21T09:54:08.653+0000] {processor.py:914} INFO - Processing file /opt/airflow/dags/product_processing.py for tasks to queue
[2026-05-21T09:54:08.654+0000] {logging_mixin.py:190} INFO - [2026-05-21T09:54:08.654+0000] {dagbag.py:588} INFO - Filling up the DagBag from /opt/airflow/dags/product_processing.py
[2026-05-21T09:54:08.848+0000] {processor.py:925} INFO - DAG(s) 'product_processing' retrieved from /opt/airflow/dags/product_processing.py
[2026-05-21T09:54:08.868+0000] {logging_mixin.py:190} INFO - [2026-05-21T09:54:08.868+0000] {dag.py:3239} INFO - Sync 1 DAGs
[2026-05-21T09:54:08.885+0000] {logging_mixin.py:190} INFO - [2026-05-21T09:54:08.885+0000] {dag.py:4180} INFO - Setting next_dagrun for product_processing to 2026-05-20 00:00:00+00:00, run_after=2026-05-21 00:00:00+00:00
[2026-05-21T09:54:08.899+0000] {processor.py:208} INFO - Processing /opt/airflow/dags/product_processing.py took 0.251 seconds
[2026-05-21T09:54:39.424+0000] {processor.py:186} INFO - Started process (PID=12545) to work on /opt/airflow/dags/product_processing.py
[2026-05-21T09:54:39.425+0000] {processor.py:914} INFO - Processing file /opt/airflow/dags/product_processing.py for tasks to queue
[2026-05-21T09:54:39.426+0000] {logging_mixin.py:190} INFO - [2026-05-21T09:54:39.426+0000] {dagbag.py:588} INFO - Filling up the DagBag from /opt/airflow/dags/product_processing.py
[2026-05-21T09:54:39.624+0000] {processor.py:925} INFO - DAG(s) 'product_processing' retrieved from /opt/airflow/dags/product_processing.py
[2026-05-21T09:54:39.650+0000] {logging_mixin.py:190} INFO - [2026-05-21T09:54:39.650+0000] {dag.py:3239} INFO - Sync 1 DAGs
[2026-05-21T09:54:39.669+0000] {logging_mixin.py:190} INFO - [2026-05-21T09:54:39.668+0000] {dag.py:4180} INFO - Setting next_dagrun for product_processing to 2026-05-20 00:00:00+00:00, run_after=2026-05-21 00:00:00+00:00
[2026-05-21T09:54:39.683+0000] {processor.py:208} INFO - Processing /opt/airflow/dags/product_processing.py took 0.266 seconds
[2026-05-21T09:55:10.120+0000] {processor.py:186} INFO - Started process (PID=12560) to work on /opt/airflow/dags/product_processing.py
[2026-05-21T09:55:10.121+0000] {processor.py:914} INFO - Processing file /opt/airflow/dags/product_processing.py for tasks to queue
[2026-05-21T09:55:10.122+0000] {logging_mixin.py:190} INFO - [2026-05-21T09:55:10.122+0000] {dagbag.py:588} INFO - Filling up the DagBag from /opt/airflow/dags/product_processing.py
[2026-05-21T09:55:10.331+0000] {processor.py:925} INFO - DAG(s) 'product_processing' retrieved from /opt/airflow/dags/product_processing.py
[2026-05-21T09:55:10.351+0000] {logging_mixin.py:190} INFO - [2026-05-21T09:55:10.351+0000] {dag.py:3239} INFO - Sync 1 DAGs
[2026-05-21T09:55:10.370+0000] {logging_mixin.py:190} INFO - [2026-05-21T09:55:10.370+0000] {dag.py:4180} INFO - Setting next_dagrun for product_processing to 2026-05-20 00:00:00+00:00, run_after=2026-05-21 00:00:00+00:00
[2026-05-21T09:55:10.389+0000] {processor.py:208} INFO - Processing /opt/airflow/dags/product_processing.py took 0.275 seconds
[2026-05-21T09:55:40.432+0000] {processor.py:186} INFO - Started process (PID=12576) to work on /opt/airflow/dags/product_processing.py
[2026-05-21T09:55:40.433+0000] {processor.py:914} INFO - Processing file /opt/airflow/dags/product_processing.py for tasks to queue
[2026-05-21T09:55:40.434+0000] {logging_mixin.py:190} INFO - [2026-05-21T09:55:40.433+0000] {dagbag.py:588} INFO - Filling up the DagBag from /opt/airflow/dags/product_processing.py
[2026-05-21T09:55:40.623+0000] {processor.py:925} INFO - DAG(s) 'product_processing' retrieved from /opt/airflow/dags/product_processing.py
[2026-05-21T09:55:40.646+0000] {logging_mixin.py:190} INFO - [2026-05-21T09:55:40.646+0000] {dag.py:3239} INFO - Sync 1 DAGs
[2026-05-21T09:55:40.665+0000] {logging_mixin.py:190} INFO - [2026-05-21T09:55:40.665+0000] {dag.py:4180} INFO - Setting next_dagrun for product_processing to 2026-05-20 00:00:00+00:00, run_after=2026-05-21 00:00:00+00:00
[2026-05-21T09:55:40.681+0000] {processor.py:208} INFO - Processing /opt/airflow/dags/product_processing.py took 0.254 seconds
[2026-05-21T09:56:10.995+0000] {processor.py:186} INFO - Started process (PID=12592) to work on /opt/airflow/dags/product_processing.py
[2026-05-21T09:56:10.996+0000] {processor.py:914} INFO - Processing file /opt/airflow/dags/product_processing.py for tasks to queue
[2026-05-21T09:56:10.996+0000] {logging_mixin.py:190} INFO - [2026-05-21T09:56:10.996+0000] {dagbag.py:588} INFO - Filling up the DagBag from /opt/airflow/dags/product_processing.py
[2026-05-21T09:56:11.182+0000] {processor.py:925} INFO - DAG(s) 'product_processing' retrieved from /opt/airflow/dags/product_processing.py
[2026-05-21T09:56:11.202+0000] {logging_mixin.py:190} INFO - [2026-05-21T09:56:11.202+0000] {dag.py:3239} INFO - Sync 1 DAGs
[2026-05-21T09:56:11.220+0000] {logging_mixin.py:190} INFO - [2026-05-21T09:56:11.219+0000] {dag.py:4180} INFO - Setting next_dagrun for product_processing to 2026-05-20 00:00:00+00:00, run_after=2026-05-21 00:00:00+00:00
[2026-05-21T09:56:11.235+0000] {processor.py:208} INFO - Processing /opt/airflow/dags/product_processing.py took 0.244 seconds
[2026-05-21T09:56:41.555+0000] {processor.py:186} INFO - Started process (PID=12608) to work on /opt/airflow/dags/product_processing.py
[2026-05-21T09:56:41.556+0000] {processor.py:914} INFO - Processing file /opt/airflow/dags/product_processing.py for tasks to queue
[2026-05-21T09:56:41.557+0000] {logging_mixin.py:190} INFO - [2026-05-21T09:56:41.557+0000] {dagbag.py:588} INFO - Filling up the DagBag from /opt/airflow/dags/product_processing.py
[2026-05-21T09:56:41.758+0000] {processor.py:925} INFO - DAG(s) 'product_processing' retrieved from /opt/airflow/dags/product_processing.py
[2026-05-21T09:56:41.780+0000] {logging_mixin.py:190} INFO - [2026-05-21T09:56:41.780+0000] {dag.py:3239} INFO - Sync 1 DAGs
[2026-05-21T09:56:41.799+0000] {logging_mixin.py:190} INFO - [2026-05-21T09:56:41.799+0000] {dag.py:4180} INFO - Setting next_dagrun for product_processing to 2026-05-20 00:00:00+00:00, run_after=2026-05-21 00:00:00+00:00
[2026-05-21T09:56:41.815+0000] {processor.py:208} INFO - Processing /opt/airflow/dags/product_processing.py took 0.269 seconds
[2026-05-21T09:57:11.910+0000] {processor.py:186} INFO - Started process (PID=12624) to work on /opt/airflow/dags/product_processing.py
[2026-05-21T09:57:11.911+0000] {processor.py:914} INFO - Processing file /opt/airflow/dags/product_processing.py for tasks to queue
[2026-05-21T09:57:11.912+0000] {logging_mixin.py:190} INFO - [2026-05-21T09:57:11.912+0000] {dagbag.py:588} INFO - Filling up the DagBag from /opt/airflow/dags/product_processing.py
[2026-05-21T09:57:12.115+0000] {processor.py:925} INFO - DAG(s) 'product_processing' retrieved from /opt/airflow/dags/product_processing.py
[2026-05-21T09:57:12.136+0000] {logging_mixin.py:190} INFO - [2026-05-21T09:57:12.135+0000] {dag.py:3239} INFO - Sync 1 DAGs
[2026-05-21T09:57:12.154+0000] {logging_mixin.py:190} INFO - [2026-05-21T09:57:12.154+0000] {dag.py:4180} INFO - Setting next_dagrun for product_processing to 2026-05-20 00:00:00+00:00, run_after=2026-05-21 00:00:00+00:00
[2026-05-21T09:57:12.169+0000] {processor.py:208} INFO - Processing /opt/airflow/dags/product_processing.py took 0.265 seconds
[2026-05-21T09:57:42.480+0000] {processor.py:186} INFO - Started process (PID=12640) to work on /opt/airflow/dags/product_processing.py
[2026-05-21T09:57:42.481+0000] {processor.py:914} INFO - Processing file /opt/airflow/dags/product_processing.py for tasks to queue
[2026-05-21T09:57:42.482+0000] {logging_mixin.py:190} INFO - [2026-05-21T09:57:42.482+0000] {dagbag.py:588} INFO - Filling up the DagBag from /opt/airflow/dags/product_processing.py
[2026-05-21T09:57:42.680+0000] {processor.py:925} INFO - DAG(s) 'product_processing' retrieved from /opt/airflow/dags/product_processing.py
[2026-05-21T09:57:42.701+0000] {logging_mixin.py:190} INFO - [2026-05-21T09:57:42.700+0000] {dag.py:3239} INFO - Sync 1 DAGs
[2026-05-21T09:57:42.719+0000] {logging_mixin.py:190} INFO - [2026-05-21T09:57:42.719+0000] {dag.py:4180} INFO - Setting next_dagrun for product_processing to 2026-05-20 00:00:00+00:00, run_after=2026-05-21 00:00:00+00:00
[2026-05-21T09:57:42.733+0000] {processor.py:208} INFO - Processing /opt/airflow/dags/product_processing.py took 0.260 seconds
[2026-05-21T09:58:13.027+0000] {processor.py:186} INFO - Started process (PID=12656) to work on /opt/airflow/dags/product_processing.py
[2026-05-21T09:58:13.028+0000] {processor.py:914} INFO - Processing file /opt/airflow/dags/product_processing.py for tasks to queue
[2026-05-21T09:58:13.028+0000] {logging_mixin.py:190} INFO - [2026-05-21T09:58:13.028+0000] {dagbag.py:588} INFO - Filling up the DagBag from /opt/airflow/dags/product_processing.py
[2026-05-21T09:58:13.234+0000] {processor.py:925} INFO - DAG(s) 'product_processing' retrieved from /opt/airflow/dags/product_processing.py
[2026-05-21T09:58:13.255+0000] {logging_mixin.py:190} INFO - [2026-05-21T09:58:13.255+0000] {dag.py:3239} INFO - Sync 1 DAGs
[2026-05-21T09:58:13.274+0000] {logging_mixin.py:190} INFO - [2026-05-21T09:58:13.274+0000] {dag.py:4180} INFO - Setting next_dagrun for product_processing to 2026-05-20 00:00:00+00:00, run_after=2026-05-21 00:00:00+00:00
[2026-05-21T09:58:13.289+0000] {processor.py:208} INFO - Processing /opt/airflow/dags/product_processing.py took 0.268 seconds
[2026-05-21T09:58:43.539+0000] {processor.py:186} INFO - Started process (PID=12672) to work on /opt/airflow/dags/product_processing.py
[2026-05-21T09:58:43.540+0000] {processor.py:914} INFO - Processing file /opt/airflow/dags/product_processing.py for tasks to queue
[2026-05-21T09:58:43.541+0000] {logging_mixin.py:190} INFO - [2026-05-21T09:58:43.540+0000] {dagbag.py:588} INFO - Filling up the DagBag from /opt/airflow/dags/product_processing.py
[2026-05-21T09:58:43.755+0000] {processor.py:925} INFO - DAG(s) 'product_processing' retrieved from /opt/airflow/dags/product_processing.py
[2026-05-21T09:58:43.781+0000] {logging_mixin.py:190} INFO - [2026-05-21T09:58:43.780+0000] {dag.py:3239} INFO - Sync 1 DAGs
[2026-05-21T09:58:43.802+0000] {logging_mixin.py:190} INFO - [2026-05-21T09:58:43.802+0000] {dag.py:4180} INFO - Setting next_dagrun for product_processing to 2026-05-20 00:00:00+00:00, run_after=2026-05-21 00:00:00+00:00
[2026-05-21T09:58:43.819+0000] {processor.py:208} INFO - Processing /opt/airflow/dags/product_processing.py took 0.285 seconds
[2026-05-21T09:59:14.008+0000] {processor.py:186} INFO - Started process (PID=12688) to work on /opt/airflow/dags/product_processing.py
[2026-05-21T09:59:14.008+0000] {processor.py:914} INFO - Processing file /opt/airflow/dags/product_processing.py for tasks to queue
[2026-05-21T09:59:14.009+0000] {logging_mixin.py:190} INFO - [2026-05-21T09:59:14.009+0000] {dagbag.py:588} INFO - Filling up the DagBag from /opt/airflow/dags/product_processing.py
[2026-05-21T09:59:14.239+0000] {processor.py:925} INFO - DAG(s) 'product_processing' retrieved from /opt/airflow/dags/product_processing.py
[2026-05-21T09:59:14.271+0000] {logging_mixin.py:190} INFO - [2026-05-21T09:59:14.271+0000] {dag.py:3239} INFO - Sync 1 DAGs
[2026-05-21T09:59:14.299+0000] {logging_mixin.py:190} INFO - [2026-05-21T09:59:14.299+0000] {dag.py:4180} INFO - Setting next_dagrun for product_processing to 2026-05-20 00:00:00+00:00, run_after=2026-05-21 00:00:00+00:00
[2026-05-21T09:59:14.314+0000] {processor.py:208} INFO - Processing /opt/airflow/dags/product_processing.py took 0.312 seconds
[2026-05-21T09:59:44.535+0000] {processor.py:186} INFO - Started process (PID=12704) to work on /opt/airflow/dags/product_processing.py
[2026-05-21T09:59:44.536+0000] {processor.py:914} INFO - Processing file /opt/airflow/dags/product_processing.py for tasks to queue
[2026-05-21T09:59:44.537+0000] {logging_mixin.py:190} INFO - [2026-05-21T09:59:44.537+0000] {dagbag.py:588} INFO - Filling up the DagBag from /opt/airflow/dags/product_processing.py
[2026-05-21T09:59:44.753+0000] {processor.py:925} INFO - DAG(s) 'product_processing' retrieved from /opt/airflow/dags/product_processing.py
[2026-05-21T09:59:44.776+0000] {logging_mixin.py:190} INFO - [2026-05-21T09:59:44.776+0000] {dag.py:3239} INFO - Sync 1 DAGs
[2026-05-21T09:59:44.794+0000] {logging_mixin.py:190} INFO - [2026-05-21T09:59:44.793+0000] {dag.py:4180} INFO - Setting next_dagrun for product_processing to 2026-05-20 00:00:00+00:00, run_after=2026-05-21 00:00:00+00:00
[2026-05-21T09:59:44.809+0000] {processor.py:208} INFO - Processing /opt/airflow/dags/product_processing.py took 0.280 seconds
[2026-05-21T10:00:15.130+0000] {processor.py:186} INFO - Started process (PID=12720) to work on /opt/airflow/dags/product_processing.py
[2026-05-21T10:00:15.131+0000] {processor.py:914} INFO - Processing file /opt/airflow/dags/product_processing.py for tasks to queue
[2026-05-21T10:00:15.132+0000] {logging_mixin.py:190} INFO - [2026-05-21T10:00:15.132+0000] {dagbag.py:588} INFO - Filling up the DagBag from /opt/airflow/dags/product_processing.py
[2026-05-21T10:00:15.339+0000] {processor.py:925} INFO - DAG(s) 'product_processing' retrieved from /opt/airflow/dags/product_processing.py
[2026-05-21T10:00:15.361+0000] {logging_mixin.py:190} INFO - [2026-05-21T10:00:15.360+0000] {dag.py:3239} INFO - Sync 1 DAGs
[2026-05-21T10:00:15.380+0000] {logging_mixin.py:190} INFO - [2026-05-21T10:00:15.380+0000] {dag.py:4180} INFO - Setting next_dagrun for product_processing to 2026-05-20 00:00:00+00:00, run_after=2026-05-21 00:00:00+00:00
[2026-05-21T10:00:15.394+0000] {processor.py:208} INFO - Processing /opt/airflow/dags/product_processing.py took 0.271 seconds
[2026-05-21T10:00:45.509+0000] {processor.py:186} INFO - Started process (PID=12736) to work on /opt/airflow/dags/product_processing.py
[2026-05-21T10:00:45.510+0000] {processor.py:914} INFO - Processing file /opt/airflow/dags/product_processing.py for tasks to queue
[2026-05-21T10:00:45.511+0000] {logging_mixin.py:190} INFO - [2026-05-21T10:00:45.511+0000] {dagbag.py:588} INFO - Filling up the DagBag from /opt/airflow/dags/product_processing.py
[2026-05-21T10:00:45.707+0000] {processor.py:925} INFO - DAG(s) 'product_processing' retrieved from /opt/airflow/dags/product_processing.py
[2026-05-21T10:00:45.730+0000] {logging_mixin.py:190} INFO - [2026-05-21T10:00:45.730+0000] {dag.py:3239} INFO - Sync 1 DAGs
[2026-05-21T10:00:45.750+0000] {logging_mixin.py:190} INFO - [2026-05-21T10:00:45.750+0000] {dag.py:4180} INFO - Setting next_dagrun for product_processing to 2026-05-20 00:00:00+00:00, run_after=2026-05-21 00:00:00+00:00
[2026-05-21T10:00:45.764+0000] {processor.py:208} INFO - Processing /opt/airflow/dags/product_processing.py took 0.261 seconds
[2026-05-21T10:01:16.187+0000] {processor.py:186} INFO - Started process (PID=12753) to work on /opt/airflow/dags/product_processing.py
[2026-05-21T10:01:16.188+0000] {processor.py:914} INFO - Processing file /opt/airflow/dags/product_processing.py for tasks to queue
[2026-05-21T10:01:16.189+0000] {logging_mixin.py:190} INFO - [2026-05-21T10:01:16.188+0000] {dagbag.py:588} INFO - Filling up the DagBag from /opt/airflow/dags/product_processing.py
[2026-05-21T10:01:16.384+0000] {processor.py:925} INFO - DAG(s) 'product_processing' retrieved from /opt/airflow/dags/product_processing.py
[2026-05-21T10:01:16.406+0000] {logging_mixin.py:190} INFO - [2026-05-21T10:01:16.406+0000] {dag.py:3239} INFO - Sync 1 DAGs
[2026-05-21T10:01:16.425+0000] {logging_mixin.py:190} INFO - [2026-05-21T10:01:16.424+0000] {dag.py:4180} INFO - Setting next_dagrun for product_processing to 2026-05-20 00:00:00+00:00, run_after=2026-05-21 00:00:00+00:00
[2026-05-21T10:01:16.439+0000] {processor.py:208} INFO - Processing /opt/airflow/dags/product_processing.py took 0.256 seconds
[2026-05-21T10:01:46.546+0000] {processor.py:186} INFO - Started process (PID=12769) to work on /opt/airflow/dags/product_processing.py
[2026-05-21T10:01:46.547+0000] {processor.py:914} INFO - Processing file /opt/airflow/dags/product_processing.py for tasks to queue
[2026-05-21T10:01:46.547+0000] {logging_mixin.py:190} INFO - [2026-05-21T10:01:46.547+0000] {dagbag.py:588} INFO - Filling up the DagBag from /opt/airflow/dags/product_processing.py
[2026-05-21T10:01:46.758+0000] {processor.py:925} INFO - DAG(s) 'product_processing' retrieved from /opt/airflow/dags/product_processing.py
[2026-05-21T10:01:46.778+0000] {logging_mixin.py:190} INFO - [2026-05-21T10:01:46.778+0000] {dag.py:3239} INFO - Sync 1 DAGs
[2026-05-21T10:01:46.797+0000] {logging_mixin.py:190} INFO - [2026-05-21T10:01:46.797+0000] {dag.py:4180} INFO - Setting next_dagrun for product_processing to 2026-05-20 00:00:00+00:00, run_after=2026-05-21 00:00:00+00:00
[2026-05-21T10:01:46.809+0000] {processor.py:208} INFO - Processing /opt/airflow/dags/product_processing.py took 0.269 seconds
[2026-05-21T10:02:17.059+0000] {processor.py:186} INFO - Started process (PID=12785) to work on /opt/airflow/dags/product_processing.py
[2026-05-21T10:02:17.060+0000] {processor.py:914} INFO - Processing file /opt/airflow/dags/product_processing.py for tasks to queue
[2026-05-21T10:02:17.064+0000] {logging_mixin.py:190} INFO - [2026-05-21T10:02:17.064+0000] {dagbag.py:588} INFO - Filling up the DagBag from /opt/airflow/dags/product_processing.py
[2026-05-21T10:02:17.256+0000] {processor.py:925} INFO - DAG(s) 'product_processing' retrieved from /opt/airflow/dags/product_processing.py
[2026-05-21T10:02:17.278+0000] {logging_mixin.py:190} INFO - [2026-05-21T10:02:17.278+0000] {dag.py:3239} INFO - Sync 1 DAGs
[2026-05-21T10:02:17.296+0000] {logging_mixin.py:190} INFO - [2026-05-21T10:02:17.296+0000] {dag.py:4180} INFO - Setting next_dagrun for product_processing to 2026-05-20 00:00:00+00:00, run_after=2026-05-21 00:00:00+00:00
[2026-05-21T10:02:17.309+0000] {processor.py:208} INFO - Processing /opt/airflow/dags/product_processing.py took 0.257 seconds
[2026-05-21T10:02:47.510+0000] {processor.py:186} INFO - Started process (PID=12802) to work on /opt/airflow/dags/product_processing.py
[2026-05-21T10:02:47.512+0000] {processor.py:914} INFO - Processing file /opt/airflow/dags/product_processing.py for tasks to queue
[2026-05-21T10:02:47.513+0000] {logging_mixin.py:190} INFO - [2026-05-21T10:02:47.513+0000] {dagbag.py:588} INFO - Filling up the DagBag from /opt/airflow/dags/product_processing.py
[2026-05-21T10:02:47.819+0000] {processor.py:925} INFO - DAG(s) 'product_processing' retrieved from /opt/airflow/dags/product_processing.py
[2026-05-21T10:02:47.845+0000] {logging_mixin.py:190} INFO - [2026-05-21T10:02:47.844+0000] {dag.py:3239} INFO - Sync 1 DAGs
[2026-05-21T10:02:47.867+0000] {logging_mixin.py:190} INFO - [2026-05-21T10:02:47.867+0000] {dag.py:4180} INFO - Setting next_dagrun for product_processing to 2026-05-20 00:00:00+00:00, run_after=2026-05-21 00:00:00+00:00
[2026-05-21T10:02:47.885+0000] {processor.py:208} INFO - Processing /opt/airflow/dags/product_processing.py took 0.379 seconds
[2026-05-21T10:03:18.117+0000] {processor.py:186} INFO - Started process (PID=12818) to work on /opt/airflow/dags/product_processing.py
[2026-05-21T10:03:18.119+0000] {processor.py:914} INFO - Processing file /opt/airflow/dags/product_processing.py for tasks to queue
[2026-05-21T10:03:18.120+0000] {logging_mixin.py:190} INFO - [2026-05-21T10:03:18.120+0000] {dagbag.py:588} INFO - Filling up the DagBag from /opt/airflow/dags/product_processing.py
[2026-05-21T10:03:18.327+0000] {processor.py:925} INFO - DAG(s) 'product_processing' retrieved from /opt/airflow/dags/product_processing.py
[2026-05-21T10:03:18.346+0000] {logging_mixin.py:190} INFO - [2026-05-21T10:03:18.346+0000] {dag.py:3239} INFO - Sync 1 DAGs
[2026-05-21T10:03:18.366+0000] {logging_mixin.py:190} INFO - [2026-05-21T10:03:18.365+0000] {dag.py:4180} INFO - Setting next_dagrun for product_processing to 2026-05-20 00:00:00+00:00, run_after=2026-05-21 00:00:00+00:00
[2026-05-21T10:03:18.380+0000] {processor.py:208} INFO - Processing /opt/airflow/dags/product_processing.py took 0.267 seconds
[2026-05-21T10:03:48.636+0000] {processor.py:186} INFO - Started process (PID=12834) to work on /opt/airflow/dags/product_processing.py
[2026-05-21T10:03:48.637+0000] {processor.py:914} INFO - Processing file /opt/airflow/dags/product_processing.py for tasks to queue
[2026-05-21T10:03:48.638+0000] {logging_mixin.py:190} INFO - [2026-05-21T10:03:48.637+0000] {dagbag.py:588} INFO - Filling up the DagBag from /opt/airflow/dags/product_processing.py
[2026-05-21T10:03:48.833+0000] {processor.py:925} INFO - DAG(s) 'product_processing' retrieved from /opt/airflow/dags/product_processing.py
[2026-05-21T10:03:48.856+0000] {logging_mixin.py:190} INFO - [2026-05-21T10:03:48.855+0000] {dag.py:3239} INFO - Sync 1 DAGs
[2026-05-21T10:03:48.873+0000] {logging_mixin.py:190} INFO - [2026-05-21T10:03:48.873+0000] {dag.py:4180} INFO - Setting next_dagrun for product_processing to 2026-05-20 00:00:00+00:00, run_after=2026-05-21 00:00:00+00:00
[2026-05-21T10:03:48.886+0000] {processor.py:208} INFO - Processing /opt/airflow/dags/product_processing.py took 0.255 seconds
[2026-05-21T10:04:19.184+0000] {processor.py:186} INFO - Started process (PID=12850) to work on /opt/airflow/dags/product_processing.py
[2026-05-21T10:04:19.185+0000] {processor.py:914} INFO - Processing file /opt/airflow/dags/product_processing.py for tasks to queue
[2026-05-21T10:04:19.186+0000] {logging_mixin.py:190} INFO - [2026-05-21T10:04:19.186+0000] {dagbag.py:588} INFO - Filling up the DagBag from /opt/airflow/dags/product_processing.py
[2026-05-21T10:04:19.393+0000] {processor.py:925} INFO - DAG(s) 'product_processing' retrieved from /opt/airflow/dags/product_processing.py
[2026-05-21T10:04:19.415+0000] {logging_mixin.py:190} INFO - [2026-05-21T10:04:19.415+0000] {dag.py:3239} INFO - Sync 1 DAGs
[2026-05-21T10:04:19.434+0000] {logging_mixin.py:190} INFO - [2026-05-21T10:04:19.434+0000] {dag.py:4180} INFO - Setting next_dagrun for product_processing to 2026-05-20 00:00:00+00:00, run_after=2026-05-21 00:00:00+00:00
[2026-05-21T10:04:19.448+0000] {processor.py:208} INFO - Processing /opt/airflow/dags/product_processing.py took 0.269 seconds
[2026-05-21T10:04:49.972+0000] {processor.py:186} INFO - Started process (PID=12866) to work on /opt/airflow/dags/product_processing.py
[2026-05-21T10:04:49.973+0000] {processor.py:914} INFO - Processing file /opt/airflow/dags/product_processing.py for tasks to queue
[2026-05-21T10:04:49.973+0000] {logging_mixin.py:190} INFO - [2026-05-21T10:04:49.973+0000] {dagbag.py:588} INFO - Filling up the DagBag from /opt/airflow/dags/product_processing.py
[2026-05-21T10:04:50.166+0000] {processor.py:925} INFO - DAG(s) 'product_processing' retrieved from /opt/airflow/dags/product_processing.py
[2026-05-21T10:04:50.185+0000] {logging_mixin.py:190} INFO - [2026-05-21T10:04:50.184+0000] {dag.py:3239} INFO - Sync 1 DAGs
[2026-05-21T10:04:50.202+0000] {logging_mixin.py:190} INFO - [2026-05-21T10:04:50.202+0000] {dag.py:4180} INFO - Setting next_dagrun for product_processing to 2026-05-20 00:00:00+00:00, run_after=2026-05-21 00:00:00+00:00
[2026-05-21T10:04:50.217+0000] {processor.py:208} INFO - Processing /opt/airflow/dags/product_processing.py took 0.251 seconds
[2026-05-21T10:05:20.494+0000] {processor.py:186} INFO - Started process (PID=12882) to work on /opt/airflow/dags/product_processing.py
[2026-05-21T10:05:20.494+0000] {processor.py:914} INFO - Processing file /opt/airflow/dags/product_processing.py for tasks to queue
[2026-05-21T10:05:20.495+0000] {logging_mixin.py:190} INFO - [2026-05-21T10:05:20.495+0000] {dagbag.py:588} INFO - Filling up the DagBag from /opt/airflow/dags/product_processing.py
[2026-05-21T10:05:20.702+0000] {processor.py:925} INFO - DAG(s) 'product_processing' retrieved from /opt/airflow/dags/product_processing.py
[2026-05-21T10:05:20.726+0000] {logging_mixin.py:190} INFO - [2026-05-21T10:05:20.726+0000] {dag.py:3239} INFO - Sync 1 DAGs
[2026-05-21T10:05:20.747+0000] {logging_mixin.py:190} INFO - [2026-05-21T10:05:20.746+0000] {dag.py:4180} INFO - Setting next_dagrun for product_processing to 2026-05-20 00:00:00+00:00, run_after=2026-05-21 00:00:00+00:00
[2026-05-21T10:05:20.763+0000] {processor.py:208} INFO - Processing /opt/airflow/dags/product_processing.py took 0.274 seconds
[2026-05-21T10:05:51.009+0000] {processor.py:186} INFO - Started process (PID=12897) to work on /opt/airflow/dags/product_processing.py
[2026-05-21T10:05:51.011+0000] {processor.py:914} INFO - Processing file /opt/airflow/dags/product_processing.py for tasks to queue
[2026-05-21T10:05:51.012+0000] {logging_mixin.py:190} INFO - [2026-05-21T10:05:51.012+0000] {dagbag.py:588} INFO - Filling up the DagBag from /opt/airflow/dags/product_processing.py
[2026-05-21T10:05:51.217+0000] {processor.py:925} INFO - DAG(s) 'product_processing' retrieved from /opt/airflow/dags/product_processing.py
[2026-05-21T10:05:51.240+0000] {logging_mixin.py:190} INFO - [2026-05-21T10:05:51.240+0000] {dag.py:3239} INFO - Sync 1 DAGs
[2026-05-21T10:05:51.259+0000] {logging_mixin.py:190} INFO - [2026-05-21T10:05:51.259+0000] {dag.py:4180} INFO - Setting next_dagrun for product_processing to 2026-05-20 00:00:00+00:00, run_after=2026-05-21 00:00:00+00:00
[2026-05-21T10:05:51.273+0000] {processor.py:208} INFO - Processing /opt/airflow/dags/product_processing.py took 0.269 seconds
[2026-05-21T10:06:21.569+0000] {processor.py:186} INFO - Started process (PID=12913) to work on /opt/airflow/dags/product_processing.py
[2026-05-21T10:06:21.570+0000] {processor.py:914} INFO - Processing file /opt/airflow/dags/product_processing.py for tasks to queue
[2026-05-21T10:06:21.571+0000] {logging_mixin.py:190} INFO - [2026-05-21T10:06:21.571+0000] {dagbag.py:588} INFO - Filling up the DagBag from /opt/airflow/dags/product_processing.py
[2026-05-21T10:06:21.769+0000] {processor.py:925} INFO - DAG(s) 'product_processing' retrieved from /opt/airflow/dags/product_processing.py
[2026-05-21T10:06:21.790+0000] {logging_mixin.py:190} INFO - [2026-05-21T10:06:21.789+0000] {dag.py:3239} INFO - Sync 1 DAGs
[2026-05-21T10:06:21.807+0000] {logging_mixin.py:190} INFO - [2026-05-21T10:06:21.807+0000] {dag.py:4180} INFO - Setting next_dagrun for product_processing to 2026-05-20 00:00:00+00:00, run_after=2026-05-21 00:00:00+00:00
[2026-05-21T10:06:21.820+0000] {processor.py:208} INFO - Processing /opt/airflow/dags/product_processing.py took 0.256 seconds
[2026-05-21T10:06:52.116+0000] {processor.py:186} INFO - Started process (PID=12929) to work on /opt/airflow/dags/product_processing.py
[2026-05-21T10:06:52.116+0000] {processor.py:914} INFO - Processing file /opt/airflow/dags/product_processing.py for tasks to queue
[2026-05-21T10:06:52.117+0000] {logging_mixin.py:190} INFO - [2026-05-21T10:06:52.117+0000] {dagbag.py:588} INFO - Filling up the DagBag from /opt/airflow/dags/product_processing.py
[2026-05-21T10:06:52.326+0000] {processor.py:925} INFO - DAG(s) 'product_processing' retrieved from /opt/airflow/dags/product_processing.py
[2026-05-21T10:06:52.347+0000] {logging_mixin.py:190} INFO - [2026-05-21T10:06:52.346+0000] {dag.py:3239} INFO - Sync 1 DAGs
[2026-05-21T10:06:52.366+0000] {logging_mixin.py:190} INFO - [2026-05-21T10:06:52.366+0000] {dag.py:4180} INFO - Setting next_dagrun for product_processing to 2026-05-20 00:00:00+00:00, run_after=2026-05-21 00:00:00+00:00
[2026-05-21T10:06:52.383+0000] {processor.py:208} INFO - Processing /opt/airflow/dags/product_processing.py took 0.274 seconds
[2026-05-21T10:07:22.736+0000] {processor.py:186} INFO - Started process (PID=12945) to work on /opt/airflow/dags/product_processing.py
[2026-05-21T10:07:22.736+0000] {processor.py:914} INFO - Processing file /opt/airflow/dags/product_processing.py for tasks to queue
[2026-05-21T10:07:22.737+0000] {logging_mixin.py:190} INFO - [2026-05-21T10:07:22.737+0000] {dagbag.py:588} INFO - Filling up the DagBag from /opt/airflow/dags/product_processing.py
[2026-05-21T10:07:22.936+0000] {processor.py:925} INFO - DAG(s) 'product_processing' retrieved from /opt/airflow/dags/product_processing.py
[2026-05-21T10:07:22.956+0000] {logging_mixin.py:190} INFO - [2026-05-21T10:07:22.956+0000] {dag.py:3239} INFO - Sync 1 DAGs
[2026-05-21T10:07:22.977+0000] {logging_mixin.py:190} INFO - [2026-05-21T10:07:22.977+0000] {dag.py:4180} INFO - Setting next_dagrun for product_processing to 2026-05-20 00:00:00+00:00, run_after=2026-05-21 00:00:00+00:00
[2026-05-21T10:07:22.990+0000] {processor.py:208} INFO - Processing /opt/airflow/dags/product_processing.py took 0.259 seconds
[2026-05-21T10:07:53.039+0000] {processor.py:186} INFO - Started process (PID=12961) to work on /opt/airflow/dags/product_processing.py
[2026-05-21T10:07:53.040+0000] {processor.py:914} INFO - Processing file /opt/airflow/dags/product_processing.py for tasks to queue
[2026-05-21T10:07:53.041+0000] {logging_mixin.py:190} INFO - [2026-05-21T10:07:53.040+0000] {dagbag.py:588} INFO - Filling up the DagBag from /opt/airflow/dags/product_processing.py
[2026-05-21T10:07:53.242+0000] {processor.py:925} INFO - DAG(s) 'product_processing' retrieved from /opt/airflow/dags/product_processing.py
[2026-05-21T10:07:53.276+0000] {logging_mixin.py:190} INFO - [2026-05-21T10:07:53.276+0000] {dag.py:3239} INFO - Sync 1 DAGs
[2026-05-21T10:07:53.296+0000] {logging_mixin.py:190} INFO - [2026-05-21T10:07:53.296+0000] {dag.py:4180} INFO - Setting next_dagrun for product_processing to 2026-05-20 00:00:00+00:00, run_after=2026-05-21 00:00:00+00:00
[2026-05-21T10:07:53.314+0000] {processor.py:208} INFO - Processing /opt/airflow/dags/product_processing.py took 0.279 seconds
[2026-05-21T10:08:23.974+0000] {processor.py:186} INFO - Started process (PID=12977) to work on /opt/airflow/dags/product_processing.py
[2026-05-21T10:08:23.975+0000] {processor.py:914} INFO - Processing file /opt/airflow/dags/product_processing.py for tasks to queue
[2026-05-21T10:08:23.976+0000] {logging_mixin.py:190} INFO - [2026-05-21T10:08:23.976+0000] {dagbag.py:588} INFO - Filling up the DagBag from /opt/airflow/dags/product_processing.py
[2026-05-21T10:08:24.186+0000] {processor.py:925} INFO - DAG(s) 'product_processing' retrieved from /opt/airflow/dags/product_processing.py
[2026-05-21T10:08:24.206+0000] {logging_mixin.py:190} INFO - [2026-05-21T10:08:24.206+0000] {dag.py:3239} INFO - Sync 1 DAGs
[2026-05-21T10:08:24.225+0000] {logging_mixin.py:190} INFO - [2026-05-21T10:08:24.225+0000] {dag.py:4180} INFO - Setting next_dagrun for product_processing to 2026-05-20 00:00:00+00:00, run_after=2026-05-21 00:00:00+00:00
[2026-05-21T10:08:24.239+0000] {processor.py:208} INFO - Processing /opt/airflow/dags/product_processing.py took 0.272 seconds
[2026-05-21T10:08:54.709+0000] {processor.py:186} INFO - Started process (PID=12993) to work on /opt/airflow/dags/product_processing.py
[2026-05-21T10:08:54.710+0000] {processor.py:914} INFO - Processing file /opt/airflow/dags/product_processing.py for tasks to queue
[2026-05-21T10:08:54.711+0000] {logging_mixin.py:190} INFO - [2026-05-21T10:08:54.711+0000] {dagbag.py:588} INFO - Filling up the DagBag from /opt/airflow/dags/product_processing.py
[2026-05-21T10:08:54.923+0000] {processor.py:925} INFO - DAG(s) 'product_processing' retrieved from /opt/airflow/dags/product_processing.py
[2026-05-21T10:08:54.947+0000] {logging_mixin.py:190} INFO - [2026-05-21T10:08:54.946+0000] {dag.py:3239} INFO - Sync 1 DAGs
[2026-05-21T10:08:54.966+0000] {logging_mixin.py:190} INFO - [2026-05-21T10:08:54.966+0000] {dag.py:4180} INFO - Setting next_dagrun for product_processing to 2026-05-20 00:00:00+00:00, run_after=2026-05-21 00:00:00+00:00
[2026-05-21T10:08:54.983+0000] {processor.py:208} INFO - Processing /opt/airflow/dags/product_processing.py took 0.278 seconds
[2026-05-21T10:09:25.450+0000] {processor.py:186} INFO - Started process (PID=13009) to work on /opt/airflow/dags/product_processing.py
[2026-05-21T10:09:25.451+0000] {processor.py:914} INFO - Processing file /opt/airflow/dags/product_processing.py for tasks to queue
[2026-05-21T10:09:25.453+0000] {logging_mixin.py:190} INFO - [2026-05-21T10:09:25.452+0000] {dagbag.py:588} INFO - Filling up the DagBag from /opt/airflow/dags/product_processing.py
[2026-05-21T10:09:25.657+0000] {processor.py:925} INFO - DAG(s) 'product_processing' retrieved from /opt/airflow/dags/product_processing.py
[2026-05-21T10:09:25.678+0000] {logging_mixin.py:190} INFO - [2026-05-21T10:09:25.678+0000] {dag.py:3239} INFO - Sync 1 DAGs
[2026-05-21T10:09:25.698+0000] {logging_mixin.py:190} INFO - [2026-05-21T10:09:25.698+0000] {dag.py:4180} INFO - Setting next_dagrun for product_processing to 2026-05-20 00:00:00+00:00, run_after=2026-05-21 00:00:00+00:00
[2026-05-21T10:09:25.712+0000] {processor.py:208} INFO - Processing /opt/airflow/dags/product_processing.py took 0.266 seconds
[2026-05-21T10:09:55.889+0000] {processor.py:186} INFO - Started process (PID=13026) to work on /opt/airflow/dags/product_processing.py
[2026-05-21T10:09:55.891+0000] {processor.py:914} INFO - Processing file /opt/airflow/dags/product_processing.py for tasks to queue
[2026-05-21T10:09:55.892+0000] {logging_mixin.py:190} INFO - [2026-05-21T10:09:55.892+0000] {dagbag.py:588} INFO - Filling up the DagBag from /opt/airflow/dags/product_processing.py
[2026-05-21T10:09:56.102+0000] {processor.py:925} INFO - DAG(s) 'product_processing' retrieved from /opt/airflow/dags/product_processing.py
[2026-05-21T10:09:56.124+0000] {logging_mixin.py:190} INFO - [2026-05-21T10:09:56.124+0000] {dag.py:3239} INFO - Sync 1 DAGs
[2026-05-21T10:09:56.142+0000] {logging_mixin.py:190} INFO - [2026-05-21T10:09:56.142+0000] {dag.py:4180} INFO - Setting next_dagrun for product_processing to 2026-05-20 00:00:00+00:00, run_after=2026-05-21 00:00:00+00:00
[2026-05-21T10:09:56.154+0000] {processor.py:208} INFO - Processing /opt/airflow/dags/product_processing.py took 0.270 seconds
[2026-05-21T10:10:26.604+0000] {processor.py:186} INFO - Started process (PID=13048) to work on /opt/airflow/dags/product_processing.py
[2026-05-21T10:10:26.611+0000] {processor.py:914} INFO - Processing file /opt/airflow/dags/product_processing.py for tasks to queue
[2026-05-21T10:10:26.611+0000] {logging_mixin.py:190} INFO - [2026-05-21T10:10:26.611+0000] {dagbag.py:588} INFO - Filling up the DagBag from /opt/airflow/dags/product_processing.py
[2026-05-21T10:10:26.908+0000] {processor.py:925} INFO - DAG(s) 'product_processing' retrieved from /opt/airflow/dags/product_processing.py
[2026-05-21T10:10:26.929+0000] {logging_mixin.py:190} INFO - [2026-05-21T10:10:26.928+0000] {dag.py:3239} INFO - Sync 1 DAGs
[2026-05-21T10:10:26.947+0000] {logging_mixin.py:190} INFO - [2026-05-21T10:10:26.947+0000] {dag.py:4180} INFO - Setting next_dagrun for product_processing to 2026-05-20 00:00:00+00:00, run_after=2026-05-21 00:00:00+00:00
[2026-05-21T10:10:26.960+0000] {processor.py:208} INFO - Processing /opt/airflow/dags/product_processing.py took 0.364 seconds
[2026-05-21T10:10:57.440+0000] {processor.py:186} INFO - Started process (PID=13065) to work on /opt/airflow/dags/product_processing.py
[2026-05-21T10:10:57.443+0000] {processor.py:914} INFO - Processing file /opt/airflow/dags/product_processing.py for tasks to queue
[2026-05-21T10:10:57.446+0000] {logging_mixin.py:190} INFO - [2026-05-21T10:10:57.445+0000] {dagbag.py:588} INFO - Filling up the DagBag from /opt/airflow/dags/product_processing.py
[2026-05-21T10:10:57.809+0000] {processor.py:925} INFO - DAG(s) 'product_processing' retrieved from /opt/airflow/dags/product_processing.py
[2026-05-21T10:10:57.849+0000] {logging_mixin.py:190} INFO - [2026-05-21T10:10:57.849+0000] {dag.py:3239} INFO - Sync 1 DAGs
[2026-05-21T10:10:57.874+0000] {logging_mixin.py:190} INFO - [2026-05-21T10:10:57.874+0000] {dag.py:4180} INFO - Setting next_dagrun for product_processing to 2026-05-20 00:00:00+00:00, run_after=2026-05-21 00:00:00+00:00
[2026-05-21T10:10:57.894+0000] {processor.py:208} INFO - Processing /opt/airflow/dags/product_processing.py took 0.459 seconds
[2026-05-21T10:11:28.120+0000] {processor.py:186} INFO - Started process (PID=13080) to work on /opt/airflow/dags/product_processing.py
[2026-05-21T10:11:28.121+0000] {processor.py:914} INFO - Processing file /opt/airflow/dags/product_processing.py for tasks to queue
[2026-05-21T10:11:28.122+0000] {logging_mixin.py:190} INFO - [2026-05-21T10:11:28.122+0000] {dagbag.py:588} INFO - Filling up the DagBag from /opt/airflow/dags/product_processing.py
[2026-05-21T10:11:28.326+0000] {processor.py:925} INFO - DAG(s) 'product_processing' retrieved from /opt/airflow/dags/product_processing.py
[2026-05-21T10:11:28.348+0000] {logging_mixin.py:190} INFO - [2026-05-21T10:11:28.348+0000] {dag.py:3239} INFO - Sync 1 DAGs
[2026-05-21T10:11:28.367+0000] {logging_mixin.py:190} INFO - [2026-05-21T10:11:28.367+0000] {dag.py:4180} INFO - Setting next_dagrun for product_processing to 2026-05-20 00:00:00+00:00, run_after=2026-05-21 00:00:00+00:00
[2026-05-21T10:11:28.381+0000] {processor.py:208} INFO - Processing /opt/airflow/dags/product_processing.py took 0.265 seconds
[2026-05-21T10:11:58.780+0000] {processor.py:186} INFO - Started process (PID=13096) to work on /opt/airflow/dags/product_processing.py
[2026-05-21T10:11:58.780+0000] {processor.py:914} INFO - Processing file /opt/airflow/dags/product_processing.py for tasks to queue
[2026-05-21T10:11:58.782+0000] {logging_mixin.py:190} INFO - [2026-05-21T10:11:58.781+0000] {dagbag.py:588} INFO - Filling up the DagBag from /opt/airflow/dags/product_processing.py
[2026-05-21T10:11:59.046+0000] {processor.py:925} INFO - DAG(s) 'product_processing' retrieved from /opt/airflow/dags/product_processing.py
[2026-05-21T10:11:59.072+0000] {logging_mixin.py:190} INFO - [2026-05-21T10:11:59.071+0000] {dag.py:3239} INFO - Sync 1 DAGs
[2026-05-21T10:11:59.106+0000] {logging_mixin.py:190} INFO - [2026-05-21T10:11:59.106+0000] {dag.py:4180} INFO - Setting next_dagrun for product_processing to 2026-05-20 00:00:00+00:00, run_after=2026-05-21 00:00:00+00:00
[2026-05-21T10:11:59.125+0000] {processor.py:208} INFO - Processing /opt/airflow/dags/product_processing.py took 0.352 seconds
[2026-05-21T10:12:29.935+0000] {processor.py:186} INFO - Started process (PID=13112) to work on /opt/airflow/dags/product_processing.py
[2026-05-21T10:12:29.937+0000] {processor.py:914} INFO - Processing file /opt/airflow/dags/product_processing.py for tasks to queue
[2026-05-21T10:12:29.943+0000] {logging_mixin.py:190} INFO - [2026-05-21T10:12:29.939+0000] {dagbag.py:588} INFO - Filling up the DagBag from /opt/airflow/dags/product_processing.py
[2026-05-21T10:12:30.182+0000] {processor.py:925} INFO - DAG(s) 'product_processing' retrieved from /opt/airflow/dags/product_processing.py
[2026-05-21T10:12:30.205+0000] {logging_mixin.py:190} INFO - [2026-05-21T10:12:30.204+0000] {dag.py:3239} INFO - Sync 1 DAGs
[2026-05-21T10:12:30.223+0000] {logging_mixin.py:190} INFO - [2026-05-21T10:12:30.223+0000] {dag.py:4180} INFO - Setting next_dagrun for product_processing to 2026-05-20 00:00:00+00:00, run_after=2026-05-21 00:00:00+00:00
[2026-05-21T10:12:30.238+0000] {processor.py:208} INFO - Processing /opt/airflow/dags/product_processing.py took 0.308 seconds
[2026-05-21T10:13:01.240+0000] {processor.py:186} INFO - Started process (PID=13128) to work on /opt/airflow/dags/product_processing.py
[2026-05-21T10:13:01.241+0000] {processor.py:914} INFO - Processing file /opt/airflow/dags/product_processing.py for tasks to queue
[2026-05-21T10:13:01.242+0000] {logging_mixin.py:190} INFO - [2026-05-21T10:13:01.242+0000] {dagbag.py:588} INFO - Filling up the DagBag from /opt/airflow/dags/product_processing.py
[2026-05-21T10:13:01.458+0000] {processor.py:925} INFO - DAG(s) 'product_processing' retrieved from /opt/airflow/dags/product_processing.py
[2026-05-21T10:13:01.475+0000] {logging_mixin.py:190} INFO - [2026-05-21T10:13:01.475+0000] {dag.py:3239} INFO - Sync 1 DAGs
[2026-05-21T10:13:01.493+0000] {logging_mixin.py:190} INFO - [2026-05-21T10:13:01.492+0000] {dag.py:4180} INFO - Setting next_dagrun for product_processing to 2026-05-20 00:00:00+00:00, run_after=2026-05-21 00:00:00+00:00
[2026-05-21T10:13:01.506+0000] {processor.py:208} INFO - Processing /opt/airflow/dags/product_processing.py took 0.270 seconds
[2026-05-21T10:13:31.742+0000] {processor.py:186} INFO - Started process (PID=13145) to work on /opt/airflow/dags/product_processing.py
[2026-05-21T10:13:31.743+0000] {processor.py:914} INFO - Processing file /opt/airflow/dags/product_processing.py for tasks to queue
[2026-05-21T10:13:31.744+0000] {logging_mixin.py:190} INFO - [2026-05-21T10:13:31.743+0000] {dagbag.py:588} INFO - Filling up the DagBag from /opt/airflow/dags/product_processing.py
[2026-05-21T10:13:32.013+0000] {processor.py:925} INFO - DAG(s) 'product_processing' retrieved from /opt/airflow/dags/product_processing.py
[2026-05-21T10:13:32.049+0000] {logging_mixin.py:190} INFO - [2026-05-21T10:13:32.049+0000] {dag.py:3239} INFO - Sync 1 DAGs
[2026-05-21T10:13:32.080+0000] {logging_mixin.py:190} INFO - [2026-05-21T10:13:32.079+0000] {dag.py:4180} INFO - Setting next_dagrun for product_processing to 2026-05-20 00:00:00+00:00, run_after=2026-05-21 00:00:00+00:00
[2026-05-21T10:13:32.119+0000] {processor.py:208} INFO - Processing /opt/airflow/dags/product_processing.py took 0.384 seconds
[2026-05-21T10:14:02.963+0000] {processor.py:186} INFO - Started process (PID=13162) to work on /opt/airflow/dags/product_processing.py
[2026-05-21T10:14:02.965+0000] {processor.py:914} INFO - Processing file /opt/airflow/dags/product_processing.py for tasks to queue
[2026-05-21T10:14:02.966+0000] {logging_mixin.py:190} INFO - [2026-05-21T10:14:02.965+0000] {dagbag.py:588} INFO - Filling up the DagBag from /opt/airflow/dags/product_processing.py
[2026-05-21T10:14:03.176+0000] {processor.py:925} INFO - DAG(s) 'product_processing' retrieved from /opt/airflow/dags/product_processing.py
[2026-05-21T10:14:03.205+0000] {logging_mixin.py:190} INFO - [2026-05-21T10:14:03.205+0000] {dag.py:3239} INFO - Sync 1 DAGs
[2026-05-21T10:14:03.224+0000] {logging_mixin.py:190} INFO - [2026-05-21T10:14:03.224+0000] {dag.py:4180} INFO - Setting next_dagrun for product_processing to 2026-05-20 00:00:00+00:00, run_after=2026-05-21 00:00:00+00:00
[2026-05-21T10:14:03.238+0000] {processor.py:208} INFO - Processing /opt/airflow/dags/product_processing.py took 0.280 seconds
[2026-05-21T10:14:34.136+0000] {processor.py:186} INFO - Started process (PID=13178) to work on /opt/airflow/dags/product_processing.py
[2026-05-21T10:14:34.138+0000] {processor.py:914} INFO - Processing file /opt/airflow/dags/product_processing.py for tasks to queue
[2026-05-21T10:14:34.140+0000] {logging_mixin.py:190} INFO - [2026-05-21T10:14:34.139+0000] {dagbag.py:588} INFO - Filling up the DagBag from /opt/airflow/dags/product_processing.py
[2026-05-21T10:14:34.341+0000] {processor.py:925} INFO - DAG(s) 'product_processing' retrieved from /opt/airflow/dags/product_processing.py
[2026-05-21T10:14:34.362+0000] {logging_mixin.py:190} INFO - [2026-05-21T10:14:34.362+0000] {dag.py:3239} INFO - Sync 1 DAGs
[2026-05-21T10:14:34.381+0000] {logging_mixin.py:190} INFO - [2026-05-21T10:14:34.381+0000] {dag.py:4180} INFO - Setting next_dagrun for product_processing to 2026-05-20 00:00:00+00:00, run_after=2026-05-21 00:00:00+00:00
[2026-05-21T10:14:34.396+0000] {processor.py:208} INFO - Processing /opt/airflow/dags/product_processing.py took 0.266 seconds
[2026-05-21T10:15:04.787+0000] {processor.py:186} INFO - Started process (PID=13194) to work on /opt/airflow/dags/product_processing.py
[2026-05-21T10:15:04.788+0000] {processor.py:914} INFO - Processing file /opt/airflow/dags/product_processing.py for tasks to queue
[2026-05-21T10:15:04.789+0000] {logging_mixin.py:190} INFO - [2026-05-21T10:15:04.789+0000] {dagbag.py:588} INFO - Filling up the DagBag from /opt/airflow/dags/product_processing.py
[2026-05-21T10:15:05.004+0000] {processor.py:925} INFO - DAG(s) 'product_processing' retrieved from /opt/airflow/dags/product_processing.py
[2026-05-21T10:15:05.023+0000] {logging_mixin.py:190} INFO - [2026-05-21T10:15:05.023+0000] {dag.py:3239} INFO - Sync 1 DAGs
[2026-05-21T10:15:05.040+0000] {logging_mixin.py:190} INFO - [2026-05-21T10:15:05.040+0000] {dag.py:4180} INFO - Setting next_dagrun for product_processing to 2026-05-20 00:00:00+00:00, run_after=2026-05-21 00:00:00+00:00
[2026-05-21T10:15:05.053+0000] {processor.py:208} INFO - Processing /opt/airflow/dags/product_processing.py took 0.274 seconds
[2026-05-21T10:15:35.875+0000] {processor.py:186} INFO - Started process (PID=13210) to work on /opt/airflow/dags/product_processing.py
[2026-05-21T10:15:35.876+0000] {processor.py:914} INFO - Processing file /opt/airflow/dags/product_processing.py for tasks to queue
[2026-05-21T10:15:35.877+0000] {logging_mixin.py:190} INFO - [2026-05-21T10:15:35.876+0000] {dagbag.py:588} INFO - Filling up the DagBag from /opt/airflow/dags/product_processing.py
[2026-05-21T10:15:36.084+0000] {processor.py:925} INFO - DAG(s) 'product_processing' retrieved from /opt/airflow/dags/product_processing.py
[2026-05-21T10:15:36.101+0000] {logging_mixin.py:190} INFO - [2026-05-21T10:15:36.101+0000] {dag.py:3239} INFO - Sync 1 DAGs
[2026-05-21T10:15:36.119+0000] {logging_mixin.py:190} INFO - [2026-05-21T10:15:36.118+0000] {dag.py:4180} INFO - Setting next_dagrun for product_processing to 2026-05-20 00:00:00+00:00, run_after=2026-05-21 00:00:00+00:00
[2026-05-21T10:15:36.131+0000] {processor.py:208} INFO - Processing /opt/airflow/dags/product_processing.py took 0.260 seconds
[2026-05-21T10:16:06.403+0000] {processor.py:186} INFO - Started process (PID=13226) to work on /opt/airflow/dags/product_processing.py
[2026-05-21T10:16:06.440+0000] {processor.py:914} INFO - Processing file /opt/airflow/dags/product_processing.py for tasks to queue
[2026-05-21T10:16:06.441+0000] {logging_mixin.py:190} INFO - [2026-05-21T10:16:06.441+0000] {dagbag.py:588} INFO - Filling up the DagBag from /opt/airflow/dags/product_processing.py
[2026-05-21T10:16:06.655+0000] {processor.py:925} INFO - DAG(s) 'product_processing' retrieved from /opt/airflow/dags/product_processing.py
[2026-05-21T10:16:06.672+0000] {logging_mixin.py:190} INFO - [2026-05-21T10:16:06.672+0000] {dag.py:3239} INFO - Sync 1 DAGs
[2026-05-21T10:16:06.690+0000] {logging_mixin.py:190} INFO - [2026-05-21T10:16:06.690+0000] {dag.py:4180} INFO - Setting next_dagrun for product_processing to 2026-05-20 00:00:00+00:00, run_after=2026-05-21 00:00:00+00:00
[2026-05-21T10:16:06.702+0000] {processor.py:208} INFO - Processing /opt/airflow/dags/product_processing.py took 0.307 seconds
[2026-05-21T10:16:36.766+0000] {processor.py:186} INFO - Started process (PID=13242) to work on /opt/airflow/dags/product_processing.py
[2026-05-21T10:16:36.766+0000] {processor.py:914} INFO - Processing file /opt/airflow/dags/product_processing.py for tasks to queue
[2026-05-21T10:16:36.767+0000] {logging_mixin.py:190} INFO - [2026-05-21T10:16:36.767+0000] {dagbag.py:588} INFO - Filling up the DagBag from /opt/airflow/dags/product_processing.py
[2026-05-21T10:16:36.960+0000] {processor.py:925} INFO - DAG(s) 'product_processing' retrieved from /opt/airflow/dags/product_processing.py
[2026-05-21T10:16:36.979+0000] {logging_mixin.py:190} INFO - [2026-05-21T10:16:36.979+0000] {dag.py:3239} INFO - Sync 1 DAGs
[2026-05-21T10:16:36.997+0000] {logging_mixin.py:190} INFO - [2026-05-21T10:16:36.997+0000] {dag.py:4180} INFO - Setting next_dagrun for product_processing to 2026-05-20 00:00:00+00:00, run_after=2026-05-21 00:00:00+00:00
[2026-05-21T10:16:37.011+0000] {processor.py:208} INFO - Processing /opt/airflow/dags/product_processing.py took 0.249 seconds
[2026-05-21T10:17:07.093+0000] {processor.py:186} INFO - Started process (PID=13258) to work on /opt/airflow/dags/product_processing.py
[2026-05-21T10:17:07.094+0000] {processor.py:914} INFO - Processing file /opt/airflow/dags/product_processing.py for tasks to queue
[2026-05-21T10:17:07.095+0000] {logging_mixin.py:190} INFO - [2026-05-21T10:17:07.095+0000] {dagbag.py:588} INFO - Filling up the DagBag from /opt/airflow/dags/product_processing.py
[2026-05-21T10:17:07.292+0000] {processor.py:925} INFO - DAG(s) 'product_processing' retrieved from /opt/airflow/dags/product_processing.py
[2026-05-21T10:17:07.311+0000] {logging_mixin.py:190} INFO - [2026-05-21T10:17:07.311+0000] {dag.py:3239} INFO - Sync 1 DAGs
[2026-05-21T10:17:07.330+0000] {logging_mixin.py:190} INFO - [2026-05-21T10:17:07.329+0000] {dag.py:4180} INFO - Setting next_dagrun for product_processing to 2026-05-20 00:00:00+00:00, run_after=2026-05-21 00:00:00+00:00
[2026-05-21T10:17:07.346+0000] {processor.py:208} INFO - Processing /opt/airflow/dags/product_processing.py took 0.260 seconds
[2026-05-21T10:17:37.800+0000] {processor.py:186} INFO - Started process (PID=13275) to work on /opt/airflow/dags/product_processing.py
[2026-05-21T10:17:37.801+0000] {processor.py:914} INFO - Processing file /opt/airflow/dags/product_processing.py for tasks to queue
[2026-05-21T10:17:37.803+0000] {logging_mixin.py:190} INFO - [2026-05-21T10:17:37.802+0000] {dagbag.py:588} INFO - Filling up the DagBag from /opt/airflow/dags/product_processing.py
[2026-05-21T10:17:38.009+0000] {processor.py:925} INFO - DAG(s) 'product_processing' retrieved from /opt/airflow/dags/product_processing.py
[2026-05-21T10:17:38.028+0000] {logging_mixin.py:190} INFO - [2026-05-21T10:17:38.027+0000] {dag.py:3239} INFO - Sync 1 DAGs
[2026-05-21T10:17:38.046+0000] {logging_mixin.py:190} INFO - [2026-05-21T10:17:38.045+0000] {dag.py:4180} INFO - Setting next_dagrun for product_processing to 2026-05-20 00:00:00+00:00, run_after=2026-05-21 00:00:00+00:00
[2026-05-21T10:17:38.058+0000] {processor.py:208} INFO - Processing /opt/airflow/dags/product_processing.py took 0.264 seconds
[2026-05-21T10:18:08.483+0000] {processor.py:186} INFO - Started process (PID=13291) to work on /opt/airflow/dags/product_processing.py
[2026-05-21T10:18:08.483+0000] {processor.py:914} INFO - Processing file /opt/airflow/dags/product_processing.py for tasks to queue
[2026-05-21T10:18:08.484+0000] {logging_mixin.py:190} INFO - [2026-05-21T10:18:08.484+0000] {dagbag.py:588} INFO - Filling up the DagBag from /opt/airflow/dags/product_processing.py
[2026-05-21T10:18:08.681+0000] {processor.py:925} INFO - DAG(s) 'product_processing' retrieved from /opt/airflow/dags/product_processing.py
[2026-05-21T10:18:08.700+0000] {logging_mixin.py:190} INFO - [2026-05-21T10:18:08.700+0000] {dag.py:3239} INFO - Sync 1 DAGs
[2026-05-21T10:18:08.717+0000] {logging_mixin.py:190} INFO - [2026-05-21T10:18:08.717+0000] {dag.py:4180} INFO - Setting next_dagrun for product_processing to 2026-05-20 00:00:00+00:00, run_after=2026-05-21 00:00:00+00:00
[2026-05-21T10:18:08.730+0000] {processor.py:208} INFO - Processing /opt/airflow/dags/product_processing.py took 0.252 seconds
[2026-05-21T10:18:39.148+0000] {processor.py:186} INFO - Started process (PID=13307) to work on /opt/airflow/dags/product_processing.py
[2026-05-21T10:18:39.151+0000] {processor.py:914} INFO - Processing file /opt/airflow/dags/product_processing.py for tasks to queue
[2026-05-21T10:18:39.153+0000] {logging_mixin.py:190} INFO - [2026-05-21T10:18:39.152+0000] {dagbag.py:588} INFO - Filling up the DagBag from /opt/airflow/dags/product_processing.py
[2026-05-21T10:18:39.365+0000] {processor.py:925} INFO - DAG(s) 'product_processing' retrieved from /opt/airflow/dags/product_processing.py
[2026-05-21T10:18:39.384+0000] {logging_mixin.py:190} INFO - [2026-05-21T10:18:39.383+0000] {dag.py:3239} INFO - Sync 1 DAGs
[2026-05-21T10:18:39.401+0000] {logging_mixin.py:190} INFO - [2026-05-21T10:18:39.401+0000] {dag.py:4180} INFO - Setting next_dagrun for product_processing to 2026-05-20 00:00:00+00:00, run_after=2026-05-21 00:00:00+00:00
[2026-05-21T10:18:39.414+0000] {processor.py:208} INFO - Processing /opt/airflow/dags/product_processing.py took 0.274 seconds
[2026-05-21T10:19:09.765+0000] {processor.py:186} INFO - Started process (PID=13323) to work on /opt/airflow/dags/product_processing.py
[2026-05-21T10:19:09.766+0000] {processor.py:914} INFO - Processing file /opt/airflow/dags/product_processing.py for tasks to queue
[2026-05-21T10:19:09.768+0000] {logging_mixin.py:190} INFO - [2026-05-21T10:19:09.766+0000] {dagbag.py:588} INFO - Filling up the DagBag from /opt/airflow/dags/product_processing.py
[2026-05-21T10:19:09.969+0000] {processor.py:925} INFO - DAG(s) 'product_processing' retrieved from /opt/airflow/dags/product_processing.py
[2026-05-21T10:19:09.989+0000] {logging_mixin.py:190} INFO - [2026-05-21T10:19:09.989+0000] {dag.py:3239} INFO - Sync 1 DAGs
[2026-05-21T10:19:10.008+0000] {logging_mixin.py:190} INFO - [2026-05-21T10:19:10.008+0000] {dag.py:4180} INFO - Setting next_dagrun for product_processing to 2026-05-20 00:00:00+00:00, run_after=2026-05-21 00:00:00+00:00
[2026-05-21T10:19:10.022+0000] {processor.py:208} INFO - Processing /opt/airflow/dags/product_processing.py took 0.262 seconds
[2026-05-21T10:19:40.387+0000] {processor.py:186} INFO - Started process (PID=13339) to work on /opt/airflow/dags/product_processing.py
[2026-05-21T10:19:40.390+0000] {processor.py:914} INFO - Processing file /opt/airflow/dags/product_processing.py for tasks to queue
[2026-05-21T10:19:40.391+0000] {logging_mixin.py:190} INFO - [2026-05-21T10:19:40.390+0000] {dagbag.py:588} INFO - Filling up the DagBag from /opt/airflow/dags/product_processing.py
[2026-05-21T10:19:40.626+0000] {processor.py:925} INFO - DAG(s) 'product_processing' retrieved from /opt/airflow/dags/product_processing.py
[2026-05-21T10:19:40.644+0000] {logging_mixin.py:190} INFO - [2026-05-21T10:19:40.644+0000] {dag.py:3239} INFO - Sync 1 DAGs
[2026-05-21T10:19:40.668+0000] {logging_mixin.py:190} INFO - [2026-05-21T10:19:40.668+0000] {dag.py:4180} INFO - Setting next_dagrun for product_processing to 2026-05-20 00:00:00+00:00, run_after=2026-05-21 00:00:00+00:00
[2026-05-21T10:19:40.682+0000] {processor.py:208} INFO - Processing /opt/airflow/dags/product_processing.py took 0.301 seconds
[2026-05-21T10:20:11.139+0000] {processor.py:186} INFO - Started process (PID=13355) to work on /opt/airflow/dags/product_processing.py
[2026-05-21T10:20:11.140+0000] {processor.py:914} INFO - Processing file /opt/airflow/dags/product_processing.py for tasks to queue
[2026-05-21T10:20:11.141+0000] {logging_mixin.py:190} INFO - [2026-05-21T10:20:11.141+0000] {dagbag.py:588} INFO - Filling up the DagBag from /opt/airflow/dags/product_processing.py
[2026-05-21T10:20:11.338+0000] {processor.py:925} INFO - DAG(s) 'product_processing' retrieved from /opt/airflow/dags/product_processing.py
[2026-05-21T10:20:11.358+0000] {logging_mixin.py:190} INFO - [2026-05-21T10:20:11.358+0000] {dag.py:3239} INFO - Sync 1 DAGs
[2026-05-21T10:20:11.375+0000] {logging_mixin.py:190} INFO - [2026-05-21T10:20:11.375+0000] {dag.py:4180} INFO - Setting next_dagrun for product_processing to 2026-05-20 00:00:00+00:00, run_after=2026-05-21 00:00:00+00:00
[2026-05-21T10:20:11.388+0000] {processor.py:208} INFO - Processing /opt/airflow/dags/product_processing.py took 0.258 seconds
[2026-05-21T10:20:41.755+0000] {processor.py:186} INFO - Started process (PID=13371) to work on /opt/airflow/dags/product_processing.py
[2026-05-21T10:20:41.763+0000] {processor.py:914} INFO - Processing file /opt/airflow/dags/product_processing.py for tasks to queue
[2026-05-21T10:20:41.764+0000] {logging_mixin.py:190} INFO - [2026-05-21T10:20:41.764+0000] {dagbag.py:588} INFO - Filling up the DagBag from /opt/airflow/dags/product_processing.py
[2026-05-21T10:20:41.959+0000] {processor.py:925} INFO - DAG(s) 'product_processing' retrieved from /opt/airflow/dags/product_processing.py
[2026-05-21T10:20:41.977+0000] {logging_mixin.py:190} INFO - [2026-05-21T10:20:41.977+0000] {dag.py:3239} INFO - Sync 1 DAGs
[2026-05-21T10:20:41.995+0000] {logging_mixin.py:190} INFO - [2026-05-21T10:20:41.995+0000] {dag.py:4180} INFO - Setting next_dagrun for product_processing to 2026-05-20 00:00:00+00:00, run_after=2026-05-21 00:00:00+00:00
[2026-05-21T10:20:42.008+0000] {processor.py:208} INFO - Processing /opt/airflow/dags/product_processing.py took 0.257 seconds
[2026-05-21T10:21:12.485+0000] {processor.py:186} INFO - Started process (PID=13386) to work on /opt/airflow/dags/product_processing.py
[2026-05-21T10:21:12.485+0000] {processor.py:914} INFO - Processing file /opt/airflow/dags/product_processing.py for tasks to queue
[2026-05-21T10:21:12.486+0000] {logging_mixin.py:190} INFO - [2026-05-21T10:21:12.486+0000] {dagbag.py:588} INFO - Filling up the DagBag from /opt/airflow/dags/product_processing.py
[2026-05-21T10:21:12.681+0000] {processor.py:925} INFO - DAG(s) 'product_processing' retrieved from /opt/airflow/dags/product_processing.py
[2026-05-21T10:21:12.700+0000] {logging_mixin.py:190} INFO - [2026-05-21T10:21:12.700+0000] {dag.py:3239} INFO - Sync 1 DAGs
[2026-05-21T10:21:12.718+0000] {logging_mixin.py:190} INFO - [2026-05-21T10:21:12.717+0000] {dag.py:4180} INFO - Setting next_dagrun for product_processing to 2026-05-20 00:00:00+00:00, run_after=2026-05-21 00:00:00+00:00
[2026-05-21T10:21:12.732+0000] {processor.py:208} INFO - Processing /opt/airflow/dags/product_processing.py took 0.252 seconds
[2026-05-21T10:21:43.156+0000] {processor.py:186} INFO - Started process (PID=13402) to work on /opt/airflow/dags/product_processing.py
[2026-05-21T10:21:43.156+0000] {processor.py:914} INFO - Processing file /opt/airflow/dags/product_processing.py for tasks to queue
[2026-05-21T10:21:43.157+0000] {logging_mixin.py:190} INFO - [2026-05-21T10:21:43.157+0000] {dagbag.py:588} INFO - Filling up the DagBag from /opt/airflow/dags/product_processing.py
[2026-05-21T10:21:43.356+0000] {processor.py:925} INFO - DAG(s) 'product_processing' retrieved from /opt/airflow/dags/product_processing.py
[2026-05-21T10:21:43.375+0000] {logging_mixin.py:190} INFO - [2026-05-21T10:21:43.374+0000] {dag.py:3239} INFO - Sync 1 DAGs
[2026-05-21T10:21:43.394+0000] {logging_mixin.py:190} INFO - [2026-05-21T10:21:43.394+0000] {dag.py:4180} INFO - Setting next_dagrun for product_processing to 2026-05-20 00:00:00+00:00, run_after=2026-05-21 00:00:00+00:00
[2026-05-21T10:21:43.407+0000] {processor.py:208} INFO - Processing /opt/airflow/dags/product_processing.py took 0.255 seconds
[2026-05-21T10:22:13.803+0000] {processor.py:186} INFO - Started process (PID=13418) to work on /opt/airflow/dags/product_processing.py
[2026-05-21T10:22:13.804+0000] {processor.py:914} INFO - Processing file /opt/airflow/dags/product_processing.py for tasks to queue
[2026-05-21T10:22:13.807+0000] {logging_mixin.py:190} INFO - [2026-05-21T10:22:13.806+0000] {dagbag.py:588} INFO - Filling up the DagBag from /opt/airflow/dags/product_processing.py
[2026-05-21T10:22:14.015+0000] {processor.py:925} INFO - DAG(s) 'product_processing' retrieved from /opt/airflow/dags/product_processing.py
[2026-05-21T10:22:14.034+0000] {logging_mixin.py:190} INFO - [2026-05-21T10:22:14.033+0000] {dag.py:3239} INFO - Sync 1 DAGs
[2026-05-21T10:22:14.053+0000] {logging_mixin.py:190} INFO - [2026-05-21T10:22:14.053+0000] {dag.py:4180} INFO - Setting next_dagrun for product_processing to 2026-05-20 00:00:00+00:00, run_after=2026-05-21 00:00:00+00:00
[2026-05-21T10:22:14.066+0000] {processor.py:208} INFO - Processing /opt/airflow/dags/product_processing.py took 0.268 seconds
[2026-05-21T10:22:44.460+0000] {processor.py:186} INFO - Started process (PID=13434) to work on /opt/airflow/dags/product_processing.py
[2026-05-21T10:22:44.461+0000] {processor.py:914} INFO - Processing file /opt/airflow/dags/product_processing.py for tasks to queue
[2026-05-21T10:22:44.461+0000] {logging_mixin.py:190} INFO - [2026-05-21T10:22:44.461+0000] {dagbag.py:588} INFO - Filling up the DagBag from /opt/airflow/dags/product_processing.py
[2026-05-21T10:22:44.658+0000] {processor.py:925} INFO - DAG(s) 'product_processing' retrieved from /opt/airflow/dags/product_processing.py
[2026-05-21T10:22:44.677+0000] {logging_mixin.py:190} INFO - [2026-05-21T10:22:44.677+0000] {dag.py:3239} INFO - Sync 1 DAGs
[2026-05-21T10:22:44.694+0000] {logging_mixin.py:190} INFO - [2026-05-21T10:22:44.694+0000] {dag.py:4180} INFO - Setting next_dagrun for product_processing to 2026-05-20 00:00:00+00:00, run_after=2026-05-21 00:00:00+00:00
[2026-05-21T10:22:44.708+0000] {processor.py:208} INFO - Processing /opt/airflow/dags/product_processing.py took 0.252 seconds
[2026-05-21T10:23:15.095+0000] {processor.py:186} INFO - Started process (PID=13450) to work on /opt/airflow/dags/product_processing.py
[2026-05-21T10:23:15.096+0000] {processor.py:914} INFO - Processing file /opt/airflow/dags/product_processing.py for tasks to queue
[2026-05-21T10:23:15.097+0000] {logging_mixin.py:190} INFO - [2026-05-21T10:23:15.097+0000] {dagbag.py:588} INFO - Filling up the DagBag from /opt/airflow/dags/product_processing.py
[2026-05-21T10:23:15.295+0000] {processor.py:925} INFO - DAG(s) 'product_processing' retrieved from /opt/airflow/dags/product_processing.py
[2026-05-21T10:23:15.314+0000] {logging_mixin.py:190} INFO - [2026-05-21T10:23:15.314+0000] {dag.py:3239} INFO - Sync 1 DAGs
[2026-05-21T10:23:15.331+0000] {logging_mixin.py:190} INFO - [2026-05-21T10:23:15.330+0000] {dag.py:4180} INFO - Setting next_dagrun for product_processing to 2026-05-20 00:00:00+00:00, run_after=2026-05-21 00:00:00+00:00
[2026-05-21T10:23:15.345+0000] {processor.py:208} INFO - Processing /opt/airflow/dags/product_processing.py took 0.254 seconds
[2026-05-21T10:23:45.707+0000] {processor.py:186} INFO - Started process (PID=13466) to work on /opt/airflow/dags/product_processing.py
[2026-05-21T10:23:45.710+0000] {processor.py:914} INFO - Processing file /opt/airflow/dags/product_processing.py for tasks to queue
[2026-05-21T10:23:45.711+0000] {logging_mixin.py:190} INFO - [2026-05-21T10:23:45.711+0000] {dagbag.py:588} INFO - Filling up the DagBag from /opt/airflow/dags/product_processing.py
[2026-05-21T10:23:45.907+0000] {processor.py:925} INFO - DAG(s) 'product_processing' retrieved from /opt/airflow/dags/product_processing.py
[2026-05-21T10:23:45.926+0000] {logging_mixin.py:190} INFO - [2026-05-21T10:23:45.926+0000] {dag.py:3239} INFO - Sync 1 DAGs
[2026-05-21T10:23:45.945+0000] {logging_mixin.py:190} INFO - [2026-05-21T10:23:45.944+0000] {dag.py:4180} INFO - Setting next_dagrun for product_processing to 2026-05-20 00:00:00+00:00, run_after=2026-05-21 00:00:00+00:00
[2026-05-21T10:23:45.958+0000] {processor.py:208} INFO - Processing /opt/airflow/dags/product_processing.py took 0.257 seconds
[2026-05-21T10:24:16.342+0000] {processor.py:186} INFO - Started process (PID=13481) to work on /opt/airflow/dags/product_processing.py
[2026-05-21T10:24:16.342+0000] {processor.py:914} INFO - Processing file /opt/airflow/dags/product_processing.py for tasks to queue
[2026-05-21T10:24:16.343+0000] {logging_mixin.py:190} INFO - [2026-05-21T10:24:16.343+0000] {dagbag.py:588} INFO - Filling up the DagBag from /opt/airflow/dags/product_processing.py
[2026-05-21T10:24:16.536+0000] {processor.py:925} INFO - DAG(s) 'product_processing' retrieved from /opt/airflow/dags/product_processing.py
[2026-05-21T10:24:16.556+0000] {logging_mixin.py:190} INFO - [2026-05-21T10:24:16.556+0000] {dag.py:3239} INFO - Sync 1 DAGs
[2026-05-21T10:24:16.573+0000] {logging_mixin.py:190} INFO - [2026-05-21T10:24:16.573+0000] {dag.py:4180} INFO - Setting next_dagrun for product_processing to 2026-05-20 00:00:00+00:00, run_after=2026-05-21 00:00:00+00:00
[2026-05-21T10:24:16.587+0000] {processor.py:208} INFO - Processing /opt/airflow/dags/product_processing.py took 0.250 seconds
[2026-05-21T10:24:46.976+0000] {processor.py:186} INFO - Started process (PID=13498) to work on /opt/airflow/dags/product_processing.py
[2026-05-21T10:24:46.977+0000] {processor.py:914} INFO - Processing file /opt/airflow/dags/product_processing.py for tasks to queue
[2026-05-21T10:24:46.978+0000] {logging_mixin.py:190} INFO - [2026-05-21T10:24:46.977+0000] {dagbag.py:588} INFO - Filling up the DagBag from /opt/airflow/dags/product_processing.py
[2026-05-21T10:24:47.170+0000] {processor.py:925} INFO - DAG(s) 'product_processing' retrieved from /opt/airflow/dags/product_processing.py
[2026-05-21T10:24:47.188+0000] {logging_mixin.py:190} INFO - [2026-05-21T10:24:47.188+0000] {dag.py:3239} INFO - Sync 1 DAGs
[2026-05-21T10:24:47.206+0000] {logging_mixin.py:190} INFO - [2026-05-21T10:24:47.206+0000] {dag.py:4180} INFO - Setting next_dagrun for product_processing to 2026-05-20 00:00:00+00:00, run_after=2026-05-21 00:00:00+00:00
[2026-05-21T10:24:47.219+0000] {processor.py:208} INFO - Processing /opt/airflow/dags/product_processing.py took 0.247 seconds
[2026-05-21T10:25:17.704+0000] {processor.py:186} INFO - Started process (PID=13515) to work on /opt/airflow/dags/product_processing.py
[2026-05-21T10:25:17.708+0000] {processor.py:914} INFO - Processing file /opt/airflow/dags/product_processing.py for tasks to queue
[2026-05-21T10:25:17.709+0000] {logging_mixin.py:190} INFO - [2026-05-21T10:25:17.709+0000] {dagbag.py:588} INFO - Filling up the DagBag from /opt/airflow/dags/product_processing.py
[2026-05-21T10:25:17.978+0000] {processor.py:925} INFO - DAG(s) 'product_processing' retrieved from /opt/airflow/dags/product_processing.py
[2026-05-21T10:25:17.994+0000] {logging_mixin.py:190} INFO - [2026-05-21T10:25:17.994+0000] {dag.py:3239} INFO - Sync 1 DAGs
[2026-05-21T10:25:18.011+0000] {logging_mixin.py:190} INFO - [2026-05-21T10:25:18.011+0000] {dag.py:4180} INFO - Setting next_dagrun for product_processing to 2026-05-20 00:00:00+00:00, run_after=2026-05-21 00:00:00+00:00
[2026-05-21T10:25:18.029+0000] {processor.py:208} INFO - Processing /opt/airflow/dags/product_processing.py took 0.334 seconds
[2026-05-21T10:25:48.063+0000] {processor.py:186} INFO - Started process (PID=13532) to work on /opt/airflow/dags/product_processing.py
[2026-05-21T10:25:48.064+0000] {processor.py:914} INFO - Processing file /opt/airflow/dags/product_processing.py for tasks to queue
[2026-05-21T10:25:48.065+0000] {logging_mixin.py:190} INFO - [2026-05-21T10:25:48.065+0000] {dagbag.py:588} INFO - Filling up the DagBag from /opt/airflow/dags/product_processing.py
[2026-05-21T10:25:48.270+0000] {processor.py:925} INFO - DAG(s) 'product_processing' retrieved from /opt/airflow/dags/product_processing.py
[2026-05-21T10:25:48.290+0000] {logging_mixin.py:190} INFO - [2026-05-21T10:25:48.289+0000] {dag.py:3239} INFO - Sync 1 DAGs
[2026-05-21T10:25:48.309+0000] {logging_mixin.py:190} INFO - [2026-05-21T10:25:48.309+0000] {dag.py:4180} INFO - Setting next_dagrun for product_processing to 2026-05-20 00:00:00+00:00, run_after=2026-05-21 00:00:00+00:00
[2026-05-21T10:25:48.323+0000] {processor.py:208} INFO - Processing /opt/airflow/dags/product_processing.py took 0.264 seconds
[2026-05-21T10:26:18.594+0000] {processor.py:186} INFO - Started process (PID=13548) to work on /opt/airflow/dags/product_processing.py
[2026-05-21T10:26:18.595+0000] {processor.py:914} INFO - Processing file /opt/airflow/dags/product_processing.py for tasks to queue
[2026-05-21T10:26:18.596+0000] {logging_mixin.py:190} INFO - [2026-05-21T10:26:18.596+0000] {dagbag.py:588} INFO - Filling up the DagBag from /opt/airflow/dags/product_processing.py
[2026-05-21T10:26:18.794+0000] {processor.py:925} INFO - DAG(s) 'product_processing' retrieved from /opt/airflow/dags/product_processing.py
[2026-05-21T10:26:18.816+0000] {logging_mixin.py:190} INFO - [2026-05-21T10:26:18.816+0000] {dag.py:3239} INFO - Sync 1 DAGs
[2026-05-21T10:26:18.834+0000] {logging_mixin.py:190} INFO - [2026-05-21T10:26:18.834+0000] {dag.py:4180} INFO - Setting next_dagrun for product_processing to 2026-05-20 00:00:00+00:00, run_after=2026-05-21 00:00:00+00:00
[2026-05-21T10:26:18.846+0000] {processor.py:208} INFO - Processing /opt/airflow/dags/product_processing.py took 0.256 seconds
[2026-05-21T10:26:49.756+0000] {processor.py:186} INFO - Started process (PID=13564) to work on /opt/airflow/dags/product_processing.py
[2026-05-21T10:26:49.757+0000] {processor.py:914} INFO - Processing file /opt/airflow/dags/product_processing.py for tasks to queue
[2026-05-21T10:26:49.758+0000] {logging_mixin.py:190} INFO - [2026-05-21T10:26:49.758+0000] {dagbag.py:588} INFO - Filling up the DagBag from /opt/airflow/dags/product_processing.py
[2026-05-21T10:26:49.952+0000] {processor.py:925} INFO - DAG(s) 'product_processing' retrieved from /opt/airflow/dags/product_processing.py
[2026-05-21T10:26:49.970+0000] {logging_mixin.py:190} INFO - [2026-05-21T10:26:49.970+0000] {dag.py:3239} INFO - Sync 1 DAGs
[2026-05-21T10:26:49.988+0000] {logging_mixin.py:190} INFO - [2026-05-21T10:26:49.988+0000] {dag.py:4180} INFO - Setting next_dagrun for product_processing to 2026-05-20 00:00:00+00:00, run_after=2026-05-21 00:00:00+00:00
[2026-05-21T10:26:50.001+0000] {processor.py:208} INFO - Processing /opt/airflow/dags/product_processing.py took 0.249 seconds
[2026-05-21T10:27:20.862+0000] {processor.py:186} INFO - Started process (PID=13580) to work on /opt/airflow/dags/product_processing.py
[2026-05-21T10:27:20.863+0000] {processor.py:914} INFO - Processing file /opt/airflow/dags/product_processing.py for tasks to queue
[2026-05-21T10:27:20.864+0000] {logging_mixin.py:190} INFO - [2026-05-21T10:27:20.864+0000] {dagbag.py:588} INFO - Filling up the DagBag from /opt/airflow/dags/product_processing.py
[2026-05-21T10:27:21.058+0000] {processor.py:925} INFO - DAG(s) 'product_processing' retrieved from /opt/airflow/dags/product_processing.py
[2026-05-21T10:27:21.079+0000] {logging_mixin.py:190} INFO - [2026-05-21T10:27:21.079+0000] {dag.py:3239} INFO - Sync 1 DAGs
[2026-05-21T10:27:21.097+0000] {logging_mixin.py:190} INFO - [2026-05-21T10:27:21.096+0000] {dag.py:4180} INFO - Setting next_dagrun for product_processing to 2026-05-20 00:00:00+00:00, run_after=2026-05-21 00:00:00+00:00
[2026-05-21T10:27:21.111+0000] {processor.py:208} INFO - Processing /opt/airflow/dags/product_processing.py took 0.253 seconds
[2026-05-21T10:27:51.263+0000] {processor.py:186} INFO - Started process (PID=13597) to work on /opt/airflow/dags/product_processing.py
[2026-05-21T10:27:51.264+0000] {processor.py:914} INFO - Processing file /opt/airflow/dags/product_processing.py for tasks to queue
[2026-05-21T10:27:51.264+0000] {logging_mixin.py:190} INFO - [2026-05-21T10:27:51.264+0000] {dagbag.py:588} INFO - Filling up the DagBag from /opt/airflow/dags/product_processing.py
[2026-05-21T10:27:51.455+0000] {processor.py:925} INFO - DAG(s) 'product_processing' retrieved from /opt/airflow/dags/product_processing.py
[2026-05-21T10:27:51.475+0000] {logging_mixin.py:190} INFO - [2026-05-21T10:27:51.474+0000] {dag.py:3239} INFO - Sync 1 DAGs
[2026-05-21T10:27:51.493+0000] {logging_mixin.py:190} INFO - [2026-05-21T10:27:51.493+0000] {dag.py:4180} INFO - Setting next_dagrun for product_processing to 2026-05-20 00:00:00+00:00, run_after=2026-05-21 00:00:00+00:00
[2026-05-21T10:27:51.506+0000] {processor.py:208} INFO - Processing /opt/airflow/dags/product_processing.py took 0.247 seconds
[2026-05-21T10:28:22.171+0000] {processor.py:186} INFO - Started process (PID=13613) to work on /opt/airflow/dags/product_processing.py
[2026-05-21T10:28:22.172+0000] {processor.py:914} INFO - Processing file /opt/airflow/dags/product_processing.py for tasks to queue
[2026-05-21T10:28:22.174+0000] {logging_mixin.py:190} INFO - [2026-05-21T10:28:22.173+0000] {dagbag.py:588} INFO - Filling up the DagBag from /opt/airflow/dags/product_processing.py
[2026-05-21T10:28:22.383+0000] {processor.py:925} INFO - DAG(s) 'product_processing' retrieved from /opt/airflow/dags/product_processing.py
[2026-05-21T10:28:22.404+0000] {logging_mixin.py:190} INFO - [2026-05-21T10:28:22.404+0000] {dag.py:3239} INFO - Sync 1 DAGs
[2026-05-21T10:28:22.422+0000] {logging_mixin.py:190} INFO - [2026-05-21T10:28:22.421+0000] {dag.py:4180} INFO - Setting next_dagrun for product_processing to 2026-05-20 00:00:00+00:00, run_after=2026-05-21 00:00:00+00:00
[2026-05-21T10:28:22.436+0000] {processor.py:208} INFO - Processing /opt/airflow/dags/product_processing.py took 0.274 seconds
[2026-05-21T10:28:52.796+0000] {processor.py:186} INFO - Started process (PID=13629) to work on /opt/airflow/dags/product_processing.py
[2026-05-21T10:28:52.798+0000] {processor.py:914} INFO - Processing file /opt/airflow/dags/product_processing.py for tasks to queue
[2026-05-21T10:28:52.799+0000] {logging_mixin.py:190} INFO - [2026-05-21T10:28:52.799+0000] {dagbag.py:588} INFO - Filling up the DagBag from /opt/airflow/dags/product_processing.py
[2026-05-21T10:28:53.002+0000] {processor.py:925} INFO - DAG(s) 'product_processing' retrieved from /opt/airflow/dags/product_processing.py
[2026-05-21T10:28:53.023+0000] {logging_mixin.py:190} INFO - [2026-05-21T10:28:53.023+0000] {dag.py:3239} INFO - Sync 1 DAGs
[2026-05-21T10:28:53.040+0000] {logging_mixin.py:190} INFO - [2026-05-21T10:28:53.040+0000] {dag.py:4180} INFO - Setting next_dagrun for product_processing to 2026-05-20 00:00:00+00:00, run_after=2026-05-21 00:00:00+00:00
[2026-05-21T10:28:53.053+0000] {processor.py:208} INFO - Processing /opt/airflow/dags/product_processing.py took 0.261 seconds
[2026-05-21T10:29:23.425+0000] {processor.py:186} INFO - Started process (PID=13645) to work on /opt/airflow/dags/product_processing.py
[2026-05-21T10:29:23.426+0000] {processor.py:914} INFO - Processing file /opt/airflow/dags/product_processing.py for tasks to queue
[2026-05-21T10:29:23.427+0000] {logging_mixin.py:190} INFO - [2026-05-21T10:29:23.427+0000] {dagbag.py:588} INFO - Filling up the DagBag from /opt/airflow/dags/product_processing.py
[2026-05-21T10:29:23.652+0000] {processor.py:925} INFO - DAG(s) 'product_processing' retrieved from /opt/airflow/dags/product_processing.py
[2026-05-21T10:29:23.674+0000] {logging_mixin.py:190} INFO - [2026-05-21T10:29:23.674+0000] {dag.py:3239} INFO - Sync 1 DAGs
[2026-05-21T10:29:23.693+0000] {logging_mixin.py:190} INFO - [2026-05-21T10:29:23.693+0000] {dag.py:4180} INFO - Setting next_dagrun for product_processing to 2026-05-20 00:00:00+00:00, run_after=2026-05-21 00:00:00+00:00
[2026-05-21T10:29:23.728+0000] {processor.py:208} INFO - Processing /opt/airflow/dags/product_processing.py took 0.309 seconds
[2026-05-21T10:29:53.825+0000] {processor.py:186} INFO - Started process (PID=13661) to work on /opt/airflow/dags/product_processing.py
[2026-05-21T10:29:53.827+0000] {processor.py:914} INFO - Processing file /opt/airflow/dags/product_processing.py for tasks to queue
[2026-05-21T10:29:53.828+0000] {logging_mixin.py:190} INFO - [2026-05-21T10:29:53.827+0000] {dagbag.py:588} INFO - Filling up the DagBag from /opt/airflow/dags/product_processing.py
[2026-05-21T10:29:54.060+0000] {processor.py:925} INFO - DAG(s) 'product_processing' retrieved from /opt/airflow/dags/product_processing.py
[2026-05-21T10:29:54.087+0000] {logging_mixin.py:190} INFO - [2026-05-21T10:29:54.087+0000] {dag.py:3239} INFO - Sync 1 DAGs
[2026-05-21T10:29:54.109+0000] {logging_mixin.py:190} INFO - [2026-05-21T10:29:54.109+0000] {dag.py:4180} INFO - Setting next_dagrun for product_processing to 2026-05-20 00:00:00+00:00, run_after=2026-05-21 00:00:00+00:00
[2026-05-21T10:29:54.125+0000] {processor.py:208} INFO - Processing /opt/airflow/dags/product_processing.py took 0.305 seconds
[2026-05-21T10:30:24.420+0000] {processor.py:186} INFO - Started process (PID=13677) to work on /opt/airflow/dags/product_processing.py
[2026-05-21T10:30:24.421+0000] {processor.py:914} INFO - Processing file /opt/airflow/dags/product_processing.py for tasks to queue
[2026-05-21T10:30:24.423+0000] {logging_mixin.py:190} INFO - [2026-05-21T10:30:24.422+0000] {dagbag.py:588} INFO - Filling up the DagBag from /opt/airflow/dags/product_processing.py
[2026-05-21T10:30:24.638+0000] {processor.py:925} INFO - DAG(s) 'product_processing' retrieved from /opt/airflow/dags/product_processing.py
[2026-05-21T10:30:24.662+0000] {logging_mixin.py:190} INFO - [2026-05-21T10:30:24.661+0000] {dag.py:3239} INFO - Sync 1 DAGs
[2026-05-21T10:30:24.683+0000] {logging_mixin.py:190} INFO - [2026-05-21T10:30:24.683+0000] {dag.py:4180} INFO - Setting next_dagrun for product_processing to 2026-05-20 00:00:00+00:00, run_after=2026-05-21 00:00:00+00:00
[2026-05-21T10:30:24.698+0000] {processor.py:208} INFO - Processing /opt/airflow/dags/product_processing.py took 0.284 seconds
[2026-05-21T10:30:55.060+0000] {processor.py:186} INFO - Started process (PID=13693) to work on /opt/airflow/dags/product_processing.py
[2026-05-21T10:30:55.062+0000] {processor.py:914} INFO - Processing file /opt/airflow/dags/product_processing.py for tasks to queue
[2026-05-21T10:30:55.063+0000] {logging_mixin.py:190} INFO - [2026-05-21T10:30:55.063+0000] {dagbag.py:588} INFO - Filling up the DagBag from /opt/airflow/dags/product_processing.py
[2026-05-21T10:30:55.288+0000] {processor.py:925} INFO - DAG(s) 'product_processing' retrieved from /opt/airflow/dags/product_processing.py
[2026-05-21T10:30:55.309+0000] {logging_mixin.py:190} INFO - [2026-05-21T10:30:55.309+0000] {dag.py:3239} INFO - Sync 1 DAGs
[2026-05-21T10:30:55.328+0000] {logging_mixin.py:190} INFO - [2026-05-21T10:30:55.328+0000] {dag.py:4180} INFO - Setting next_dagrun for product_processing to 2026-05-20 00:00:00+00:00, run_after=2026-05-21 00:00:00+00:00
[2026-05-21T10:30:55.342+0000] {processor.py:208} INFO - Processing /opt/airflow/dags/product_processing.py took 0.287 seconds
[2026-05-21T10:31:25.507+0000] {processor.py:186} INFO - Started process (PID=13709) to work on /opt/airflow/dags/product_processing.py
[2026-05-21T10:31:25.507+0000] {processor.py:914} INFO - Processing file /opt/airflow/dags/product_processing.py for tasks to queue
[2026-05-21T10:31:25.508+0000] {logging_mixin.py:190} INFO - [2026-05-21T10:31:25.508+0000] {dagbag.py:588} INFO - Filling up the DagBag from /opt/airflow/dags/product_processing.py
[2026-05-21T10:31:25.710+0000] {processor.py:925} INFO - DAG(s) 'product_processing' retrieved from /opt/airflow/dags/product_processing.py
[2026-05-21T10:31:25.728+0000] {logging_mixin.py:190} INFO - [2026-05-21T10:31:25.728+0000] {dag.py:3239} INFO - Sync 1 DAGs
[2026-05-21T10:31:25.747+0000] {logging_mixin.py:190} INFO - [2026-05-21T10:31:25.746+0000] {dag.py:4180} INFO - Setting next_dagrun for product_processing to 2026-05-20 00:00:00+00:00, run_after=2026-05-21 00:00:00+00:00
[2026-05-21T10:31:25.762+0000] {processor.py:208} INFO - Processing /opt/airflow/dags/product_processing.py took 0.261 seconds
[2026-05-21T10:31:56.093+0000] {processor.py:186} INFO - Started process (PID=13725) to work on /opt/airflow/dags/product_processing.py
[2026-05-21T10:31:56.095+0000] {processor.py:914} INFO - Processing file /opt/airflow/dags/product_processing.py for tasks to queue
[2026-05-21T10:31:56.097+0000] {logging_mixin.py:190} INFO - [2026-05-21T10:31:56.096+0000] {dagbag.py:588} INFO - Filling up the DagBag from /opt/airflow/dags/product_processing.py
[2026-05-21T10:31:56.326+0000] {processor.py:925} INFO - DAG(s) 'product_processing' retrieved from /opt/airflow/dags/product_processing.py
[2026-05-21T10:31:56.353+0000] {logging_mixin.py:190} INFO - [2026-05-21T10:31:56.353+0000] {dag.py:3239} INFO - Sync 1 DAGs
[2026-05-21T10:31:56.373+0000] {logging_mixin.py:190} INFO - [2026-05-21T10:31:56.373+0000] {dag.py:4180} INFO - Setting next_dagrun for product_processing to 2026-05-20 00:00:00+00:00, run_after=2026-05-21 00:00:00+00:00
[2026-05-21T10:31:56.390+0000] {processor.py:208} INFO - Processing /opt/airflow/dags/product_processing.py took 0.301 seconds
[2026-05-21T10:32:27.059+0000] {processor.py:186} INFO - Started process (PID=13740) to work on /opt/airflow/dags/product_processing.py
[2026-05-21T10:32:27.060+0000] {processor.py:914} INFO - Processing file /opt/airflow/dags/product_processing.py for tasks to queue
[2026-05-21T10:32:27.060+0000] {logging_mixin.py:190} INFO - [2026-05-21T10:32:27.060+0000] {dagbag.py:588} INFO - Filling up the DagBag from /opt/airflow/dags/product_processing.py
[2026-05-21T10:32:27.252+0000] {processor.py:925} INFO - DAG(s) 'product_processing' retrieved from /opt/airflow/dags/product_processing.py
[2026-05-21T10:32:27.272+0000] {logging_mixin.py:190} INFO - [2026-05-21T10:32:27.272+0000] {dag.py:3239} INFO - Sync 1 DAGs
[2026-05-21T10:32:27.289+0000] {logging_mixin.py:190} INFO - [2026-05-21T10:32:27.289+0000] {dag.py:4180} INFO - Setting next_dagrun for product_processing to 2026-05-20 00:00:00+00:00, run_after=2026-05-21 00:00:00+00:00
[2026-05-21T10:32:27.302+0000] {processor.py:208} INFO - Processing /opt/airflow/dags/product_processing.py took 0.247 seconds
[2026-05-21T10:32:57.442+0000] {processor.py:186} INFO - Started process (PID=13758) to work on /opt/airflow/dags/product_processing.py
[2026-05-21T10:32:57.444+0000] {processor.py:914} INFO - Processing file /opt/airflow/dags/product_processing.py for tasks to queue
[2026-05-21T10:32:57.446+0000] {logging_mixin.py:190} INFO - [2026-05-21T10:32:57.446+0000] {dagbag.py:588} INFO - Filling up the DagBag from /opt/airflow/dags/product_processing.py
[2026-05-21T10:32:57.706+0000] {processor.py:925} INFO - DAG(s) 'product_processing' retrieved from /opt/airflow/dags/product_processing.py
[2026-05-21T10:32:57.726+0000] {logging_mixin.py:190} INFO - [2026-05-21T10:32:57.725+0000] {dag.py:3239} INFO - Sync 1 DAGs
[2026-05-21T10:32:57.743+0000] {logging_mixin.py:190} INFO - [2026-05-21T10:32:57.743+0000] {dag.py:4180} INFO - Setting next_dagrun for product_processing to 2026-05-20 00:00:00+00:00, run_after=2026-05-21 00:00:00+00:00
[2026-05-21T10:32:57.756+0000] {processor.py:208} INFO - Processing /opt/airflow/dags/product_processing.py took 0.318 seconds
[2026-05-21T10:33:28.098+0000] {processor.py:186} INFO - Started process (PID=13774) to work on /opt/airflow/dags/product_processing.py
[2026-05-21T10:33:28.102+0000] {processor.py:914} INFO - Processing file /opt/airflow/dags/product_processing.py for tasks to queue
[2026-05-21T10:33:28.102+0000] {logging_mixin.py:190} INFO - [2026-05-21T10:33:28.102+0000] {dagbag.py:588} INFO - Filling up the DagBag from /opt/airflow/dags/product_processing.py
[2026-05-21T10:33:28.363+0000] {processor.py:925} INFO - DAG(s) 'product_processing' retrieved from /opt/airflow/dags/product_processing.py
[2026-05-21T10:33:28.383+0000] {logging_mixin.py:190} INFO - [2026-05-21T10:33:28.383+0000] {dag.py:3239} INFO - Sync 1 DAGs
[2026-05-21T10:33:28.403+0000] {logging_mixin.py:190} INFO - [2026-05-21T10:33:28.403+0000] {dag.py:4180} INFO - Setting next_dagrun for product_processing to 2026-05-20 00:00:00+00:00, run_after=2026-05-21 00:00:00+00:00
[2026-05-21T10:33:28.421+0000] {processor.py:208} INFO - Processing /opt/airflow/dags/product_processing.py took 0.333 seconds
[2026-05-21T10:33:58.560+0000] {processor.py:186} INFO - Started process (PID=13790) to work on /opt/airflow/dags/product_processing.py
[2026-05-21T10:33:58.561+0000] {processor.py:914} INFO - Processing file /opt/airflow/dags/product_processing.py for tasks to queue
[2026-05-21T10:33:58.563+0000] {logging_mixin.py:190} INFO - [2026-05-21T10:33:58.563+0000] {dagbag.py:588} INFO - Filling up the DagBag from /opt/airflow/dags/product_processing.py
[2026-05-21T10:33:59.040+0000] {processor.py:925} INFO - DAG(s) 'product_processing' retrieved from /opt/airflow/dags/product_processing.py
[2026-05-21T10:33:59.065+0000] {logging_mixin.py:190} INFO - [2026-05-21T10:33:59.064+0000] {dag.py:3239} INFO - Sync 1 DAGs
[2026-05-21T10:33:59.085+0000] {logging_mixin.py:190} INFO - [2026-05-21T10:33:59.084+0000] {dag.py:4180} INFO - Setting next_dagrun for product_processing to 2026-05-20 00:00:00+00:00, run_after=2026-05-21 00:00:00+00:00
[2026-05-21T10:33:59.098+0000] {processor.py:208} INFO - Processing /opt/airflow/dags/product_processing.py took 0.543 seconds
[2026-05-21T10:34:29.218+0000] {processor.py:186} INFO - Started process (PID=13812) to work on /opt/airflow/dags/product_processing.py
[2026-05-21T10:34:29.219+0000] {processor.py:914} INFO - Processing file /opt/airflow/dags/product_processing.py for tasks to queue
[2026-05-21T10:34:29.225+0000] {logging_mixin.py:190} INFO - [2026-05-21T10:34:29.225+0000] {dagbag.py:588} INFO - Filling up the DagBag from /opt/airflow/dags/product_processing.py
[2026-05-21T10:34:29.656+0000] {processor.py:925} INFO - DAG(s) 'product_processing' retrieved from /opt/airflow/dags/product_processing.py
[2026-05-21T10:34:29.681+0000] {logging_mixin.py:190} INFO - [2026-05-21T10:34:29.681+0000] {dag.py:3239} INFO - Sync 1 DAGs
[2026-05-21T10:34:29.704+0000] {logging_mixin.py:190} INFO - [2026-05-21T10:34:29.703+0000] {dag.py:4180} INFO - Setting next_dagrun for product_processing to 2026-05-20 00:00:00+00:00, run_after=2026-05-21 00:00:00+00:00
[2026-05-21T10:34:29.719+0000] {processor.py:208} INFO - Processing /opt/airflow/dags/product_processing.py took 0.514 seconds
[2026-05-21T10:35:00.077+0000] {processor.py:186} INFO - Started process (PID=13828) to work on /opt/airflow/dags/product_processing.py
[2026-05-21T10:35:00.079+0000] {processor.py:914} INFO - Processing file /opt/airflow/dags/product_processing.py for tasks to queue
[2026-05-21T10:35:00.080+0000] {logging_mixin.py:190} INFO - [2026-05-21T10:35:00.080+0000] {dagbag.py:588} INFO - Filling up the DagBag from /opt/airflow/dags/product_processing.py
[2026-05-21T10:35:00.837+0000] {processor.py:925} INFO - DAG(s) 'product_processing' retrieved from /opt/airflow/dags/product_processing.py
[2026-05-21T10:35:00.875+0000] {logging_mixin.py:190} INFO - [2026-05-21T10:35:00.874+0000] {dag.py:3239} INFO - Sync 1 DAGs
[2026-05-21T10:35:00.911+0000] {logging_mixin.py:190} INFO - [2026-05-21T10:35:00.911+0000] {dag.py:4180} INFO - Setting next_dagrun for product_processing to 2026-05-20 00:00:00+00:00, run_after=2026-05-21 00:00:00+00:00
[2026-05-21T10:35:00.935+0000] {processor.py:208} INFO - Processing /opt/airflow/dags/product_processing.py took 0.870 seconds
[2026-05-21T10:35:31.730+0000] {processor.py:186} INFO - Started process (PID=13845) to work on /opt/airflow/dags/product_processing.py
[2026-05-21T10:35:31.731+0000] {processor.py:914} INFO - Processing file /opt/airflow/dags/product_processing.py for tasks to queue
[2026-05-21T10:35:31.732+0000] {logging_mixin.py:190} INFO - [2026-05-21T10:35:31.732+0000] {dagbag.py:588} INFO - Filling up the DagBag from /opt/airflow/dags/product_processing.py
[2026-05-21T10:35:32.305+0000] {processor.py:925} INFO - DAG(s) 'product_processing' retrieved from /opt/airflow/dags/product_processing.py
[2026-05-21T10:35:32.342+0000] {logging_mixin.py:190} INFO - [2026-05-21T10:35:32.341+0000] {dag.py:3239} INFO - Sync 1 DAGs
[2026-05-21T10:35:32.387+0000] {logging_mixin.py:190} INFO - [2026-05-21T10:35:32.387+0000] {dag.py:4180} INFO - Setting next_dagrun for product_processing to 2026-05-20 00:00:00+00:00, run_after=2026-05-21 00:00:00+00:00
[2026-05-21T10:35:32.408+0000] {processor.py:208} INFO - Processing /opt/airflow/dags/product_processing.py took 0.682 seconds
[2026-05-21T10:36:03.166+0000] {processor.py:186} INFO - Started process (PID=13861) to work on /opt/airflow/dags/product_processing.py
[2026-05-21T10:36:03.167+0000] {processor.py:914} INFO - Processing file /opt/airflow/dags/product_processing.py for tasks to queue
[2026-05-21T10:36:03.168+0000] {logging_mixin.py:190} INFO - [2026-05-21T10:36:03.167+0000] {dagbag.py:588} INFO - Filling up the DagBag from /opt/airflow/dags/product_processing.py
[2026-05-21T10:36:03.471+0000] {processor.py:925} INFO - DAG(s) 'product_processing' retrieved from /opt/airflow/dags/product_processing.py
[2026-05-21T10:36:03.493+0000] {logging_mixin.py:190} INFO - [2026-05-21T10:36:03.493+0000] {dag.py:3239} INFO - Sync 1 DAGs
[2026-05-21T10:36:03.514+0000] {logging_mixin.py:190} INFO - [2026-05-21T10:36:03.514+0000] {dag.py:4180} INFO - Setting next_dagrun for product_processing to 2026-05-20 00:00:00+00:00, run_after=2026-05-21 00:00:00+00:00
[2026-05-21T10:36:03.531+0000] {processor.py:208} INFO - Processing /opt/airflow/dags/product_processing.py took 0.378 seconds
[2026-05-21T10:36:34.349+0000] {processor.py:186} INFO - Started process (PID=13877) to work on /opt/airflow/dags/product_processing.py
[2026-05-21T10:36:34.349+0000] {processor.py:914} INFO - Processing file /opt/airflow/dags/product_processing.py for tasks to queue
[2026-05-21T10:36:34.350+0000] {logging_mixin.py:190} INFO - [2026-05-21T10:36:34.350+0000] {dagbag.py:588} INFO - Filling up the DagBag from /opt/airflow/dags/product_processing.py
[2026-05-21T10:36:34.617+0000] {processor.py:925} INFO - DAG(s) 'product_processing' retrieved from /opt/airflow/dags/product_processing.py
[2026-05-21T10:36:34.638+0000] {logging_mixin.py:190} INFO - [2026-05-21T10:36:34.637+0000] {dag.py:3239} INFO - Sync 1 DAGs
[2026-05-21T10:36:34.657+0000] {logging_mixin.py:190} INFO - [2026-05-21T10:36:34.656+0000] {dag.py:4180} INFO - Setting next_dagrun for product_processing to 2026-05-20 00:00:00+00:00, run_after=2026-05-21 00:00:00+00:00
[2026-05-21T10:36:34.670+0000] {processor.py:208} INFO - Processing /opt/airflow/dags/product_processing.py took 0.327 seconds
[2026-05-21T10:37:04.817+0000] {processor.py:186} INFO - Started process (PID=13893) to work on /opt/airflow/dags/product_processing.py
[2026-05-21T10:37:04.818+0000] {processor.py:914} INFO - Processing file /opt/airflow/dags/product_processing.py for tasks to queue
[2026-05-21T10:37:04.819+0000] {logging_mixin.py:190} INFO - [2026-05-21T10:37:04.818+0000] {dagbag.py:588} INFO - Filling up the DagBag from /opt/airflow/dags/product_processing.py
[2026-05-21T10:37:05.048+0000] {processor.py:925} INFO - DAG(s) 'product_processing' retrieved from /opt/airflow/dags/product_processing.py
[2026-05-21T10:37:05.069+0000] {logging_mixin.py:190} INFO - [2026-05-21T10:37:05.069+0000] {dag.py:3239} INFO - Sync 1 DAGs
[2026-05-21T10:37:05.087+0000] {logging_mixin.py:190} INFO - [2026-05-21T10:37:05.087+0000] {dag.py:4180} INFO - Setting next_dagrun for product_processing to 2026-05-20 00:00:00+00:00, run_after=2026-05-21 00:00:00+00:00
[2026-05-21T10:37:05.107+0000] {processor.py:208} INFO - Processing /opt/airflow/dags/product_processing.py took 0.295 seconds
[2026-05-21T10:37:35.174+0000] {processor.py:186} INFO - Started process (PID=13908) to work on /opt/airflow/dags/product_processing.py
[2026-05-21T10:37:35.177+0000] {processor.py:914} INFO - Processing file /opt/airflow/dags/product_processing.py for tasks to queue
[2026-05-21T10:37:35.178+0000] {logging_mixin.py:190} INFO - [2026-05-21T10:37:35.178+0000] {dagbag.py:588} INFO - Filling up the DagBag from /opt/airflow/dags/product_processing.py
[2026-05-21T10:37:35.788+0000] {processor.py:925} INFO - DAG(s) 'product_processing' retrieved from /opt/airflow/dags/product_processing.py
[2026-05-21T10:37:35.821+0000] {logging_mixin.py:190} INFO - [2026-05-21T10:37:35.821+0000] {dag.py:3239} INFO - Sync 1 DAGs
[2026-05-21T10:37:35.843+0000] {logging_mixin.py:190} INFO - [2026-05-21T10:37:35.843+0000] {dag.py:4180} INFO - Setting next_dagrun for product_processing to 2026-05-20 00:00:00+00:00, run_after=2026-05-21 00:00:00+00:00
[2026-05-21T10:37:35.875+0000] {processor.py:208} INFO - Processing /opt/airflow/dags/product_processing.py took 0.710 seconds
[2026-05-21T10:38:06.812+0000] {processor.py:186} INFO - Started process (PID=13924) to work on /opt/airflow/dags/product_processing.py
[2026-05-21T10:38:06.821+0000] {processor.py:914} INFO - Processing file /opt/airflow/dags/product_processing.py for tasks to queue
[2026-05-21T10:38:06.823+0000] {logging_mixin.py:190} INFO - [2026-05-21T10:38:06.822+0000] {dagbag.py:588} INFO - Filling up the DagBag from /opt/airflow/dags/product_processing.py
[2026-05-21T10:38:07.526+0000] {processor.py:925} INFO - DAG(s) 'product_processing' retrieved from /opt/airflow/dags/product_processing.py
[2026-05-21T10:38:07.592+0000] {logging_mixin.py:190} INFO - [2026-05-21T10:38:07.591+0000] {dag.py:3239} INFO - Sync 1 DAGs
[2026-05-21T10:38:07.667+0000] {logging_mixin.py:190} INFO - [2026-05-21T10:38:07.667+0000] {dag.py:4180} INFO - Setting next_dagrun for product_processing to 2026-05-20 00:00:00+00:00, run_after=2026-05-21 00:00:00+00:00
[2026-05-21T10:38:07.705+0000] {processor.py:208} INFO - Processing /opt/airflow/dags/product_processing.py took 0.924 seconds
[2026-05-21T10:38:37.894+0000] {processor.py:186} INFO - Started process (PID=13939) to work on /opt/airflow/dags/product_processing.py
[2026-05-21T10:38:37.895+0000] {processor.py:914} INFO - Processing file /opt/airflow/dags/product_processing.py for tasks to queue
[2026-05-21T10:38:37.896+0000] {logging_mixin.py:190} INFO - [2026-05-21T10:38:37.896+0000] {dagbag.py:588} INFO - Filling up the DagBag from /opt/airflow/dags/product_processing.py
[2026-05-21T10:38:38.122+0000] {processor.py:925} INFO - DAG(s) 'product_processing' retrieved from /opt/airflow/dags/product_processing.py
[2026-05-21T10:38:38.149+0000] {logging_mixin.py:190} INFO - [2026-05-21T10:38:38.149+0000] {dag.py:3239} INFO - Sync 1 DAGs
[2026-05-21T10:38:38.171+0000] {logging_mixin.py:190} INFO - [2026-05-21T10:38:38.171+0000] {dag.py:4180} INFO - Setting next_dagrun for product_processing to 2026-05-20 00:00:00+00:00, run_after=2026-05-21 00:00:00+00:00
[2026-05-21T10:38:38.186+0000] {processor.py:208} INFO - Processing /opt/airflow/dags/product_processing.py took 0.297 seconds
[2026-05-21T10:39:09.136+0000] {processor.py:186} INFO - Started process (PID=13955) to work on /opt/airflow/dags/product_processing.py
[2026-05-21T10:39:09.137+0000] {processor.py:914} INFO - Processing file /opt/airflow/dags/product_processing.py for tasks to queue
[2026-05-21T10:39:09.138+0000] {logging_mixin.py:190} INFO - [2026-05-21T10:39:09.138+0000] {dagbag.py:588} INFO - Filling up the DagBag from /opt/airflow/dags/product_processing.py
[2026-05-21T10:39:09.372+0000] {processor.py:925} INFO - DAG(s) 'product_processing' retrieved from /opt/airflow/dags/product_processing.py
[2026-05-21T10:39:09.392+0000] {logging_mixin.py:190} INFO - [2026-05-21T10:39:09.391+0000] {dag.py:3239} INFO - Sync 1 DAGs
[2026-05-21T10:39:09.412+0000] {logging_mixin.py:190} INFO - [2026-05-21T10:39:09.412+0000] {dag.py:4180} INFO - Setting next_dagrun for product_processing to 2026-05-20 00:00:00+00:00, run_after=2026-05-21 00:00:00+00:00
[2026-05-21T10:39:09.428+0000] {processor.py:208} INFO - Processing /opt/airflow/dags/product_processing.py took 0.298 seconds
[2026-05-21T10:39:40.287+0000] {processor.py:186} INFO - Started process (PID=13971) to work on /opt/airflow/dags/product_processing.py
[2026-05-21T10:39:40.288+0000] {processor.py:914} INFO - Processing file /opt/airflow/dags/product_processing.py for tasks to queue
[2026-05-21T10:39:40.289+0000] {logging_mixin.py:190} INFO - [2026-05-21T10:39:40.289+0000] {dagbag.py:588} INFO - Filling up the DagBag from /opt/airflow/dags/product_processing.py
[2026-05-21T10:39:40.487+0000] {processor.py:925} INFO - DAG(s) 'product_processing' retrieved from /opt/airflow/dags/product_processing.py
[2026-05-21T10:39:40.506+0000] {logging_mixin.py:190} INFO - [2026-05-21T10:39:40.505+0000] {dag.py:3239} INFO - Sync 1 DAGs
[2026-05-21T10:39:40.533+0000] {logging_mixin.py:190} INFO - [2026-05-21T10:39:40.532+0000] {dag.py:4180} INFO - Setting next_dagrun for product_processing to 2026-05-20 00:00:00+00:00, run_after=2026-05-21 00:00:00+00:00
[2026-05-21T10:39:40.549+0000] {processor.py:208} INFO - Processing /opt/airflow/dags/product_processing.py took 0.266 seconds
[2026-05-21T10:40:10.696+0000] {processor.py:186} INFO - Started process (PID=13987) to work on /opt/airflow/dags/product_processing.py
[2026-05-21T10:40:10.697+0000] {processor.py:914} INFO - Processing file /opt/airflow/dags/product_processing.py for tasks to queue
[2026-05-21T10:40:10.698+0000] {logging_mixin.py:190} INFO - [2026-05-21T10:40:10.698+0000] {dagbag.py:588} INFO - Filling up the DagBag from /opt/airflow/dags/product_processing.py
[2026-05-21T10:40:10.920+0000] {processor.py:925} INFO - DAG(s) 'product_processing' retrieved from /opt/airflow/dags/product_processing.py
[2026-05-21T10:40:10.939+0000] {logging_mixin.py:190} INFO - [2026-05-21T10:40:10.939+0000] {dag.py:3239} INFO - Sync 1 DAGs
[2026-05-21T10:40:10.957+0000] {logging_mixin.py:190} INFO - [2026-05-21T10:40:10.957+0000] {dag.py:4180} INFO - Setting next_dagrun for product_processing to 2026-05-20 00:00:00+00:00, run_after=2026-05-21 00:00:00+00:00
[2026-05-21T10:40:10.970+0000] {processor.py:208} INFO - Processing /opt/airflow/dags/product_processing.py took 0.279 seconds
[2026-05-21T10:40:41.849+0000] {processor.py:186} INFO - Started process (PID=14002) to work on /opt/airflow/dags/product_processing.py
[2026-05-21T10:40:41.850+0000] {processor.py:914} INFO - Processing file /opt/airflow/dags/product_processing.py for tasks to queue
[2026-05-21T10:40:41.851+0000] {logging_mixin.py:190} INFO - [2026-05-21T10:40:41.850+0000] {dagbag.py:588} INFO - Filling up the DagBag from /opt/airflow/dags/product_processing.py
[2026-05-21T10:40:42.208+0000] {processor.py:925} INFO - DAG(s) 'product_processing' retrieved from /opt/airflow/dags/product_processing.py
[2026-05-21T10:40:42.227+0000] {logging_mixin.py:190} INFO - [2026-05-21T10:40:42.227+0000] {dag.py:3239} INFO - Sync 1 DAGs
[2026-05-21T10:40:42.245+0000] {logging_mixin.py:190} INFO - [2026-05-21T10:40:42.245+0000] {dag.py:4180} INFO - Setting next_dagrun for product_processing to 2026-05-20 00:00:00+00:00, run_after=2026-05-21 00:00:00+00:00
[2026-05-21T10:40:42.261+0000] {processor.py:208} INFO - Processing /opt/airflow/dags/product_processing.py took 0.418 seconds
[2026-05-21T10:41:12.519+0000] {processor.py:186} INFO - Started process (PID=14018) to work on /opt/airflow/dags/product_processing.py
[2026-05-21T10:41:12.521+0000] {processor.py:914} INFO - Processing file /opt/airflow/dags/product_processing.py for tasks to queue
[2026-05-21T10:41:12.522+0000] {logging_mixin.py:190} INFO - [2026-05-21T10:41:12.522+0000] {dagbag.py:588} INFO - Filling up the DagBag from /opt/airflow/dags/product_processing.py
[2026-05-21T10:41:12.935+0000] {processor.py:925} INFO - DAG(s) 'product_processing' retrieved from /opt/airflow/dags/product_processing.py
[2026-05-21T10:41:12.956+0000] {logging_mixin.py:190} INFO - [2026-05-21T10:41:12.956+0000] {dag.py:3239} INFO - Sync 1 DAGs
[2026-05-21T10:41:12.976+0000] {logging_mixin.py:190} INFO - [2026-05-21T10:41:12.976+0000] {dag.py:4180} INFO - Setting next_dagrun for product_processing to 2026-05-20 00:00:00+00:00, run_after=2026-05-21 00:00:00+00:00
[2026-05-21T10:41:12.991+0000] {processor.py:208} INFO - Processing /opt/airflow/dags/product_processing.py took 0.476 seconds
[2026-05-21T10:41:43.903+0000] {processor.py:186} INFO - Started process (PID=14036) to work on /opt/airflow/dags/product_processing.py
[2026-05-21T10:41:43.906+0000] {processor.py:914} INFO - Processing file /opt/airflow/dags/product_processing.py for tasks to queue
[2026-05-21T10:41:43.907+0000] {logging_mixin.py:190} INFO - [2026-05-21T10:41:43.907+0000] {dagbag.py:588} INFO - Filling up the DagBag from /opt/airflow/dags/product_processing.py
[2026-05-21T10:41:44.193+0000] {processor.py:925} INFO - DAG(s) 'product_processing' retrieved from /opt/airflow/dags/product_processing.py
[2026-05-21T10:41:44.216+0000] {logging_mixin.py:190} INFO - [2026-05-21T10:41:44.216+0000] {dag.py:3239} INFO - Sync 1 DAGs
[2026-05-21T10:41:44.238+0000] {logging_mixin.py:190} INFO - [2026-05-21T10:41:44.238+0000] {dag.py:4180} INFO - Setting next_dagrun for product_processing to 2026-05-20 00:00:00+00:00, run_after=2026-05-21 00:00:00+00:00
[2026-05-21T10:41:44.251+0000] {processor.py:208} INFO - Processing /opt/airflow/dags/product_processing.py took 0.354 seconds
[2026-05-21T10:42:14.353+0000] {processor.py:186} INFO - Started process (PID=14052) to work on /opt/airflow/dags/product_processing.py
[2026-05-21T10:42:14.355+0000] {processor.py:914} INFO - Processing file /opt/airflow/dags/product_processing.py for tasks to queue
[2026-05-21T10:42:14.356+0000] {logging_mixin.py:190} INFO - [2026-05-21T10:42:14.356+0000] {dagbag.py:588} INFO - Filling up the DagBag from /opt/airflow/dags/product_processing.py
[2026-05-21T10:42:14.636+0000] {processor.py:925} INFO - DAG(s) 'product_processing' retrieved from /opt/airflow/dags/product_processing.py
[2026-05-21T10:42:14.661+0000] {logging_mixin.py:190} INFO - [2026-05-21T10:42:14.660+0000] {dag.py:3239} INFO - Sync 1 DAGs
[2026-05-21T10:42:14.680+0000] {logging_mixin.py:190} INFO - [2026-05-21T10:42:14.679+0000] {dag.py:4180} INFO - Setting next_dagrun for product_processing to 2026-05-20 00:00:00+00:00, run_after=2026-05-21 00:00:00+00:00
[2026-05-21T10:42:14.695+0000] {processor.py:208} INFO - Processing /opt/airflow/dags/product_processing.py took 0.358 seconds
[2026-05-21T10:42:44.854+0000] {processor.py:186} INFO - Started process (PID=14068) to work on /opt/airflow/dags/product_processing.py
[2026-05-21T10:42:44.855+0000] {processor.py:914} INFO - Processing file /opt/airflow/dags/product_processing.py for tasks to queue
[2026-05-21T10:42:44.857+0000] {logging_mixin.py:190} INFO - [2026-05-21T10:42:44.857+0000] {dagbag.py:588} INFO - Filling up the DagBag from /opt/airflow/dags/product_processing.py
[2026-05-21T10:42:45.101+0000] {processor.py:925} INFO - DAG(s) 'product_processing' retrieved from /opt/airflow/dags/product_processing.py
[2026-05-21T10:42:45.118+0000] {logging_mixin.py:190} INFO - [2026-05-21T10:42:45.118+0000] {dag.py:3239} INFO - Sync 1 DAGs
[2026-05-21T10:42:45.135+0000] {logging_mixin.py:190} INFO - [2026-05-21T10:42:45.135+0000] {dag.py:4180} INFO - Setting next_dagrun for product_processing to 2026-05-20 00:00:00+00:00, run_after=2026-05-21 00:00:00+00:00
[2026-05-21T10:42:45.148+0000] {processor.py:208} INFO - Processing /opt/airflow/dags/product_processing.py took 0.305 seconds
[2026-05-21T10:43:15.474+0000] {processor.py:186} INFO - Started process (PID=14084) to work on /opt/airflow/dags/product_processing.py
[2026-05-21T10:43:15.485+0000] {processor.py:914} INFO - Processing file /opt/airflow/dags/product_processing.py for tasks to queue
[2026-05-21T10:43:15.486+0000] {logging_mixin.py:190} INFO - [2026-05-21T10:43:15.486+0000] {dagbag.py:588} INFO - Filling up the DagBag from /opt/airflow/dags/product_processing.py
[2026-05-21T10:43:15.775+0000] {processor.py:925} INFO - DAG(s) 'product_processing' retrieved from /opt/airflow/dags/product_processing.py
[2026-05-21T10:43:15.796+0000] {logging_mixin.py:190} INFO - [2026-05-21T10:43:15.795+0000] {dag.py:3239} INFO - Sync 1 DAGs
[2026-05-21T10:43:15.816+0000] {logging_mixin.py:190} INFO - [2026-05-21T10:43:15.816+0000] {dag.py:4180} INFO - Setting next_dagrun for product_processing to 2026-05-20 00:00:00+00:00, run_after=2026-05-21 00:00:00+00:00
[2026-05-21T10:43:15.830+0000] {processor.py:208} INFO - Processing /opt/airflow/dags/product_processing.py took 0.375 seconds
[2026-05-21T10:43:45.985+0000] {processor.py:186} INFO - Started process (PID=14100) to work on /opt/airflow/dags/product_processing.py
[2026-05-21T10:43:45.986+0000] {processor.py:914} INFO - Processing file /opt/airflow/dags/product_processing.py for tasks to queue
[2026-05-21T10:43:45.987+0000] {logging_mixin.py:190} INFO - [2026-05-21T10:43:45.987+0000] {dagbag.py:588} INFO - Filling up the DagBag from /opt/airflow/dags/product_processing.py
[2026-05-21T10:43:46.470+0000] {processor.py:925} INFO - DAG(s) 'product_processing' retrieved from /opt/airflow/dags/product_processing.py
[2026-05-21T10:43:46.495+0000] {logging_mixin.py:190} INFO - [2026-05-21T10:43:46.494+0000] {dag.py:3239} INFO - Sync 1 DAGs
[2026-05-21T10:43:46.520+0000] {logging_mixin.py:190} INFO - [2026-05-21T10:43:46.520+0000] {dag.py:4180} INFO - Setting next_dagrun for product_processing to 2026-05-20 00:00:00+00:00, run_after=2026-05-21 00:00:00+00:00
[2026-05-21T10:43:46.536+0000] {processor.py:208} INFO - Processing /opt/airflow/dags/product_processing.py took 0.555 seconds
[2026-05-21T10:44:17.116+0000] {processor.py:186} INFO - Started process (PID=14116) to work on /opt/airflow/dags/product_processing.py
[2026-05-21T10:44:17.121+0000] {processor.py:914} INFO - Processing file /opt/airflow/dags/product_processing.py for tasks to queue
[2026-05-21T10:44:17.122+0000] {logging_mixin.py:190} INFO - [2026-05-21T10:44:17.122+0000] {dagbag.py:588} INFO - Filling up the DagBag from /opt/airflow/dags/product_processing.py
[2026-05-21T10:44:17.629+0000] {processor.py:925} INFO - DAG(s) 'product_processing' retrieved from /opt/airflow/dags/product_processing.py
[2026-05-21T10:44:17.648+0000] {logging_mixin.py:190} INFO - [2026-05-21T10:44:17.648+0000] {dag.py:3239} INFO - Sync 1 DAGs
[2026-05-21T10:44:17.665+0000] {logging_mixin.py:190} INFO - [2026-05-21T10:44:17.665+0000] {dag.py:4180} INFO - Setting next_dagrun for product_processing to 2026-05-20 00:00:00+00:00, run_after=2026-05-21 00:00:00+00:00
[2026-05-21T10:44:17.679+0000] {processor.py:208} INFO - Processing /opt/airflow/dags/product_processing.py took 0.595 seconds
[2026-05-21T10:44:48.406+0000] {processor.py:186} INFO - Started process (PID=14133) to work on /opt/airflow/dags/product_processing.py
[2026-05-21T10:44:48.410+0000] {processor.py:914} INFO - Processing file /opt/airflow/dags/product_processing.py for tasks to queue
[2026-05-21T10:44:48.411+0000] {logging_mixin.py:190} INFO - [2026-05-21T10:44:48.411+0000] {dagbag.py:588} INFO - Filling up the DagBag from /opt/airflow/dags/product_processing.py
[2026-05-21T10:44:48.895+0000] {processor.py:925} INFO - DAG(s) 'product_processing' retrieved from /opt/airflow/dags/product_processing.py
[2026-05-21T10:44:48.933+0000] {logging_mixin.py:190} INFO - [2026-05-21T10:44:48.932+0000] {dag.py:3239} INFO - Sync 1 DAGs
[2026-05-21T10:44:48.970+0000] {logging_mixin.py:190} INFO - [2026-05-21T10:44:48.970+0000] {dag.py:4180} INFO - Setting next_dagrun for product_processing to 2026-05-20 00:00:00+00:00, run_after=2026-05-21 00:00:00+00:00
[2026-05-21T10:44:48.995+0000] {processor.py:208} INFO - Processing /opt/airflow/dags/product_processing.py took 0.599 seconds
[2026-05-21T10:45:19.854+0000] {processor.py:186} INFO - Started process (PID=14149) to work on /opt/airflow/dags/product_processing.py
[2026-05-21T10:45:19.855+0000] {processor.py:914} INFO - Processing file /opt/airflow/dags/product_processing.py for tasks to queue
[2026-05-21T10:45:19.859+0000] {logging_mixin.py:190} INFO - [2026-05-21T10:45:19.859+0000] {dagbag.py:588} INFO - Filling up the DagBag from /opt/airflow/dags/product_processing.py
[2026-05-21T10:45:20.095+0000] {processor.py:925} INFO - DAG(s) 'product_processing' retrieved from /opt/airflow/dags/product_processing.py
[2026-05-21T10:45:20.119+0000] {logging_mixin.py:190} INFO - [2026-05-21T10:45:20.119+0000] {dag.py:3239} INFO - Sync 1 DAGs
[2026-05-21T10:45:20.138+0000] {logging_mixin.py:190} INFO - [2026-05-21T10:45:20.138+0000] {dag.py:4180} INFO - Setting next_dagrun for product_processing to 2026-05-20 00:00:00+00:00, run_after=2026-05-21 00:00:00+00:00
[2026-05-21T10:45:20.151+0000] {processor.py:208} INFO - Processing /opt/airflow/dags/product_processing.py took 0.306 seconds
[2026-05-21T10:45:50.678+0000] {processor.py:186} INFO - Started process (PID=14164) to work on /opt/airflow/dags/product_processing.py
[2026-05-21T10:45:50.684+0000] {processor.py:914} INFO - Processing file /opt/airflow/dags/product_processing.py for tasks to queue
[2026-05-21T10:45:50.685+0000] {logging_mixin.py:190} INFO - [2026-05-21T10:45:50.685+0000] {dagbag.py:588} INFO - Filling up the DagBag from /opt/airflow/dags/product_processing.py
[2026-05-21T10:45:50.896+0000] {processor.py:925} INFO - DAG(s) 'product_processing' retrieved from /opt/airflow/dags/product_processing.py
[2026-05-21T10:45:50.939+0000] {logging_mixin.py:190} INFO - [2026-05-21T10:45:50.938+0000] {dag.py:3239} INFO - Sync 1 DAGs
[2026-05-21T10:45:50.971+0000] {logging_mixin.py:190} INFO - [2026-05-21T10:45:50.970+0000] {dag.py:4180} INFO - Setting next_dagrun for product_processing to 2026-05-20 00:00:00+00:00, run_after=2026-05-21 00:00:00+00:00
[2026-05-21T10:45:50.989+0000] {processor.py:208} INFO - Processing /opt/airflow/dags/product_processing.py took 0.315 seconds
[2026-05-21T10:46:21.308+0000] {processor.py:186} INFO - Started process (PID=14181) to work on /opt/airflow/dags/product_processing.py
[2026-05-21T10:46:21.308+0000] {processor.py:914} INFO - Processing file /opt/airflow/dags/product_processing.py for tasks to queue
[2026-05-21T10:46:21.309+0000] {logging_mixin.py:190} INFO - [2026-05-21T10:46:21.309+0000] {dagbag.py:588} INFO - Filling up the DagBag from /opt/airflow/dags/product_processing.py
[2026-05-21T10:46:21.516+0000] {processor.py:925} INFO - DAG(s) 'product_processing' retrieved from /opt/airflow/dags/product_processing.py
[2026-05-21T10:46:21.533+0000] {logging_mixin.py:190} INFO - [2026-05-21T10:46:21.533+0000] {dag.py:3239} INFO - Sync 1 DAGs
[2026-05-21T10:46:21.552+0000] {logging_mixin.py:190} INFO - [2026-05-21T10:46:21.552+0000] {dag.py:4180} INFO - Setting next_dagrun for product_processing to 2026-05-20 00:00:00+00:00, run_after=2026-05-21 00:00:00+00:00
[2026-05-21T10:46:21.567+0000] {processor.py:208} INFO - Processing /opt/airflow/dags/product_processing.py took 0.264 seconds
[2026-05-21T10:46:51.664+0000] {processor.py:186} INFO - Started process (PID=14197) to work on /opt/airflow/dags/product_processing.py
[2026-05-21T10:46:51.665+0000] {processor.py:914} INFO - Processing file /opt/airflow/dags/product_processing.py for tasks to queue
[2026-05-21T10:46:51.666+0000] {logging_mixin.py:190} INFO - [2026-05-21T10:46:51.666+0000] {dagbag.py:588} INFO - Filling up the DagBag from /opt/airflow/dags/product_processing.py
[2026-05-21T10:46:51.883+0000] {processor.py:925} INFO - DAG(s) 'product_processing' retrieved from /opt/airflow/dags/product_processing.py
[2026-05-21T10:46:51.902+0000] {logging_mixin.py:190} INFO - [2026-05-21T10:46:51.902+0000] {dag.py:3239} INFO - Sync 1 DAGs
[2026-05-21T10:46:51.920+0000] {logging_mixin.py:190} INFO - [2026-05-21T10:46:51.919+0000] {dag.py:4180} INFO - Setting next_dagrun for product_processing to 2026-05-20 00:00:00+00:00, run_after=2026-05-21 00:00:00+00:00
[2026-05-21T10:46:51.934+0000] {processor.py:208} INFO - Processing /opt/airflow/dags/product_processing.py took 0.274 seconds
[2026-05-21T10:47:22.345+0000] {processor.py:186} INFO - Started process (PID=14214) to work on /opt/airflow/dags/product_processing.py
[2026-05-21T10:47:22.348+0000] {processor.py:914} INFO - Processing file /opt/airflow/dags/product_processing.py for tasks to queue
[2026-05-21T10:47:22.350+0000] {logging_mixin.py:190} INFO - [2026-05-21T10:47:22.349+0000] {dagbag.py:588} INFO - Filling up the DagBag from /opt/airflow/dags/product_processing.py
[2026-05-21T10:47:22.580+0000] {processor.py:925} INFO - DAG(s) 'product_processing' retrieved from /opt/airflow/dags/product_processing.py
[2026-05-21T10:47:22.600+0000] {logging_mixin.py:190} INFO - [2026-05-21T10:47:22.599+0000] {dag.py:3239} INFO - Sync 1 DAGs
[2026-05-21T10:47:22.618+0000] {logging_mixin.py:190} INFO - [2026-05-21T10:47:22.618+0000] {dag.py:4180} INFO - Setting next_dagrun for product_processing to 2026-05-20 00:00:00+00:00, run_after=2026-05-21 00:00:00+00:00
[2026-05-21T10:47:22.633+0000] {processor.py:208} INFO - Processing /opt/airflow/dags/product_processing.py took 0.293 seconds
[2026-05-21T10:47:52.721+0000] {processor.py:186} INFO - Started process (PID=14229) to work on /opt/airflow/dags/product_processing.py
[2026-05-21T10:47:52.723+0000] {processor.py:914} INFO - Processing file /opt/airflow/dags/product_processing.py for tasks to queue
[2026-05-21T10:47:52.724+0000] {logging_mixin.py:190} INFO - [2026-05-21T10:47:52.724+0000] {dagbag.py:588} INFO - Filling up the DagBag from /opt/airflow/dags/product_processing.py
[2026-05-21T10:47:52.946+0000] {processor.py:925} INFO - DAG(s) 'product_processing' retrieved from /opt/airflow/dags/product_processing.py
[2026-05-21T10:47:52.966+0000] {logging_mixin.py:190} INFO - [2026-05-21T10:47:52.966+0000] {dag.py:3239} INFO - Sync 1 DAGs
[2026-05-21T10:47:52.987+0000] {logging_mixin.py:190} INFO - [2026-05-21T10:47:52.987+0000] {dag.py:4180} INFO - Setting next_dagrun for product_processing to 2026-05-20 00:00:00+00:00, run_after=2026-05-21 00:00:00+00:00
[2026-05-21T10:47:53.012+0000] {processor.py:208} INFO - Processing /opt/airflow/dags/product_processing.py took 0.296 seconds
[2026-05-21T10:48:23.787+0000] {processor.py:186} INFO - Started process (PID=14244) to work on /opt/airflow/dags/product_processing.py
[2026-05-21T10:48:23.787+0000] {processor.py:914} INFO - Processing file /opt/airflow/dags/product_processing.py for tasks to queue
[2026-05-21T10:48:23.788+0000] {logging_mixin.py:190} INFO - [2026-05-21T10:48:23.788+0000] {dagbag.py:588} INFO - Filling up the DagBag from /opt/airflow/dags/product_processing.py
[2026-05-21T10:48:24.010+0000] {processor.py:925} INFO - DAG(s) 'product_processing' retrieved from /opt/airflow/dags/product_processing.py
[2026-05-21T10:48:24.031+0000] {logging_mixin.py:190} INFO - [2026-05-21T10:48:24.031+0000] {dag.py:3239} INFO - Sync 1 DAGs
[2026-05-21T10:48:24.051+0000] {logging_mixin.py:190} INFO - [2026-05-21T10:48:24.051+0000] {dag.py:4180} INFO - Setting next_dagrun for product_processing to 2026-05-20 00:00:00+00:00, run_after=2026-05-21 00:00:00+00:00
[2026-05-21T10:48:24.064+0000] {processor.py:208} INFO - Processing /opt/airflow/dags/product_processing.py took 0.284 seconds
[2026-05-21T10:48:54.607+0000] {processor.py:186} INFO - Started process (PID=14260) to work on /opt/airflow/dags/product_processing.py
[2026-05-21T10:48:54.608+0000] {processor.py:914} INFO - Processing file /opt/airflow/dags/product_processing.py for tasks to queue
[2026-05-21T10:48:54.608+0000] {logging_mixin.py:190} INFO - [2026-05-21T10:48:54.608+0000] {dagbag.py:588} INFO - Filling up the DagBag from /opt/airflow/dags/product_processing.py
[2026-05-21T10:48:54.829+0000] {processor.py:925} INFO - DAG(s) 'product_processing' retrieved from /opt/airflow/dags/product_processing.py
[2026-05-21T10:48:54.852+0000] {logging_mixin.py:190} INFO - [2026-05-21T10:48:54.852+0000] {dag.py:3239} INFO - Sync 1 DAGs
[2026-05-21T10:48:54.870+0000] {logging_mixin.py:190} INFO - [2026-05-21T10:48:54.870+0000] {dag.py:4180} INFO - Setting next_dagrun for product_processing to 2026-05-20 00:00:00+00:00, run_after=2026-05-21 00:00:00+00:00
[2026-05-21T10:48:54.889+0000] {processor.py:208} INFO - Processing /opt/airflow/dags/product_processing.py took 0.287 seconds
[2026-05-21T10:49:25.749+0000] {processor.py:186} INFO - Started process (PID=14276) to work on /opt/airflow/dags/product_processing.py
[2026-05-21T10:49:25.750+0000] {processor.py:914} INFO - Processing file /opt/airflow/dags/product_processing.py for tasks to queue
[2026-05-21T10:49:25.752+0000] {logging_mixin.py:190} INFO - [2026-05-21T10:49:25.751+0000] {dagbag.py:588} INFO - Filling up the DagBag from /opt/airflow/dags/product_processing.py
[2026-05-21T10:49:26.032+0000] {processor.py:925} INFO - DAG(s) 'product_processing' retrieved from /opt/airflow/dags/product_processing.py
[2026-05-21T10:49:26.055+0000] {logging_mixin.py:190} INFO - [2026-05-21T10:49:26.054+0000] {dag.py:3239} INFO - Sync 1 DAGs
[2026-05-21T10:49:26.079+0000] {logging_mixin.py:190} INFO - [2026-05-21T10:49:26.077+0000] {dag.py:4180} INFO - Setting next_dagrun for product_processing to 2026-05-20 00:00:00+00:00, run_after=2026-05-21 00:00:00+00:00
[2026-05-21T10:49:26.101+0000] {processor.py:208} INFO - Processing /opt/airflow/dags/product_processing.py took 0.360 seconds
[2026-05-21T10:49:56.944+0000] {processor.py:186} INFO - Started process (PID=14291) to work on /opt/airflow/dags/product_processing.py
[2026-05-21T10:49:56.945+0000] {processor.py:914} INFO - Processing file /opt/airflow/dags/product_processing.py for tasks to queue
[2026-05-21T10:49:56.946+0000] {logging_mixin.py:190} INFO - [2026-05-21T10:49:56.946+0000] {dagbag.py:588} INFO - Filling up the DagBag from /opt/airflow/dags/product_processing.py
[2026-05-21T10:49:57.198+0000] {processor.py:925} INFO - DAG(s) 'product_processing' retrieved from /opt/airflow/dags/product_processing.py
[2026-05-21T10:49:57.229+0000] {logging_mixin.py:190} INFO - [2026-05-21T10:49:57.229+0000] {dag.py:3239} INFO - Sync 1 DAGs
[2026-05-21T10:49:57.251+0000] {logging_mixin.py:190} INFO - [2026-05-21T10:49:57.251+0000] {dag.py:4180} INFO - Setting next_dagrun for product_processing to 2026-05-20 00:00:00+00:00, run_after=2026-05-21 00:00:00+00:00
[2026-05-21T10:49:57.272+0000] {processor.py:208} INFO - Processing /opt/airflow/dags/product_processing.py took 0.332 seconds
[2026-05-21T10:50:27.979+0000] {processor.py:186} INFO - Started process (PID=14307) to work on /opt/airflow/dags/product_processing.py
[2026-05-21T10:50:27.984+0000] {processor.py:914} INFO - Processing file /opt/airflow/dags/product_processing.py for tasks to queue
[2026-05-21T10:50:27.986+0000] {logging_mixin.py:190} INFO - [2026-05-21T10:50:27.985+0000] {dagbag.py:588} INFO - Filling up the DagBag from /opt/airflow/dags/product_processing.py
[2026-05-21T10:50:28.928+0000] {processor.py:925} INFO - DAG(s) 'product_processing' retrieved from /opt/airflow/dags/product_processing.py
[2026-05-21T10:50:29.043+0000] {logging_mixin.py:190} INFO - [2026-05-21T10:50:29.043+0000] {dag.py:3239} INFO - Sync 1 DAGs
[2026-05-21T10:50:29.084+0000] {logging_mixin.py:190} INFO - [2026-05-21T10:50:29.084+0000] {dag.py:4180} INFO - Setting next_dagrun for product_processing to 2026-05-20 00:00:00+00:00, run_after=2026-05-21 00:00:00+00:00
[2026-05-21T10:50:29.100+0000] {processor.py:208} INFO - Processing /opt/airflow/dags/product_processing.py took 1.138 seconds
[2026-05-21T10:50:59.529+0000] {processor.py:186} INFO - Started process (PID=14323) to work on /opt/airflow/dags/product_processing.py
[2026-05-21T10:50:59.535+0000] {processor.py:914} INFO - Processing file /opt/airflow/dags/product_processing.py for tasks to queue
[2026-05-21T10:50:59.540+0000] {logging_mixin.py:190} INFO - [2026-05-21T10:50:59.537+0000] {dagbag.py:588} INFO - Filling up the DagBag from /opt/airflow/dags/product_processing.py
[2026-05-21T10:51:00.406+0000] {processor.py:925} INFO - DAG(s) 'product_processing' retrieved from /opt/airflow/dags/product_processing.py
[2026-05-21T10:51:00.507+0000] {logging_mixin.py:190} INFO - [2026-05-21T10:51:00.506+0000] {dag.py:3239} INFO - Sync 1 DAGs
[2026-05-21T10:51:00.599+0000] {logging_mixin.py:190} INFO - [2026-05-21T10:51:00.598+0000] {dag.py:4180} INFO - Setting next_dagrun for product_processing to 2026-05-20 00:00:00+00:00, run_after=2026-05-21 00:00:00+00:00
[2026-05-21T10:51:00.658+0000] {processor.py:208} INFO - Processing /opt/airflow/dags/product_processing.py took 1.144 seconds
[2026-05-21T10:51:30.871+0000] {processor.py:186} INFO - Started process (PID=14338) to work on /opt/airflow/dags/product_processing.py
[2026-05-21T10:51:30.872+0000] {processor.py:914} INFO - Processing file /opt/airflow/dags/product_processing.py for tasks to queue
[2026-05-21T10:51:30.873+0000] {logging_mixin.py:190} INFO - [2026-05-21T10:51:30.872+0000] {dagbag.py:588} INFO - Filling up the DagBag from /opt/airflow/dags/product_processing.py
[2026-05-21T10:51:31.192+0000] {processor.py:925} INFO - DAG(s) 'product_processing' retrieved from /opt/airflow/dags/product_processing.py
[2026-05-21T10:51:31.217+0000] {logging_mixin.py:190} INFO - [2026-05-21T10:51:31.216+0000] {dag.py:3239} INFO - Sync 1 DAGs
[2026-05-21T10:51:31.238+0000] {logging_mixin.py:190} INFO - [2026-05-21T10:51:31.237+0000] {dag.py:4180} INFO - Setting next_dagrun for product_processing to 2026-05-20 00:00:00+00:00, run_after=2026-05-21 00:00:00+00:00
[2026-05-21T10:51:31.256+0000] {processor.py:208} INFO - Processing /opt/airflow/dags/product_processing.py took 0.390 seconds
[2026-05-21T10:52:01.336+0000] {processor.py:186} INFO - Started process (PID=14361) to work on /opt/airflow/dags/product_processing.py
[2026-05-21T10:52:01.338+0000] {processor.py:914} INFO - Processing file /opt/airflow/dags/product_processing.py for tasks to queue
[2026-05-21T10:52:01.339+0000] {logging_mixin.py:190} INFO - [2026-05-21T10:52:01.339+0000] {dagbag.py:588} INFO - Filling up the DagBag from /opt/airflow/dags/product_processing.py
[2026-05-21T10:52:01.562+0000] {processor.py:925} INFO - DAG(s) 'product_processing' retrieved from /opt/airflow/dags/product_processing.py
[2026-05-21T10:52:01.587+0000] {logging_mixin.py:190} INFO - [2026-05-21T10:52:01.586+0000] {dag.py:3239} INFO - Sync 1 DAGs
[2026-05-21T10:52:01.606+0000] {logging_mixin.py:190} INFO - [2026-05-21T10:52:01.605+0000] {dag.py:4180} INFO - Setting next_dagrun for product_processing to 2026-05-20 00:00:00+00:00, run_after=2026-05-21 00:00:00+00:00
[2026-05-21T10:52:01.621+0000] {processor.py:208} INFO - Processing /opt/airflow/dags/product_processing.py took 0.291 seconds
[2026-05-21T10:52:31.673+0000] {processor.py:186} INFO - Started process (PID=14377) to work on /opt/airflow/dags/product_processing.py
[2026-05-21T10:52:31.674+0000] {processor.py:914} INFO - Processing file /opt/airflow/dags/product_processing.py for tasks to queue
[2026-05-21T10:52:31.675+0000] {logging_mixin.py:190} INFO - [2026-05-21T10:52:31.675+0000] {dagbag.py:588} INFO - Filling up the DagBag from /opt/airflow/dags/product_processing.py
[2026-05-21T10:52:31.893+0000] {processor.py:925} INFO - DAG(s) 'product_processing' retrieved from /opt/airflow/dags/product_processing.py
[2026-05-21T10:52:31.915+0000] {logging_mixin.py:190} INFO - [2026-05-21T10:52:31.914+0000] {dag.py:3239} INFO - Sync 1 DAGs
[2026-05-21T10:52:31.937+0000] {logging_mixin.py:190} INFO - [2026-05-21T10:52:31.936+0000] {dag.py:4180} INFO - Setting next_dagrun for product_processing to 2026-05-20 00:00:00+00:00, run_after=2026-05-21 00:00:00+00:00
[2026-05-21T10:52:31.954+0000] {processor.py:208} INFO - Processing /opt/airflow/dags/product_processing.py took 0.286 seconds
[2026-05-21T10:53:02.505+0000] {processor.py:186} INFO - Started process (PID=14394) to work on /opt/airflow/dags/product_processing.py
[2026-05-21T10:53:02.507+0000] {processor.py:914} INFO - Processing file /opt/airflow/dags/product_processing.py for tasks to queue
[2026-05-21T10:53:02.509+0000] {logging_mixin.py:190} INFO - [2026-05-21T10:53:02.509+0000] {dagbag.py:588} INFO - Filling up the DagBag from /opt/airflow/dags/product_processing.py
[2026-05-21T10:53:02.734+0000] {processor.py:925} INFO - DAG(s) 'product_processing' retrieved from /opt/airflow/dags/product_processing.py
[2026-05-21T10:53:02.756+0000] {logging_mixin.py:190} INFO - [2026-05-21T10:53:02.755+0000] {dag.py:3239} INFO - Sync 1 DAGs
[2026-05-21T10:53:02.775+0000] {logging_mixin.py:190} INFO - [2026-05-21T10:53:02.775+0000] {dag.py:4180} INFO - Setting next_dagrun for product_processing to 2026-05-20 00:00:00+00:00, run_after=2026-05-21 00:00:00+00:00
[2026-05-21T10:53:02.789+0000] {processor.py:208} INFO - Processing /opt/airflow/dags/product_processing.py took 0.289 seconds
[2026-05-21T10:53:32.914+0000] {processor.py:186} INFO - Started process (PID=14409) to work on /opt/airflow/dags/product_processing.py
[2026-05-21T10:53:32.916+0000] {processor.py:914} INFO - Processing file /opt/airflow/dags/product_processing.py for tasks to queue
[2026-05-21T10:53:32.917+0000] {logging_mixin.py:190} INFO - [2026-05-21T10:53:32.916+0000] {dagbag.py:588} INFO - Filling up the DagBag from /opt/airflow/dags/product_processing.py
[2026-05-21T10:53:33.178+0000] {processor.py:925} INFO - DAG(s) 'product_processing' retrieved from /opt/airflow/dags/product_processing.py
[2026-05-21T10:53:33.236+0000] {logging_mixin.py:190} INFO - [2026-05-21T10:53:33.236+0000] {dag.py:3239} INFO - Sync 1 DAGs
[2026-05-21T10:53:33.341+0000] {logging_mixin.py:190} INFO - [2026-05-21T10:53:33.341+0000] {dag.py:4180} INFO - Setting next_dagrun for product_processing to 2026-05-20 00:00:00+00:00, run_after=2026-05-21 00:00:00+00:00
[2026-05-21T10:53:33.395+0000] {processor.py:208} INFO - Processing /opt/airflow/dags/product_processing.py took 0.487 seconds
[2026-05-21T10:54:03.623+0000] {processor.py:186} INFO - Started process (PID=14425) to work on /opt/airflow/dags/product_processing.py
[2026-05-21T10:54:03.623+0000] {processor.py:914} INFO - Processing file /opt/airflow/dags/product_processing.py for tasks to queue
[2026-05-21T10:54:03.624+0000] {logging_mixin.py:190} INFO - [2026-05-21T10:54:03.624+0000] {dagbag.py:588} INFO - Filling up the DagBag from /opt/airflow/dags/product_processing.py
[2026-05-21T10:54:03.824+0000] {processor.py:925} INFO - DAG(s) 'product_processing' retrieved from /opt/airflow/dags/product_processing.py
[2026-05-21T10:54:03.843+0000] {logging_mixin.py:190} INFO - [2026-05-21T10:54:03.843+0000] {dag.py:3239} INFO - Sync 1 DAGs
[2026-05-21T10:54:03.861+0000] {logging_mixin.py:190} INFO - [2026-05-21T10:54:03.860+0000] {dag.py:4180} INFO - Setting next_dagrun for product_processing to 2026-05-20 00:00:00+00:00, run_after=2026-05-21 00:00:00+00:00
[2026-05-21T10:54:03.876+0000] {processor.py:208} INFO - Processing /opt/airflow/dags/product_processing.py took 0.259 seconds
[2026-05-21T10:54:34.696+0000] {processor.py:186} INFO - Started process (PID=14441) to work on /opt/airflow/dags/product_processing.py
[2026-05-21T10:54:34.706+0000] {processor.py:914} INFO - Processing file /opt/airflow/dags/product_processing.py for tasks to queue
[2026-05-21T10:54:34.708+0000] {logging_mixin.py:190} INFO - [2026-05-21T10:54:34.707+0000] {dagbag.py:588} INFO - Filling up the DagBag from /opt/airflow/dags/product_processing.py
[2026-05-21T10:54:35.215+0000] {processor.py:925} INFO - DAG(s) 'product_processing' retrieved from /opt/airflow/dags/product_processing.py
[2026-05-21T10:54:35.233+0000] {logging_mixin.py:190} INFO - [2026-05-21T10:54:35.233+0000] {dag.py:3239} INFO - Sync 1 DAGs
[2026-05-21T10:54:35.251+0000] {logging_mixin.py:190} INFO - [2026-05-21T10:54:35.251+0000] {dag.py:4180} INFO - Setting next_dagrun for product_processing to 2026-05-20 00:00:00+00:00, run_after=2026-05-21 00:00:00+00:00
[2026-05-21T10:54:35.264+0000] {processor.py:208} INFO - Processing /opt/airflow/dags/product_processing.py took 0.578 seconds
[2026-05-21T10:55:05.731+0000] {processor.py:186} INFO - Started process (PID=14457) to work on /opt/airflow/dags/product_processing.py
[2026-05-21T10:55:05.736+0000] {processor.py:914} INFO - Processing file /opt/airflow/dags/product_processing.py for tasks to queue
[2026-05-21T10:55:05.737+0000] {logging_mixin.py:190} INFO - [2026-05-21T10:55:05.737+0000] {dagbag.py:588} INFO - Filling up the DagBag from /opt/airflow/dags/product_processing.py
[2026-05-21T10:55:06.206+0000] {processor.py:925} INFO - DAG(s) 'product_processing' retrieved from /opt/airflow/dags/product_processing.py
[2026-05-21T10:55:06.242+0000] {logging_mixin.py:190} INFO - [2026-05-21T10:55:06.242+0000] {dag.py:3239} INFO - Sync 1 DAGs
[2026-05-21T10:55:06.272+0000] {logging_mixin.py:190} INFO - [2026-05-21T10:55:06.272+0000] {dag.py:4180} INFO - Setting next_dagrun for product_processing to 2026-05-20 00:00:00+00:00, run_after=2026-05-21 00:00:00+00:00
[2026-05-21T10:55:06.295+0000] {processor.py:208} INFO - Processing /opt/airflow/dags/product_processing.py took 0.596 seconds
[2026-05-21T10:55:36.567+0000] {processor.py:186} INFO - Started process (PID=14473) to work on /opt/airflow/dags/product_processing.py
[2026-05-21T10:55:36.568+0000] {processor.py:914} INFO - Processing file /opt/airflow/dags/product_processing.py for tasks to queue
[2026-05-21T10:55:36.570+0000] {logging_mixin.py:190} INFO - [2026-05-21T10:55:36.569+0000] {dagbag.py:588} INFO - Filling up the DagBag from /opt/airflow/dags/product_processing.py
[2026-05-21T10:55:36.792+0000] {processor.py:925} INFO - DAG(s) 'product_processing' retrieved from /opt/airflow/dags/product_processing.py
[2026-05-21T10:55:36.813+0000] {logging_mixin.py:190} INFO - [2026-05-21T10:55:36.812+0000] {dag.py:3239} INFO - Sync 1 DAGs
[2026-05-21T10:55:36.832+0000] {logging_mixin.py:190} INFO - [2026-05-21T10:55:36.832+0000] {dag.py:4180} INFO - Setting next_dagrun for product_processing to 2026-05-20 00:00:00+00:00, run_after=2026-05-21 00:00:00+00:00
[2026-05-21T10:55:36.846+0000] {processor.py:208} INFO - Processing /opt/airflow/dags/product_processing.py took 0.284 seconds
[2026-05-21T10:56:07.275+0000] {processor.py:186} INFO - Started process (PID=14489) to work on /opt/airflow/dags/product_processing.py
[2026-05-21T10:56:07.280+0000] {processor.py:914} INFO - Processing file /opt/airflow/dags/product_processing.py for tasks to queue
[2026-05-21T10:56:07.282+0000] {logging_mixin.py:190} INFO - [2026-05-21T10:56:07.282+0000] {dagbag.py:588} INFO - Filling up the DagBag from /opt/airflow/dags/product_processing.py
[2026-05-21T10:56:07.777+0000] {processor.py:925} INFO - DAG(s) 'product_processing' retrieved from /opt/airflow/dags/product_processing.py
[2026-05-21T10:56:07.819+0000] {logging_mixin.py:190} INFO - [2026-05-21T10:56:07.818+0000] {dag.py:3239} INFO - Sync 1 DAGs
[2026-05-21T10:56:07.865+0000] {logging_mixin.py:190} INFO - [2026-05-21T10:56:07.865+0000] {dag.py:4180} INFO - Setting next_dagrun for product_processing to 2026-05-20 00:00:00+00:00, run_after=2026-05-21 00:00:00+00:00
[2026-05-21T10:56:07.890+0000] {processor.py:208} INFO - Processing /opt/airflow/dags/product_processing.py took 0.628 seconds
[2026-05-21T10:56:38.744+0000] {processor.py:186} INFO - Started process (PID=14505) to work on /opt/airflow/dags/product_processing.py
[2026-05-21T10:56:38.747+0000] {processor.py:914} INFO - Processing file /opt/airflow/dags/product_processing.py for tasks to queue
[2026-05-21T10:56:38.749+0000] {logging_mixin.py:190} INFO - [2026-05-21T10:56:38.749+0000] {dagbag.py:588} INFO - Filling up the DagBag from /opt/airflow/dags/product_processing.py
[2026-05-21T10:56:39.183+0000] {processor.py:925} INFO - DAG(s) 'product_processing' retrieved from /opt/airflow/dags/product_processing.py
[2026-05-21T10:56:39.220+0000] {logging_mixin.py:190} INFO - [2026-05-21T10:56:39.220+0000] {dag.py:3239} INFO - Sync 1 DAGs
[2026-05-21T10:56:39.262+0000] {logging_mixin.py:190} INFO - [2026-05-21T10:56:39.260+0000] {dag.py:4180} INFO - Setting next_dagrun for product_processing to 2026-05-20 00:00:00+00:00, run_after=2026-05-21 00:00:00+00:00
[2026-05-21T10:56:39.285+0000] {processor.py:208} INFO - Processing /opt/airflow/dags/product_processing.py took 0.551 seconds
[2026-05-21T10:57:10.043+0000] {processor.py:186} INFO - Started process (PID=14522) to work on /opt/airflow/dags/product_processing.py
[2026-05-21T10:57:10.046+0000] {processor.py:914} INFO - Processing file /opt/airflow/dags/product_processing.py for tasks to queue
[2026-05-21T10:57:10.047+0000] {logging_mixin.py:190} INFO - [2026-05-21T10:57:10.047+0000] {dagbag.py:588} INFO - Filling up the DagBag from /opt/airflow/dags/product_processing.py
[2026-05-21T10:57:10.974+0000] {processor.py:925} INFO - DAG(s) 'product_processing' retrieved from /opt/airflow/dags/product_processing.py
[2026-05-21T10:57:11.045+0000] {logging_mixin.py:190} INFO - [2026-05-21T10:57:11.045+0000] {dag.py:3239} INFO - Sync 1 DAGs
[2026-05-21T10:57:11.070+0000] {logging_mixin.py:190} INFO - [2026-05-21T10:57:11.070+0000] {dag.py:4180} INFO - Setting next_dagrun for product_processing to 2026-05-20 00:00:00+00:00, run_after=2026-05-21 00:00:00+00:00
[2026-05-21T10:57:11.090+0000] {processor.py:208} INFO - Processing /opt/airflow/dags/product_processing.py took 1.056 seconds
[2026-05-21T10:57:41.343+0000] {processor.py:186} INFO - Started process (PID=14540) to work on /opt/airflow/dags/product_processing.py
[2026-05-21T10:57:41.345+0000] {processor.py:914} INFO - Processing file /opt/airflow/dags/product_processing.py for tasks to queue
[2026-05-21T10:57:41.346+0000] {logging_mixin.py:190} INFO - [2026-05-21T10:57:41.346+0000] {dagbag.py:588} INFO - Filling up the DagBag from /opt/airflow/dags/product_processing.py
[2026-05-21T10:57:41.695+0000] {processor.py:925} INFO - DAG(s) 'product_processing' retrieved from /opt/airflow/dags/product_processing.py
[2026-05-21T10:57:41.737+0000] {logging_mixin.py:190} INFO - [2026-05-21T10:57:41.737+0000] {dag.py:3239} INFO - Sync 1 DAGs
[2026-05-21T10:57:41.757+0000] {logging_mixin.py:190} INFO - [2026-05-21T10:57:41.757+0000] {dag.py:4180} INFO - Setting next_dagrun for product_processing to 2026-05-20 00:00:00+00:00, run_after=2026-05-21 00:00:00+00:00
[2026-05-21T10:57:41.780+0000] {processor.py:208} INFO - Processing /opt/airflow/dags/product_processing.py took 0.446 seconds
[2026-05-21T10:58:11.994+0000] {processor.py:186} INFO - Started process (PID=14555) to work on /opt/airflow/dags/product_processing.py
[2026-05-21T10:58:11.999+0000] {processor.py:914} INFO - Processing file /opt/airflow/dags/product_processing.py for tasks to queue
[2026-05-21T10:58:12.004+0000] {logging_mixin.py:190} INFO - [2026-05-21T10:58:12.000+0000] {dagbag.py:588} INFO - Filling up the DagBag from /opt/airflow/dags/product_processing.py
[2026-05-21T10:58:12.309+0000] {processor.py:925} INFO - DAG(s) 'product_processing' retrieved from /opt/airflow/dags/product_processing.py
[2026-05-21T10:58:12.331+0000] {logging_mixin.py:190} INFO - [2026-05-21T10:58:12.330+0000] {dag.py:3239} INFO - Sync 1 DAGs
[2026-05-21T10:58:12.350+0000] {logging_mixin.py:190} INFO - [2026-05-21T10:58:12.349+0000] {dag.py:4180} INFO - Setting next_dagrun for product_processing to 2026-05-20 00:00:00+00:00, run_after=2026-05-21 00:00:00+00:00
[2026-05-21T10:58:12.365+0000] {processor.py:208} INFO - Processing /opt/airflow/dags/product_processing.py took 0.384 seconds
[2026-05-21T10:58:43.336+0000] {processor.py:186} INFO - Started process (PID=14571) to work on /opt/airflow/dags/product_processing.py
[2026-05-21T10:58:43.337+0000] {processor.py:914} INFO - Processing file /opt/airflow/dags/product_processing.py for tasks to queue
[2026-05-21T10:58:43.338+0000] {logging_mixin.py:190} INFO - [2026-05-21T10:58:43.338+0000] {dagbag.py:588} INFO - Filling up the DagBag from /opt/airflow/dags/product_processing.py
[2026-05-21T10:58:43.602+0000] {processor.py:925} INFO - DAG(s) 'product_processing' retrieved from /opt/airflow/dags/product_processing.py
[2026-05-21T10:58:43.652+0000] {logging_mixin.py:190} INFO - [2026-05-21T10:58:43.650+0000] {dag.py:3239} INFO - Sync 1 DAGs
[2026-05-21T10:58:43.672+0000] {logging_mixin.py:190} INFO - [2026-05-21T10:58:43.672+0000] {dag.py:4180} INFO - Setting next_dagrun for product_processing to 2026-05-20 00:00:00+00:00, run_after=2026-05-21 00:00:00+00:00
[2026-05-21T10:58:43.691+0000] {processor.py:208} INFO - Processing /opt/airflow/dags/product_processing.py took 0.359 seconds
[2026-05-21T10:59:13.971+0000] {processor.py:186} INFO - Started process (PID=14588) to work on /opt/airflow/dags/product_processing.py
[2026-05-21T10:59:13.972+0000] {processor.py:914} INFO - Processing file /opt/airflow/dags/product_processing.py for tasks to queue
[2026-05-21T10:59:13.973+0000] {logging_mixin.py:190} INFO - [2026-05-21T10:59:13.972+0000] {dagbag.py:588} INFO - Filling up the DagBag from /opt/airflow/dags/product_processing.py
[2026-05-21T10:59:14.192+0000] {processor.py:925} INFO - DAG(s) 'product_processing' retrieved from /opt/airflow/dags/product_processing.py
[2026-05-21T10:59:14.211+0000] {logging_mixin.py:190} INFO - [2026-05-21T10:59:14.210+0000] {dag.py:3239} INFO - Sync 1 DAGs
[2026-05-21T10:59:14.231+0000] {logging_mixin.py:190} INFO - [2026-05-21T10:59:14.231+0000] {dag.py:4180} INFO - Setting next_dagrun for product_processing to 2026-05-20 00:00:00+00:00, run_after=2026-05-21 00:00:00+00:00
[2026-05-21T10:59:14.243+0000] {processor.py:208} INFO - Processing /opt/airflow/dags/product_processing.py took 0.277 seconds
[2026-05-21T10:59:44.432+0000] {processor.py:186} INFO - Started process (PID=14604) to work on /opt/airflow/dags/product_processing.py
[2026-05-21T10:59:44.432+0000] {processor.py:914} INFO - Processing file /opt/airflow/dags/product_processing.py for tasks to queue
[2026-05-21T10:59:44.433+0000] {logging_mixin.py:190} INFO - [2026-05-21T10:59:44.433+0000] {dagbag.py:588} INFO - Filling up the DagBag from /opt/airflow/dags/product_processing.py
[2026-05-21T10:59:44.649+0000] {processor.py:925} INFO - DAG(s) 'product_processing' retrieved from /opt/airflow/dags/product_processing.py
[2026-05-21T10:59:44.674+0000] {logging_mixin.py:190} INFO - [2026-05-21T10:59:44.673+0000] {dag.py:3239} INFO - Sync 1 DAGs
[2026-05-21T10:59:44.696+0000] {logging_mixin.py:190} INFO - [2026-05-21T10:59:44.696+0000] {dag.py:4180} INFO - Setting next_dagrun for product_processing to 2026-05-20 00:00:00+00:00, run_after=2026-05-21 00:00:00+00:00
[2026-05-21T10:59:44.711+0000] {processor.py:208} INFO - Processing /opt/airflow/dags/product_processing.py took 0.283 seconds
[2026-05-21T11:00:15.260+0000] {processor.py:186} INFO - Started process (PID=14620) to work on /opt/airflow/dags/product_processing.py
[2026-05-21T11:00:15.261+0000] {processor.py:914} INFO - Processing file /opt/airflow/dags/product_processing.py for tasks to queue
[2026-05-21T11:00:15.262+0000] {logging_mixin.py:190} INFO - [2026-05-21T11:00:15.261+0000] {dagbag.py:588} INFO - Filling up the DagBag from /opt/airflow/dags/product_processing.py
[2026-05-21T11:00:15.532+0000] {processor.py:925} INFO - DAG(s) 'product_processing' retrieved from /opt/airflow/dags/product_processing.py
[2026-05-21T11:00:15.601+0000] {logging_mixin.py:190} INFO - [2026-05-21T11:00:15.600+0000] {dag.py:3239} INFO - Sync 1 DAGs
[2026-05-21T11:00:15.634+0000] {logging_mixin.py:190} INFO - [2026-05-21T11:00:15.634+0000] {dag.py:4180} INFO - Setting next_dagrun for product_processing to 2026-05-20 00:00:00+00:00, run_after=2026-05-21 00:00:00+00:00
[2026-05-21T11:00:15.650+0000] {processor.py:208} INFO - Processing /opt/airflow/dags/product_processing.py took 0.403 seconds
[2026-05-21T11:00:46.503+0000] {processor.py:186} INFO - Started process (PID=14635) to work on /opt/airflow/dags/product_processing.py
[2026-05-21T11:00:46.504+0000] {processor.py:914} INFO - Processing file /opt/airflow/dags/product_processing.py for tasks to queue
[2026-05-21T11:00:46.505+0000] {logging_mixin.py:190} INFO - [2026-05-21T11:00:46.505+0000] {dagbag.py:588} INFO - Filling up the DagBag from /opt/airflow/dags/product_processing.py
[2026-05-21T11:00:46.753+0000] {processor.py:925} INFO - DAG(s) 'product_processing' retrieved from /opt/airflow/dags/product_processing.py
[2026-05-21T11:00:46.771+0000] {logging_mixin.py:190} INFO - [2026-05-21T11:00:46.771+0000] {dag.py:3239} INFO - Sync 1 DAGs
[2026-05-21T11:00:46.797+0000] {logging_mixin.py:190} INFO - [2026-05-21T11:00:46.797+0000] {dag.py:4180} INFO - Setting next_dagrun for product_processing to 2026-05-20 00:00:00+00:00, run_after=2026-05-21 00:00:00+00:00
[2026-05-21T11:00:46.822+0000] {processor.py:208} INFO - Processing /opt/airflow/dags/product_processing.py took 0.332 seconds
[2026-05-21T11:01:17.313+0000] {processor.py:186} INFO - Started process (PID=14651) to work on /opt/airflow/dags/product_processing.py
[2026-05-21T11:01:17.315+0000] {processor.py:914} INFO - Processing file /opt/airflow/dags/product_processing.py for tasks to queue
[2026-05-21T11:01:17.316+0000] {logging_mixin.py:190} INFO - [2026-05-21T11:01:17.316+0000] {dagbag.py:588} INFO - Filling up the DagBag from /opt/airflow/dags/product_processing.py
[2026-05-21T11:01:17.549+0000] {processor.py:925} INFO - DAG(s) 'product_processing' retrieved from /opt/airflow/dags/product_processing.py
[2026-05-21T11:01:17.569+0000] {logging_mixin.py:190} INFO - [2026-05-21T11:01:17.569+0000] {dag.py:3239} INFO - Sync 1 DAGs
[2026-05-21T11:01:17.587+0000] {logging_mixin.py:190} INFO - [2026-05-21T11:01:17.587+0000] {dag.py:4180} INFO - Setting next_dagrun for product_processing to 2026-05-20 00:00:00+00:00, run_after=2026-05-21 00:00:00+00:00
[2026-05-21T11:01:17.600+0000] {processor.py:208} INFO - Processing /opt/airflow/dags/product_processing.py took 0.296 seconds
[2026-05-21T11:01:47.824+0000] {processor.py:186} INFO - Started process (PID=14666) to work on /opt/airflow/dags/product_processing.py
[2026-05-21T11:01:47.824+0000] {processor.py:914} INFO - Processing file /opt/airflow/dags/product_processing.py for tasks to queue
[2026-05-21T11:01:47.825+0000] {logging_mixin.py:190} INFO - [2026-05-21T11:01:47.825+0000] {dagbag.py:588} INFO - Filling up the DagBag from /opt/airflow/dags/product_processing.py
[2026-05-21T11:01:48.034+0000] {processor.py:925} INFO - DAG(s) 'product_processing' retrieved from /opt/airflow/dags/product_processing.py
[2026-05-21T11:01:48.052+0000] {logging_mixin.py:190} INFO - [2026-05-21T11:01:48.052+0000] {dag.py:3239} INFO - Sync 1 DAGs
[2026-05-21T11:01:48.069+0000] {logging_mixin.py:190} INFO - [2026-05-21T11:01:48.069+0000] {dag.py:4180} INFO - Setting next_dagrun for product_processing to 2026-05-20 00:00:00+00:00, run_after=2026-05-21 00:00:00+00:00
[2026-05-21T11:01:48.081+0000] {processor.py:208} INFO - Processing /opt/airflow/dags/product_processing.py took 0.264 seconds
[2026-05-21T11:02:18.707+0000] {processor.py:186} INFO - Started process (PID=14682) to work on /opt/airflow/dags/product_processing.py
[2026-05-21T11:02:18.719+0000] {processor.py:914} INFO - Processing file /opt/airflow/dags/product_processing.py for tasks to queue
[2026-05-21T11:02:18.720+0000] {logging_mixin.py:190} INFO - [2026-05-21T11:02:18.720+0000] {dagbag.py:588} INFO - Filling up the DagBag from /opt/airflow/dags/product_processing.py
[2026-05-21T11:02:19.037+0000] {processor.py:925} INFO - DAG(s) 'product_processing' retrieved from /opt/airflow/dags/product_processing.py
[2026-05-21T11:02:19.064+0000] {logging_mixin.py:190} INFO - [2026-05-21T11:02:19.063+0000] {dag.py:3239} INFO - Sync 1 DAGs
[2026-05-21T11:02:19.084+0000] {logging_mixin.py:190} INFO - [2026-05-21T11:02:19.084+0000] {dag.py:4180} INFO - Setting next_dagrun for product_processing to 2026-05-20 00:00:00+00:00, run_after=2026-05-21 00:00:00+00:00
[2026-05-21T11:02:19.100+0000] {processor.py:208} INFO - Processing /opt/airflow/dags/product_processing.py took 0.399 seconds
[2026-05-21T11:02:49.914+0000] {processor.py:186} INFO - Started process (PID=14697) to work on /opt/airflow/dags/product_processing.py
[2026-05-21T11:02:49.916+0000] {processor.py:914} INFO - Processing file /opt/airflow/dags/product_processing.py for tasks to queue
[2026-05-21T11:02:49.918+0000] {logging_mixin.py:190} INFO - [2026-05-21T11:02:49.918+0000] {dagbag.py:588} INFO - Filling up the DagBag from /opt/airflow/dags/product_processing.py
[2026-05-21T11:02:50.439+0000] {processor.py:925} INFO - DAG(s) 'product_processing' retrieved from /opt/airflow/dags/product_processing.py
[2026-05-21T11:02:50.464+0000] {logging_mixin.py:190} INFO - [2026-05-21T11:02:50.464+0000] {dag.py:3239} INFO - Sync 1 DAGs
[2026-05-21T11:02:50.484+0000] {logging_mixin.py:190} INFO - [2026-05-21T11:02:50.484+0000] {dag.py:4180} INFO - Setting next_dagrun for product_processing to 2026-05-20 00:00:00+00:00, run_after=2026-05-21 00:00:00+00:00
[2026-05-21T11:02:50.498+0000] {processor.py:208} INFO - Processing /opt/airflow/dags/product_processing.py took 0.598 seconds
[2026-05-21T11:03:21.415+0000] {processor.py:186} INFO - Started process (PID=14712) to work on /opt/airflow/dags/product_processing.py
[2026-05-21T11:03:21.417+0000] {processor.py:914} INFO - Processing file /opt/airflow/dags/product_processing.py for tasks to queue
[2026-05-21T11:03:21.421+0000] {logging_mixin.py:190} INFO - [2026-05-21T11:03:21.418+0000] {dagbag.py:588} INFO - Filling up the DagBag from /opt/airflow/dags/product_processing.py
[2026-05-21T11:03:22.332+0000] {processor.py:925} INFO - DAG(s) 'product_processing' retrieved from /opt/airflow/dags/product_processing.py
[2026-05-21T11:03:22.367+0000] {logging_mixin.py:190} INFO - [2026-05-21T11:03:22.367+0000] {dag.py:3239} INFO - Sync 1 DAGs
[2026-05-21T11:03:22.412+0000] {logging_mixin.py:190} INFO - [2026-05-21T11:03:22.411+0000] {dag.py:4180} INFO - Setting next_dagrun for product_processing to 2026-05-20 00:00:00+00:00, run_after=2026-05-21 00:00:00+00:00
[2026-05-21T11:03:22.445+0000] {processor.py:208} INFO - Processing /opt/airflow/dags/product_processing.py took 1.046 seconds
[2026-05-21T11:03:52.961+0000] {processor.py:186} INFO - Started process (PID=14728) to work on /opt/airflow/dags/product_processing.py
[2026-05-21T11:03:52.962+0000] {processor.py:914} INFO - Processing file /opt/airflow/dags/product_processing.py for tasks to queue
[2026-05-21T11:03:52.963+0000] {logging_mixin.py:190} INFO - [2026-05-21T11:03:52.963+0000] {dagbag.py:588} INFO - Filling up the DagBag from /opt/airflow/dags/product_processing.py
[2026-05-21T11:03:53.383+0000] {processor.py:925} INFO - DAG(s) 'product_processing' retrieved from /opt/airflow/dags/product_processing.py
[2026-05-21T11:03:53.406+0000] {logging_mixin.py:190} INFO - [2026-05-21T11:03:53.405+0000] {dag.py:3239} INFO - Sync 1 DAGs
[2026-05-21T11:03:53.429+0000] {logging_mixin.py:190} INFO - [2026-05-21T11:03:53.428+0000] {dag.py:4180} INFO - Setting next_dagrun for product_processing to 2026-05-20 00:00:00+00:00, run_after=2026-05-21 00:00:00+00:00
[2026-05-21T11:03:53.448+0000] {processor.py:208} INFO - Processing /opt/airflow/dags/product_processing.py took 0.491 seconds
[2026-05-21T11:04:23.985+0000] {processor.py:186} INFO - Started process (PID=14743) to work on /opt/airflow/dags/product_processing.py
[2026-05-21T11:04:23.986+0000] {processor.py:914} INFO - Processing file /opt/airflow/dags/product_processing.py for tasks to queue
[2026-05-21T11:04:23.988+0000] {logging_mixin.py:190} INFO - [2026-05-21T11:04:23.987+0000] {dagbag.py:588} INFO - Filling up the DagBag from /opt/airflow/dags/product_processing.py
[2026-05-21T11:04:24.216+0000] {processor.py:925} INFO - DAG(s) 'product_processing' retrieved from /opt/airflow/dags/product_processing.py
[2026-05-21T11:04:24.238+0000] {logging_mixin.py:190} INFO - [2026-05-21T11:04:24.237+0000] {dag.py:3239} INFO - Sync 1 DAGs
[2026-05-21T11:04:24.257+0000] {logging_mixin.py:190} INFO - [2026-05-21T11:04:24.257+0000] {dag.py:4180} INFO - Setting next_dagrun for product_processing to 2026-05-20 00:00:00+00:00, run_after=2026-05-21 00:00:00+00:00
[2026-05-21T11:04:24.277+0000] {processor.py:208} INFO - Processing /opt/airflow/dags/product_processing.py took 0.298 seconds
[2026-05-21T11:04:54.778+0000] {processor.py:186} INFO - Started process (PID=14759) to work on /opt/airflow/dags/product_processing.py
[2026-05-21T11:04:54.779+0000] {processor.py:914} INFO - Processing file /opt/airflow/dags/product_processing.py for tasks to queue
[2026-05-21T11:04:54.780+0000] {logging_mixin.py:190} INFO - [2026-05-21T11:04:54.780+0000] {dagbag.py:588} INFO - Filling up the DagBag from /opt/airflow/dags/product_processing.py
[2026-05-21T11:04:54.989+0000] {processor.py:925} INFO - DAG(s) 'product_processing' retrieved from /opt/airflow/dags/product_processing.py
[2026-05-21T11:04:55.006+0000] {logging_mixin.py:190} INFO - [2026-05-21T11:04:55.006+0000] {dag.py:3239} INFO - Sync 1 DAGs
[2026-05-21T11:04:55.024+0000] {logging_mixin.py:190} INFO - [2026-05-21T11:04:55.024+0000] {dag.py:4180} INFO - Setting next_dagrun for product_processing to 2026-05-20 00:00:00+00:00, run_after=2026-05-21 00:00:00+00:00
[2026-05-21T11:04:55.044+0000] {processor.py:208} INFO - Processing /opt/airflow/dags/product_processing.py took 0.271 seconds
[2026-05-21T11:05:25.551+0000] {processor.py:186} INFO - Started process (PID=14775) to work on /opt/airflow/dags/product_processing.py
[2026-05-21T11:05:25.554+0000] {processor.py:914} INFO - Processing file /opt/airflow/dags/product_processing.py for tasks to queue
[2026-05-21T11:05:25.557+0000] {logging_mixin.py:190} INFO - [2026-05-21T11:05:25.557+0000] {dagbag.py:588} INFO - Filling up the DagBag from /opt/airflow/dags/product_processing.py
[2026-05-21T11:05:26.003+0000] {processor.py:925} INFO - DAG(s) 'product_processing' retrieved from /opt/airflow/dags/product_processing.py
[2026-05-21T11:05:26.038+0000] {logging_mixin.py:190} INFO - [2026-05-21T11:05:26.038+0000] {dag.py:3239} INFO - Sync 1 DAGs
[2026-05-21T11:05:26.074+0000] {logging_mixin.py:190} INFO - [2026-05-21T11:05:26.073+0000] {dag.py:4180} INFO - Setting next_dagrun for product_processing to 2026-05-20 00:00:00+00:00, run_after=2026-05-21 00:00:00+00:00
[2026-05-21T11:05:26.102+0000] {processor.py:208} INFO - Processing /opt/airflow/dags/product_processing.py took 0.567 seconds
[2026-05-21T11:05:56.509+0000] {processor.py:186} INFO - Started process (PID=14791) to work on /opt/airflow/dags/product_processing.py
[2026-05-21T11:05:56.510+0000] {processor.py:914} INFO - Processing file /opt/airflow/dags/product_processing.py for tasks to queue
[2026-05-21T11:05:56.512+0000] {logging_mixin.py:190} INFO - [2026-05-21T11:05:56.511+0000] {dagbag.py:588} INFO - Filling up the DagBag from /opt/airflow/dags/product_processing.py
[2026-05-21T11:05:56.704+0000] {processor.py:925} INFO - DAG(s) 'product_processing' retrieved from /opt/airflow/dags/product_processing.py
[2026-05-21T11:05:56.726+0000] {logging_mixin.py:190} INFO - [2026-05-21T11:05:56.725+0000] {dag.py:3239} INFO - Sync 1 DAGs
[2026-05-21T11:05:56.744+0000] {logging_mixin.py:190} INFO - [2026-05-21T11:05:56.743+0000] {dag.py:4180} INFO - Setting next_dagrun for product_processing to 2026-05-20 00:00:00+00:00, run_after=2026-05-21 00:00:00+00:00
[2026-05-21T11:05:56.758+0000] {processor.py:208} INFO - Processing /opt/airflow/dags/product_processing.py took 0.256 seconds
[2026-05-21T11:06:26.831+0000] {processor.py:186} INFO - Started process (PID=14806) to work on /opt/airflow/dags/product_processing.py
[2026-05-21T11:06:26.832+0000] {processor.py:914} INFO - Processing file /opt/airflow/dags/product_processing.py for tasks to queue
[2026-05-21T11:06:26.832+0000] {logging_mixin.py:190} INFO - [2026-05-21T11:06:26.832+0000] {dagbag.py:588} INFO - Filling up the DagBag from /opt/airflow/dags/product_processing.py
[2026-05-21T11:06:27.061+0000] {processor.py:925} INFO - DAG(s) 'product_processing' retrieved from /opt/airflow/dags/product_processing.py
[2026-05-21T11:06:27.082+0000] {logging_mixin.py:190} INFO - [2026-05-21T11:06:27.082+0000] {dag.py:3239} INFO - Sync 1 DAGs
[2026-05-21T11:06:27.102+0000] {logging_mixin.py:190} INFO - [2026-05-21T11:06:27.102+0000] {dag.py:4180} INFO - Setting next_dagrun for product_processing to 2026-05-20 00:00:00+00:00, run_after=2026-05-21 00:00:00+00:00
[2026-05-21T11:06:27.115+0000] {processor.py:208} INFO - Processing /opt/airflow/dags/product_processing.py took 0.289 seconds
[2026-05-21T11:06:58.064+0000] {processor.py:186} INFO - Started process (PID=14822) to work on /opt/airflow/dags/product_processing.py
[2026-05-21T11:06:58.065+0000] {processor.py:914} INFO - Processing file /opt/airflow/dags/product_processing.py for tasks to queue
[2026-05-21T11:06:58.066+0000] {logging_mixin.py:190} INFO - [2026-05-21T11:06:58.066+0000] {dagbag.py:588} INFO - Filling up the DagBag from /opt/airflow/dags/product_processing.py
[2026-05-21T11:06:58.308+0000] {processor.py:925} INFO - DAG(s) 'product_processing' retrieved from /opt/airflow/dags/product_processing.py
[2026-05-21T11:06:58.334+0000] {logging_mixin.py:190} INFO - [2026-05-21T11:06:58.334+0000] {dag.py:3239} INFO - Sync 1 DAGs
[2026-05-21T11:06:58.353+0000] {logging_mixin.py:190} INFO - [2026-05-21T11:06:58.353+0000] {dag.py:4180} INFO - Setting next_dagrun for product_processing to 2026-05-20 00:00:00+00:00, run_after=2026-05-21 00:00:00+00:00
[2026-05-21T11:06:58.369+0000] {processor.py:208} INFO - Processing /opt/airflow/dags/product_processing.py took 0.318 seconds
[2026-05-21T11:07:29.028+0000] {processor.py:186} INFO - Started process (PID=14838) to work on /opt/airflow/dags/product_processing.py
[2026-05-21T11:07:29.031+0000] {processor.py:914} INFO - Processing file /opt/airflow/dags/product_processing.py for tasks to queue
[2026-05-21T11:07:29.032+0000] {logging_mixin.py:190} INFO - [2026-05-21T11:07:29.031+0000] {dagbag.py:588} INFO - Filling up the DagBag from /opt/airflow/dags/product_processing.py
[2026-05-21T11:07:29.241+0000] {processor.py:925} INFO - DAG(s) 'product_processing' retrieved from /opt/airflow/dags/product_processing.py
[2026-05-21T11:07:29.261+0000] {logging_mixin.py:190} INFO - [2026-05-21T11:07:29.261+0000] {dag.py:3239} INFO - Sync 1 DAGs
[2026-05-21T11:07:29.283+0000] {logging_mixin.py:190} INFO - [2026-05-21T11:07:29.282+0000] {dag.py:4180} INFO - Setting next_dagrun for product_processing to 2026-05-20 00:00:00+00:00, run_after=2026-05-21 00:00:00+00:00
[2026-05-21T11:07:29.299+0000] {processor.py:208} INFO - Processing /opt/airflow/dags/product_processing.py took 0.275 seconds
[2026-05-21T11:08:00.186+0000] {processor.py:186} INFO - Started process (PID=14853) to work on /opt/airflow/dags/product_processing.py
[2026-05-21T11:08:00.188+0000] {processor.py:914} INFO - Processing file /opt/airflow/dags/product_processing.py for tasks to queue
[2026-05-21T11:08:00.189+0000] {logging_mixin.py:190} INFO - [2026-05-21T11:08:00.189+0000] {dagbag.py:588} INFO - Filling up the DagBag from /opt/airflow/dags/product_processing.py
[2026-05-21T11:08:00.399+0000] {processor.py:925} INFO - DAG(s) 'product_processing' retrieved from /opt/airflow/dags/product_processing.py
[2026-05-21T11:08:00.419+0000] {logging_mixin.py:190} INFO - [2026-05-21T11:08:00.418+0000] {dag.py:3239} INFO - Sync 1 DAGs
[2026-05-21T11:08:00.445+0000] {logging_mixin.py:190} INFO - [2026-05-21T11:08:00.444+0000] {dag.py:4180} INFO - Setting next_dagrun for product_processing to 2026-05-20 00:00:00+00:00, run_after=2026-05-21 00:00:00+00:00
[2026-05-21T11:08:00.458+0000] {processor.py:208} INFO - Processing /opt/airflow/dags/product_processing.py took 0.278 seconds
[2026-05-21T11:08:30.841+0000] {processor.py:186} INFO - Started process (PID=14869) to work on /opt/airflow/dags/product_processing.py
[2026-05-21T11:08:30.841+0000] {processor.py:914} INFO - Processing file /opt/airflow/dags/product_processing.py for tasks to queue
[2026-05-21T11:08:30.842+0000] {logging_mixin.py:190} INFO - [2026-05-21T11:08:30.842+0000] {dagbag.py:588} INFO - Filling up the DagBag from /opt/airflow/dags/product_processing.py
[2026-05-21T11:08:31.044+0000] {processor.py:925} INFO - DAG(s) 'product_processing' retrieved from /opt/airflow/dags/product_processing.py
[2026-05-21T11:08:31.062+0000] {logging_mixin.py:190} INFO - [2026-05-21T11:08:31.061+0000] {dag.py:3239} INFO - Sync 1 DAGs
[2026-05-21T11:08:31.080+0000] {logging_mixin.py:190} INFO - [2026-05-21T11:08:31.080+0000] {dag.py:4180} INFO - Setting next_dagrun for product_processing to 2026-05-20 00:00:00+00:00, run_after=2026-05-21 00:00:00+00:00
[2026-05-21T11:08:31.094+0000] {processor.py:208} INFO - Processing /opt/airflow/dags/product_processing.py took 0.258 seconds
[2026-05-21T11:09:01.149+0000] {processor.py:186} INFO - Started process (PID=14884) to work on /opt/airflow/dags/product_processing.py
[2026-05-21T11:09:01.152+0000] {processor.py:914} INFO - Processing file /opt/airflow/dags/product_processing.py for tasks to queue
[2026-05-21T11:09:01.153+0000] {logging_mixin.py:190} INFO - [2026-05-21T11:09:01.152+0000] {dagbag.py:588} INFO - Filling up the DagBag from /opt/airflow/dags/product_processing.py
[2026-05-21T11:09:01.350+0000] {processor.py:925} INFO - DAG(s) 'product_processing' retrieved from /opt/airflow/dags/product_processing.py
[2026-05-21T11:09:01.368+0000] {logging_mixin.py:190} INFO - [2026-05-21T11:09:01.368+0000] {dag.py:3239} INFO - Sync 1 DAGs
[2026-05-21T11:09:01.386+0000] {logging_mixin.py:190} INFO - [2026-05-21T11:09:01.386+0000] {dag.py:4180} INFO - Setting next_dagrun for product_processing to 2026-05-20 00:00:00+00:00, run_after=2026-05-21 00:00:00+00:00
[2026-05-21T11:09:01.400+0000] {processor.py:208} INFO - Processing /opt/airflow/dags/product_processing.py took 0.255 seconds
[2026-05-21T11:09:31.425+0000] {processor.py:186} INFO - Started process (PID=14900) to work on /opt/airflow/dags/product_processing.py
[2026-05-21T11:09:31.426+0000] {processor.py:914} INFO - Processing file /opt/airflow/dags/product_processing.py for tasks to queue
[2026-05-21T11:09:31.427+0000] {logging_mixin.py:190} INFO - [2026-05-21T11:09:31.427+0000] {dagbag.py:588} INFO - Filling up the DagBag from /opt/airflow/dags/product_processing.py
[2026-05-21T11:09:31.625+0000] {processor.py:925} INFO - DAG(s) 'product_processing' retrieved from /opt/airflow/dags/product_processing.py
[2026-05-21T11:09:31.644+0000] {logging_mixin.py:190} INFO - [2026-05-21T11:09:31.644+0000] {dag.py:3239} INFO - Sync 1 DAGs
[2026-05-21T11:09:31.662+0000] {logging_mixin.py:190} INFO - [2026-05-21T11:09:31.662+0000] {dag.py:4180} INFO - Setting next_dagrun for product_processing to 2026-05-20 00:00:00+00:00, run_after=2026-05-21 00:00:00+00:00
[2026-05-21T11:09:31.677+0000] {processor.py:208} INFO - Processing /opt/airflow/dags/product_processing.py took 0.258 seconds
[2026-05-21T11:10:01.710+0000] {processor.py:186} INFO - Started process (PID=14916) to work on /opt/airflow/dags/product_processing.py
[2026-05-21T11:10:01.711+0000] {processor.py:914} INFO - Processing file /opt/airflow/dags/product_processing.py for tasks to queue
[2026-05-21T11:10:01.712+0000] {logging_mixin.py:190} INFO - [2026-05-21T11:10:01.712+0000] {dagbag.py:588} INFO - Filling up the DagBag from /opt/airflow/dags/product_processing.py
[2026-05-21T11:10:01.974+0000] {processor.py:925} INFO - DAG(s) 'product_processing' retrieved from /opt/airflow/dags/product_processing.py
[2026-05-21T11:10:01.994+0000] {logging_mixin.py:190} INFO - [2026-05-21T11:10:01.994+0000] {dag.py:3239} INFO - Sync 1 DAGs
[2026-05-21T11:10:02.015+0000] {logging_mixin.py:190} INFO - [2026-05-21T11:10:02.015+0000] {dag.py:4180} INFO - Setting next_dagrun for product_processing to 2026-05-20 00:00:00+00:00, run_after=2026-05-21 00:00:00+00:00
[2026-05-21T11:10:02.029+0000] {processor.py:208} INFO - Processing /opt/airflow/dags/product_processing.py took 0.326 seconds
[2026-05-21T11:10:32.109+0000] {processor.py:186} INFO - Started process (PID=14932) to work on /opt/airflow/dags/product_processing.py
[2026-05-21T11:10:32.110+0000] {processor.py:914} INFO - Processing file /opt/airflow/dags/product_processing.py for tasks to queue
[2026-05-21T11:10:32.110+0000] {logging_mixin.py:190} INFO - [2026-05-21T11:10:32.110+0000] {dagbag.py:588} INFO - Filling up the DagBag from /opt/airflow/dags/product_processing.py
[2026-05-21T11:10:32.307+0000] {processor.py:925} INFO - DAG(s) 'product_processing' retrieved from /opt/airflow/dags/product_processing.py
[2026-05-21T11:10:32.325+0000] {logging_mixin.py:190} INFO - [2026-05-21T11:10:32.324+0000] {dag.py:3239} INFO - Sync 1 DAGs
[2026-05-21T11:10:32.342+0000] {logging_mixin.py:190} INFO - [2026-05-21T11:10:32.342+0000] {dag.py:4180} INFO - Setting next_dagrun for product_processing to 2026-05-20 00:00:00+00:00, run_after=2026-05-21 00:00:00+00:00
[2026-05-21T11:10:32.359+0000] {processor.py:208} INFO - Processing /opt/airflow/dags/product_processing.py took 0.254 seconds
[2026-05-21T11:11:02.916+0000] {processor.py:186} INFO - Started process (PID=14948) to work on /opt/airflow/dags/product_processing.py
[2026-05-21T11:11:02.918+0000] {processor.py:914} INFO - Processing file /opt/airflow/dags/product_processing.py for tasks to queue
[2026-05-21T11:11:02.918+0000] {logging_mixin.py:190} INFO - [2026-05-21T11:11:02.918+0000] {dagbag.py:588} INFO - Filling up the DagBag from /opt/airflow/dags/product_processing.py
[2026-05-21T11:11:03.121+0000] {processor.py:925} INFO - DAG(s) 'product_processing' retrieved from /opt/airflow/dags/product_processing.py
[2026-05-21T11:11:03.138+0000] {logging_mixin.py:190} INFO - [2026-05-21T11:11:03.138+0000] {dag.py:3239} INFO - Sync 1 DAGs
[2026-05-21T11:11:03.157+0000] {logging_mixin.py:190} INFO - [2026-05-21T11:11:03.157+0000] {dag.py:4180} INFO - Setting next_dagrun for product_processing to 2026-05-20 00:00:00+00:00, run_after=2026-05-21 00:00:00+00:00
[2026-05-21T11:11:03.173+0000] {processor.py:208} INFO - Processing /opt/airflow/dags/product_processing.py took 0.262 seconds
[2026-05-21T11:11:33.550+0000] {processor.py:186} INFO - Started process (PID=14970) to work on /opt/airflow/dags/product_processing.py
[2026-05-21T11:11:33.551+0000] {processor.py:914} INFO - Processing file /opt/airflow/dags/product_processing.py for tasks to queue
[2026-05-21T11:11:33.552+0000] {logging_mixin.py:190} INFO - [2026-05-21T11:11:33.552+0000] {dagbag.py:588} INFO - Filling up the DagBag from /opt/airflow/dags/product_processing.py
[2026-05-21T11:11:33.769+0000] {processor.py:925} INFO - DAG(s) 'product_processing' retrieved from /opt/airflow/dags/product_processing.py
[2026-05-21T11:11:33.787+0000] {logging_mixin.py:190} INFO - [2026-05-21T11:11:33.787+0000] {dag.py:3239} INFO - Sync 1 DAGs
[2026-05-21T11:11:33.805+0000] {logging_mixin.py:190} INFO - [2026-05-21T11:11:33.805+0000] {dag.py:4180} INFO - Setting next_dagrun for product_processing to 2026-05-20 00:00:00+00:00, run_after=2026-05-21 00:00:00+00:00
[2026-05-21T11:11:33.819+0000] {processor.py:208} INFO - Processing /opt/airflow/dags/product_processing.py took 0.274 seconds
[2026-05-21T11:12:04.549+0000] {processor.py:186} INFO - Started process (PID=14986) to work on /opt/airflow/dags/product_processing.py
[2026-05-21T11:12:04.550+0000] {processor.py:914} INFO - Processing file /opt/airflow/dags/product_processing.py for tasks to queue
[2026-05-21T11:12:04.552+0000] {logging_mixin.py:190} INFO - [2026-05-21T11:12:04.551+0000] {dagbag.py:588} INFO - Filling up the DagBag from /opt/airflow/dags/product_processing.py
[2026-05-21T11:12:04.763+0000] {processor.py:925} INFO - DAG(s) 'product_processing' retrieved from /opt/airflow/dags/product_processing.py
[2026-05-21T11:12:04.791+0000] {logging_mixin.py:190} INFO - [2026-05-21T11:12:04.791+0000] {dag.py:3239} INFO - Sync 1 DAGs
[2026-05-21T11:12:04.812+0000] {logging_mixin.py:190} INFO - [2026-05-21T11:12:04.811+0000] {dag.py:4180} INFO - Setting next_dagrun for product_processing to 2026-05-20 00:00:00+00:00, run_after=2026-05-21 00:00:00+00:00
[2026-05-21T11:12:04.824+0000] {processor.py:208} INFO - Processing /opt/airflow/dags/product_processing.py took 0.284 seconds
[2026-05-21T11:12:35.265+0000] {processor.py:186} INFO - Started process (PID=15002) to work on /opt/airflow/dags/product_processing.py
[2026-05-21T11:12:35.266+0000] {processor.py:914} INFO - Processing file /opt/airflow/dags/product_processing.py for tasks to queue
[2026-05-21T11:12:35.267+0000] {logging_mixin.py:190} INFO - [2026-05-21T11:12:35.267+0000] {dagbag.py:588} INFO - Filling up the DagBag from /opt/airflow/dags/product_processing.py
[2026-05-21T11:12:35.504+0000] {processor.py:925} INFO - DAG(s) 'product_processing' retrieved from /opt/airflow/dags/product_processing.py
[2026-05-21T11:12:35.525+0000] {logging_mixin.py:190} INFO - [2026-05-21T11:12:35.524+0000] {dag.py:3239} INFO - Sync 1 DAGs
[2026-05-21T11:12:35.544+0000] {logging_mixin.py:190} INFO - [2026-05-21T11:12:35.544+0000] {dag.py:4180} INFO - Setting next_dagrun for product_processing to 2026-05-20 00:00:00+00:00, run_after=2026-05-21 00:00:00+00:00
[2026-05-21T11:12:35.562+0000] {processor.py:208} INFO - Processing /opt/airflow/dags/product_processing.py took 0.301 seconds
[2026-05-21T11:13:05.713+0000] {processor.py:186} INFO - Started process (PID=15018) to work on /opt/airflow/dags/product_processing.py
[2026-05-21T11:13:05.721+0000] {processor.py:914} INFO - Processing file /opt/airflow/dags/product_processing.py for tasks to queue
[2026-05-21T11:13:05.725+0000] {logging_mixin.py:190} INFO - [2026-05-21T11:13:05.724+0000] {dagbag.py:588} INFO - Filling up the DagBag from /opt/airflow/dags/product_processing.py
[2026-05-21T11:13:06.186+0000] {processor.py:925} INFO - DAG(s) 'product_processing' retrieved from /opt/airflow/dags/product_processing.py
[2026-05-21T11:13:06.225+0000] {logging_mixin.py:190} INFO - [2026-05-21T11:13:06.224+0000] {dag.py:3239} INFO - Sync 1 DAGs
[2026-05-21T11:13:06.260+0000] {logging_mixin.py:190} INFO - [2026-05-21T11:13:06.260+0000] {dag.py:4180} INFO - Setting next_dagrun for product_processing to 2026-05-20 00:00:00+00:00, run_after=2026-05-21 00:00:00+00:00
[2026-05-21T11:13:06.302+0000] {processor.py:208} INFO - Processing /opt/airflow/dags/product_processing.py took 0.600 seconds
[2026-05-21T11:13:37.103+0000] {processor.py:186} INFO - Started process (PID=15033) to work on /opt/airflow/dags/product_processing.py
[2026-05-21T11:13:37.108+0000] {processor.py:914} INFO - Processing file /opt/airflow/dags/product_processing.py for tasks to queue
[2026-05-21T11:13:37.109+0000] {logging_mixin.py:190} INFO - [2026-05-21T11:13:37.109+0000] {dagbag.py:588} INFO - Filling up the DagBag from /opt/airflow/dags/product_processing.py
[2026-05-21T11:13:37.780+0000] {processor.py:925} INFO - DAG(s) 'product_processing' retrieved from /opt/airflow/dags/product_processing.py
[2026-05-21T11:13:37.914+0000] {logging_mixin.py:190} INFO - [2026-05-21T11:13:37.913+0000] {dag.py:3239} INFO - Sync 1 DAGs
[2026-05-21T11:13:38.154+0000] {logging_mixin.py:190} INFO - [2026-05-21T11:13:38.146+0000] {dag.py:4180} INFO - Setting next_dagrun for product_processing to 2026-05-20 00:00:00+00:00, run_after=2026-05-21 00:00:00+00:00
[2026-05-21T11:13:38.181+0000] {processor.py:208} INFO - Processing /opt/airflow/dags/product_processing.py took 1.095 seconds
[2026-05-21T11:14:08.725+0000] {processor.py:186} INFO - Started process (PID=15048) to work on /opt/airflow/dags/product_processing.py
[2026-05-21T11:14:08.728+0000] {processor.py:914} INFO - Processing file /opt/airflow/dags/product_processing.py for tasks to queue
[2026-05-21T11:14:08.731+0000] {logging_mixin.py:190} INFO - [2026-05-21T11:14:08.730+0000] {dagbag.py:588} INFO - Filling up the DagBag from /opt/airflow/dags/product_processing.py
[2026-05-21T11:14:09.158+0000] {processor.py:925} INFO - DAG(s) 'product_processing' retrieved from /opt/airflow/dags/product_processing.py
[2026-05-21T11:14:09.176+0000] {logging_mixin.py:190} INFO - [2026-05-21T11:14:09.176+0000] {dag.py:3239} INFO - Sync 1 DAGs
[2026-05-21T11:14:09.193+0000] {logging_mixin.py:190} INFO - [2026-05-21T11:14:09.192+0000] {dag.py:4180} INFO - Setting next_dagrun for product_processing to 2026-05-20 00:00:00+00:00, run_after=2026-05-21 00:00:00+00:00
[2026-05-21T11:14:09.203+0000] {processor.py:208} INFO - Processing /opt/airflow/dags/product_processing.py took 0.489 seconds
[2026-05-21T11:14:39.981+0000] {processor.py:186} INFO - Started process (PID=15064) to work on /opt/airflow/dags/product_processing.py
[2026-05-21T11:14:39.982+0000] {processor.py:914} INFO - Processing file /opt/airflow/dags/product_processing.py for tasks to queue
[2026-05-21T11:14:39.983+0000] {logging_mixin.py:190} INFO - [2026-05-21T11:14:39.983+0000] {dagbag.py:588} INFO - Filling up the DagBag from /opt/airflow/dags/product_processing.py
[2026-05-21T11:14:40.208+0000] {processor.py:925} INFO - DAG(s) 'product_processing' retrieved from /opt/airflow/dags/product_processing.py
[2026-05-21T11:14:40.228+0000] {logging_mixin.py:190} INFO - [2026-05-21T11:14:40.227+0000] {dag.py:3239} INFO - Sync 1 DAGs
[2026-05-21T11:14:40.248+0000] {logging_mixin.py:190} INFO - [2026-05-21T11:14:40.248+0000] {dag.py:4180} INFO - Setting next_dagrun for product_processing to 2026-05-20 00:00:00+00:00, run_after=2026-05-21 00:00:00+00:00
[2026-05-21T11:14:40.263+0000] {processor.py:208} INFO - Processing /opt/airflow/dags/product_processing.py took 0.287 seconds
[2026-05-21T11:15:10.885+0000] {processor.py:186} INFO - Started process (PID=15081) to work on /opt/airflow/dags/product_processing.py
[2026-05-21T11:15:10.886+0000] {processor.py:914} INFO - Processing file /opt/airflow/dags/product_processing.py for tasks to queue
[2026-05-21T11:15:10.887+0000] {logging_mixin.py:190} INFO - [2026-05-21T11:15:10.887+0000] {dagbag.py:588} INFO - Filling up the DagBag from /opt/airflow/dags/product_processing.py
[2026-05-21T11:15:11.104+0000] {processor.py:925} INFO - DAG(s) 'product_processing' retrieved from /opt/airflow/dags/product_processing.py
[2026-05-21T11:15:11.135+0000] {logging_mixin.py:190} INFO - [2026-05-21T11:15:11.135+0000] {dag.py:3239} INFO - Sync 1 DAGs
[2026-05-21T11:15:11.153+0000] {logging_mixin.py:190} INFO - [2026-05-21T11:15:11.153+0000] {dag.py:4180} INFO - Setting next_dagrun for product_processing to 2026-05-20 00:00:00+00:00, run_after=2026-05-21 00:00:00+00:00
[2026-05-21T11:15:11.167+0000] {processor.py:208} INFO - Processing /opt/airflow/dags/product_processing.py took 0.291 seconds
[2026-05-21T11:15:41.370+0000] {processor.py:186} INFO - Started process (PID=15097) to work on /opt/airflow/dags/product_processing.py
[2026-05-21T11:15:41.371+0000] {processor.py:914} INFO - Processing file /opt/airflow/dags/product_processing.py for tasks to queue
[2026-05-21T11:15:41.372+0000] {logging_mixin.py:190} INFO - [2026-05-21T11:15:41.372+0000] {dagbag.py:588} INFO - Filling up the DagBag from /opt/airflow/dags/product_processing.py
[2026-05-21T11:15:41.596+0000] {processor.py:925} INFO - DAG(s) 'product_processing' retrieved from /opt/airflow/dags/product_processing.py
[2026-05-21T11:15:41.618+0000] {logging_mixin.py:190} INFO - [2026-05-21T11:15:41.618+0000] {dag.py:3239} INFO - Sync 1 DAGs
[2026-05-21T11:15:41.642+0000] {logging_mixin.py:190} INFO - [2026-05-21T11:15:41.641+0000] {dag.py:4180} INFO - Setting next_dagrun for product_processing to 2026-05-20 00:00:00+00:00, run_after=2026-05-21 00:00:00+00:00
[2026-05-21T11:15:41.656+0000] {processor.py:208} INFO - Processing /opt/airflow/dags/product_processing.py took 0.290 seconds
[2026-05-21T11:16:11.996+0000] {processor.py:186} INFO - Started process (PID=15113) to work on /opt/airflow/dags/product_processing.py
[2026-05-21T11:16:11.997+0000] {processor.py:914} INFO - Processing file /opt/airflow/dags/product_processing.py for tasks to queue
[2026-05-21T11:16:11.998+0000] {logging_mixin.py:190} INFO - [2026-05-21T11:16:11.998+0000] {dagbag.py:588} INFO - Filling up the DagBag from /opt/airflow/dags/product_processing.py
[2026-05-21T11:16:12.211+0000] {processor.py:925} INFO - DAG(s) 'product_processing' retrieved from /opt/airflow/dags/product_processing.py
[2026-05-21T11:16:12.240+0000] {logging_mixin.py:190} INFO - [2026-05-21T11:16:12.240+0000] {dag.py:3239} INFO - Sync 1 DAGs
[2026-05-21T11:16:12.268+0000] {logging_mixin.py:190} INFO - [2026-05-21T11:16:12.268+0000] {dag.py:4180} INFO - Setting next_dagrun for product_processing to 2026-05-20 00:00:00+00:00, run_after=2026-05-21 00:00:00+00:00
[2026-05-21T11:16:12.284+0000] {processor.py:208} INFO - Processing /opt/airflow/dags/product_processing.py took 0.293 seconds
[2026-05-21T11:16:42.546+0000] {processor.py:186} INFO - Started process (PID=15129) to work on /opt/airflow/dags/product_processing.py
[2026-05-21T11:16:42.546+0000] {processor.py:914} INFO - Processing file /opt/airflow/dags/product_processing.py for tasks to queue
[2026-05-21T11:16:42.547+0000] {logging_mixin.py:190} INFO - [2026-05-21T11:16:42.547+0000] {dagbag.py:588} INFO - Filling up the DagBag from /opt/airflow/dags/product_processing.py
[2026-05-21T11:16:42.745+0000] {processor.py:925} INFO - DAG(s) 'product_processing' retrieved from /opt/airflow/dags/product_processing.py
[2026-05-21T11:16:42.762+0000] {logging_mixin.py:190} INFO - [2026-05-21T11:16:42.762+0000] {dag.py:3239} INFO - Sync 1 DAGs
[2026-05-21T11:16:42.780+0000] {logging_mixin.py:190} INFO - [2026-05-21T11:16:42.780+0000] {dag.py:4180} INFO - Setting next_dagrun for product_processing to 2026-05-20 00:00:00+00:00, run_after=2026-05-21 00:00:00+00:00
[2026-05-21T11:16:42.794+0000] {processor.py:208} INFO - Processing /opt/airflow/dags/product_processing.py took 0.254 seconds
[2026-05-21T11:17:12.919+0000] {processor.py:186} INFO - Started process (PID=15146) to work on /opt/airflow/dags/product_processing.py
[2026-05-21T11:17:12.920+0000] {processor.py:914} INFO - Processing file /opt/airflow/dags/product_processing.py for tasks to queue
[2026-05-21T11:17:12.921+0000] {logging_mixin.py:190} INFO - [2026-05-21T11:17:12.921+0000] {dagbag.py:588} INFO - Filling up the DagBag from /opt/airflow/dags/product_processing.py
[2026-05-21T11:17:13.141+0000] {processor.py:925} INFO - DAG(s) 'product_processing' retrieved from /opt/airflow/dags/product_processing.py
[2026-05-21T11:17:13.164+0000] {logging_mixin.py:190} INFO - [2026-05-21T11:17:13.163+0000] {dag.py:3239} INFO - Sync 1 DAGs
[2026-05-21T11:17:13.187+0000] {logging_mixin.py:190} INFO - [2026-05-21T11:17:13.187+0000] {dag.py:4180} INFO - Setting next_dagrun for product_processing to 2026-05-20 00:00:00+00:00, run_after=2026-05-21 00:00:00+00:00
[2026-05-21T11:17:13.206+0000] {processor.py:208} INFO - Processing /opt/airflow/dags/product_processing.py took 0.294 seconds
[2026-05-21T11:17:43.628+0000] {processor.py:186} INFO - Started process (PID=15162) to work on /opt/airflow/dags/product_processing.py
[2026-05-21T11:17:43.630+0000] {processor.py:914} INFO - Processing file /opt/airflow/dags/product_processing.py for tasks to queue
[2026-05-21T11:17:43.631+0000] {logging_mixin.py:190} INFO - [2026-05-21T11:17:43.631+0000] {dagbag.py:588} INFO - Filling up the DagBag from /opt/airflow/dags/product_processing.py
[2026-05-21T11:17:44.238+0000] {processor.py:925} INFO - DAG(s) 'product_processing' retrieved from /opt/airflow/dags/product_processing.py
[2026-05-21T11:17:44.282+0000] {logging_mixin.py:190} INFO - [2026-05-21T11:17:44.282+0000] {dag.py:3239} INFO - Sync 1 DAGs
[2026-05-21T11:17:44.312+0000] {logging_mixin.py:190} INFO - [2026-05-21T11:17:44.312+0000] {dag.py:4180} INFO - Setting next_dagrun for product_processing to 2026-05-20 00:00:00+00:00, run_after=2026-05-21 00:00:00+00:00
[2026-05-21T11:17:44.333+0000] {processor.py:208} INFO - Processing /opt/airflow/dags/product_processing.py took 0.716 seconds
[2026-05-21T11:18:14.631+0000] {processor.py:186} INFO - Started process (PID=15177) to work on /opt/airflow/dags/product_processing.py
[2026-05-21T11:18:14.636+0000] {processor.py:914} INFO - Processing file /opt/airflow/dags/product_processing.py for tasks to queue
[2026-05-21T11:18:14.639+0000] {logging_mixin.py:190} INFO - [2026-05-21T11:18:14.637+0000] {dagbag.py:588} INFO - Filling up the DagBag from /opt/airflow/dags/product_processing.py
[2026-05-21T11:18:15.283+0000] {processor.py:925} INFO - DAG(s) 'product_processing' retrieved from /opt/airflow/dags/product_processing.py
[2026-05-21T11:18:15.401+0000] {logging_mixin.py:190} INFO - [2026-05-21T11:18:15.400+0000] {dag.py:3239} INFO - Sync 1 DAGs
[2026-05-21T11:18:15.681+0000] {logging_mixin.py:190} INFO - [2026-05-21T11:18:15.681+0000] {dag.py:4180} INFO - Setting next_dagrun for product_processing to 2026-05-20 00:00:00+00:00, run_after=2026-05-21 00:00:00+00:00
[2026-05-21T11:18:16.025+0000] {processor.py:208} INFO - Processing /opt/airflow/dags/product_processing.py took 1.413 seconds
[2026-05-21T11:18:46.502+0000] {processor.py:186} INFO - Started process (PID=15194) to work on /opt/airflow/dags/product_processing.py
[2026-05-21T11:18:46.510+0000] {processor.py:914} INFO - Processing file /opt/airflow/dags/product_processing.py for tasks to queue
[2026-05-21T11:18:46.512+0000] {logging_mixin.py:190} INFO - [2026-05-21T11:18:46.511+0000] {dagbag.py:588} INFO - Filling up the DagBag from /opt/airflow/dags/product_processing.py
[2026-05-21T11:18:47.644+0000] {processor.py:925} INFO - DAG(s) 'product_processing' retrieved from /opt/airflow/dags/product_processing.py
[2026-05-21T11:18:47.783+0000] {logging_mixin.py:190} INFO - [2026-05-21T11:18:47.783+0000] {dag.py:3239} INFO - Sync 1 DAGs
[2026-05-21T11:18:47.878+0000] {logging_mixin.py:190} INFO - [2026-05-21T11:18:47.878+0000] {dag.py:4180} INFO - Setting next_dagrun for product_processing to 2026-05-20 00:00:00+00:00, run_after=2026-05-21 00:00:00+00:00
[2026-05-21T11:18:48.233+0000] {processor.py:208} INFO - Processing /opt/airflow/dags/product_processing.py took 1.750 seconds
[2026-05-21T11:19:18.539+0000] {processor.py:186} INFO - Started process (PID=15210) to work on /opt/airflow/dags/product_processing.py
[2026-05-21T11:19:18.540+0000] {processor.py:914} INFO - Processing file /opt/airflow/dags/product_processing.py for tasks to queue
[2026-05-21T11:19:18.542+0000] {logging_mixin.py:190} INFO - [2026-05-21T11:19:18.541+0000] {dagbag.py:588} INFO - Filling up the DagBag from /opt/airflow/dags/product_processing.py
[2026-05-21T11:19:19.295+0000] {processor.py:925} INFO - DAG(s) 'product_processing' retrieved from /opt/airflow/dags/product_processing.py
[2026-05-21T11:19:19.332+0000] {logging_mixin.py:190} INFO - [2026-05-21T11:19:19.329+0000] {dag.py:3239} INFO - Sync 1 DAGs
[2026-05-21T11:19:19.367+0000] {logging_mixin.py:190} INFO - [2026-05-21T11:19:19.367+0000] {dag.py:4180} INFO - Setting next_dagrun for product_processing to 2026-05-20 00:00:00+00:00, run_after=2026-05-21 00:00:00+00:00
[2026-05-21T11:19:19.394+0000] {processor.py:208} INFO - Processing /opt/airflow/dags/product_processing.py took 0.868 seconds
[2026-05-21T11:19:49.631+0000] {processor.py:186} INFO - Started process (PID=15226) to work on /opt/airflow/dags/product_processing.py
[2026-05-21T11:19:49.633+0000] {processor.py:914} INFO - Processing file /opt/airflow/dags/product_processing.py for tasks to queue
[2026-05-21T11:19:49.634+0000] {logging_mixin.py:190} INFO - [2026-05-21T11:19:49.634+0000] {dagbag.py:588} INFO - Filling up the DagBag from /opt/airflow/dags/product_processing.py
[2026-05-21T11:19:49.931+0000] {processor.py:925} INFO - DAG(s) 'product_processing' retrieved from /opt/airflow/dags/product_processing.py
[2026-05-21T11:19:49.949+0000] {logging_mixin.py:190} INFO - [2026-05-21T11:19:49.949+0000] {dag.py:3239} INFO - Sync 1 DAGs
[2026-05-21T11:19:49.967+0000] {logging_mixin.py:190} INFO - [2026-05-21T11:19:49.967+0000] {dag.py:4180} INFO - Setting next_dagrun for product_processing to 2026-05-20 00:00:00+00:00, run_after=2026-05-21 00:00:00+00:00
[2026-05-21T11:19:49.982+0000] {processor.py:208} INFO - Processing /opt/airflow/dags/product_processing.py took 0.362 seconds
[2026-05-21T11:20:20.210+0000] {processor.py:186} INFO - Started process (PID=15242) to work on /opt/airflow/dags/product_processing.py
[2026-05-21T11:20:20.211+0000] {processor.py:914} INFO - Processing file /opt/airflow/dags/product_processing.py for tasks to queue
[2026-05-21T11:20:20.213+0000] {logging_mixin.py:190} INFO - [2026-05-21T11:20:20.213+0000] {dagbag.py:588} INFO - Filling up the DagBag from /opt/airflow/dags/product_processing.py
[2026-05-21T11:20:20.656+0000] {processor.py:925} INFO - DAG(s) 'product_processing' retrieved from /opt/airflow/dags/product_processing.py
[2026-05-21T11:20:20.696+0000] {logging_mixin.py:190} INFO - [2026-05-21T11:20:20.696+0000] {dag.py:3239} INFO - Sync 1 DAGs
[2026-05-21T11:20:20.740+0000] {logging_mixin.py:190} INFO - [2026-05-21T11:20:20.739+0000] {dag.py:4180} INFO - Setting next_dagrun for product_processing to 2026-05-20 00:00:00+00:00, run_after=2026-05-21 00:00:00+00:00
[2026-05-21T11:20:20.771+0000] {processor.py:208} INFO - Processing /opt/airflow/dags/product_processing.py took 0.576 seconds
[2026-05-21T11:20:51.215+0000] {processor.py:186} INFO - Started process (PID=15260) to work on /opt/airflow/dags/product_processing.py
[2026-05-21T11:20:51.236+0000] {processor.py:914} INFO - Processing file /opt/airflow/dags/product_processing.py for tasks to queue
[2026-05-21T11:20:51.238+0000] {logging_mixin.py:190} INFO - [2026-05-21T11:20:51.237+0000] {dagbag.py:588} INFO - Filling up the DagBag from /opt/airflow/dags/product_processing.py
[2026-05-21T11:20:51.705+0000] {processor.py:925} INFO - DAG(s) 'product_processing' retrieved from /opt/airflow/dags/product_processing.py
[2026-05-21T11:20:51.725+0000] {logging_mixin.py:190} INFO - [2026-05-21T11:20:51.724+0000] {dag.py:3239} INFO - Sync 1 DAGs
[2026-05-21T11:20:51.743+0000] {logging_mixin.py:190} INFO - [2026-05-21T11:20:51.743+0000] {dag.py:4180} INFO - Setting next_dagrun for product_processing to 2026-05-20 00:00:00+00:00, run_after=2026-05-21 00:00:00+00:00
[2026-05-21T11:20:51.758+0000] {processor.py:208} INFO - Processing /opt/airflow/dags/product_processing.py took 0.553 seconds
[2026-05-21T11:21:22.513+0000] {processor.py:186} INFO - Started process (PID=15278) to work on /opt/airflow/dags/product_processing.py
[2026-05-21T11:21:22.514+0000] {processor.py:914} INFO - Processing file /opt/airflow/dags/product_processing.py for tasks to queue
[2026-05-21T11:21:22.516+0000] {logging_mixin.py:190} INFO - [2026-05-21T11:21:22.515+0000] {dagbag.py:588} INFO - Filling up the DagBag from /opt/airflow/dags/product_processing.py
[2026-05-21T11:21:22.732+0000] {processor.py:925} INFO - DAG(s) 'product_processing' retrieved from /opt/airflow/dags/product_processing.py
[2026-05-21T11:21:22.752+0000] {logging_mixin.py:190} INFO - [2026-05-21T11:21:22.752+0000] {dag.py:3239} INFO - Sync 1 DAGs
[2026-05-21T11:21:22.772+0000] {logging_mixin.py:190} INFO - [2026-05-21T11:21:22.772+0000] {dag.py:4180} INFO - Setting next_dagrun for product_processing to 2026-05-20 00:00:00+00:00, run_after=2026-05-21 00:00:00+00:00
[2026-05-21T11:21:22.792+0000] {processor.py:208} INFO - Processing /opt/airflow/dags/product_processing.py took 0.285 seconds
[2026-05-21T11:21:53.372+0000] {processor.py:186} INFO - Started process (PID=15294) to work on /opt/airflow/dags/product_processing.py
[2026-05-21T11:21:53.373+0000] {processor.py:914} INFO - Processing file /opt/airflow/dags/product_processing.py for tasks to queue
[2026-05-21T11:21:53.374+0000] {logging_mixin.py:190} INFO - [2026-05-21T11:21:53.373+0000] {dagbag.py:588} INFO - Filling up the DagBag from /opt/airflow/dags/product_processing.py
[2026-05-21T11:21:53.574+0000] {processor.py:925} INFO - DAG(s) 'product_processing' retrieved from /opt/airflow/dags/product_processing.py
[2026-05-21T11:21:53.596+0000] {logging_mixin.py:190} INFO - [2026-05-21T11:21:53.595+0000] {dag.py:3239} INFO - Sync 1 DAGs
[2026-05-21T11:21:53.613+0000] {logging_mixin.py:190} INFO - [2026-05-21T11:21:53.613+0000] {dag.py:4180} INFO - Setting next_dagrun for product_processing to 2026-05-20 00:00:00+00:00, run_after=2026-05-21 00:00:00+00:00
[2026-05-21T11:21:53.625+0000] {processor.py:208} INFO - Processing /opt/airflow/dags/product_processing.py took 0.258 seconds
[2026-05-21T11:22:24.211+0000] {processor.py:186} INFO - Started process (PID=15310) to work on /opt/airflow/dags/product_processing.py
[2026-05-21T11:22:24.213+0000] {processor.py:914} INFO - Processing file /opt/airflow/dags/product_processing.py for tasks to queue
[2026-05-21T11:22:24.213+0000] {logging_mixin.py:190} INFO - [2026-05-21T11:22:24.213+0000] {dagbag.py:588} INFO - Filling up the DagBag from /opt/airflow/dags/product_processing.py
[2026-05-21T11:22:24.422+0000] {processor.py:925} INFO - DAG(s) 'product_processing' retrieved from /opt/airflow/dags/product_processing.py
[2026-05-21T11:22:24.446+0000] {logging_mixin.py:190} INFO - [2026-05-21T11:22:24.446+0000] {dag.py:3239} INFO - Sync 1 DAGs
[2026-05-21T11:22:24.465+0000] {logging_mixin.py:190} INFO - [2026-05-21T11:22:24.465+0000] {dag.py:4180} INFO - Setting next_dagrun for product_processing to 2026-05-20 00:00:00+00:00, run_after=2026-05-21 00:00:00+00:00
[2026-05-21T11:22:24.478+0000] {processor.py:208} INFO - Processing /opt/airflow/dags/product_processing.py took 0.272 seconds
[2026-05-21T11:22:54.805+0000] {processor.py:186} INFO - Started process (PID=15326) to work on /opt/airflow/dags/product_processing.py
[2026-05-21T11:22:54.806+0000] {processor.py:914} INFO - Processing file /opt/airflow/dags/product_processing.py for tasks to queue
[2026-05-21T11:22:54.808+0000] {logging_mixin.py:190} INFO - [2026-05-21T11:22:54.808+0000] {dagbag.py:588} INFO - Filling up the DagBag from /opt/airflow/dags/product_processing.py
[2026-05-21T11:22:55.043+0000] {processor.py:925} INFO - DAG(s) 'product_processing' retrieved from /opt/airflow/dags/product_processing.py
[2026-05-21T11:22:55.063+0000] {logging_mixin.py:190} INFO - [2026-05-21T11:22:55.063+0000] {dag.py:3239} INFO - Sync 1 DAGs
[2026-05-21T11:22:55.082+0000] {logging_mixin.py:190} INFO - [2026-05-21T11:22:55.082+0000] {dag.py:4180} INFO - Setting next_dagrun for product_processing to 2026-05-20 00:00:00+00:00, run_after=2026-05-21 00:00:00+00:00
[2026-05-21T11:22:55.095+0000] {processor.py:208} INFO - Processing /opt/airflow/dags/product_processing.py took 0.299 seconds
[2026-05-21T11:23:25.473+0000] {processor.py:186} INFO - Started process (PID=15341) to work on /opt/airflow/dags/product_processing.py
[2026-05-21T11:23:25.474+0000] {processor.py:914} INFO - Processing file /opt/airflow/dags/product_processing.py for tasks to queue
[2026-05-21T11:23:25.475+0000] {logging_mixin.py:190} INFO - [2026-05-21T11:23:25.475+0000] {dagbag.py:588} INFO - Filling up the DagBag from /opt/airflow/dags/product_processing.py
[2026-05-21T11:23:25.714+0000] {processor.py:925} INFO - DAG(s) 'product_processing' retrieved from /opt/airflow/dags/product_processing.py
[2026-05-21T11:23:25.734+0000] {logging_mixin.py:190} INFO - [2026-05-21T11:23:25.734+0000] {dag.py:3239} INFO - Sync 1 DAGs
[2026-05-21T11:23:25.758+0000] {logging_mixin.py:190} INFO - [2026-05-21T11:23:25.757+0000] {dag.py:4180} INFO - Setting next_dagrun for product_processing to 2026-05-20 00:00:00+00:00, run_after=2026-05-21 00:00:00+00:00
[2026-05-21T11:23:25.774+0000] {processor.py:208} INFO - Processing /opt/airflow/dags/product_processing.py took 0.305 seconds
[2026-05-21T11:23:56.512+0000] {processor.py:186} INFO - Started process (PID=15357) to work on /opt/airflow/dags/product_processing.py
[2026-05-21T11:23:56.513+0000] {processor.py:914} INFO - Processing file /opt/airflow/dags/product_processing.py for tasks to queue
[2026-05-21T11:23:56.513+0000] {logging_mixin.py:190} INFO - [2026-05-21T11:23:56.513+0000] {dagbag.py:588} INFO - Filling up the DagBag from /opt/airflow/dags/product_processing.py
[2026-05-21T11:23:56.739+0000] {processor.py:925} INFO - DAG(s) 'product_processing' retrieved from /opt/airflow/dags/product_processing.py
[2026-05-21T11:23:56.762+0000] {logging_mixin.py:190} INFO - [2026-05-21T11:23:56.762+0000] {dag.py:3239} INFO - Sync 1 DAGs
[2026-05-21T11:23:56.781+0000] {logging_mixin.py:190} INFO - [2026-05-21T11:23:56.781+0000] {dag.py:4180} INFO - Setting next_dagrun for product_processing to 2026-05-20 00:00:00+00:00, run_after=2026-05-21 00:00:00+00:00
[2026-05-21T11:23:56.797+0000] {processor.py:208} INFO - Processing /opt/airflow/dags/product_processing.py took 0.290 seconds
[2026-05-21T11:24:26.847+0000] {processor.py:186} INFO - Started process (PID=15373) to work on /opt/airflow/dags/product_processing.py
[2026-05-21T11:24:26.849+0000] {processor.py:914} INFO - Processing file /opt/airflow/dags/product_processing.py for tasks to queue
[2026-05-21T11:24:26.850+0000] {logging_mixin.py:190} INFO - [2026-05-21T11:24:26.849+0000] {dagbag.py:588} INFO - Filling up the DagBag from /opt/airflow/dags/product_processing.py
[2026-05-21T11:24:27.055+0000] {processor.py:925} INFO - DAG(s) 'product_processing' retrieved from /opt/airflow/dags/product_processing.py
[2026-05-21T11:24:27.074+0000] {logging_mixin.py:190} INFO - [2026-05-21T11:24:27.074+0000] {dag.py:3239} INFO - Sync 1 DAGs
[2026-05-21T11:24:27.095+0000] {logging_mixin.py:190} INFO - [2026-05-21T11:24:27.095+0000] {dag.py:4180} INFO - Setting next_dagrun for product_processing to 2026-05-20 00:00:00+00:00, run_after=2026-05-21 00:00:00+00:00
[2026-05-21T11:24:27.109+0000] {processor.py:208} INFO - Processing /opt/airflow/dags/product_processing.py took 0.273 seconds
[2026-05-21T11:24:57.422+0000] {processor.py:186} INFO - Started process (PID=15389) to work on /opt/airflow/dags/product_processing.py
[2026-05-21T11:24:57.424+0000] {processor.py:914} INFO - Processing file /opt/airflow/dags/product_processing.py for tasks to queue
[2026-05-21T11:24:57.429+0000] {logging_mixin.py:190} INFO - [2026-05-21T11:24:57.427+0000] {dagbag.py:588} INFO - Filling up the DagBag from /opt/airflow/dags/product_processing.py
[2026-05-21T11:24:57.784+0000] {processor.py:925} INFO - DAG(s) 'product_processing' retrieved from /opt/airflow/dags/product_processing.py
[2026-05-21T11:24:57.804+0000] {logging_mixin.py:190} INFO - [2026-05-21T11:24:57.803+0000] {dag.py:3239} INFO - Sync 1 DAGs
[2026-05-21T11:24:57.821+0000] {logging_mixin.py:190} INFO - [2026-05-21T11:24:57.821+0000] {dag.py:4180} INFO - Setting next_dagrun for product_processing to 2026-05-20 00:00:00+00:00, run_after=2026-05-21 00:00:00+00:00
[2026-05-21T11:24:57.835+0000] {processor.py:208} INFO - Processing /opt/airflow/dags/product_processing.py took 0.423 seconds
[2026-05-21T11:25:28.164+0000] {processor.py:186} INFO - Started process (PID=15403) to work on /opt/airflow/dags/product_processing.py
[2026-05-21T11:25:28.164+0000] {processor.py:914} INFO - Processing file /opt/airflow/dags/product_processing.py for tasks to queue
[2026-05-21T11:25:28.165+0000] {logging_mixin.py:190} INFO - [2026-05-21T11:25:28.165+0000] {dagbag.py:588} INFO - Filling up the DagBag from /opt/airflow/dags/product_processing.py
[2026-05-21T11:25:28.703+0000] {processor.py:925} INFO - DAG(s) 'product_processing' retrieved from /opt/airflow/dags/product_processing.py
[2026-05-21T11:25:28.729+0000] {logging_mixin.py:190} INFO - [2026-05-21T11:25:28.729+0000] {dag.py:3239} INFO - Sync 1 DAGs
[2026-05-21T11:25:28.760+0000] {logging_mixin.py:190} INFO - [2026-05-21T11:25:28.758+0000] {dag.py:4180} INFO - Setting next_dagrun for product_processing to 2026-05-20 00:00:00+00:00, run_after=2026-05-21 00:00:00+00:00
[2026-05-21T11:25:28.786+0000] {processor.py:208} INFO - Processing /opt/airflow/dags/product_processing.py took 0.648 seconds
[2026-05-21T11:25:59.337+0000] {processor.py:186} INFO - Started process (PID=15419) to work on /opt/airflow/dags/product_processing.py
[2026-05-21T11:25:59.339+0000] {processor.py:914} INFO - Processing file /opt/airflow/dags/product_processing.py for tasks to queue
[2026-05-21T11:25:59.340+0000] {logging_mixin.py:190} INFO - [2026-05-21T11:25:59.339+0000] {dagbag.py:588} INFO - Filling up the DagBag from /opt/airflow/dags/product_processing.py
[2026-05-21T11:25:59.969+0000] {processor.py:925} INFO - DAG(s) 'product_processing' retrieved from /opt/airflow/dags/product_processing.py
[2026-05-21T11:26:00.003+0000] {logging_mixin.py:190} INFO - [2026-05-21T11:26:00.002+0000] {dag.py:3239} INFO - Sync 1 DAGs
[2026-05-21T11:26:00.024+0000] {logging_mixin.py:190} INFO - [2026-05-21T11:26:00.024+0000] {dag.py:4180} INFO - Setting next_dagrun for product_processing to 2026-05-20 00:00:00+00:00, run_after=2026-05-21 00:00:00+00:00
[2026-05-21T11:26:00.045+0000] {processor.py:208} INFO - Processing /opt/airflow/dags/product_processing.py took 0.734 seconds
[2026-05-21T11:26:30.412+0000] {processor.py:186} INFO - Started process (PID=15435) to work on /opt/airflow/dags/product_processing.py
[2026-05-21T11:26:30.413+0000] {processor.py:914} INFO - Processing file /opt/airflow/dags/product_processing.py for tasks to queue
[2026-05-21T11:26:30.416+0000] {logging_mixin.py:190} INFO - [2026-05-21T11:26:30.414+0000] {dagbag.py:588} INFO - Filling up the DagBag from /opt/airflow/dags/product_processing.py
[2026-05-21T11:26:30.808+0000] {processor.py:925} INFO - DAG(s) 'product_processing' retrieved from /opt/airflow/dags/product_processing.py
[2026-05-21T11:26:30.831+0000] {logging_mixin.py:190} INFO - [2026-05-21T11:26:30.831+0000] {dag.py:3239} INFO - Sync 1 DAGs
[2026-05-21T11:26:30.856+0000] {logging_mixin.py:190} INFO - [2026-05-21T11:26:30.856+0000] {dag.py:4180} INFO - Setting next_dagrun for product_processing to 2026-05-20 00:00:00+00:00, run_after=2026-05-21 00:00:00+00:00
[2026-05-21T11:26:30.878+0000] {processor.py:208} INFO - Processing /opt/airflow/dags/product_processing.py took 0.492 seconds
[2026-05-21T11:27:01.674+0000] {processor.py:186} INFO - Started process (PID=15452) to work on /opt/airflow/dags/product_processing.py
[2026-05-21T11:27:01.679+0000] {processor.py:914} INFO - Processing file /opt/airflow/dags/product_processing.py for tasks to queue
[2026-05-21T11:27:01.682+0000] {logging_mixin.py:190} INFO - [2026-05-21T11:27:01.681+0000] {dagbag.py:588} INFO - Filling up the DagBag from /opt/airflow/dags/product_processing.py
[2026-05-21T11:27:02.288+0000] {processor.py:925} INFO - DAG(s) 'product_processing' retrieved from /opt/airflow/dags/product_processing.py
[2026-05-21T11:27:02.328+0000] {logging_mixin.py:190} INFO - [2026-05-21T11:27:02.328+0000] {dag.py:3239} INFO - Sync 1 DAGs
[2026-05-21T11:27:02.355+0000] {logging_mixin.py:190} INFO - [2026-05-21T11:27:02.355+0000] {dag.py:4180} INFO - Setting next_dagrun for product_processing to 2026-05-20 00:00:00+00:00, run_after=2026-05-21 00:00:00+00:00
[2026-05-21T11:27:02.372+0000] {processor.py:208} INFO - Processing /opt/airflow/dags/product_processing.py took 0.719 seconds
[2026-05-21T11:27:33.538+0000] {processor.py:186} INFO - Started process (PID=15468) to work on /opt/airflow/dags/product_processing.py
[2026-05-21T11:27:33.542+0000] {processor.py:914} INFO - Processing file /opt/airflow/dags/product_processing.py for tasks to queue
[2026-05-21T11:27:33.543+0000] {logging_mixin.py:190} INFO - [2026-05-21T11:27:33.542+0000] {dagbag.py:588} INFO - Filling up the DagBag from /opt/airflow/dags/product_processing.py
[2026-05-21T11:27:33.874+0000] {processor.py:925} INFO - DAG(s) 'product_processing' retrieved from /opt/airflow/dags/product_processing.py
[2026-05-21T11:27:33.977+0000] {logging_mixin.py:190} INFO - [2026-05-21T11:27:33.977+0000] {dag.py:3239} INFO - Sync 1 DAGs
[2026-05-21T11:27:34.029+0000] {logging_mixin.py:190} INFO - [2026-05-21T11:27:34.029+0000] {dag.py:4180} INFO - Setting next_dagrun for product_processing to 2026-05-20 00:00:00+00:00, run_after=2026-05-21 00:00:00+00:00
[2026-05-21T11:27:34.046+0000] {processor.py:208} INFO - Processing /opt/airflow/dags/product_processing.py took 0.518 seconds
[2026-05-21T11:28:04.369+0000] {processor.py:186} INFO - Started process (PID=15482) to work on /opt/airflow/dags/product_processing.py
[2026-05-21T11:28:04.371+0000] {processor.py:914} INFO - Processing file /opt/airflow/dags/product_processing.py for tasks to queue
[2026-05-21T11:28:04.374+0000] {logging_mixin.py:190} INFO - [2026-05-21T11:28:04.373+0000] {dagbag.py:588} INFO - Filling up the DagBag from /opt/airflow/dags/product_processing.py
[2026-05-21T11:28:04.866+0000] {processor.py:925} INFO - DAG(s) 'product_processing' retrieved from /opt/airflow/dags/product_processing.py
[2026-05-21T11:28:04.914+0000] {logging_mixin.py:190} INFO - [2026-05-21T11:28:04.913+0000] {dag.py:3239} INFO - Sync 1 DAGs
[2026-05-21T11:28:04.951+0000] {logging_mixin.py:190} INFO - [2026-05-21T11:28:04.951+0000] {dag.py:4180} INFO - Setting next_dagrun for product_processing to 2026-05-20 00:00:00+00:00, run_after=2026-05-21 00:00:00+00:00
[2026-05-21T11:28:04.967+0000] {processor.py:208} INFO - Processing /opt/airflow/dags/product_processing.py took 0.616 seconds
[2026-05-21T11:28:35.141+0000] {processor.py:186} INFO - Started process (PID=15500) to work on /opt/airflow/dags/product_processing.py
[2026-05-21T11:28:35.142+0000] {processor.py:914} INFO - Processing file /opt/airflow/dags/product_processing.py for tasks to queue
[2026-05-21T11:28:35.143+0000] {logging_mixin.py:190} INFO - [2026-05-21T11:28:35.143+0000] {dagbag.py:588} INFO - Filling up the DagBag from /opt/airflow/dags/product_processing.py
[2026-05-21T11:28:35.534+0000] {processor.py:925} INFO - DAG(s) 'product_processing' retrieved from /opt/airflow/dags/product_processing.py
[2026-05-21T11:28:35.552+0000] {logging_mixin.py:190} INFO - [2026-05-21T11:28:35.552+0000] {dag.py:3239} INFO - Sync 1 DAGs
[2026-05-21T11:28:35.573+0000] {logging_mixin.py:190} INFO - [2026-05-21T11:28:35.573+0000] {dag.py:4180} INFO - Setting next_dagrun for product_processing to 2026-05-20 00:00:00+00:00, run_after=2026-05-21 00:00:00+00:00
[2026-05-21T11:28:35.585+0000] {processor.py:208} INFO - Processing /opt/airflow/dags/product_processing.py took 0.463 seconds
[2026-05-21T11:29:05.659+0000] {processor.py:186} INFO - Started process (PID=15516) to work on /opt/airflow/dags/product_processing.py
[2026-05-21T11:29:05.660+0000] {processor.py:914} INFO - Processing file /opt/airflow/dags/product_processing.py for tasks to queue
[2026-05-21T11:29:05.661+0000] {logging_mixin.py:190} INFO - [2026-05-21T11:29:05.661+0000] {dagbag.py:588} INFO - Filling up the DagBag from /opt/airflow/dags/product_processing.py
[2026-05-21T11:29:06.033+0000] {processor.py:925} INFO - DAG(s) 'product_processing' retrieved from /opt/airflow/dags/product_processing.py
[2026-05-21T11:29:06.094+0000] {logging_mixin.py:190} INFO - [2026-05-21T11:29:06.093+0000] {dag.py:3239} INFO - Sync 1 DAGs
[2026-05-21T11:29:06.118+0000] {logging_mixin.py:190} INFO - [2026-05-21T11:29:06.118+0000] {dag.py:4180} INFO - Setting next_dagrun for product_processing to 2026-05-20 00:00:00+00:00, run_after=2026-05-21 00:00:00+00:00
[2026-05-21T11:29:06.160+0000] {processor.py:208} INFO - Processing /opt/airflow/dags/product_processing.py took 0.505 seconds
[2026-05-21T11:29:36.421+0000] {processor.py:186} INFO - Started process (PID=15538) to work on /opt/airflow/dags/product_processing.py
[2026-05-21T11:29:36.421+0000] {processor.py:914} INFO - Processing file /opt/airflow/dags/product_processing.py for tasks to queue
[2026-05-21T11:29:36.422+0000] {logging_mixin.py:190} INFO - [2026-05-21T11:29:36.422+0000] {dagbag.py:588} INFO - Filling up the DagBag from /opt/airflow/dags/product_processing.py
[2026-05-21T11:29:36.632+0000] {processor.py:925} INFO - DAG(s) 'product_processing' retrieved from /opt/airflow/dags/product_processing.py
[2026-05-21T11:29:36.656+0000] {logging_mixin.py:190} INFO - [2026-05-21T11:29:36.655+0000] {dag.py:3239} INFO - Sync 1 DAGs
[2026-05-21T11:29:36.674+0000] {logging_mixin.py:190} INFO - [2026-05-21T11:29:36.674+0000] {dag.py:4180} INFO - Setting next_dagrun for product_processing to 2026-05-20 00:00:00+00:00, run_after=2026-05-21 00:00:00+00:00
[2026-05-21T11:29:36.689+0000] {processor.py:208} INFO - Processing /opt/airflow/dags/product_processing.py took 0.273 seconds
[2026-05-21T11:30:06.874+0000] {processor.py:186} INFO - Started process (PID=15554) to work on /opt/airflow/dags/product_processing.py
[2026-05-21T11:30:06.875+0000] {processor.py:914} INFO - Processing file /opt/airflow/dags/product_processing.py for tasks to queue
[2026-05-21T11:30:06.876+0000] {logging_mixin.py:190} INFO - [2026-05-21T11:30:06.876+0000] {dagbag.py:588} INFO - Filling up the DagBag from /opt/airflow/dags/product_processing.py
[2026-05-21T11:30:07.087+0000] {processor.py:925} INFO - DAG(s) 'product_processing' retrieved from /opt/airflow/dags/product_processing.py
[2026-05-21T11:30:07.112+0000] {logging_mixin.py:190} INFO - [2026-05-21T11:30:07.111+0000] {dag.py:3239} INFO - Sync 1 DAGs
[2026-05-21T11:30:07.132+0000] {logging_mixin.py:190} INFO - [2026-05-21T11:30:07.132+0000] {dag.py:4180} INFO - Setting next_dagrun for product_processing to 2026-05-20 00:00:00+00:00, run_after=2026-05-21 00:00:00+00:00
[2026-05-21T11:30:07.145+0000] {processor.py:208} INFO - Processing /opt/airflow/dags/product_processing.py took 0.275 seconds
[2026-05-21T11:30:37.344+0000] {processor.py:186} INFO - Started process (PID=15570) to work on /opt/airflow/dags/product_processing.py
[2026-05-21T11:30:37.345+0000] {processor.py:914} INFO - Processing file /opt/airflow/dags/product_processing.py for tasks to queue
[2026-05-21T11:30:37.346+0000] {logging_mixin.py:190} INFO - [2026-05-21T11:30:37.346+0000] {dagbag.py:588} INFO - Filling up the DagBag from /opt/airflow/dags/product_processing.py
[2026-05-21T11:30:37.551+0000] {processor.py:925} INFO - DAG(s) 'product_processing' retrieved from /opt/airflow/dags/product_processing.py
[2026-05-21T11:30:37.574+0000] {logging_mixin.py:190} INFO - [2026-05-21T11:30:37.574+0000] {dag.py:3239} INFO - Sync 1 DAGs
[2026-05-21T11:30:37.595+0000] {logging_mixin.py:190} INFO - [2026-05-21T11:30:37.594+0000] {dag.py:4180} INFO - Setting next_dagrun for product_processing to 2026-05-20 00:00:00+00:00, run_after=2026-05-21 00:00:00+00:00
[2026-05-21T11:30:37.606+0000] {processor.py:208} INFO - Processing /opt/airflow/dags/product_processing.py took 0.266 seconds
[2026-05-21T11:31:07.811+0000] {processor.py:186} INFO - Started process (PID=15586) to work on /opt/airflow/dags/product_processing.py
[2026-05-21T11:31:07.813+0000] {processor.py:914} INFO - Processing file /opt/airflow/dags/product_processing.py for tasks to queue
[2026-05-21T11:31:07.814+0000] {logging_mixin.py:190} INFO - [2026-05-21T11:31:07.813+0000] {dagbag.py:588} INFO - Filling up the DagBag from /opt/airflow/dags/product_processing.py
[2026-05-21T11:31:08.015+0000] {processor.py:925} INFO - DAG(s) 'product_processing' retrieved from /opt/airflow/dags/product_processing.py
[2026-05-21T11:31:08.034+0000] {logging_mixin.py:190} INFO - [2026-05-21T11:31:08.032+0000] {dag.py:3239} INFO - Sync 1 DAGs
[2026-05-21T11:31:08.052+0000] {logging_mixin.py:190} INFO - [2026-05-21T11:31:08.052+0000] {dag.py:4180} INFO - Setting next_dagrun for product_processing to 2026-05-20 00:00:00+00:00, run_after=2026-05-21 00:00:00+00:00
[2026-05-21T11:31:08.064+0000] {processor.py:208} INFO - Processing /opt/airflow/dags/product_processing.py took 0.257 seconds
[2026-05-21T11:31:38.511+0000] {processor.py:186} INFO - Started process (PID=15603) to work on /opt/airflow/dags/product_processing.py
[2026-05-21T11:31:38.512+0000] {processor.py:914} INFO - Processing file /opt/airflow/dags/product_processing.py for tasks to queue
[2026-05-21T11:31:38.514+0000] {logging_mixin.py:190} INFO - [2026-05-21T11:31:38.514+0000] {dagbag.py:588} INFO - Filling up the DagBag from /opt/airflow/dags/product_processing.py
[2026-05-21T11:31:38.822+0000] {processor.py:925} INFO - DAG(s) 'product_processing' retrieved from /opt/airflow/dags/product_processing.py
[2026-05-21T11:31:38.843+0000] {logging_mixin.py:190} INFO - [2026-05-21T11:31:38.842+0000] {dag.py:3239} INFO - Sync 1 DAGs
[2026-05-21T11:31:38.865+0000] {logging_mixin.py:190} INFO - [2026-05-21T11:31:38.864+0000] {dag.py:4180} INFO - Setting next_dagrun for product_processing to 2026-05-20 00:00:00+00:00, run_after=2026-05-21 00:00:00+00:00
[2026-05-21T11:31:38.878+0000] {processor.py:208} INFO - Processing /opt/airflow/dags/product_processing.py took 0.378 seconds
[2026-05-21T11:32:09.049+0000] {processor.py:186} INFO - Started process (PID=15618) to work on /opt/airflow/dags/product_processing.py
[2026-05-21T11:32:09.055+0000] {processor.py:914} INFO - Processing file /opt/airflow/dags/product_processing.py for tasks to queue
[2026-05-21T11:32:09.058+0000] {logging_mixin.py:190} INFO - [2026-05-21T11:32:09.057+0000] {dagbag.py:588} INFO - Filling up the DagBag from /opt/airflow/dags/product_processing.py
[2026-05-21T11:32:09.442+0000] {processor.py:925} INFO - DAG(s) 'product_processing' retrieved from /opt/airflow/dags/product_processing.py
[2026-05-21T11:32:09.468+0000] {logging_mixin.py:190} INFO - [2026-05-21T11:32:09.468+0000] {dag.py:3239} INFO - Sync 1 DAGs
[2026-05-21T11:32:09.490+0000] {logging_mixin.py:190} INFO - [2026-05-21T11:32:09.490+0000] {dag.py:4180} INFO - Setting next_dagrun for product_processing to 2026-05-20 00:00:00+00:00, run_after=2026-05-21 00:00:00+00:00
[2026-05-21T11:32:09.518+0000] {processor.py:208} INFO - Processing /opt/airflow/dags/product_processing.py took 0.484 seconds
[2026-05-21T11:32:39.737+0000] {processor.py:186} INFO - Started process (PID=15634) to work on /opt/airflow/dags/product_processing.py
[2026-05-21T11:32:39.738+0000] {processor.py:914} INFO - Processing file /opt/airflow/dags/product_processing.py for tasks to queue
[2026-05-21T11:32:39.739+0000] {logging_mixin.py:190} INFO - [2026-05-21T11:32:39.739+0000] {dagbag.py:588} INFO - Filling up the DagBag from /opt/airflow/dags/product_processing.py
[2026-05-21T11:32:39.933+0000] {processor.py:925} INFO - DAG(s) 'product_processing' retrieved from /opt/airflow/dags/product_processing.py
[2026-05-21T11:32:39.951+0000] {logging_mixin.py:190} INFO - [2026-05-21T11:32:39.951+0000] {dag.py:3239} INFO - Sync 1 DAGs
[2026-05-21T11:32:39.969+0000] {logging_mixin.py:190} INFO - [2026-05-21T11:32:39.969+0000] {dag.py:4180} INFO - Setting next_dagrun for product_processing to 2026-05-20 00:00:00+00:00, run_after=2026-05-21 00:00:00+00:00
[2026-05-21T11:32:39.982+0000] {processor.py:208} INFO - Processing /opt/airflow/dags/product_processing.py took 0.248 seconds
[2026-05-21T11:33:10.179+0000] {processor.py:186} INFO - Started process (PID=15650) to work on /opt/airflow/dags/product_processing.py
[2026-05-21T11:33:10.180+0000] {processor.py:914} INFO - Processing file /opt/airflow/dags/product_processing.py for tasks to queue
[2026-05-21T11:33:10.180+0000] {logging_mixin.py:190} INFO - [2026-05-21T11:33:10.180+0000] {dagbag.py:588} INFO - Filling up the DagBag from /opt/airflow/dags/product_processing.py
[2026-05-21T11:33:10.424+0000] {processor.py:925} INFO - DAG(s) 'product_processing' retrieved from /opt/airflow/dags/product_processing.py
[2026-05-21T11:33:10.445+0000] {logging_mixin.py:190} INFO - [2026-05-21T11:33:10.445+0000] {dag.py:3239} INFO - Sync 1 DAGs
[2026-05-21T11:33:10.462+0000] {logging_mixin.py:190} INFO - [2026-05-21T11:33:10.462+0000] {dag.py:4180} INFO - Setting next_dagrun for product_processing to 2026-05-20 00:00:00+00:00, run_after=2026-05-21 00:00:00+00:00
[2026-05-21T11:33:10.475+0000] {processor.py:208} INFO - Processing /opt/airflow/dags/product_processing.py took 0.303 seconds
[2026-05-21T11:33:40.656+0000] {processor.py:186} INFO - Started process (PID=15666) to work on /opt/airflow/dags/product_processing.py
[2026-05-21T11:33:40.657+0000] {processor.py:914} INFO - Processing file /opt/airflow/dags/product_processing.py for tasks to queue
[2026-05-21T11:33:40.658+0000] {logging_mixin.py:190} INFO - [2026-05-21T11:33:40.658+0000] {dagbag.py:588} INFO - Filling up the DagBag from /opt/airflow/dags/product_processing.py
[2026-05-21T11:33:40.849+0000] {processor.py:925} INFO - DAG(s) 'product_processing' retrieved from /opt/airflow/dags/product_processing.py
[2026-05-21T11:33:40.869+0000] {logging_mixin.py:190} INFO - [2026-05-21T11:33:40.869+0000] {dag.py:3239} INFO - Sync 1 DAGs
[2026-05-21T11:33:40.888+0000] {logging_mixin.py:190} INFO - [2026-05-21T11:33:40.888+0000] {dag.py:4180} INFO - Setting next_dagrun for product_processing to 2026-05-20 00:00:00+00:00, run_after=2026-05-21 00:00:00+00:00
[2026-05-21T11:33:40.903+0000] {processor.py:208} INFO - Processing /opt/airflow/dags/product_processing.py took 0.251 seconds
[2026-05-21T11:34:11.121+0000] {processor.py:186} INFO - Started process (PID=15683) to work on /opt/airflow/dags/product_processing.py
[2026-05-21T11:34:11.122+0000] {processor.py:914} INFO - Processing file /opt/airflow/dags/product_processing.py for tasks to queue
[2026-05-21T11:34:11.125+0000] {logging_mixin.py:190} INFO - [2026-05-21T11:34:11.125+0000] {dagbag.py:588} INFO - Filling up the DagBag from /opt/airflow/dags/product_processing.py
[2026-05-21T11:34:11.333+0000] {processor.py:925} INFO - DAG(s) 'product_processing' retrieved from /opt/airflow/dags/product_processing.py
[2026-05-21T11:34:11.352+0000] {logging_mixin.py:190} INFO - [2026-05-21T11:34:11.352+0000] {dag.py:3239} INFO - Sync 1 DAGs
[2026-05-21T11:34:11.371+0000] {logging_mixin.py:190} INFO - [2026-05-21T11:34:11.371+0000] {dag.py:4180} INFO - Setting next_dagrun for product_processing to 2026-05-20 00:00:00+00:00, run_after=2026-05-21 00:00:00+00:00
[2026-05-21T11:34:11.385+0000] {processor.py:208} INFO - Processing /opt/airflow/dags/product_processing.py took 0.268 seconds
[2026-05-21T11:34:41.591+0000] {processor.py:186} INFO - Started process (PID=15700) to work on /opt/airflow/dags/product_processing.py
[2026-05-21T11:34:41.592+0000] {processor.py:914} INFO - Processing file /opt/airflow/dags/product_processing.py for tasks to queue
[2026-05-21T11:34:41.593+0000] {logging_mixin.py:190} INFO - [2026-05-21T11:34:41.593+0000] {dagbag.py:588} INFO - Filling up the DagBag from /opt/airflow/dags/product_processing.py
[2026-05-21T11:34:41.799+0000] {processor.py:925} INFO - DAG(s) 'product_processing' retrieved from /opt/airflow/dags/product_processing.py
[2026-05-21T11:34:41.818+0000] {logging_mixin.py:190} INFO - [2026-05-21T11:34:41.818+0000] {dag.py:3239} INFO - Sync 1 DAGs
[2026-05-21T11:34:41.836+0000] {logging_mixin.py:190} INFO - [2026-05-21T11:34:41.836+0000] {dag.py:4180} INFO - Setting next_dagrun for product_processing to 2026-05-20 00:00:00+00:00, run_after=2026-05-21 00:00:00+00:00
[2026-05-21T11:34:41.850+0000] {processor.py:208} INFO - Processing /opt/airflow/dags/product_processing.py took 0.265 seconds
[2026-05-21T11:35:12.611+0000] {processor.py:186} INFO - Started process (PID=15717) to work on /opt/airflow/dags/product_processing.py
[2026-05-21T11:35:12.612+0000] {processor.py:914} INFO - Processing file /opt/airflow/dags/product_processing.py for tasks to queue
[2026-05-21T11:35:12.613+0000] {logging_mixin.py:190} INFO - [2026-05-21T11:35:12.613+0000] {dagbag.py:588} INFO - Filling up the DagBag from /opt/airflow/dags/product_processing.py
[2026-05-21T11:35:12.846+0000] {processor.py:925} INFO - DAG(s) 'product_processing' retrieved from /opt/airflow/dags/product_processing.py
[2026-05-21T11:35:12.867+0000] {logging_mixin.py:190} INFO - [2026-05-21T11:35:12.867+0000] {dag.py:3239} INFO - Sync 1 DAGs
[2026-05-21T11:35:12.885+0000] {logging_mixin.py:190} INFO - [2026-05-21T11:35:12.885+0000] {dag.py:4180} INFO - Setting next_dagrun for product_processing to 2026-05-20 00:00:00+00:00, run_after=2026-05-21 00:00:00+00:00
[2026-05-21T11:35:12.899+0000] {processor.py:208} INFO - Processing /opt/airflow/dags/product_processing.py took 0.292 seconds
[2026-05-21T11:35:43.682+0000] {processor.py:186} INFO - Started process (PID=15733) to work on /opt/airflow/dags/product_processing.py
[2026-05-21T11:35:43.683+0000] {processor.py:914} INFO - Processing file /opt/airflow/dags/product_processing.py for tasks to queue
[2026-05-21T11:35:43.684+0000] {logging_mixin.py:190} INFO - [2026-05-21T11:35:43.683+0000] {dagbag.py:588} INFO - Filling up the DagBag from /opt/airflow/dags/product_processing.py
[2026-05-21T11:35:43.918+0000] {processor.py:925} INFO - DAG(s) 'product_processing' retrieved from /opt/airflow/dags/product_processing.py
[2026-05-21T11:35:43.940+0000] {logging_mixin.py:190} INFO - [2026-05-21T11:35:43.940+0000] {dag.py:3239} INFO - Sync 1 DAGs
[2026-05-21T11:35:43.958+0000] {logging_mixin.py:190} INFO - [2026-05-21T11:35:43.958+0000] {dag.py:4180} INFO - Setting next_dagrun for product_processing to 2026-05-20 00:00:00+00:00, run_after=2026-05-21 00:00:00+00:00
[2026-05-21T11:35:43.972+0000] {processor.py:208} INFO - Processing /opt/airflow/dags/product_processing.py took 0.294 seconds
[2026-05-21T11:36:14.821+0000] {processor.py:186} INFO - Started process (PID=15750) to work on /opt/airflow/dags/product_processing.py
[2026-05-21T11:36:14.829+0000] {processor.py:914} INFO - Processing file /opt/airflow/dags/product_processing.py for tasks to queue
[2026-05-21T11:36:14.830+0000] {logging_mixin.py:190} INFO - [2026-05-21T11:36:14.830+0000] {dagbag.py:588} INFO - Filling up the DagBag from /opt/airflow/dags/product_processing.py
[2026-05-21T11:36:15.047+0000] {processor.py:925} INFO - DAG(s) 'product_processing' retrieved from /opt/airflow/dags/product_processing.py
[2026-05-21T11:36:15.072+0000] {logging_mixin.py:190} INFO - [2026-05-21T11:36:15.072+0000] {dag.py:3239} INFO - Sync 1 DAGs
[2026-05-21T11:36:15.093+0000] {logging_mixin.py:190} INFO - [2026-05-21T11:36:15.093+0000] {dag.py:4180} INFO - Setting next_dagrun for product_processing to 2026-05-20 00:00:00+00:00, run_after=2026-05-21 00:00:00+00:00
[2026-05-21T11:36:15.107+0000] {processor.py:208} INFO - Processing /opt/airflow/dags/product_processing.py took 0.291 seconds
[2026-05-21T11:36:46.073+0000] {processor.py:186} INFO - Started process (PID=15765) to work on /opt/airflow/dags/product_processing.py
[2026-05-21T11:36:46.074+0000] {processor.py:914} INFO - Processing file /opt/airflow/dags/product_processing.py for tasks to queue
[2026-05-21T11:36:46.075+0000] {logging_mixin.py:190} INFO - [2026-05-21T11:36:46.075+0000] {dagbag.py:588} INFO - Filling up the DagBag from /opt/airflow/dags/product_processing.py
[2026-05-21T11:36:46.281+0000] {processor.py:925} INFO - DAG(s) 'product_processing' retrieved from /opt/airflow/dags/product_processing.py
[2026-05-21T11:36:46.309+0000] {logging_mixin.py:190} INFO - [2026-05-21T11:36:46.308+0000] {dag.py:3239} INFO - Sync 1 DAGs
[2026-05-21T11:36:46.330+0000] {logging_mixin.py:190} INFO - [2026-05-21T11:36:46.330+0000] {dag.py:4180} INFO - Setting next_dagrun for product_processing to 2026-05-20 00:00:00+00:00, run_after=2026-05-21 00:00:00+00:00
[2026-05-21T11:36:46.344+0000] {processor.py:208} INFO - Processing /opt/airflow/dags/product_processing.py took 0.275 seconds
[2026-05-21T11:37:17.202+0000] {processor.py:186} INFO - Started process (PID=15782) to work on /opt/airflow/dags/product_processing.py
[2026-05-21T11:37:17.203+0000] {processor.py:914} INFO - Processing file /opt/airflow/dags/product_processing.py for tasks to queue
[2026-05-21T11:37:17.204+0000] {logging_mixin.py:190} INFO - [2026-05-21T11:37:17.203+0000] {dagbag.py:588} INFO - Filling up the DagBag from /opt/airflow/dags/product_processing.py
[2026-05-21T11:37:17.427+0000] {processor.py:925} INFO - DAG(s) 'product_processing' retrieved from /opt/airflow/dags/product_processing.py
[2026-05-21T11:37:17.447+0000] {logging_mixin.py:190} INFO - [2026-05-21T11:37:17.447+0000] {dag.py:3239} INFO - Sync 1 DAGs
[2026-05-21T11:37:17.469+0000] {logging_mixin.py:190} INFO - [2026-05-21T11:37:17.469+0000] {dag.py:4180} INFO - Setting next_dagrun for product_processing to 2026-05-20 00:00:00+00:00, run_after=2026-05-21 00:00:00+00:00
[2026-05-21T11:37:17.482+0000] {processor.py:208} INFO - Processing /opt/airflow/dags/product_processing.py took 0.286 seconds
[2026-05-21T11:37:48.307+0000] {processor.py:186} INFO - Started process (PID=15797) to work on /opt/airflow/dags/product_processing.py
[2026-05-21T11:37:48.308+0000] {processor.py:914} INFO - Processing file /opt/airflow/dags/product_processing.py for tasks to queue
[2026-05-21T11:37:48.309+0000] {logging_mixin.py:190} INFO - [2026-05-21T11:37:48.309+0000] {dagbag.py:588} INFO - Filling up the DagBag from /opt/airflow/dags/product_processing.py
[2026-05-21T11:37:48.533+0000] {processor.py:925} INFO - DAG(s) 'product_processing' retrieved from /opt/airflow/dags/product_processing.py
[2026-05-21T11:37:48.557+0000] {logging_mixin.py:190} INFO - [2026-05-21T11:37:48.557+0000] {dag.py:3239} INFO - Sync 1 DAGs
[2026-05-21T11:37:48.579+0000] {logging_mixin.py:190} INFO - [2026-05-21T11:37:48.579+0000] {dag.py:4180} INFO - Setting next_dagrun for product_processing to 2026-05-20 00:00:00+00:00, run_after=2026-05-21 00:00:00+00:00
[2026-05-21T11:37:48.600+0000] {processor.py:208} INFO - Processing /opt/airflow/dags/product_processing.py took 0.298 seconds
[2026-05-21T11:38:19.462+0000] {processor.py:186} INFO - Started process (PID=15813) to work on /opt/airflow/dags/product_processing.py
[2026-05-21T11:38:19.464+0000] {processor.py:914} INFO - Processing file /opt/airflow/dags/product_processing.py for tasks to queue
[2026-05-21T11:38:19.465+0000] {logging_mixin.py:190} INFO - [2026-05-21T11:38:19.465+0000] {dagbag.py:588} INFO - Filling up the DagBag from /opt/airflow/dags/product_processing.py
[2026-05-21T11:38:19.688+0000] {processor.py:925} INFO - DAG(s) 'product_processing' retrieved from /opt/airflow/dags/product_processing.py
[2026-05-21T11:38:19.708+0000] {logging_mixin.py:190} INFO - [2026-05-21T11:38:19.708+0000] {dag.py:3239} INFO - Sync 1 DAGs
[2026-05-21T11:38:19.725+0000] {logging_mixin.py:190} INFO - [2026-05-21T11:38:19.725+0000] {dag.py:4180} INFO - Setting next_dagrun for product_processing to 2026-05-20 00:00:00+00:00, run_after=2026-05-21 00:00:00+00:00
[2026-05-21T11:38:19.740+0000] {processor.py:208} INFO - Processing /opt/airflow/dags/product_processing.py took 0.284 seconds
[2026-05-21T11:38:50.575+0000] {processor.py:186} INFO - Started process (PID=15829) to work on /opt/airflow/dags/product_processing.py
[2026-05-21T11:38:50.576+0000] {processor.py:914} INFO - Processing file /opt/airflow/dags/product_processing.py for tasks to queue
[2026-05-21T11:38:50.577+0000] {logging_mixin.py:190} INFO - [2026-05-21T11:38:50.576+0000] {dagbag.py:588} INFO - Filling up the DagBag from /opt/airflow/dags/product_processing.py
[2026-05-21T11:38:50.780+0000] {processor.py:925} INFO - DAG(s) 'product_processing' retrieved from /opt/airflow/dags/product_processing.py
[2026-05-21T11:38:50.799+0000] {logging_mixin.py:190} INFO - [2026-05-21T11:38:50.799+0000] {dag.py:3239} INFO - Sync 1 DAGs
[2026-05-21T11:38:50.816+0000] {logging_mixin.py:190} INFO - [2026-05-21T11:38:50.816+0000] {dag.py:4180} INFO - Setting next_dagrun for product_processing to 2026-05-20 00:00:00+00:00, run_after=2026-05-21 00:00:00+00:00
[2026-05-21T11:38:50.827+0000] {processor.py:208} INFO - Processing /opt/airflow/dags/product_processing.py took 0.256 seconds
[2026-05-21T11:39:21.683+0000] {processor.py:186} INFO - Started process (PID=15845) to work on /opt/airflow/dags/product_processing.py
[2026-05-21T11:39:21.684+0000] {processor.py:914} INFO - Processing file /opt/airflow/dags/product_processing.py for tasks to queue
[2026-05-21T11:39:21.684+0000] {logging_mixin.py:190} INFO - [2026-05-21T11:39:21.684+0000] {dagbag.py:588} INFO - Filling up the DagBag from /opt/airflow/dags/product_processing.py
[2026-05-21T11:39:21.882+0000] {processor.py:925} INFO - DAG(s) 'product_processing' retrieved from /opt/airflow/dags/product_processing.py
[2026-05-21T11:39:21.900+0000] {logging_mixin.py:190} INFO - [2026-05-21T11:39:21.900+0000] {dag.py:3239} INFO - Sync 1 DAGs
[2026-05-21T11:39:21.918+0000] {logging_mixin.py:190} INFO - [2026-05-21T11:39:21.918+0000] {dag.py:4180} INFO - Setting next_dagrun for product_processing to 2026-05-20 00:00:00+00:00, run_after=2026-05-21 00:00:00+00:00
[2026-05-21T11:39:21.932+0000] {processor.py:208} INFO - Processing /opt/airflow/dags/product_processing.py took 0.254 seconds
[2026-05-21T11:39:52.769+0000] {processor.py:186} INFO - Started process (PID=15861) to work on /opt/airflow/dags/product_processing.py
[2026-05-21T11:39:52.770+0000] {processor.py:914} INFO - Processing file /opt/airflow/dags/product_processing.py for tasks to queue
[2026-05-21T11:39:52.771+0000] {logging_mixin.py:190} INFO - [2026-05-21T11:39:52.770+0000] {dagbag.py:588} INFO - Filling up the DagBag from /opt/airflow/dags/product_processing.py
[2026-05-21T11:39:52.962+0000] {processor.py:925} INFO - DAG(s) 'product_processing' retrieved from /opt/airflow/dags/product_processing.py
[2026-05-21T11:39:52.981+0000] {logging_mixin.py:190} INFO - [2026-05-21T11:39:52.981+0000] {dag.py:3239} INFO - Sync 1 DAGs
[2026-05-21T11:39:52.998+0000] {logging_mixin.py:190} INFO - [2026-05-21T11:39:52.998+0000] {dag.py:4180} INFO - Setting next_dagrun for product_processing to 2026-05-20 00:00:00+00:00, run_after=2026-05-21 00:00:00+00:00
[2026-05-21T11:39:53.011+0000] {processor.py:208} INFO - Processing /opt/airflow/dags/product_processing.py took 0.246 seconds
[2026-05-21T11:40:23.961+0000] {processor.py:186} INFO - Started process (PID=15878) to work on /opt/airflow/dags/product_processing.py
[2026-05-21T11:40:23.963+0000] {processor.py:914} INFO - Processing file /opt/airflow/dags/product_processing.py for tasks to queue
[2026-05-21T11:40:23.963+0000] {logging_mixin.py:190} INFO - [2026-05-21T11:40:23.963+0000] {dagbag.py:588} INFO - Filling up the DagBag from /opt/airflow/dags/product_processing.py
[2026-05-21T11:40:24.182+0000] {processor.py:925} INFO - DAG(s) 'product_processing' retrieved from /opt/airflow/dags/product_processing.py
[2026-05-21T11:40:24.203+0000] {logging_mixin.py:190} INFO - [2026-05-21T11:40:24.202+0000] {dag.py:3239} INFO - Sync 1 DAGs
[2026-05-21T11:40:24.223+0000] {logging_mixin.py:190} INFO - [2026-05-21T11:40:24.223+0000] {dag.py:4180} INFO - Setting next_dagrun for product_processing to 2026-05-20 00:00:00+00:00, run_after=2026-05-21 00:00:00+00:00
[2026-05-21T11:40:24.238+0000] {processor.py:208} INFO - Processing /opt/airflow/dags/product_processing.py took 0.282 seconds
[2026-05-21T11:40:55.073+0000] {processor.py:186} INFO - Started process (PID=15894) to work on /opt/airflow/dags/product_processing.py
[2026-05-21T11:40:55.073+0000] {processor.py:914} INFO - Processing file /opt/airflow/dags/product_processing.py for tasks to queue
[2026-05-21T11:40:55.076+0000] {logging_mixin.py:190} INFO - [2026-05-21T11:40:55.076+0000] {dagbag.py:588} INFO - Filling up the DagBag from /opt/airflow/dags/product_processing.py
[2026-05-21T11:40:55.329+0000] {processor.py:925} INFO - DAG(s) 'product_processing' retrieved from /opt/airflow/dags/product_processing.py
[2026-05-21T11:40:55.350+0000] {logging_mixin.py:190} INFO - [2026-05-21T11:40:55.350+0000] {dag.py:3239} INFO - Sync 1 DAGs
[2026-05-21T11:40:55.370+0000] {logging_mixin.py:190} INFO - [2026-05-21T11:40:55.370+0000] {dag.py:4180} INFO - Setting next_dagrun for product_processing to 2026-05-20 00:00:00+00:00, run_after=2026-05-21 00:00:00+00:00
[2026-05-21T11:40:55.385+0000] {processor.py:208} INFO - Processing /opt/airflow/dags/product_processing.py took 0.316 seconds
[2026-05-21T11:41:26.251+0000] {processor.py:186} INFO - Started process (PID=15910) to work on /opt/airflow/dags/product_processing.py
[2026-05-21T11:41:26.256+0000] {processor.py:914} INFO - Processing file /opt/airflow/dags/product_processing.py for tasks to queue
[2026-05-21T11:41:26.257+0000] {logging_mixin.py:190} INFO - [2026-05-21T11:41:26.257+0000] {dagbag.py:588} INFO - Filling up the DagBag from /opt/airflow/dags/product_processing.py
[2026-05-21T11:41:26.447+0000] {processor.py:925} INFO - DAG(s) 'product_processing' retrieved from /opt/airflow/dags/product_processing.py
[2026-05-21T11:41:26.466+0000] {logging_mixin.py:190} INFO - [2026-05-21T11:41:26.465+0000] {dag.py:3239} INFO - Sync 1 DAGs
[2026-05-21T11:41:26.484+0000] {logging_mixin.py:190} INFO - [2026-05-21T11:41:26.484+0000] {dag.py:4180} INFO - Setting next_dagrun for product_processing to 2026-05-20 00:00:00+00:00, run_after=2026-05-21 00:00:00+00:00
[2026-05-21T11:41:26.499+0000] {processor.py:208} INFO - Processing /opt/airflow/dags/product_processing.py took 0.252 seconds
[2026-05-21T11:41:57.495+0000] {processor.py:186} INFO - Started process (PID=15927) to work on /opt/airflow/dags/product_processing.py
[2026-05-21T11:41:57.496+0000] {processor.py:914} INFO - Processing file /opt/airflow/dags/product_processing.py for tasks to queue
[2026-05-21T11:41:57.497+0000] {logging_mixin.py:190} INFO - [2026-05-21T11:41:57.496+0000] {dagbag.py:588} INFO - Filling up the DagBag from /opt/airflow/dags/product_processing.py
[2026-05-21T11:41:57.754+0000] {processor.py:925} INFO - DAG(s) 'product_processing' retrieved from /opt/airflow/dags/product_processing.py
[2026-05-21T11:41:57.775+0000] {logging_mixin.py:190} INFO - [2026-05-21T11:41:57.775+0000] {dag.py:3239} INFO - Sync 1 DAGs
[2026-05-21T11:41:57.793+0000] {logging_mixin.py:190} INFO - [2026-05-21T11:41:57.793+0000] {dag.py:4180} INFO - Setting next_dagrun for product_processing to 2026-05-20 00:00:00+00:00, run_after=2026-05-21 00:00:00+00:00
[2026-05-21T11:41:57.808+0000] {processor.py:208} INFO - Processing /opt/airflow/dags/product_processing.py took 0.318 seconds
[2026-05-21T11:42:29.146+0000] {processor.py:186} INFO - Started process (PID=15943) to work on /opt/airflow/dags/product_processing.py
[2026-05-21T11:42:29.147+0000] {processor.py:914} INFO - Processing file /opt/airflow/dags/product_processing.py for tasks to queue
[2026-05-21T11:42:29.149+0000] {logging_mixin.py:190} INFO - [2026-05-21T11:42:29.148+0000] {dagbag.py:588} INFO - Filling up the DagBag from /opt/airflow/dags/product_processing.py
[2026-05-21T11:42:29.592+0000] {processor.py:925} INFO - DAG(s) 'product_processing' retrieved from /opt/airflow/dags/product_processing.py
[2026-05-21T11:42:29.614+0000] {logging_mixin.py:190} INFO - [2026-05-21T11:42:29.614+0000] {dag.py:3239} INFO - Sync 1 DAGs
[2026-05-21T11:42:29.635+0000] {logging_mixin.py:190} INFO - [2026-05-21T11:42:29.635+0000] {dag.py:4180} INFO - Setting next_dagrun for product_processing to 2026-05-20 00:00:00+00:00, run_after=2026-05-21 00:00:00+00:00
[2026-05-21T11:42:29.649+0000] {processor.py:208} INFO - Processing /opt/airflow/dags/product_processing.py took 0.508 seconds
[2026-05-21T11:43:00.290+0000] {processor.py:186} INFO - Started process (PID=15959) to work on /opt/airflow/dags/product_processing.py
[2026-05-21T11:43:00.290+0000] {processor.py:914} INFO - Processing file /opt/airflow/dags/product_processing.py for tasks to queue
[2026-05-21T11:43:00.293+0000] {logging_mixin.py:190} INFO - [2026-05-21T11:43:00.293+0000] {dagbag.py:588} INFO - Filling up the DagBag from /opt/airflow/dags/product_processing.py
[2026-05-21T11:43:00.625+0000] {processor.py:925} INFO - DAG(s) 'product_processing' retrieved from /opt/airflow/dags/product_processing.py
[2026-05-21T11:43:00.661+0000] {logging_mixin.py:190} INFO - [2026-05-21T11:43:00.661+0000] {dag.py:3239} INFO - Sync 1 DAGs
[2026-05-21T11:43:00.696+0000] {logging_mixin.py:190} INFO - [2026-05-21T11:43:00.695+0000] {dag.py:4180} INFO - Setting next_dagrun for product_processing to 2026-05-20 00:00:00+00:00, run_after=2026-05-21 00:00:00+00:00
[2026-05-21T11:43:00.734+0000] {processor.py:208} INFO - Processing /opt/airflow/dags/product_processing.py took 0.465 seconds
[2026-05-21T11:43:30.815+0000] {processor.py:186} INFO - Started process (PID=15974) to work on /opt/airflow/dags/product_processing.py
[2026-05-21T11:43:30.816+0000] {processor.py:914} INFO - Processing file /opt/airflow/dags/product_processing.py for tasks to queue
[2026-05-21T11:43:30.817+0000] {logging_mixin.py:190} INFO - [2026-05-21T11:43:30.817+0000] {dagbag.py:588} INFO - Filling up the DagBag from /opt/airflow/dags/product_processing.py
[2026-05-21T11:43:31.016+0000] {processor.py:925} INFO - DAG(s) 'product_processing' retrieved from /opt/airflow/dags/product_processing.py
[2026-05-21T11:43:31.036+0000] {logging_mixin.py:190} INFO - [2026-05-21T11:43:31.035+0000] {dag.py:3239} INFO - Sync 1 DAGs
[2026-05-21T11:43:31.056+0000] {logging_mixin.py:190} INFO - [2026-05-21T11:43:31.056+0000] {dag.py:4180} INFO - Setting next_dagrun for product_processing to 2026-05-20 00:00:00+00:00, run_after=2026-05-21 00:00:00+00:00
[2026-05-21T11:43:31.070+0000] {processor.py:208} INFO - Processing /opt/airflow/dags/product_processing.py took 0.259 seconds
[2026-05-21T11:44:01.590+0000] {processor.py:186} INFO - Started process (PID=15990) to work on /opt/airflow/dags/product_processing.py
[2026-05-21T11:44:01.590+0000] {processor.py:914} INFO - Processing file /opt/airflow/dags/product_processing.py for tasks to queue
[2026-05-21T11:44:01.591+0000] {logging_mixin.py:190} INFO - [2026-05-21T11:44:01.591+0000] {dagbag.py:588} INFO - Filling up the DagBag from /opt/airflow/dags/product_processing.py
[2026-05-21T11:44:01.815+0000] {processor.py:925} INFO - DAG(s) 'product_processing' retrieved from /opt/airflow/dags/product_processing.py
[2026-05-21T11:44:01.842+0000] {logging_mixin.py:190} INFO - [2026-05-21T11:44:01.842+0000] {dag.py:3239} INFO - Sync 1 DAGs
[2026-05-21T11:44:01.863+0000] {logging_mixin.py:190} INFO - [2026-05-21T11:44:01.863+0000] {dag.py:4180} INFO - Setting next_dagrun for product_processing to 2026-05-20 00:00:00+00:00, run_after=2026-05-21 00:00:00+00:00
[2026-05-21T11:44:01.877+0000] {processor.py:208} INFO - Processing /opt/airflow/dags/product_processing.py took 0.295 seconds
[2026-05-21T11:44:31.933+0000] {processor.py:186} INFO - Started process (PID=16006) to work on /opt/airflow/dags/product_processing.py
[2026-05-21T11:44:31.934+0000] {processor.py:914} INFO - Processing file /opt/airflow/dags/product_processing.py for tasks to queue
[2026-05-21T11:44:31.935+0000] {logging_mixin.py:190} INFO - [2026-05-21T11:44:31.934+0000] {dagbag.py:588} INFO - Filling up the DagBag from /opt/airflow/dags/product_processing.py
[2026-05-21T11:44:32.147+0000] {processor.py:925} INFO - DAG(s) 'product_processing' retrieved from /opt/airflow/dags/product_processing.py
[2026-05-21T11:44:32.167+0000] {logging_mixin.py:190} INFO - [2026-05-21T11:44:32.167+0000] {dag.py:3239} INFO - Sync 1 DAGs
[2026-05-21T11:44:32.184+0000] {logging_mixin.py:190} INFO - [2026-05-21T11:44:32.184+0000] {dag.py:4180} INFO - Setting next_dagrun for product_processing to 2026-05-20 00:00:00+00:00, run_after=2026-05-21 00:00:00+00:00
[2026-05-21T11:44:32.197+0000] {processor.py:208} INFO - Processing /opt/airflow/dags/product_processing.py took 0.269 seconds
[2026-05-21T11:45:02.242+0000] {processor.py:186} INFO - Started process (PID=16022) to work on /opt/airflow/dags/product_processing.py
[2026-05-21T11:45:02.243+0000] {processor.py:914} INFO - Processing file /opt/airflow/dags/product_processing.py for tasks to queue
[2026-05-21T11:45:02.244+0000] {logging_mixin.py:190} INFO - [2026-05-21T11:45:02.243+0000] {dagbag.py:588} INFO - Filling up the DagBag from /opt/airflow/dags/product_processing.py
[2026-05-21T11:45:02.421+0000] {processor.py:925} INFO - DAG(s) 'product_processing' retrieved from /opt/airflow/dags/product_processing.py
[2026-05-21T11:45:02.441+0000] {logging_mixin.py:190} INFO - [2026-05-21T11:45:02.441+0000] {dag.py:3239} INFO - Sync 1 DAGs
[2026-05-21T11:45:02.459+0000] {logging_mixin.py:190} INFO - [2026-05-21T11:45:02.459+0000] {dag.py:4180} INFO - Setting next_dagrun for product_processing to 2026-05-20 00:00:00+00:00, run_after=2026-05-21 00:00:00+00:00
[2026-05-21T11:45:02.475+0000] {processor.py:208} INFO - Processing /opt/airflow/dags/product_processing.py took 0.237 seconds
[2026-05-21T11:45:32.529+0000] {processor.py:186} INFO - Started process (PID=16039) to work on /opt/airflow/dags/product_processing.py
[2026-05-21T11:45:32.530+0000] {processor.py:914} INFO - Processing file /opt/airflow/dags/product_processing.py for tasks to queue
[2026-05-21T11:45:32.531+0000] {logging_mixin.py:190} INFO - [2026-05-21T11:45:32.531+0000] {dagbag.py:588} INFO - Filling up the DagBag from /opt/airflow/dags/product_processing.py
[2026-05-21T11:45:32.708+0000] {processor.py:925} INFO - DAG(s) 'product_processing' retrieved from /opt/airflow/dags/product_processing.py
[2026-05-21T11:45:32.727+0000] {logging_mixin.py:190} INFO - [2026-05-21T11:45:32.727+0000] {dag.py:3239} INFO - Sync 1 DAGs
[2026-05-21T11:45:32.745+0000] {logging_mixin.py:190} INFO - [2026-05-21T11:45:32.745+0000] {dag.py:4180} INFO - Setting next_dagrun for product_processing to 2026-05-20 00:00:00+00:00, run_after=2026-05-21 00:00:00+00:00
[2026-05-21T11:45:32.759+0000] {processor.py:208} INFO - Processing /opt/airflow/dags/product_processing.py took 0.234 seconds
[2026-05-21T11:46:02.838+0000] {processor.py:186} INFO - Started process (PID=16055) to work on /opt/airflow/dags/product_processing.py
[2026-05-21T11:46:02.839+0000] {processor.py:914} INFO - Processing file /opt/airflow/dags/product_processing.py for tasks to queue
[2026-05-21T11:46:02.840+0000] {logging_mixin.py:190} INFO - [2026-05-21T11:46:02.840+0000] {dagbag.py:588} INFO - Filling up the DagBag from /opt/airflow/dags/product_processing.py
[2026-05-21T11:46:03.025+0000] {processor.py:925} INFO - DAG(s) 'product_processing' retrieved from /opt/airflow/dags/product_processing.py
[2026-05-21T11:46:03.045+0000] {logging_mixin.py:190} INFO - [2026-05-21T11:46:03.044+0000] {dag.py:3239} INFO - Sync 1 DAGs
[2026-05-21T11:46:03.062+0000] {logging_mixin.py:190} INFO - [2026-05-21T11:46:03.061+0000] {dag.py:4180} INFO - Setting next_dagrun for product_processing to 2026-05-20 00:00:00+00:00, run_after=2026-05-21 00:00:00+00:00
[2026-05-21T11:46:03.076+0000] {processor.py:208} INFO - Processing /opt/airflow/dags/product_processing.py took 0.242 seconds
[2026-05-21T11:46:33.182+0000] {processor.py:186} INFO - Started process (PID=16071) to work on /opt/airflow/dags/product_processing.py
[2026-05-21T11:46:33.183+0000] {processor.py:914} INFO - Processing file /opt/airflow/dags/product_processing.py for tasks to queue
[2026-05-21T11:46:33.183+0000] {logging_mixin.py:190} INFO - [2026-05-21T11:46:33.183+0000] {dagbag.py:588} INFO - Filling up the DagBag from /opt/airflow/dags/product_processing.py
[2026-05-21T11:46:33.360+0000] {processor.py:925} INFO - DAG(s) 'product_processing' retrieved from /opt/airflow/dags/product_processing.py
[2026-05-21T11:46:33.381+0000] {logging_mixin.py:190} INFO - [2026-05-21T11:46:33.380+0000] {dag.py:3239} INFO - Sync 1 DAGs
[2026-05-21T11:46:33.399+0000] {logging_mixin.py:190} INFO - [2026-05-21T11:46:33.399+0000] {dag.py:4180} INFO - Setting next_dagrun for product_processing to 2026-05-20 00:00:00+00:00, run_after=2026-05-21 00:00:00+00:00
[2026-05-21T11:46:33.413+0000] {processor.py:208} INFO - Processing /opt/airflow/dags/product_processing.py took 0.235 seconds
[2026-05-21T11:47:03.478+0000] {processor.py:186} INFO - Started process (PID=16086) to work on /opt/airflow/dags/product_processing.py
[2026-05-21T11:47:03.478+0000] {processor.py:914} INFO - Processing file /opt/airflow/dags/product_processing.py for tasks to queue
[2026-05-21T11:47:03.479+0000] {logging_mixin.py:190} INFO - [2026-05-21T11:47:03.479+0000] {dagbag.py:588} INFO - Filling up the DagBag from /opt/airflow/dags/product_processing.py
[2026-05-21T11:47:03.676+0000] {processor.py:925} INFO - DAG(s) 'product_processing' retrieved from /opt/airflow/dags/product_processing.py
[2026-05-21T11:47:03.697+0000] {logging_mixin.py:190} INFO - [2026-05-21T11:47:03.697+0000] {dag.py:3239} INFO - Sync 1 DAGs
[2026-05-21T11:47:03.715+0000] {logging_mixin.py:190} INFO - [2026-05-21T11:47:03.714+0000] {dag.py:4180} INFO - Setting next_dagrun for product_processing to 2026-05-20 00:00:00+00:00, run_after=2026-05-21 00:00:00+00:00
[2026-05-21T11:47:03.731+0000] {processor.py:208} INFO - Processing /opt/airflow/dags/product_processing.py took 0.258 seconds
[2026-05-21T11:47:33.837+0000] {processor.py:186} INFO - Started process (PID=16102) to work on /opt/airflow/dags/product_processing.py
[2026-05-21T11:47:33.838+0000] {processor.py:914} INFO - Processing file /opt/airflow/dags/product_processing.py for tasks to queue
[2026-05-21T11:47:33.839+0000] {logging_mixin.py:190} INFO - [2026-05-21T11:47:33.838+0000] {dagbag.py:588} INFO - Filling up the DagBag from /opt/airflow/dags/product_processing.py
[2026-05-21T11:47:34.027+0000] {processor.py:925} INFO - DAG(s) 'product_processing' retrieved from /opt/airflow/dags/product_processing.py
[2026-05-21T11:47:34.047+0000] {logging_mixin.py:190} INFO - [2026-05-21T11:47:34.047+0000] {dag.py:3239} INFO - Sync 1 DAGs
[2026-05-21T11:47:34.064+0000] {logging_mixin.py:190} INFO - [2026-05-21T11:47:34.064+0000] {dag.py:4180} INFO - Setting next_dagrun for product_processing to 2026-05-20 00:00:00+00:00, run_after=2026-05-21 00:00:00+00:00
[2026-05-21T11:47:34.079+0000] {processor.py:208} INFO - Processing /opt/airflow/dags/product_processing.py took 0.246 seconds
[2026-05-21T11:48:04.170+0000] {processor.py:186} INFO - Started process (PID=16118) to work on /opt/airflow/dags/product_processing.py
[2026-05-21T11:48:04.171+0000] {processor.py:914} INFO - Processing file /opt/airflow/dags/product_processing.py for tasks to queue
[2026-05-21T11:48:04.172+0000] {logging_mixin.py:190} INFO - [2026-05-21T11:48:04.172+0000] {dagbag.py:588} INFO - Filling up the DagBag from /opt/airflow/dags/product_processing.py
[2026-05-21T11:48:04.363+0000] {processor.py:925} INFO - DAG(s) 'product_processing' retrieved from /opt/airflow/dags/product_processing.py
[2026-05-21T11:48:04.382+0000] {logging_mixin.py:190} INFO - [2026-05-21T11:48:04.382+0000] {dag.py:3239} INFO - Sync 1 DAGs
[2026-05-21T11:48:04.400+0000] {logging_mixin.py:190} INFO - [2026-05-21T11:48:04.400+0000] {dag.py:4180} INFO - Setting next_dagrun for product_processing to 2026-05-20 00:00:00+00:00, run_after=2026-05-21 00:00:00+00:00
[2026-05-21T11:48:04.415+0000] {processor.py:208} INFO - Processing /opt/airflow/dags/product_processing.py took 0.248 seconds
[2026-05-21T11:48:34.493+0000] {processor.py:186} INFO - Started process (PID=16134) to work on /opt/airflow/dags/product_processing.py
[2026-05-21T11:48:34.494+0000] {processor.py:914} INFO - Processing file /opt/airflow/dags/product_processing.py for tasks to queue
[2026-05-21T11:48:34.495+0000] {logging_mixin.py:190} INFO - [2026-05-21T11:48:34.495+0000] {dagbag.py:588} INFO - Filling up the DagBag from /opt/airflow/dags/product_processing.py
[2026-05-21T11:48:34.672+0000] {processor.py:925} INFO - DAG(s) 'product_processing' retrieved from /opt/airflow/dags/product_processing.py
[2026-05-21T11:48:34.690+0000] {logging_mixin.py:190} INFO - [2026-05-21T11:48:34.690+0000] {dag.py:3239} INFO - Sync 1 DAGs
[2026-05-21T11:48:34.709+0000] {logging_mixin.py:190} INFO - [2026-05-21T11:48:34.708+0000] {dag.py:4180} INFO - Setting next_dagrun for product_processing to 2026-05-20 00:00:00+00:00, run_after=2026-05-21 00:00:00+00:00
[2026-05-21T11:48:34.721+0000] {processor.py:208} INFO - Processing /opt/airflow/dags/product_processing.py took 0.233 seconds
[2026-05-21T11:49:04.861+0000] {processor.py:186} INFO - Started process (PID=16150) to work on /opt/airflow/dags/product_processing.py
[2026-05-21T11:49:04.863+0000] {processor.py:914} INFO - Processing file /opt/airflow/dags/product_processing.py for tasks to queue
[2026-05-21T11:49:04.864+0000] {logging_mixin.py:190} INFO - [2026-05-21T11:49:04.864+0000] {dagbag.py:588} INFO - Filling up the DagBag from /opt/airflow/dags/product_processing.py
[2026-05-21T11:49:05.152+0000] {processor.py:925} INFO - DAG(s) 'product_processing' retrieved from /opt/airflow/dags/product_processing.py
[2026-05-21T11:49:05.194+0000] {logging_mixin.py:190} INFO - [2026-05-21T11:49:05.194+0000] {dag.py:3239} INFO - Sync 1 DAGs
[2026-05-21T11:49:05.240+0000] {logging_mixin.py:190} INFO - [2026-05-21T11:49:05.240+0000] {dag.py:4180} INFO - Setting next_dagrun for product_processing to 2026-05-20 00:00:00+00:00, run_after=2026-05-21 00:00:00+00:00
[2026-05-21T11:49:05.265+0000] {processor.py:208} INFO - Processing /opt/airflow/dags/product_processing.py took 0.415 seconds
[2026-05-21T11:49:35.349+0000] {processor.py:186} INFO - Started process (PID=16167) to work on /opt/airflow/dags/product_processing.py
[2026-05-21T11:49:35.351+0000] {processor.py:914} INFO - Processing file /opt/airflow/dags/product_processing.py for tasks to queue
[2026-05-21T11:49:35.352+0000] {logging_mixin.py:190} INFO - [2026-05-21T11:49:35.352+0000] {dagbag.py:588} INFO - Filling up the DagBag from /opt/airflow/dags/product_processing.py
[2026-05-21T11:49:35.561+0000] {processor.py:925} INFO - DAG(s) 'product_processing' retrieved from /opt/airflow/dags/product_processing.py
[2026-05-21T11:49:35.582+0000] {logging_mixin.py:190} INFO - [2026-05-21T11:49:35.582+0000] {dag.py:3239} INFO - Sync 1 DAGs
[2026-05-21T11:49:35.601+0000] {logging_mixin.py:190} INFO - [2026-05-21T11:49:35.601+0000] {dag.py:4180} INFO - Setting next_dagrun for product_processing to 2026-05-20 00:00:00+00:00, run_after=2026-05-21 00:00:00+00:00
[2026-05-21T11:49:35.616+0000] {processor.py:208} INFO - Processing /opt/airflow/dags/product_processing.py took 0.271 seconds
[2026-05-21T11:50:06.196+0000] {processor.py:186} INFO - Started process (PID=16181) to work on /opt/airflow/dags/product_processing.py
[2026-05-21T11:50:06.197+0000] {processor.py:914} INFO - Processing file /opt/airflow/dags/product_processing.py for tasks to queue
[2026-05-21T11:50:06.198+0000] {logging_mixin.py:190} INFO - [2026-05-21T11:50:06.198+0000] {dagbag.py:588} INFO - Filling up the DagBag from /opt/airflow/dags/product_processing.py
[2026-05-21T11:50:06.423+0000] {processor.py:925} INFO - DAG(s) 'product_processing' retrieved from /opt/airflow/dags/product_processing.py
[2026-05-21T11:50:06.442+0000] {logging_mixin.py:190} INFO - [2026-05-21T11:50:06.442+0000] {dag.py:3239} INFO - Sync 1 DAGs
[2026-05-21T11:50:06.462+0000] {logging_mixin.py:190} INFO - [2026-05-21T11:50:06.462+0000] {dag.py:4180} INFO - Setting next_dagrun for product_processing to 2026-05-20 00:00:00+00:00, run_after=2026-05-21 00:00:00+00:00
[2026-05-21T11:50:06.475+0000] {processor.py:208} INFO - Processing /opt/airflow/dags/product_processing.py took 0.284 seconds
[2026-05-21T11:50:37.257+0000] {processor.py:186} INFO - Started process (PID=16197) to work on /opt/airflow/dags/product_processing.py
[2026-05-21T11:50:37.258+0000] {processor.py:914} INFO - Processing file /opt/airflow/dags/product_processing.py for tasks to queue
[2026-05-21T11:50:37.259+0000] {logging_mixin.py:190} INFO - [2026-05-21T11:50:37.259+0000] {dagbag.py:588} INFO - Filling up the DagBag from /opt/airflow/dags/product_processing.py
[2026-05-21T11:50:37.462+0000] {processor.py:925} INFO - DAG(s) 'product_processing' retrieved from /opt/airflow/dags/product_processing.py
[2026-05-21T11:50:37.480+0000] {logging_mixin.py:190} INFO - [2026-05-21T11:50:37.480+0000] {dag.py:3239} INFO - Sync 1 DAGs
[2026-05-21T11:50:37.500+0000] {logging_mixin.py:190} INFO - [2026-05-21T11:50:37.500+0000] {dag.py:4180} INFO - Setting next_dagrun for product_processing to 2026-05-20 00:00:00+00:00, run_after=2026-05-21 00:00:00+00:00
[2026-05-21T11:50:37.515+0000] {processor.py:208} INFO - Processing /opt/airflow/dags/product_processing.py took 0.263 seconds
[2026-05-21T11:51:08.360+0000] {processor.py:186} INFO - Started process (PID=16220) to work on /opt/airflow/dags/product_processing.py
[2026-05-21T11:51:08.361+0000] {processor.py:914} INFO - Processing file /opt/airflow/dags/product_processing.py for tasks to queue
[2026-05-21T11:51:08.362+0000] {logging_mixin.py:190} INFO - [2026-05-21T11:51:08.362+0000] {dagbag.py:588} INFO - Filling up the DagBag from /opt/airflow/dags/product_processing.py
[2026-05-21T11:51:08.569+0000] {processor.py:925} INFO - DAG(s) 'product_processing' retrieved from /opt/airflow/dags/product_processing.py
[2026-05-21T11:51:08.588+0000] {logging_mixin.py:190} INFO - [2026-05-21T11:51:08.588+0000] {dag.py:3239} INFO - Sync 1 DAGs
[2026-05-21T11:51:08.608+0000] {logging_mixin.py:190} INFO - [2026-05-21T11:51:08.607+0000] {dag.py:4180} INFO - Setting next_dagrun for product_processing to 2026-05-20 00:00:00+00:00, run_after=2026-05-21 00:00:00+00:00
[2026-05-21T11:51:08.621+0000] {processor.py:208} INFO - Processing /opt/airflow/dags/product_processing.py took 0.266 seconds
[2026-05-21T11:51:39.385+0000] {processor.py:186} INFO - Started process (PID=16237) to work on /opt/airflow/dags/product_processing.py
[2026-05-21T11:51:39.386+0000] {processor.py:914} INFO - Processing file /opt/airflow/dags/product_processing.py for tasks to queue
[2026-05-21T11:51:39.387+0000] {logging_mixin.py:190} INFO - [2026-05-21T11:51:39.387+0000] {dagbag.py:588} INFO - Filling up the DagBag from /opt/airflow/dags/product_processing.py
[2026-05-21T11:51:39.599+0000] {processor.py:925} INFO - DAG(s) 'product_processing' retrieved from /opt/airflow/dags/product_processing.py
[2026-05-21T11:51:39.619+0000] {logging_mixin.py:190} INFO - [2026-05-21T11:51:39.619+0000] {dag.py:3239} INFO - Sync 1 DAGs
[2026-05-21T11:51:39.638+0000] {logging_mixin.py:190} INFO - [2026-05-21T11:51:39.637+0000] {dag.py:4180} INFO - Setting next_dagrun for product_processing to 2026-05-20 00:00:00+00:00, run_after=2026-05-21 00:00:00+00:00
[2026-05-21T11:51:39.652+0000] {processor.py:208} INFO - Processing /opt/airflow/dags/product_processing.py took 0.273 seconds
[2026-05-21T11:52:10.447+0000] {processor.py:186} INFO - Started process (PID=16253) to work on /opt/airflow/dags/product_processing.py
[2026-05-21T11:52:10.449+0000] {processor.py:914} INFO - Processing file /opt/airflow/dags/product_processing.py for tasks to queue
[2026-05-21T11:52:10.450+0000] {logging_mixin.py:190} INFO - [2026-05-21T11:52:10.450+0000] {dagbag.py:588} INFO - Filling up the DagBag from /opt/airflow/dags/product_processing.py
[2026-05-21T11:52:10.645+0000] {processor.py:925} INFO - DAG(s) 'product_processing' retrieved from /opt/airflow/dags/product_processing.py
[2026-05-21T11:52:10.668+0000] {logging_mixin.py:190} INFO - [2026-05-21T11:52:10.667+0000] {dag.py:3239} INFO - Sync 1 DAGs
[2026-05-21T11:52:10.689+0000] {logging_mixin.py:190} INFO - [2026-05-21T11:52:10.689+0000] {dag.py:4180} INFO - Setting next_dagrun for product_processing to 2026-05-20 00:00:00+00:00, run_after=2026-05-21 00:00:00+00:00
[2026-05-21T11:52:10.708+0000] {processor.py:208} INFO - Processing /opt/airflow/dags/product_processing.py took 0.266 seconds
[2026-05-21T11:52:41.547+0000] {processor.py:186} INFO - Started process (PID=16269) to work on /opt/airflow/dags/product_processing.py
[2026-05-21T11:52:41.548+0000] {processor.py:914} INFO - Processing file /opt/airflow/dags/product_processing.py for tasks to queue
[2026-05-21T11:52:41.549+0000] {logging_mixin.py:190} INFO - [2026-05-21T11:52:41.549+0000] {dagbag.py:588} INFO - Filling up the DagBag from /opt/airflow/dags/product_processing.py
[2026-05-21T11:52:41.784+0000] {processor.py:925} INFO - DAG(s) 'product_processing' retrieved from /opt/airflow/dags/product_processing.py
[2026-05-21T11:52:41.803+0000] {logging_mixin.py:190} INFO - [2026-05-21T11:52:41.802+0000] {dag.py:3239} INFO - Sync 1 DAGs
[2026-05-21T11:52:41.820+0000] {logging_mixin.py:190} INFO - [2026-05-21T11:52:41.819+0000] {dag.py:4180} INFO - Setting next_dagrun for product_processing to 2026-05-20 00:00:00+00:00, run_after=2026-05-21 00:00:00+00:00
[2026-05-21T11:52:41.832+0000] {processor.py:208} INFO - Processing /opt/airflow/dags/product_processing.py took 0.289 seconds
[2026-05-21T11:53:12.694+0000] {processor.py:186} INFO - Started process (PID=16285) to work on /opt/airflow/dags/product_processing.py
[2026-05-21T11:53:12.694+0000] {processor.py:914} INFO - Processing file /opt/airflow/dags/product_processing.py for tasks to queue
[2026-05-21T11:53:12.698+0000] {logging_mixin.py:190} INFO - [2026-05-21T11:53:12.698+0000] {dagbag.py:588} INFO - Filling up the DagBag from /opt/airflow/dags/product_processing.py
[2026-05-21T11:53:12.930+0000] {processor.py:925} INFO - DAG(s) 'product_processing' retrieved from /opt/airflow/dags/product_processing.py
[2026-05-21T11:53:12.952+0000] {logging_mixin.py:190} INFO - [2026-05-21T11:53:12.952+0000] {dag.py:3239} INFO - Sync 1 DAGs
[2026-05-21T11:53:12.976+0000] {logging_mixin.py:190} INFO - [2026-05-21T11:53:12.975+0000] {dag.py:4180} INFO - Setting next_dagrun for product_processing to 2026-05-20 00:00:00+00:00, run_after=2026-05-21 00:00:00+00:00
[2026-05-21T11:53:12.989+0000] {processor.py:208} INFO - Processing /opt/airflow/dags/product_processing.py took 0.302 seconds
[2026-05-21T11:53:43.826+0000] {processor.py:186} INFO - Started process (PID=16301) to work on /opt/airflow/dags/product_processing.py
[2026-05-21T11:53:43.828+0000] {processor.py:914} INFO - Processing file /opt/airflow/dags/product_processing.py for tasks to queue
[2026-05-21T11:53:43.830+0000] {logging_mixin.py:190} INFO - [2026-05-21T11:53:43.829+0000] {dagbag.py:588} INFO - Filling up the DagBag from /opt/airflow/dags/product_processing.py
[2026-05-21T11:53:44.030+0000] {processor.py:925} INFO - DAG(s) 'product_processing' retrieved from /opt/airflow/dags/product_processing.py
[2026-05-21T11:53:44.050+0000] {logging_mixin.py:190} INFO - [2026-05-21T11:53:44.050+0000] {dag.py:3239} INFO - Sync 1 DAGs
[2026-05-21T11:53:44.069+0000] {logging_mixin.py:190} INFO - [2026-05-21T11:53:44.068+0000] {dag.py:4180} INFO - Setting next_dagrun for product_processing to 2026-05-20 00:00:00+00:00, run_after=2026-05-21 00:00:00+00:00
[2026-05-21T11:53:44.080+0000] {processor.py:208} INFO - Processing /opt/airflow/dags/product_processing.py took 0.261 seconds
[2026-05-21T11:54:14.822+0000] {processor.py:186} INFO - Started process (PID=16317) to work on /opt/airflow/dags/product_processing.py
[2026-05-21T11:54:14.822+0000] {processor.py:914} INFO - Processing file /opt/airflow/dags/product_processing.py for tasks to queue
[2026-05-21T11:54:14.823+0000] {logging_mixin.py:190} INFO - [2026-05-21T11:54:14.823+0000] {dagbag.py:588} INFO - Filling up the DagBag from /opt/airflow/dags/product_processing.py
[2026-05-21T11:54:15.026+0000] {processor.py:925} INFO - DAG(s) 'product_processing' retrieved from /opt/airflow/dags/product_processing.py
[2026-05-21T11:54:15.044+0000] {logging_mixin.py:190} INFO - [2026-05-21T11:54:15.044+0000] {dag.py:3239} INFO - Sync 1 DAGs
[2026-05-21T11:54:15.061+0000] {logging_mixin.py:190} INFO - [2026-05-21T11:54:15.061+0000] {dag.py:4180} INFO - Setting next_dagrun for product_processing to 2026-05-20 00:00:00+00:00, run_after=2026-05-21 00:00:00+00:00
[2026-05-21T11:54:15.073+0000] {processor.py:208} INFO - Processing /opt/airflow/dags/product_processing.py took 0.255 seconds
[2026-05-21T11:54:45.931+0000] {processor.py:186} INFO - Started process (PID=16333) to work on /opt/airflow/dags/product_processing.py
[2026-05-21T11:54:45.932+0000] {processor.py:914} INFO - Processing file /opt/airflow/dags/product_processing.py for tasks to queue
[2026-05-21T11:54:45.933+0000] {logging_mixin.py:190} INFO - [2026-05-21T11:54:45.933+0000] {dagbag.py:588} INFO - Filling up the DagBag from /opt/airflow/dags/product_processing.py
[2026-05-21T11:54:46.149+0000] {processor.py:925} INFO - DAG(s) 'product_processing' retrieved from /opt/airflow/dags/product_processing.py
[2026-05-21T11:54:46.168+0000] {logging_mixin.py:190} INFO - [2026-05-21T11:54:46.168+0000] {dag.py:3239} INFO - Sync 1 DAGs
[2026-05-21T11:54:46.197+0000] {logging_mixin.py:190} INFO - [2026-05-21T11:54:46.197+0000] {dag.py:4180} INFO - Setting next_dagrun for product_processing to 2026-05-20 00:00:00+00:00, run_after=2026-05-21 00:00:00+00:00
[2026-05-21T11:54:46.210+0000] {processor.py:208} INFO - Processing /opt/airflow/dags/product_processing.py took 0.290 seconds
[2026-05-21T11:55:16.325+0000] {processor.py:186} INFO - Started process (PID=16349) to work on /opt/airflow/dags/product_processing.py
[2026-05-21T11:55:16.332+0000] {processor.py:914} INFO - Processing file /opt/airflow/dags/product_processing.py for tasks to queue
[2026-05-21T11:55:16.333+0000] {logging_mixin.py:190} INFO - [2026-05-21T11:55:16.333+0000] {dagbag.py:588} INFO - Filling up the DagBag from /opt/airflow/dags/product_processing.py
[2026-05-21T11:55:16.718+0000] {processor.py:925} INFO - DAG(s) 'product_processing' retrieved from /opt/airflow/dags/product_processing.py
[2026-05-21T11:55:16.755+0000] {logging_mixin.py:190} INFO - [2026-05-21T11:55:16.755+0000] {dag.py:3239} INFO - Sync 1 DAGs
[2026-05-21T11:55:16.780+0000] {logging_mixin.py:190} INFO - [2026-05-21T11:55:16.780+0000] {dag.py:4180} INFO - Setting next_dagrun for product_processing to 2026-05-20 00:00:00+00:00, run_after=2026-05-21 00:00:00+00:00
[2026-05-21T11:55:16.796+0000] {processor.py:208} INFO - Processing /opt/airflow/dags/product_processing.py took 0.487 seconds
[2026-05-21T11:55:47.116+0000] {processor.py:186} INFO - Started process (PID=16365) to work on /opt/airflow/dags/product_processing.py
[2026-05-21T11:55:47.117+0000] {processor.py:914} INFO - Processing file /opt/airflow/dags/product_processing.py for tasks to queue
[2026-05-21T11:55:47.118+0000] {logging_mixin.py:190} INFO - [2026-05-21T11:55:47.118+0000] {dagbag.py:588} INFO - Filling up the DagBag from /opt/airflow/dags/product_processing.py
[2026-05-21T11:55:47.301+0000] {processor.py:925} INFO - DAG(s) 'product_processing' retrieved from /opt/airflow/dags/product_processing.py
[2026-05-21T11:55:47.320+0000] {logging_mixin.py:190} INFO - [2026-05-21T11:55:47.320+0000] {dag.py:3239} INFO - Sync 1 DAGs
[2026-05-21T11:55:47.338+0000] {logging_mixin.py:190} INFO - [2026-05-21T11:55:47.338+0000] {dag.py:4180} INFO - Setting next_dagrun for product_processing to 2026-05-20 00:00:00+00:00, run_after=2026-05-21 00:00:00+00:00
[2026-05-21T11:55:47.352+0000] {processor.py:208} INFO - Processing /opt/airflow/dags/product_processing.py took 0.243 seconds
[2026-05-21T11:56:17.717+0000] {processor.py:186} INFO - Started process (PID=16381) to work on /opt/airflow/dags/product_processing.py
[2026-05-21T11:56:17.717+0000] {processor.py:914} INFO - Processing file /opt/airflow/dags/product_processing.py for tasks to queue
[2026-05-21T11:56:17.720+0000] {logging_mixin.py:190} INFO - [2026-05-21T11:56:17.719+0000] {dagbag.py:588} INFO - Filling up the DagBag from /opt/airflow/dags/product_processing.py
[2026-05-21T11:56:17.955+0000] {processor.py:925} INFO - DAG(s) 'product_processing' retrieved from /opt/airflow/dags/product_processing.py
[2026-05-21T11:56:17.976+0000] {logging_mixin.py:190} INFO - [2026-05-21T11:56:17.976+0000] {dag.py:3239} INFO - Sync 1 DAGs
[2026-05-21T11:56:17.995+0000] {logging_mixin.py:190} INFO - [2026-05-21T11:56:17.994+0000] {dag.py:4180} INFO - Setting next_dagrun for product_processing to 2026-05-20 00:00:00+00:00, run_after=2026-05-21 00:00:00+00:00
[2026-05-21T11:56:18.013+0000] {processor.py:208} INFO - Processing /opt/airflow/dags/product_processing.py took 0.306 seconds
[2026-05-21T11:56:48.124+0000] {processor.py:186} INFO - Started process (PID=16397) to work on /opt/airflow/dags/product_processing.py
[2026-05-21T11:56:48.125+0000] {processor.py:914} INFO - Processing file /opt/airflow/dags/product_processing.py for tasks to queue
[2026-05-21T11:56:48.126+0000] {logging_mixin.py:190} INFO - [2026-05-21T11:56:48.126+0000] {dagbag.py:588} INFO - Filling up the DagBag from /opt/airflow/dags/product_processing.py
[2026-05-21T11:56:48.320+0000] {processor.py:925} INFO - DAG(s) 'product_processing' retrieved from /opt/airflow/dags/product_processing.py
[2026-05-21T11:56:48.338+0000] {logging_mixin.py:190} INFO - [2026-05-21T11:56:48.338+0000] {dag.py:3239} INFO - Sync 1 DAGs
[2026-05-21T11:56:48.354+0000] {logging_mixin.py:190} INFO - [2026-05-21T11:56:48.354+0000] {dag.py:4180} INFO - Setting next_dagrun for product_processing to 2026-05-20 00:00:00+00:00, run_after=2026-05-21 00:00:00+00:00
[2026-05-21T11:56:48.367+0000] {processor.py:208} INFO - Processing /opt/airflow/dags/product_processing.py took 0.248 seconds
[2026-05-21T11:57:18.678+0000] {processor.py:186} INFO - Started process (PID=16413) to work on /opt/airflow/dags/product_processing.py
[2026-05-21T11:57:18.682+0000] {processor.py:914} INFO - Processing file /opt/airflow/dags/product_processing.py for tasks to queue
[2026-05-21T11:57:18.683+0000] {logging_mixin.py:190} INFO - [2026-05-21T11:57:18.683+0000] {dagbag.py:588} INFO - Filling up the DagBag from /opt/airflow/dags/product_processing.py
[2026-05-21T11:57:19.026+0000] {processor.py:925} INFO - DAG(s) 'product_processing' retrieved from /opt/airflow/dags/product_processing.py
[2026-05-21T11:57:19.111+0000] {logging_mixin.py:190} INFO - [2026-05-21T11:57:19.111+0000] {dag.py:3239} INFO - Sync 1 DAGs
[2026-05-21T11:57:19.156+0000] {logging_mixin.py:190} INFO - [2026-05-21T11:57:19.156+0000] {dag.py:4180} INFO - Setting next_dagrun for product_processing to 2026-05-20 00:00:00+00:00, run_after=2026-05-21 00:00:00+00:00
[2026-05-21T11:57:19.187+0000] {processor.py:208} INFO - Processing /opt/airflow/dags/product_processing.py took 0.525 seconds
[2026-05-21T11:57:49.351+0000] {processor.py:186} INFO - Started process (PID=16431) to work on /opt/airflow/dags/product_processing.py
[2026-05-21T11:57:49.352+0000] {processor.py:914} INFO - Processing file /opt/airflow/dags/product_processing.py for tasks to queue
[2026-05-21T11:57:49.352+0000] {logging_mixin.py:190} INFO - [2026-05-21T11:57:49.352+0000] {dagbag.py:588} INFO - Filling up the DagBag from /opt/airflow/dags/product_processing.py
[2026-05-21T11:57:49.564+0000] {processor.py:925} INFO - DAG(s) 'product_processing' retrieved from /opt/airflow/dags/product_processing.py
[2026-05-21T11:57:49.584+0000] {logging_mixin.py:190} INFO - [2026-05-21T11:57:49.584+0000] {dag.py:3239} INFO - Sync 1 DAGs
[2026-05-21T11:57:49.602+0000] {logging_mixin.py:190} INFO - [2026-05-21T11:57:49.602+0000] {dag.py:4180} INFO - Setting next_dagrun for product_processing to 2026-05-20 00:00:00+00:00, run_after=2026-05-21 00:00:00+00:00
[2026-05-21T11:57:49.617+0000] {processor.py:208} INFO - Processing /opt/airflow/dags/product_processing.py took 0.270 seconds
[2026-05-21T11:58:19.738+0000] {processor.py:186} INFO - Started process (PID=16445) to work on /opt/airflow/dags/product_processing.py
[2026-05-21T11:58:19.738+0000] {processor.py:914} INFO - Processing file /opt/airflow/dags/product_processing.py for tasks to queue
[2026-05-21T11:58:19.739+0000] {logging_mixin.py:190} INFO - [2026-05-21T11:58:19.739+0000] {dagbag.py:588} INFO - Filling up the DagBag from /opt/airflow/dags/product_processing.py
[2026-05-21T11:58:20.162+0000] {processor.py:925} INFO - DAG(s) 'product_processing' retrieved from /opt/airflow/dags/product_processing.py
[2026-05-21T11:58:20.187+0000] {logging_mixin.py:190} INFO - [2026-05-21T11:58:20.187+0000] {dag.py:3239} INFO - Sync 1 DAGs
[2026-05-21T11:58:20.207+0000] {logging_mixin.py:190} INFO - [2026-05-21T11:58:20.207+0000] {dag.py:4180} INFO - Setting next_dagrun for product_processing to 2026-05-20 00:00:00+00:00, run_after=2026-05-21 00:00:00+00:00
[2026-05-21T11:58:20.221+0000] {processor.py:208} INFO - Processing /opt/airflow/dags/product_processing.py took 0.513 seconds
[2026-05-21T11:58:50.474+0000] {processor.py:186} INFO - Started process (PID=16463) to work on /opt/airflow/dags/product_processing.py
[2026-05-21T11:58:50.475+0000] {processor.py:914} INFO - Processing file /opt/airflow/dags/product_processing.py for tasks to queue
[2026-05-21T11:58:50.476+0000] {logging_mixin.py:190} INFO - [2026-05-21T11:58:50.476+0000] {dagbag.py:588} INFO - Filling up the DagBag from /opt/airflow/dags/product_processing.py
[2026-05-21T11:58:51.042+0000] {processor.py:925} INFO - DAG(s) 'product_processing' retrieved from /opt/airflow/dags/product_processing.py
[2026-05-21T11:58:51.070+0000] {logging_mixin.py:190} INFO - [2026-05-21T11:58:51.070+0000] {dag.py:3239} INFO - Sync 1 DAGs
[2026-05-21T11:58:51.101+0000] {logging_mixin.py:190} INFO - [2026-05-21T11:58:51.101+0000] {dag.py:4180} INFO - Setting next_dagrun for product_processing to 2026-05-20 00:00:00+00:00, run_after=2026-05-21 00:00:00+00:00
[2026-05-21T11:58:51.118+0000] {processor.py:208} INFO - Processing /opt/airflow/dags/product_processing.py took 0.649 seconds
[2026-05-21T11:59:21.296+0000] {processor.py:186} INFO - Started process (PID=16477) to work on /opt/airflow/dags/product_processing.py
[2026-05-21T11:59:21.297+0000] {processor.py:914} INFO - Processing file /opt/airflow/dags/product_processing.py for tasks to queue
[2026-05-21T11:59:21.298+0000] {logging_mixin.py:190} INFO - [2026-05-21T11:59:21.298+0000] {dagbag.py:588} INFO - Filling up the DagBag from /opt/airflow/dags/product_processing.py
[2026-05-21T11:59:21.841+0000] {processor.py:925} INFO - DAG(s) 'product_processing' retrieved from /opt/airflow/dags/product_processing.py
[2026-05-21T11:59:21.891+0000] {logging_mixin.py:190} INFO - [2026-05-21T11:59:21.891+0000] {dag.py:3239} INFO - Sync 1 DAGs
[2026-05-21T11:59:21.992+0000] {logging_mixin.py:190} INFO - [2026-05-21T11:59:21.992+0000] {dag.py:4180} INFO - Setting next_dagrun for product_processing to 2026-05-20 00:00:00+00:00, run_after=2026-05-21 00:00:00+00:00
[2026-05-21T11:59:22.033+0000] {processor.py:208} INFO - Processing /opt/airflow/dags/product_processing.py took 0.741 seconds
[2026-05-21T11:59:52.145+0000] {processor.py:186} INFO - Started process (PID=16495) to work on /opt/airflow/dags/product_processing.py
[2026-05-21T11:59:52.146+0000] {processor.py:914} INFO - Processing file /opt/airflow/dags/product_processing.py for tasks to queue
[2026-05-21T11:59:52.147+0000] {logging_mixin.py:190} INFO - [2026-05-21T11:59:52.147+0000] {dagbag.py:588} INFO - Filling up the DagBag from /opt/airflow/dags/product_processing.py
[2026-05-21T11:59:52.397+0000] {processor.py:925} INFO - DAG(s) 'product_processing' retrieved from /opt/airflow/dags/product_processing.py
[2026-05-21T11:59:52.417+0000] {logging_mixin.py:190} INFO - [2026-05-21T11:59:52.417+0000] {dag.py:3239} INFO - Sync 1 DAGs
[2026-05-21T11:59:52.436+0000] {logging_mixin.py:190} INFO - [2026-05-21T11:59:52.436+0000] {dag.py:4180} INFO - Setting next_dagrun for product_processing to 2026-05-20 00:00:00+00:00, run_after=2026-05-21 00:00:00+00:00
[2026-05-21T11:59:52.454+0000] {processor.py:208} INFO - Processing /opt/airflow/dags/product_processing.py took 0.315 seconds
[2026-05-21T12:00:22.616+0000] {processor.py:186} INFO - Started process (PID=16512) to work on /opt/airflow/dags/product_processing.py
[2026-05-21T12:00:22.617+0000] {processor.py:914} INFO - Processing file /opt/airflow/dags/product_processing.py for tasks to queue
[2026-05-21T12:00:22.619+0000] {logging_mixin.py:190} INFO - [2026-05-21T12:00:22.619+0000] {dagbag.py:588} INFO - Filling up the DagBag from /opt/airflow/dags/product_processing.py
[2026-05-21T12:00:22.901+0000] {processor.py:925} INFO - DAG(s) 'product_processing' retrieved from /opt/airflow/dags/product_processing.py
[2026-05-21T12:00:22.921+0000] {logging_mixin.py:190} INFO - [2026-05-21T12:00:22.920+0000] {dag.py:3239} INFO - Sync 1 DAGs
[2026-05-21T12:00:22.938+0000] {logging_mixin.py:190} INFO - [2026-05-21T12:00:22.938+0000] {dag.py:4180} INFO - Setting next_dagrun for product_processing to 2026-05-20 00:00:00+00:00, run_after=2026-05-21 00:00:00+00:00
[2026-05-21T12:00:22.951+0000] {processor.py:208} INFO - Processing /opt/airflow/dags/product_processing.py took 0.350 seconds
[2026-05-21T12:00:53.560+0000] {processor.py:186} INFO - Started process (PID=16528) to work on /opt/airflow/dags/product_processing.py
[2026-05-21T12:00:53.562+0000] {processor.py:914} INFO - Processing file /opt/airflow/dags/product_processing.py for tasks to queue
[2026-05-21T12:00:53.563+0000] {logging_mixin.py:190} INFO - [2026-05-21T12:00:53.563+0000] {dagbag.py:588} INFO - Filling up the DagBag from /opt/airflow/dags/product_processing.py
[2026-05-21T12:00:53.764+0000] {processor.py:925} INFO - DAG(s) 'product_processing' retrieved from /opt/airflow/dags/product_processing.py
[2026-05-21T12:00:53.783+0000] {logging_mixin.py:190} INFO - [2026-05-21T12:00:53.783+0000] {dag.py:3239} INFO - Sync 1 DAGs
[2026-05-21T12:00:53.800+0000] {logging_mixin.py:190} INFO - [2026-05-21T12:00:53.800+0000] {dag.py:4180} INFO - Setting next_dagrun for product_processing to 2026-05-20 00:00:00+00:00, run_after=2026-05-21 00:00:00+00:00
[2026-05-21T12:00:53.813+0000] {processor.py:208} INFO - Processing /opt/airflow/dags/product_processing.py took 0.258 seconds
[2026-05-21T12:01:24.075+0000] {processor.py:186} INFO - Started process (PID=16544) to work on /opt/airflow/dags/product_processing.py
[2026-05-21T12:01:24.076+0000] {processor.py:914} INFO - Processing file /opt/airflow/dags/product_processing.py for tasks to queue
[2026-05-21T12:01:24.077+0000] {logging_mixin.py:190} INFO - [2026-05-21T12:01:24.076+0000] {dagbag.py:588} INFO - Filling up the DagBag from /opt/airflow/dags/product_processing.py
[2026-05-21T12:01:24.337+0000] {processor.py:925} INFO - DAG(s) 'product_processing' retrieved from /opt/airflow/dags/product_processing.py
[2026-05-21T12:01:24.356+0000] {logging_mixin.py:190} INFO - [2026-05-21T12:01:24.355+0000] {dag.py:3239} INFO - Sync 1 DAGs
[2026-05-21T12:01:24.373+0000] {logging_mixin.py:190} INFO - [2026-05-21T12:01:24.373+0000] {dag.py:4180} INFO - Setting next_dagrun for product_processing to 2026-05-20 00:00:00+00:00, run_after=2026-05-21 00:00:00+00:00
[2026-05-21T12:01:24.385+0000] {processor.py:208} INFO - Processing /opt/airflow/dags/product_processing.py took 0.321 seconds
[2026-05-21T12:01:54.716+0000] {processor.py:186} INFO - Started process (PID=16561) to work on /opt/airflow/dags/product_processing.py
[2026-05-21T12:01:54.717+0000] {processor.py:914} INFO - Processing file /opt/airflow/dags/product_processing.py for tasks to queue
[2026-05-21T12:01:54.718+0000] {logging_mixin.py:190} INFO - [2026-05-21T12:01:54.718+0000] {dagbag.py:588} INFO - Filling up the DagBag from /opt/airflow/dags/product_processing.py
[2026-05-21T12:01:54.928+0000] {processor.py:925} INFO - DAG(s) 'product_processing' retrieved from /opt/airflow/dags/product_processing.py
[2026-05-21T12:01:54.947+0000] {logging_mixin.py:190} INFO - [2026-05-21T12:01:54.946+0000] {dag.py:3239} INFO - Sync 1 DAGs
[2026-05-21T12:01:54.964+0000] {logging_mixin.py:190} INFO - [2026-05-21T12:01:54.964+0000] {dag.py:4180} INFO - Setting next_dagrun for product_processing to 2026-05-20 00:00:00+00:00, run_after=2026-05-21 00:00:00+00:00
[2026-05-21T12:01:54.979+0000] {processor.py:208} INFO - Processing /opt/airflow/dags/product_processing.py took 0.267 seconds
[2026-05-21T12:02:25.257+0000] {processor.py:186} INFO - Started process (PID=16577) to work on /opt/airflow/dags/product_processing.py
[2026-05-21T12:02:25.258+0000] {processor.py:914} INFO - Processing file /opt/airflow/dags/product_processing.py for tasks to queue
[2026-05-21T12:02:25.259+0000] {logging_mixin.py:190} INFO - [2026-05-21T12:02:25.259+0000] {dagbag.py:588} INFO - Filling up the DagBag from /opt/airflow/dags/product_processing.py
[2026-05-21T12:02:25.466+0000] {processor.py:925} INFO - DAG(s) 'product_processing' retrieved from /opt/airflow/dags/product_processing.py
[2026-05-21T12:02:25.486+0000] {logging_mixin.py:190} INFO - [2026-05-21T12:02:25.486+0000] {dag.py:3239} INFO - Sync 1 DAGs
[2026-05-21T12:02:25.506+0000] {logging_mixin.py:190} INFO - [2026-05-21T12:02:25.506+0000] {dag.py:4180} INFO - Setting next_dagrun for product_processing to 2026-05-20 00:00:00+00:00, run_after=2026-05-21 00:00:00+00:00
[2026-05-21T12:02:25.521+0000] {processor.py:208} INFO - Processing /opt/airflow/dags/product_processing.py took 0.268 seconds
[2026-05-21T12:02:55.846+0000] {processor.py:186} INFO - Started process (PID=16593) to work on /opt/airflow/dags/product_processing.py
[2026-05-21T12:02:55.852+0000] {processor.py:914} INFO - Processing file /opt/airflow/dags/product_processing.py for tasks to queue
[2026-05-21T12:02:55.858+0000] {logging_mixin.py:190} INFO - [2026-05-21T12:02:55.856+0000] {dagbag.py:588} INFO - Filling up the DagBag from /opt/airflow/dags/product_processing.py
[2026-05-21T12:02:56.555+0000] {processor.py:925} INFO - DAG(s) 'product_processing' retrieved from /opt/airflow/dags/product_processing.py
[2026-05-21T12:02:56.577+0000] {logging_mixin.py:190} INFO - [2026-05-21T12:02:56.577+0000] {dag.py:3239} INFO - Sync 1 DAGs
[2026-05-21T12:02:56.600+0000] {logging_mixin.py:190} INFO - [2026-05-21T12:02:56.599+0000] {dag.py:4180} INFO - Setting next_dagrun for product_processing to 2026-05-20 00:00:00+00:00, run_after=2026-05-21 00:00:00+00:00
[2026-05-21T12:02:56.618+0000] {processor.py:208} INFO - Processing /opt/airflow/dags/product_processing.py took 0.794 seconds
[2026-05-21T12:03:27.386+0000] {processor.py:186} INFO - Started process (PID=16611) to work on /opt/airflow/dags/product_processing.py
[2026-05-21T12:03:27.388+0000] {processor.py:914} INFO - Processing file /opt/airflow/dags/product_processing.py for tasks to queue
[2026-05-21T12:03:27.389+0000] {logging_mixin.py:190} INFO - [2026-05-21T12:03:27.389+0000] {dagbag.py:588} INFO - Filling up the DagBag from /opt/airflow/dags/product_processing.py
[2026-05-21T12:03:27.644+0000] {processor.py:925} INFO - DAG(s) 'product_processing' retrieved from /opt/airflow/dags/product_processing.py
[2026-05-21T12:03:27.662+0000] {logging_mixin.py:190} INFO - [2026-05-21T12:03:27.662+0000] {dag.py:3239} INFO - Sync 1 DAGs
[2026-05-21T12:03:27.679+0000] {logging_mixin.py:190} INFO - [2026-05-21T12:03:27.679+0000] {dag.py:4180} INFO - Setting next_dagrun for product_processing to 2026-05-20 00:00:00+00:00, run_after=2026-05-21 00:00:00+00:00
[2026-05-21T12:03:27.690+0000] {processor.py:208} INFO - Processing /opt/airflow/dags/product_processing.py took 0.312 seconds
[2026-05-21T12:03:58.486+0000] {processor.py:186} INFO - Started process (PID=16627) to work on /opt/airflow/dags/product_processing.py
[2026-05-21T12:03:58.488+0000] {processor.py:914} INFO - Processing file /opt/airflow/dags/product_processing.py for tasks to queue
[2026-05-21T12:03:58.488+0000] {logging_mixin.py:190} INFO - [2026-05-21T12:03:58.488+0000] {dagbag.py:588} INFO - Filling up the DagBag from /opt/airflow/dags/product_processing.py
[2026-05-21T12:03:58.663+0000] {processor.py:925} INFO - DAG(s) 'product_processing' retrieved from /opt/airflow/dags/product_processing.py
[2026-05-21T12:03:58.680+0000] {logging_mixin.py:190} INFO - [2026-05-21T12:03:58.679+0000] {dag.py:3239} INFO - Sync 1 DAGs
[2026-05-21T12:03:58.695+0000] {logging_mixin.py:190} INFO - [2026-05-21T12:03:58.695+0000] {dag.py:4180} INFO - Setting next_dagrun for product_processing to 2026-05-20 00:00:00+00:00, run_after=2026-05-21 00:00:00+00:00
[2026-05-21T12:03:58.706+0000] {processor.py:208} INFO - Processing /opt/airflow/dags/product_processing.py took 0.224 seconds
[2026-05-21T12:04:29.137+0000] {processor.py:186} INFO - Started process (PID=16642) to work on /opt/airflow/dags/product_processing.py
[2026-05-21T12:04:29.139+0000] {processor.py:914} INFO - Processing file /opt/airflow/dags/product_processing.py for tasks to queue
[2026-05-21T12:04:29.140+0000] {logging_mixin.py:190} INFO - [2026-05-21T12:04:29.140+0000] {dagbag.py:588} INFO - Filling up the DagBag from /opt/airflow/dags/product_processing.py
[2026-05-21T12:04:29.355+0000] {processor.py:925} INFO - DAG(s) 'product_processing' retrieved from /opt/airflow/dags/product_processing.py
[2026-05-21T12:04:29.375+0000] {logging_mixin.py:190} INFO - [2026-05-21T12:04:29.373+0000] {dag.py:3239} INFO - Sync 1 DAGs
[2026-05-21T12:04:29.393+0000] {logging_mixin.py:190} INFO - [2026-05-21T12:04:29.393+0000] {dag.py:4180} INFO - Setting next_dagrun for product_processing to 2026-05-20 00:00:00+00:00, run_after=2026-05-21 00:00:00+00:00
[2026-05-21T12:04:29.405+0000] {processor.py:208} INFO - Processing /opt/airflow/dags/product_processing.py took 0.275 seconds
[2026-05-21T12:05:00.263+0000] {processor.py:186} INFO - Started process (PID=16658) to work on /opt/airflow/dags/product_processing.py
[2026-05-21T12:05:00.264+0000] {processor.py:914} INFO - Processing file /opt/airflow/dags/product_processing.py for tasks to queue
[2026-05-21T12:05:00.264+0000] {logging_mixin.py:190} INFO - [2026-05-21T12:05:00.264+0000] {dagbag.py:588} INFO - Filling up the DagBag from /opt/airflow/dags/product_processing.py
[2026-05-21T12:05:00.442+0000] {processor.py:925} INFO - DAG(s) 'product_processing' retrieved from /opt/airflow/dags/product_processing.py
[2026-05-21T12:05:00.460+0000] {logging_mixin.py:190} INFO - [2026-05-21T12:05:00.460+0000] {dag.py:3239} INFO - Sync 1 DAGs
[2026-05-21T12:05:00.477+0000] {logging_mixin.py:190} INFO - [2026-05-21T12:05:00.477+0000] {dag.py:4180} INFO - Setting next_dagrun for product_processing to 2026-05-20 00:00:00+00:00, run_after=2026-05-21 00:00:00+00:00
[2026-05-21T12:05:00.490+0000] {processor.py:208} INFO - Processing /opt/airflow/dags/product_processing.py took 0.232 seconds
[2026-05-21T12:05:30.964+0000] {processor.py:186} INFO - Started process (PID=16674) to work on /opt/airflow/dags/product_processing.py
[2026-05-21T12:05:30.965+0000] {processor.py:914} INFO - Processing file /opt/airflow/dags/product_processing.py for tasks to queue
[2026-05-21T12:05:30.965+0000] {logging_mixin.py:190} INFO - [2026-05-21T12:05:30.965+0000] {dagbag.py:588} INFO - Filling up the DagBag from /opt/airflow/dags/product_processing.py
[2026-05-21T12:05:31.135+0000] {processor.py:925} INFO - DAG(s) 'product_processing' retrieved from /opt/airflow/dags/product_processing.py
[2026-05-21T12:05:31.154+0000] {logging_mixin.py:190} INFO - [2026-05-21T12:05:31.154+0000] {dag.py:3239} INFO - Sync 1 DAGs
[2026-05-21T12:05:31.170+0000] {logging_mixin.py:190} INFO - [2026-05-21T12:05:31.170+0000] {dag.py:4180} INFO - Setting next_dagrun for product_processing to 2026-05-20 00:00:00+00:00, run_after=2026-05-21 00:00:00+00:00
[2026-05-21T12:05:31.182+0000] {processor.py:208} INFO - Processing /opt/airflow/dags/product_processing.py took 0.222 seconds
[2026-05-21T12:06:01.570+0000] {processor.py:186} INFO - Started process (PID=16691) to work on /opt/airflow/dags/product_processing.py
[2026-05-21T12:06:01.571+0000] {processor.py:914} INFO - Processing file /opt/airflow/dags/product_processing.py for tasks to queue
[2026-05-21T12:06:01.572+0000] {logging_mixin.py:190} INFO - [2026-05-21T12:06:01.572+0000] {dagbag.py:588} INFO - Filling up the DagBag from /opt/airflow/dags/product_processing.py
[2026-05-21T12:06:01.766+0000] {processor.py:925} INFO - DAG(s) 'product_processing' retrieved from /opt/airflow/dags/product_processing.py
[2026-05-21T12:06:01.781+0000] {logging_mixin.py:190} INFO - [2026-05-21T12:06:01.781+0000] {dag.py:3239} INFO - Sync 1 DAGs
[2026-05-21T12:06:01.798+0000] {logging_mixin.py:190} INFO - [2026-05-21T12:06:01.797+0000] {dag.py:4180} INFO - Setting next_dagrun for product_processing to 2026-05-20 00:00:00+00:00, run_after=2026-05-21 00:00:00+00:00
[2026-05-21T12:06:01.810+0000] {processor.py:208} INFO - Processing /opt/airflow/dags/product_processing.py took 0.244 seconds
[2026-05-21T12:06:32.230+0000] {processor.py:186} INFO - Started process (PID=16707) to work on /opt/airflow/dags/product_processing.py
[2026-05-21T12:06:32.231+0000] {processor.py:914} INFO - Processing file /opt/airflow/dags/product_processing.py for tasks to queue
[2026-05-21T12:06:32.232+0000] {logging_mixin.py:190} INFO - [2026-05-21T12:06:32.231+0000] {dagbag.py:588} INFO - Filling up the DagBag from /opt/airflow/dags/product_processing.py
[2026-05-21T12:06:32.418+0000] {processor.py:925} INFO - DAG(s) 'product_processing' retrieved from /opt/airflow/dags/product_processing.py
[2026-05-21T12:06:32.436+0000] {logging_mixin.py:190} INFO - [2026-05-21T12:06:32.436+0000] {dag.py:3239} INFO - Sync 1 DAGs
[2026-05-21T12:06:32.452+0000] {logging_mixin.py:190} INFO - [2026-05-21T12:06:32.452+0000] {dag.py:4180} INFO - Setting next_dagrun for product_processing to 2026-05-20 00:00:00+00:00, run_after=2026-05-21 00:00:00+00:00
[2026-05-21T12:06:32.464+0000] {processor.py:208} INFO - Processing /opt/airflow/dags/product_processing.py took 0.238 seconds
[2026-05-21T12:07:02.855+0000] {processor.py:186} INFO - Started process (PID=16722) to work on /opt/airflow/dags/product_processing.py
[2026-05-21T12:07:02.856+0000] {processor.py:914} INFO - Processing file /opt/airflow/dags/product_processing.py for tasks to queue
[2026-05-21T12:07:02.857+0000] {logging_mixin.py:190} INFO - [2026-05-21T12:07:02.857+0000] {dagbag.py:588} INFO - Filling up the DagBag from /opt/airflow/dags/product_processing.py
[2026-05-21T12:07:03.034+0000] {processor.py:925} INFO - DAG(s) 'product_processing' retrieved from /opt/airflow/dags/product_processing.py
[2026-05-21T12:07:03.053+0000] {logging_mixin.py:190} INFO - [2026-05-21T12:07:03.052+0000] {dag.py:3239} INFO - Sync 1 DAGs
[2026-05-21T12:07:03.070+0000] {logging_mixin.py:190} INFO - [2026-05-21T12:07:03.069+0000] {dag.py:4180} INFO - Setting next_dagrun for product_processing to 2026-05-20 00:00:00+00:00, run_after=2026-05-21 00:00:00+00:00
[2026-05-21T12:07:03.083+0000] {processor.py:208} INFO - Processing /opt/airflow/dags/product_processing.py took 0.232 seconds
[2026-05-21T12:07:33.552+0000] {processor.py:186} INFO - Started process (PID=16738) to work on /opt/airflow/dags/product_processing.py
[2026-05-21T12:07:33.553+0000] {processor.py:914} INFO - Processing file /opt/airflow/dags/product_processing.py for tasks to queue
[2026-05-21T12:07:33.554+0000] {logging_mixin.py:190} INFO - [2026-05-21T12:07:33.553+0000] {dagbag.py:588} INFO - Filling up the DagBag from /opt/airflow/dags/product_processing.py
[2026-05-21T12:07:33.726+0000] {processor.py:925} INFO - DAG(s) 'product_processing' retrieved from /opt/airflow/dags/product_processing.py
[2026-05-21T12:07:33.745+0000] {logging_mixin.py:190} INFO - [2026-05-21T12:07:33.745+0000] {dag.py:3239} INFO - Sync 1 DAGs
[2026-05-21T12:07:33.764+0000] {logging_mixin.py:190} INFO - [2026-05-21T12:07:33.764+0000] {dag.py:4180} INFO - Setting next_dagrun for product_processing to 2026-05-20 00:00:00+00:00, run_after=2026-05-21 00:00:00+00:00
[2026-05-21T12:07:33.779+0000] {processor.py:208} INFO - Processing /opt/airflow/dags/product_processing.py took 0.231 seconds
[2026-05-21T12:08:04.174+0000] {processor.py:186} INFO - Started process (PID=16755) to work on /opt/airflow/dags/product_processing.py
[2026-05-21T12:08:04.175+0000] {processor.py:914} INFO - Processing file /opt/airflow/dags/product_processing.py for tasks to queue
[2026-05-21T12:08:04.176+0000] {logging_mixin.py:190} INFO - [2026-05-21T12:08:04.176+0000] {dagbag.py:588} INFO - Filling up the DagBag from /opt/airflow/dags/product_processing.py
[2026-05-21T12:08:04.355+0000] {processor.py:925} INFO - DAG(s) 'product_processing' retrieved from /opt/airflow/dags/product_processing.py
[2026-05-21T12:08:04.373+0000] {logging_mixin.py:190} INFO - [2026-05-21T12:08:04.373+0000] {dag.py:3239} INFO - Sync 1 DAGs
[2026-05-21T12:08:04.389+0000] {logging_mixin.py:190} INFO - [2026-05-21T12:08:04.389+0000] {dag.py:4180} INFO - Setting next_dagrun for product_processing to 2026-05-20 00:00:00+00:00, run_after=2026-05-21 00:00:00+00:00
[2026-05-21T12:08:04.402+0000] {processor.py:208} INFO - Processing /opt/airflow/dags/product_processing.py took 0.232 seconds
[2026-05-21T12:08:34.857+0000] {processor.py:186} INFO - Started process (PID=16771) to work on /opt/airflow/dags/product_processing.py
[2026-05-21T12:08:34.858+0000] {processor.py:914} INFO - Processing file /opt/airflow/dags/product_processing.py for tasks to queue
[2026-05-21T12:08:34.859+0000] {logging_mixin.py:190} INFO - [2026-05-21T12:08:34.859+0000] {dagbag.py:588} INFO - Filling up the DagBag from /opt/airflow/dags/product_processing.py
[2026-05-21T12:08:35.039+0000] {processor.py:925} INFO - DAG(s) 'product_processing' retrieved from /opt/airflow/dags/product_processing.py
[2026-05-21T12:08:35.057+0000] {logging_mixin.py:190} INFO - [2026-05-21T12:08:35.057+0000] {dag.py:3239} INFO - Sync 1 DAGs
[2026-05-21T12:08:35.073+0000] {logging_mixin.py:190} INFO - [2026-05-21T12:08:35.073+0000] {dag.py:4180} INFO - Setting next_dagrun for product_processing to 2026-05-20 00:00:00+00:00, run_after=2026-05-21 00:00:00+00:00
[2026-05-21T12:08:35.086+0000] {processor.py:208} INFO - Processing /opt/airflow/dags/product_processing.py took 0.232 seconds
[2026-05-21T12:09:05.516+0000] {processor.py:186} INFO - Started process (PID=16787) to work on /opt/airflow/dags/product_processing.py
[2026-05-21T12:09:05.517+0000] {processor.py:914} INFO - Processing file /opt/airflow/dags/product_processing.py for tasks to queue
[2026-05-21T12:09:05.518+0000] {logging_mixin.py:190} INFO - [2026-05-21T12:09:05.517+0000] {dagbag.py:588} INFO - Filling up the DagBag from /opt/airflow/dags/product_processing.py
[2026-05-21T12:09:05.713+0000] {processor.py:925} INFO - DAG(s) 'product_processing' retrieved from /opt/airflow/dags/product_processing.py
[2026-05-21T12:09:05.756+0000] {logging_mixin.py:190} INFO - [2026-05-21T12:09:05.755+0000] {dag.py:3239} INFO - Sync 1 DAGs
[2026-05-21T12:09:05.777+0000] {logging_mixin.py:190} INFO - [2026-05-21T12:09:05.777+0000] {dag.py:4180} INFO - Setting next_dagrun for product_processing to 2026-05-20 00:00:00+00:00, run_after=2026-05-21 00:00:00+00:00
[2026-05-21T12:09:05.801+0000] {processor.py:208} INFO - Processing /opt/airflow/dags/product_processing.py took 0.290 seconds
[2026-05-21T12:09:36.693+0000] {processor.py:186} INFO - Started process (PID=16804) to work on /opt/airflow/dags/product_processing.py
[2026-05-21T12:09:36.695+0000] {processor.py:914} INFO - Processing file /opt/airflow/dags/product_processing.py for tasks to queue
[2026-05-21T12:09:36.696+0000] {logging_mixin.py:190} INFO - [2026-05-21T12:09:36.695+0000] {dagbag.py:588} INFO - Filling up the DagBag from /opt/airflow/dags/product_processing.py
[2026-05-21T12:09:36.878+0000] {processor.py:925} INFO - DAG(s) 'product_processing' retrieved from /opt/airflow/dags/product_processing.py
[2026-05-21T12:09:36.894+0000] {logging_mixin.py:190} INFO - [2026-05-21T12:09:36.894+0000] {dag.py:3239} INFO - Sync 1 DAGs
[2026-05-21T12:09:36.910+0000] {logging_mixin.py:190} INFO - [2026-05-21T12:09:36.910+0000] {dag.py:4180} INFO - Setting next_dagrun for product_processing to 2026-05-20 00:00:00+00:00, run_after=2026-05-21 00:00:00+00:00
[2026-05-21T12:09:36.923+0000] {processor.py:208} INFO - Processing /opt/airflow/dags/product_processing.py took 0.237 seconds
[2026-05-21T12:10:07.313+0000] {processor.py:186} INFO - Started process (PID=16822) to work on /opt/airflow/dags/product_processing.py
[2026-05-21T12:10:07.314+0000] {processor.py:914} INFO - Processing file /opt/airflow/dags/product_processing.py for tasks to queue
[2026-05-21T12:10:07.315+0000] {logging_mixin.py:190} INFO - [2026-05-21T12:10:07.315+0000] {dagbag.py:588} INFO - Filling up the DagBag from /opt/airflow/dags/product_processing.py
[2026-05-21T12:10:07.494+0000] {processor.py:925} INFO - DAG(s) 'product_processing' retrieved from /opt/airflow/dags/product_processing.py
[2026-05-21T12:10:07.510+0000] {logging_mixin.py:190} INFO - [2026-05-21T12:10:07.510+0000] {dag.py:3239} INFO - Sync 1 DAGs
[2026-05-21T12:10:07.525+0000] {logging_mixin.py:190} INFO - [2026-05-21T12:10:07.525+0000] {dag.py:4180} INFO - Setting next_dagrun for product_processing to 2026-05-20 00:00:00+00:00, run_after=2026-05-21 00:00:00+00:00
[2026-05-21T12:10:07.536+0000] {processor.py:208} INFO - Processing /opt/airflow/dags/product_processing.py took 0.227 seconds
[2026-05-21T12:10:37.754+0000] {processor.py:186} INFO - Started process (PID=16839) to work on /opt/airflow/dags/product_processing.py
[2026-05-21T12:10:37.755+0000] {processor.py:914} INFO - Processing file /opt/airflow/dags/product_processing.py for tasks to queue
[2026-05-21T12:10:37.756+0000] {logging_mixin.py:190} INFO - [2026-05-21T12:10:37.756+0000] {dagbag.py:588} INFO - Filling up the DagBag from /opt/airflow/dags/product_processing.py
[2026-05-21T12:10:37.972+0000] {processor.py:925} INFO - DAG(s) 'product_processing' retrieved from /opt/airflow/dags/product_processing.py
[2026-05-21T12:10:37.990+0000] {logging_mixin.py:190} INFO - [2026-05-21T12:10:37.990+0000] {dag.py:3239} INFO - Sync 1 DAGs
[2026-05-21T12:10:38.010+0000] {logging_mixin.py:190} INFO - [2026-05-21T12:10:38.010+0000] {dag.py:4180} INFO - Setting next_dagrun for product_processing to 2026-05-20 00:00:00+00:00, run_after=2026-05-21 00:00:00+00:00
[2026-05-21T12:10:38.022+0000] {processor.py:208} INFO - Processing /opt/airflow/dags/product_processing.py took 0.275 seconds
[2026-05-21T12:11:08.146+0000] {processor.py:186} INFO - Started process (PID=16855) to work on /opt/airflow/dags/product_processing.py
[2026-05-21T12:11:08.147+0000] {processor.py:914} INFO - Processing file /opt/airflow/dags/product_processing.py for tasks to queue
[2026-05-21T12:11:08.148+0000] {logging_mixin.py:190} INFO - [2026-05-21T12:11:08.148+0000] {dagbag.py:588} INFO - Filling up the DagBag from /opt/airflow/dags/product_processing.py
[2026-05-21T12:11:08.334+0000] {processor.py:925} INFO - DAG(s) 'product_processing' retrieved from /opt/airflow/dags/product_processing.py
[2026-05-21T12:11:08.351+0000] {logging_mixin.py:190} INFO - [2026-05-21T12:11:08.350+0000] {dag.py:3239} INFO - Sync 1 DAGs
[2026-05-21T12:11:08.368+0000] {logging_mixin.py:190} INFO - [2026-05-21T12:11:08.368+0000] {dag.py:4180} INFO - Setting next_dagrun for product_processing to 2026-05-20 00:00:00+00:00, run_after=2026-05-21 00:00:00+00:00
[2026-05-21T12:11:08.379+0000] {processor.py:208} INFO - Processing /opt/airflow/dags/product_processing.py took 0.238 seconds
[2026-05-21T12:11:38.622+0000] {processor.py:186} INFO - Started process (PID=16871) to work on /opt/airflow/dags/product_processing.py
[2026-05-21T12:11:38.622+0000] {processor.py:914} INFO - Processing file /opt/airflow/dags/product_processing.py for tasks to queue
[2026-05-21T12:11:38.623+0000] {logging_mixin.py:190} INFO - [2026-05-21T12:11:38.623+0000] {dagbag.py:588} INFO - Filling up the DagBag from /opt/airflow/dags/product_processing.py
[2026-05-21T12:11:38.821+0000] {processor.py:925} INFO - DAG(s) 'product_processing' retrieved from /opt/airflow/dags/product_processing.py
[2026-05-21T12:11:38.839+0000] {logging_mixin.py:190} INFO - [2026-05-21T12:11:38.838+0000] {dag.py:3239} INFO - Sync 1 DAGs
[2026-05-21T12:11:38.857+0000] {logging_mixin.py:190} INFO - [2026-05-21T12:11:38.857+0000] {dag.py:4180} INFO - Setting next_dagrun for product_processing to 2026-05-20 00:00:00+00:00, run_after=2026-05-21 00:00:00+00:00
[2026-05-21T12:11:38.871+0000] {processor.py:208} INFO - Processing /opt/airflow/dags/product_processing.py took 0.254 seconds
[2026-05-21T12:12:09.301+0000] {processor.py:186} INFO - Started process (PID=16888) to work on /opt/airflow/dags/product_processing.py
[2026-05-21T12:12:09.302+0000] {processor.py:914} INFO - Processing file /opt/airflow/dags/product_processing.py for tasks to queue
[2026-05-21T12:12:09.303+0000] {logging_mixin.py:190} INFO - [2026-05-21T12:12:09.302+0000] {dagbag.py:588} INFO - Filling up the DagBag from /opt/airflow/dags/product_processing.py
[2026-05-21T12:12:09.487+0000] {processor.py:925} INFO - DAG(s) 'product_processing' retrieved from /opt/airflow/dags/product_processing.py
[2026-05-21T12:12:09.503+0000] {logging_mixin.py:190} INFO - [2026-05-21T12:12:09.502+0000] {dag.py:3239} INFO - Sync 1 DAGs
[2026-05-21T12:12:09.519+0000] {logging_mixin.py:190} INFO - [2026-05-21T12:12:09.519+0000] {dag.py:4180} INFO - Setting next_dagrun for product_processing to 2026-05-20 00:00:00+00:00, run_after=2026-05-21 00:00:00+00:00
[2026-05-21T12:12:09.530+0000] {processor.py:208} INFO - Processing /opt/airflow/dags/product_processing.py took 0.233 seconds
[2026-05-21T12:12:39.963+0000] {processor.py:186} INFO - Started process (PID=16904) to work on /opt/airflow/dags/product_processing.py
[2026-05-21T12:12:39.964+0000] {processor.py:914} INFO - Processing file /opt/airflow/dags/product_processing.py for tasks to queue
[2026-05-21T12:12:39.964+0000] {logging_mixin.py:190} INFO - [2026-05-21T12:12:39.964+0000] {dagbag.py:588} INFO - Filling up the DagBag from /opt/airflow/dags/product_processing.py
[2026-05-21T12:12:40.231+0000] {processor.py:925} INFO - DAG(s) 'product_processing' retrieved from /opt/airflow/dags/product_processing.py
[2026-05-21T12:12:40.250+0000] {logging_mixin.py:190} INFO - [2026-05-21T12:12:40.250+0000] {dag.py:3239} INFO - Sync 1 DAGs
[2026-05-21T12:12:40.267+0000] {logging_mixin.py:190} INFO - [2026-05-21T12:12:40.267+0000] {dag.py:4180} INFO - Setting next_dagrun for product_processing to 2026-05-20 00:00:00+00:00, run_after=2026-05-21 00:00:00+00:00
[2026-05-21T12:12:40.279+0000] {processor.py:208} INFO - Processing /opt/airflow/dags/product_processing.py took 0.321 seconds
[2026-05-21T12:13:10.672+0000] {processor.py:186} INFO - Started process (PID=16926) to work on /opt/airflow/dags/product_processing.py
[2026-05-21T12:13:10.673+0000] {processor.py:914} INFO - Processing file /opt/airflow/dags/product_processing.py for tasks to queue
[2026-05-21T12:13:10.674+0000] {logging_mixin.py:190} INFO - [2026-05-21T12:13:10.674+0000] {dagbag.py:588} INFO - Filling up the DagBag from /opt/airflow/dags/product_processing.py
[2026-05-21T12:13:10.860+0000] {processor.py:925} INFO - DAG(s) 'product_processing' retrieved from /opt/airflow/dags/product_processing.py
[2026-05-21T12:13:10.876+0000] {logging_mixin.py:190} INFO - [2026-05-21T12:13:10.876+0000] {dag.py:3239} INFO - Sync 1 DAGs
[2026-05-21T12:13:10.891+0000] {logging_mixin.py:190} INFO - [2026-05-21T12:13:10.891+0000] {dag.py:4180} INFO - Setting next_dagrun for product_processing to 2026-05-20 00:00:00+00:00, run_after=2026-05-21 00:00:00+00:00
[2026-05-21T12:13:10.903+0000] {processor.py:208} INFO - Processing /opt/airflow/dags/product_processing.py took 0.235 seconds
[2026-05-21T12:13:41.808+0000] {processor.py:186} INFO - Started process (PID=16942) to work on /opt/airflow/dags/product_processing.py
[2026-05-21T12:13:41.809+0000] {processor.py:914} INFO - Processing file /opt/airflow/dags/product_processing.py for tasks to queue
[2026-05-21T12:13:41.810+0000] {logging_mixin.py:190} INFO - [2026-05-21T12:13:41.810+0000] {dagbag.py:588} INFO - Filling up the DagBag from /opt/airflow/dags/product_processing.py
[2026-05-21T12:13:41.993+0000] {processor.py:925} INFO - DAG(s) 'product_processing' retrieved from /opt/airflow/dags/product_processing.py
[2026-05-21T12:13:42.011+0000] {logging_mixin.py:190} INFO - [2026-05-21T12:13:42.011+0000] {dag.py:3239} INFO - Sync 1 DAGs
[2026-05-21T12:13:42.029+0000] {logging_mixin.py:190} INFO - [2026-05-21T12:13:42.029+0000] {dag.py:4180} INFO - Setting next_dagrun for product_processing to 2026-05-20 00:00:00+00:00, run_after=2026-05-21 00:00:00+00:00
[2026-05-21T12:13:42.047+0000] {processor.py:208} INFO - Processing /opt/airflow/dags/product_processing.py took 0.245 seconds
[2026-05-21T12:14:12.916+0000] {processor.py:186} INFO - Started process (PID=16958) to work on /opt/airflow/dags/product_processing.py
[2026-05-21T12:14:12.917+0000] {processor.py:914} INFO - Processing file /opt/airflow/dags/product_processing.py for tasks to queue
[2026-05-21T12:14:12.918+0000] {logging_mixin.py:190} INFO - [2026-05-21T12:14:12.918+0000] {dagbag.py:588} INFO - Filling up the DagBag from /opt/airflow/dags/product_processing.py
[2026-05-21T12:14:13.113+0000] {processor.py:925} INFO - DAG(s) 'product_processing' retrieved from /opt/airflow/dags/product_processing.py
[2026-05-21T12:14:13.131+0000] {logging_mixin.py:190} INFO - [2026-05-21T12:14:13.131+0000] {dag.py:3239} INFO - Sync 1 DAGs
[2026-05-21T12:14:13.149+0000] {logging_mixin.py:190} INFO - [2026-05-21T12:14:13.149+0000] {dag.py:4180} INFO - Setting next_dagrun for product_processing to 2026-05-20 00:00:00+00:00, run_after=2026-05-21 00:00:00+00:00
[2026-05-21T12:14:13.162+0000] {processor.py:208} INFO - Processing /opt/airflow/dags/product_processing.py took 0.254 seconds
[2026-05-21T12:14:43.954+0000] {processor.py:186} INFO - Started process (PID=16974) to work on /opt/airflow/dags/product_processing.py
[2026-05-21T12:14:43.956+0000] {processor.py:914} INFO - Processing file /opt/airflow/dags/product_processing.py for tasks to queue
[2026-05-21T12:14:43.957+0000] {logging_mixin.py:190} INFO - [2026-05-21T12:14:43.957+0000] {dagbag.py:588} INFO - Filling up the DagBag from /opt/airflow/dags/product_processing.py
[2026-05-21T12:14:44.151+0000] {processor.py:925} INFO - DAG(s) 'product_processing' retrieved from /opt/airflow/dags/product_processing.py
[2026-05-21T12:14:44.176+0000] {logging_mixin.py:190} INFO - [2026-05-21T12:14:44.176+0000] {dag.py:3239} INFO - Sync 1 DAGs
[2026-05-21T12:14:44.194+0000] {logging_mixin.py:190} INFO - [2026-05-21T12:14:44.194+0000] {dag.py:4180} INFO - Setting next_dagrun for product_processing to 2026-05-20 00:00:00+00:00, run_after=2026-05-21 00:00:00+00:00
[2026-05-21T12:14:44.208+0000] {processor.py:208} INFO - Processing /opt/airflow/dags/product_processing.py took 0.259 seconds
[2026-05-21T12:15:14.622+0000] {processor.py:186} INFO - Started process (PID=16990) to work on /opt/airflow/dags/product_processing.py
[2026-05-21T12:15:14.623+0000] {processor.py:914} INFO - Processing file /opt/airflow/dags/product_processing.py for tasks to queue
[2026-05-21T12:15:14.624+0000] {logging_mixin.py:190} INFO - [2026-05-21T12:15:14.623+0000] {dagbag.py:588} INFO - Filling up the DagBag from /opt/airflow/dags/product_processing.py
[2026-05-21T12:15:14.857+0000] {processor.py:925} INFO - DAG(s) 'product_processing' retrieved from /opt/airflow/dags/product_processing.py
[2026-05-21T12:15:14.877+0000] {logging_mixin.py:190} INFO - [2026-05-21T12:15:14.877+0000] {dag.py:3239} INFO - Sync 1 DAGs
[2026-05-21T12:15:14.895+0000] {logging_mixin.py:190} INFO - [2026-05-21T12:15:14.895+0000] {dag.py:4180} INFO - Setting next_dagrun for product_processing to 2026-05-20 00:00:00+00:00, run_after=2026-05-21 00:00:00+00:00
[2026-05-21T12:15:14.908+0000] {processor.py:208} INFO - Processing /opt/airflow/dags/product_processing.py took 0.291 seconds
[2026-05-21T12:15:45.315+0000] {processor.py:186} INFO - Started process (PID=17006) to work on /opt/airflow/dags/product_processing.py
[2026-05-21T12:15:45.316+0000] {processor.py:914} INFO - Processing file /opt/airflow/dags/product_processing.py for tasks to queue
[2026-05-21T12:15:45.317+0000] {logging_mixin.py:190} INFO - [2026-05-21T12:15:45.317+0000] {dagbag.py:588} INFO - Filling up the DagBag from /opt/airflow/dags/product_processing.py
[2026-05-21T12:15:45.506+0000] {processor.py:925} INFO - DAG(s) 'product_processing' retrieved from /opt/airflow/dags/product_processing.py
[2026-05-21T12:15:45.522+0000] {logging_mixin.py:190} INFO - [2026-05-21T12:15:45.522+0000] {dag.py:3239} INFO - Sync 1 DAGs
[2026-05-21T12:15:45.538+0000] {logging_mixin.py:190} INFO - [2026-05-21T12:15:45.538+0000] {dag.py:4180} INFO - Setting next_dagrun for product_processing to 2026-05-20 00:00:00+00:00, run_after=2026-05-21 00:00:00+00:00
[2026-05-21T12:15:45.551+0000] {processor.py:208} INFO - Processing /opt/airflow/dags/product_processing.py took 0.243 seconds
[2026-05-21T12:16:15.963+0000] {processor.py:186} INFO - Started process (PID=17022) to work on /opt/airflow/dags/product_processing.py
[2026-05-21T12:16:15.964+0000] {processor.py:914} INFO - Processing file /opt/airflow/dags/product_processing.py for tasks to queue
[2026-05-21T12:16:15.965+0000] {logging_mixin.py:190} INFO - [2026-05-21T12:16:15.965+0000] {dagbag.py:588} INFO - Filling up the DagBag from /opt/airflow/dags/product_processing.py
[2026-05-21T12:16:16.180+0000] {processor.py:925} INFO - DAG(s) 'product_processing' retrieved from /opt/airflow/dags/product_processing.py
[2026-05-21T12:16:16.200+0000] {logging_mixin.py:190} INFO - [2026-05-21T12:16:16.199+0000] {dag.py:3239} INFO - Sync 1 DAGs
[2026-05-21T12:16:16.218+0000] {logging_mixin.py:190} INFO - [2026-05-21T12:16:16.218+0000] {dag.py:4180} INFO - Setting next_dagrun for product_processing to 2026-05-20 00:00:00+00:00, run_after=2026-05-21 00:00:00+00:00
[2026-05-21T12:16:16.232+0000] {processor.py:208} INFO - Processing /opt/airflow/dags/product_processing.py took 0.273 seconds
[2026-05-21T12:16:46.636+0000] {processor.py:186} INFO - Started process (PID=17037) to work on /opt/airflow/dags/product_processing.py
[2026-05-21T12:16:46.648+0000] {processor.py:914} INFO - Processing file /opt/airflow/dags/product_processing.py for tasks to queue
[2026-05-21T12:16:46.649+0000] {logging_mixin.py:190} INFO - [2026-05-21T12:16:46.649+0000] {dagbag.py:588} INFO - Filling up the DagBag from /opt/airflow/dags/product_processing.py
[2026-05-21T12:16:46.869+0000] {processor.py:925} INFO - DAG(s) 'product_processing' retrieved from /opt/airflow/dags/product_processing.py
[2026-05-21T12:16:46.887+0000] {logging_mixin.py:190} INFO - [2026-05-21T12:16:46.887+0000] {dag.py:3239} INFO - Sync 1 DAGs
[2026-05-21T12:16:46.908+0000] {logging_mixin.py:190} INFO - [2026-05-21T12:16:46.908+0000] {dag.py:4180} INFO - Setting next_dagrun for product_processing to 2026-05-20 00:00:00+00:00, run_after=2026-05-21 00:00:00+00:00
[2026-05-21T12:16:46.921+0000] {processor.py:208} INFO - Processing /opt/airflow/dags/product_processing.py took 0.290 seconds
[2026-05-21T12:17:17.734+0000] {processor.py:186} INFO - Started process (PID=17054) to work on /opt/airflow/dags/product_processing.py
[2026-05-21T12:17:17.735+0000] {processor.py:914} INFO - Processing file /opt/airflow/dags/product_processing.py for tasks to queue
[2026-05-21T12:17:17.736+0000] {logging_mixin.py:190} INFO - [2026-05-21T12:17:17.736+0000] {dagbag.py:588} INFO - Filling up the DagBag from /opt/airflow/dags/product_processing.py
[2026-05-21T12:17:17.918+0000] {processor.py:925} INFO - DAG(s) 'product_processing' retrieved from /opt/airflow/dags/product_processing.py
[2026-05-21T12:17:17.934+0000] {logging_mixin.py:190} INFO - [2026-05-21T12:17:17.934+0000] {dag.py:3239} INFO - Sync 1 DAGs
[2026-05-21T12:17:17.951+0000] {logging_mixin.py:190} INFO - [2026-05-21T12:17:17.951+0000] {dag.py:4180} INFO - Setting next_dagrun for product_processing to 2026-05-20 00:00:00+00:00, run_after=2026-05-21 00:00:00+00:00
[2026-05-21T12:17:17.962+0000] {processor.py:208} INFO - Processing /opt/airflow/dags/product_processing.py took 0.232 seconds
[2026-05-21T12:17:48.213+0000] {processor.py:186} INFO - Started process (PID=17070) to work on /opt/airflow/dags/product_processing.py
[2026-05-21T12:17:48.214+0000] {processor.py:914} INFO - Processing file /opt/airflow/dags/product_processing.py for tasks to queue
[2026-05-21T12:17:48.215+0000] {logging_mixin.py:190} INFO - [2026-05-21T12:17:48.215+0000] {dagbag.py:588} INFO - Filling up the DagBag from /opt/airflow/dags/product_processing.py
[2026-05-21T12:17:48.407+0000] {processor.py:925} INFO - DAG(s) 'product_processing' retrieved from /opt/airflow/dags/product_processing.py
[2026-05-21T12:17:48.425+0000] {logging_mixin.py:190} INFO - [2026-05-21T12:17:48.425+0000] {dag.py:3239} INFO - Sync 1 DAGs
[2026-05-21T12:17:48.442+0000] {logging_mixin.py:190} INFO - [2026-05-21T12:17:48.442+0000] {dag.py:4180} INFO - Setting next_dagrun for product_processing to 2026-05-20 00:00:00+00:00, run_after=2026-05-21 00:00:00+00:00
[2026-05-21T12:17:48.454+0000] {processor.py:208} INFO - Processing /opt/airflow/dags/product_processing.py took 0.250 seconds
[2026-05-21T12:18:18.655+0000] {processor.py:186} INFO - Started process (PID=17087) to work on /opt/airflow/dags/product_processing.py
[2026-05-21T12:18:18.655+0000] {processor.py:914} INFO - Processing file /opt/airflow/dags/product_processing.py for tasks to queue
[2026-05-21T12:18:18.656+0000] {logging_mixin.py:190} INFO - [2026-05-21T12:18:18.656+0000] {dagbag.py:588} INFO - Filling up the DagBag from /opt/airflow/dags/product_processing.py
[2026-05-21T12:18:18.842+0000] {processor.py:925} INFO - DAG(s) 'product_processing' retrieved from /opt/airflow/dags/product_processing.py
[2026-05-21T12:18:18.859+0000] {logging_mixin.py:190} INFO - [2026-05-21T12:18:18.858+0000] {dag.py:3239} INFO - Sync 1 DAGs
[2026-05-21T12:18:18.874+0000] {logging_mixin.py:190} INFO - [2026-05-21T12:18:18.874+0000] {dag.py:4180} INFO - Setting next_dagrun for product_processing to 2026-05-20 00:00:00+00:00, run_after=2026-05-21 00:00:00+00:00
[2026-05-21T12:18:18.885+0000] {processor.py:208} INFO - Processing /opt/airflow/dags/product_processing.py took 0.236 seconds
[2026-05-21T12:18:49.093+0000] {processor.py:186} INFO - Started process (PID=17103) to work on /opt/airflow/dags/product_processing.py
[2026-05-21T12:18:49.094+0000] {processor.py:914} INFO - Processing file /opt/airflow/dags/product_processing.py for tasks to queue
[2026-05-21T12:18:49.097+0000] {logging_mixin.py:190} INFO - [2026-05-21T12:18:49.096+0000] {dagbag.py:588} INFO - Filling up the DagBag from /opt/airflow/dags/product_processing.py
[2026-05-21T12:18:49.660+0000] {processor.py:925} INFO - DAG(s) 'product_processing' retrieved from /opt/airflow/dags/product_processing.py
[2026-05-21T12:18:49.679+0000] {logging_mixin.py:190} INFO - [2026-05-21T12:18:49.679+0000] {dag.py:3239} INFO - Sync 1 DAGs
[2026-05-21T12:18:49.697+0000] {logging_mixin.py:190} INFO - [2026-05-21T12:18:49.696+0000] {dag.py:4180} INFO - Setting next_dagrun for product_processing to 2026-05-20 00:00:00+00:00, run_after=2026-05-21 00:00:00+00:00
[2026-05-21T12:18:49.948+0000] {processor.py:208} INFO - Processing /opt/airflow/dags/product_processing.py took 0.872 seconds
[2026-05-21T12:19:20.570+0000] {processor.py:186} INFO - Started process (PID=17121) to work on /opt/airflow/dags/product_processing.py
[2026-05-21T12:19:20.574+0000] {processor.py:914} INFO - Processing file /opt/airflow/dags/product_processing.py for tasks to queue
[2026-05-21T12:19:20.575+0000] {logging_mixin.py:190} INFO - [2026-05-21T12:19:20.575+0000] {dagbag.py:588} INFO - Filling up the DagBag from /opt/airflow/dags/product_processing.py
[2026-05-21T12:19:20.941+0000] {processor.py:925} INFO - DAG(s) 'product_processing' retrieved from /opt/airflow/dags/product_processing.py
[2026-05-21T12:19:20.963+0000] {logging_mixin.py:190} INFO - [2026-05-21T12:19:20.963+0000] {dag.py:3239} INFO - Sync 1 DAGs
[2026-05-21T12:19:20.986+0000] {logging_mixin.py:190} INFO - [2026-05-21T12:19:20.986+0000] {dag.py:4180} INFO - Setting next_dagrun for product_processing to 2026-05-20 00:00:00+00:00, run_after=2026-05-21 00:00:00+00:00
[2026-05-21T12:19:21.004+0000] {processor.py:208} INFO - Processing /opt/airflow/dags/product_processing.py took 0.452 seconds
[2026-05-21T12:19:51.698+0000] {processor.py:186} INFO - Started process (PID=17135) to work on /opt/airflow/dags/product_processing.py
[2026-05-21T12:19:51.700+0000] {processor.py:914} INFO - Processing file /opt/airflow/dags/product_processing.py for tasks to queue
[2026-05-21T12:19:51.702+0000] {logging_mixin.py:190} INFO - [2026-05-21T12:19:51.702+0000] {dagbag.py:588} INFO - Filling up the DagBag from /opt/airflow/dags/product_processing.py
[2026-05-21T12:19:52.130+0000] {processor.py:925} INFO - DAG(s) 'product_processing' retrieved from /opt/airflow/dags/product_processing.py
[2026-05-21T12:19:52.168+0000] {logging_mixin.py:190} INFO - [2026-05-21T12:19:52.168+0000] {dag.py:3239} INFO - Sync 1 DAGs
[2026-05-21T12:19:52.198+0000] {logging_mixin.py:190} INFO - [2026-05-21T12:19:52.198+0000] {dag.py:4180} INFO - Setting next_dagrun for product_processing to 2026-05-20 00:00:00+00:00, run_after=2026-05-21 00:00:00+00:00
[2026-05-21T12:19:52.218+0000] {processor.py:208} INFO - Processing /opt/airflow/dags/product_processing.py took 0.532 seconds
[2026-05-21T12:20:23.038+0000] {processor.py:186} INFO - Started process (PID=17151) to work on /opt/airflow/dags/product_processing.py
[2026-05-21T12:20:23.039+0000] {processor.py:914} INFO - Processing file /opt/airflow/dags/product_processing.py for tasks to queue
[2026-05-21T12:20:23.040+0000] {logging_mixin.py:190} INFO - [2026-05-21T12:20:23.040+0000] {dagbag.py:588} INFO - Filling up the DagBag from /opt/airflow/dags/product_processing.py
[2026-05-21T12:20:23.228+0000] {processor.py:925} INFO - DAG(s) 'product_processing' retrieved from /opt/airflow/dags/product_processing.py
[2026-05-21T12:20:23.249+0000] {logging_mixin.py:190} INFO - [2026-05-21T12:20:23.248+0000] {dag.py:3239} INFO - Sync 1 DAGs
[2026-05-21T12:20:23.285+0000] {logging_mixin.py:190} INFO - [2026-05-21T12:20:23.285+0000] {dag.py:4180} INFO - Setting next_dagrun for product_processing to 2026-05-20 00:00:00+00:00, run_after=2026-05-21 00:00:00+00:00
[2026-05-21T12:20:23.308+0000] {processor.py:208} INFO - Processing /opt/airflow/dags/product_processing.py took 0.278 seconds
[2026-05-21T12:20:54.142+0000] {processor.py:186} INFO - Started process (PID=17166) to work on /opt/airflow/dags/product_processing.py
[2026-05-21T12:20:54.143+0000] {processor.py:914} INFO - Processing file /opt/airflow/dags/product_processing.py for tasks to queue
[2026-05-21T12:20:54.143+0000] {logging_mixin.py:190} INFO - [2026-05-21T12:20:54.143+0000] {dagbag.py:588} INFO - Filling up the DagBag from /opt/airflow/dags/product_processing.py
[2026-05-21T12:20:54.326+0000] {processor.py:925} INFO - DAG(s) 'product_processing' retrieved from /opt/airflow/dags/product_processing.py
[2026-05-21T12:20:54.343+0000] {logging_mixin.py:190} INFO - [2026-05-21T12:20:54.342+0000] {dag.py:3239} INFO - Sync 1 DAGs
[2026-05-21T12:20:54.358+0000] {logging_mixin.py:190} INFO - [2026-05-21T12:20:54.358+0000] {dag.py:4180} INFO - Setting next_dagrun for product_processing to 2026-05-20 00:00:00+00:00, run_after=2026-05-21 00:00:00+00:00
[2026-05-21T12:20:54.369+0000] {processor.py:208} INFO - Processing /opt/airflow/dags/product_processing.py took 0.232 seconds
[2026-05-21T12:21:24.850+0000] {processor.py:186} INFO - Started process (PID=17182) to work on /opt/airflow/dags/product_processing.py
[2026-05-21T12:21:24.851+0000] {processor.py:914} INFO - Processing file /opt/airflow/dags/product_processing.py for tasks to queue
[2026-05-21T12:21:24.852+0000] {logging_mixin.py:190} INFO - [2026-05-21T12:21:24.852+0000] {dagbag.py:588} INFO - Filling up the DagBag from /opt/airflow/dags/product_processing.py
[2026-05-21T12:21:25.103+0000] {processor.py:925} INFO - DAG(s) 'product_processing' retrieved from /opt/airflow/dags/product_processing.py
[2026-05-21T12:21:25.121+0000] {logging_mixin.py:190} INFO - [2026-05-21T12:21:25.121+0000] {dag.py:3239} INFO - Sync 1 DAGs
[2026-05-21T12:21:25.140+0000] {logging_mixin.py:190} INFO - [2026-05-21T12:21:25.140+0000] {dag.py:4180} INFO - Setting next_dagrun for product_processing to 2026-05-20 00:00:00+00:00, run_after=2026-05-21 00:00:00+00:00
[2026-05-21T12:21:25.271+0000] {processor.py:208} INFO - Processing /opt/airflow/dags/product_processing.py took 0.426 seconds
[2026-05-21T12:21:56.068+0000] {processor.py:186} INFO - Started process (PID=17199) to work on /opt/airflow/dags/product_processing.py
[2026-05-21T12:21:56.069+0000] {processor.py:914} INFO - Processing file /opt/airflow/dags/product_processing.py for tasks to queue
[2026-05-21T12:21:56.071+0000] {logging_mixin.py:190} INFO - [2026-05-21T12:21:56.071+0000] {dagbag.py:588} INFO - Filling up the DagBag from /opt/airflow/dags/product_processing.py
[2026-05-21T12:21:56.262+0000] {processor.py:925} INFO - DAG(s) 'product_processing' retrieved from /opt/airflow/dags/product_processing.py
[2026-05-21T12:21:56.278+0000] {logging_mixin.py:190} INFO - [2026-05-21T12:21:56.277+0000] {dag.py:3239} INFO - Sync 1 DAGs
[2026-05-21T12:21:56.294+0000] {logging_mixin.py:190} INFO - [2026-05-21T12:21:56.294+0000] {dag.py:4180} INFO - Setting next_dagrun for product_processing to 2026-05-20 00:00:00+00:00, run_after=2026-05-21 00:00:00+00:00
[2026-05-21T12:21:56.306+0000] {processor.py:208} INFO - Processing /opt/airflow/dags/product_processing.py took 0.244 seconds
[2026-05-21T12:22:26.671+0000] {processor.py:186} INFO - Started process (PID=17215) to work on /opt/airflow/dags/product_processing.py
[2026-05-21T12:22:26.678+0000] {processor.py:914} INFO - Processing file /opt/airflow/dags/product_processing.py for tasks to queue
[2026-05-21T12:22:26.680+0000] {logging_mixin.py:190} INFO - [2026-05-21T12:22:26.680+0000] {dagbag.py:588} INFO - Filling up the DagBag from /opt/airflow/dags/product_processing.py
[2026-05-21T12:22:26.882+0000] {processor.py:925} INFO - DAG(s) 'product_processing' retrieved from /opt/airflow/dags/product_processing.py
[2026-05-21T12:22:26.907+0000] {logging_mixin.py:190} INFO - [2026-05-21T12:22:26.907+0000] {dag.py:3239} INFO - Sync 1 DAGs
[2026-05-21T12:22:26.927+0000] {logging_mixin.py:190} INFO - [2026-05-21T12:22:26.927+0000] {dag.py:4180} INFO - Setting next_dagrun for product_processing to 2026-05-20 00:00:00+00:00, run_after=2026-05-21 00:00:00+00:00
[2026-05-21T12:22:26.940+0000] {processor.py:208} INFO - Processing /opt/airflow/dags/product_processing.py took 0.275 seconds
[2026-05-21T12:22:57.036+0000] {processor.py:186} INFO - Started process (PID=17231) to work on /opt/airflow/dags/product_processing.py
[2026-05-21T12:22:57.037+0000] {processor.py:914} INFO - Processing file /opt/airflow/dags/product_processing.py for tasks to queue
[2026-05-21T12:22:57.037+0000] {logging_mixin.py:190} INFO - [2026-05-21T12:22:57.037+0000] {dagbag.py:588} INFO - Filling up the DagBag from /opt/airflow/dags/product_processing.py
[2026-05-21T12:22:57.242+0000] {processor.py:925} INFO - DAG(s) 'product_processing' retrieved from /opt/airflow/dags/product_processing.py
[2026-05-21T12:22:57.262+0000] {logging_mixin.py:190} INFO - [2026-05-21T12:22:57.262+0000] {dag.py:3239} INFO - Sync 1 DAGs
[2026-05-21T12:22:57.281+0000] {logging_mixin.py:190} INFO - [2026-05-21T12:22:57.280+0000] {dag.py:4180} INFO - Setting next_dagrun for product_processing to 2026-05-20 00:00:00+00:00, run_after=2026-05-21 00:00:00+00:00
[2026-05-21T12:22:57.294+0000] {processor.py:208} INFO - Processing /opt/airflow/dags/product_processing.py took 0.267 seconds
[2026-05-21T12:23:27.431+0000] {processor.py:186} INFO - Started process (PID=17246) to work on /opt/airflow/dags/product_processing.py
[2026-05-21T12:23:27.432+0000] {processor.py:914} INFO - Processing file /opt/airflow/dags/product_processing.py for tasks to queue
[2026-05-21T12:23:27.433+0000] {logging_mixin.py:190} INFO - [2026-05-21T12:23:27.433+0000] {dagbag.py:588} INFO - Filling up the DagBag from /opt/airflow/dags/product_processing.py
[2026-05-21T12:23:27.652+0000] {processor.py:925} INFO - DAG(s) 'product_processing' retrieved from /opt/airflow/dags/product_processing.py
[2026-05-21T12:23:27.676+0000] {logging_mixin.py:190} INFO - [2026-05-21T12:23:27.676+0000] {dag.py:3239} INFO - Sync 1 DAGs
[2026-05-21T12:23:27.701+0000] {logging_mixin.py:190} INFO - [2026-05-21T12:23:27.701+0000] {dag.py:4180} INFO - Setting next_dagrun for product_processing to 2026-05-20 00:00:00+00:00, run_after=2026-05-21 00:00:00+00:00
[2026-05-21T12:23:27.718+0000] {processor.py:208} INFO - Processing /opt/airflow/dags/product_processing.py took 0.295 seconds
[2026-05-21T12:23:57.808+0000] {processor.py:186} INFO - Started process (PID=17263) to work on /opt/airflow/dags/product_processing.py
[2026-05-21T12:23:57.810+0000] {processor.py:914} INFO - Processing file /opt/airflow/dags/product_processing.py for tasks to queue
[2026-05-21T12:23:57.811+0000] {logging_mixin.py:190} INFO - [2026-05-21T12:23:57.810+0000] {dagbag.py:588} INFO - Filling up the DagBag from /opt/airflow/dags/product_processing.py
[2026-05-21T12:23:58.018+0000] {processor.py:925} INFO - DAG(s) 'product_processing' retrieved from /opt/airflow/dags/product_processing.py
[2026-05-21T12:23:58.035+0000] {logging_mixin.py:190} INFO - [2026-05-21T12:23:58.035+0000] {dag.py:3239} INFO - Sync 1 DAGs
[2026-05-21T12:23:58.054+0000] {logging_mixin.py:190} INFO - [2026-05-21T12:23:58.053+0000] {dag.py:4180} INFO - Setting next_dagrun for product_processing to 2026-05-20 00:00:00+00:00, run_after=2026-05-21 00:00:00+00:00
[2026-05-21T12:23:58.175+0000] {processor.py:208} INFO - Processing /opt/airflow/dags/product_processing.py took 0.373 seconds
[2026-05-21T12:24:28.935+0000] {processor.py:186} INFO - Started process (PID=17279) to work on /opt/airflow/dags/product_processing.py
[2026-05-21T12:24:28.937+0000] {processor.py:914} INFO - Processing file /opt/airflow/dags/product_processing.py for tasks to queue
[2026-05-21T12:24:28.938+0000] {logging_mixin.py:190} INFO - [2026-05-21T12:24:28.937+0000] {dagbag.py:588} INFO - Filling up the DagBag from /opt/airflow/dags/product_processing.py
[2026-05-21T12:24:29.147+0000] {processor.py:925} INFO - DAG(s) 'product_processing' retrieved from /opt/airflow/dags/product_processing.py
[2026-05-21T12:24:29.168+0000] {logging_mixin.py:190} INFO - [2026-05-21T12:24:29.167+0000] {dag.py:3239} INFO - Sync 1 DAGs
[2026-05-21T12:24:29.186+0000] {logging_mixin.py:190} INFO - [2026-05-21T12:24:29.186+0000] {dag.py:4180} INFO - Setting next_dagrun for product_processing to 2026-05-20 00:00:00+00:00, run_after=2026-05-21 00:00:00+00:00
[2026-05-21T12:24:29.200+0000] {processor.py:208} INFO - Processing /opt/airflow/dags/product_processing.py took 0.273 seconds
[2026-05-21T12:24:59.605+0000] {processor.py:186} INFO - Started process (PID=17295) to work on /opt/airflow/dags/product_processing.py
[2026-05-21T12:24:59.606+0000] {processor.py:914} INFO - Processing file /opt/airflow/dags/product_processing.py for tasks to queue
[2026-05-21T12:24:59.607+0000] {logging_mixin.py:190} INFO - [2026-05-21T12:24:59.607+0000] {dagbag.py:588} INFO - Filling up the DagBag from /opt/airflow/dags/product_processing.py
[2026-05-21T12:24:59.818+0000] {processor.py:925} INFO - DAG(s) 'product_processing' retrieved from /opt/airflow/dags/product_processing.py
[2026-05-21T12:24:59.837+0000] {logging_mixin.py:190} INFO - [2026-05-21T12:24:59.836+0000] {dag.py:3239} INFO - Sync 1 DAGs
[2026-05-21T12:24:59.855+0000] {logging_mixin.py:190} INFO - [2026-05-21T12:24:59.855+0000] {dag.py:4180} INFO - Setting next_dagrun for product_processing to 2026-05-20 00:00:00+00:00, run_after=2026-05-21 00:00:00+00:00
[2026-05-21T12:24:59.868+0000] {processor.py:208} INFO - Processing /opt/airflow/dags/product_processing.py took 0.269 seconds
[2026-05-21T12:25:30.266+0000] {processor.py:186} INFO - Started process (PID=17312) to work on /opt/airflow/dags/product_processing.py
[2026-05-21T12:25:30.268+0000] {processor.py:914} INFO - Processing file /opt/airflow/dags/product_processing.py for tasks to queue
[2026-05-21T12:25:30.268+0000] {logging_mixin.py:190} INFO - [2026-05-21T12:25:30.268+0000] {dagbag.py:588} INFO - Filling up the DagBag from /opt/airflow/dags/product_processing.py
[2026-05-21T12:25:30.465+0000] {processor.py:925} INFO - DAG(s) 'product_processing' retrieved from /opt/airflow/dags/product_processing.py
[2026-05-21T12:25:30.484+0000] {logging_mixin.py:190} INFO - [2026-05-21T12:25:30.484+0000] {dag.py:3239} INFO - Sync 1 DAGs
[2026-05-21T12:25:30.504+0000] {logging_mixin.py:190} INFO - [2026-05-21T12:25:30.504+0000] {dag.py:4180} INFO - Setting next_dagrun for product_processing to 2026-05-20 00:00:00+00:00, run_after=2026-05-21 00:00:00+00:00
[2026-05-21T12:25:30.518+0000] {processor.py:208} INFO - Processing /opt/airflow/dags/product_processing.py took 0.261 seconds
[2026-05-21T12:26:00.658+0000] {processor.py:186} INFO - Started process (PID=17328) to work on /opt/airflow/dags/product_processing.py
[2026-05-21T12:26:00.660+0000] {processor.py:914} INFO - Processing file /opt/airflow/dags/product_processing.py for tasks to queue
[2026-05-21T12:26:00.661+0000] {logging_mixin.py:190} INFO - [2026-05-21T12:26:00.661+0000] {dagbag.py:588} INFO - Filling up the DagBag from /opt/airflow/dags/product_processing.py
[2026-05-21T12:26:00.884+0000] {processor.py:925} INFO - DAG(s) 'product_processing' retrieved from /opt/airflow/dags/product_processing.py
[2026-05-21T12:26:00.907+0000] {logging_mixin.py:190} INFO - [2026-05-21T12:26:00.907+0000] {dag.py:3239} INFO - Sync 1 DAGs
[2026-05-21T12:26:00.929+0000] {logging_mixin.py:190} INFO - [2026-05-21T12:26:00.929+0000] {dag.py:4180} INFO - Setting next_dagrun for product_processing to 2026-05-20 00:00:00+00:00, run_after=2026-05-21 00:00:00+00:00
[2026-05-21T12:26:00.945+0000] {processor.py:208} INFO - Processing /opt/airflow/dags/product_processing.py took 0.295 seconds
[2026-05-21T12:26:31.772+0000] {processor.py:186} INFO - Started process (PID=17345) to work on /opt/airflow/dags/product_processing.py
[2026-05-21T12:26:31.772+0000] {processor.py:914} INFO - Processing file /opt/airflow/dags/product_processing.py for tasks to queue
[2026-05-21T12:26:31.773+0000] {logging_mixin.py:190} INFO - [2026-05-21T12:26:31.773+0000] {dagbag.py:588} INFO - Filling up the DagBag from /opt/airflow/dags/product_processing.py
[2026-05-21T12:26:31.984+0000] {processor.py:925} INFO - DAG(s) 'product_processing' retrieved from /opt/airflow/dags/product_processing.py
[2026-05-21T12:26:32.004+0000] {logging_mixin.py:190} INFO - [2026-05-21T12:26:32.004+0000] {dag.py:3239} INFO - Sync 1 DAGs
[2026-05-21T12:26:32.145+0000] {logging_mixin.py:190} INFO - [2026-05-21T12:26:32.145+0000] {dag.py:4180} INFO - Setting next_dagrun for product_processing to 2026-05-20 00:00:00+00:00, run_after=2026-05-21 00:00:00+00:00
[2026-05-21T12:26:32.158+0000] {processor.py:208} INFO - Processing /opt/airflow/dags/product_processing.py took 0.397 seconds
[2026-05-21T12:27:02.933+0000] {processor.py:186} INFO - Started process (PID=17361) to work on /opt/airflow/dags/product_processing.py
[2026-05-21T12:27:02.935+0000] {processor.py:914} INFO - Processing file /opt/airflow/dags/product_processing.py for tasks to queue
[2026-05-21T12:27:02.936+0000] {logging_mixin.py:190} INFO - [2026-05-21T12:27:02.936+0000] {dagbag.py:588} INFO - Filling up the DagBag from /opt/airflow/dags/product_processing.py
[2026-05-21T12:27:03.144+0000] {processor.py:925} INFO - DAG(s) 'product_processing' retrieved from /opt/airflow/dags/product_processing.py
[2026-05-21T12:27:03.165+0000] {logging_mixin.py:190} INFO - [2026-05-21T12:27:03.164+0000] {dag.py:3239} INFO - Sync 1 DAGs
[2026-05-21T12:27:03.185+0000] {logging_mixin.py:190} INFO - [2026-05-21T12:27:03.185+0000] {dag.py:4180} INFO - Setting next_dagrun for product_processing to 2026-05-20 00:00:00+00:00, run_after=2026-05-21 00:00:00+00:00
[2026-05-21T12:27:03.199+0000] {processor.py:208} INFO - Processing /opt/airflow/dags/product_processing.py took 0.274 seconds
[2026-05-21T12:27:33.531+0000] {processor.py:186} INFO - Started process (PID=17377) to work on /opt/airflow/dags/product_processing.py
[2026-05-21T12:27:33.532+0000] {processor.py:914} INFO - Processing file /opt/airflow/dags/product_processing.py for tasks to queue
[2026-05-21T12:27:33.533+0000] {logging_mixin.py:190} INFO - [2026-05-21T12:27:33.533+0000] {dagbag.py:588} INFO - Filling up the DagBag from /opt/airflow/dags/product_processing.py
[2026-05-21T12:27:33.739+0000] {processor.py:925} INFO - DAG(s) 'product_processing' retrieved from /opt/airflow/dags/product_processing.py
[2026-05-21T12:27:33.758+0000] {logging_mixin.py:190} INFO - [2026-05-21T12:27:33.758+0000] {dag.py:3239} INFO - Sync 1 DAGs
[2026-05-21T12:27:33.776+0000] {logging_mixin.py:190} INFO - [2026-05-21T12:27:33.776+0000] {dag.py:4180} INFO - Setting next_dagrun for product_processing to 2026-05-20 00:00:00+00:00, run_after=2026-05-21 00:00:00+00:00
[2026-05-21T12:27:33.795+0000] {processor.py:208} INFO - Processing /opt/airflow/dags/product_processing.py took 0.269 seconds
[2026-05-21T12:28:04.166+0000] {processor.py:186} INFO - Started process (PID=17393) to work on /opt/airflow/dags/product_processing.py
[2026-05-21T12:28:04.167+0000] {processor.py:914} INFO - Processing file /opt/airflow/dags/product_processing.py for tasks to queue
[2026-05-21T12:28:04.168+0000] {logging_mixin.py:190} INFO - [2026-05-21T12:28:04.168+0000] {dagbag.py:588} INFO - Filling up the DagBag from /opt/airflow/dags/product_processing.py
[2026-05-21T12:28:04.368+0000] {processor.py:925} INFO - DAG(s) 'product_processing' retrieved from /opt/airflow/dags/product_processing.py
[2026-05-21T12:28:04.386+0000] {logging_mixin.py:190} INFO - [2026-05-21T12:28:04.386+0000] {dag.py:3239} INFO - Sync 1 DAGs
[2026-05-21T12:28:04.403+0000] {logging_mixin.py:190} INFO - [2026-05-21T12:28:04.403+0000] {dag.py:4180} INFO - Setting next_dagrun for product_processing to 2026-05-20 00:00:00+00:00, run_after=2026-05-21 00:00:00+00:00
[2026-05-21T12:28:04.416+0000] {processor.py:208} INFO - Processing /opt/airflow/dags/product_processing.py took 0.254 seconds
[2026-05-21T12:28:34.557+0000] {processor.py:186} INFO - Started process (PID=17410) to work on /opt/airflow/dags/product_processing.py
[2026-05-21T12:28:34.559+0000] {processor.py:914} INFO - Processing file /opt/airflow/dags/product_processing.py for tasks to queue
[2026-05-21T12:28:34.560+0000] {logging_mixin.py:190} INFO - [2026-05-21T12:28:34.559+0000] {dagbag.py:588} INFO - Filling up the DagBag from /opt/airflow/dags/product_processing.py
[2026-05-21T12:28:34.765+0000] {processor.py:925} INFO - DAG(s) 'product_processing' retrieved from /opt/airflow/dags/product_processing.py
[2026-05-21T12:28:34.789+0000] {logging_mixin.py:190} INFO - [2026-05-21T12:28:34.789+0000] {dag.py:3239} INFO - Sync 1 DAGs
[2026-05-21T12:28:34.810+0000] {logging_mixin.py:190} INFO - [2026-05-21T12:28:34.810+0000] {dag.py:4180} INFO - Setting next_dagrun for product_processing to 2026-05-20 00:00:00+00:00, run_after=2026-05-21 00:00:00+00:00
[2026-05-21T12:28:34.977+0000] {processor.py:208} INFO - Processing /opt/airflow/dags/product_processing.py took 0.424 seconds
[2026-05-21T12:29:05.752+0000] {processor.py:186} INFO - Started process (PID=17426) to work on /opt/airflow/dags/product_processing.py
[2026-05-21T12:29:05.752+0000] {processor.py:914} INFO - Processing file /opt/airflow/dags/product_processing.py for tasks to queue
[2026-05-21T12:29:05.753+0000] {logging_mixin.py:190} INFO - [2026-05-21T12:29:05.753+0000] {dagbag.py:588} INFO - Filling up the DagBag from /opt/airflow/dags/product_processing.py
[2026-05-21T12:29:06.166+0000] {processor.py:925} INFO - DAG(s) 'product_processing' retrieved from /opt/airflow/dags/product_processing.py
[2026-05-21T12:29:06.206+0000] {logging_mixin.py:190} INFO - [2026-05-21T12:29:06.205+0000] {dag.py:3239} INFO - Sync 1 DAGs
[2026-05-21T12:29:06.494+0000] {logging_mixin.py:190} INFO - [2026-05-21T12:29:06.494+0000] {dag.py:4180} INFO - Setting next_dagrun for product_processing to 2026-05-20 00:00:00+00:00, run_after=2026-05-21 00:00:00+00:00
[2026-05-21T12:29:06.511+0000] {processor.py:208} INFO - Processing /opt/airflow/dags/product_processing.py took 0.765 seconds
[2026-05-21T12:29:36.846+0000] {processor.py:186} INFO - Started process (PID=17442) to work on /opt/airflow/dags/product_processing.py
[2026-05-21T12:29:36.848+0000] {processor.py:914} INFO - Processing file /opt/airflow/dags/product_processing.py for tasks to queue
[2026-05-21T12:29:36.849+0000] {logging_mixin.py:190} INFO - [2026-05-21T12:29:36.848+0000] {dagbag.py:588} INFO - Filling up the DagBag from /opt/airflow/dags/product_processing.py
[2026-05-21T12:29:37.080+0000] {processor.py:925} INFO - DAG(s) 'product_processing' retrieved from /opt/airflow/dags/product_processing.py
[2026-05-21T12:29:37.102+0000] {logging_mixin.py:190} INFO - [2026-05-21T12:29:37.101+0000] {dag.py:3239} INFO - Sync 1 DAGs
[2026-05-21T12:29:37.121+0000] {logging_mixin.py:190} INFO - [2026-05-21T12:29:37.121+0000] {dag.py:4180} INFO - Setting next_dagrun for product_processing to 2026-05-20 00:00:00+00:00, run_after=2026-05-21 00:00:00+00:00
[2026-05-21T12:29:37.135+0000] {processor.py:208} INFO - Processing /opt/airflow/dags/product_processing.py took 0.295 seconds
[2026-05-21T12:30:07.477+0000] {processor.py:186} INFO - Started process (PID=17458) to work on /opt/airflow/dags/product_processing.py
[2026-05-21T12:30:07.478+0000] {processor.py:914} INFO - Processing file /opt/airflow/dags/product_processing.py for tasks to queue
[2026-05-21T12:30:07.479+0000] {logging_mixin.py:190} INFO - [2026-05-21T12:30:07.478+0000] {dagbag.py:588} INFO - Filling up the DagBag from /opt/airflow/dags/product_processing.py
[2026-05-21T12:30:07.694+0000] {processor.py:925} INFO - DAG(s) 'product_processing' retrieved from /opt/airflow/dags/product_processing.py
[2026-05-21T12:30:07.715+0000] {logging_mixin.py:190} INFO - [2026-05-21T12:30:07.714+0000] {dag.py:3239} INFO - Sync 1 DAGs
[2026-05-21T12:30:07.733+0000] {logging_mixin.py:190} INFO - [2026-05-21T12:30:07.733+0000] {dag.py:4180} INFO - Setting next_dagrun for product_processing to 2026-05-20 00:00:00+00:00, run_after=2026-05-21 00:00:00+00:00
[2026-05-21T12:30:07.748+0000] {processor.py:208} INFO - Processing /opt/airflow/dags/product_processing.py took 0.275 seconds
[2026-05-21T12:30:38.083+0000] {processor.py:186} INFO - Started process (PID=17474) to work on /opt/airflow/dags/product_processing.py
[2026-05-21T12:30:38.085+0000] {processor.py:914} INFO - Processing file /opt/airflow/dags/product_processing.py for tasks to queue
[2026-05-21T12:30:38.086+0000] {logging_mixin.py:190} INFO - [2026-05-21T12:30:38.085+0000] {dagbag.py:588} INFO - Filling up the DagBag from /opt/airflow/dags/product_processing.py
[2026-05-21T12:30:38.319+0000] {processor.py:925} INFO - DAG(s) 'product_processing' retrieved from /opt/airflow/dags/product_processing.py
[2026-05-21T12:30:38.337+0000] {logging_mixin.py:190} INFO - [2026-05-21T12:30:38.337+0000] {dag.py:3239} INFO - Sync 1 DAGs
[2026-05-21T12:30:38.355+0000] {logging_mixin.py:190} INFO - [2026-05-21T12:30:38.355+0000] {dag.py:4180} INFO - Setting next_dagrun for product_processing to 2026-05-20 00:00:00+00:00, run_after=2026-05-21 00:00:00+00:00
[2026-05-21T12:30:38.369+0000] {processor.py:208} INFO - Processing /opt/airflow/dags/product_processing.py took 0.291 seconds
[2026-05-21T12:31:08.709+0000] {processor.py:186} INFO - Started process (PID=17490) to work on /opt/airflow/dags/product_processing.py
[2026-05-21T12:31:08.710+0000] {processor.py:914} INFO - Processing file /opt/airflow/dags/product_processing.py for tasks to queue
[2026-05-21T12:31:08.713+0000] {logging_mixin.py:190} INFO - [2026-05-21T12:31:08.713+0000] {dagbag.py:588} INFO - Filling up the DagBag from /opt/airflow/dags/product_processing.py
[2026-05-21T12:31:09.160+0000] {processor.py:925} INFO - DAG(s) 'product_processing' retrieved from /opt/airflow/dags/product_processing.py
[2026-05-21T12:31:09.201+0000] {logging_mixin.py:190} INFO - [2026-05-21T12:31:09.201+0000] {dag.py:3239} INFO - Sync 1 DAGs
[2026-05-21T12:31:09.237+0000] {logging_mixin.py:190} INFO - [2026-05-21T12:31:09.237+0000] {dag.py:4180} INFO - Setting next_dagrun for product_processing to 2026-05-20 00:00:00+00:00, run_after=2026-05-21 00:00:00+00:00
[2026-05-21T12:31:09.533+0000] {processor.py:208} INFO - Processing /opt/airflow/dags/product_processing.py took 0.835 seconds
[2026-05-21T12:31:39.902+0000] {processor.py:186} INFO - Started process (PID=17506) to work on /opt/airflow/dags/product_processing.py
[2026-05-21T12:31:39.918+0000] {processor.py:914} INFO - Processing file /opt/airflow/dags/product_processing.py for tasks to queue
[2026-05-21T12:31:39.919+0000] {logging_mixin.py:190} INFO - [2026-05-21T12:31:39.919+0000] {dagbag.py:588} INFO - Filling up the DagBag from /opt/airflow/dags/product_processing.py
[2026-05-21T12:31:40.137+0000] {processor.py:925} INFO - DAG(s) 'product_processing' retrieved from /opt/airflow/dags/product_processing.py
[2026-05-21T12:31:40.161+0000] {logging_mixin.py:190} INFO - [2026-05-21T12:31:40.161+0000] {dag.py:3239} INFO - Sync 1 DAGs
[2026-05-21T12:31:40.188+0000] {logging_mixin.py:190} INFO - [2026-05-21T12:31:40.188+0000] {dag.py:4180} INFO - Setting next_dagrun for product_processing to 2026-05-20 00:00:00+00:00, run_after=2026-05-21 00:00:00+00:00
[2026-05-21T12:31:40.206+0000] {processor.py:208} INFO - Processing /opt/airflow/dags/product_processing.py took 0.310 seconds
[2026-05-21T12:32:10.617+0000] {processor.py:186} INFO - Started process (PID=17522) to work on /opt/airflow/dags/product_processing.py
[2026-05-21T12:32:10.618+0000] {processor.py:914} INFO - Processing file /opt/airflow/dags/product_processing.py for tasks to queue
[2026-05-21T12:32:10.619+0000] {logging_mixin.py:190} INFO - [2026-05-21T12:32:10.618+0000] {dagbag.py:588} INFO - Filling up the DagBag from /opt/airflow/dags/product_processing.py
[2026-05-21T12:32:10.819+0000] {processor.py:925} INFO - DAG(s) 'product_processing' retrieved from /opt/airflow/dags/product_processing.py
[2026-05-21T12:32:10.849+0000] {logging_mixin.py:190} INFO - [2026-05-21T12:32:10.849+0000] {dag.py:3239} INFO - Sync 1 DAGs
[2026-05-21T12:32:10.868+0000] {logging_mixin.py:190} INFO - [2026-05-21T12:32:10.868+0000] {dag.py:4180} INFO - Setting next_dagrun for product_processing to 2026-05-20 00:00:00+00:00, run_after=2026-05-21 00:00:00+00:00
[2026-05-21T12:32:10.882+0000] {processor.py:208} INFO - Processing /opt/airflow/dags/product_processing.py took 0.269 seconds
[2026-05-21T12:32:41.264+0000] {processor.py:186} INFO - Started process (PID=17537) to work on /opt/airflow/dags/product_processing.py
[2026-05-21T12:32:41.265+0000] {processor.py:914} INFO - Processing file /opt/airflow/dags/product_processing.py for tasks to queue
[2026-05-21T12:32:41.266+0000] {logging_mixin.py:190} INFO - [2026-05-21T12:32:41.265+0000] {dagbag.py:588} INFO - Filling up the DagBag from /opt/airflow/dags/product_processing.py
[2026-05-21T12:32:41.594+0000] {processor.py:925} INFO - DAG(s) 'product_processing' retrieved from /opt/airflow/dags/product_processing.py
[2026-05-21T12:32:41.634+0000] {logging_mixin.py:190} INFO - [2026-05-21T12:32:41.634+0000] {dag.py:3239} INFO - Sync 1 DAGs
[2026-05-21T12:32:41.704+0000] {logging_mixin.py:190} INFO - [2026-05-21T12:32:41.703+0000] {dag.py:4180} INFO - Setting next_dagrun for product_processing to 2026-05-20 00:00:00+00:00, run_after=2026-05-21 00:00:00+00:00
[2026-05-21T12:32:41.752+0000] {processor.py:208} INFO - Processing /opt/airflow/dags/product_processing.py took 0.493 seconds
[2026-05-21T12:33:12.533+0000] {processor.py:186} INFO - Started process (PID=17558) to work on /opt/airflow/dags/product_processing.py
[2026-05-21T12:33:12.537+0000] {processor.py:914} INFO - Processing file /opt/airflow/dags/product_processing.py for tasks to queue
[2026-05-21T12:33:12.540+0000] {logging_mixin.py:190} INFO - [2026-05-21T12:33:12.539+0000] {dagbag.py:588} INFO - Filling up the DagBag from /opt/airflow/dags/product_processing.py
[2026-05-21T12:33:13.024+0000] {processor.py:925} INFO - DAG(s) 'product_processing' retrieved from /opt/airflow/dags/product_processing.py
[2026-05-21T12:33:13.064+0000] {logging_mixin.py:190} INFO - [2026-05-21T12:33:13.063+0000] {dag.py:3239} INFO - Sync 1 DAGs
[2026-05-21T12:33:13.099+0000] {logging_mixin.py:190} INFO - [2026-05-21T12:33:13.099+0000] {dag.py:4180} INFO - Setting next_dagrun for product_processing to 2026-05-20 00:00:00+00:00, run_after=2026-05-21 00:00:00+00:00
[2026-05-21T12:33:13.127+0000] {processor.py:208} INFO - Processing /opt/airflow/dags/product_processing.py took 0.604 seconds
[2026-05-21T12:33:43.722+0000] {processor.py:186} INFO - Started process (PID=17574) to work on /opt/airflow/dags/product_processing.py
[2026-05-21T12:33:43.724+0000] {processor.py:914} INFO - Processing file /opt/airflow/dags/product_processing.py for tasks to queue
[2026-05-21T12:33:43.725+0000] {logging_mixin.py:190} INFO - [2026-05-21T12:33:43.725+0000] {dagbag.py:588} INFO - Filling up the DagBag from /opt/airflow/dags/product_processing.py
[2026-05-21T12:33:44.807+0000] {processor.py:925} INFO - DAG(s) 'product_processing' retrieved from /opt/airflow/dags/product_processing.py
[2026-05-21T12:33:44.940+0000] {logging_mixin.py:190} INFO - [2026-05-21T12:33:44.939+0000] {dag.py:3239} INFO - Sync 1 DAGs
[2026-05-21T12:33:45.058+0000] {logging_mixin.py:190} INFO - [2026-05-21T12:33:45.056+0000] {dag.py:4180} INFO - Setting next_dagrun for product_processing to 2026-05-20 00:00:00+00:00, run_after=2026-05-21 00:00:00+00:00
[2026-05-21T12:33:45.720+0000] {processor.py:208} INFO - Processing /opt/airflow/dags/product_processing.py took 2.011 seconds
[2026-05-21T12:34:16.021+0000] {processor.py:186} INFO - Started process (PID=17589) to work on /opt/airflow/dags/product_processing.py
[2026-05-21T12:34:16.022+0000] {processor.py:914} INFO - Processing file /opt/airflow/dags/product_processing.py for tasks to queue
[2026-05-21T12:34:16.023+0000] {logging_mixin.py:190} INFO - [2026-05-21T12:34:16.023+0000] {dagbag.py:588} INFO - Filling up the DagBag from /opt/airflow/dags/product_processing.py
[2026-05-21T12:34:16.467+0000] {processor.py:925} INFO - DAG(s) 'product_processing' retrieved from /opt/airflow/dags/product_processing.py
[2026-05-21T12:34:16.554+0000] {logging_mixin.py:190} INFO - [2026-05-21T12:34:16.553+0000] {dag.py:3239} INFO - Sync 1 DAGs
[2026-05-21T12:34:16.573+0000] {logging_mixin.py:190} INFO - [2026-05-21T12:34:16.573+0000] {dag.py:4180} INFO - Setting next_dagrun for product_processing to 2026-05-20 00:00:00+00:00, run_after=2026-05-21 00:00:00+00:00
[2026-05-21T12:34:16.586+0000] {processor.py:208} INFO - Processing /opt/airflow/dags/product_processing.py took 0.569 seconds
[2026-05-21T12:34:46.647+0000] {processor.py:186} INFO - Started process (PID=17605) to work on /opt/airflow/dags/product_processing.py
[2026-05-21T12:34:46.648+0000] {processor.py:914} INFO - Processing file /opt/airflow/dags/product_processing.py for tasks to queue
[2026-05-21T12:34:46.650+0000] {logging_mixin.py:190} INFO - [2026-05-21T12:34:46.649+0000] {dagbag.py:588} INFO - Filling up the DagBag from /opt/airflow/dags/product_processing.py
[2026-05-21T12:34:46.897+0000] {processor.py:925} INFO - DAG(s) 'product_processing' retrieved from /opt/airflow/dags/product_processing.py
[2026-05-21T12:34:46.928+0000] {logging_mixin.py:190} INFO - [2026-05-21T12:34:46.927+0000] {dag.py:3239} INFO - Sync 1 DAGs
[2026-05-21T12:34:46.950+0000] {logging_mixin.py:190} INFO - [2026-05-21T12:34:46.950+0000] {dag.py:4180} INFO - Setting next_dagrun for product_processing to 2026-05-20 00:00:00+00:00, run_after=2026-05-21 00:00:00+00:00
[2026-05-21T12:34:46.966+0000] {processor.py:208} INFO - Processing /opt/airflow/dags/product_processing.py took 0.326 seconds
[2026-05-21T12:35:17.061+0000] {processor.py:186} INFO - Started process (PID=17621) to work on /opt/airflow/dags/product_processing.py
[2026-05-21T12:35:17.061+0000] {processor.py:914} INFO - Processing file /opt/airflow/dags/product_processing.py for tasks to queue
[2026-05-21T12:35:17.062+0000] {logging_mixin.py:190} INFO - [2026-05-21T12:35:17.062+0000] {dagbag.py:588} INFO - Filling up the DagBag from /opt/airflow/dags/product_processing.py
[2026-05-21T12:35:17.278+0000] {processor.py:925} INFO - DAG(s) 'product_processing' retrieved from /opt/airflow/dags/product_processing.py
[2026-05-21T12:35:17.307+0000] {logging_mixin.py:190} INFO - [2026-05-21T12:35:17.307+0000] {dag.py:3239} INFO - Sync 1 DAGs
[2026-05-21T12:35:17.331+0000] {logging_mixin.py:190} INFO - [2026-05-21T12:35:17.330+0000] {dag.py:4180} INFO - Setting next_dagrun for product_processing to 2026-05-20 00:00:00+00:00, run_after=2026-05-21 00:00:00+00:00
[2026-05-21T12:35:17.348+0000] {processor.py:208} INFO - Processing /opt/airflow/dags/product_processing.py took 0.293 seconds
[2026-05-21T12:35:47.979+0000] {processor.py:186} INFO - Started process (PID=17637) to work on /opt/airflow/dags/product_processing.py
[2026-05-21T12:35:47.982+0000] {processor.py:914} INFO - Processing file /opt/airflow/dags/product_processing.py for tasks to queue
[2026-05-21T12:35:47.983+0000] {logging_mixin.py:190} INFO - [2026-05-21T12:35:47.983+0000] {dagbag.py:588} INFO - Filling up the DagBag from /opt/airflow/dags/product_processing.py
[2026-05-21T12:35:48.356+0000] {processor.py:925} INFO - DAG(s) 'product_processing' retrieved from /opt/airflow/dags/product_processing.py
[2026-05-21T12:35:48.378+0000] {logging_mixin.py:190} INFO - [2026-05-21T12:35:48.378+0000] {dag.py:3239} INFO - Sync 1 DAGs
[2026-05-21T12:35:48.400+0000] {logging_mixin.py:190} INFO - [2026-05-21T12:35:48.400+0000] {dag.py:4180} INFO - Setting next_dagrun for product_processing to 2026-05-20 00:00:00+00:00, run_after=2026-05-21 00:00:00+00:00
[2026-05-21T12:35:48.565+0000] {processor.py:208} INFO - Processing /opt/airflow/dags/product_processing.py took 0.591 seconds
[2026-05-21T12:36:18.663+0000] {processor.py:186} INFO - Started process (PID=17654) to work on /opt/airflow/dags/product_processing.py
[2026-05-21T12:36:18.663+0000] {processor.py:914} INFO - Processing file /opt/airflow/dags/product_processing.py for tasks to queue
[2026-05-21T12:36:18.664+0000] {logging_mixin.py:190} INFO - [2026-05-21T12:36:18.664+0000] {dagbag.py:588} INFO - Filling up the DagBag from /opt/airflow/dags/product_processing.py
[2026-05-21T12:36:18.933+0000] {processor.py:925} INFO - DAG(s) 'product_processing' retrieved from /opt/airflow/dags/product_processing.py
[2026-05-21T12:36:18.956+0000] {logging_mixin.py:190} INFO - [2026-05-21T12:36:18.956+0000] {dag.py:3239} INFO - Sync 1 DAGs
[2026-05-21T12:36:19.146+0000] {logging_mixin.py:190} INFO - [2026-05-21T12:36:19.146+0000] {dag.py:4180} INFO - Setting next_dagrun for product_processing to 2026-05-20 00:00:00+00:00, run_after=2026-05-21 00:00:00+00:00
[2026-05-21T12:36:19.162+0000] {processor.py:208} INFO - Processing /opt/airflow/dags/product_processing.py took 0.504 seconds
[2026-05-21T12:36:49.829+0000] {processor.py:186} INFO - Started process (PID=17670) to work on /opt/airflow/dags/product_processing.py
[2026-05-21T12:36:49.830+0000] {processor.py:914} INFO - Processing file /opt/airflow/dags/product_processing.py for tasks to queue
[2026-05-21T12:36:49.831+0000] {logging_mixin.py:190} INFO - [2026-05-21T12:36:49.831+0000] {dagbag.py:588} INFO - Filling up the DagBag from /opt/airflow/dags/product_processing.py
[2026-05-21T12:36:50.092+0000] {processor.py:925} INFO - DAG(s) 'product_processing' retrieved from /opt/airflow/dags/product_processing.py
[2026-05-21T12:36:50.116+0000] {logging_mixin.py:190} INFO - [2026-05-21T12:36:50.116+0000] {dag.py:3239} INFO - Sync 1 DAGs
[2026-05-21T12:36:50.137+0000] {logging_mixin.py:190} INFO - [2026-05-21T12:36:50.136+0000] {dag.py:4180} INFO - Setting next_dagrun for product_processing to 2026-05-20 00:00:00+00:00, run_after=2026-05-21 00:00:00+00:00
[2026-05-21T12:36:50.154+0000] {processor.py:208} INFO - Processing /opt/airflow/dags/product_processing.py took 0.331 seconds
[2026-05-21T12:37:20.311+0000] {processor.py:186} INFO - Started process (PID=17687) to work on /opt/airflow/dags/product_processing.py
[2026-05-21T12:37:20.312+0000] {processor.py:914} INFO - Processing file /opt/airflow/dags/product_processing.py for tasks to queue
[2026-05-21T12:37:20.314+0000] {logging_mixin.py:190} INFO - [2026-05-21T12:37:20.313+0000] {dagbag.py:588} INFO - Filling up the DagBag from /opt/airflow/dags/product_processing.py
[2026-05-21T12:37:20.535+0000] {processor.py:925} INFO - DAG(s) 'product_processing' retrieved from /opt/airflow/dags/product_processing.py
[2026-05-21T12:37:20.562+0000] {logging_mixin.py:190} INFO - [2026-05-21T12:37:20.562+0000] {dag.py:3239} INFO - Sync 1 DAGs
[2026-05-21T12:37:20.582+0000] {logging_mixin.py:190} INFO - [2026-05-21T12:37:20.582+0000] {dag.py:4180} INFO - Setting next_dagrun for product_processing to 2026-05-20 00:00:00+00:00, run_after=2026-05-21 00:00:00+00:00
[2026-05-21T12:37:20.597+0000] {processor.py:208} INFO - Processing /opt/airflow/dags/product_processing.py took 0.291 seconds
[2026-05-21T12:37:51.185+0000] {processor.py:186} INFO - Started process (PID=17703) to work on /opt/airflow/dags/product_processing.py
[2026-05-21T12:37:51.186+0000] {processor.py:914} INFO - Processing file /opt/airflow/dags/product_processing.py for tasks to queue
[2026-05-21T12:37:51.187+0000] {logging_mixin.py:190} INFO - [2026-05-21T12:37:51.187+0000] {dagbag.py:588} INFO - Filling up the DagBag from /opt/airflow/dags/product_processing.py
[2026-05-21T12:37:51.411+0000] {processor.py:925} INFO - DAG(s) 'product_processing' retrieved from /opt/airflow/dags/product_processing.py
[2026-05-21T12:37:51.432+0000] {logging_mixin.py:190} INFO - [2026-05-21T12:37:51.431+0000] {dag.py:3239} INFO - Sync 1 DAGs
[2026-05-21T12:37:51.455+0000] {logging_mixin.py:190} INFO - [2026-05-21T12:37:51.455+0000] {dag.py:4180} INFO - Setting next_dagrun for product_processing to 2026-05-20 00:00:00+00:00, run_after=2026-05-21 00:00:00+00:00
[2026-05-21T12:37:51.627+0000] {processor.py:208} INFO - Processing /opt/airflow/dags/product_processing.py took 0.448 seconds
[2026-05-21T12:38:22.130+0000] {processor.py:186} INFO - Started process (PID=17719) to work on /opt/airflow/dags/product_processing.py
[2026-05-21T12:38:22.133+0000] {processor.py:914} INFO - Processing file /opt/airflow/dags/product_processing.py for tasks to queue
[2026-05-21T12:38:22.134+0000] {logging_mixin.py:190} INFO - [2026-05-21T12:38:22.134+0000] {dagbag.py:588} INFO - Filling up the DagBag from /opt/airflow/dags/product_processing.py
[2026-05-21T12:38:22.344+0000] {processor.py:925} INFO - DAG(s) 'product_processing' retrieved from /opt/airflow/dags/product_processing.py
[2026-05-21T12:38:22.366+0000] {logging_mixin.py:190} INFO - [2026-05-21T12:38:22.366+0000] {dag.py:3239} INFO - Sync 1 DAGs
[2026-05-21T12:38:22.516+0000] {logging_mixin.py:190} INFO - [2026-05-21T12:38:22.516+0000] {dag.py:4180} INFO - Setting next_dagrun for product_processing to 2026-05-20 00:00:00+00:00, run_after=2026-05-21 00:00:00+00:00
[2026-05-21T12:38:22.532+0000] {processor.py:208} INFO - Processing /opt/airflow/dags/product_processing.py took 0.412 seconds
[2026-05-21T12:38:52.579+0000] {processor.py:186} INFO - Started process (PID=17736) to work on /opt/airflow/dags/product_processing.py
[2026-05-21T12:38:52.580+0000] {processor.py:914} INFO - Processing file /opt/airflow/dags/product_processing.py for tasks to queue
[2026-05-21T12:38:52.581+0000] {logging_mixin.py:190} INFO - [2026-05-21T12:38:52.581+0000] {dagbag.py:588} INFO - Filling up the DagBag from /opt/airflow/dags/product_processing.py
[2026-05-21T12:38:52.823+0000] {processor.py:925} INFO - DAG(s) 'product_processing' retrieved from /opt/airflow/dags/product_processing.py
[2026-05-21T12:38:52.849+0000] {logging_mixin.py:190} INFO - [2026-05-21T12:38:52.848+0000] {dag.py:3239} INFO - Sync 1 DAGs
[2026-05-21T12:38:52.872+0000] {logging_mixin.py:190} INFO - [2026-05-21T12:38:52.872+0000] {dag.py:4180} INFO - Setting next_dagrun for product_processing to 2026-05-20 00:00:00+00:00, run_after=2026-05-21 00:00:00+00:00
[2026-05-21T12:38:52.888+0000] {processor.py:208} INFO - Processing /opt/airflow/dags/product_processing.py took 0.316 seconds
[2026-05-21T12:39:22.933+0000] {processor.py:186} INFO - Started process (PID=17752) to work on /opt/airflow/dags/product_processing.py
[2026-05-21T12:39:22.934+0000] {processor.py:914} INFO - Processing file /opt/airflow/dags/product_processing.py for tasks to queue
[2026-05-21T12:39:22.936+0000] {logging_mixin.py:190} INFO - [2026-05-21T12:39:22.935+0000] {dagbag.py:588} INFO - Filling up the DagBag from /opt/airflow/dags/product_processing.py
[2026-05-21T12:39:23.193+0000] {processor.py:925} INFO - DAG(s) 'product_processing' retrieved from /opt/airflow/dags/product_processing.py
[2026-05-21T12:39:23.213+0000] {logging_mixin.py:190} INFO - [2026-05-21T12:39:23.212+0000] {dag.py:3239} INFO - Sync 1 DAGs
[2026-05-21T12:39:23.236+0000] {logging_mixin.py:190} INFO - [2026-05-21T12:39:23.236+0000] {dag.py:4180} INFO - Setting next_dagrun for product_processing to 2026-05-20 00:00:00+00:00, run_after=2026-05-21 00:00:00+00:00
[2026-05-21T12:39:23.254+0000] {processor.py:208} INFO - Processing /opt/airflow/dags/product_processing.py took 0.326 seconds
[2026-05-21T12:39:53.402+0000] {processor.py:186} INFO - Started process (PID=17768) to work on /opt/airflow/dags/product_processing.py
[2026-05-21T12:39:53.403+0000] {processor.py:914} INFO - Processing file /opt/airflow/dags/product_processing.py for tasks to queue
[2026-05-21T12:39:53.404+0000] {logging_mixin.py:190} INFO - [2026-05-21T12:39:53.403+0000] {dagbag.py:588} INFO - Filling up the DagBag from /opt/airflow/dags/product_processing.py
[2026-05-21T12:39:53.611+0000] {processor.py:925} INFO - DAG(s) 'product_processing' retrieved from /opt/airflow/dags/product_processing.py
[2026-05-21T12:39:53.630+0000] {logging_mixin.py:190} INFO - [2026-05-21T12:39:53.630+0000] {dag.py:3239} INFO - Sync 1 DAGs
[2026-05-21T12:39:53.658+0000] {logging_mixin.py:190} INFO - [2026-05-21T12:39:53.658+0000] {dag.py:4180} INFO - Setting next_dagrun for product_processing to 2026-05-20 00:00:00+00:00, run_after=2026-05-21 00:00:00+00:00
[2026-05-21T12:39:53.787+0000] {processor.py:208} INFO - Processing /opt/airflow/dags/product_processing.py took 0.390 seconds
[2026-05-21T12:40:24.203+0000] {processor.py:186} INFO - Started process (PID=17783) to work on /opt/airflow/dags/product_processing.py
[2026-05-21T12:40:24.204+0000] {processor.py:914} INFO - Processing file /opt/airflow/dags/product_processing.py for tasks to queue
[2026-05-21T12:40:24.205+0000] {logging_mixin.py:190} INFO - [2026-05-21T12:40:24.205+0000] {dagbag.py:588} INFO - Filling up the DagBag from /opt/airflow/dags/product_processing.py
[2026-05-21T12:40:25.155+0000] {processor.py:925} INFO - DAG(s) 'product_processing' retrieved from /opt/airflow/dags/product_processing.py
[2026-05-21T12:40:25.192+0000] {logging_mixin.py:190} INFO - [2026-05-21T12:40:25.192+0000] {dag.py:3239} INFO - Sync 1 DAGs
[2026-05-21T12:40:25.598+0000] {logging_mixin.py:190} INFO - [2026-05-21T12:40:25.597+0000] {dag.py:4180} INFO - Setting next_dagrun for product_processing to 2026-05-20 00:00:00+00:00, run_after=2026-05-21 00:00:00+00:00
[2026-05-21T12:40:25.634+0000] {processor.py:208} INFO - Processing /opt/airflow/dags/product_processing.py took 1.442 seconds
[2026-05-21T12:40:55.690+0000] {processor.py:186} INFO - Started process (PID=17799) to work on /opt/airflow/dags/product_processing.py
[2026-05-21T12:40:55.691+0000] {processor.py:914} INFO - Processing file /opt/airflow/dags/product_processing.py for tasks to queue
[2026-05-21T12:40:55.692+0000] {logging_mixin.py:190} INFO - [2026-05-21T12:40:55.692+0000] {dagbag.py:588} INFO - Filling up the DagBag from /opt/airflow/dags/product_processing.py
[2026-05-21T12:40:55.942+0000] {processor.py:925} INFO - DAG(s) 'product_processing' retrieved from /opt/airflow/dags/product_processing.py
[2026-05-21T12:40:55.970+0000] {logging_mixin.py:190} INFO - [2026-05-21T12:40:55.970+0000] {dag.py:3239} INFO - Sync 1 DAGs
[2026-05-21T12:40:55.990+0000] {logging_mixin.py:190} INFO - [2026-05-21T12:40:55.990+0000] {dag.py:4180} INFO - Setting next_dagrun for product_processing to 2026-05-20 00:00:00+00:00, run_after=2026-05-21 00:00:00+00:00
[2026-05-21T12:40:56.006+0000] {processor.py:208} INFO - Processing /opt/airflow/dags/product_processing.py took 0.321 seconds
[2026-05-21T12:41:26.915+0000] {processor.py:186} INFO - Started process (PID=17814) to work on /opt/airflow/dags/product_processing.py
[2026-05-21T12:41:26.916+0000] {processor.py:914} INFO - Processing file /opt/airflow/dags/product_processing.py for tasks to queue
[2026-05-21T12:41:26.917+0000] {logging_mixin.py:190} INFO - [2026-05-21T12:41:26.917+0000] {dagbag.py:588} INFO - Filling up the DagBag from /opt/airflow/dags/product_processing.py
[2026-05-21T12:41:27.114+0000] {processor.py:925} INFO - DAG(s) 'product_processing' retrieved from /opt/airflow/dags/product_processing.py
[2026-05-21T12:41:27.136+0000] {logging_mixin.py:190} INFO - [2026-05-21T12:41:27.136+0000] {dag.py:3239} INFO - Sync 1 DAGs
[2026-05-21T12:41:27.155+0000] {logging_mixin.py:190} INFO - [2026-05-21T12:41:27.155+0000] {dag.py:4180} INFO - Setting next_dagrun for product_processing to 2026-05-20 00:00:00+00:00, run_after=2026-05-21 00:00:00+00:00
[2026-05-21T12:41:27.172+0000] {processor.py:208} INFO - Processing /opt/airflow/dags/product_processing.py took 0.264 seconds
[2026-05-21T12:41:57.205+0000] {processor.py:186} INFO - Started process (PID=17830) to work on /opt/airflow/dags/product_processing.py
[2026-05-21T12:41:57.206+0000] {processor.py:914} INFO - Processing file /opt/airflow/dags/product_processing.py for tasks to queue
[2026-05-21T12:41:57.207+0000] {logging_mixin.py:190} INFO - [2026-05-21T12:41:57.207+0000] {dagbag.py:588} INFO - Filling up the DagBag from /opt/airflow/dags/product_processing.py
[2026-05-21T12:41:57.399+0000] {processor.py:925} INFO - DAG(s) 'product_processing' retrieved from /opt/airflow/dags/product_processing.py
[2026-05-21T12:41:57.416+0000] {logging_mixin.py:190} INFO - [2026-05-21T12:41:57.416+0000] {dag.py:3239} INFO - Sync 1 DAGs
[2026-05-21T12:41:57.434+0000] {logging_mixin.py:190} INFO - [2026-05-21T12:41:57.434+0000] {dag.py:4180} INFO - Setting next_dagrun for product_processing to 2026-05-20 00:00:00+00:00, run_after=2026-05-21 00:00:00+00:00
[2026-05-21T12:41:57.557+0000] {processor.py:208} INFO - Processing /opt/airflow/dags/product_processing.py took 0.357 seconds
[2026-05-21T12:42:27.646+0000] {processor.py:186} INFO - Started process (PID=17846) to work on /opt/airflow/dags/product_processing.py
[2026-05-21T12:42:27.647+0000] {processor.py:914} INFO - Processing file /opt/airflow/dags/product_processing.py for tasks to queue
[2026-05-21T12:42:27.647+0000] {logging_mixin.py:190} INFO - [2026-05-21T12:42:27.647+0000] {dagbag.py:588} INFO - Filling up the DagBag from /opt/airflow/dags/product_processing.py
[2026-05-21T12:42:27.857+0000] {processor.py:925} INFO - DAG(s) 'product_processing' retrieved from /opt/airflow/dags/product_processing.py
[2026-05-21T12:42:27.880+0000] {logging_mixin.py:190} INFO - [2026-05-21T12:42:27.879+0000] {dag.py:3239} INFO - Sync 1 DAGs
[2026-05-21T12:42:28.047+0000] {logging_mixin.py:190} INFO - [2026-05-21T12:42:28.047+0000] {dag.py:4180} INFO - Setting next_dagrun for product_processing to 2026-05-20 00:00:00+00:00, run_after=2026-05-21 00:00:00+00:00
[2026-05-21T12:42:28.061+0000] {processor.py:208} INFO - Processing /opt/airflow/dags/product_processing.py took 0.420 seconds
[2026-05-21T12:42:58.095+0000] {processor.py:186} INFO - Started process (PID=17862) to work on /opt/airflow/dags/product_processing.py
[2026-05-21T12:42:58.095+0000] {processor.py:914} INFO - Processing file /opt/airflow/dags/product_processing.py for tasks to queue
[2026-05-21T12:42:58.096+0000] {logging_mixin.py:190} INFO - [2026-05-21T12:42:58.096+0000] {dagbag.py:588} INFO - Filling up the DagBag from /opt/airflow/dags/product_processing.py
[2026-05-21T12:42:58.302+0000] {processor.py:925} INFO - DAG(s) 'product_processing' retrieved from /opt/airflow/dags/product_processing.py
[2026-05-21T12:42:58.432+0000] {logging_mixin.py:190} INFO - [2026-05-21T12:42:58.431+0000] {dag.py:3239} INFO - Sync 1 DAGs
[2026-05-21T12:42:58.447+0000] {logging_mixin.py:190} INFO - [2026-05-21T12:42:58.447+0000] {dag.py:4180} INFO - Setting next_dagrun for product_processing to 2026-05-20 00:00:00+00:00, run_after=2026-05-21 00:00:00+00:00
[2026-05-21T12:42:58.459+0000] {processor.py:208} INFO - Processing /opt/airflow/dags/product_processing.py took 0.369 seconds
[2026-05-21T12:43:29.224+0000] {processor.py:186} INFO - Started process (PID=17878) to work on /opt/airflow/dags/product_processing.py
[2026-05-21T12:43:29.227+0000] {processor.py:914} INFO - Processing file /opt/airflow/dags/product_processing.py for tasks to queue
[2026-05-21T12:43:29.229+0000] {logging_mixin.py:190} INFO - [2026-05-21T12:43:29.229+0000] {dagbag.py:588} INFO - Filling up the DagBag from /opt/airflow/dags/product_processing.py
[2026-05-21T12:43:29.450+0000] {processor.py:925} INFO - DAG(s) 'product_processing' retrieved from /opt/airflow/dags/product_processing.py
[2026-05-21T12:43:29.470+0000] {logging_mixin.py:190} INFO - [2026-05-21T12:43:29.469+0000] {dag.py:3239} INFO - Sync 1 DAGs
[2026-05-21T12:43:29.489+0000] {logging_mixin.py:190} INFO - [2026-05-21T12:43:29.488+0000] {dag.py:4180} INFO - Setting next_dagrun for product_processing to 2026-05-20 00:00:00+00:00, run_after=2026-05-21 00:00:00+00:00
[2026-05-21T12:43:29.504+0000] {processor.py:208} INFO - Processing /opt/airflow/dags/product_processing.py took 0.285 seconds
[2026-05-21T12:44:00.096+0000] {processor.py:186} INFO - Started process (PID=17895) to work on /opt/airflow/dags/product_processing.py
[2026-05-21T12:44:00.097+0000] {processor.py:914} INFO - Processing file /opt/airflow/dags/product_processing.py for tasks to queue
[2026-05-21T12:44:00.098+0000] {logging_mixin.py:190} INFO - [2026-05-21T12:44:00.098+0000] {dagbag.py:588} INFO - Filling up the DagBag from /opt/airflow/dags/product_processing.py
[2026-05-21T12:44:00.302+0000] {processor.py:925} INFO - DAG(s) 'product_processing' retrieved from /opt/airflow/dags/product_processing.py
[2026-05-21T12:44:00.323+0000] {logging_mixin.py:190} INFO - [2026-05-21T12:44:00.323+0000] {dag.py:3239} INFO - Sync 1 DAGs
[2026-05-21T12:44:00.343+0000] {logging_mixin.py:190} INFO - [2026-05-21T12:44:00.343+0000] {dag.py:4180} INFO - Setting next_dagrun for product_processing to 2026-05-20 00:00:00+00:00, run_after=2026-05-21 00:00:00+00:00
[2026-05-21T12:44:00.473+0000] {processor.py:208} INFO - Processing /opt/airflow/dags/product_processing.py took 0.383 seconds
[2026-05-21T12:44:30.873+0000] {processor.py:186} INFO - Started process (PID=17911) to work on /opt/airflow/dags/product_processing.py
[2026-05-21T12:44:30.874+0000] {processor.py:914} INFO - Processing file /opt/airflow/dags/product_processing.py for tasks to queue
[2026-05-21T12:44:30.877+0000] {logging_mixin.py:190} INFO - [2026-05-21T12:44:30.877+0000] {dagbag.py:588} INFO - Filling up the DagBag from /opt/airflow/dags/product_processing.py
[2026-05-21T12:44:31.379+0000] {processor.py:925} INFO - DAG(s) 'product_processing' retrieved from /opt/airflow/dags/product_processing.py
[2026-05-21T12:44:31.416+0000] {logging_mixin.py:190} INFO - [2026-05-21T12:44:31.415+0000] {dag.py:3239} INFO - Sync 1 DAGs
[2026-05-21T12:44:31.684+0000] {logging_mixin.py:190} INFO - [2026-05-21T12:44:31.684+0000] {dag.py:4180} INFO - Setting next_dagrun for product_processing to 2026-05-20 00:00:00+00:00, run_after=2026-05-21 00:00:00+00:00
[2026-05-21T12:44:31.708+0000] {processor.py:208} INFO - Processing /opt/airflow/dags/product_processing.py took 0.847 seconds
[2026-05-21T12:45:02.225+0000] {processor.py:186} INFO - Started process (PID=17928) to work on /opt/airflow/dags/product_processing.py
[2026-05-21T12:45:02.232+0000] {processor.py:914} INFO - Processing file /opt/airflow/dags/product_processing.py for tasks to queue
[2026-05-21T12:45:02.233+0000] {logging_mixin.py:190} INFO - [2026-05-21T12:45:02.233+0000] {dagbag.py:588} INFO - Filling up the DagBag from /opt/airflow/dags/product_processing.py
[2026-05-21T12:45:02.776+0000] {processor.py:925} INFO - DAG(s) 'product_processing' retrieved from /opt/airflow/dags/product_processing.py
[2026-05-21T12:45:03.115+0000] {logging_mixin.py:190} INFO - [2026-05-21T12:45:03.115+0000] {dag.py:3239} INFO - Sync 1 DAGs
[2026-05-21T12:45:03.178+0000] {logging_mixin.py:190} INFO - [2026-05-21T12:45:03.178+0000] {dag.py:4180} INFO - Setting next_dagrun for product_processing to 2026-05-20 00:00:00+00:00, run_after=2026-05-21 00:00:00+00:00
[2026-05-21T12:45:03.220+0000] {processor.py:208} INFO - Processing /opt/airflow/dags/product_processing.py took 1.003 seconds
[2026-05-21T12:45:33.769+0000] {processor.py:186} INFO - Started process (PID=17944) to work on /opt/airflow/dags/product_processing.py
[2026-05-21T12:45:33.770+0000] {processor.py:914} INFO - Processing file /opt/airflow/dags/product_processing.py for tasks to queue
[2026-05-21T12:45:33.772+0000] {logging_mixin.py:190} INFO - [2026-05-21T12:45:33.771+0000] {dagbag.py:588} INFO - Filling up the DagBag from /opt/airflow/dags/product_processing.py
[2026-05-21T12:45:33.983+0000] {processor.py:925} INFO - DAG(s) 'product_processing' retrieved from /opt/airflow/dags/product_processing.py
[2026-05-21T12:45:34.007+0000] {logging_mixin.py:190} INFO - [2026-05-21T12:45:34.007+0000] {dag.py:3239} INFO - Sync 1 DAGs
[2026-05-21T12:45:34.027+0000] {logging_mixin.py:190} INFO - [2026-05-21T12:45:34.027+0000] {dag.py:4180} INFO - Setting next_dagrun for product_processing to 2026-05-20 00:00:00+00:00, run_after=2026-05-21 00:00:00+00:00
[2026-05-21T12:45:34.041+0000] {processor.py:208} INFO - Processing /opt/airflow/dags/product_processing.py took 0.278 seconds
[2026-05-21T12:46:04.273+0000] {processor.py:186} INFO - Started process (PID=17959) to work on /opt/airflow/dags/product_processing.py
[2026-05-21T12:46:04.275+0000] {processor.py:914} INFO - Processing file /opt/airflow/dags/product_processing.py for tasks to queue
[2026-05-21T12:46:04.276+0000] {logging_mixin.py:190} INFO - [2026-05-21T12:46:04.276+0000] {dagbag.py:588} INFO - Filling up the DagBag from /opt/airflow/dags/product_processing.py
[2026-05-21T12:46:04.476+0000] {processor.py:925} INFO - DAG(s) 'product_processing' retrieved from /opt/airflow/dags/product_processing.py
[2026-05-21T12:46:04.494+0000] {logging_mixin.py:190} INFO - [2026-05-21T12:46:04.494+0000] {dag.py:3239} INFO - Sync 1 DAGs
[2026-05-21T12:46:04.511+0000] {logging_mixin.py:190} INFO - [2026-05-21T12:46:04.511+0000] {dag.py:4180} INFO - Setting next_dagrun for product_processing to 2026-05-20 00:00:00+00:00, run_after=2026-05-21 00:00:00+00:00
[2026-05-21T12:46:04.624+0000] {processor.py:208} INFO - Processing /opt/airflow/dags/product_processing.py took 0.356 seconds
[2026-05-21T12:46:34.738+0000] {processor.py:186} INFO - Started process (PID=17975) to work on /opt/airflow/dags/product_processing.py
[2026-05-21T12:46:34.738+0000] {processor.py:914} INFO - Processing file /opt/airflow/dags/product_processing.py for tasks to queue
[2026-05-21T12:46:34.739+0000] {logging_mixin.py:190} INFO - [2026-05-21T12:46:34.739+0000] {dagbag.py:588} INFO - Filling up the DagBag from /opt/airflow/dags/product_processing.py
[2026-05-21T12:46:34.936+0000] {processor.py:925} INFO - DAG(s) 'product_processing' retrieved from /opt/airflow/dags/product_processing.py
[2026-05-21T12:46:34.963+0000] {logging_mixin.py:190} INFO - [2026-05-21T12:46:34.963+0000] {dag.py:3239} INFO - Sync 1 DAGs
[2026-05-21T12:46:35.125+0000] {logging_mixin.py:190} INFO - [2026-05-21T12:46:35.125+0000] {dag.py:4180} INFO - Setting next_dagrun for product_processing to 2026-05-20 00:00:00+00:00, run_after=2026-05-21 00:00:00+00:00
[2026-05-21T12:46:35.138+0000] {processor.py:208} INFO - Processing /opt/airflow/dags/product_processing.py took 0.405 seconds
[2026-05-21T12:47:05.572+0000] {processor.py:186} INFO - Started process (PID=17991) to work on /opt/airflow/dags/product_processing.py
[2026-05-21T12:47:05.573+0000] {processor.py:914} INFO - Processing file /opt/airflow/dags/product_processing.py for tasks to queue
[2026-05-21T12:47:05.574+0000] {logging_mixin.py:190} INFO - [2026-05-21T12:47:05.573+0000] {dagbag.py:588} INFO - Filling up the DagBag from /opt/airflow/dags/product_processing.py
[2026-05-21T12:47:05.769+0000] {processor.py:925} INFO - DAG(s) 'product_processing' retrieved from /opt/airflow/dags/product_processing.py
[2026-05-21T12:47:05.923+0000] {logging_mixin.py:190} INFO - [2026-05-21T12:47:05.923+0000] {dag.py:3239} INFO - Sync 1 DAGs
[2026-05-21T12:47:05.939+0000] {logging_mixin.py:190} INFO - [2026-05-21T12:47:05.938+0000] {dag.py:4180} INFO - Setting next_dagrun for product_processing to 2026-05-20 00:00:00+00:00, run_after=2026-05-21 00:00:00+00:00
[2026-05-21T12:47:05.951+0000] {processor.py:208} INFO - Processing /opt/airflow/dags/product_processing.py took 0.383 seconds
[2026-05-21T12:47:36.078+0000] {processor.py:186} INFO - Started process (PID=18007) to work on /opt/airflow/dags/product_processing.py
[2026-05-21T12:47:36.079+0000] {processor.py:914} INFO - Processing file /opt/airflow/dags/product_processing.py for tasks to queue
[2026-05-21T12:47:36.080+0000] {logging_mixin.py:190} INFO - [2026-05-21T12:47:36.080+0000] {dagbag.py:588} INFO - Filling up the DagBag from /opt/airflow/dags/product_processing.py
[2026-05-21T12:47:36.390+0000] {processor.py:925} INFO - DAG(s) 'product_processing' retrieved from /opt/airflow/dags/product_processing.py
[2026-05-21T12:47:36.406+0000] {logging_mixin.py:190} INFO - [2026-05-21T12:47:36.405+0000] {dag.py:3239} INFO - Sync 1 DAGs
[2026-05-21T12:47:36.421+0000] {logging_mixin.py:190} INFO - [2026-05-21T12:47:36.420+0000] {dag.py:4180} INFO - Setting next_dagrun for product_processing to 2026-05-20 00:00:00+00:00, run_after=2026-05-21 00:00:00+00:00
[2026-05-21T12:47:36.432+0000] {processor.py:208} INFO - Processing /opt/airflow/dags/product_processing.py took 0.359 seconds
[2026-05-21T12:48:07.032+0000] {processor.py:186} INFO - Started process (PID=18023) to work on /opt/airflow/dags/product_processing.py
[2026-05-21T12:48:07.035+0000] {processor.py:914} INFO - Processing file /opt/airflow/dags/product_processing.py for tasks to queue
[2026-05-21T12:48:07.036+0000] {logging_mixin.py:190} INFO - [2026-05-21T12:48:07.036+0000] {dagbag.py:588} INFO - Filling up the DagBag from /opt/airflow/dags/product_processing.py
[2026-05-21T12:48:07.245+0000] {processor.py:925} INFO - DAG(s) 'product_processing' retrieved from /opt/airflow/dags/product_processing.py
[2026-05-21T12:48:07.263+0000] {logging_mixin.py:190} INFO - [2026-05-21T12:48:07.262+0000] {dag.py:3239} INFO - Sync 1 DAGs
[2026-05-21T12:48:07.281+0000] {logging_mixin.py:190} INFO - [2026-05-21T12:48:07.281+0000] {dag.py:4180} INFO - Setting next_dagrun for product_processing to 2026-05-20 00:00:00+00:00, run_after=2026-05-21 00:00:00+00:00
[2026-05-21T12:48:07.404+0000] {processor.py:208} INFO - Processing /opt/airflow/dags/product_processing.py took 0.377 seconds
[2026-05-21T12:48:37.467+0000] {processor.py:186} INFO - Started process (PID=18039) to work on /opt/airflow/dags/product_processing.py
[2026-05-21T12:48:37.468+0000] {processor.py:914} INFO - Processing file /opt/airflow/dags/product_processing.py for tasks to queue
[2026-05-21T12:48:37.468+0000] {logging_mixin.py:190} INFO - [2026-05-21T12:48:37.468+0000] {dagbag.py:588} INFO - Filling up the DagBag from /opt/airflow/dags/product_processing.py
[2026-05-21T12:48:37.662+0000] {processor.py:925} INFO - DAG(s) 'product_processing' retrieved from /opt/airflow/dags/product_processing.py
[2026-05-21T12:48:37.680+0000] {logging_mixin.py:190} INFO - [2026-05-21T12:48:37.680+0000] {dag.py:3239} INFO - Sync 1 DAGs
[2026-05-21T12:48:37.799+0000] {logging_mixin.py:190} INFO - [2026-05-21T12:48:37.799+0000] {dag.py:4180} INFO - Setting next_dagrun for product_processing to 2026-05-20 00:00:00+00:00, run_after=2026-05-21 00:00:00+00:00
[2026-05-21T12:48:37.818+0000] {processor.py:208} INFO - Processing /opt/airflow/dags/product_processing.py took 0.355 seconds
[2026-05-21T12:49:07.866+0000] {processor.py:186} INFO - Started process (PID=18055) to work on /opt/airflow/dags/product_processing.py
[2026-05-21T12:49:07.868+0000] {processor.py:914} INFO - Processing file /opt/airflow/dags/product_processing.py for tasks to queue
[2026-05-21T12:49:07.869+0000] {logging_mixin.py:190} INFO - [2026-05-21T12:49:07.868+0000] {dagbag.py:588} INFO - Filling up the DagBag from /opt/airflow/dags/product_processing.py
[2026-05-21T12:49:08.083+0000] {processor.py:925} INFO - DAG(s) 'product_processing' retrieved from /opt/airflow/dags/product_processing.py
[2026-05-21T12:49:08.238+0000] {logging_mixin.py:190} INFO - [2026-05-21T12:49:08.238+0000] {dag.py:3239} INFO - Sync 1 DAGs
[2026-05-21T12:49:08.255+0000] {logging_mixin.py:190} INFO - [2026-05-21T12:49:08.255+0000] {dag.py:4180} INFO - Setting next_dagrun for product_processing to 2026-05-20 00:00:00+00:00, run_after=2026-05-21 00:00:00+00:00
[2026-05-21T12:49:08.268+0000] {processor.py:208} INFO - Processing /opt/airflow/dags/product_processing.py took 0.406 seconds
[2026-05-21T12:49:38.752+0000] {processor.py:186} INFO - Started process (PID=18071) to work on /opt/airflow/dags/product_processing.py
[2026-05-21T12:49:38.753+0000] {processor.py:914} INFO - Processing file /opt/airflow/dags/product_processing.py for tasks to queue
[2026-05-21T12:49:38.754+0000] {logging_mixin.py:190} INFO - [2026-05-21T12:49:38.754+0000] {dagbag.py:588} INFO - Filling up the DagBag from /opt/airflow/dags/product_processing.py
[2026-05-21T12:49:39.081+0000] {processor.py:925} INFO - DAG(s) 'product_processing' retrieved from /opt/airflow/dags/product_processing.py
[2026-05-21T12:49:39.096+0000] {logging_mixin.py:190} INFO - [2026-05-21T12:49:39.096+0000] {dag.py:3239} INFO - Sync 1 DAGs
[2026-05-21T12:49:39.111+0000] {logging_mixin.py:190} INFO - [2026-05-21T12:49:39.111+0000] {dag.py:4180} INFO - Setting next_dagrun for product_processing to 2026-05-20 00:00:00+00:00, run_after=2026-05-21 00:00:00+00:00
[2026-05-21T12:49:39.126+0000] {processor.py:208} INFO - Processing /opt/airflow/dags/product_processing.py took 0.378 seconds
[2026-05-21T12:50:10.019+0000] {processor.py:186} INFO - Started process (PID=18087) to work on /opt/airflow/dags/product_processing.py
[2026-05-21T12:50:10.021+0000] {processor.py:914} INFO - Processing file /opt/airflow/dags/product_processing.py for tasks to queue
[2026-05-21T12:50:10.022+0000] {logging_mixin.py:190} INFO - [2026-05-21T12:50:10.022+0000] {dagbag.py:588} INFO - Filling up the DagBag from /opt/airflow/dags/product_processing.py
[2026-05-21T12:50:10.671+0000] {processor.py:925} INFO - DAG(s) 'product_processing' retrieved from /opt/airflow/dags/product_processing.py
[2026-05-21T12:50:10.686+0000] {logging_mixin.py:190} INFO - [2026-05-21T12:50:10.686+0000] {dag.py:3239} INFO - Sync 1 DAGs
[2026-05-21T12:50:10.701+0000] {logging_mixin.py:190} INFO - [2026-05-21T12:50:10.701+0000] {dag.py:4180} INFO - Setting next_dagrun for product_processing to 2026-05-20 00:00:00+00:00, run_after=2026-05-21 00:00:00+00:00
[2026-05-21T12:50:10.715+0000] {processor.py:208} INFO - Processing /opt/airflow/dags/product_processing.py took 0.707 seconds
[2026-05-21T12:50:41.303+0000] {processor.py:186} INFO - Started process (PID=18103) to work on /opt/airflow/dags/product_processing.py
[2026-05-21T12:50:41.304+0000] {processor.py:914} INFO - Processing file /opt/airflow/dags/product_processing.py for tasks to queue
[2026-05-21T12:50:41.305+0000] {logging_mixin.py:190} INFO - [2026-05-21T12:50:41.305+0000] {dagbag.py:588} INFO - Filling up the DagBag from /opt/airflow/dags/product_processing.py
[2026-05-21T12:50:41.665+0000] {processor.py:925} INFO - DAG(s) 'product_processing' retrieved from /opt/airflow/dags/product_processing.py
[2026-05-21T12:50:41.692+0000] {logging_mixin.py:190} INFO - [2026-05-21T12:50:41.692+0000] {dag.py:3239} INFO - Sync 1 DAGs
[2026-05-21T12:50:41.839+0000] {logging_mixin.py:190} INFO - [2026-05-21T12:50:41.839+0000] {dag.py:4180} INFO - Setting next_dagrun for product_processing to 2026-05-20 00:00:00+00:00, run_after=2026-05-21 00:00:00+00:00
[2026-05-21T12:50:41.854+0000] {processor.py:208} INFO - Processing /opt/airflow/dags/product_processing.py took 0.555 seconds
[2026-05-21T12:51:12.213+0000] {processor.py:186} INFO - Started process (PID=18119) to work on /opt/airflow/dags/product_processing.py
[2026-05-21T12:51:12.214+0000] {processor.py:914} INFO - Processing file /opt/airflow/dags/product_processing.py for tasks to queue
[2026-05-21T12:51:12.215+0000] {logging_mixin.py:190} INFO - [2026-05-21T12:51:12.215+0000] {dagbag.py:588} INFO - Filling up the DagBag from /opt/airflow/dags/product_processing.py
[2026-05-21T12:51:12.433+0000] {processor.py:925} INFO - DAG(s) 'product_processing' retrieved from /opt/airflow/dags/product_processing.py
[2026-05-21T12:51:12.614+0000] {logging_mixin.py:190} INFO - [2026-05-21T12:51:12.614+0000] {dag.py:3239} INFO - Sync 1 DAGs
[2026-05-21T12:51:12.635+0000] {logging_mixin.py:190} INFO - [2026-05-21T12:51:12.634+0000] {dag.py:4180} INFO - Setting next_dagrun for product_processing to 2026-05-20 00:00:00+00:00, run_after=2026-05-21 00:00:00+00:00
[2026-05-21T12:51:12.650+0000] {processor.py:208} INFO - Processing /opt/airflow/dags/product_processing.py took 0.442 seconds
[2026-05-21T12:51:43.181+0000] {processor.py:186} INFO - Started process (PID=18136) to work on /opt/airflow/dags/product_processing.py
[2026-05-21T12:51:43.182+0000] {processor.py:914} INFO - Processing file /opt/airflow/dags/product_processing.py for tasks to queue
[2026-05-21T12:51:43.183+0000] {logging_mixin.py:190} INFO - [2026-05-21T12:51:43.183+0000] {dagbag.py:588} INFO - Filling up the DagBag from /opt/airflow/dags/product_processing.py
[2026-05-21T12:51:44.034+0000] {processor.py:925} INFO - DAG(s) 'product_processing' retrieved from /opt/airflow/dags/product_processing.py
[2026-05-21T12:51:44.055+0000] {logging_mixin.py:190} INFO - [2026-05-21T12:51:44.055+0000] {dag.py:3239} INFO - Sync 1 DAGs
[2026-05-21T12:51:44.070+0000] {logging_mixin.py:190} INFO - [2026-05-21T12:51:44.070+0000] {dag.py:4180} INFO - Setting next_dagrun for product_processing to 2026-05-20 00:00:00+00:00, run_after=2026-05-21 00:00:00+00:00
[2026-05-21T12:51:44.084+0000] {processor.py:208} INFO - Processing /opt/airflow/dags/product_processing.py took 0.907 seconds
[2026-05-21T12:52:14.464+0000] {processor.py:186} INFO - Started process (PID=18158) to work on /opt/airflow/dags/product_processing.py
[2026-05-21T12:52:14.465+0000] {processor.py:914} INFO - Processing file /opt/airflow/dags/product_processing.py for tasks to queue
[2026-05-21T12:52:14.466+0000] {logging_mixin.py:190} INFO - [2026-05-21T12:52:14.466+0000] {dagbag.py:588} INFO - Filling up the DagBag from /opt/airflow/dags/product_processing.py
[2026-05-21T12:52:15.307+0000] {processor.py:925} INFO - DAG(s) 'product_processing' retrieved from /opt/airflow/dags/product_processing.py
[2026-05-21T12:52:15.341+0000] {logging_mixin.py:190} INFO - [2026-05-21T12:52:15.341+0000] {dag.py:3239} INFO - Sync 1 DAGs
[2026-05-21T12:52:15.378+0000] {logging_mixin.py:190} INFO - [2026-05-21T12:52:15.375+0000] {dag.py:4180} INFO - Setting next_dagrun for product_processing to 2026-05-20 00:00:00+00:00, run_after=2026-05-21 00:00:00+00:00
[2026-05-21T12:52:15.404+0000] {processor.py:208} INFO - Processing /opt/airflow/dags/product_processing.py took 0.951 seconds
[2026-05-21T12:52:45.963+0000] {processor.py:186} INFO - Started process (PID=18174) to work on /opt/airflow/dags/product_processing.py
[2026-05-21T12:52:45.964+0000] {processor.py:914} INFO - Processing file /opt/airflow/dags/product_processing.py for tasks to queue
[2026-05-21T12:52:45.965+0000] {logging_mixin.py:190} INFO - [2026-05-21T12:52:45.965+0000] {dagbag.py:588} INFO - Filling up the DagBag from /opt/airflow/dags/product_processing.py
[2026-05-21T12:52:46.489+0000] {processor.py:925} INFO - DAG(s) 'product_processing' retrieved from /opt/airflow/dags/product_processing.py
[2026-05-21T12:52:46.553+0000] {logging_mixin.py:190} INFO - [2026-05-21T12:52:46.551+0000] {dag.py:3239} INFO - Sync 1 DAGs
[2026-05-21T12:52:46.606+0000] {logging_mixin.py:190} INFO - [2026-05-21T12:52:46.606+0000] {dag.py:4180} INFO - Setting next_dagrun for product_processing to 2026-05-20 00:00:00+00:00, run_after=2026-05-21 00:00:00+00:00
[2026-05-21T12:52:46.654+0000] {processor.py:208} INFO - Processing /opt/airflow/dags/product_processing.py took 0.696 seconds
[2026-05-21T12:53:17.236+0000] {processor.py:186} INFO - Started process (PID=18190) to work on /opt/airflow/dags/product_processing.py
[2026-05-21T12:53:17.239+0000] {processor.py:914} INFO - Processing file /opt/airflow/dags/product_processing.py for tasks to queue
[2026-05-21T12:53:17.240+0000] {logging_mixin.py:190} INFO - [2026-05-21T12:53:17.239+0000] {dagbag.py:588} INFO - Filling up the DagBag from /opt/airflow/dags/product_processing.py
[2026-05-21T12:53:17.740+0000] {processor.py:925} INFO - DAG(s) 'product_processing' retrieved from /opt/airflow/dags/product_processing.py
[2026-05-21T12:53:18.103+0000] {logging_mixin.py:190} INFO - [2026-05-21T12:53:18.103+0000] {dag.py:3239} INFO - Sync 1 DAGs
[2026-05-21T12:53:18.144+0000] {logging_mixin.py:190} INFO - [2026-05-21T12:53:18.144+0000] {dag.py:4180} INFO - Setting next_dagrun for product_processing to 2026-05-20 00:00:00+00:00, run_after=2026-05-21 00:00:00+00:00
[2026-05-21T12:53:18.171+0000] {processor.py:208} INFO - Processing /opt/airflow/dags/product_processing.py took 0.943 seconds
[2026-05-21T12:53:48.741+0000] {processor.py:186} INFO - Started process (PID=18206) to work on /opt/airflow/dags/product_processing.py
[2026-05-21T12:53:48.743+0000] {processor.py:914} INFO - Processing file /opt/airflow/dags/product_processing.py for tasks to queue
[2026-05-21T12:53:48.744+0000] {logging_mixin.py:190} INFO - [2026-05-21T12:53:48.744+0000] {dagbag.py:588} INFO - Filling up the DagBag from /opt/airflow/dags/product_processing.py
[2026-05-21T12:53:49.293+0000] {processor.py:925} INFO - DAG(s) 'product_processing' retrieved from /opt/airflow/dags/product_processing.py
[2026-05-21T12:53:49.317+0000] {logging_mixin.py:190} INFO - [2026-05-21T12:53:49.316+0000] {dag.py:3239} INFO - Sync 1 DAGs
[2026-05-21T12:53:49.332+0000] {logging_mixin.py:190} INFO - [2026-05-21T12:53:49.332+0000] {dag.py:4180} INFO - Setting next_dagrun for product_processing to 2026-05-20 00:00:00+00:00, run_after=2026-05-21 00:00:00+00:00
[2026-05-21T12:53:49.345+0000] {processor.py:208} INFO - Processing /opt/airflow/dags/product_processing.py took 0.612 seconds
[2026-05-21T12:54:20.105+0000] {processor.py:186} INFO - Started process (PID=18222) to work on /opt/airflow/dags/product_processing.py
[2026-05-21T12:54:20.107+0000] {processor.py:914} INFO - Processing file /opt/airflow/dags/product_processing.py for tasks to queue
[2026-05-21T12:54:20.108+0000] {logging_mixin.py:190} INFO - [2026-05-21T12:54:20.107+0000] {dagbag.py:588} INFO - Filling up the DagBag from /opt/airflow/dags/product_processing.py
[2026-05-21T12:54:20.826+0000] {processor.py:925} INFO - DAG(s) 'product_processing' retrieved from /opt/airflow/dags/product_processing.py
[2026-05-21T12:54:20.858+0000] {logging_mixin.py:190} INFO - [2026-05-21T12:54:20.858+0000] {dag.py:3239} INFO - Sync 1 DAGs
[2026-05-21T12:54:20.891+0000] {logging_mixin.py:190} INFO - [2026-05-21T12:54:20.890+0000] {dag.py:4180} INFO - Setting next_dagrun for product_processing to 2026-05-20 00:00:00+00:00, run_after=2026-05-21 00:00:00+00:00
[2026-05-21T12:54:20.913+0000] {processor.py:208} INFO - Processing /opt/airflow/dags/product_processing.py took 0.823 seconds
[2026-05-21T12:54:51.700+0000] {processor.py:186} INFO - Started process (PID=18239) to work on /opt/airflow/dags/product_processing.py
[2026-05-21T12:54:51.702+0000] {processor.py:914} INFO - Processing file /opt/airflow/dags/product_processing.py for tasks to queue
[2026-05-21T12:54:51.703+0000] {logging_mixin.py:190} INFO - [2026-05-21T12:54:51.703+0000] {dagbag.py:588} INFO - Filling up the DagBag from /opt/airflow/dags/product_processing.py
[2026-05-21T12:54:52.416+0000] {processor.py:925} INFO - DAG(s) 'product_processing' retrieved from /opt/airflow/dags/product_processing.py
[2026-05-21T12:54:52.455+0000] {logging_mixin.py:190} INFO - [2026-05-21T12:54:52.452+0000] {dag.py:3239} INFO - Sync 1 DAGs
[2026-05-21T12:54:52.487+0000] {logging_mixin.py:190} INFO - [2026-05-21T12:54:52.487+0000] {dag.py:4180} INFO - Setting next_dagrun for product_processing to 2026-05-20 00:00:00+00:00, run_after=2026-05-21 00:00:00+00:00
[2026-05-21T12:54:52.526+0000] {processor.py:208} INFO - Processing /opt/airflow/dags/product_processing.py took 0.837 seconds
[2026-05-21T12:55:23.110+0000] {processor.py:186} INFO - Started process (PID=18254) to work on /opt/airflow/dags/product_processing.py
[2026-05-21T12:55:23.111+0000] {processor.py:914} INFO - Processing file /opt/airflow/dags/product_processing.py for tasks to queue
[2026-05-21T12:55:23.114+0000] {logging_mixin.py:190} INFO - [2026-05-21T12:55:23.114+0000] {dagbag.py:588} INFO - Filling up the DagBag from /opt/airflow/dags/product_processing.py
[2026-05-21T12:55:23.767+0000] {processor.py:925} INFO - DAG(s) 'product_processing' retrieved from /opt/airflow/dags/product_processing.py
[2026-05-21T12:55:23.802+0000] {logging_mixin.py:190} INFO - [2026-05-21T12:55:23.802+0000] {dag.py:3239} INFO - Sync 1 DAGs
[2026-05-21T12:55:23.834+0000] {logging_mixin.py:190} INFO - [2026-05-21T12:55:23.834+0000] {dag.py:4180} INFO - Setting next_dagrun for product_processing to 2026-05-20 00:00:00+00:00, run_after=2026-05-21 00:00:00+00:00
[2026-05-21T12:55:23.861+0000] {processor.py:208} INFO - Processing /opt/airflow/dags/product_processing.py took 0.756 seconds
[2026-05-21T12:55:54.577+0000] {processor.py:186} INFO - Started process (PID=18271) to work on /opt/airflow/dags/product_processing.py
[2026-05-21T12:55:54.578+0000] {processor.py:914} INFO - Processing file /opt/airflow/dags/product_processing.py for tasks to queue
[2026-05-21T12:55:54.579+0000] {logging_mixin.py:190} INFO - [2026-05-21T12:55:54.578+0000] {dagbag.py:588} INFO - Filling up the DagBag from /opt/airflow/dags/product_processing.py
[2026-05-21T12:55:55.300+0000] {processor.py:925} INFO - DAG(s) 'product_processing' retrieved from /opt/airflow/dags/product_processing.py
[2026-05-21T12:55:55.324+0000] {logging_mixin.py:190} INFO - [2026-05-21T12:55:55.323+0000] {dag.py:3239} INFO - Sync 1 DAGs
[2026-05-21T12:55:55.344+0000] {logging_mixin.py:190} INFO - [2026-05-21T12:55:55.344+0000] {dag.py:4180} INFO - Setting next_dagrun for product_processing to 2026-05-20 00:00:00+00:00, run_after=2026-05-21 00:00:00+00:00
[2026-05-21T12:55:55.362+0000] {processor.py:208} INFO - Processing /opt/airflow/dags/product_processing.py took 0.795 seconds
[2026-05-21T12:56:25.955+0000] {processor.py:186} INFO - Started process (PID=18287) to work on /opt/airflow/dags/product_processing.py
[2026-05-21T12:56:25.958+0000] {processor.py:914} INFO - Processing file /opt/airflow/dags/product_processing.py for tasks to queue
[2026-05-21T12:56:25.959+0000] {logging_mixin.py:190} INFO - [2026-05-21T12:56:25.959+0000] {dagbag.py:588} INFO - Filling up the DagBag from /opt/airflow/dags/product_processing.py
[2026-05-21T12:56:26.913+0000] {processor.py:925} INFO - DAG(s) 'product_processing' retrieved from /opt/airflow/dags/product_processing.py
[2026-05-21T12:56:26.940+0000] {logging_mixin.py:190} INFO - [2026-05-21T12:56:26.939+0000] {dag.py:3239} INFO - Sync 1 DAGs
[2026-05-21T12:56:26.964+0000] {logging_mixin.py:190} INFO - [2026-05-21T12:56:26.964+0000] {dag.py:4180} INFO - Setting next_dagrun for product_processing to 2026-05-20 00:00:00+00:00, run_after=2026-05-21 00:00:00+00:00
[2026-05-21T12:56:26.986+0000] {processor.py:208} INFO - Processing /opt/airflow/dags/product_processing.py took 1.040 seconds
[2026-05-21T12:56:57.504+0000] {processor.py:186} INFO - Started process (PID=18302) to work on /opt/airflow/dags/product_processing.py
[2026-05-21T12:56:57.505+0000] {processor.py:914} INFO - Processing file /opt/airflow/dags/product_processing.py for tasks to queue
[2026-05-21T12:56:57.506+0000] {logging_mixin.py:190} INFO - [2026-05-21T12:56:57.506+0000] {dagbag.py:588} INFO - Filling up the DagBag from /opt/airflow/dags/product_processing.py
[2026-05-21T12:56:58.065+0000] {processor.py:925} INFO - DAG(s) 'product_processing' retrieved from /opt/airflow/dags/product_processing.py
[2026-05-21T12:56:58.096+0000] {logging_mixin.py:190} INFO - [2026-05-21T12:56:58.095+0000] {dag.py:3239} INFO - Sync 1 DAGs
[2026-05-21T12:56:58.127+0000] {logging_mixin.py:190} INFO - [2026-05-21T12:56:58.127+0000] {dag.py:4180} INFO - Setting next_dagrun for product_processing to 2026-05-20 00:00:00+00:00, run_after=2026-05-21 00:00:00+00:00
[2026-05-21T12:56:58.159+0000] {processor.py:208} INFO - Processing /opt/airflow/dags/product_processing.py took 0.664 seconds
[2026-05-21T12:57:28.620+0000] {processor.py:186} INFO - Started process (PID=18316) to work on /opt/airflow/dags/product_processing.py
[2026-05-21T12:57:28.622+0000] {processor.py:914} INFO - Processing file /opt/airflow/dags/product_processing.py for tasks to queue
[2026-05-21T12:57:28.631+0000] {logging_mixin.py:190} INFO - [2026-05-21T12:57:28.623+0000] {dagbag.py:588} INFO - Filling up the DagBag from /opt/airflow/dags/product_processing.py
[2026-05-21T12:57:29.804+0000] {processor.py:925} INFO - DAG(s) 'product_processing' retrieved from /opt/airflow/dags/product_processing.py
[2026-05-21T12:57:29.830+0000] {logging_mixin.py:190} INFO - [2026-05-21T12:57:29.830+0000] {dag.py:3239} INFO - Sync 1 DAGs
[2026-05-21T12:57:29.858+0000] {logging_mixin.py:190} INFO - [2026-05-21T12:57:29.858+0000] {dag.py:4180} INFO - Setting next_dagrun for product_processing to 2026-05-20 00:00:00+00:00, run_after=2026-05-21 00:00:00+00:00
[2026-05-21T12:57:29.873+0000] {processor.py:208} INFO - Processing /opt/airflow/dags/product_processing.py took 1.278 seconds
[2026-05-21T12:58:00.009+0000] {processor.py:186} INFO - Started process (PID=18334) to work on /opt/airflow/dags/product_processing.py
[2026-05-21T12:58:00.011+0000] {processor.py:914} INFO - Processing file /opt/airflow/dags/product_processing.py for tasks to queue
[2026-05-21T12:58:00.013+0000] {logging_mixin.py:190} INFO - [2026-05-21T12:58:00.013+0000] {dagbag.py:588} INFO - Filling up the DagBag from /opt/airflow/dags/product_processing.py
[2026-05-21T12:58:01.008+0000] {processor.py:925} INFO - DAG(s) 'product_processing' retrieved from /opt/airflow/dags/product_processing.py
[2026-05-21T12:58:01.086+0000] {logging_mixin.py:190} INFO - [2026-05-21T12:58:01.076+0000] {dag.py:3239} INFO - Sync 1 DAGs
[2026-05-21T12:58:01.212+0000] {logging_mixin.py:190} INFO - [2026-05-21T12:58:01.212+0000] {dag.py:4180} INFO - Setting next_dagrun for product_processing to 2026-05-20 00:00:00+00:00, run_after=2026-05-21 00:00:00+00:00
[2026-05-21T12:58:01.227+0000] {processor.py:208} INFO - Processing /opt/airflow/dags/product_processing.py took 1.227 seconds
[2026-05-21T12:58:31.298+0000] {processor.py:186} INFO - Started process (PID=18349) to work on /opt/airflow/dags/product_processing.py
[2026-05-21T12:58:31.299+0000] {processor.py:914} INFO - Processing file /opt/airflow/dags/product_processing.py for tasks to queue
[2026-05-21T12:58:31.300+0000] {logging_mixin.py:190} INFO - [2026-05-21T12:58:31.300+0000] {dagbag.py:588} INFO - Filling up the DagBag from /opt/airflow/dags/product_processing.py
[2026-05-21T12:58:31.670+0000] {processor.py:925} INFO - DAG(s) 'product_processing' retrieved from /opt/airflow/dags/product_processing.py
[2026-05-21T12:58:31.688+0000] {logging_mixin.py:190} INFO - [2026-05-21T12:58:31.688+0000] {dag.py:3239} INFO - Sync 1 DAGs
[2026-05-21T12:58:31.706+0000] {logging_mixin.py:190} INFO - [2026-05-21T12:58:31.706+0000] {dag.py:4180} INFO - Setting next_dagrun for product_processing to 2026-05-20 00:00:00+00:00, run_after=2026-05-21 00:00:00+00:00
[2026-05-21T12:58:31.720+0000] {processor.py:208} INFO - Processing /opt/airflow/dags/product_processing.py took 0.428 seconds
[2026-05-21T12:59:02.041+0000] {processor.py:186} INFO - Started process (PID=18365) to work on /opt/airflow/dags/product_processing.py
[2026-05-21T12:59:02.042+0000] {processor.py:914} INFO - Processing file /opt/airflow/dags/product_processing.py for tasks to queue
[2026-05-21T12:59:02.043+0000] {logging_mixin.py:190} INFO - [2026-05-21T12:59:02.043+0000] {dagbag.py:588} INFO - Filling up the DagBag from /opt/airflow/dags/product_processing.py
[2026-05-21T12:59:02.512+0000] {processor.py:925} INFO - DAG(s) 'product_processing' retrieved from /opt/airflow/dags/product_processing.py
[2026-05-21T12:59:02.528+0000] {logging_mixin.py:190} INFO - [2026-05-21T12:59:02.528+0000] {dag.py:3239} INFO - Sync 1 DAGs
[2026-05-21T12:59:02.546+0000] {logging_mixin.py:190} INFO - [2026-05-21T12:59:02.545+0000] {dag.py:4180} INFO - Setting next_dagrun for product_processing to 2026-05-20 00:00:00+00:00, run_after=2026-05-21 00:00:00+00:00
[2026-05-21T12:59:02.562+0000] {processor.py:208} INFO - Processing /opt/airflow/dags/product_processing.py took 0.526 seconds
[2026-05-21T12:59:32.638+0000] {processor.py:186} INFO - Started process (PID=18381) to work on /opt/airflow/dags/product_processing.py
[2026-05-21T12:59:32.639+0000] {processor.py:914} INFO - Processing file /opt/airflow/dags/product_processing.py for tasks to queue
[2026-05-21T12:59:32.640+0000] {logging_mixin.py:190} INFO - [2026-05-21T12:59:32.640+0000] {dagbag.py:588} INFO - Filling up the DagBag from /opt/airflow/dags/product_processing.py
[2026-05-21T12:59:32.966+0000] {processor.py:925} INFO - DAG(s) 'product_processing' retrieved from /opt/airflow/dags/product_processing.py
[2026-05-21T12:59:32.983+0000] {logging_mixin.py:190} INFO - [2026-05-21T12:59:32.983+0000] {dag.py:3239} INFO - Sync 1 DAGs
[2026-05-21T12:59:32.999+0000] {logging_mixin.py:190} INFO - [2026-05-21T12:59:32.999+0000] {dag.py:4180} INFO - Setting next_dagrun for product_processing to 2026-05-20 00:00:00+00:00, run_after=2026-05-21 00:00:00+00:00
[2026-05-21T12:59:33.012+0000] {processor.py:208} INFO - Processing /opt/airflow/dags/product_processing.py took 0.380 seconds
[2026-05-21T13:00:03.956+0000] {processor.py:186} INFO - Started process (PID=18397) to work on /opt/airflow/dags/product_processing.py
[2026-05-21T13:00:03.958+0000] {processor.py:914} INFO - Processing file /opt/airflow/dags/product_processing.py for tasks to queue
[2026-05-21T13:00:03.958+0000] {logging_mixin.py:190} INFO - [2026-05-21T13:00:03.958+0000] {dagbag.py:588} INFO - Filling up the DagBag from /opt/airflow/dags/product_processing.py
[2026-05-21T13:00:04.483+0000] {processor.py:925} INFO - DAG(s) 'product_processing' retrieved from /opt/airflow/dags/product_processing.py
[2026-05-21T13:00:04.499+0000] {logging_mixin.py:190} INFO - [2026-05-21T13:00:04.499+0000] {dag.py:3239} INFO - Sync 1 DAGs
[2026-05-21T13:00:04.515+0000] {logging_mixin.py:190} INFO - [2026-05-21T13:00:04.515+0000] {dag.py:4180} INFO - Setting next_dagrun for product_processing to 2026-05-20 00:00:00+00:00, run_after=2026-05-21 00:00:00+00:00
[2026-05-21T13:00:04.531+0000] {processor.py:208} INFO - Processing /opt/airflow/dags/product_processing.py took 0.588 seconds
[2026-05-21T13:00:35.518+0000] {processor.py:186} INFO - Started process (PID=18414) to work on /opt/airflow/dags/product_processing.py
[2026-05-21T13:00:35.520+0000] {processor.py:914} INFO - Processing file /opt/airflow/dags/product_processing.py for tasks to queue
[2026-05-21T13:00:35.554+0000] {logging_mixin.py:190} INFO - [2026-05-21T13:00:35.553+0000] {dagbag.py:588} INFO - Filling up the DagBag from /opt/airflow/dags/product_processing.py
[2026-05-21T13:00:36.906+0000] {processor.py:925} INFO - DAG(s) 'product_processing' retrieved from /opt/airflow/dags/product_processing.py
[2026-05-21T13:00:36.937+0000] {logging_mixin.py:190} INFO - [2026-05-21T13:00:36.936+0000] {dag.py:3239} INFO - Sync 1 DAGs
[2026-05-21T13:00:36.971+0000] {logging_mixin.py:190} INFO - [2026-05-21T13:00:36.971+0000] {dag.py:4180} INFO - Setting next_dagrun for product_processing to 2026-05-20 00:00:00+00:00, run_after=2026-05-21 00:00:00+00:00
[2026-05-21T13:00:36.996+0000] {processor.py:208} INFO - Processing /opt/airflow/dags/product_processing.py took 1.509 seconds
[2026-05-21T13:01:07.796+0000] {processor.py:186} INFO - Started process (PID=18429) to work on /opt/airflow/dags/product_processing.py
[2026-05-21T13:01:07.799+0000] {processor.py:914} INFO - Processing file /opt/airflow/dags/product_processing.py for tasks to queue
[2026-05-21T13:01:07.801+0000] {logging_mixin.py:190} INFO - [2026-05-21T13:01:07.800+0000] {dagbag.py:588} INFO - Filling up the DagBag from /opt/airflow/dags/product_processing.py
[2026-05-21T13:01:08.579+0000] {processor.py:925} INFO - DAG(s) 'product_processing' retrieved from /opt/airflow/dags/product_processing.py
[2026-05-21T13:01:08.610+0000] {logging_mixin.py:190} INFO - [2026-05-21T13:01:08.610+0000] {dag.py:3239} INFO - Sync 1 DAGs
[2026-05-21T13:01:08.643+0000] {logging_mixin.py:190} INFO - [2026-05-21T13:01:08.643+0000] {dag.py:4180} INFO - Setting next_dagrun for product_processing to 2026-05-20 00:00:00+00:00, run_after=2026-05-21 00:00:00+00:00
[2026-05-21T13:01:08.670+0000] {processor.py:208} INFO - Processing /opt/airflow/dags/product_processing.py took 0.884 seconds
[2026-05-21T13:01:38.972+0000] {processor.py:186} INFO - Started process (PID=18445) to work on /opt/airflow/dags/product_processing.py
[2026-05-21T13:01:38.972+0000] {processor.py:914} INFO - Processing file /opt/airflow/dags/product_processing.py for tasks to queue
[2026-05-21T13:01:38.973+0000] {logging_mixin.py:190} INFO - [2026-05-21T13:01:38.973+0000] {dagbag.py:588} INFO - Filling up the DagBag from /opt/airflow/dags/product_processing.py
[2026-05-21T13:01:39.576+0000] {processor.py:925} INFO - DAG(s) 'product_processing' retrieved from /opt/airflow/dags/product_processing.py
[2026-05-21T13:01:39.593+0000] {logging_mixin.py:190} INFO - [2026-05-21T13:01:39.593+0000] {dag.py:3239} INFO - Sync 1 DAGs
[2026-05-21T13:01:39.611+0000] {logging_mixin.py:190} INFO - [2026-05-21T13:01:39.611+0000] {dag.py:4180} INFO - Setting next_dagrun for product_processing to 2026-05-20 00:00:00+00:00, run_after=2026-05-21 00:00:00+00:00
[2026-05-21T13:01:39.633+0000] {processor.py:208} INFO - Processing /opt/airflow/dags/product_processing.py took 0.665 seconds
[2026-05-21T13:02:10.706+0000] {processor.py:186} INFO - Started process (PID=18461) to work on /opt/airflow/dags/product_processing.py
[2026-05-21T13:02:10.709+0000] {processor.py:914} INFO - Processing file /opt/airflow/dags/product_processing.py for tasks to queue
[2026-05-21T13:02:10.710+0000] {logging_mixin.py:190} INFO - [2026-05-21T13:02:10.710+0000] {dagbag.py:588} INFO - Filling up the DagBag from /opt/airflow/dags/product_processing.py
[2026-05-21T13:02:11.008+0000] {processor.py:925} INFO - DAG(s) 'product_processing' retrieved from /opt/airflow/dags/product_processing.py
[2026-05-21T13:02:11.022+0000] {logging_mixin.py:190} INFO - [2026-05-21T13:02:11.022+0000] {dag.py:3239} INFO - Sync 1 DAGs
[2026-05-21T13:02:11.037+0000] {logging_mixin.py:190} INFO - [2026-05-21T13:02:11.037+0000] {dag.py:4180} INFO - Setting next_dagrun for product_processing to 2026-05-20 00:00:00+00:00, run_after=2026-05-21 00:00:00+00:00
[2026-05-21T13:02:11.048+0000] {processor.py:208} INFO - Processing /opt/airflow/dags/product_processing.py took 0.348 seconds
[2026-05-21T13:02:41.512+0000] {processor.py:186} INFO - Started process (PID=18476) to work on /opt/airflow/dags/product_processing.py
[2026-05-21T13:02:41.513+0000] {processor.py:914} INFO - Processing file /opt/airflow/dags/product_processing.py for tasks to queue
[2026-05-21T13:02:41.514+0000] {logging_mixin.py:190} INFO - [2026-05-21T13:02:41.514+0000] {dagbag.py:588} INFO - Filling up the DagBag from /opt/airflow/dags/product_processing.py
[2026-05-21T13:02:41.913+0000] {processor.py:925} INFO - DAG(s) 'product_processing' retrieved from /opt/airflow/dags/product_processing.py
[2026-05-21T13:02:41.929+0000] {logging_mixin.py:190} INFO - [2026-05-21T13:02:41.929+0000] {dag.py:3239} INFO - Sync 1 DAGs
[2026-05-21T13:02:41.947+0000] {logging_mixin.py:190} INFO - [2026-05-21T13:02:41.947+0000] {dag.py:4180} INFO - Setting next_dagrun for product_processing to 2026-05-20 00:00:00+00:00, run_after=2026-05-21 00:00:00+00:00
[2026-05-21T13:02:41.968+0000] {processor.py:208} INFO - Processing /opt/airflow/dags/product_processing.py took 0.464 seconds
[2026-05-21T13:03:12.743+0000] {processor.py:186} INFO - Started process (PID=18491) to work on /opt/airflow/dags/product_processing.py
[2026-05-21T13:03:12.744+0000] {processor.py:914} INFO - Processing file /opt/airflow/dags/product_processing.py for tasks to queue
[2026-05-21T13:03:12.745+0000] {logging_mixin.py:190} INFO - [2026-05-21T13:03:12.745+0000] {dagbag.py:588} INFO - Filling up the DagBag from /opt/airflow/dags/product_processing.py
[2026-05-21T13:03:13.099+0000] {processor.py:925} INFO - DAG(s) 'product_processing' retrieved from /opt/airflow/dags/product_processing.py
[2026-05-21T13:03:13.116+0000] {logging_mixin.py:190} INFO - [2026-05-21T13:03:13.116+0000] {dag.py:3239} INFO - Sync 1 DAGs
[2026-05-21T13:03:13.133+0000] {logging_mixin.py:190} INFO - [2026-05-21T13:03:13.133+0000] {dag.py:4180} INFO - Setting next_dagrun for product_processing to 2026-05-20 00:00:00+00:00, run_after=2026-05-21 00:00:00+00:00
[2026-05-21T13:03:13.145+0000] {processor.py:208} INFO - Processing /opt/airflow/dags/product_processing.py took 0.412 seconds
[2026-05-21T13:03:43.934+0000] {processor.py:186} INFO - Started process (PID=18508) to work on /opt/airflow/dags/product_processing.py
[2026-05-21T13:03:43.935+0000] {processor.py:914} INFO - Processing file /opt/airflow/dags/product_processing.py for tasks to queue
[2026-05-21T13:03:43.938+0000] {logging_mixin.py:190} INFO - [2026-05-21T13:03:43.937+0000] {dagbag.py:588} INFO - Filling up the DagBag from /opt/airflow/dags/product_processing.py
[2026-05-21T13:03:44.633+0000] {processor.py:925} INFO - DAG(s) 'product_processing' retrieved from /opt/airflow/dags/product_processing.py
[2026-05-21T13:03:44.649+0000] {logging_mixin.py:190} INFO - [2026-05-21T13:03:44.649+0000] {dag.py:3239} INFO - Sync 1 DAGs
[2026-05-21T13:03:44.666+0000] {logging_mixin.py:190} INFO - [2026-05-21T13:03:44.665+0000] {dag.py:4180} INFO - Setting next_dagrun for product_processing to 2026-05-20 00:00:00+00:00, run_after=2026-05-21 00:00:00+00:00
[2026-05-21T13:03:44.681+0000] {processor.py:208} INFO - Processing /opt/airflow/dags/product_processing.py took 0.756 seconds
[2026-05-21T13:04:15.077+0000] {processor.py:186} INFO - Started process (PID=18523) to work on /opt/airflow/dags/product_processing.py
[2026-05-21T13:04:15.080+0000] {processor.py:914} INFO - Processing file /opt/airflow/dags/product_processing.py for tasks to queue
[2026-05-21T13:04:15.081+0000] {logging_mixin.py:190} INFO - [2026-05-21T13:04:15.081+0000] {dagbag.py:588} INFO - Filling up the DagBag from /opt/airflow/dags/product_processing.py
[2026-05-21T13:04:15.768+0000] {processor.py:925} INFO - DAG(s) 'product_processing' retrieved from /opt/airflow/dags/product_processing.py
[2026-05-21T13:04:15.789+0000] {logging_mixin.py:190} INFO - [2026-05-21T13:04:15.789+0000] {dag.py:3239} INFO - Sync 1 DAGs
[2026-05-21T13:04:15.807+0000] {logging_mixin.py:190} INFO - [2026-05-21T13:04:15.807+0000] {dag.py:4180} INFO - Setting next_dagrun for product_processing to 2026-05-20 00:00:00+00:00, run_after=2026-05-21 00:00:00+00:00
[2026-05-21T13:04:15.823+0000] {processor.py:208} INFO - Processing /opt/airflow/dags/product_processing.py took 0.756 seconds
[2026-05-21T13:04:46.668+0000] {processor.py:186} INFO - Started process (PID=18545) to work on /opt/airflow/dags/product_processing.py
[2026-05-21T13:04:46.671+0000] {processor.py:914} INFO - Processing file /opt/airflow/dags/product_processing.py for tasks to queue
[2026-05-21T13:04:46.672+0000] {logging_mixin.py:190} INFO - [2026-05-21T13:04:46.672+0000] {dagbag.py:588} INFO - Filling up the DagBag from /opt/airflow/dags/product_processing.py
[2026-05-21T13:04:47.010+0000] {processor.py:925} INFO - DAG(s) 'product_processing' retrieved from /opt/airflow/dags/product_processing.py
[2026-05-21T13:04:47.026+0000] {logging_mixin.py:190} INFO - [2026-05-21T13:04:47.025+0000] {dag.py:3239} INFO - Sync 1 DAGs
[2026-05-21T13:04:47.042+0000] {logging_mixin.py:190} INFO - [2026-05-21T13:04:47.042+0000] {dag.py:4180} INFO - Setting next_dagrun for product_processing to 2026-05-20 00:00:00+00:00, run_after=2026-05-21 00:00:00+00:00
[2026-05-21T13:04:47.056+0000] {processor.py:208} INFO - Processing /opt/airflow/dags/product_processing.py took 0.394 seconds
[2026-05-21T13:05:17.878+0000] {processor.py:186} INFO - Started process (PID=18561) to work on /opt/airflow/dags/product_processing.py
[2026-05-21T13:05:17.879+0000] {processor.py:914} INFO - Processing file /opt/airflow/dags/product_processing.py for tasks to queue
[2026-05-21T13:05:17.880+0000] {logging_mixin.py:190} INFO - [2026-05-21T13:05:17.880+0000] {dagbag.py:588} INFO - Filling up the DagBag from /opt/airflow/dags/product_processing.py
[2026-05-21T13:05:18.240+0000] {processor.py:925} INFO - DAG(s) 'product_processing' retrieved from /opt/airflow/dags/product_processing.py
[2026-05-21T13:05:18.258+0000] {logging_mixin.py:190} INFO - [2026-05-21T13:05:18.257+0000] {dag.py:3239} INFO - Sync 1 DAGs
[2026-05-21T13:05:18.274+0000] {logging_mixin.py:190} INFO - [2026-05-21T13:05:18.274+0000] {dag.py:4180} INFO - Setting next_dagrun for product_processing to 2026-05-20 00:00:00+00:00, run_after=2026-05-21 00:00:00+00:00
[2026-05-21T13:05:18.289+0000] {processor.py:208} INFO - Processing /opt/airflow/dags/product_processing.py took 0.415 seconds
[2026-05-21T13:05:49.083+0000] {processor.py:186} INFO - Started process (PID=18577) to work on /opt/airflow/dags/product_processing.py
[2026-05-21T13:05:49.084+0000] {processor.py:914} INFO - Processing file /opt/airflow/dags/product_processing.py for tasks to queue
[2026-05-21T13:05:49.085+0000] {logging_mixin.py:190} INFO - [2026-05-21T13:05:49.085+0000] {dagbag.py:588} INFO - Filling up the DagBag from /opt/airflow/dags/product_processing.py
[2026-05-21T13:05:49.468+0000] {processor.py:925} INFO - DAG(s) 'product_processing' retrieved from /opt/airflow/dags/product_processing.py
[2026-05-21T13:05:49.491+0000] {logging_mixin.py:190} INFO - [2026-05-21T13:05:49.491+0000] {dag.py:3239} INFO - Sync 1 DAGs
[2026-05-21T13:05:49.507+0000] {logging_mixin.py:190} INFO - [2026-05-21T13:05:49.507+0000] {dag.py:4180} INFO - Setting next_dagrun for product_processing to 2026-05-20 00:00:00+00:00, run_after=2026-05-21 00:00:00+00:00
[2026-05-21T13:05:49.522+0000] {processor.py:208} INFO - Processing /opt/airflow/dags/product_processing.py took 0.445 seconds
[2026-05-21T13:06:19.998+0000] {processor.py:186} INFO - Started process (PID=18593) to work on /opt/airflow/dags/product_processing.py
[2026-05-21T13:06:19.999+0000] {processor.py:914} INFO - Processing file /opt/airflow/dags/product_processing.py for tasks to queue
[2026-05-21T13:06:20.000+0000] {logging_mixin.py:190} INFO - [2026-05-21T13:06:20.000+0000] {dagbag.py:588} INFO - Filling up the DagBag from /opt/airflow/dags/product_processing.py
[2026-05-21T13:06:20.316+0000] {processor.py:925} INFO - DAG(s) 'product_processing' retrieved from /opt/airflow/dags/product_processing.py
[2026-05-21T13:06:20.331+0000] {logging_mixin.py:190} INFO - [2026-05-21T13:06:20.331+0000] {dag.py:3239} INFO - Sync 1 DAGs
[2026-05-21T13:06:20.346+0000] {logging_mixin.py:190} INFO - [2026-05-21T13:06:20.346+0000] {dag.py:4180} INFO - Setting next_dagrun for product_processing to 2026-05-20 00:00:00+00:00, run_after=2026-05-21 00:00:00+00:00
[2026-05-21T13:06:20.357+0000] {processor.py:208} INFO - Processing /opt/airflow/dags/product_processing.py took 0.365 seconds
[2026-05-21T13:06:51.211+0000] {processor.py:186} INFO - Started process (PID=18611) to work on /opt/airflow/dags/product_processing.py
[2026-05-21T13:06:51.212+0000] {processor.py:914} INFO - Processing file /opt/airflow/dags/product_processing.py for tasks to queue
[2026-05-21T13:06:51.213+0000] {logging_mixin.py:190} INFO - [2026-05-21T13:06:51.213+0000] {dagbag.py:588} INFO - Filling up the DagBag from /opt/airflow/dags/product_processing.py
[2026-05-21T13:06:51.703+0000] {processor.py:925} INFO - DAG(s) 'product_processing' retrieved from /opt/airflow/dags/product_processing.py
[2026-05-21T13:06:51.721+0000] {logging_mixin.py:190} INFO - [2026-05-21T13:06:51.720+0000] {dag.py:3239} INFO - Sync 1 DAGs
[2026-05-21T13:06:51.738+0000] {logging_mixin.py:190} INFO - [2026-05-21T13:06:51.738+0000] {dag.py:4180} INFO - Setting next_dagrun for product_processing to 2026-05-20 00:00:00+00:00, run_after=2026-05-21 00:00:00+00:00
[2026-05-21T13:06:51.754+0000] {processor.py:208} INFO - Processing /opt/airflow/dags/product_processing.py took 0.549 seconds
[2026-05-21T13:07:21.855+0000] {processor.py:186} INFO - Started process (PID=18628) to work on /opt/airflow/dags/product_processing.py
[2026-05-21T13:07:21.856+0000] {processor.py:914} INFO - Processing file /opt/airflow/dags/product_processing.py for tasks to queue
[2026-05-21T13:07:21.858+0000] {logging_mixin.py:190} INFO - [2026-05-21T13:07:21.858+0000] {dagbag.py:588} INFO - Filling up the DagBag from /opt/airflow/dags/product_processing.py
[2026-05-21T13:07:22.209+0000] {processor.py:925} INFO - DAG(s) 'product_processing' retrieved from /opt/airflow/dags/product_processing.py
[2026-05-21T13:07:22.224+0000] {logging_mixin.py:190} INFO - [2026-05-21T13:07:22.224+0000] {dag.py:3239} INFO - Sync 1 DAGs
[2026-05-21T13:07:22.241+0000] {logging_mixin.py:190} INFO - [2026-05-21T13:07:22.241+0000] {dag.py:4180} INFO - Setting next_dagrun for product_processing to 2026-05-20 00:00:00+00:00, run_after=2026-05-21 00:00:00+00:00
[2026-05-21T13:07:22.253+0000] {processor.py:208} INFO - Processing /opt/airflow/dags/product_processing.py took 0.406 seconds
[2026-05-21T13:07:52.673+0000] {processor.py:186} INFO - Started process (PID=18643) to work on /opt/airflow/dags/product_processing.py
[2026-05-21T13:07:52.677+0000] {processor.py:914} INFO - Processing file /opt/airflow/dags/product_processing.py for tasks to queue
[2026-05-21T13:07:52.680+0000] {logging_mixin.py:190} INFO - [2026-05-21T13:07:52.679+0000] {dagbag.py:588} INFO - Filling up the DagBag from /opt/airflow/dags/product_processing.py
[2026-05-21T13:07:53.100+0000] {processor.py:925} INFO - DAG(s) 'product_processing' retrieved from /opt/airflow/dags/product_processing.py
[2026-05-21T13:07:53.116+0000] {logging_mixin.py:190} INFO - [2026-05-21T13:07:53.115+0000] {dag.py:3239} INFO - Sync 1 DAGs
[2026-05-21T13:07:53.131+0000] {logging_mixin.py:190} INFO - [2026-05-21T13:07:53.131+0000] {dag.py:4180} INFO - Setting next_dagrun for product_processing to 2026-05-20 00:00:00+00:00, run_after=2026-05-21 00:00:00+00:00
[2026-05-21T13:07:53.144+0000] {processor.py:208} INFO - Processing /opt/airflow/dags/product_processing.py took 0.484 seconds
[2026-05-21T13:08:23.187+0000] {processor.py:186} INFO - Started process (PID=18660) to work on /opt/airflow/dags/product_processing.py
[2026-05-21T13:08:23.188+0000] {processor.py:914} INFO - Processing file /opt/airflow/dags/product_processing.py for tasks to queue
[2026-05-21T13:08:23.189+0000] {logging_mixin.py:190} INFO - [2026-05-21T13:08:23.188+0000] {dagbag.py:588} INFO - Filling up the DagBag from /opt/airflow/dags/product_processing.py
[2026-05-21T13:08:23.528+0000] {processor.py:925} INFO - DAG(s) 'product_processing' retrieved from /opt/airflow/dags/product_processing.py
[2026-05-21T13:08:23.543+0000] {logging_mixin.py:190} INFO - [2026-05-21T13:08:23.543+0000] {dag.py:3239} INFO - Sync 1 DAGs
[2026-05-21T13:08:23.559+0000] {logging_mixin.py:190} INFO - [2026-05-21T13:08:23.559+0000] {dag.py:4180} INFO - Setting next_dagrun for product_processing to 2026-05-20 00:00:00+00:00, run_after=2026-05-21 00:00:00+00:00
[2026-05-21T13:08:23.571+0000] {processor.py:208} INFO - Processing /opt/airflow/dags/product_processing.py took 0.389 seconds
[2026-05-21T13:08:54.497+0000] {processor.py:186} INFO - Started process (PID=18676) to work on /opt/airflow/dags/product_processing.py
[2026-05-21T13:08:54.499+0000] {processor.py:914} INFO - Processing file /opt/airflow/dags/product_processing.py for tasks to queue
[2026-05-21T13:08:54.502+0000] {logging_mixin.py:190} INFO - [2026-05-21T13:08:54.501+0000] {dagbag.py:588} INFO - Filling up the DagBag from /opt/airflow/dags/product_processing.py
[2026-05-21T13:08:54.916+0000] {processor.py:925} INFO - DAG(s) 'product_processing' retrieved from /opt/airflow/dags/product_processing.py
[2026-05-21T13:08:54.932+0000] {logging_mixin.py:190} INFO - [2026-05-21T13:08:54.932+0000] {dag.py:3239} INFO - Sync 1 DAGs
[2026-05-21T13:08:54.949+0000] {logging_mixin.py:190} INFO - [2026-05-21T13:08:54.948+0000] {dag.py:4180} INFO - Setting next_dagrun for product_processing to 2026-05-20 00:00:00+00:00, run_after=2026-05-21 00:00:00+00:00
[2026-05-21T13:08:54.961+0000] {processor.py:208} INFO - Processing /opt/airflow/dags/product_processing.py took 0.469 seconds
[2026-05-21T13:09:24.999+0000] {processor.py:186} INFO - Started process (PID=18692) to work on /opt/airflow/dags/product_processing.py
[2026-05-21T13:09:25.000+0000] {processor.py:914} INFO - Processing file /opt/airflow/dags/product_processing.py for tasks to queue
[2026-05-21T13:09:25.001+0000] {logging_mixin.py:190} INFO - [2026-05-21T13:09:25.001+0000] {dagbag.py:588} INFO - Filling up the DagBag from /opt/airflow/dags/product_processing.py
[2026-05-21T13:09:25.345+0000] {processor.py:925} INFO - DAG(s) 'product_processing' retrieved from /opt/airflow/dags/product_processing.py
[2026-05-21T13:09:25.362+0000] {logging_mixin.py:190} INFO - [2026-05-21T13:09:25.361+0000] {dag.py:3239} INFO - Sync 1 DAGs
[2026-05-21T13:09:25.384+0000] {logging_mixin.py:190} INFO - [2026-05-21T13:09:25.384+0000] {dag.py:4180} INFO - Setting next_dagrun for product_processing to 2026-05-20 00:00:00+00:00, run_after=2026-05-21 00:00:00+00:00
[2026-05-21T13:09:25.397+0000] {processor.py:208} INFO - Processing /opt/airflow/dags/product_processing.py took 0.402 seconds
[2026-05-21T13:09:56.274+0000] {processor.py:186} INFO - Started process (PID=18707) to work on /opt/airflow/dags/product_processing.py
[2026-05-21T13:09:56.275+0000] {processor.py:914} INFO - Processing file /opt/airflow/dags/product_processing.py for tasks to queue
[2026-05-21T13:09:56.277+0000] {logging_mixin.py:190} INFO - [2026-05-21T13:09:56.276+0000] {dagbag.py:588} INFO - Filling up the DagBag from /opt/airflow/dags/product_processing.py
[2026-05-21T13:09:56.609+0000] {processor.py:925} INFO - DAG(s) 'product_processing' retrieved from /opt/airflow/dags/product_processing.py
[2026-05-21T13:09:56.623+0000] {logging_mixin.py:190} INFO - [2026-05-21T13:09:56.623+0000] {dag.py:3239} INFO - Sync 1 DAGs
[2026-05-21T13:09:56.639+0000] {logging_mixin.py:190} INFO - [2026-05-21T13:09:56.639+0000] {dag.py:4180} INFO - Setting next_dagrun for product_processing to 2026-05-20 00:00:00+00:00, run_after=2026-05-21 00:00:00+00:00
[2026-05-21T13:09:56.652+0000] {processor.py:208} INFO - Processing /opt/airflow/dags/product_processing.py took 0.386 seconds
[2026-05-21T13:10:27.516+0000] {processor.py:186} INFO - Started process (PID=18722) to work on /opt/airflow/dags/product_processing.py
[2026-05-21T13:10:27.517+0000] {processor.py:914} INFO - Processing file /opt/airflow/dags/product_processing.py for tasks to queue
[2026-05-21T13:10:27.518+0000] {logging_mixin.py:190} INFO - [2026-05-21T13:10:27.517+0000] {dagbag.py:588} INFO - Filling up the DagBag from /opt/airflow/dags/product_processing.py
[2026-05-21T13:10:27.841+0000] {processor.py:925} INFO - DAG(s) 'product_processing' retrieved from /opt/airflow/dags/product_processing.py
[2026-05-21T13:10:27.862+0000] {logging_mixin.py:190} INFO - [2026-05-21T13:10:27.861+0000] {dag.py:3239} INFO - Sync 1 DAGs
[2026-05-21T13:10:27.879+0000] {logging_mixin.py:190} INFO - [2026-05-21T13:10:27.879+0000] {dag.py:4180} INFO - Setting next_dagrun for product_processing to 2026-05-20 00:00:00+00:00, run_after=2026-05-21 00:00:00+00:00
[2026-05-21T13:10:27.902+0000] {processor.py:208} INFO - Processing /opt/airflow/dags/product_processing.py took 0.395 seconds
[2026-05-21T13:10:58.633+0000] {processor.py:186} INFO - Started process (PID=18737) to work on /opt/airflow/dags/product_processing.py
[2026-05-21T13:10:58.634+0000] {processor.py:914} INFO - Processing file /opt/airflow/dags/product_processing.py for tasks to queue
[2026-05-21T13:10:58.636+0000] {logging_mixin.py:190} INFO - [2026-05-21T13:10:58.636+0000] {dagbag.py:588} INFO - Filling up the DagBag from /opt/airflow/dags/product_processing.py
[2026-05-21T13:10:59.551+0000] {processor.py:925} INFO - DAG(s) 'product_processing' retrieved from /opt/airflow/dags/product_processing.py
[2026-05-21T13:10:59.567+0000] {logging_mixin.py:190} INFO - [2026-05-21T13:10:59.567+0000] {dag.py:3239} INFO - Sync 1 DAGs
[2026-05-21T13:10:59.584+0000] {logging_mixin.py:190} INFO - [2026-05-21T13:10:59.584+0000] {dag.py:4180} INFO - Setting next_dagrun for product_processing to 2026-05-20 00:00:00+00:00, run_after=2026-05-21 00:00:00+00:00
[2026-05-21T13:10:59.598+0000] {processor.py:208} INFO - Processing /opt/airflow/dags/product_processing.py took 0.970 seconds
[2026-05-21T13:11:29.942+0000] {processor.py:186} INFO - Started process (PID=18754) to work on /opt/airflow/dags/product_processing.py
[2026-05-21T13:11:29.944+0000] {processor.py:914} INFO - Processing file /opt/airflow/dags/product_processing.py for tasks to queue
[2026-05-21T13:11:29.945+0000] {logging_mixin.py:190} INFO - [2026-05-21T13:11:29.944+0000] {dagbag.py:588} INFO - Filling up the DagBag from /opt/airflow/dags/product_processing.py
[2026-05-21T13:11:30.606+0000] {processor.py:925} INFO - DAG(s) 'product_processing' retrieved from /opt/airflow/dags/product_processing.py
[2026-05-21T13:11:30.688+0000] {logging_mixin.py:190} INFO - [2026-05-21T13:11:30.688+0000] {dag.py:3239} INFO - Sync 1 DAGs
[2026-05-21T13:11:30.733+0000] {logging_mixin.py:190} INFO - [2026-05-21T13:11:30.732+0000] {dag.py:4180} INFO - Setting next_dagrun for product_processing to 2026-05-20 00:00:00+00:00, run_after=2026-05-21 00:00:00+00:00
[2026-05-21T13:11:30.757+0000] {processor.py:208} INFO - Processing /opt/airflow/dags/product_processing.py took 0.819 seconds
[2026-05-21T13:12:01.305+0000] {processor.py:186} INFO - Started process (PID=18770) to work on /opt/airflow/dags/product_processing.py
[2026-05-21T13:12:01.306+0000] {processor.py:914} INFO - Processing file /opt/airflow/dags/product_processing.py for tasks to queue
[2026-05-21T13:12:01.307+0000] {logging_mixin.py:190} INFO - [2026-05-21T13:12:01.306+0000] {dagbag.py:588} INFO - Filling up the DagBag from /opt/airflow/dags/product_processing.py
[2026-05-21T13:12:01.767+0000] {processor.py:925} INFO - DAG(s) 'product_processing' retrieved from /opt/airflow/dags/product_processing.py
[2026-05-21T13:12:01.792+0000] {logging_mixin.py:190} INFO - [2026-05-21T13:12:01.792+0000] {dag.py:3239} INFO - Sync 1 DAGs
[2026-05-21T13:12:01.814+0000] {logging_mixin.py:190} INFO - [2026-05-21T13:12:01.814+0000] {dag.py:4180} INFO - Setting next_dagrun for product_processing to 2026-05-20 00:00:00+00:00, run_after=2026-05-21 00:00:00+00:00
[2026-05-21T13:12:01.833+0000] {processor.py:208} INFO - Processing /opt/airflow/dags/product_processing.py took 0.533 seconds
[2026-05-21T13:12:32.409+0000] {processor.py:186} INFO - Started process (PID=18785) to work on /opt/airflow/dags/product_processing.py
[2026-05-21T13:12:32.412+0000] {processor.py:914} INFO - Processing file /opt/airflow/dags/product_processing.py for tasks to queue
[2026-05-21T13:12:32.414+0000] {logging_mixin.py:190} INFO - [2026-05-21T13:12:32.413+0000] {dagbag.py:588} INFO - Filling up the DagBag from /opt/airflow/dags/product_processing.py
[2026-05-21T13:12:33.226+0000] {processor.py:925} INFO - DAG(s) 'product_processing' retrieved from /opt/airflow/dags/product_processing.py
[2026-05-21T13:12:33.274+0000] {logging_mixin.py:190} INFO - [2026-05-21T13:12:33.273+0000] {dag.py:3239} INFO - Sync 1 DAGs
[2026-05-21T13:12:33.303+0000] {logging_mixin.py:190} INFO - [2026-05-21T13:12:33.303+0000] {dag.py:4180} INFO - Setting next_dagrun for product_processing to 2026-05-20 00:00:00+00:00, run_after=2026-05-21 00:00:00+00:00
[2026-05-21T13:12:33.332+0000] {processor.py:208} INFO - Processing /opt/airflow/dags/product_processing.py took 0.936 seconds
[2026-05-21T13:13:03.786+0000] {processor.py:186} INFO - Started process (PID=18800) to work on /opt/airflow/dags/product_processing.py
[2026-05-21T13:13:03.789+0000] {processor.py:914} INFO - Processing file /opt/airflow/dags/product_processing.py for tasks to queue
[2026-05-21T13:13:03.792+0000] {logging_mixin.py:190} INFO - [2026-05-21T13:13:03.791+0000] {dagbag.py:588} INFO - Filling up the DagBag from /opt/airflow/dags/product_processing.py
[2026-05-21T13:13:05.726+0000] {processor.py:925} INFO - DAG(s) 'product_processing' retrieved from /opt/airflow/dags/product_processing.py
[2026-05-21T13:13:05.809+0000] {logging_mixin.py:190} INFO - [2026-05-21T13:13:05.809+0000] {dag.py:3239} INFO - Sync 1 DAGs
[2026-05-21T13:13:05.904+0000] {logging_mixin.py:190} INFO - [2026-05-21T13:13:05.897+0000] {dag.py:4180} INFO - Setting next_dagrun for product_processing to 2026-05-20 00:00:00+00:00, run_after=2026-05-21 00:00:00+00:00
[2026-05-21T13:13:05.959+0000] {processor.py:208} INFO - Processing /opt/airflow/dags/product_processing.py took 2.196 seconds
[2026-05-21T13:13:36.276+0000] {processor.py:186} INFO - Started process (PID=18816) to work on /opt/airflow/dags/product_processing.py
[2026-05-21T13:13:36.278+0000] {processor.py:914} INFO - Processing file /opt/airflow/dags/product_processing.py for tasks to queue
[2026-05-21T13:13:36.279+0000] {logging_mixin.py:190} INFO - [2026-05-21T13:13:36.279+0000] {dagbag.py:588} INFO - Filling up the DagBag from /opt/airflow/dags/product_processing.py
[2026-05-21T13:13:36.579+0000] {processor.py:925} INFO - DAG(s) 'product_processing' retrieved from /opt/airflow/dags/product_processing.py
[2026-05-21T13:13:36.596+0000] {logging_mixin.py:190} INFO - [2026-05-21T13:13:36.595+0000] {dag.py:3239} INFO - Sync 1 DAGs
[2026-05-21T13:13:36.611+0000] {logging_mixin.py:190} INFO - [2026-05-21T13:13:36.611+0000] {dag.py:4180} INFO - Setting next_dagrun for product_processing to 2026-05-20 00:00:00+00:00, run_after=2026-05-21 00:00:00+00:00
[2026-05-21T13:13:36.622+0000] {processor.py:208} INFO - Processing /opt/airflow/dags/product_processing.py took 0.350 seconds
[2026-05-21T13:14:07.538+0000] {processor.py:186} INFO - Started process (PID=18832) to work on /opt/airflow/dags/product_processing.py
[2026-05-21T13:14:07.541+0000] {processor.py:914} INFO - Processing file /opt/airflow/dags/product_processing.py for tasks to queue
[2026-05-21T13:14:07.542+0000] {logging_mixin.py:190} INFO - [2026-05-21T13:14:07.542+0000] {dagbag.py:588} INFO - Filling up the DagBag from /opt/airflow/dags/product_processing.py
[2026-05-21T13:14:07.904+0000] {processor.py:925} INFO - DAG(s) 'product_processing' retrieved from /opt/airflow/dags/product_processing.py
[2026-05-21T13:14:07.932+0000] {logging_mixin.py:190} INFO - [2026-05-21T13:14:07.932+0000] {dag.py:3239} INFO - Sync 1 DAGs
[2026-05-21T13:14:07.951+0000] {logging_mixin.py:190} INFO - [2026-05-21T13:14:07.951+0000] {dag.py:4180} INFO - Setting next_dagrun for product_processing to 2026-05-20 00:00:00+00:00, run_after=2026-05-21 00:00:00+00:00
[2026-05-21T13:14:07.969+0000] {processor.py:208} INFO - Processing /opt/airflow/dags/product_processing.py took 0.438 seconds
[2026-05-21T13:14:38.781+0000] {processor.py:186} INFO - Started process (PID=18848) to work on /opt/airflow/dags/product_processing.py
[2026-05-21T13:14:38.783+0000] {processor.py:914} INFO - Processing file /opt/airflow/dags/product_processing.py for tasks to queue
[2026-05-21T13:14:38.784+0000] {logging_mixin.py:190} INFO - [2026-05-21T13:14:38.783+0000] {dagbag.py:588} INFO - Filling up the DagBag from /opt/airflow/dags/product_processing.py
[2026-05-21T13:14:39.128+0000] {processor.py:925} INFO - DAG(s) 'product_processing' retrieved from /opt/airflow/dags/product_processing.py
[2026-05-21T13:14:39.145+0000] {logging_mixin.py:190} INFO - [2026-05-21T13:14:39.144+0000] {dag.py:3239} INFO - Sync 1 DAGs
[2026-05-21T13:14:39.161+0000] {logging_mixin.py:190} INFO - [2026-05-21T13:14:39.161+0000] {dag.py:4180} INFO - Setting next_dagrun for product_processing to 2026-05-20 00:00:00+00:00, run_after=2026-05-21 00:00:00+00:00
[2026-05-21T13:14:39.174+0000] {processor.py:208} INFO - Processing /opt/airflow/dags/product_processing.py took 0.397 seconds
[2026-05-21T13:15:09.428+0000] {processor.py:186} INFO - Started process (PID=18865) to work on /opt/airflow/dags/product_processing.py
[2026-05-21T13:15:09.429+0000] {processor.py:914} INFO - Processing file /opt/airflow/dags/product_processing.py for tasks to queue
[2026-05-21T13:15:09.430+0000] {logging_mixin.py:190} INFO - [2026-05-21T13:15:09.430+0000] {dagbag.py:588} INFO - Filling up the DagBag from /opt/airflow/dags/product_processing.py
[2026-05-21T13:15:09.862+0000] {processor.py:925} INFO - DAG(s) 'product_processing' retrieved from /opt/airflow/dags/product_processing.py
[2026-05-21T13:15:09.881+0000] {logging_mixin.py:190} INFO - [2026-05-21T13:15:09.881+0000] {dag.py:3239} INFO - Sync 1 DAGs
[2026-05-21T13:15:09.897+0000] {logging_mixin.py:190} INFO - [2026-05-21T13:15:09.897+0000] {dag.py:4180} INFO - Setting next_dagrun for product_processing to 2026-05-20 00:00:00+00:00, run_after=2026-05-21 00:00:00+00:00
[2026-05-21T13:15:09.917+0000] {processor.py:208} INFO - Processing /opt/airflow/dags/product_processing.py took 0.503 seconds
[2026-05-21T13:15:40.022+0000] {processor.py:186} INFO - Started process (PID=18881) to work on /opt/airflow/dags/product_processing.py
[2026-05-21T13:15:40.024+0000] {processor.py:914} INFO - Processing file /opt/airflow/dags/product_processing.py for tasks to queue
[2026-05-21T13:15:40.025+0000] {logging_mixin.py:190} INFO - [2026-05-21T13:15:40.025+0000] {dagbag.py:588} INFO - Filling up the DagBag from /opt/airflow/dags/product_processing.py
[2026-05-21T13:15:40.642+0000] {processor.py:925} INFO - DAG(s) 'product_processing' retrieved from /opt/airflow/dags/product_processing.py
[2026-05-21T13:15:40.659+0000] {logging_mixin.py:190} INFO - [2026-05-21T13:15:40.659+0000] {dag.py:3239} INFO - Sync 1 DAGs
[2026-05-21T13:15:40.677+0000] {logging_mixin.py:190} INFO - [2026-05-21T13:15:40.676+0000] {dag.py:4180} INFO - Setting next_dagrun for product_processing to 2026-05-20 00:00:00+00:00, run_after=2026-05-21 00:00:00+00:00
[2026-05-21T13:15:40.691+0000] {processor.py:208} INFO - Processing /opt/airflow/dags/product_processing.py took 0.676 seconds
[2026-05-21T13:16:11.535+0000] {processor.py:186} INFO - Started process (PID=18897) to work on /opt/airflow/dags/product_processing.py
[2026-05-21T13:16:11.536+0000] {processor.py:914} INFO - Processing file /opt/airflow/dags/product_processing.py for tasks to queue
[2026-05-21T13:16:11.537+0000] {logging_mixin.py:190} INFO - [2026-05-21T13:16:11.537+0000] {dagbag.py:588} INFO - Filling up the DagBag from /opt/airflow/dags/product_processing.py
[2026-05-21T13:16:11.862+0000] {processor.py:925} INFO - DAG(s) 'product_processing' retrieved from /opt/airflow/dags/product_processing.py
[2026-05-21T13:16:11.877+0000] {logging_mixin.py:190} INFO - [2026-05-21T13:16:11.876+0000] {dag.py:3239} INFO - Sync 1 DAGs
[2026-05-21T13:16:11.892+0000] {logging_mixin.py:190} INFO - [2026-05-21T13:16:11.892+0000] {dag.py:4180} INFO - Setting next_dagrun for product_processing to 2026-05-20 00:00:00+00:00, run_after=2026-05-21 00:00:00+00:00
[2026-05-21T13:16:11.906+0000] {processor.py:208} INFO - Processing /opt/airflow/dags/product_processing.py took 0.375 seconds
[2026-05-21T13:16:42.254+0000] {processor.py:186} INFO - Started process (PID=18913) to work on /opt/airflow/dags/product_processing.py
[2026-05-21T13:16:42.255+0000] {processor.py:914} INFO - Processing file /opt/airflow/dags/product_processing.py for tasks to queue
[2026-05-21T13:16:42.256+0000] {logging_mixin.py:190} INFO - [2026-05-21T13:16:42.255+0000] {dagbag.py:588} INFO - Filling up the DagBag from /opt/airflow/dags/product_processing.py
[2026-05-21T13:16:42.614+0000] {processor.py:925} INFO - DAG(s) 'product_processing' retrieved from /opt/airflow/dags/product_processing.py
[2026-05-21T13:16:42.633+0000] {logging_mixin.py:190} INFO - [2026-05-21T13:16:42.632+0000] {dag.py:3239} INFO - Sync 1 DAGs
[2026-05-21T13:16:42.648+0000] {logging_mixin.py:190} INFO - [2026-05-21T13:16:42.648+0000] {dag.py:4180} INFO - Setting next_dagrun for product_processing to 2026-05-20 00:00:00+00:00, run_after=2026-05-21 00:00:00+00:00
[2026-05-21T13:16:42.668+0000] {processor.py:208} INFO - Processing /opt/airflow/dags/product_processing.py took 0.419 seconds
[2026-05-21T13:17:12.861+0000] {processor.py:186} INFO - Started process (PID=18930) to work on /opt/airflow/dags/product_processing.py
[2026-05-21T13:17:12.862+0000] {processor.py:914} INFO - Processing file /opt/airflow/dags/product_processing.py for tasks to queue
[2026-05-21T13:17:12.863+0000] {logging_mixin.py:190} INFO - [2026-05-21T13:17:12.863+0000] {dagbag.py:588} INFO - Filling up the DagBag from /opt/airflow/dags/product_processing.py
[2026-05-21T13:17:13.212+0000] {processor.py:925} INFO - DAG(s) 'product_processing' retrieved from /opt/airflow/dags/product_processing.py
[2026-05-21T13:17:13.230+0000] {logging_mixin.py:190} INFO - [2026-05-21T13:17:13.230+0000] {dag.py:3239} INFO - Sync 1 DAGs
[2026-05-21T13:17:13.248+0000] {logging_mixin.py:190} INFO - [2026-05-21T13:17:13.248+0000] {dag.py:4180} INFO - Setting next_dagrun for product_processing to 2026-05-20 00:00:00+00:00, run_after=2026-05-21 00:00:00+00:00
[2026-05-21T13:17:13.264+0000] {processor.py:208} INFO - Processing /opt/airflow/dags/product_processing.py took 0.408 seconds
[2026-05-21T13:17:43.397+0000] {processor.py:186} INFO - Started process (PID=18946) to work on /opt/airflow/dags/product_processing.py
[2026-05-21T13:17:43.397+0000] {processor.py:914} INFO - Processing file /opt/airflow/dags/product_processing.py for tasks to queue
[2026-05-21T13:17:43.398+0000] {logging_mixin.py:190} INFO - [2026-05-21T13:17:43.398+0000] {dagbag.py:588} INFO - Filling up the DagBag from /opt/airflow/dags/product_processing.py
[2026-05-21T13:17:43.726+0000] {processor.py:925} INFO - DAG(s) 'product_processing' retrieved from /opt/airflow/dags/product_processing.py
[2026-05-21T13:17:43.743+0000] {logging_mixin.py:190} INFO - [2026-05-21T13:17:43.742+0000] {dag.py:3239} INFO - Sync 1 DAGs
[2026-05-21T13:17:43.765+0000] {logging_mixin.py:190} INFO - [2026-05-21T13:17:43.764+0000] {dag.py:4180} INFO - Setting next_dagrun for product_processing to 2026-05-20 00:00:00+00:00, run_after=2026-05-21 00:00:00+00:00
[2026-05-21T13:17:43.785+0000] {processor.py:208} INFO - Processing /opt/airflow/dags/product_processing.py took 0.393 seconds
[2026-05-21T13:18:13.912+0000] {processor.py:186} INFO - Started process (PID=18962) to work on /opt/airflow/dags/product_processing.py
[2026-05-21T13:18:13.915+0000] {processor.py:914} INFO - Processing file /opt/airflow/dags/product_processing.py for tasks to queue
[2026-05-21T13:18:13.916+0000] {logging_mixin.py:190} INFO - [2026-05-21T13:18:13.916+0000] {dagbag.py:588} INFO - Filling up the DagBag from /opt/airflow/dags/product_processing.py
[2026-05-21T13:18:14.250+0000] {processor.py:925} INFO - DAG(s) 'product_processing' retrieved from /opt/airflow/dags/product_processing.py
[2026-05-21T13:18:14.266+0000] {logging_mixin.py:190} INFO - [2026-05-21T13:18:14.266+0000] {dag.py:3239} INFO - Sync 1 DAGs
[2026-05-21T13:18:14.282+0000] {logging_mixin.py:190} INFO - [2026-05-21T13:18:14.282+0000] {dag.py:4180} INFO - Setting next_dagrun for product_processing to 2026-05-20 00:00:00+00:00, run_after=2026-05-21 00:00:00+00:00
[2026-05-21T13:18:14.298+0000] {processor.py:208} INFO - Processing /opt/airflow/dags/product_processing.py took 0.394 seconds
[2026-05-21T13:18:45.071+0000] {processor.py:186} INFO - Started process (PID=18977) to work on /opt/airflow/dags/product_processing.py
[2026-05-21T13:18:45.072+0000] {processor.py:914} INFO - Processing file /opt/airflow/dags/product_processing.py for tasks to queue
[2026-05-21T13:18:45.073+0000] {logging_mixin.py:190} INFO - [2026-05-21T13:18:45.073+0000] {dagbag.py:588} INFO - Filling up the DagBag from /opt/airflow/dags/product_processing.py
[2026-05-21T13:18:45.410+0000] {processor.py:925} INFO - DAG(s) 'product_processing' retrieved from /opt/airflow/dags/product_processing.py
[2026-05-21T13:18:45.426+0000] {logging_mixin.py:190} INFO - [2026-05-21T13:18:45.426+0000] {dag.py:3239} INFO - Sync 1 DAGs
[2026-05-21T13:18:45.444+0000] {logging_mixin.py:190} INFO - [2026-05-21T13:18:45.443+0000] {dag.py:4180} INFO - Setting next_dagrun for product_processing to 2026-05-20 00:00:00+00:00, run_after=2026-05-21 00:00:00+00:00
[2026-05-21T13:18:45.460+0000] {processor.py:208} INFO - Processing /opt/airflow/dags/product_processing.py took 0.393 seconds
[2026-05-21T13:19:15.801+0000] {processor.py:186} INFO - Started process (PID=18993) to work on /opt/airflow/dags/product_processing.py
[2026-05-21T13:19:15.803+0000] {processor.py:914} INFO - Processing file /opt/airflow/dags/product_processing.py for tasks to queue
[2026-05-21T13:19:15.805+0000] {logging_mixin.py:190} INFO - [2026-05-21T13:19:15.804+0000] {dagbag.py:588} INFO - Filling up the DagBag from /opt/airflow/dags/product_processing.py
[2026-05-21T13:19:16.255+0000] {processor.py:925} INFO - DAG(s) 'product_processing' retrieved from /opt/airflow/dags/product_processing.py
[2026-05-21T13:19:16.271+0000] {logging_mixin.py:190} INFO - [2026-05-21T13:19:16.271+0000] {dag.py:3239} INFO - Sync 1 DAGs
[2026-05-21T13:19:16.288+0000] {logging_mixin.py:190} INFO - [2026-05-21T13:19:16.288+0000] {dag.py:4180} INFO - Setting next_dagrun for product_processing to 2026-05-20 00:00:00+00:00, run_after=2026-05-21 00:00:00+00:00
[2026-05-21T13:19:16.303+0000] {processor.py:208} INFO - Processing /opt/airflow/dags/product_processing.py took 0.507 seconds
[2026-05-21T13:19:46.971+0000] {processor.py:186} INFO - Started process (PID=19009) to work on /opt/airflow/dags/product_processing.py
[2026-05-21T13:19:46.973+0000] {processor.py:914} INFO - Processing file /opt/airflow/dags/product_processing.py for tasks to queue
[2026-05-21T13:19:46.974+0000] {logging_mixin.py:190} INFO - [2026-05-21T13:19:46.974+0000] {dagbag.py:588} INFO - Filling up the DagBag from /opt/airflow/dags/product_processing.py
[2026-05-21T13:19:48.251+0000] {processor.py:925} INFO - DAG(s) 'product_processing' retrieved from /opt/airflow/dags/product_processing.py
[2026-05-21T13:19:48.269+0000] {logging_mixin.py:190} INFO - [2026-05-21T13:19:48.269+0000] {dag.py:3239} INFO - Sync 1 DAGs
[2026-05-21T13:19:48.289+0000] {logging_mixin.py:190} INFO - [2026-05-21T13:19:48.289+0000] {dag.py:4180} INFO - Setting next_dagrun for product_processing to 2026-05-20 00:00:00+00:00, run_after=2026-05-21 00:00:00+00:00
[2026-05-21T13:19:48.313+0000] {processor.py:208} INFO - Processing /opt/airflow/dags/product_processing.py took 1.372 seconds
[2026-05-21T13:20:18.367+0000] {processor.py:186} INFO - Started process (PID=19030) to work on /opt/airflow/dags/product_processing.py
[2026-05-21T13:20:18.367+0000] {processor.py:914} INFO - Processing file /opt/airflow/dags/product_processing.py for tasks to queue
[2026-05-21T13:20:18.368+0000] {logging_mixin.py:190} INFO - [2026-05-21T13:20:18.368+0000] {dagbag.py:588} INFO - Filling up the DagBag from /opt/airflow/dags/product_processing.py
[2026-05-21T13:20:18.670+0000] {processor.py:925} INFO - DAG(s) 'product_processing' retrieved from /opt/airflow/dags/product_processing.py
[2026-05-21T13:20:18.686+0000] {logging_mixin.py:190} INFO - [2026-05-21T13:20:18.686+0000] {dag.py:3239} INFO - Sync 1 DAGs
[2026-05-21T13:20:18.702+0000] {logging_mixin.py:190} INFO - [2026-05-21T13:20:18.702+0000] {dag.py:4180} INFO - Setting next_dagrun for product_processing to 2026-05-20 00:00:00+00:00, run_after=2026-05-21 00:00:00+00:00
[2026-05-21T13:20:18.715+0000] {processor.py:208} INFO - Processing /opt/airflow/dags/product_processing.py took 0.353 seconds
[2026-05-21T13:20:48.776+0000] {processor.py:186} INFO - Started process (PID=19046) to work on /opt/airflow/dags/product_processing.py
[2026-05-21T13:20:48.779+0000] {processor.py:914} INFO - Processing file /opt/airflow/dags/product_processing.py for tasks to queue
[2026-05-21T13:20:48.780+0000] {logging_mixin.py:190} INFO - [2026-05-21T13:20:48.780+0000] {dagbag.py:588} INFO - Filling up the DagBag from /opt/airflow/dags/product_processing.py
[2026-05-21T13:20:49.574+0000] {processor.py:925} INFO - DAG(s) 'product_processing' retrieved from /opt/airflow/dags/product_processing.py
[2026-05-21T13:20:49.600+0000] {logging_mixin.py:190} INFO - [2026-05-21T13:20:49.599+0000] {dag.py:3239} INFO - Sync 1 DAGs
[2026-05-21T13:20:49.617+0000] {logging_mixin.py:190} INFO - [2026-05-21T13:20:49.617+0000] {dag.py:4180} INFO - Setting next_dagrun for product_processing to 2026-05-20 00:00:00+00:00, run_after=2026-05-21 00:00:00+00:00
[2026-05-21T13:20:49.630+0000] {processor.py:208} INFO - Processing /opt/airflow/dags/product_processing.py took 0.868 seconds
[2026-05-21T13:21:19.924+0000] {processor.py:186} INFO - Started process (PID=19063) to work on /opt/airflow/dags/product_processing.py
[2026-05-21T13:21:19.927+0000] {processor.py:914} INFO - Processing file /opt/airflow/dags/product_processing.py for tasks to queue
[2026-05-21T13:21:19.928+0000] {logging_mixin.py:190} INFO - [2026-05-21T13:21:19.928+0000] {dagbag.py:588} INFO - Filling up the DagBag from /opt/airflow/dags/product_processing.py
[2026-05-21T13:21:21.144+0000] {processor.py:925} INFO - DAG(s) 'product_processing' retrieved from /opt/airflow/dags/product_processing.py
[2026-05-21T13:21:21.176+0000] {logging_mixin.py:190} INFO - [2026-05-21T13:21:21.174+0000] {dag.py:3239} INFO - Sync 1 DAGs
[2026-05-21T13:21:21.209+0000] {logging_mixin.py:190} INFO - [2026-05-21T13:21:21.208+0000] {dag.py:4180} INFO - Setting next_dagrun for product_processing to 2026-05-20 00:00:00+00:00, run_after=2026-05-21 00:00:00+00:00
[2026-05-21T13:21:21.237+0000] {processor.py:208} INFO - Processing /opt/airflow/dags/product_processing.py took 1.330 seconds
[2026-05-21T13:21:52.052+0000] {processor.py:186} INFO - Started process (PID=19080) to work on /opt/airflow/dags/product_processing.py
[2026-05-21T13:21:52.053+0000] {processor.py:914} INFO - Processing file /opt/airflow/dags/product_processing.py for tasks to queue
[2026-05-21T13:21:52.055+0000] {logging_mixin.py:190} INFO - [2026-05-21T13:21:52.054+0000] {dagbag.py:588} INFO - Filling up the DagBag from /opt/airflow/dags/product_processing.py
[2026-05-21T13:21:52.421+0000] {processor.py:925} INFO - DAG(s) 'product_processing' retrieved from /opt/airflow/dags/product_processing.py
[2026-05-21T13:21:52.438+0000] {logging_mixin.py:190} INFO - [2026-05-21T13:21:52.438+0000] {dag.py:3239} INFO - Sync 1 DAGs
[2026-05-21T13:21:52.455+0000] {logging_mixin.py:190} INFO - [2026-05-21T13:21:52.454+0000] {dag.py:4180} INFO - Setting next_dagrun for product_processing to 2026-05-20 00:00:00+00:00, run_after=2026-05-21 00:00:00+00:00
[2026-05-21T13:21:52.469+0000] {processor.py:208} INFO - Processing /opt/airflow/dags/product_processing.py took 0.428 seconds
[2026-05-21T13:22:23.354+0000] {processor.py:186} INFO - Started process (PID=19097) to work on /opt/airflow/dags/product_processing.py
[2026-05-21T13:22:23.355+0000] {processor.py:914} INFO - Processing file /opt/airflow/dags/product_processing.py for tasks to queue
[2026-05-21T13:22:23.356+0000] {logging_mixin.py:190} INFO - [2026-05-21T13:22:23.355+0000] {dagbag.py:588} INFO - Filling up the DagBag from /opt/airflow/dags/product_processing.py
[2026-05-21T13:22:23.727+0000] {processor.py:925} INFO - DAG(s) 'product_processing' retrieved from /opt/airflow/dags/product_processing.py
[2026-05-21T13:22:23.746+0000] {logging_mixin.py:190} INFO - [2026-05-21T13:22:23.746+0000] {dag.py:3239} INFO - Sync 1 DAGs
[2026-05-21T13:22:23.763+0000] {logging_mixin.py:190} INFO - [2026-05-21T13:22:23.763+0000] {dag.py:4180} INFO - Setting next_dagrun for product_processing to 2026-05-20 00:00:00+00:00, run_after=2026-05-21 00:00:00+00:00
[2026-05-21T13:22:23.777+0000] {processor.py:208} INFO - Processing /opt/airflow/dags/product_processing.py took 0.429 seconds
[2026-05-21T13:22:53.837+0000] {processor.py:186} INFO - Started process (PID=19113) to work on /opt/airflow/dags/product_processing.py
[2026-05-21T13:22:53.838+0000] {processor.py:914} INFO - Processing file /opt/airflow/dags/product_processing.py for tasks to queue
[2026-05-21T13:22:53.840+0000] {logging_mixin.py:190} INFO - [2026-05-21T13:22:53.839+0000] {dagbag.py:588} INFO - Filling up the DagBag from /opt/airflow/dags/product_processing.py
[2026-05-21T13:22:54.167+0000] {processor.py:925} INFO - DAG(s) 'product_processing' retrieved from /opt/airflow/dags/product_processing.py
[2026-05-21T13:22:54.185+0000] {logging_mixin.py:190} INFO - [2026-05-21T13:22:54.184+0000] {dag.py:3239} INFO - Sync 1 DAGs
[2026-05-21T13:22:54.201+0000] {logging_mixin.py:190} INFO - [2026-05-21T13:22:54.201+0000] {dag.py:4180} INFO - Setting next_dagrun for product_processing to 2026-05-20 00:00:00+00:00, run_after=2026-05-21 00:00:00+00:00
[2026-05-21T13:22:54.214+0000] {processor.py:208} INFO - Processing /opt/airflow/dags/product_processing.py took 0.381 seconds
[2026-05-21T13:23:25.041+0000] {processor.py:186} INFO - Started process (PID=19129) to work on /opt/airflow/dags/product_processing.py
[2026-05-21T13:23:25.042+0000] {processor.py:914} INFO - Processing file /opt/airflow/dags/product_processing.py for tasks to queue
[2026-05-21T13:23:25.043+0000] {logging_mixin.py:190} INFO - [2026-05-21T13:23:25.042+0000] {dagbag.py:588} INFO - Filling up the DagBag from /opt/airflow/dags/product_processing.py
[2026-05-21T13:23:25.352+0000] {processor.py:925} INFO - DAG(s) 'product_processing' retrieved from /opt/airflow/dags/product_processing.py
[2026-05-21T13:23:25.366+0000] {logging_mixin.py:190} INFO - [2026-05-21T13:23:25.366+0000] {dag.py:3239} INFO - Sync 1 DAGs
[2026-05-21T13:23:25.382+0000] {logging_mixin.py:190} INFO - [2026-05-21T13:23:25.382+0000] {dag.py:4180} INFO - Setting next_dagrun for product_processing to 2026-05-20 00:00:00+00:00, run_after=2026-05-21 00:00:00+00:00
[2026-05-21T13:23:25.396+0000] {processor.py:208} INFO - Processing /opt/airflow/dags/product_processing.py took 0.359 seconds
[2026-05-21T13:23:55.911+0000] {processor.py:186} INFO - Started process (PID=19145) to work on /opt/airflow/dags/product_processing.py
[2026-05-21T13:23:55.912+0000] {processor.py:914} INFO - Processing file /opt/airflow/dags/product_processing.py for tasks to queue
[2026-05-21T13:23:55.913+0000] {logging_mixin.py:190} INFO - [2026-05-21T13:23:55.913+0000] {dagbag.py:588} INFO - Filling up the DagBag from /opt/airflow/dags/product_processing.py
[2026-05-21T13:23:56.295+0000] {processor.py:925} INFO - DAG(s) 'product_processing' retrieved from /opt/airflow/dags/product_processing.py
[2026-05-21T13:23:56.322+0000] {logging_mixin.py:190} INFO - [2026-05-21T13:23:56.322+0000] {dag.py:3239} INFO - Sync 1 DAGs
[2026-05-21T13:23:56.342+0000] {logging_mixin.py:190} INFO - [2026-05-21T13:23:56.341+0000] {dag.py:4180} INFO - Setting next_dagrun for product_processing to 2026-05-20 00:00:00+00:00, run_after=2026-05-21 00:00:00+00:00
[2026-05-21T13:23:56.356+0000] {processor.py:208} INFO - Processing /opt/airflow/dags/product_processing.py took 0.450 seconds
[2026-05-21T13:24:26.523+0000] {processor.py:186} INFO - Started process (PID=19160) to work on /opt/airflow/dags/product_processing.py
[2026-05-21T13:24:26.523+0000] {processor.py:914} INFO - Processing file /opt/airflow/dags/product_processing.py for tasks to queue
[2026-05-21T13:24:26.524+0000] {logging_mixin.py:190} INFO - [2026-05-21T13:24:26.524+0000] {dagbag.py:588} INFO - Filling up the DagBag from /opt/airflow/dags/product_processing.py
[2026-05-21T13:24:26.868+0000] {processor.py:925} INFO - DAG(s) 'product_processing' retrieved from /opt/airflow/dags/product_processing.py
[2026-05-21T13:24:26.884+0000] {logging_mixin.py:190} INFO - [2026-05-21T13:24:26.884+0000] {dag.py:3239} INFO - Sync 1 DAGs
[2026-05-21T13:24:26.899+0000] {logging_mixin.py:190} INFO - [2026-05-21T13:24:26.899+0000] {dag.py:4180} INFO - Setting next_dagrun for product_processing to 2026-05-20 00:00:00+00:00, run_after=2026-05-21 00:00:00+00:00
[2026-05-21T13:24:26.911+0000] {processor.py:208} INFO - Processing /opt/airflow/dags/product_processing.py took 0.393 seconds
[2026-05-21T13:24:56.964+0000] {processor.py:186} INFO - Started process (PID=19176) to work on /opt/airflow/dags/product_processing.py
[2026-05-21T13:24:56.965+0000] {processor.py:914} INFO - Processing file /opt/airflow/dags/product_processing.py for tasks to queue
[2026-05-21T13:24:56.966+0000] {logging_mixin.py:190} INFO - [2026-05-21T13:24:56.966+0000] {dagbag.py:588} INFO - Filling up the DagBag from /opt/airflow/dags/product_processing.py
[2026-05-21T13:24:57.307+0000] {processor.py:925} INFO - DAG(s) 'product_processing' retrieved from /opt/airflow/dags/product_processing.py
[2026-05-21T13:24:57.330+0000] {logging_mixin.py:190} INFO - [2026-05-21T13:24:57.330+0000] {dag.py:3239} INFO - Sync 1 DAGs
[2026-05-21T13:24:57.348+0000] {logging_mixin.py:190} INFO - [2026-05-21T13:24:57.348+0000] {dag.py:4180} INFO - Setting next_dagrun for product_processing to 2026-05-20 00:00:00+00:00, run_after=2026-05-21 00:00:00+00:00
[2026-05-21T13:24:57.371+0000] {processor.py:208} INFO - Processing /opt/airflow/dags/product_processing.py took 0.414 seconds
[2026-05-21T13:25:27.997+0000] {processor.py:186} INFO - Started process (PID=19194) to work on /opt/airflow/dags/product_processing.py
[2026-05-21T13:25:27.997+0000] {processor.py:914} INFO - Processing file /opt/airflow/dags/product_processing.py for tasks to queue
[2026-05-21T13:25:27.998+0000] {logging_mixin.py:190} INFO - [2026-05-21T13:25:27.998+0000] {dagbag.py:588} INFO - Filling up the DagBag from /opt/airflow/dags/product_processing.py
[2026-05-21T13:25:28.351+0000] {processor.py:925} INFO - DAG(s) 'product_processing' retrieved from /opt/airflow/dags/product_processing.py
[2026-05-21T13:25:28.371+0000] {logging_mixin.py:190} INFO - [2026-05-21T13:25:28.370+0000] {dag.py:3239} INFO - Sync 1 DAGs
[2026-05-21T13:25:28.388+0000] {logging_mixin.py:190} INFO - [2026-05-21T13:25:28.388+0000] {dag.py:4180} INFO - Setting next_dagrun for product_processing to 2026-05-20 00:00:00+00:00, run_after=2026-05-21 00:00:00+00:00
[2026-05-21T13:25:28.404+0000] {processor.py:208} INFO - Processing /opt/airflow/dags/product_processing.py took 0.412 seconds
[2026-05-21T13:25:58.464+0000] {processor.py:186} INFO - Started process (PID=19210) to work on /opt/airflow/dags/product_processing.py
[2026-05-21T13:25:58.465+0000] {processor.py:914} INFO - Processing file /opt/airflow/dags/product_processing.py for tasks to queue
[2026-05-21T13:25:58.467+0000] {logging_mixin.py:190} INFO - [2026-05-21T13:25:58.466+0000] {dagbag.py:588} INFO - Filling up the DagBag from /opt/airflow/dags/product_processing.py
[2026-05-21T13:25:58.790+0000] {processor.py:925} INFO - DAG(s) 'product_processing' retrieved from /opt/airflow/dags/product_processing.py
[2026-05-21T13:25:58.805+0000] {logging_mixin.py:190} INFO - [2026-05-21T13:25:58.804+0000] {dag.py:3239} INFO - Sync 1 DAGs
[2026-05-21T13:25:58.823+0000] {logging_mixin.py:190} INFO - [2026-05-21T13:25:58.823+0000] {dag.py:4180} INFO - Setting next_dagrun for product_processing to 2026-05-20 00:00:00+00:00, run_after=2026-05-21 00:00:00+00:00
[2026-05-21T13:25:58.835+0000] {processor.py:208} INFO - Processing /opt/airflow/dags/product_processing.py took 0.377 seconds
[2026-05-21T13:26:28.909+0000] {processor.py:186} INFO - Started process (PID=19226) to work on /opt/airflow/dags/product_processing.py
[2026-05-21T13:26:28.910+0000] {processor.py:914} INFO - Processing file /opt/airflow/dags/product_processing.py for tasks to queue
[2026-05-21T13:26:28.911+0000] {logging_mixin.py:190} INFO - [2026-05-21T13:26:28.911+0000] {dagbag.py:588} INFO - Filling up the DagBag from /opt/airflow/dags/product_processing.py
[2026-05-21T13:26:29.225+0000] {processor.py:925} INFO - DAG(s) 'product_processing' retrieved from /opt/airflow/dags/product_processing.py
[2026-05-21T13:26:29.240+0000] {logging_mixin.py:190} INFO - [2026-05-21T13:26:29.240+0000] {dag.py:3239} INFO - Sync 1 DAGs
[2026-05-21T13:26:29.256+0000] {logging_mixin.py:190} INFO - [2026-05-21T13:26:29.255+0000] {dag.py:4180} INFO - Setting next_dagrun for product_processing to 2026-05-20 00:00:00+00:00, run_after=2026-05-21 00:00:00+00:00
[2026-05-21T13:26:29.267+0000] {processor.py:208} INFO - Processing /opt/airflow/dags/product_processing.py took 0.363 seconds
[2026-05-21T13:27:00.010+0000] {processor.py:186} INFO - Started process (PID=19242) to work on /opt/airflow/dags/product_processing.py
[2026-05-21T13:27:00.011+0000] {processor.py:914} INFO - Processing file /opt/airflow/dags/product_processing.py for tasks to queue
[2026-05-21T13:27:00.012+0000] {logging_mixin.py:190} INFO - [2026-05-21T13:27:00.012+0000] {dagbag.py:588} INFO - Filling up the DagBag from /opt/airflow/dags/product_processing.py
[2026-05-21T13:27:00.340+0000] {processor.py:925} INFO - DAG(s) 'product_processing' retrieved from /opt/airflow/dags/product_processing.py
[2026-05-21T13:27:00.355+0000] {logging_mixin.py:190} INFO - [2026-05-21T13:27:00.355+0000] {dag.py:3239} INFO - Sync 1 DAGs
[2026-05-21T13:27:00.372+0000] {logging_mixin.py:190} INFO - [2026-05-21T13:27:00.372+0000] {dag.py:4180} INFO - Setting next_dagrun for product_processing to 2026-05-20 00:00:00+00:00, run_after=2026-05-21 00:00:00+00:00
[2026-05-21T13:27:00.389+0000] {processor.py:208} INFO - Processing /opt/airflow/dags/product_processing.py took 0.386 seconds
[2026-05-21T13:27:30.620+0000] {processor.py:186} INFO - Started process (PID=19259) to work on /opt/airflow/dags/product_processing.py
[2026-05-21T13:27:30.621+0000] {processor.py:914} INFO - Processing file /opt/airflow/dags/product_processing.py for tasks to queue
[2026-05-21T13:27:30.622+0000] {logging_mixin.py:190} INFO - [2026-05-21T13:27:30.622+0000] {dagbag.py:588} INFO - Filling up the DagBag from /opt/airflow/dags/product_processing.py
[2026-05-21T13:27:30.919+0000] {processor.py:925} INFO - DAG(s) 'product_processing' retrieved from /opt/airflow/dags/product_processing.py
[2026-05-21T13:27:30.941+0000] {logging_mixin.py:190} INFO - [2026-05-21T13:27:30.941+0000] {dag.py:3239} INFO - Sync 1 DAGs
[2026-05-21T13:27:30.957+0000] {logging_mixin.py:190} INFO - [2026-05-21T13:27:30.957+0000] {dag.py:4180} INFO - Setting next_dagrun for product_processing to 2026-05-20 00:00:00+00:00, run_after=2026-05-21 00:00:00+00:00
[2026-05-21T13:27:30.975+0000] {processor.py:208} INFO - Processing /opt/airflow/dags/product_processing.py took 0.359 seconds
[2026-05-21T13:28:01.114+0000] {processor.py:186} INFO - Started process (PID=19274) to work on /opt/airflow/dags/product_processing.py
[2026-05-21T13:28:01.115+0000] {processor.py:914} INFO - Processing file /opt/airflow/dags/product_processing.py for tasks to queue
[2026-05-21T13:28:01.117+0000] {logging_mixin.py:190} INFO - [2026-05-21T13:28:01.116+0000] {dagbag.py:588} INFO - Filling up the DagBag from /opt/airflow/dags/product_processing.py
[2026-05-21T13:28:01.491+0000] {processor.py:925} INFO - DAG(s) 'product_processing' retrieved from /opt/airflow/dags/product_processing.py
[2026-05-21T13:28:01.537+0000] {logging_mixin.py:190} INFO - [2026-05-21T13:28:01.536+0000] {dag.py:3239} INFO - Sync 1 DAGs
[2026-05-21T13:28:01.556+0000] {logging_mixin.py:190} INFO - [2026-05-21T13:28:01.556+0000] {dag.py:4180} INFO - Setting next_dagrun for product_processing to 2026-05-20 00:00:00+00:00, run_after=2026-05-21 00:00:00+00:00
[2026-05-21T13:28:01.569+0000] {processor.py:208} INFO - Processing /opt/airflow/dags/product_processing.py took 0.459 seconds
[2026-05-21T13:28:31.625+0000] {processor.py:186} INFO - Started process (PID=19290) to work on /opt/airflow/dags/product_processing.py
[2026-05-21T13:28:31.626+0000] {processor.py:914} INFO - Processing file /opt/airflow/dags/product_processing.py for tasks to queue
[2026-05-21T13:28:31.627+0000] {logging_mixin.py:190} INFO - [2026-05-21T13:28:31.627+0000] {dagbag.py:588} INFO - Filling up the DagBag from /opt/airflow/dags/product_processing.py
[2026-05-21T13:28:31.925+0000] {processor.py:925} INFO - DAG(s) 'product_processing' retrieved from /opt/airflow/dags/product_processing.py
[2026-05-21T13:28:31.940+0000] {logging_mixin.py:190} INFO - [2026-05-21T13:28:31.940+0000] {dag.py:3239} INFO - Sync 1 DAGs
[2026-05-21T13:28:31.958+0000] {logging_mixin.py:190} INFO - [2026-05-21T13:28:31.957+0000] {dag.py:4180} INFO - Setting next_dagrun for product_processing to 2026-05-20 00:00:00+00:00, run_after=2026-05-21 00:00:00+00:00
[2026-05-21T13:28:31.973+0000] {processor.py:208} INFO - Processing /opt/airflow/dags/product_processing.py took 0.352 seconds
[2026-05-21T13:29:02.410+0000] {processor.py:186} INFO - Started process (PID=19307) to work on /opt/airflow/dags/product_processing.py
[2026-05-21T13:29:02.411+0000] {processor.py:914} INFO - Processing file /opt/airflow/dags/product_processing.py for tasks to queue
[2026-05-21T13:29:02.413+0000] {logging_mixin.py:190} INFO - [2026-05-21T13:29:02.413+0000] {dagbag.py:588} INFO - Filling up the DagBag from /opt/airflow/dags/product_processing.py
[2026-05-21T13:29:02.717+0000] {processor.py:925} INFO - DAG(s) 'product_processing' retrieved from /opt/airflow/dags/product_processing.py
[2026-05-21T13:29:02.731+0000] {logging_mixin.py:190} INFO - [2026-05-21T13:29:02.731+0000] {dag.py:3239} INFO - Sync 1 DAGs
[2026-05-21T13:29:02.750+0000] {logging_mixin.py:190} INFO - [2026-05-21T13:29:02.749+0000] {dag.py:4180} INFO - Setting next_dagrun for product_processing to 2026-05-20 00:00:00+00:00, run_after=2026-05-21 00:00:00+00:00
[2026-05-21T13:29:02.761+0000] {processor.py:208} INFO - Processing /opt/airflow/dags/product_processing.py took 0.358 seconds
[2026-05-21T13:29:33.640+0000] {processor.py:186} INFO - Started process (PID=19323) to work on /opt/airflow/dags/product_processing.py
[2026-05-21T13:29:33.641+0000] {processor.py:914} INFO - Processing file /opt/airflow/dags/product_processing.py for tasks to queue
[2026-05-21T13:29:33.644+0000] {logging_mixin.py:190} INFO - [2026-05-21T13:29:33.643+0000] {dagbag.py:588} INFO - Filling up the DagBag from /opt/airflow/dags/product_processing.py
[2026-05-21T13:29:34.143+0000] {processor.py:925} INFO - DAG(s) 'product_processing' retrieved from /opt/airflow/dags/product_processing.py
[2026-05-21T13:29:34.166+0000] {logging_mixin.py:190} INFO - [2026-05-21T13:29:34.166+0000] {dag.py:3239} INFO - Sync 1 DAGs
[2026-05-21T13:29:34.182+0000] {logging_mixin.py:190} INFO - [2026-05-21T13:29:34.182+0000] {dag.py:4180} INFO - Setting next_dagrun for product_processing to 2026-05-20 00:00:00+00:00, run_after=2026-05-21 00:00:00+00:00
[2026-05-21T13:29:34.207+0000] {processor.py:208} INFO - Processing /opt/airflow/dags/product_processing.py took 0.581 seconds
[2026-05-21T13:30:04.716+0000] {processor.py:186} INFO - Started process (PID=19340) to work on /opt/airflow/dags/product_processing.py
[2026-05-21T13:30:04.717+0000] {processor.py:914} INFO - Processing file /opt/airflow/dags/product_processing.py for tasks to queue
[2026-05-21T13:30:04.721+0000] {logging_mixin.py:190} INFO - [2026-05-21T13:30:04.721+0000] {dagbag.py:588} INFO - Filling up the DagBag from /opt/airflow/dags/product_processing.py
[2026-05-21T13:30:05.712+0000] {processor.py:925} INFO - DAG(s) 'product_processing' retrieved from /opt/airflow/dags/product_processing.py
[2026-05-21T13:30:05.744+0000] {logging_mixin.py:190} INFO - [2026-05-21T13:30:05.744+0000] {dag.py:3239} INFO - Sync 1 DAGs
[2026-05-21T13:30:05.783+0000] {logging_mixin.py:190} INFO - [2026-05-21T13:30:05.783+0000] {dag.py:4180} INFO - Setting next_dagrun for product_processing to 2026-05-20 00:00:00+00:00, run_after=2026-05-21 00:00:00+00:00
[2026-05-21T13:30:05.808+0000] {processor.py:208} INFO - Processing /opt/airflow/dags/product_processing.py took 1.108 seconds
[2026-05-21T13:30:36.033+0000] {processor.py:186} INFO - Started process (PID=19357) to work on /opt/airflow/dags/product_processing.py
[2026-05-21T13:30:36.034+0000] {processor.py:914} INFO - Processing file /opt/airflow/dags/product_processing.py for tasks to queue
[2026-05-21T13:30:36.035+0000] {logging_mixin.py:190} INFO - [2026-05-21T13:30:36.035+0000] {dagbag.py:588} INFO - Filling up the DagBag from /opt/airflow/dags/product_processing.py
[2026-05-21T13:30:36.391+0000] {processor.py:925} INFO - DAG(s) 'product_processing' retrieved from /opt/airflow/dags/product_processing.py
[2026-05-21T13:30:36.408+0000] {logging_mixin.py:190} INFO - [2026-05-21T13:30:36.407+0000] {dag.py:3239} INFO - Sync 1 DAGs
[2026-05-21T13:30:36.428+0000] {logging_mixin.py:190} INFO - [2026-05-21T13:30:36.428+0000] {dag.py:4180} INFO - Setting next_dagrun for product_processing to 2026-05-20 00:00:00+00:00, run_after=2026-05-21 00:00:00+00:00
[2026-05-21T13:30:36.444+0000] {processor.py:208} INFO - Processing /opt/airflow/dags/product_processing.py took 0.417 seconds
[2026-05-21T13:31:06.924+0000] {processor.py:186} INFO - Started process (PID=19372) to work on /opt/airflow/dags/product_processing.py
[2026-05-21T13:31:06.926+0000] {processor.py:914} INFO - Processing file /opt/airflow/dags/product_processing.py for tasks to queue
[2026-05-21T13:31:06.927+0000] {logging_mixin.py:190} INFO - [2026-05-21T13:31:06.927+0000] {dagbag.py:588} INFO - Filling up the DagBag from /opt/airflow/dags/product_processing.py
[2026-05-21T13:31:07.303+0000] {processor.py:925} INFO - DAG(s) 'product_processing' retrieved from /opt/airflow/dags/product_processing.py
[2026-05-21T13:31:07.318+0000] {logging_mixin.py:190} INFO - [2026-05-21T13:31:07.318+0000] {dag.py:3239} INFO - Sync 1 DAGs
[2026-05-21T13:31:07.335+0000] {logging_mixin.py:190} INFO - [2026-05-21T13:31:07.334+0000] {dag.py:4180} INFO - Setting next_dagrun for product_processing to 2026-05-20 00:00:00+00:00, run_after=2026-05-21 00:00:00+00:00
[2026-05-21T13:31:07.354+0000] {processor.py:208} INFO - Processing /opt/airflow/dags/product_processing.py took 0.434 seconds
[2026-05-21T13:31:38.271+0000] {processor.py:186} INFO - Started process (PID=19388) to work on /opt/airflow/dags/product_processing.py
[2026-05-21T13:31:38.271+0000] {processor.py:914} INFO - Processing file /opt/airflow/dags/product_processing.py for tasks to queue
[2026-05-21T13:31:38.274+0000] {logging_mixin.py:190} INFO - [2026-05-21T13:31:38.272+0000] {dagbag.py:588} INFO - Filling up the DagBag from /opt/airflow/dags/product_processing.py
[2026-05-21T13:31:38.639+0000] {processor.py:925} INFO - DAG(s) 'product_processing' retrieved from /opt/airflow/dags/product_processing.py
[2026-05-21T13:31:38.657+0000] {logging_mixin.py:190} INFO - [2026-05-21T13:31:38.657+0000] {dag.py:3239} INFO - Sync 1 DAGs
[2026-05-21T13:31:38.674+0000] {logging_mixin.py:190} INFO - [2026-05-21T13:31:38.674+0000] {dag.py:4180} INFO - Setting next_dagrun for product_processing to 2026-05-20 00:00:00+00:00, run_after=2026-05-21 00:00:00+00:00
[2026-05-21T13:31:38.687+0000] {processor.py:208} INFO - Processing /opt/airflow/dags/product_processing.py took 0.422 seconds
[2026-05-21T13:32:08.956+0000] {processor.py:186} INFO - Started process (PID=19404) to work on /opt/airflow/dags/product_processing.py
[2026-05-21T13:32:08.959+0000] {processor.py:914} INFO - Processing file /opt/airflow/dags/product_processing.py for tasks to queue
[2026-05-21T13:32:08.960+0000] {logging_mixin.py:190} INFO - [2026-05-21T13:32:08.960+0000] {dagbag.py:588} INFO - Filling up the DagBag from /opt/airflow/dags/product_processing.py
[2026-05-21T13:32:09.356+0000] {processor.py:925} INFO - DAG(s) 'product_processing' retrieved from /opt/airflow/dags/product_processing.py
[2026-05-21T13:32:09.374+0000] {logging_mixin.py:190} INFO - [2026-05-21T13:32:09.374+0000] {dag.py:3239} INFO - Sync 1 DAGs
[2026-05-21T13:32:09.391+0000] {logging_mixin.py:190} INFO - [2026-05-21T13:32:09.391+0000] {dag.py:4180} INFO - Setting next_dagrun for product_processing to 2026-05-20 00:00:00+00:00, run_after=2026-05-21 00:00:00+00:00
[2026-05-21T13:32:09.405+0000] {processor.py:208} INFO - Processing /opt/airflow/dags/product_processing.py took 0.453 seconds
[2026-05-21T13:32:40.107+0000] {processor.py:186} INFO - Started process (PID=19421) to work on /opt/airflow/dags/product_processing.py
[2026-05-21T13:32:40.108+0000] {processor.py:914} INFO - Processing file /opt/airflow/dags/product_processing.py for tasks to queue
[2026-05-21T13:32:40.109+0000] {logging_mixin.py:190} INFO - [2026-05-21T13:32:40.109+0000] {dagbag.py:588} INFO - Filling up the DagBag from /opt/airflow/dags/product_processing.py
[2026-05-21T13:32:40.446+0000] {processor.py:925} INFO - DAG(s) 'product_processing' retrieved from /opt/airflow/dags/product_processing.py
[2026-05-21T13:32:40.464+0000] {logging_mixin.py:190} INFO - [2026-05-21T13:32:40.463+0000] {dag.py:3239} INFO - Sync 1 DAGs
[2026-05-21T13:32:40.478+0000] {logging_mixin.py:190} INFO - [2026-05-21T13:32:40.477+0000] {dag.py:4180} INFO - Setting next_dagrun for product_processing to 2026-05-20 00:00:00+00:00, run_after=2026-05-21 00:00:00+00:00
[2026-05-21T13:32:40.489+0000] {processor.py:208} INFO - Processing /opt/airflow/dags/product_processing.py took 0.387 seconds
[2026-05-21T13:33:11.366+0000] {processor.py:186} INFO - Started process (PID=19438) to work on /opt/airflow/dags/product_processing.py
[2026-05-21T13:33:11.367+0000] {processor.py:914} INFO - Processing file /opt/airflow/dags/product_processing.py for tasks to queue
[2026-05-21T13:33:11.368+0000] {logging_mixin.py:190} INFO - [2026-05-21T13:33:11.368+0000] {dagbag.py:588} INFO - Filling up the DagBag from /opt/airflow/dags/product_processing.py
[2026-05-21T13:33:11.702+0000] {processor.py:925} INFO - DAG(s) 'product_processing' retrieved from /opt/airflow/dags/product_processing.py
[2026-05-21T13:33:11.718+0000] {logging_mixin.py:190} INFO - [2026-05-21T13:33:11.718+0000] {dag.py:3239} INFO - Sync 1 DAGs
[2026-05-21T13:33:11.739+0000] {logging_mixin.py:190} INFO - [2026-05-21T13:33:11.739+0000] {dag.py:4180} INFO - Setting next_dagrun for product_processing to 2026-05-20 00:00:00+00:00, run_after=2026-05-21 00:00:00+00:00
[2026-05-21T13:33:11.754+0000] {processor.py:208} INFO - Processing /opt/airflow/dags/product_processing.py took 0.393 seconds
[2026-05-21T13:33:42.595+0000] {processor.py:186} INFO - Started process (PID=19454) to work on /opt/airflow/dags/product_processing.py
[2026-05-21T13:33:42.596+0000] {processor.py:914} INFO - Processing file /opt/airflow/dags/product_processing.py for tasks to queue
[2026-05-21T13:33:42.598+0000] {logging_mixin.py:190} INFO - [2026-05-21T13:33:42.598+0000] {dagbag.py:588} INFO - Filling up the DagBag from /opt/airflow/dags/product_processing.py
[2026-05-21T13:33:42.958+0000] {processor.py:925} INFO - DAG(s) 'product_processing' retrieved from /opt/airflow/dags/product_processing.py
[2026-05-21T13:33:42.973+0000] {logging_mixin.py:190} INFO - [2026-05-21T13:33:42.973+0000] {dag.py:3239} INFO - Sync 1 DAGs
[2026-05-21T13:33:42.989+0000] {logging_mixin.py:190} INFO - [2026-05-21T13:33:42.989+0000] {dag.py:4180} INFO - Setting next_dagrun for product_processing to 2026-05-20 00:00:00+00:00, run_after=2026-05-21 00:00:00+00:00
[2026-05-21T13:33:43.005+0000] {processor.py:208} INFO - Processing /opt/airflow/dags/product_processing.py took 0.424 seconds
[2026-05-21T13:34:13.936+0000] {processor.py:186} INFO - Started process (PID=19469) to work on /opt/airflow/dags/product_processing.py
[2026-05-21T13:34:13.937+0000] {processor.py:914} INFO - Processing file /opt/airflow/dags/product_processing.py for tasks to queue
[2026-05-21T13:34:13.940+0000] {logging_mixin.py:190} INFO - [2026-05-21T13:34:13.940+0000] {dagbag.py:588} INFO - Filling up the DagBag from /opt/airflow/dags/product_processing.py
[2026-05-21T13:34:14.595+0000] {processor.py:925} INFO - DAG(s) 'product_processing' retrieved from /opt/airflow/dags/product_processing.py
[2026-05-21T13:34:14.620+0000] {logging_mixin.py:190} INFO - [2026-05-21T13:34:14.620+0000] {dag.py:3239} INFO - Sync 1 DAGs
[2026-05-21T13:34:14.645+0000] {logging_mixin.py:190} INFO - [2026-05-21T13:34:14.644+0000] {dag.py:4180} INFO - Setting next_dagrun for product_processing to 2026-05-20 00:00:00+00:00, run_after=2026-05-21 00:00:00+00:00
[2026-05-21T13:34:14.665+0000] {processor.py:208} INFO - Processing /opt/airflow/dags/product_processing.py took 0.738 seconds
[2026-05-21T13:34:45.397+0000] {processor.py:186} INFO - Started process (PID=19485) to work on /opt/airflow/dags/product_processing.py
[2026-05-21T13:34:45.400+0000] {processor.py:914} INFO - Processing file /opt/airflow/dags/product_processing.py for tasks to queue
[2026-05-21T13:34:45.401+0000] {logging_mixin.py:190} INFO - [2026-05-21T13:34:45.401+0000] {dagbag.py:588} INFO - Filling up the DagBag from /opt/airflow/dags/product_processing.py
[2026-05-21T13:34:46.067+0000] {processor.py:925} INFO - DAG(s) 'product_processing' retrieved from /opt/airflow/dags/product_processing.py
[2026-05-21T13:34:46.100+0000] {logging_mixin.py:190} INFO - [2026-05-21T13:34:46.098+0000] {dag.py:3239} INFO - Sync 1 DAGs
[2026-05-21T13:34:46.130+0000] {logging_mixin.py:190} INFO - [2026-05-21T13:34:46.128+0000] {dag.py:4180} INFO - Setting next_dagrun for product_processing to 2026-05-20 00:00:00+00:00, run_after=2026-05-21 00:00:00+00:00
[2026-05-21T13:34:46.154+0000] {processor.py:208} INFO - Processing /opt/airflow/dags/product_processing.py took 0.766 seconds
[2026-05-21T13:35:16.570+0000] {processor.py:186} INFO - Started process (PID=19502) to work on /opt/airflow/dags/product_processing.py
[2026-05-21T13:35:16.571+0000] {processor.py:914} INFO - Processing file /opt/airflow/dags/product_processing.py for tasks to queue
[2026-05-21T13:35:16.573+0000] {logging_mixin.py:190} INFO - [2026-05-21T13:35:16.573+0000] {dagbag.py:588} INFO - Filling up the DagBag from /opt/airflow/dags/product_processing.py
[2026-05-21T13:35:16.921+0000] {processor.py:925} INFO - DAG(s) 'product_processing' retrieved from /opt/airflow/dags/product_processing.py
[2026-05-21T13:35:16.937+0000] {logging_mixin.py:190} INFO - [2026-05-21T13:35:16.937+0000] {dag.py:3239} INFO - Sync 1 DAGs
[2026-05-21T13:35:16.953+0000] {logging_mixin.py:190} INFO - [2026-05-21T13:35:16.952+0000] {dag.py:4180} INFO - Setting next_dagrun for product_processing to 2026-05-20 00:00:00+00:00, run_after=2026-05-21 00:00:00+00:00
[2026-05-21T13:35:16.965+0000] {processor.py:208} INFO - Processing /opt/airflow/dags/product_processing.py took 0.406 seconds
[2026-05-21T13:35:47.020+0000] {processor.py:186} INFO - Started process (PID=19518) to work on /opt/airflow/dags/product_processing.py
[2026-05-21T13:35:47.021+0000] {processor.py:914} INFO - Processing file /opt/airflow/dags/product_processing.py for tasks to queue
[2026-05-21T13:35:47.021+0000] {logging_mixin.py:190} INFO - [2026-05-21T13:35:47.021+0000] {dagbag.py:588} INFO - Filling up the DagBag from /opt/airflow/dags/product_processing.py
[2026-05-21T13:35:47.336+0000] {processor.py:925} INFO - DAG(s) 'product_processing' retrieved from /opt/airflow/dags/product_processing.py
[2026-05-21T13:35:47.353+0000] {logging_mixin.py:190} INFO - [2026-05-21T13:35:47.353+0000] {dag.py:3239} INFO - Sync 1 DAGs
[2026-05-21T13:35:47.370+0000] {logging_mixin.py:190} INFO - [2026-05-21T13:35:47.370+0000] {dag.py:4180} INFO - Setting next_dagrun for product_processing to 2026-05-20 00:00:00+00:00, run_after=2026-05-21 00:00:00+00:00
[2026-05-21T13:35:47.386+0000] {processor.py:208} INFO - Processing /opt/airflow/dags/product_processing.py took 0.371 seconds
[2026-05-21T13:36:17.490+0000] {processor.py:186} INFO - Started process (PID=19534) to work on /opt/airflow/dags/product_processing.py
[2026-05-21T13:36:17.491+0000] {processor.py:914} INFO - Processing file /opt/airflow/dags/product_processing.py for tasks to queue
[2026-05-21T13:36:17.492+0000] {logging_mixin.py:190} INFO - [2026-05-21T13:36:17.491+0000] {dagbag.py:588} INFO - Filling up the DagBag from /opt/airflow/dags/product_processing.py
[2026-05-21T13:36:17.877+0000] {processor.py:925} INFO - DAG(s) 'product_processing' retrieved from /opt/airflow/dags/product_processing.py
[2026-05-21T13:36:17.894+0000] {logging_mixin.py:190} INFO - [2026-05-21T13:36:17.893+0000] {dag.py:3239} INFO - Sync 1 DAGs
[2026-05-21T13:36:17.912+0000] {logging_mixin.py:190} INFO - [2026-05-21T13:36:17.912+0000] {dag.py:4180} INFO - Setting next_dagrun for product_processing to 2026-05-20 00:00:00+00:00, run_after=2026-05-21 00:00:00+00:00
[2026-05-21T13:36:17.927+0000] {processor.py:208} INFO - Processing /opt/airflow/dags/product_processing.py took 0.443 seconds
[2026-05-21T13:36:48.749+0000] {processor.py:186} INFO - Started process (PID=19550) to work on /opt/airflow/dags/product_processing.py
[2026-05-21T13:36:48.750+0000] {processor.py:914} INFO - Processing file /opt/airflow/dags/product_processing.py for tasks to queue
[2026-05-21T13:36:48.751+0000] {logging_mixin.py:190} INFO - [2026-05-21T13:36:48.751+0000] {dagbag.py:588} INFO - Filling up the DagBag from /opt/airflow/dags/product_processing.py
[2026-05-21T13:36:49.180+0000] {processor.py:925} INFO - DAG(s) 'product_processing' retrieved from /opt/airflow/dags/product_processing.py
[2026-05-21T13:36:49.198+0000] {logging_mixin.py:190} INFO - [2026-05-21T13:36:49.198+0000] {dag.py:3239} INFO - Sync 1 DAGs
[2026-05-21T13:36:49.216+0000] {logging_mixin.py:190} INFO - [2026-05-21T13:36:49.216+0000] {dag.py:4180} INFO - Setting next_dagrun for product_processing to 2026-05-20 00:00:00+00:00, run_after=2026-05-21 00:00:00+00:00
[2026-05-21T13:36:49.231+0000] {processor.py:208} INFO - Processing /opt/airflow/dags/product_processing.py took 0.487 seconds
[2026-05-21T13:37:19.273+0000] {processor.py:186} INFO - Started process (PID=19566) to work on /opt/airflow/dags/product_processing.py
[2026-05-21T13:37:19.274+0000] {processor.py:914} INFO - Processing file /opt/airflow/dags/product_processing.py for tasks to queue
[2026-05-21T13:37:19.275+0000] {logging_mixin.py:190} INFO - [2026-05-21T13:37:19.275+0000] {dagbag.py:588} INFO - Filling up the DagBag from /opt/airflow/dags/product_processing.py
[2026-05-21T13:37:19.616+0000] {processor.py:925} INFO - DAG(s) 'product_processing' retrieved from /opt/airflow/dags/product_processing.py
[2026-05-21T13:37:19.633+0000] {logging_mixin.py:190} INFO - [2026-05-21T13:37:19.633+0000] {dag.py:3239} INFO - Sync 1 DAGs
[2026-05-21T13:37:19.651+0000] {logging_mixin.py:190} INFO - [2026-05-21T13:37:19.650+0000] {dag.py:4180} INFO - Setting next_dagrun for product_processing to 2026-05-20 00:00:00+00:00, run_after=2026-05-21 00:00:00+00:00
[2026-05-21T13:37:19.666+0000] {processor.py:208} INFO - Processing /opt/airflow/dags/product_processing.py took 0.400 seconds
[2026-05-21T13:37:50.615+0000] {processor.py:186} INFO - Started process (PID=19589) to work on /opt/airflow/dags/product_processing.py
[2026-05-21T13:37:50.623+0000] {processor.py:914} INFO - Processing file /opt/airflow/dags/product_processing.py for tasks to queue
[2026-05-21T13:37:50.624+0000] {logging_mixin.py:190} INFO - [2026-05-21T13:37:50.624+0000] {dagbag.py:588} INFO - Filling up the DagBag from /opt/airflow/dags/product_processing.py
[2026-05-21T13:37:50.988+0000] {processor.py:925} INFO - DAG(s) 'product_processing' retrieved from /opt/airflow/dags/product_processing.py
[2026-05-21T13:37:51.003+0000] {logging_mixin.py:190} INFO - [2026-05-21T13:37:51.002+0000] {dag.py:3239} INFO - Sync 1 DAGs
[2026-05-21T13:37:51.019+0000] {logging_mixin.py:190} INFO - [2026-05-21T13:37:51.019+0000] {dag.py:4180} INFO - Setting next_dagrun for product_processing to 2026-05-20 00:00:00+00:00, run_after=2026-05-21 00:00:00+00:00
[2026-05-21T13:37:51.032+0000] {processor.py:208} INFO - Processing /opt/airflow/dags/product_processing.py took 0.421 seconds
[2026-05-21T13:38:21.416+0000] {processor.py:186} INFO - Started process (PID=19605) to work on /opt/airflow/dags/product_processing.py
[2026-05-21T13:38:21.416+0000] {processor.py:914} INFO - Processing file /opt/airflow/dags/product_processing.py for tasks to queue
[2026-05-21T13:38:21.418+0000] {logging_mixin.py:190} INFO - [2026-05-21T13:38:21.418+0000] {dagbag.py:588} INFO - Filling up the DagBag from /opt/airflow/dags/product_processing.py
[2026-05-21T13:38:21.761+0000] {processor.py:925} INFO - DAG(s) 'product_processing' retrieved from /opt/airflow/dags/product_processing.py
[2026-05-21T13:38:21.777+0000] {logging_mixin.py:190} INFO - [2026-05-21T13:38:21.777+0000] {dag.py:3239} INFO - Sync 1 DAGs
[2026-05-21T13:38:21.797+0000] {logging_mixin.py:190} INFO - [2026-05-21T13:38:21.797+0000] {dag.py:4180} INFO - Setting next_dagrun for product_processing to 2026-05-20 00:00:00+00:00, run_after=2026-05-21 00:00:00+00:00
[2026-05-21T13:38:21.813+0000] {processor.py:208} INFO - Processing /opt/airflow/dags/product_processing.py took 0.402 seconds
[2026-05-21T13:38:51.995+0000] {processor.py:186} INFO - Started process (PID=19621) to work on /opt/airflow/dags/product_processing.py
[2026-05-21T13:38:51.997+0000] {processor.py:914} INFO - Processing file /opt/airflow/dags/product_processing.py for tasks to queue
[2026-05-21T13:38:51.998+0000] {logging_mixin.py:190} INFO - [2026-05-21T13:38:51.997+0000] {dagbag.py:588} INFO - Filling up the DagBag from /opt/airflow/dags/product_processing.py
[2026-05-21T13:38:52.308+0000] {processor.py:925} INFO - DAG(s) 'product_processing' retrieved from /opt/airflow/dags/product_processing.py
[2026-05-21T13:38:52.325+0000] {logging_mixin.py:190} INFO - [2026-05-21T13:38:52.324+0000] {dag.py:3239} INFO - Sync 1 DAGs
[2026-05-21T13:38:52.343+0000] {logging_mixin.py:190} INFO - [2026-05-21T13:38:52.342+0000] {dag.py:4180} INFO - Setting next_dagrun for product_processing to 2026-05-20 00:00:00+00:00, run_after=2026-05-21 00:00:00+00:00
[2026-05-21T13:38:52.357+0000] {processor.py:208} INFO - Processing /opt/airflow/dags/product_processing.py took 0.366 seconds
[2026-05-21T13:39:22.437+0000] {processor.py:186} INFO - Started process (PID=19637) to work on /opt/airflow/dags/product_processing.py
[2026-05-21T13:39:22.438+0000] {processor.py:914} INFO - Processing file /opt/airflow/dags/product_processing.py for tasks to queue
[2026-05-21T13:39:22.439+0000] {logging_mixin.py:190} INFO - [2026-05-21T13:39:22.438+0000] {dagbag.py:588} INFO - Filling up the DagBag from /opt/airflow/dags/product_processing.py
[2026-05-21T13:39:22.789+0000] {processor.py:925} INFO - DAG(s) 'product_processing' retrieved from /opt/airflow/dags/product_processing.py
[2026-05-21T13:39:22.805+0000] {logging_mixin.py:190} INFO - [2026-05-21T13:39:22.804+0000] {dag.py:3239} INFO - Sync 1 DAGs
[2026-05-21T13:39:22.822+0000] {logging_mixin.py:190} INFO - [2026-05-21T13:39:22.822+0000] {dag.py:4180} INFO - Setting next_dagrun for product_processing to 2026-05-20 00:00:00+00:00, run_after=2026-05-21 00:00:00+00:00
[2026-05-21T13:39:22.834+0000] {processor.py:208} INFO - Processing /opt/airflow/dags/product_processing.py took 0.401 seconds
[2026-05-21T13:39:53.304+0000] {processor.py:186} INFO - Started process (PID=19654) to work on /opt/airflow/dags/product_processing.py
[2026-05-21T13:39:53.306+0000] {processor.py:914} INFO - Processing file /opt/airflow/dags/product_processing.py for tasks to queue
[2026-05-21T13:39:53.306+0000] {logging_mixin.py:190} INFO - [2026-05-21T13:39:53.306+0000] {dagbag.py:588} INFO - Filling up the DagBag from /opt/airflow/dags/product_processing.py
[2026-05-21T13:39:53.700+0000] {processor.py:925} INFO - DAG(s) 'product_processing' retrieved from /opt/airflow/dags/product_processing.py
[2026-05-21T13:39:53.716+0000] {logging_mixin.py:190} INFO - [2026-05-21T13:39:53.716+0000] {dag.py:3239} INFO - Sync 1 DAGs
[2026-05-21T13:39:53.733+0000] {logging_mixin.py:190} INFO - [2026-05-21T13:39:53.733+0000] {dag.py:4180} INFO - Setting next_dagrun for product_processing to 2026-05-20 00:00:00+00:00, run_after=2026-05-21 00:00:00+00:00
[2026-05-21T13:39:53.752+0000] {processor.py:208} INFO - Processing /opt/airflow/dags/product_processing.py took 0.454 seconds
[2026-05-21T13:40:24.166+0000] {processor.py:186} INFO - Started process (PID=19670) to work on /opt/airflow/dags/product_processing.py
[2026-05-21T13:40:24.169+0000] {processor.py:914} INFO - Processing file /opt/airflow/dags/product_processing.py for tasks to queue
[2026-05-21T13:40:24.174+0000] {logging_mixin.py:190} INFO - [2026-05-21T13:40:24.171+0000] {dagbag.py:588} INFO - Filling up the DagBag from /opt/airflow/dags/product_processing.py
[2026-05-21T13:40:24.748+0000] {processor.py:925} INFO - DAG(s) 'product_processing' retrieved from /opt/airflow/dags/product_processing.py
[2026-05-21T13:40:24.764+0000] {logging_mixin.py:190} INFO - [2026-05-21T13:40:24.764+0000] {dag.py:3239} INFO - Sync 1 DAGs
[2026-05-21T13:40:24.782+0000] {logging_mixin.py:190} INFO - [2026-05-21T13:40:24.782+0000] {dag.py:4180} INFO - Setting next_dagrun for product_processing to 2026-05-20 00:00:00+00:00, run_after=2026-05-21 00:00:00+00:00
[2026-05-21T13:40:24.795+0000] {processor.py:208} INFO - Processing /opt/airflow/dags/product_processing.py took 0.644 seconds
[2026-05-21T13:40:54.905+0000] {processor.py:186} INFO - Started process (PID=19687) to work on /opt/airflow/dags/product_processing.py
[2026-05-21T13:40:54.910+0000] {processor.py:914} INFO - Processing file /opt/airflow/dags/product_processing.py for tasks to queue
[2026-05-21T13:40:54.915+0000] {logging_mixin.py:190} INFO - [2026-05-21T13:40:54.914+0000] {dagbag.py:588} INFO - Filling up the DagBag from /opt/airflow/dags/product_processing.py
[2026-05-21T13:40:55.712+0000] {processor.py:925} INFO - DAG(s) 'product_processing' retrieved from /opt/airflow/dags/product_processing.py
[2026-05-21T13:40:55.744+0000] {logging_mixin.py:190} INFO - [2026-05-21T13:40:55.744+0000] {dag.py:3239} INFO - Sync 1 DAGs
[2026-05-21T13:40:55.777+0000] {logging_mixin.py:190} INFO - [2026-05-21T13:40:55.775+0000] {dag.py:4180} INFO - Setting next_dagrun for product_processing to 2026-05-20 00:00:00+00:00, run_after=2026-05-21 00:00:00+00:00
[2026-05-21T13:40:55.808+0000] {processor.py:208} INFO - Processing /opt/airflow/dags/product_processing.py took 0.939 seconds
[2026-05-21T13:41:26.049+0000] {processor.py:186} INFO - Started process (PID=19703) to work on /opt/airflow/dags/product_processing.py
[2026-05-21T13:41:26.050+0000] {processor.py:914} INFO - Processing file /opt/airflow/dags/product_processing.py for tasks to queue
[2026-05-21T13:41:26.053+0000] {logging_mixin.py:190} INFO - [2026-05-21T13:41:26.051+0000] {dagbag.py:588} INFO - Filling up the DagBag from /opt/airflow/dags/product_processing.py
[2026-05-21T13:41:26.358+0000] {processor.py:925} INFO - DAG(s) 'product_processing' retrieved from /opt/airflow/dags/product_processing.py
[2026-05-21T13:41:26.375+0000] {logging_mixin.py:190} INFO - [2026-05-21T13:41:26.375+0000] {dag.py:3239} INFO - Sync 1 DAGs
[2026-05-21T13:41:26.390+0000] {logging_mixin.py:190} INFO - [2026-05-21T13:41:26.390+0000] {dag.py:4180} INFO - Setting next_dagrun for product_processing to 2026-05-20 00:00:00+00:00, run_after=2026-05-21 00:00:00+00:00
[2026-05-21T13:41:26.404+0000] {processor.py:208} INFO - Processing /opt/airflow/dags/product_processing.py took 0.360 seconds
[2026-05-21T13:41:56.871+0000] {processor.py:186} INFO - Started process (PID=19719) to work on /opt/airflow/dags/product_processing.py
[2026-05-21T13:41:56.871+0000] {processor.py:914} INFO - Processing file /opt/airflow/dags/product_processing.py for tasks to queue
[2026-05-21T13:41:56.872+0000] {logging_mixin.py:190} INFO - [2026-05-21T13:41:56.872+0000] {dagbag.py:588} INFO - Filling up the DagBag from /opt/airflow/dags/product_processing.py
[2026-05-21T13:41:57.153+0000] {processor.py:925} INFO - DAG(s) 'product_processing' retrieved from /opt/airflow/dags/product_processing.py
[2026-05-21T13:41:57.169+0000] {logging_mixin.py:190} INFO - [2026-05-21T13:41:57.169+0000] {dag.py:3239} INFO - Sync 1 DAGs
[2026-05-21T13:41:57.184+0000] {logging_mixin.py:190} INFO - [2026-05-21T13:41:57.184+0000] {dag.py:4180} INFO - Setting next_dagrun for product_processing to 2026-05-20 00:00:00+00:00, run_after=2026-05-21 00:00:00+00:00
[2026-05-21T13:41:57.197+0000] {processor.py:208} INFO - Processing /opt/airflow/dags/product_processing.py took 0.332 seconds
[2026-05-21T13:42:28.004+0000] {processor.py:186} INFO - Started process (PID=19735) to work on /opt/airflow/dags/product_processing.py
[2026-05-21T13:42:28.005+0000] {processor.py:914} INFO - Processing file /opt/airflow/dags/product_processing.py for tasks to queue
[2026-05-21T13:42:28.006+0000] {logging_mixin.py:190} INFO - [2026-05-21T13:42:28.006+0000] {dagbag.py:588} INFO - Filling up the DagBag from /opt/airflow/dags/product_processing.py
[2026-05-21T13:42:28.312+0000] {processor.py:925} INFO - DAG(s) 'product_processing' retrieved from /opt/airflow/dags/product_processing.py
[2026-05-21T13:42:28.327+0000] {logging_mixin.py:190} INFO - [2026-05-21T13:42:28.327+0000] {dag.py:3239} INFO - Sync 1 DAGs
[2026-05-21T13:42:28.343+0000] {logging_mixin.py:190} INFO - [2026-05-21T13:42:28.343+0000] {dag.py:4180} INFO - Setting next_dagrun for product_processing to 2026-05-20 00:00:00+00:00, run_after=2026-05-21 00:00:00+00:00
[2026-05-21T13:42:28.355+0000] {processor.py:208} INFO - Processing /opt/airflow/dags/product_processing.py took 0.356 seconds
[2026-05-21T13:42:59.167+0000] {processor.py:186} INFO - Started process (PID=19752) to work on /opt/airflow/dags/product_processing.py
[2026-05-21T13:42:59.168+0000] {processor.py:914} INFO - Processing file /opt/airflow/dags/product_processing.py for tasks to queue
[2026-05-21T13:42:59.169+0000] {logging_mixin.py:190} INFO - [2026-05-21T13:42:59.169+0000] {dagbag.py:588} INFO - Filling up the DagBag from /opt/airflow/dags/product_processing.py
[2026-05-21T13:42:59.483+0000] {processor.py:925} INFO - DAG(s) 'product_processing' retrieved from /opt/airflow/dags/product_processing.py
[2026-05-21T13:42:59.498+0000] {logging_mixin.py:190} INFO - [2026-05-21T13:42:59.498+0000] {dag.py:3239} INFO - Sync 1 DAGs
[2026-05-21T13:42:59.514+0000] {logging_mixin.py:190} INFO - [2026-05-21T13:42:59.514+0000] {dag.py:4180} INFO - Setting next_dagrun for product_processing to 2026-05-20 00:00:00+00:00, run_after=2026-05-21 00:00:00+00:00
[2026-05-21T13:42:59.526+0000] {processor.py:208} INFO - Processing /opt/airflow/dags/product_processing.py took 0.369 seconds
[2026-05-21T13:43:30.393+0000] {processor.py:186} INFO - Started process (PID=19768) to work on /opt/airflow/dags/product_processing.py
[2026-05-21T13:43:30.394+0000] {processor.py:914} INFO - Processing file /opt/airflow/dags/product_processing.py for tasks to queue
[2026-05-21T13:43:30.395+0000] {logging_mixin.py:190} INFO - [2026-05-21T13:43:30.395+0000] {dagbag.py:588} INFO - Filling up the DagBag from /opt/airflow/dags/product_processing.py
[2026-05-21T13:43:30.675+0000] {processor.py:925} INFO - DAG(s) 'product_processing' retrieved from /opt/airflow/dags/product_processing.py
[2026-05-21T13:43:30.691+0000] {logging_mixin.py:190} INFO - [2026-05-21T13:43:30.691+0000] {dag.py:3239} INFO - Sync 1 DAGs
[2026-05-21T13:43:30.707+0000] {logging_mixin.py:190} INFO - [2026-05-21T13:43:30.707+0000] {dag.py:4180} INFO - Setting next_dagrun for product_processing to 2026-05-20 00:00:00+00:00, run_after=2026-05-21 00:00:00+00:00
[2026-05-21T13:43:30.721+0000] {processor.py:208} INFO - Processing /opt/airflow/dags/product_processing.py took 0.333 seconds
[2026-05-21T13:44:01.537+0000] {processor.py:186} INFO - Started process (PID=19785) to work on /opt/airflow/dags/product_processing.py
[2026-05-21T13:44:01.538+0000] {processor.py:914} INFO - Processing file /opt/airflow/dags/product_processing.py for tasks to queue
[2026-05-21T13:44:01.539+0000] {logging_mixin.py:190} INFO - [2026-05-21T13:44:01.539+0000] {dagbag.py:588} INFO - Filling up the DagBag from /opt/airflow/dags/product_processing.py
[2026-05-21T13:44:01.859+0000] {processor.py:925} INFO - DAG(s) 'product_processing' retrieved from /opt/airflow/dags/product_processing.py
[2026-05-21T13:44:01.875+0000] {logging_mixin.py:190} INFO - [2026-05-21T13:44:01.875+0000] {dag.py:3239} INFO - Sync 1 DAGs
[2026-05-21T13:44:01.892+0000] {logging_mixin.py:190} INFO - [2026-05-21T13:44:01.892+0000] {dag.py:4180} INFO - Setting next_dagrun for product_processing to 2026-05-20 00:00:00+00:00, run_after=2026-05-21 00:00:00+00:00
[2026-05-21T13:44:01.907+0000] {processor.py:208} INFO - Processing /opt/airflow/dags/product_processing.py took 0.377 seconds
[2026-05-21T13:44:32.705+0000] {processor.py:186} INFO - Started process (PID=19801) to work on /opt/airflow/dags/product_processing.py
[2026-05-21T13:44:32.706+0000] {processor.py:914} INFO - Processing file /opt/airflow/dags/product_processing.py for tasks to queue
[2026-05-21T13:44:32.707+0000] {logging_mixin.py:190} INFO - [2026-05-21T13:44:32.707+0000] {dagbag.py:588} INFO - Filling up the DagBag from /opt/airflow/dags/product_processing.py
[2026-05-21T13:44:33.018+0000] {processor.py:925} INFO - DAG(s) 'product_processing' retrieved from /opt/airflow/dags/product_processing.py
[2026-05-21T13:44:33.034+0000] {logging_mixin.py:190} INFO - [2026-05-21T13:44:33.034+0000] {dag.py:3239} INFO - Sync 1 DAGs
[2026-05-21T13:44:33.050+0000] {logging_mixin.py:190} INFO - [2026-05-21T13:44:33.050+0000] {dag.py:4180} INFO - Setting next_dagrun for product_processing to 2026-05-20 00:00:00+00:00, run_after=2026-05-21 00:00:00+00:00
[2026-05-21T13:44:33.062+0000] {processor.py:208} INFO - Processing /opt/airflow/dags/product_processing.py took 0.365 seconds
[2026-05-21T13:45:03.884+0000] {processor.py:186} INFO - Started process (PID=19817) to work on /opt/airflow/dags/product_processing.py
[2026-05-21T13:45:03.885+0000] {processor.py:914} INFO - Processing file /opt/airflow/dags/product_processing.py for tasks to queue
[2026-05-21T13:45:03.886+0000] {logging_mixin.py:190} INFO - [2026-05-21T13:45:03.885+0000] {dagbag.py:588} INFO - Filling up the DagBag from /opt/airflow/dags/product_processing.py
[2026-05-21T13:45:04.184+0000] {processor.py:925} INFO - DAG(s) 'product_processing' retrieved from /opt/airflow/dags/product_processing.py
[2026-05-21T13:45:04.200+0000] {logging_mixin.py:190} INFO - [2026-05-21T13:45:04.199+0000] {dag.py:3239} INFO - Sync 1 DAGs
[2026-05-21T13:45:04.216+0000] {logging_mixin.py:190} INFO - [2026-05-21T13:45:04.216+0000] {dag.py:4180} INFO - Setting next_dagrun for product_processing to 2026-05-20 00:00:00+00:00, run_after=2026-05-21 00:00:00+00:00
[2026-05-21T13:45:04.230+0000] {processor.py:208} INFO - Processing /opt/airflow/dags/product_processing.py took 0.351 seconds
[2026-05-21T13:45:35.085+0000] {processor.py:186} INFO - Started process (PID=19834) to work on /opt/airflow/dags/product_processing.py
[2026-05-21T13:45:35.086+0000] {processor.py:914} INFO - Processing file /opt/airflow/dags/product_processing.py for tasks to queue
[2026-05-21T13:45:35.087+0000] {logging_mixin.py:190} INFO - [2026-05-21T13:45:35.087+0000] {dagbag.py:588} INFO - Filling up the DagBag from /opt/airflow/dags/product_processing.py
[2026-05-21T13:45:35.403+0000] {processor.py:925} INFO - DAG(s) 'product_processing' retrieved from /opt/airflow/dags/product_processing.py
[2026-05-21T13:45:35.420+0000] {logging_mixin.py:190} INFO - [2026-05-21T13:45:35.420+0000] {dag.py:3239} INFO - Sync 1 DAGs
[2026-05-21T13:45:35.436+0000] {logging_mixin.py:190} INFO - [2026-05-21T13:45:35.436+0000] {dag.py:4180} INFO - Setting next_dagrun for product_processing to 2026-05-20 00:00:00+00:00, run_after=2026-05-21 00:00:00+00:00
[2026-05-21T13:45:35.449+0000] {processor.py:208} INFO - Processing /opt/airflow/dags/product_processing.py took 0.371 seconds
[2026-05-21T13:46:06.292+0000] {processor.py:186} INFO - Started process (PID=19850) to work on /opt/airflow/dags/product_processing.py
[2026-05-21T13:46:06.294+0000] {processor.py:914} INFO - Processing file /opt/airflow/dags/product_processing.py for tasks to queue
[2026-05-21T13:46:06.295+0000] {logging_mixin.py:190} INFO - [2026-05-21T13:46:06.295+0000] {dagbag.py:588} INFO - Filling up the DagBag from /opt/airflow/dags/product_processing.py
[2026-05-21T13:46:06.618+0000] {processor.py:925} INFO - DAG(s) 'product_processing' retrieved from /opt/airflow/dags/product_processing.py
[2026-05-21T13:46:06.633+0000] {logging_mixin.py:190} INFO - [2026-05-21T13:46:06.633+0000] {dag.py:3239} INFO - Sync 1 DAGs
[2026-05-21T13:46:06.650+0000] {logging_mixin.py:190} INFO - [2026-05-21T13:46:06.650+0000] {dag.py:4180} INFO - Setting next_dagrun for product_processing to 2026-05-20 00:00:00+00:00, run_after=2026-05-21 00:00:00+00:00
[2026-05-21T13:46:06.663+0000] {processor.py:208} INFO - Processing /opt/airflow/dags/product_processing.py took 0.380 seconds
[2026-05-21T13:46:37.243+0000] {processor.py:186} INFO - Started process (PID=19867) to work on /opt/airflow/dags/product_processing.py
[2026-05-21T13:46:37.244+0000] {processor.py:914} INFO - Processing file /opt/airflow/dags/product_processing.py for tasks to queue
[2026-05-21T13:46:37.244+0000] {logging_mixin.py:190} INFO - [2026-05-21T13:46:37.244+0000] {dagbag.py:588} INFO - Filling up the DagBag from /opt/airflow/dags/product_processing.py
[2026-05-21T13:46:37.542+0000] {processor.py:925} INFO - DAG(s) 'product_processing' retrieved from /opt/airflow/dags/product_processing.py
[2026-05-21T13:46:37.558+0000] {logging_mixin.py:190} INFO - [2026-05-21T13:46:37.558+0000] {dag.py:3239} INFO - Sync 1 DAGs
[2026-05-21T13:46:37.574+0000] {logging_mixin.py:190} INFO - [2026-05-21T13:46:37.574+0000] {dag.py:4180} INFO - Setting next_dagrun for product_processing to 2026-05-20 00:00:00+00:00, run_after=2026-05-21 00:00:00+00:00
[2026-05-21T13:46:37.591+0000] {processor.py:208} INFO - Processing /opt/airflow/dags/product_processing.py took 0.354 seconds
[2026-05-21T13:47:08.247+0000] {processor.py:186} INFO - Started process (PID=19883) to work on /opt/airflow/dags/product_processing.py
[2026-05-21T13:47:08.248+0000] {processor.py:914} INFO - Processing file /opt/airflow/dags/product_processing.py for tasks to queue
[2026-05-21T13:47:08.249+0000] {logging_mixin.py:190} INFO - [2026-05-21T13:47:08.249+0000] {dagbag.py:588} INFO - Filling up the DagBag from /opt/airflow/dags/product_processing.py
[2026-05-21T13:47:08.569+0000] {processor.py:925} INFO - DAG(s) 'product_processing' retrieved from /opt/airflow/dags/product_processing.py
[2026-05-21T13:47:08.586+0000] {logging_mixin.py:190} INFO - [2026-05-21T13:47:08.586+0000] {dag.py:3239} INFO - Sync 1 DAGs
[2026-05-21T13:47:08.602+0000] {logging_mixin.py:190} INFO - [2026-05-21T13:47:08.602+0000] {dag.py:4180} INFO - Setting next_dagrun for product_processing to 2026-05-20 00:00:00+00:00, run_after=2026-05-21 00:00:00+00:00
[2026-05-21T13:47:08.617+0000] {processor.py:208} INFO - Processing /opt/airflow/dags/product_processing.py took 0.373 seconds
[2026-05-21T13:47:39.059+0000] {processor.py:186} INFO - Started process (PID=19899) to work on /opt/airflow/dags/product_processing.py
[2026-05-21T13:47:39.060+0000] {processor.py:914} INFO - Processing file /opt/airflow/dags/product_processing.py for tasks to queue
[2026-05-21T13:47:39.061+0000] {logging_mixin.py:190} INFO - [2026-05-21T13:47:39.061+0000] {dagbag.py:588} INFO - Filling up the DagBag from /opt/airflow/dags/product_processing.py
[2026-05-21T13:47:39.353+0000] {processor.py:925} INFO - DAG(s) 'product_processing' retrieved from /opt/airflow/dags/product_processing.py
[2026-05-21T13:47:39.369+0000] {logging_mixin.py:190} INFO - [2026-05-21T13:47:39.369+0000] {dag.py:3239} INFO - Sync 1 DAGs
[2026-05-21T13:47:39.385+0000] {logging_mixin.py:190} INFO - [2026-05-21T13:47:39.385+0000] {dag.py:4180} INFO - Setting next_dagrun for product_processing to 2026-05-20 00:00:00+00:00, run_after=2026-05-21 00:00:00+00:00
[2026-05-21T13:47:39.398+0000] {processor.py:208} INFO - Processing /opt/airflow/dags/product_processing.py took 0.346 seconds
[2026-05-21T13:48:09.442+0000] {processor.py:186} INFO - Started process (PID=19916) to work on /opt/airflow/dags/product_processing.py
[2026-05-21T13:48:09.442+0000] {processor.py:914} INFO - Processing file /opt/airflow/dags/product_processing.py for tasks to queue
[2026-05-21T13:48:09.443+0000] {logging_mixin.py:190} INFO - [2026-05-21T13:48:09.443+0000] {dagbag.py:588} INFO - Filling up the DagBag from /opt/airflow/dags/product_processing.py
[2026-05-21T13:48:09.984+0000] {processor.py:925} INFO - DAG(s) 'product_processing' retrieved from /opt/airflow/dags/product_processing.py
[2026-05-21T13:48:10.018+0000] {logging_mixin.py:190} INFO - [2026-05-21T13:48:10.017+0000] {dag.py:3239} INFO - Sync 1 DAGs
[2026-05-21T13:48:10.049+0000] {logging_mixin.py:190} INFO - [2026-05-21T13:48:10.049+0000] {dag.py:4180} INFO - Setting next_dagrun for product_processing to 2026-05-20 00:00:00+00:00, run_after=2026-05-21 00:00:00+00:00
[2026-05-21T13:48:10.064+0000] {processor.py:208} INFO - Processing /opt/airflow/dags/product_processing.py took 0.632 seconds
[2026-05-21T13:48:40.127+0000] {processor.py:186} INFO - Started process (PID=19929) to work on /opt/airflow/dags/product_processing.py
[2026-05-21T13:48:40.130+0000] {processor.py:914} INFO - Processing file /opt/airflow/dags/product_processing.py for tasks to queue
[2026-05-21T13:48:40.133+0000] {logging_mixin.py:190} INFO - [2026-05-21T13:48:40.131+0000] {dagbag.py:588} INFO - Filling up the DagBag from /opt/airflow/dags/product_processing.py
[2026-05-21T13:48:40.895+0000] {processor.py:925} INFO - DAG(s) 'product_processing' retrieved from /opt/airflow/dags/product_processing.py
[2026-05-21T13:48:40.938+0000] {logging_mixin.py:190} INFO - [2026-05-21T13:48:40.937+0000] {dag.py:3239} INFO - Sync 1 DAGs
[2026-05-21T13:48:40.974+0000] {logging_mixin.py:190} INFO - [2026-05-21T13:48:40.974+0000] {dag.py:4180} INFO - Setting next_dagrun for product_processing to 2026-05-20 00:00:00+00:00, run_after=2026-05-21 00:00:00+00:00
[2026-05-21T13:48:41.009+0000] {processor.py:208} INFO - Processing /opt/airflow/dags/product_processing.py took 0.888 seconds
[2026-05-21T13:49:11.828+0000] {processor.py:186} INFO - Started process (PID=19944) to work on /opt/airflow/dags/product_processing.py
[2026-05-21T13:49:11.835+0000] {processor.py:914} INFO - Processing file /opt/airflow/dags/product_processing.py for tasks to queue
[2026-05-21T13:49:11.838+0000] {logging_mixin.py:190} INFO - [2026-05-21T13:49:11.836+0000] {dagbag.py:588} INFO - Filling up the DagBag from /opt/airflow/dags/product_processing.py
[2026-05-21T13:49:12.595+0000] {processor.py:925} INFO - DAG(s) 'product_processing' retrieved from /opt/airflow/dags/product_processing.py
[2026-05-21T13:49:12.611+0000] {logging_mixin.py:190} INFO - [2026-05-21T13:49:12.611+0000] {dag.py:3239} INFO - Sync 1 DAGs
[2026-05-21T13:49:12.628+0000] {logging_mixin.py:190} INFO - [2026-05-21T13:49:12.628+0000] {dag.py:4180} INFO - Setting next_dagrun for product_processing to 2026-05-20 00:00:00+00:00, run_after=2026-05-21 00:00:00+00:00
[2026-05-21T13:49:12.642+0000] {processor.py:208} INFO - Processing /opt/airflow/dags/product_processing.py took 0.832 seconds
[2026-05-21T13:49:43.563+0000] {processor.py:186} INFO - Started process (PID=19963) to work on /opt/airflow/dags/product_processing.py
[2026-05-21T13:49:43.565+0000] {processor.py:914} INFO - Processing file /opt/airflow/dags/product_processing.py for tasks to queue
[2026-05-21T13:49:43.568+0000] {logging_mixin.py:190} INFO - [2026-05-21T13:49:43.567+0000] {dagbag.py:588} INFO - Filling up the DagBag from /opt/airflow/dags/product_processing.py
[2026-05-21T13:49:44.550+0000] {processor.py:925} INFO - DAG(s) 'product_processing' retrieved from /opt/airflow/dags/product_processing.py
[2026-05-21T13:49:44.584+0000] {logging_mixin.py:190} INFO - [2026-05-21T13:49:44.584+0000] {dag.py:3239} INFO - Sync 1 DAGs
[2026-05-21T13:49:44.619+0000] {logging_mixin.py:190} INFO - [2026-05-21T13:49:44.619+0000] {dag.py:4180} INFO - Setting next_dagrun for product_processing to 2026-05-20 00:00:00+00:00, run_after=2026-05-21 00:00:00+00:00
[2026-05-21T13:49:44.655+0000] {processor.py:208} INFO - Processing /opt/airflow/dags/product_processing.py took 1.103 seconds
[2026-05-21T13:50:14.793+0000] {processor.py:186} INFO - Started process (PID=19980) to work on /opt/airflow/dags/product_processing.py
[2026-05-21T13:50:14.795+0000] {processor.py:914} INFO - Processing file /opt/airflow/dags/product_processing.py for tasks to queue
[2026-05-21T13:50:14.796+0000] {logging_mixin.py:190} INFO - [2026-05-21T13:50:14.796+0000] {dagbag.py:588} INFO - Filling up the DagBag from /opt/airflow/dags/product_processing.py
[2026-05-21T13:50:15.326+0000] {processor.py:925} INFO - DAG(s) 'product_processing' retrieved from /opt/airflow/dags/product_processing.py
[2026-05-21T13:50:15.342+0000] {logging_mixin.py:190} INFO - [2026-05-21T13:50:15.342+0000] {dag.py:3239} INFO - Sync 1 DAGs
[2026-05-21T13:50:15.358+0000] {logging_mixin.py:190} INFO - [2026-05-21T13:50:15.358+0000] {dag.py:4180} INFO - Setting next_dagrun for product_processing to 2026-05-20 00:00:00+00:00, run_after=2026-05-21 00:00:00+00:00
[2026-05-21T13:50:15.370+0000] {processor.py:208} INFO - Processing /opt/airflow/dags/product_processing.py took 0.586 seconds
[2026-05-21T13:50:45.972+0000] {processor.py:186} INFO - Started process (PID=19995) to work on /opt/airflow/dags/product_processing.py
[2026-05-21T13:50:45.974+0000] {processor.py:914} INFO - Processing file /opt/airflow/dags/product_processing.py for tasks to queue
[2026-05-21T13:50:45.977+0000] {logging_mixin.py:190} INFO - [2026-05-21T13:50:45.976+0000] {dagbag.py:588} INFO - Filling up the DagBag from /opt/airflow/dags/product_processing.py
[2026-05-21T13:50:46.603+0000] {processor.py:925} INFO - DAG(s) 'product_processing' retrieved from /opt/airflow/dags/product_processing.py
[2026-05-21T13:50:46.632+0000] {logging_mixin.py:190} INFO - [2026-05-21T13:50:46.632+0000] {dag.py:3239} INFO - Sync 1 DAGs
[2026-05-21T13:50:46.669+0000] {logging_mixin.py:190} INFO - [2026-05-21T13:50:46.669+0000] {dag.py:4180} INFO - Setting next_dagrun for product_processing to 2026-05-20 00:00:00+00:00, run_after=2026-05-21 00:00:00+00:00
[2026-05-21T13:50:46.691+0000] {processor.py:208} INFO - Processing /opt/airflow/dags/product_processing.py took 0.732 seconds
[2026-05-21T13:51:17.144+0000] {processor.py:186} INFO - Started process (PID=20012) to work on /opt/airflow/dags/product_processing.py
[2026-05-21T13:51:17.145+0000] {processor.py:914} INFO - Processing file /opt/airflow/dags/product_processing.py for tasks to queue
[2026-05-21T13:51:17.146+0000] {logging_mixin.py:190} INFO - [2026-05-21T13:51:17.145+0000] {dagbag.py:588} INFO - Filling up the DagBag from /opt/airflow/dags/product_processing.py
[2026-05-21T13:51:17.686+0000] {processor.py:925} INFO - DAG(s) 'product_processing' retrieved from /opt/airflow/dags/product_processing.py
[2026-05-21T13:51:17.703+0000] {logging_mixin.py:190} INFO - [2026-05-21T13:51:17.703+0000] {dag.py:3239} INFO - Sync 1 DAGs
[2026-05-21T13:51:17.721+0000] {logging_mixin.py:190} INFO - [2026-05-21T13:51:17.720+0000] {dag.py:4180} INFO - Setting next_dagrun for product_processing to 2026-05-20 00:00:00+00:00, run_after=2026-05-21 00:00:00+00:00
[2026-05-21T13:51:17.746+0000] {processor.py:208} INFO - Processing /opt/airflow/dags/product_processing.py took 0.608 seconds
[2026-05-21T13:51:47.789+0000] {processor.py:186} INFO - Started process (PID=20027) to work on /opt/airflow/dags/product_processing.py
[2026-05-21T13:51:47.790+0000] {processor.py:914} INFO - Processing file /opt/airflow/dags/product_processing.py for tasks to queue
[2026-05-21T13:51:47.791+0000] {logging_mixin.py:190} INFO - [2026-05-21T13:51:47.791+0000] {dagbag.py:588} INFO - Filling up the DagBag from /opt/airflow/dags/product_processing.py
[2026-05-21T13:51:48.143+0000] {processor.py:925} INFO - DAG(s) 'product_processing' retrieved from /opt/airflow/dags/product_processing.py
[2026-05-21T13:51:48.159+0000] {logging_mixin.py:190} INFO - [2026-05-21T13:51:48.159+0000] {dag.py:3239} INFO - Sync 1 DAGs
[2026-05-21T13:51:48.175+0000] {logging_mixin.py:190} INFO - [2026-05-21T13:51:48.175+0000] {dag.py:4180} INFO - Setting next_dagrun for product_processing to 2026-05-20 00:00:00+00:00, run_after=2026-05-21 00:00:00+00:00
[2026-05-21T13:51:48.191+0000] {processor.py:208} INFO - Processing /opt/airflow/dags/product_processing.py took 0.409 seconds
[2026-05-21T13:52:18.769+0000] {processor.py:186} INFO - Started process (PID=20045) to work on /opt/airflow/dags/product_processing.py
[2026-05-21T13:52:18.770+0000] {processor.py:914} INFO - Processing file /opt/airflow/dags/product_processing.py for tasks to queue
[2026-05-21T13:52:18.771+0000] {logging_mixin.py:190} INFO - [2026-05-21T13:52:18.770+0000] {dagbag.py:588} INFO - Filling up the DagBag from /opt/airflow/dags/product_processing.py
[2026-05-21T13:52:19.796+0000] {processor.py:925} INFO - DAG(s) 'product_processing' retrieved from /opt/airflow/dags/product_processing.py
[2026-05-21T13:52:19.831+0000] {logging_mixin.py:190} INFO - [2026-05-21T13:52:19.827+0000] {dag.py:3239} INFO - Sync 1 DAGs
[2026-05-21T13:52:19.855+0000] {logging_mixin.py:190} INFO - [2026-05-21T13:52:19.855+0000] {dag.py:4180} INFO - Setting next_dagrun for product_processing to 2026-05-20 00:00:00+00:00, run_after=2026-05-21 00:00:00+00:00
[2026-05-21T13:52:19.876+0000] {processor.py:208} INFO - Processing /opt/airflow/dags/product_processing.py took 1.113 seconds
[2026-05-21T13:52:50.474+0000] {processor.py:186} INFO - Started process (PID=20061) to work on /opt/airflow/dags/product_processing.py
[2026-05-21T13:52:50.475+0000] {processor.py:914} INFO - Processing file /opt/airflow/dags/product_processing.py for tasks to queue
[2026-05-21T13:52:50.476+0000] {logging_mixin.py:190} INFO - [2026-05-21T13:52:50.475+0000] {dagbag.py:588} INFO - Filling up the DagBag from /opt/airflow/dags/product_processing.py
[2026-05-21T13:52:51.079+0000] {processor.py:925} INFO - DAG(s) 'product_processing' retrieved from /opt/airflow/dags/product_processing.py
[2026-05-21T13:52:51.102+0000] {logging_mixin.py:190} INFO - [2026-05-21T13:52:51.102+0000] {dag.py:3239} INFO - Sync 1 DAGs
[2026-05-21T13:52:51.119+0000] {logging_mixin.py:190} INFO - [2026-05-21T13:52:51.119+0000] {dag.py:4180} INFO - Setting next_dagrun for product_processing to 2026-05-20 00:00:00+00:00, run_after=2026-05-21 00:00:00+00:00
[2026-05-21T13:52:51.140+0000] {processor.py:208} INFO - Processing /opt/airflow/dags/product_processing.py took 0.671 seconds
[2026-05-21T13:53:21.855+0000] {processor.py:186} INFO - Started process (PID=20084) to work on /opt/airflow/dags/product_processing.py
[2026-05-21T13:53:21.856+0000] {processor.py:914} INFO - Processing file /opt/airflow/dags/product_processing.py for tasks to queue
[2026-05-21T13:53:21.857+0000] {logging_mixin.py:190} INFO - [2026-05-21T13:53:21.857+0000] {dagbag.py:588} INFO - Filling up the DagBag from /opt/airflow/dags/product_processing.py
[2026-05-21T13:53:22.589+0000] {processor.py:925} INFO - DAG(s) 'product_processing' retrieved from /opt/airflow/dags/product_processing.py
[2026-05-21T13:53:22.615+0000] {logging_mixin.py:190} INFO - [2026-05-21T13:53:22.615+0000] {dag.py:3239} INFO - Sync 1 DAGs
[2026-05-21T13:53:22.638+0000] {logging_mixin.py:190} INFO - [2026-05-21T13:53:22.638+0000] {dag.py:4180} INFO - Setting next_dagrun for product_processing to 2026-05-20 00:00:00+00:00, run_after=2026-05-21 00:00:00+00:00
[2026-05-21T13:53:22.653+0000] {processor.py:208} INFO - Processing /opt/airflow/dags/product_processing.py took 0.803 seconds
[2026-05-21T13:53:53.105+0000] {processor.py:186} INFO - Started process (PID=20100) to work on /opt/airflow/dags/product_processing.py
[2026-05-21T13:53:53.107+0000] {processor.py:914} INFO - Processing file /opt/airflow/dags/product_processing.py for tasks to queue
[2026-05-21T13:53:53.108+0000] {logging_mixin.py:190} INFO - [2026-05-21T13:53:53.108+0000] {dagbag.py:588} INFO - Filling up the DagBag from /opt/airflow/dags/product_processing.py
[2026-05-21T13:53:54.486+0000] {processor.py:925} INFO - DAG(s) 'product_processing' retrieved from /opt/airflow/dags/product_processing.py
[2026-05-21T13:53:54.510+0000] {logging_mixin.py:190} INFO - [2026-05-21T13:53:54.510+0000] {dag.py:3239} INFO - Sync 1 DAGs
[2026-05-21T13:53:54.526+0000] {logging_mixin.py:190} INFO - [2026-05-21T13:53:54.526+0000] {dag.py:4180} INFO - Setting next_dagrun for product_processing to 2026-05-20 00:00:00+00:00, run_after=2026-05-21 00:00:00+00:00
[2026-05-21T13:53:54.539+0000] {processor.py:208} INFO - Processing /opt/airflow/dags/product_processing.py took 1.444 seconds
[2026-05-21T13:54:24.969+0000] {processor.py:186} INFO - Started process (PID=20116) to work on /opt/airflow/dags/product_processing.py
[2026-05-21T13:54:24.971+0000] {processor.py:914} INFO - Processing file /opt/airflow/dags/product_processing.py for tasks to queue
[2026-05-21T13:54:24.973+0000] {logging_mixin.py:190} INFO - [2026-05-21T13:54:24.972+0000] {dagbag.py:588} INFO - Filling up the DagBag from /opt/airflow/dags/product_processing.py
[2026-05-21T13:54:25.646+0000] {processor.py:925} INFO - DAG(s) 'product_processing' retrieved from /opt/airflow/dags/product_processing.py
[2026-05-21T13:54:25.678+0000] {logging_mixin.py:190} INFO - [2026-05-21T13:54:25.677+0000] {dag.py:3239} INFO - Sync 1 DAGs
[2026-05-21T13:54:25.699+0000] {logging_mixin.py:190} INFO - [2026-05-21T13:54:25.699+0000] {dag.py:4180} INFO - Setting next_dagrun for product_processing to 2026-05-20 00:00:00+00:00, run_after=2026-05-21 00:00:00+00:00
[2026-05-21T13:54:25.729+0000] {processor.py:208} INFO - Processing /opt/airflow/dags/product_processing.py took 0.770 seconds
[2026-05-21T13:54:56.304+0000] {processor.py:186} INFO - Started process (PID=20133) to work on /opt/airflow/dags/product_processing.py
[2026-05-21T13:54:56.309+0000] {processor.py:914} INFO - Processing file /opt/airflow/dags/product_processing.py for tasks to queue
[2026-05-21T13:54:56.311+0000] {logging_mixin.py:190} INFO - [2026-05-21T13:54:56.310+0000] {dagbag.py:588} INFO - Filling up the DagBag from /opt/airflow/dags/product_processing.py
[2026-05-21T13:54:57.338+0000] {processor.py:925} INFO - DAG(s) 'product_processing' retrieved from /opt/airflow/dags/product_processing.py
[2026-05-21T13:54:57.357+0000] {logging_mixin.py:190} INFO - [2026-05-21T13:54:57.357+0000] {dag.py:3239} INFO - Sync 1 DAGs
[2026-05-21T13:54:57.375+0000] {logging_mixin.py:190} INFO - [2026-05-21T13:54:57.375+0000] {dag.py:4180} INFO - Setting next_dagrun for product_processing to 2026-05-20 00:00:00+00:00, run_after=2026-05-21 00:00:00+00:00
[2026-05-21T13:54:57.386+0000] {processor.py:208} INFO - Processing /opt/airflow/dags/product_processing.py took 1.111 seconds
[2026-05-21T13:55:27.540+0000] {processor.py:186} INFO - Started process (PID=20149) to work on /opt/airflow/dags/product_processing.py
[2026-05-21T13:55:27.547+0000] {processor.py:914} INFO - Processing file /opt/airflow/dags/product_processing.py for tasks to queue
[2026-05-21T13:55:27.551+0000] {logging_mixin.py:190} INFO - [2026-05-21T13:55:27.548+0000] {dagbag.py:588} INFO - Filling up the DagBag from /opt/airflow/dags/product_processing.py
[2026-05-21T13:55:28.911+0000] {processor.py:925} INFO - DAG(s) 'product_processing' retrieved from /opt/airflow/dags/product_processing.py
[2026-05-21T13:55:28.979+0000] {logging_mixin.py:190} INFO - [2026-05-21T13:55:28.979+0000] {dag.py:3239} INFO - Sync 1 DAGs
[2026-05-21T13:55:29.050+0000] {logging_mixin.py:190} INFO - [2026-05-21T13:55:29.049+0000] {dag.py:4180} INFO - Setting next_dagrun for product_processing to 2026-05-20 00:00:00+00:00, run_after=2026-05-21 00:00:00+00:00
[2026-05-21T13:55:29.102+0000] {processor.py:208} INFO - Processing /opt/airflow/dags/product_processing.py took 1.584 seconds
[2026-05-21T13:55:59.672+0000] {processor.py:186} INFO - Started process (PID=20166) to work on /opt/airflow/dags/product_processing.py
[2026-05-21T13:55:59.674+0000] {processor.py:914} INFO - Processing file /opt/airflow/dags/product_processing.py for tasks to queue
[2026-05-21T13:55:59.675+0000] {logging_mixin.py:190} INFO - [2026-05-21T13:55:59.675+0000] {dagbag.py:588} INFO - Filling up the DagBag from /opt/airflow/dags/product_processing.py
[2026-05-21T13:56:01.215+0000] {processor.py:925} INFO - DAG(s) 'product_processing' retrieved from /opt/airflow/dags/product_processing.py
[2026-05-21T13:56:01.289+0000] {logging_mixin.py:190} INFO - [2026-05-21T13:56:01.289+0000] {dag.py:3239} INFO - Sync 1 DAGs
[2026-05-21T13:56:01.365+0000] {logging_mixin.py:190} INFO - [2026-05-21T13:56:01.365+0000] {dag.py:4180} INFO - Setting next_dagrun for product_processing to 2026-05-20 00:00:00+00:00, run_after=2026-05-21 00:00:00+00:00
[2026-05-21T13:56:01.418+0000] {processor.py:208} INFO - Processing /opt/airflow/dags/product_processing.py took 1.764 seconds
[2026-05-21T13:56:31.930+0000] {processor.py:186} INFO - Started process (PID=20182) to work on /opt/airflow/dags/product_processing.py
[2026-05-21T13:56:31.931+0000] {processor.py:914} INFO - Processing file /opt/airflow/dags/product_processing.py for tasks to queue
[2026-05-21T13:56:31.933+0000] {logging_mixin.py:190} INFO - [2026-05-21T13:56:31.932+0000] {dagbag.py:588} INFO - Filling up the DagBag from /opt/airflow/dags/product_processing.py
[2026-05-21T13:56:32.540+0000] {processor.py:925} INFO - DAG(s) 'product_processing' retrieved from /opt/airflow/dags/product_processing.py
[2026-05-21T13:56:32.557+0000] {logging_mixin.py:190} INFO - [2026-05-21T13:56:32.557+0000] {dag.py:3239} INFO - Sync 1 DAGs
[2026-05-21T13:56:32.575+0000] {logging_mixin.py:190} INFO - [2026-05-21T13:56:32.574+0000] {dag.py:4180} INFO - Setting next_dagrun for product_processing to 2026-05-20 00:00:00+00:00, run_after=2026-05-21 00:00:00+00:00
[2026-05-21T13:56:32.588+0000] {processor.py:208} INFO - Processing /opt/airflow/dags/product_processing.py took 0.662 seconds
[2026-05-21T13:57:03.168+0000] {processor.py:186} INFO - Started process (PID=20198) to work on /opt/airflow/dags/product_processing.py
[2026-05-21T13:57:03.169+0000] {processor.py:914} INFO - Processing file /opt/airflow/dags/product_processing.py for tasks to queue
[2026-05-21T13:57:03.171+0000] {logging_mixin.py:190} INFO - [2026-05-21T13:57:03.170+0000] {dagbag.py:588} INFO - Filling up the DagBag from /opt/airflow/dags/product_processing.py
[2026-05-21T13:57:03.691+0000] {processor.py:925} INFO - DAG(s) 'product_processing' retrieved from /opt/airflow/dags/product_processing.py
[2026-05-21T13:57:03.727+0000] {logging_mixin.py:190} INFO - [2026-05-21T13:57:03.722+0000] {dag.py:3239} INFO - Sync 1 DAGs
[2026-05-21T13:57:03.764+0000] {logging_mixin.py:190} INFO - [2026-05-21T13:57:03.764+0000] {dag.py:4180} INFO - Setting next_dagrun for product_processing to 2026-05-20 00:00:00+00:00, run_after=2026-05-21 00:00:00+00:00
[2026-05-21T13:57:03.792+0000] {processor.py:208} INFO - Processing /opt/airflow/dags/product_processing.py took 0.630 seconds
[2026-05-21T13:57:34.354+0000] {processor.py:186} INFO - Started process (PID=20214) to work on /opt/airflow/dags/product_processing.py
[2026-05-21T13:57:34.355+0000] {processor.py:914} INFO - Processing file /opt/airflow/dags/product_processing.py for tasks to queue
[2026-05-21T13:57:34.356+0000] {logging_mixin.py:190} INFO - [2026-05-21T13:57:34.356+0000] {dagbag.py:588} INFO - Filling up the DagBag from /opt/airflow/dags/product_processing.py
[2026-05-21T13:57:34.944+0000] {processor.py:925} INFO - DAG(s) 'product_processing' retrieved from /opt/airflow/dags/product_processing.py
[2026-05-21T13:57:34.976+0000] {logging_mixin.py:190} INFO - [2026-05-21T13:57:34.976+0000] {dag.py:3239} INFO - Sync 1 DAGs
[2026-05-21T13:57:35.008+0000] {logging_mixin.py:190} INFO - [2026-05-21T13:57:35.008+0000] {dag.py:4180} INFO - Setting next_dagrun for product_processing to 2026-05-20 00:00:00+00:00, run_after=2026-05-21 00:00:00+00:00
[2026-05-21T13:57:35.034+0000] {processor.py:208} INFO - Processing /opt/airflow/dags/product_processing.py took 0.685 seconds
[2026-05-21T13:58:05.594+0000] {processor.py:186} INFO - Started process (PID=20230) to work on /opt/airflow/dags/product_processing.py
[2026-05-21T13:58:05.595+0000] {processor.py:914} INFO - Processing file /opt/airflow/dags/product_processing.py for tasks to queue
[2026-05-21T13:58:05.598+0000] {logging_mixin.py:190} INFO - [2026-05-21T13:58:05.597+0000] {dagbag.py:588} INFO - Filling up the DagBag from /opt/airflow/dags/product_processing.py
[2026-05-21T13:58:06.305+0000] {processor.py:925} INFO - DAG(s) 'product_processing' retrieved from /opt/airflow/dags/product_processing.py
[2026-05-21T13:58:06.352+0000] {logging_mixin.py:190} INFO - [2026-05-21T13:58:06.352+0000] {dag.py:3239} INFO - Sync 1 DAGs
[2026-05-21T13:58:06.371+0000] {logging_mixin.py:190} INFO - [2026-05-21T13:58:06.371+0000] {dag.py:4180} INFO - Setting next_dagrun for product_processing to 2026-05-20 00:00:00+00:00, run_after=2026-05-21 00:00:00+00:00
[2026-05-21T13:58:06.386+0000] {processor.py:208} INFO - Processing /opt/airflow/dags/product_processing.py took 0.799 seconds
[2026-05-21T13:58:36.921+0000] {processor.py:186} INFO - Started process (PID=20246) to work on /opt/airflow/dags/product_processing.py
[2026-05-21T13:58:36.923+0000] {processor.py:914} INFO - Processing file /opt/airflow/dags/product_processing.py for tasks to queue
[2026-05-21T13:58:36.927+0000] {logging_mixin.py:190} INFO - [2026-05-21T13:58:36.924+0000] {dagbag.py:588} INFO - Filling up the DagBag from /opt/airflow/dags/product_processing.py
[2026-05-21T13:58:37.961+0000] {processor.py:925} INFO - DAG(s) 'product_processing' retrieved from /opt/airflow/dags/product_processing.py
[2026-05-21T13:58:37.982+0000] {logging_mixin.py:190} INFO - [2026-05-21T13:58:37.982+0000] {dag.py:3239} INFO - Sync 1 DAGs
[2026-05-21T13:58:38.000+0000] {logging_mixin.py:190} INFO - [2026-05-21T13:58:37.999+0000] {dag.py:4180} INFO - Setting next_dagrun for product_processing to 2026-05-20 00:00:00+00:00, run_after=2026-05-21 00:00:00+00:00
[2026-05-21T13:58:38.012+0000] {processor.py:208} INFO - Processing /opt/airflow/dags/product_processing.py took 1.096 seconds
[2026-05-21T13:59:08.408+0000] {processor.py:186} INFO - Started process (PID=20261) to work on /opt/airflow/dags/product_processing.py
[2026-05-21T13:59:08.409+0000] {processor.py:914} INFO - Processing file /opt/airflow/dags/product_processing.py for tasks to queue
[2026-05-21T13:59:08.410+0000] {logging_mixin.py:190} INFO - [2026-05-21T13:59:08.409+0000] {dagbag.py:588} INFO - Filling up the DagBag from /opt/airflow/dags/product_processing.py
[2026-05-21T13:59:08.742+0000] {processor.py:925} INFO - DAG(s) 'product_processing' retrieved from /opt/airflow/dags/product_processing.py
[2026-05-21T13:59:08.762+0000] {logging_mixin.py:190} INFO - [2026-05-21T13:59:08.761+0000] {dag.py:3239} INFO - Sync 1 DAGs
[2026-05-21T13:59:08.783+0000] {logging_mixin.py:190} INFO - [2026-05-21T13:59:08.783+0000] {dag.py:4180} INFO - Setting next_dagrun for product_processing to 2026-05-20 00:00:00+00:00, run_after=2026-05-21 00:00:00+00:00
[2026-05-21T13:59:08.795+0000] {processor.py:208} INFO - Processing /opt/airflow/dags/product_processing.py took 0.392 seconds
[2026-05-21T13:59:38.834+0000] {processor.py:186} INFO - Started process (PID=20277) to work on /opt/airflow/dags/product_processing.py
[2026-05-21T13:59:38.841+0000] {processor.py:914} INFO - Processing file /opt/airflow/dags/product_processing.py for tasks to queue
[2026-05-21T13:59:38.844+0000] {logging_mixin.py:190} INFO - [2026-05-21T13:59:38.844+0000] {dagbag.py:588} INFO - Filling up the DagBag from /opt/airflow/dags/product_processing.py
[2026-05-21T13:59:39.138+0000] {processor.py:925} INFO - DAG(s) 'product_processing' retrieved from /opt/airflow/dags/product_processing.py
[2026-05-21T13:59:39.153+0000] {logging_mixin.py:190} INFO - [2026-05-21T13:59:39.153+0000] {dag.py:3239} INFO - Sync 1 DAGs
[2026-05-21T13:59:39.168+0000] {logging_mixin.py:190} INFO - [2026-05-21T13:59:39.168+0000] {dag.py:4180} INFO - Setting next_dagrun for product_processing to 2026-05-20 00:00:00+00:00, run_after=2026-05-21 00:00:00+00:00
[2026-05-21T13:59:39.180+0000] {processor.py:208} INFO - Processing /opt/airflow/dags/product_processing.py took 0.350 seconds
[2026-05-21T14:00:09.650+0000] {processor.py:186} INFO - Started process (PID=20295) to work on /opt/airflow/dags/product_processing.py
[2026-05-21T14:00:09.651+0000] {processor.py:914} INFO - Processing file /opt/airflow/dags/product_processing.py for tasks to queue
[2026-05-21T14:00:09.652+0000] {logging_mixin.py:190} INFO - [2026-05-21T14:00:09.652+0000] {dagbag.py:588} INFO - Filling up the DagBag from /opt/airflow/dags/product_processing.py
[2026-05-21T14:00:09.970+0000] {processor.py:925} INFO - DAG(s) 'product_processing' retrieved from /opt/airflow/dags/product_processing.py
[2026-05-21T14:00:09.988+0000] {logging_mixin.py:190} INFO - [2026-05-21T14:00:09.988+0000] {dag.py:3239} INFO - Sync 1 DAGs
[2026-05-21T14:00:10.003+0000] {logging_mixin.py:190} INFO - [2026-05-21T14:00:10.002+0000] {dag.py:4180} INFO - Setting next_dagrun for product_processing to 2026-05-20 00:00:00+00:00, run_after=2026-05-21 00:00:00+00:00
[2026-05-21T14:00:10.013+0000] {processor.py:208} INFO - Processing /opt/airflow/dags/product_processing.py took 0.372 seconds
[2026-05-21T14:00:40.424+0000] {processor.py:186} INFO - Started process (PID=20310) to work on /opt/airflow/dags/product_processing.py
[2026-05-21T14:00:40.427+0000] {processor.py:914} INFO - Processing file /opt/airflow/dags/product_processing.py for tasks to queue
[2026-05-21T14:00:40.429+0000] {logging_mixin.py:190} INFO - [2026-05-21T14:00:40.429+0000] {dagbag.py:588} INFO - Filling up the DagBag from /opt/airflow/dags/product_processing.py
[2026-05-21T14:00:40.795+0000] {processor.py:925} INFO - DAG(s) 'product_processing' retrieved from /opt/airflow/dags/product_processing.py
[2026-05-21T14:00:40.811+0000] {logging_mixin.py:190} INFO - [2026-05-21T14:00:40.811+0000] {dag.py:3239} INFO - Sync 1 DAGs
[2026-05-21T14:00:40.827+0000] {logging_mixin.py:190} INFO - [2026-05-21T14:00:40.827+0000] {dag.py:4180} INFO - Setting next_dagrun for product_processing to 2026-05-20 00:00:00+00:00, run_after=2026-05-21 00:00:00+00:00
[2026-05-21T14:00:40.840+0000] {processor.py:208} INFO - Processing /opt/airflow/dags/product_processing.py took 0.421 seconds
[2026-05-21T14:01:11.234+0000] {processor.py:186} INFO - Started process (PID=20325) to work on /opt/airflow/dags/product_processing.py
[2026-05-21T14:01:11.235+0000] {processor.py:914} INFO - Processing file /opt/airflow/dags/product_processing.py for tasks to queue
[2026-05-21T14:01:11.236+0000] {logging_mixin.py:190} INFO - [2026-05-21T14:01:11.236+0000] {dagbag.py:588} INFO - Filling up the DagBag from /opt/airflow/dags/product_processing.py
[2026-05-21T14:01:11.513+0000] {processor.py:925} INFO - DAG(s) 'product_processing' retrieved from /opt/airflow/dags/product_processing.py
[2026-05-21T14:01:11.526+0000] {logging_mixin.py:190} INFO - [2026-05-21T14:01:11.526+0000] {dag.py:3239} INFO - Sync 1 DAGs
[2026-05-21T14:01:11.541+0000] {logging_mixin.py:190} INFO - [2026-05-21T14:01:11.541+0000] {dag.py:4180} INFO - Setting next_dagrun for product_processing to 2026-05-20 00:00:00+00:00, run_after=2026-05-21 00:00:00+00:00
[2026-05-21T14:01:11.551+0000] {processor.py:208} INFO - Processing /opt/airflow/dags/product_processing.py took 0.321 seconds
[2026-05-21T14:01:41.678+0000] {processor.py:186} INFO - Started process (PID=20341) to work on /opt/airflow/dags/product_processing.py
[2026-05-21T14:01:41.679+0000] {processor.py:914} INFO - Processing file /opt/airflow/dags/product_processing.py for tasks to queue
[2026-05-21T14:01:41.680+0000] {logging_mixin.py:190} INFO - [2026-05-21T14:01:41.680+0000] {dagbag.py:588} INFO - Filling up the DagBag from /opt/airflow/dags/product_processing.py
[2026-05-21T14:01:41.967+0000] {processor.py:925} INFO - DAG(s) 'product_processing' retrieved from /opt/airflow/dags/product_processing.py
[2026-05-21T14:01:41.983+0000] {logging_mixin.py:190} INFO - [2026-05-21T14:01:41.982+0000] {dag.py:3239} INFO - Sync 1 DAGs
[2026-05-21T14:01:41.997+0000] {logging_mixin.py:190} INFO - [2026-05-21T14:01:41.996+0000] {dag.py:4180} INFO - Setting next_dagrun for product_processing to 2026-05-20 00:00:00+00:00, run_after=2026-05-21 00:00:00+00:00
[2026-05-21T14:01:42.008+0000] {processor.py:208} INFO - Processing /opt/airflow/dags/product_processing.py took 0.334 seconds
[2026-05-21T14:02:12.490+0000] {processor.py:186} INFO - Started process (PID=20358) to work on /opt/airflow/dags/product_processing.py
[2026-05-21T14:02:12.491+0000] {processor.py:914} INFO - Processing file /opt/airflow/dags/product_processing.py for tasks to queue
[2026-05-21T14:02:12.492+0000] {logging_mixin.py:190} INFO - [2026-05-21T14:02:12.491+0000] {dagbag.py:588} INFO - Filling up the DagBag from /opt/airflow/dags/product_processing.py
[2026-05-21T14:02:12.778+0000] {processor.py:925} INFO - DAG(s) 'product_processing' retrieved from /opt/airflow/dags/product_processing.py
[2026-05-21T14:02:12.792+0000] {logging_mixin.py:190} INFO - [2026-05-21T14:02:12.792+0000] {dag.py:3239} INFO - Sync 1 DAGs
[2026-05-21T14:02:12.807+0000] {logging_mixin.py:190} INFO - [2026-05-21T14:02:12.807+0000] {dag.py:4180} INFO - Setting next_dagrun for product_processing to 2026-05-20 00:00:00+00:00, run_after=2026-05-21 00:00:00+00:00
[2026-05-21T14:02:12.818+0000] {processor.py:208} INFO - Processing /opt/airflow/dags/product_processing.py took 0.332 seconds
[2026-05-21T14:02:43.002+0000] {processor.py:186} INFO - Started process (PID=20374) to work on /opt/airflow/dags/product_processing.py
[2026-05-21T14:02:43.003+0000] {processor.py:914} INFO - Processing file /opt/airflow/dags/product_processing.py for tasks to queue
[2026-05-21T14:02:43.004+0000] {logging_mixin.py:190} INFO - [2026-05-21T14:02:43.004+0000] {dagbag.py:588} INFO - Filling up the DagBag from /opt/airflow/dags/product_processing.py
[2026-05-21T14:02:43.279+0000] {processor.py:925} INFO - DAG(s) 'product_processing' retrieved from /opt/airflow/dags/product_processing.py
[2026-05-21T14:02:43.293+0000] {logging_mixin.py:190} INFO - [2026-05-21T14:02:43.293+0000] {dag.py:3239} INFO - Sync 1 DAGs
[2026-05-21T14:02:43.308+0000] {logging_mixin.py:190} INFO - [2026-05-21T14:02:43.308+0000] {dag.py:4180} INFO - Setting next_dagrun for product_processing to 2026-05-20 00:00:00+00:00, run_after=2026-05-21 00:00:00+00:00
[2026-05-21T14:02:43.321+0000] {processor.py:208} INFO - Processing /opt/airflow/dags/product_processing.py took 0.325 seconds
[2026-05-21T14:03:13.945+0000] {processor.py:186} INFO - Started process (PID=20390) to work on /opt/airflow/dags/product_processing.py
[2026-05-21T14:03:13.946+0000] {processor.py:914} INFO - Processing file /opt/airflow/dags/product_processing.py for tasks to queue
[2026-05-21T14:03:13.947+0000] {logging_mixin.py:190} INFO - [2026-05-21T14:03:13.947+0000] {dagbag.py:588} INFO - Filling up the DagBag from /opt/airflow/dags/product_processing.py
[2026-05-21T14:03:14.334+0000] {processor.py:925} INFO - DAG(s) 'product_processing' retrieved from /opt/airflow/dags/product_processing.py
[2026-05-21T14:03:14.350+0000] {logging_mixin.py:190} INFO - [2026-05-21T14:03:14.350+0000] {dag.py:3239} INFO - Sync 1 DAGs
[2026-05-21T14:03:14.367+0000] {logging_mixin.py:190} INFO - [2026-05-21T14:03:14.367+0000] {dag.py:4180} INFO - Setting next_dagrun for product_processing to 2026-05-20 00:00:00+00:00, run_after=2026-05-21 00:00:00+00:00
[2026-05-21T14:03:14.380+0000] {processor.py:208} INFO - Processing /opt/airflow/dags/product_processing.py took 0.440 seconds
[2026-05-21T14:03:44.882+0000] {processor.py:186} INFO - Started process (PID=20406) to work on /opt/airflow/dags/product_processing.py
[2026-05-21T14:03:44.882+0000] {processor.py:914} INFO - Processing file /opt/airflow/dags/product_processing.py for tasks to queue
[2026-05-21T14:03:44.884+0000] {logging_mixin.py:190} INFO - [2026-05-21T14:03:44.883+0000] {dagbag.py:588} INFO - Filling up the DagBag from /opt/airflow/dags/product_processing.py
[2026-05-21T14:03:45.175+0000] {processor.py:925} INFO - DAG(s) 'product_processing' retrieved from /opt/airflow/dags/product_processing.py
[2026-05-21T14:03:45.189+0000] {logging_mixin.py:190} INFO - [2026-05-21T14:03:45.189+0000] {dag.py:3239} INFO - Sync 1 DAGs
[2026-05-21T14:03:45.205+0000] {logging_mixin.py:190} INFO - [2026-05-21T14:03:45.205+0000] {dag.py:4180} INFO - Setting next_dagrun for product_processing to 2026-05-20 00:00:00+00:00, run_after=2026-05-21 00:00:00+00:00
[2026-05-21T14:03:45.217+0000] {processor.py:208} INFO - Processing /opt/airflow/dags/product_processing.py took 0.339 seconds
[2026-05-21T14:04:15.587+0000] {processor.py:186} INFO - Started process (PID=20423) to work on /opt/airflow/dags/product_processing.py
[2026-05-21T14:04:15.587+0000] {processor.py:914} INFO - Processing file /opt/airflow/dags/product_processing.py for tasks to queue
[2026-05-21T14:04:15.588+0000] {logging_mixin.py:190} INFO - [2026-05-21T14:04:15.588+0000] {dagbag.py:588} INFO - Filling up the DagBag from /opt/airflow/dags/product_processing.py
[2026-05-21T14:04:15.908+0000] {processor.py:925} INFO - DAG(s) 'product_processing' retrieved from /opt/airflow/dags/product_processing.py
[2026-05-21T14:04:15.923+0000] {logging_mixin.py:190} INFO - [2026-05-21T14:04:15.923+0000] {dag.py:3239} INFO - Sync 1 DAGs
[2026-05-21T14:04:15.937+0000] {logging_mixin.py:190} INFO - [2026-05-21T14:04:15.937+0000] {dag.py:4180} INFO - Setting next_dagrun for product_processing to 2026-05-20 00:00:00+00:00, run_after=2026-05-21 00:00:00+00:00
[2026-05-21T14:04:15.948+0000] {processor.py:208} INFO - Processing /opt/airflow/dags/product_processing.py took 0.366 seconds
[2026-05-21T14:04:46.352+0000] {processor.py:186} INFO - Started process (PID=20438) to work on /opt/airflow/dags/product_processing.py
[2026-05-21T14:04:46.352+0000] {processor.py:914} INFO - Processing file /opt/airflow/dags/product_processing.py for tasks to queue
[2026-05-21T14:04:46.353+0000] {logging_mixin.py:190} INFO - [2026-05-21T14:04:46.353+0000] {dagbag.py:588} INFO - Filling up the DagBag from /opt/airflow/dags/product_processing.py
[2026-05-21T14:04:46.657+0000] {processor.py:925} INFO - DAG(s) 'product_processing' retrieved from /opt/airflow/dags/product_processing.py
[2026-05-21T14:04:46.671+0000] {logging_mixin.py:190} INFO - [2026-05-21T14:04:46.670+0000] {dag.py:3239} INFO - Sync 1 DAGs
[2026-05-21T14:04:46.688+0000] {logging_mixin.py:190} INFO - [2026-05-21T14:04:46.688+0000] {dag.py:4180} INFO - Setting next_dagrun for product_processing to 2026-05-20 00:00:00+00:00, run_after=2026-05-21 00:00:00+00:00
[2026-05-21T14:04:46.706+0000] {processor.py:208} INFO - Processing /opt/airflow/dags/product_processing.py took 0.359 seconds
[2026-05-21T14:05:16.743+0000] {processor.py:186} INFO - Started process (PID=20454) to work on /opt/airflow/dags/product_processing.py
[2026-05-21T14:05:16.744+0000] {processor.py:914} INFO - Processing file /opt/airflow/dags/product_processing.py for tasks to queue
[2026-05-21T14:05:16.745+0000] {logging_mixin.py:190} INFO - [2026-05-21T14:05:16.745+0000] {dagbag.py:588} INFO - Filling up the DagBag from /opt/airflow/dags/product_processing.py
[2026-05-21T14:05:17.128+0000] {processor.py:925} INFO - DAG(s) 'product_processing' retrieved from /opt/airflow/dags/product_processing.py
[2026-05-21T14:05:17.165+0000] {logging_mixin.py:190} INFO - [2026-05-21T14:05:17.165+0000] {dag.py:3239} INFO - Sync 1 DAGs
[2026-05-21T14:05:17.202+0000] {logging_mixin.py:190} INFO - [2026-05-21T14:05:17.202+0000] {dag.py:4180} INFO - Setting next_dagrun for product_processing to 2026-05-20 00:00:00+00:00, run_after=2026-05-21 00:00:00+00:00
[2026-05-21T14:05:17.229+0000] {processor.py:208} INFO - Processing /opt/airflow/dags/product_processing.py took 0.491 seconds
[2026-05-21T14:05:47.430+0000] {processor.py:186} INFO - Started process (PID=20469) to work on /opt/airflow/dags/product_processing.py
[2026-05-21T14:05:47.431+0000] {processor.py:914} INFO - Processing file /opt/airflow/dags/product_processing.py for tasks to queue
[2026-05-21T14:05:47.431+0000] {logging_mixin.py:190} INFO - [2026-05-21T14:05:47.431+0000] {dagbag.py:588} INFO - Filling up the DagBag from /opt/airflow/dags/product_processing.py
[2026-05-21T14:05:47.725+0000] {processor.py:925} INFO - DAG(s) 'product_processing' retrieved from /opt/airflow/dags/product_processing.py
[2026-05-21T14:05:47.742+0000] {logging_mixin.py:190} INFO - [2026-05-21T14:05:47.742+0000] {dag.py:3239} INFO - Sync 1 DAGs
[2026-05-21T14:05:47.759+0000] {logging_mixin.py:190} INFO - [2026-05-21T14:05:47.759+0000] {dag.py:4180} INFO - Setting next_dagrun for product_processing to 2026-05-20 00:00:00+00:00, run_after=2026-05-21 00:00:00+00:00
[2026-05-21T14:05:47.771+0000] {processor.py:208} INFO - Processing /opt/airflow/dags/product_processing.py took 0.345 seconds
[2026-05-21T14:06:18.146+0000] {processor.py:186} INFO - Started process (PID=20484) to work on /opt/airflow/dags/product_processing.py
[2026-05-21T14:06:18.147+0000] {processor.py:914} INFO - Processing file /opt/airflow/dags/product_processing.py for tasks to queue
[2026-05-21T14:06:18.148+0000] {logging_mixin.py:190} INFO - [2026-05-21T14:06:18.148+0000] {dagbag.py:588} INFO - Filling up the DagBag from /opt/airflow/dags/product_processing.py
[2026-05-21T14:06:18.455+0000] {processor.py:925} INFO - DAG(s) 'product_processing' retrieved from /opt/airflow/dags/product_processing.py
[2026-05-21T14:06:18.471+0000] {logging_mixin.py:190} INFO - [2026-05-21T14:06:18.471+0000] {dag.py:3239} INFO - Sync 1 DAGs
[2026-05-21T14:06:18.486+0000] {logging_mixin.py:190} INFO - [2026-05-21T14:06:18.486+0000] {dag.py:4180} INFO - Setting next_dagrun for product_processing to 2026-05-20 00:00:00+00:00, run_after=2026-05-21 00:00:00+00:00
[2026-05-21T14:06:18.497+0000] {processor.py:208} INFO - Processing /opt/airflow/dags/product_processing.py took 0.355 seconds
[2026-05-21T14:06:48.547+0000] {processor.py:186} INFO - Started process (PID=20502) to work on /opt/airflow/dags/product_processing.py
[2026-05-21T14:06:48.548+0000] {processor.py:914} INFO - Processing file /opt/airflow/dags/product_processing.py for tasks to queue
[2026-05-21T14:06:48.549+0000] {logging_mixin.py:190} INFO - [2026-05-21T14:06:48.549+0000] {dagbag.py:588} INFO - Filling up the DagBag from /opt/airflow/dags/product_processing.py
[2026-05-21T14:06:48.869+0000] {processor.py:925} INFO - DAG(s) 'product_processing' retrieved from /opt/airflow/dags/product_processing.py
[2026-05-21T14:06:48.884+0000] {logging_mixin.py:190} INFO - [2026-05-21T14:06:48.884+0000] {dag.py:3239} INFO - Sync 1 DAGs
[2026-05-21T14:06:48.899+0000] {logging_mixin.py:190} INFO - [2026-05-21T14:06:48.899+0000] {dag.py:4180} INFO - Setting next_dagrun for product_processing to 2026-05-20 00:00:00+00:00, run_after=2026-05-21 00:00:00+00:00
[2026-05-21T14:06:48.912+0000] {processor.py:208} INFO - Processing /opt/airflow/dags/product_processing.py took 0.371 seconds
[2026-05-21T14:07:19.007+0000] {processor.py:186} INFO - Started process (PID=20518) to work on /opt/airflow/dags/product_processing.py
[2026-05-21T14:07:19.011+0000] {processor.py:914} INFO - Processing file /opt/airflow/dags/product_processing.py for tasks to queue
[2026-05-21T14:07:19.012+0000] {logging_mixin.py:190} INFO - [2026-05-21T14:07:19.012+0000] {dagbag.py:588} INFO - Filling up the DagBag from /opt/airflow/dags/product_processing.py
[2026-05-21T14:07:19.888+0000] {processor.py:925} INFO - DAG(s) 'product_processing' retrieved from /opt/airflow/dags/product_processing.py
[2026-05-21T14:07:19.902+0000] {logging_mixin.py:190} INFO - [2026-05-21T14:07:19.902+0000] {dag.py:3239} INFO - Sync 1 DAGs
[2026-05-21T14:07:19.918+0000] {logging_mixin.py:190} INFO - [2026-05-21T14:07:19.918+0000] {dag.py:4180} INFO - Setting next_dagrun for product_processing to 2026-05-20 00:00:00+00:00, run_after=2026-05-21 00:00:00+00:00
[2026-05-21T14:07:19.939+0000] {processor.py:208} INFO - Processing /opt/airflow/dags/product_processing.py took 0.949 seconds
[2026-05-21T14:07:50.387+0000] {processor.py:186} INFO - Started process (PID=20534) to work on /opt/airflow/dags/product_processing.py
[2026-05-21T14:07:50.390+0000] {processor.py:914} INFO - Processing file /opt/airflow/dags/product_processing.py for tasks to queue
[2026-05-21T14:07:50.391+0000] {logging_mixin.py:190} INFO - [2026-05-21T14:07:50.391+0000] {dagbag.py:588} INFO - Filling up the DagBag from /opt/airflow/dags/product_processing.py
[2026-05-21T14:07:51.034+0000] {processor.py:925} INFO - DAG(s) 'product_processing' retrieved from /opt/airflow/dags/product_processing.py
[2026-05-21T14:07:51.060+0000] {logging_mixin.py:190} INFO - [2026-05-21T14:07:51.059+0000] {dag.py:3239} INFO - Sync 1 DAGs
[2026-05-21T14:07:51.090+0000] {logging_mixin.py:190} INFO - [2026-05-21T14:07:51.089+0000] {dag.py:4180} INFO - Setting next_dagrun for product_processing to 2026-05-20 00:00:00+00:00, run_after=2026-05-21 00:00:00+00:00
[2026-05-21T14:07:51.135+0000] {processor.py:208} INFO - Processing /opt/airflow/dags/product_processing.py took 0.757 seconds
[2026-05-21T14:08:21.892+0000] {processor.py:186} INFO - Started process (PID=20551) to work on /opt/airflow/dags/product_processing.py
[2026-05-21T14:08:21.893+0000] {processor.py:914} INFO - Processing file /opt/airflow/dags/product_processing.py for tasks to queue
[2026-05-21T14:08:21.894+0000] {logging_mixin.py:190} INFO - [2026-05-21T14:08:21.893+0000] {dagbag.py:588} INFO - Filling up the DagBag from /opt/airflow/dags/product_processing.py
[2026-05-21T14:08:22.435+0000] {processor.py:925} INFO - DAG(s) 'product_processing' retrieved from /opt/airflow/dags/product_processing.py
[2026-05-21T14:08:22.481+0000] {logging_mixin.py:190} INFO - [2026-05-21T14:08:22.480+0000] {dag.py:3239} INFO - Sync 1 DAGs
[2026-05-21T14:08:22.503+0000] {logging_mixin.py:190} INFO - [2026-05-21T14:08:22.503+0000] {dag.py:4180} INFO - Setting next_dagrun for product_processing to 2026-05-20 00:00:00+00:00, run_after=2026-05-21 00:00:00+00:00
[2026-05-21T14:08:22.520+0000] {processor.py:208} INFO - Processing /opt/airflow/dags/product_processing.py took 0.637 seconds
[2026-05-21T14:08:52.575+0000] {processor.py:186} INFO - Started process (PID=20567) to work on /opt/airflow/dags/product_processing.py
[2026-05-21T14:08:52.584+0000] {processor.py:914} INFO - Processing file /opt/airflow/dags/product_processing.py for tasks to queue
[2026-05-21T14:08:52.585+0000] {logging_mixin.py:190} INFO - [2026-05-21T14:08:52.585+0000] {dagbag.py:588} INFO - Filling up the DagBag from /opt/airflow/dags/product_processing.py
[2026-05-21T14:08:52.874+0000] {processor.py:925} INFO - DAG(s) 'product_processing' retrieved from /opt/airflow/dags/product_processing.py
[2026-05-21T14:08:52.889+0000] {logging_mixin.py:190} INFO - [2026-05-21T14:08:52.889+0000] {dag.py:3239} INFO - Sync 1 DAGs
[2026-05-21T14:08:52.905+0000] {logging_mixin.py:190} INFO - [2026-05-21T14:08:52.905+0000] {dag.py:4180} INFO - Setting next_dagrun for product_processing to 2026-05-20 00:00:00+00:00, run_after=2026-05-21 00:00:00+00:00
[2026-05-21T14:08:52.916+0000] {processor.py:208} INFO - Processing /opt/airflow/dags/product_processing.py took 0.345 seconds
[2026-05-21T14:09:22.953+0000] {processor.py:186} INFO - Started process (PID=20583) to work on /opt/airflow/dags/product_processing.py
[2026-05-21T14:09:22.955+0000] {processor.py:914} INFO - Processing file /opt/airflow/dags/product_processing.py for tasks to queue
[2026-05-21T14:09:22.956+0000] {logging_mixin.py:190} INFO - [2026-05-21T14:09:22.956+0000] {dagbag.py:588} INFO - Filling up the DagBag from /opt/airflow/dags/product_processing.py
[2026-05-21T14:09:23.253+0000] {processor.py:925} INFO - DAG(s) 'product_processing' retrieved from /opt/airflow/dags/product_processing.py
[2026-05-21T14:09:23.268+0000] {logging_mixin.py:190} INFO - [2026-05-21T14:09:23.268+0000] {dag.py:3239} INFO - Sync 1 DAGs
[2026-05-21T14:09:23.285+0000] {logging_mixin.py:190} INFO - [2026-05-21T14:09:23.284+0000] {dag.py:4180} INFO - Setting next_dagrun for product_processing to 2026-05-20 00:00:00+00:00, run_after=2026-05-21 00:00:00+00:00
[2026-05-21T14:09:23.298+0000] {processor.py:208} INFO - Processing /opt/airflow/dags/product_processing.py took 0.353 seconds
[2026-05-21T14:09:54.007+0000] {processor.py:186} INFO - Started process (PID=20605) to work on /opt/airflow/dags/product_processing.py
[2026-05-21T14:09:54.009+0000] {processor.py:914} INFO - Processing file /opt/airflow/dags/product_processing.py for tasks to queue
[2026-05-21T14:09:54.010+0000] {logging_mixin.py:190} INFO - [2026-05-21T14:09:54.010+0000] {dagbag.py:588} INFO - Filling up the DagBag from /opt/airflow/dags/product_processing.py
[2026-05-21T14:09:54.305+0000] {processor.py:925} INFO - DAG(s) 'product_processing' retrieved from /opt/airflow/dags/product_processing.py
[2026-05-21T14:09:54.320+0000] {logging_mixin.py:190} INFO - [2026-05-21T14:09:54.320+0000] {dag.py:3239} INFO - Sync 1 DAGs
[2026-05-21T14:09:54.335+0000] {logging_mixin.py:190} INFO - [2026-05-21T14:09:54.335+0000] {dag.py:4180} INFO - Setting next_dagrun for product_processing to 2026-05-20 00:00:00+00:00, run_after=2026-05-21 00:00:00+00:00
[2026-05-21T14:09:54.350+0000] {processor.py:208} INFO - Processing /opt/airflow/dags/product_processing.py took 0.347 seconds
[2026-05-21T14:10:24.750+0000] {processor.py:186} INFO - Started process (PID=20621) to work on /opt/airflow/dags/product_processing.py
[2026-05-21T14:10:24.750+0000] {processor.py:914} INFO - Processing file /opt/airflow/dags/product_processing.py for tasks to queue
[2026-05-21T14:10:24.751+0000] {logging_mixin.py:190} INFO - [2026-05-21T14:10:24.751+0000] {dagbag.py:588} INFO - Filling up the DagBag from /opt/airflow/dags/product_processing.py
[2026-05-21T14:10:25.527+0000] {processor.py:925} INFO - DAG(s) 'product_processing' retrieved from /opt/airflow/dags/product_processing.py
[2026-05-21T14:10:25.548+0000] {logging_mixin.py:190} INFO - [2026-05-21T14:10:25.548+0000] {dag.py:3239} INFO - Sync 1 DAGs
[2026-05-21T14:10:25.575+0000] {logging_mixin.py:190} INFO - [2026-05-21T14:10:25.574+0000] {dag.py:4180} INFO - Setting next_dagrun for product_processing to 2026-05-20 00:00:00+00:00, run_after=2026-05-21 00:00:00+00:00
[2026-05-21T14:10:25.590+0000] {processor.py:208} INFO - Processing /opt/airflow/dags/product_processing.py took 0.850 seconds
[2026-05-21T14:10:56.186+0000] {processor.py:186} INFO - Started process (PID=20637) to work on /opt/airflow/dags/product_processing.py
[2026-05-21T14:10:56.195+0000] {processor.py:914} INFO - Processing file /opt/airflow/dags/product_processing.py for tasks to queue
[2026-05-21T14:10:56.197+0000] {logging_mixin.py:190} INFO - [2026-05-21T14:10:56.196+0000] {dagbag.py:588} INFO - Filling up the DagBag from /opt/airflow/dags/product_processing.py
[2026-05-21T14:10:56.634+0000] {processor.py:925} INFO - DAG(s) 'product_processing' retrieved from /opt/airflow/dags/product_processing.py
[2026-05-21T14:10:56.652+0000] {logging_mixin.py:190} INFO - [2026-05-21T14:10:56.652+0000] {dag.py:3239} INFO - Sync 1 DAGs
[2026-05-21T14:10:56.670+0000] {logging_mixin.py:190} INFO - [2026-05-21T14:10:56.670+0000] {dag.py:4180} INFO - Setting next_dagrun for product_processing to 2026-05-20 00:00:00+00:00, run_after=2026-05-21 00:00:00+00:00
[2026-05-21T14:10:56.685+0000] {processor.py:208} INFO - Processing /opt/airflow/dags/product_processing.py took 0.509 seconds
[2026-05-21T14:11:27.073+0000] {processor.py:186} INFO - Started process (PID=20652) to work on /opt/airflow/dags/product_processing.py
[2026-05-21T14:11:27.074+0000] {processor.py:914} INFO - Processing file /opt/airflow/dags/product_processing.py for tasks to queue
[2026-05-21T14:11:27.075+0000] {logging_mixin.py:190} INFO - [2026-05-21T14:11:27.075+0000] {dagbag.py:588} INFO - Filling up the DagBag from /opt/airflow/dags/product_processing.py
[2026-05-21T14:11:27.428+0000] {processor.py:925} INFO - DAG(s) 'product_processing' retrieved from /opt/airflow/dags/product_processing.py
[2026-05-21T14:11:27.445+0000] {logging_mixin.py:190} INFO - [2026-05-21T14:11:27.444+0000] {dag.py:3239} INFO - Sync 1 DAGs
[2026-05-21T14:11:27.465+0000] {logging_mixin.py:190} INFO - [2026-05-21T14:11:27.465+0000] {dag.py:4180} INFO - Setting next_dagrun for product_processing to 2026-05-20 00:00:00+00:00, run_after=2026-05-21 00:00:00+00:00
[2026-05-21T14:11:27.478+0000] {processor.py:208} INFO - Processing /opt/airflow/dags/product_processing.py took 0.410 seconds
[2026-05-21T14:11:57.547+0000] {processor.py:186} INFO - Started process (PID=20667) to work on /opt/airflow/dags/product_processing.py
[2026-05-21T14:11:57.548+0000] {processor.py:914} INFO - Processing file /opt/airflow/dags/product_processing.py for tasks to queue
[2026-05-21T14:11:57.551+0000] {logging_mixin.py:190} INFO - [2026-05-21T14:11:57.549+0000] {dagbag.py:588} INFO - Filling up the DagBag from /opt/airflow/dags/product_processing.py
[2026-05-21T14:11:57.996+0000] {processor.py:925} INFO - DAG(s) 'product_processing' retrieved from /opt/airflow/dags/product_processing.py
[2026-05-21T14:11:58.011+0000] {logging_mixin.py:190} INFO - [2026-05-21T14:11:58.011+0000] {dag.py:3239} INFO - Sync 1 DAGs
[2026-05-21T14:11:58.027+0000] {logging_mixin.py:190} INFO - [2026-05-21T14:11:58.027+0000] {dag.py:4180} INFO - Setting next_dagrun for product_processing to 2026-05-20 00:00:00+00:00, run_after=2026-05-21 00:00:00+00:00
[2026-05-21T14:11:58.048+0000] {processor.py:208} INFO - Processing /opt/airflow/dags/product_processing.py took 0.505 seconds
[2026-05-21T14:12:28.176+0000] {processor.py:186} INFO - Started process (PID=20684) to work on /opt/airflow/dags/product_processing.py
[2026-05-21T14:12:28.177+0000] {processor.py:914} INFO - Processing file /opt/airflow/dags/product_processing.py for tasks to queue
[2026-05-21T14:12:28.179+0000] {logging_mixin.py:190} INFO - [2026-05-21T14:12:28.178+0000] {dagbag.py:588} INFO - Filling up the DagBag from /opt/airflow/dags/product_processing.py
[2026-05-21T14:12:28.478+0000] {processor.py:925} INFO - DAG(s) 'product_processing' retrieved from /opt/airflow/dags/product_processing.py
[2026-05-21T14:12:28.494+0000] {logging_mixin.py:190} INFO - [2026-05-21T14:12:28.494+0000] {dag.py:3239} INFO - Sync 1 DAGs
[2026-05-21T14:12:28.509+0000] {logging_mixin.py:190} INFO - [2026-05-21T14:12:28.508+0000] {dag.py:4180} INFO - Setting next_dagrun for product_processing to 2026-05-20 00:00:00+00:00, run_after=2026-05-21 00:00:00+00:00
[2026-05-21T14:12:28.521+0000] {processor.py:208} INFO - Processing /opt/airflow/dags/product_processing.py took 0.352 seconds
[2026-05-21T14:12:58.682+0000] {processor.py:186} INFO - Started process (PID=20700) to work on /opt/airflow/dags/product_processing.py
[2026-05-21T14:12:58.684+0000] {processor.py:914} INFO - Processing file /opt/airflow/dags/product_processing.py for tasks to queue
[2026-05-21T14:12:58.685+0000] {logging_mixin.py:190} INFO - [2026-05-21T14:12:58.684+0000] {dagbag.py:588} INFO - Filling up the DagBag from /opt/airflow/dags/product_processing.py
[2026-05-21T14:12:58.978+0000] {processor.py:925} INFO - DAG(s) 'product_processing' retrieved from /opt/airflow/dags/product_processing.py
[2026-05-21T14:12:58.993+0000] {logging_mixin.py:190} INFO - [2026-05-21T14:12:58.993+0000] {dag.py:3239} INFO - Sync 1 DAGs
[2026-05-21T14:12:59.007+0000] {logging_mixin.py:190} INFO - [2026-05-21T14:12:59.007+0000] {dag.py:4180} INFO - Setting next_dagrun for product_processing to 2026-05-20 00:00:00+00:00, run_after=2026-05-21 00:00:00+00:00
[2026-05-21T14:12:59.020+0000] {processor.py:208} INFO - Processing /opt/airflow/dags/product_processing.py took 0.345 seconds
[2026-05-21T14:13:29.290+0000] {processor.py:186} INFO - Started process (PID=20716) to work on /opt/airflow/dags/product_processing.py
[2026-05-21T14:13:29.291+0000] {processor.py:914} INFO - Processing file /opt/airflow/dags/product_processing.py for tasks to queue
[2026-05-21T14:13:29.292+0000] {logging_mixin.py:190} INFO - [2026-05-21T14:13:29.291+0000] {dagbag.py:588} INFO - Filling up the DagBag from /opt/airflow/dags/product_processing.py
[2026-05-21T14:13:29.586+0000] {processor.py:925} INFO - DAG(s) 'product_processing' retrieved from /opt/airflow/dags/product_processing.py
[2026-05-21T14:13:29.601+0000] {logging_mixin.py:190} INFO - [2026-05-21T14:13:29.601+0000] {dag.py:3239} INFO - Sync 1 DAGs
[2026-05-21T14:13:29.617+0000] {logging_mixin.py:190} INFO - [2026-05-21T14:13:29.617+0000] {dag.py:4180} INFO - Setting next_dagrun for product_processing to 2026-05-20 00:00:00+00:00, run_after=2026-05-21 00:00:00+00:00
[2026-05-21T14:13:29.628+0000] {processor.py:208} INFO - Processing /opt/airflow/dags/product_processing.py took 0.342 seconds
[2026-05-21T14:13:59.875+0000] {processor.py:186} INFO - Started process (PID=20733) to work on /opt/airflow/dags/product_processing.py
[2026-05-21T14:13:59.876+0000] {processor.py:914} INFO - Processing file /opt/airflow/dags/product_processing.py for tasks to queue
[2026-05-21T14:13:59.877+0000] {logging_mixin.py:190} INFO - [2026-05-21T14:13:59.876+0000] {dagbag.py:588} INFO - Filling up the DagBag from /opt/airflow/dags/product_processing.py
[2026-05-21T14:14:00.183+0000] {processor.py:925} INFO - DAG(s) 'product_processing' retrieved from /opt/airflow/dags/product_processing.py
[2026-05-21T14:14:00.199+0000] {logging_mixin.py:190} INFO - [2026-05-21T14:14:00.198+0000] {dag.py:3239} INFO - Sync 1 DAGs
[2026-05-21T14:14:00.215+0000] {logging_mixin.py:190} INFO - [2026-05-21T14:14:00.215+0000] {dag.py:4180} INFO - Setting next_dagrun for product_processing to 2026-05-20 00:00:00+00:00, run_after=2026-05-21 00:00:00+00:00
[2026-05-21T14:14:00.228+0000] {processor.py:208} INFO - Processing /opt/airflow/dags/product_processing.py took 0.358 seconds
[2026-05-21T14:14:30.397+0000] {processor.py:186} INFO - Started process (PID=20749) to work on /opt/airflow/dags/product_processing.py
[2026-05-21T14:14:30.398+0000] {processor.py:914} INFO - Processing file /opt/airflow/dags/product_processing.py for tasks to queue
[2026-05-21T14:14:30.399+0000] {logging_mixin.py:190} INFO - [2026-05-21T14:14:30.399+0000] {dagbag.py:588} INFO - Filling up the DagBag from /opt/airflow/dags/product_processing.py
[2026-05-21T14:14:30.707+0000] {processor.py:925} INFO - DAG(s) 'product_processing' retrieved from /opt/airflow/dags/product_processing.py
[2026-05-21T14:14:30.723+0000] {logging_mixin.py:190} INFO - [2026-05-21T14:14:30.723+0000] {dag.py:3239} INFO - Sync 1 DAGs
[2026-05-21T14:14:30.737+0000] {logging_mixin.py:190} INFO - [2026-05-21T14:14:30.737+0000] {dag.py:4180} INFO - Setting next_dagrun for product_processing to 2026-05-20 00:00:00+00:00, run_after=2026-05-21 00:00:00+00:00
[2026-05-21T14:14:30.750+0000] {processor.py:208} INFO - Processing /opt/airflow/dags/product_processing.py took 0.357 seconds
[2026-05-21T14:15:00.972+0000] {processor.py:186} INFO - Started process (PID=20765) to work on /opt/airflow/dags/product_processing.py
[2026-05-21T14:15:00.973+0000] {processor.py:914} INFO - Processing file /opt/airflow/dags/product_processing.py for tasks to queue
[2026-05-21T14:15:00.975+0000] {logging_mixin.py:190} INFO - [2026-05-21T14:15:00.974+0000] {dagbag.py:588} INFO - Filling up the DagBag from /opt/airflow/dags/product_processing.py
[2026-05-21T14:15:01.281+0000] {processor.py:925} INFO - DAG(s) 'product_processing' retrieved from /opt/airflow/dags/product_processing.py
[2026-05-21T14:15:01.297+0000] {logging_mixin.py:190} INFO - [2026-05-21T14:15:01.296+0000] {dag.py:3239} INFO - Sync 1 DAGs
[2026-05-21T14:15:01.311+0000] {logging_mixin.py:190} INFO - [2026-05-21T14:15:01.311+0000] {dag.py:4180} INFO - Setting next_dagrun for product_processing to 2026-05-20 00:00:00+00:00, run_after=2026-05-21 00:00:00+00:00
[2026-05-21T14:15:01.323+0000] {processor.py:208} INFO - Processing /opt/airflow/dags/product_processing.py took 0.357 seconds
[2026-05-21T14:15:31.651+0000] {processor.py:186} INFO - Started process (PID=20781) to work on /opt/airflow/dags/product_processing.py
[2026-05-21T14:15:31.652+0000] {processor.py:914} INFO - Processing file /opt/airflow/dags/product_processing.py for tasks to queue
[2026-05-21T14:15:31.654+0000] {logging_mixin.py:190} INFO - [2026-05-21T14:15:31.654+0000] {dagbag.py:588} INFO - Filling up the DagBag from /opt/airflow/dags/product_processing.py
[2026-05-21T14:15:31.958+0000] {processor.py:925} INFO - DAG(s) 'product_processing' retrieved from /opt/airflow/dags/product_processing.py
[2026-05-21T14:15:31.973+0000] {logging_mixin.py:190} INFO - [2026-05-21T14:15:31.973+0000] {dag.py:3239} INFO - Sync 1 DAGs
[2026-05-21T14:15:31.989+0000] {logging_mixin.py:190} INFO - [2026-05-21T14:15:31.989+0000] {dag.py:4180} INFO - Setting next_dagrun for product_processing to 2026-05-20 00:00:00+00:00, run_after=2026-05-21 00:00:00+00:00
[2026-05-21T14:15:32.003+0000] {processor.py:208} INFO - Processing /opt/airflow/dags/product_processing.py took 0.360 seconds
[2026-05-21T14:16:02.208+0000] {processor.py:186} INFO - Started process (PID=20797) to work on /opt/airflow/dags/product_processing.py
[2026-05-21T14:16:02.209+0000] {processor.py:914} INFO - Processing file /opt/airflow/dags/product_processing.py for tasks to queue
[2026-05-21T14:16:02.210+0000] {logging_mixin.py:190} INFO - [2026-05-21T14:16:02.210+0000] {dagbag.py:588} INFO - Filling up the DagBag from /opt/airflow/dags/product_processing.py
[2026-05-21T14:16:02.510+0000] {processor.py:925} INFO - DAG(s) 'product_processing' retrieved from /opt/airflow/dags/product_processing.py
[2026-05-21T14:16:02.526+0000] {logging_mixin.py:190} INFO - [2026-05-21T14:16:02.526+0000] {dag.py:3239} INFO - Sync 1 DAGs
[2026-05-21T14:16:02.542+0000] {logging_mixin.py:190} INFO - [2026-05-21T14:16:02.542+0000] {dag.py:4180} INFO - Setting next_dagrun for product_processing to 2026-05-20 00:00:00+00:00, run_after=2026-05-21 00:00:00+00:00
[2026-05-21T14:16:02.554+0000] {processor.py:208} INFO - Processing /opt/airflow/dags/product_processing.py took 0.350 seconds
[2026-05-21T14:16:32.851+0000] {processor.py:186} INFO - Started process (PID=20812) to work on /opt/airflow/dags/product_processing.py
[2026-05-21T14:16:32.852+0000] {processor.py:914} INFO - Processing file /opt/airflow/dags/product_processing.py for tasks to queue
[2026-05-21T14:16:32.854+0000] {logging_mixin.py:190} INFO - [2026-05-21T14:16:32.853+0000] {dagbag.py:588} INFO - Filling up the DagBag from /opt/airflow/dags/product_processing.py
[2026-05-21T14:16:33.189+0000] {processor.py:925} INFO - DAG(s) 'product_processing' retrieved from /opt/airflow/dags/product_processing.py
[2026-05-21T14:16:33.206+0000] {logging_mixin.py:190} INFO - [2026-05-21T14:16:33.206+0000] {dag.py:3239} INFO - Sync 1 DAGs
[2026-05-21T14:16:33.222+0000] {logging_mixin.py:190} INFO - [2026-05-21T14:16:33.222+0000] {dag.py:4180} INFO - Setting next_dagrun for product_processing to 2026-05-20 00:00:00+00:00, run_after=2026-05-21 00:00:00+00:00
[2026-05-21T14:16:33.236+0000] {processor.py:208} INFO - Processing /opt/airflow/dags/product_processing.py took 0.401 seconds
[2026-05-21T14:17:03.371+0000] {processor.py:186} INFO - Started process (PID=20828) to work on /opt/airflow/dags/product_processing.py
[2026-05-21T14:17:03.373+0000] {processor.py:914} INFO - Processing file /opt/airflow/dags/product_processing.py for tasks to queue
[2026-05-21T14:17:03.373+0000] {logging_mixin.py:190} INFO - [2026-05-21T14:17:03.373+0000] {dagbag.py:588} INFO - Filling up the DagBag from /opt/airflow/dags/product_processing.py
[2026-05-21T14:17:03.664+0000] {processor.py:925} INFO - DAG(s) 'product_processing' retrieved from /opt/airflow/dags/product_processing.py
[2026-05-21T14:17:03.679+0000] {logging_mixin.py:190} INFO - [2026-05-21T14:17:03.678+0000] {dag.py:3239} INFO - Sync 1 DAGs
[2026-05-21T14:17:03.693+0000] {logging_mixin.py:190} INFO - [2026-05-21T14:17:03.693+0000] {dag.py:4180} INFO - Setting next_dagrun for product_processing to 2026-05-20 00:00:00+00:00, run_after=2026-05-21 00:00:00+00:00
[2026-05-21T14:17:03.704+0000] {processor.py:208} INFO - Processing /opt/airflow/dags/product_processing.py took 0.337 seconds
[2026-05-21T14:17:34.158+0000] {processor.py:186} INFO - Started process (PID=20844) to work on /opt/airflow/dags/product_processing.py
[2026-05-21T14:17:34.159+0000] {processor.py:914} INFO - Processing file /opt/airflow/dags/product_processing.py for tasks to queue
[2026-05-21T14:17:34.159+0000] {logging_mixin.py:190} INFO - [2026-05-21T14:17:34.159+0000] {dagbag.py:588} INFO - Filling up the DagBag from /opt/airflow/dags/product_processing.py
[2026-05-21T14:17:34.452+0000] {processor.py:925} INFO - DAG(s) 'product_processing' retrieved from /opt/airflow/dags/product_processing.py
[2026-05-21T14:17:34.467+0000] {logging_mixin.py:190} INFO - [2026-05-21T14:17:34.467+0000] {dag.py:3239} INFO - Sync 1 DAGs
[2026-05-21T14:17:34.482+0000] {logging_mixin.py:190} INFO - [2026-05-21T14:17:34.482+0000] {dag.py:4180} INFO - Setting next_dagrun for product_processing to 2026-05-20 00:00:00+00:00, run_after=2026-05-21 00:00:00+00:00
[2026-05-21T14:17:34.495+0000] {processor.py:208} INFO - Processing /opt/airflow/dags/product_processing.py took 0.341 seconds
[2026-05-21T14:18:04.709+0000] {processor.py:186} INFO - Started process (PID=20860) to work on /opt/airflow/dags/product_processing.py
[2026-05-21T14:18:04.710+0000] {processor.py:914} INFO - Processing file /opt/airflow/dags/product_processing.py for tasks to queue
[2026-05-21T14:18:04.711+0000] {logging_mixin.py:190} INFO - [2026-05-21T14:18:04.710+0000] {dagbag.py:588} INFO - Filling up the DagBag from /opt/airflow/dags/product_processing.py
[2026-05-21T14:18:05.055+0000] {processor.py:925} INFO - DAG(s) 'product_processing' retrieved from /opt/airflow/dags/product_processing.py
[2026-05-21T14:18:05.070+0000] {logging_mixin.py:190} INFO - [2026-05-21T14:18:05.070+0000] {dag.py:3239} INFO - Sync 1 DAGs
[2026-05-21T14:18:05.086+0000] {logging_mixin.py:190} INFO - [2026-05-21T14:18:05.086+0000] {dag.py:4180} INFO - Setting next_dagrun for product_processing to 2026-05-20 00:00:00+00:00, run_after=2026-05-21 00:00:00+00:00
[2026-05-21T14:18:05.098+0000] {processor.py:208} INFO - Processing /opt/airflow/dags/product_processing.py took 0.395 seconds
[2026-05-21T14:18:35.311+0000] {processor.py:186} INFO - Started process (PID=20877) to work on /opt/airflow/dags/product_processing.py
[2026-05-21T14:18:35.312+0000] {processor.py:914} INFO - Processing file /opt/airflow/dags/product_processing.py for tasks to queue
[2026-05-21T14:18:35.313+0000] {logging_mixin.py:190} INFO - [2026-05-21T14:18:35.313+0000] {dagbag.py:588} INFO - Filling up the DagBag from /opt/airflow/dags/product_processing.py
[2026-05-21T14:18:35.644+0000] {processor.py:925} INFO - DAG(s) 'product_processing' retrieved from /opt/airflow/dags/product_processing.py
[2026-05-21T14:18:35.660+0000] {logging_mixin.py:190} INFO - [2026-05-21T14:18:35.660+0000] {dag.py:3239} INFO - Sync 1 DAGs
[2026-05-21T14:18:35.677+0000] {logging_mixin.py:190} INFO - [2026-05-21T14:18:35.676+0000] {dag.py:4180} INFO - Setting next_dagrun for product_processing to 2026-05-20 00:00:00+00:00, run_after=2026-05-21 00:00:00+00:00
[2026-05-21T14:18:35.689+0000] {processor.py:208} INFO - Processing /opt/airflow/dags/product_processing.py took 0.382 seconds
[2026-05-21T14:19:05.846+0000] {processor.py:186} INFO - Started process (PID=20894) to work on /opt/airflow/dags/product_processing.py
[2026-05-21T14:19:05.874+0000] {processor.py:914} INFO - Processing file /opt/airflow/dags/product_processing.py for tasks to queue
[2026-05-21T14:19:05.875+0000] {logging_mixin.py:190} INFO - [2026-05-21T14:19:05.875+0000] {dagbag.py:588} INFO - Filling up the DagBag from /opt/airflow/dags/product_processing.py
[2026-05-21T14:19:06.401+0000] {processor.py:925} INFO - DAG(s) 'product_processing' retrieved from /opt/airflow/dags/product_processing.py
[2026-05-21T14:19:06.417+0000] {logging_mixin.py:190} INFO - [2026-05-21T14:19:06.417+0000] {dag.py:3239} INFO - Sync 1 DAGs
[2026-05-21T14:19:06.433+0000] {logging_mixin.py:190} INFO - [2026-05-21T14:19:06.433+0000] {dag.py:4180} INFO - Setting next_dagrun for product_processing to 2026-05-20 00:00:00+00:00, run_after=2026-05-21 00:00:00+00:00
[2026-05-21T14:19:06.445+0000] {processor.py:208} INFO - Processing /opt/airflow/dags/product_processing.py took 0.605 seconds
[2026-05-21T14:19:36.527+0000] {processor.py:186} INFO - Started process (PID=20909) to work on /opt/airflow/dags/product_processing.py
[2026-05-21T14:19:36.527+0000] {processor.py:914} INFO - Processing file /opt/airflow/dags/product_processing.py for tasks to queue
[2026-05-21T14:19:36.528+0000] {logging_mixin.py:190} INFO - [2026-05-21T14:19:36.528+0000] {dagbag.py:588} INFO - Filling up the DagBag from /opt/airflow/dags/product_processing.py
[2026-05-21T14:19:36.841+0000] {processor.py:925} INFO - DAG(s) 'product_processing' retrieved from /opt/airflow/dags/product_processing.py
[2026-05-21T14:19:36.857+0000] {logging_mixin.py:190} INFO - [2026-05-21T14:19:36.856+0000] {dag.py:3239} INFO - Sync 1 DAGs
[2026-05-21T14:19:36.880+0000] {logging_mixin.py:190} INFO - [2026-05-21T14:19:36.880+0000] {dag.py:4180} INFO - Setting next_dagrun for product_processing to 2026-05-20 00:00:00+00:00, run_after=2026-05-21 00:00:00+00:00
[2026-05-21T14:19:36.894+0000] {processor.py:208} INFO - Processing /opt/airflow/dags/product_processing.py took 0.373 seconds
[2026-05-21T14:20:07.159+0000] {processor.py:186} INFO - Started process (PID=20925) to work on /opt/airflow/dags/product_processing.py
[2026-05-21T14:20:07.161+0000] {processor.py:914} INFO - Processing file /opt/airflow/dags/product_processing.py for tasks to queue
[2026-05-21T14:20:07.162+0000] {logging_mixin.py:190} INFO - [2026-05-21T14:20:07.162+0000] {dagbag.py:588} INFO - Filling up the DagBag from /opt/airflow/dags/product_processing.py
[2026-05-21T14:20:07.450+0000] {processor.py:925} INFO - DAG(s) 'product_processing' retrieved from /opt/airflow/dags/product_processing.py
[2026-05-21T14:20:07.465+0000] {logging_mixin.py:190} INFO - [2026-05-21T14:20:07.465+0000] {dag.py:3239} INFO - Sync 1 DAGs
[2026-05-21T14:20:07.481+0000] {logging_mixin.py:190} INFO - [2026-05-21T14:20:07.481+0000] {dag.py:4180} INFO - Setting next_dagrun for product_processing to 2026-05-20 00:00:00+00:00, run_after=2026-05-21 00:00:00+00:00
[2026-05-21T14:20:07.550+0000] {processor.py:208} INFO - Processing /opt/airflow/dags/product_processing.py took 0.396 seconds
[2026-05-21T14:20:37.761+0000] {processor.py:186} INFO - Started process (PID=20941) to work on /opt/airflow/dags/product_processing.py
[2026-05-21T14:20:37.762+0000] {processor.py:914} INFO - Processing file /opt/airflow/dags/product_processing.py for tasks to queue
[2026-05-21T14:20:37.763+0000] {logging_mixin.py:190} INFO - [2026-05-21T14:20:37.763+0000] {dagbag.py:588} INFO - Filling up the DagBag from /opt/airflow/dags/product_processing.py
[2026-05-21T14:20:38.067+0000] {processor.py:925} INFO - DAG(s) 'product_processing' retrieved from /opt/airflow/dags/product_processing.py
[2026-05-21T14:20:38.082+0000] {logging_mixin.py:190} INFO - [2026-05-21T14:20:38.082+0000] {dag.py:3239} INFO - Sync 1 DAGs
[2026-05-21T14:20:38.099+0000] {logging_mixin.py:190} INFO - [2026-05-21T14:20:38.098+0000] {dag.py:4180} INFO - Setting next_dagrun for product_processing to 2026-05-20 00:00:00+00:00, run_after=2026-05-21 00:00:00+00:00
[2026-05-21T14:20:38.111+0000] {processor.py:208} INFO - Processing /opt/airflow/dags/product_processing.py took 0.356 seconds
[2026-05-21T14:21:08.399+0000] {processor.py:186} INFO - Started process (PID=20957) to work on /opt/airflow/dags/product_processing.py
[2026-05-21T14:21:08.400+0000] {processor.py:914} INFO - Processing file /opt/airflow/dags/product_processing.py for tasks to queue
[2026-05-21T14:21:08.401+0000] {logging_mixin.py:190} INFO - [2026-05-21T14:21:08.400+0000] {dagbag.py:588} INFO - Filling up the DagBag from /opt/airflow/dags/product_processing.py
[2026-05-21T14:21:08.702+0000] {processor.py:925} INFO - DAG(s) 'product_processing' retrieved from /opt/airflow/dags/product_processing.py
[2026-05-21T14:21:08.718+0000] {logging_mixin.py:190} INFO - [2026-05-21T14:21:08.718+0000] {dag.py:3239} INFO - Sync 1 DAGs
[2026-05-21T14:21:08.734+0000] {logging_mixin.py:190} INFO - [2026-05-21T14:21:08.734+0000] {dag.py:4180} INFO - Setting next_dagrun for product_processing to 2026-05-20 00:00:00+00:00, run_after=2026-05-21 00:00:00+00:00
[2026-05-21T14:21:08.748+0000] {processor.py:208} INFO - Processing /opt/airflow/dags/product_processing.py took 0.353 seconds
[2026-05-21T14:21:39.250+0000] {processor.py:186} INFO - Started process (PID=20974) to work on /opt/airflow/dags/product_processing.py
[2026-05-21T14:21:39.251+0000] {processor.py:914} INFO - Processing file /opt/airflow/dags/product_processing.py for tasks to queue
[2026-05-21T14:21:39.252+0000] {logging_mixin.py:190} INFO - [2026-05-21T14:21:39.252+0000] {dagbag.py:588} INFO - Filling up the DagBag from /opt/airflow/dags/product_processing.py
[2026-05-21T14:21:39.553+0000] {processor.py:925} INFO - DAG(s) 'product_processing' retrieved from /opt/airflow/dags/product_processing.py
[2026-05-21T14:21:39.567+0000] {logging_mixin.py:190} INFO - [2026-05-21T14:21:39.567+0000] {dag.py:3239} INFO - Sync 1 DAGs
[2026-05-21T14:21:39.583+0000] {logging_mixin.py:190} INFO - [2026-05-21T14:21:39.582+0000] {dag.py:4180} INFO - Setting next_dagrun for product_processing to 2026-05-20 00:00:00+00:00, run_after=2026-05-21 00:00:00+00:00
[2026-05-21T14:21:39.597+0000] {processor.py:208} INFO - Processing /opt/airflow/dags/product_processing.py took 0.351 seconds
[2026-05-21T14:22:09.918+0000] {processor.py:186} INFO - Started process (PID=20990) to work on /opt/airflow/dags/product_processing.py
[2026-05-21T14:22:09.920+0000] {processor.py:914} INFO - Processing file /opt/airflow/dags/product_processing.py for tasks to queue
[2026-05-21T14:22:09.921+0000] {logging_mixin.py:190} INFO - [2026-05-21T14:22:09.921+0000] {dagbag.py:588} INFO - Filling up the DagBag from /opt/airflow/dags/product_processing.py
[2026-05-21T14:22:10.226+0000] {processor.py:925} INFO - DAG(s) 'product_processing' retrieved from /opt/airflow/dags/product_processing.py
[2026-05-21T14:22:10.241+0000] {logging_mixin.py:190} INFO - [2026-05-21T14:22:10.241+0000] {dag.py:3239} INFO - Sync 1 DAGs
[2026-05-21T14:22:10.258+0000] {logging_mixin.py:190} INFO - [2026-05-21T14:22:10.258+0000] {dag.py:4180} INFO - Setting next_dagrun for product_processing to 2026-05-20 00:00:00+00:00, run_after=2026-05-21 00:00:00+00:00
[2026-05-21T14:22:10.271+0000] {processor.py:208} INFO - Processing /opt/airflow/dags/product_processing.py took 0.357 seconds
[2026-05-21T14:22:40.549+0000] {processor.py:186} INFO - Started process (PID=21006) to work on /opt/airflow/dags/product_processing.py
[2026-05-21T14:22:40.550+0000] {processor.py:914} INFO - Processing file /opt/airflow/dags/product_processing.py for tasks to queue
[2026-05-21T14:22:40.551+0000] {logging_mixin.py:190} INFO - [2026-05-21T14:22:40.551+0000] {dagbag.py:588} INFO - Filling up the DagBag from /opt/airflow/dags/product_processing.py
[2026-05-21T14:22:40.855+0000] {processor.py:925} INFO - DAG(s) 'product_processing' retrieved from /opt/airflow/dags/product_processing.py
[2026-05-21T14:22:40.871+0000] {logging_mixin.py:190} INFO - [2026-05-21T14:22:40.870+0000] {dag.py:3239} INFO - Sync 1 DAGs
[2026-05-21T14:22:40.886+0000] {logging_mixin.py:190} INFO - [2026-05-21T14:22:40.886+0000] {dag.py:4180} INFO - Setting next_dagrun for product_processing to 2026-05-20 00:00:00+00:00, run_after=2026-05-21 00:00:00+00:00
[2026-05-21T14:22:40.898+0000] {processor.py:208} INFO - Processing /opt/airflow/dags/product_processing.py took 0.353 seconds
[2026-05-21T14:23:11.087+0000] {processor.py:186} INFO - Started process (PID=21021) to work on /opt/airflow/dags/product_processing.py
[2026-05-21T14:23:11.088+0000] {processor.py:914} INFO - Processing file /opt/airflow/dags/product_processing.py for tasks to queue
[2026-05-21T14:23:11.089+0000] {logging_mixin.py:190} INFO - [2026-05-21T14:23:11.089+0000] {dagbag.py:588} INFO - Filling up the DagBag from /opt/airflow/dags/product_processing.py
[2026-05-21T14:23:11.396+0000] {processor.py:925} INFO - DAG(s) 'product_processing' retrieved from /opt/airflow/dags/product_processing.py
[2026-05-21T14:23:11.412+0000] {logging_mixin.py:190} INFO - [2026-05-21T14:23:11.411+0000] {dag.py:3239} INFO - Sync 1 DAGs
[2026-05-21T14:23:11.427+0000] {logging_mixin.py:190} INFO - [2026-05-21T14:23:11.427+0000] {dag.py:4180} INFO - Setting next_dagrun for product_processing to 2026-05-20 00:00:00+00:00, run_after=2026-05-21 00:00:00+00:00
[2026-05-21T14:23:11.439+0000] {processor.py:208} INFO - Processing /opt/airflow/dags/product_processing.py took 0.357 seconds
[2026-05-21T14:23:41.659+0000] {processor.py:186} INFO - Started process (PID=21037) to work on /opt/airflow/dags/product_processing.py
[2026-05-21T14:23:41.660+0000] {processor.py:914} INFO - Processing file /opt/airflow/dags/product_processing.py for tasks to queue
[2026-05-21T14:23:41.661+0000] {logging_mixin.py:190} INFO - [2026-05-21T14:23:41.660+0000] {dagbag.py:588} INFO - Filling up the DagBag from /opt/airflow/dags/product_processing.py
[2026-05-21T14:23:41.980+0000] {processor.py:925} INFO - DAG(s) 'product_processing' retrieved from /opt/airflow/dags/product_processing.py
[2026-05-21T14:23:41.998+0000] {logging_mixin.py:190} INFO - [2026-05-21T14:23:41.997+0000] {dag.py:3239} INFO - Sync 1 DAGs
[2026-05-21T14:23:42.016+0000] {logging_mixin.py:190} INFO - [2026-05-21T14:23:42.016+0000] {dag.py:4180} INFO - Setting next_dagrun for product_processing to 2026-05-20 00:00:00+00:00, run_after=2026-05-21 00:00:00+00:00
[2026-05-21T14:23:42.031+0000] {processor.py:208} INFO - Processing /opt/airflow/dags/product_processing.py took 0.376 seconds
[2026-05-21T14:24:12.793+0000] {processor.py:186} INFO - Started process (PID=21053) to work on /opt/airflow/dags/product_processing.py
[2026-05-21T14:24:12.794+0000] {processor.py:914} INFO - Processing file /opt/airflow/dags/product_processing.py for tasks to queue
[2026-05-21T14:24:12.795+0000] {logging_mixin.py:190} INFO - [2026-05-21T14:24:12.795+0000] {dagbag.py:588} INFO - Filling up the DagBag from /opt/airflow/dags/product_processing.py
[2026-05-21T14:24:13.110+0000] {processor.py:925} INFO - DAG(s) 'product_processing' retrieved from /opt/airflow/dags/product_processing.py
[2026-05-21T14:24:13.128+0000] {logging_mixin.py:190} INFO - [2026-05-21T14:24:13.127+0000] {dag.py:3239} INFO - Sync 1 DAGs
[2026-05-21T14:24:13.143+0000] {logging_mixin.py:190} INFO - [2026-05-21T14:24:13.143+0000] {dag.py:4180} INFO - Setting next_dagrun for product_processing to 2026-05-20 00:00:00+00:00, run_after=2026-05-21 00:00:00+00:00
[2026-05-21T14:24:13.157+0000] {processor.py:208} INFO - Processing /opt/airflow/dags/product_processing.py took 0.369 seconds
[2026-05-21T14:24:43.585+0000] {processor.py:186} INFO - Started process (PID=21069) to work on /opt/airflow/dags/product_processing.py
[2026-05-21T14:24:43.586+0000] {processor.py:914} INFO - Processing file /opt/airflow/dags/product_processing.py for tasks to queue
[2026-05-21T14:24:43.587+0000] {logging_mixin.py:190} INFO - [2026-05-21T14:24:43.586+0000] {dagbag.py:588} INFO - Filling up the DagBag from /opt/airflow/dags/product_processing.py
[2026-05-21T14:24:43.902+0000] {processor.py:925} INFO - DAG(s) 'product_processing' retrieved from /opt/airflow/dags/product_processing.py
[2026-05-21T14:24:43.919+0000] {logging_mixin.py:190} INFO - [2026-05-21T14:24:43.919+0000] {dag.py:3239} INFO - Sync 1 DAGs
[2026-05-21T14:24:43.935+0000] {logging_mixin.py:190} INFO - [2026-05-21T14:24:43.935+0000] {dag.py:4180} INFO - Setting next_dagrun for product_processing to 2026-05-20 00:00:00+00:00, run_after=2026-05-21 00:00:00+00:00
[2026-05-21T14:24:43.953+0000] {processor.py:208} INFO - Processing /opt/airflow/dags/product_processing.py took 0.372 seconds
[2026-05-21T14:25:14.317+0000] {processor.py:186} INFO - Started process (PID=21085) to work on /opt/airflow/dags/product_processing.py
[2026-05-21T14:25:14.320+0000] {processor.py:914} INFO - Processing file /opt/airflow/dags/product_processing.py for tasks to queue
[2026-05-21T14:25:14.321+0000] {logging_mixin.py:190} INFO - [2026-05-21T14:25:14.320+0000] {dagbag.py:588} INFO - Filling up the DagBag from /opt/airflow/dags/product_processing.py
[2026-05-21T14:25:14.635+0000] {processor.py:925} INFO - DAG(s) 'product_processing' retrieved from /opt/airflow/dags/product_processing.py
[2026-05-21T14:25:14.651+0000] {logging_mixin.py:190} INFO - [2026-05-21T14:25:14.651+0000] {dag.py:3239} INFO - Sync 1 DAGs
[2026-05-21T14:25:14.668+0000] {logging_mixin.py:190} INFO - [2026-05-21T14:25:14.668+0000] {dag.py:4180} INFO - Setting next_dagrun for product_processing to 2026-05-20 00:00:00+00:00, run_after=2026-05-21 00:00:00+00:00
[2026-05-21T14:25:14.683+0000] {processor.py:208} INFO - Processing /opt/airflow/dags/product_processing.py took 0.370 seconds
[2026-05-21T14:25:44.979+0000] {processor.py:186} INFO - Started process (PID=21101) to work on /opt/airflow/dags/product_processing.py
[2026-05-21T14:25:44.979+0000] {processor.py:914} INFO - Processing file /opt/airflow/dags/product_processing.py for tasks to queue
[2026-05-21T14:25:44.980+0000] {logging_mixin.py:190} INFO - [2026-05-21T14:25:44.980+0000] {dagbag.py:588} INFO - Filling up the DagBag from /opt/airflow/dags/product_processing.py
[2026-05-21T14:25:45.290+0000] {processor.py:925} INFO - DAG(s) 'product_processing' retrieved from /opt/airflow/dags/product_processing.py
[2026-05-21T14:25:45.307+0000] {logging_mixin.py:190} INFO - [2026-05-21T14:25:45.306+0000] {dag.py:3239} INFO - Sync 1 DAGs
[2026-05-21T14:25:45.324+0000] {logging_mixin.py:190} INFO - [2026-05-21T14:25:45.324+0000] {dag.py:4180} INFO - Setting next_dagrun for product_processing to 2026-05-20 00:00:00+00:00, run_after=2026-05-21 00:00:00+00:00
[2026-05-21T14:25:45.337+0000] {processor.py:208} INFO - Processing /opt/airflow/dags/product_processing.py took 0.363 seconds
[2026-05-21T14:26:16.062+0000] {processor.py:186} INFO - Started process (PID=21117) to work on /opt/airflow/dags/product_processing.py
[2026-05-21T14:26:16.063+0000] {processor.py:914} INFO - Processing file /opt/airflow/dags/product_processing.py for tasks to queue
[2026-05-21T14:26:16.064+0000] {logging_mixin.py:190} INFO - [2026-05-21T14:26:16.064+0000] {dagbag.py:588} INFO - Filling up the DagBag from /opt/airflow/dags/product_processing.py
[2026-05-21T14:26:16.381+0000] {processor.py:925} INFO - DAG(s) 'product_processing' retrieved from /opt/airflow/dags/product_processing.py
[2026-05-21T14:26:16.398+0000] {logging_mixin.py:190} INFO - [2026-05-21T14:26:16.398+0000] {dag.py:3239} INFO - Sync 1 DAGs
[2026-05-21T14:26:16.415+0000] {logging_mixin.py:190} INFO - [2026-05-21T14:26:16.414+0000] {dag.py:4180} INFO - Setting next_dagrun for product_processing to 2026-05-20 00:00:00+00:00, run_after=2026-05-21 00:00:00+00:00
[2026-05-21T14:26:16.428+0000] {processor.py:208} INFO - Processing /opt/airflow/dags/product_processing.py took 0.373 seconds
[2026-05-21T14:26:46.494+0000] {processor.py:186} INFO - Started process (PID=21135) to work on /opt/airflow/dags/product_processing.py
[2026-05-21T14:26:46.495+0000] {processor.py:914} INFO - Processing file /opt/airflow/dags/product_processing.py for tasks to queue
[2026-05-21T14:26:46.495+0000] {logging_mixin.py:190} INFO - [2026-05-21T14:26:46.495+0000] {dagbag.py:588} INFO - Filling up the DagBag from /opt/airflow/dags/product_processing.py
[2026-05-21T14:26:46.789+0000] {processor.py:925} INFO - DAG(s) 'product_processing' retrieved from /opt/airflow/dags/product_processing.py
[2026-05-21T14:26:46.810+0000] {logging_mixin.py:190} INFO - [2026-05-21T14:26:46.810+0000] {dag.py:3239} INFO - Sync 1 DAGs
[2026-05-21T14:26:46.828+0000] {logging_mixin.py:190} INFO - [2026-05-21T14:26:46.828+0000] {dag.py:4180} INFO - Setting next_dagrun for product_processing to 2026-05-20 00:00:00+00:00, run_after=2026-05-21 00:00:00+00:00
[2026-05-21T14:26:46.842+0000] {processor.py:208} INFO - Processing /opt/airflow/dags/product_processing.py took 0.352 seconds
[2026-05-21T14:27:17.632+0000] {processor.py:186} INFO - Started process (PID=21151) to work on /opt/airflow/dags/product_processing.py
[2026-05-21T14:27:17.633+0000] {processor.py:914} INFO - Processing file /opt/airflow/dags/product_processing.py for tasks to queue
[2026-05-21T14:27:17.634+0000] {logging_mixin.py:190} INFO - [2026-05-21T14:27:17.633+0000] {dagbag.py:588} INFO - Filling up the DagBag from /opt/airflow/dags/product_processing.py
[2026-05-21T14:27:17.931+0000] {processor.py:925} INFO - DAG(s) 'product_processing' retrieved from /opt/airflow/dags/product_processing.py
[2026-05-21T14:27:17.946+0000] {logging_mixin.py:190} INFO - [2026-05-21T14:27:17.946+0000] {dag.py:3239} INFO - Sync 1 DAGs
[2026-05-21T14:27:17.961+0000] {logging_mixin.py:190} INFO - [2026-05-21T14:27:17.961+0000] {dag.py:4180} INFO - Setting next_dagrun for product_processing to 2026-05-20 00:00:00+00:00, run_after=2026-05-21 00:00:00+00:00
[2026-05-21T14:27:17.973+0000] {processor.py:208} INFO - Processing /opt/airflow/dags/product_processing.py took 0.345 seconds
[2026-05-21T14:27:48.522+0000] {processor.py:186} INFO - Started process (PID=21167) to work on /opt/airflow/dags/product_processing.py
[2026-05-21T14:27:48.522+0000] {processor.py:914} INFO - Processing file /opt/airflow/dags/product_processing.py for tasks to queue
[2026-05-21T14:27:48.523+0000] {logging_mixin.py:190} INFO - [2026-05-21T14:27:48.523+0000] {dagbag.py:588} INFO - Filling up the DagBag from /opt/airflow/dags/product_processing.py
[2026-05-21T14:27:48.822+0000] {processor.py:925} INFO - DAG(s) 'product_processing' retrieved from /opt/airflow/dags/product_processing.py
[2026-05-21T14:27:48.838+0000] {logging_mixin.py:190} INFO - [2026-05-21T14:27:48.837+0000] {dag.py:3239} INFO - Sync 1 DAGs
[2026-05-21T14:27:48.853+0000] {logging_mixin.py:190} INFO - [2026-05-21T14:27:48.853+0000] {dag.py:4180} INFO - Setting next_dagrun for product_processing to 2026-05-20 00:00:00+00:00, run_after=2026-05-21 00:00:00+00:00
[2026-05-21T14:27:48.865+0000] {processor.py:208} INFO - Processing /opt/airflow/dags/product_processing.py took 0.348 seconds
[2026-05-21T14:28:19.431+0000] {processor.py:186} INFO - Started process (PID=21183) to work on /opt/airflow/dags/product_processing.py
[2026-05-21T14:28:19.433+0000] {processor.py:914} INFO - Processing file /opt/airflow/dags/product_processing.py for tasks to queue
[2026-05-21T14:28:19.433+0000] {logging_mixin.py:190} INFO - [2026-05-21T14:28:19.433+0000] {dagbag.py:588} INFO - Filling up the DagBag from /opt/airflow/dags/product_processing.py
[2026-05-21T14:28:19.722+0000] {processor.py:925} INFO - DAG(s) 'product_processing' retrieved from /opt/airflow/dags/product_processing.py
[2026-05-21T14:28:19.738+0000] {logging_mixin.py:190} INFO - [2026-05-21T14:28:19.737+0000] {dag.py:3239} INFO - Sync 1 DAGs
[2026-05-21T14:28:19.752+0000] {logging_mixin.py:190} INFO - [2026-05-21T14:28:19.751+0000] {dag.py:4180} INFO - Setting next_dagrun for product_processing to 2026-05-20 00:00:00+00:00, run_after=2026-05-21 00:00:00+00:00
[2026-05-21T14:28:19.763+0000] {processor.py:208} INFO - Processing /opt/airflow/dags/product_processing.py took 0.336 seconds
[2026-05-21T14:28:50.200+0000] {processor.py:186} INFO - Started process (PID=21199) to work on /opt/airflow/dags/product_processing.py
[2026-05-21T14:28:50.200+0000] {processor.py:914} INFO - Processing file /opt/airflow/dags/product_processing.py for tasks to queue
[2026-05-21T14:28:50.201+0000] {logging_mixin.py:190} INFO - [2026-05-21T14:28:50.201+0000] {dagbag.py:588} INFO - Filling up the DagBag from /opt/airflow/dags/product_processing.py
[2026-05-21T14:28:50.505+0000] {processor.py:925} INFO - DAG(s) 'product_processing' retrieved from /opt/airflow/dags/product_processing.py
[2026-05-21T14:28:50.518+0000] {logging_mixin.py:190} INFO - [2026-05-21T14:28:50.518+0000] {dag.py:3239} INFO - Sync 1 DAGs
[2026-05-21T14:28:50.532+0000] {logging_mixin.py:190} INFO - [2026-05-21T14:28:50.532+0000] {dag.py:4180} INFO - Setting next_dagrun for product_processing to 2026-05-20 00:00:00+00:00, run_after=2026-05-21 00:00:00+00:00
[2026-05-21T14:28:50.547+0000] {processor.py:208} INFO - Processing /opt/airflow/dags/product_processing.py took 0.351 seconds
[2026-05-21T14:29:21.001+0000] {processor.py:186} INFO - Started process (PID=21216) to work on /opt/airflow/dags/product_processing.py
[2026-05-21T14:29:21.002+0000] {processor.py:914} INFO - Processing file /opt/airflow/dags/product_processing.py for tasks to queue
[2026-05-21T14:29:21.003+0000] {logging_mixin.py:190} INFO - [2026-05-21T14:29:21.003+0000] {dagbag.py:588} INFO - Filling up the DagBag from /opt/airflow/dags/product_processing.py
[2026-05-21T14:29:21.290+0000] {processor.py:925} INFO - DAG(s) 'product_processing' retrieved from /opt/airflow/dags/product_processing.py
[2026-05-21T14:29:21.304+0000] {logging_mixin.py:190} INFO - [2026-05-21T14:29:21.304+0000] {dag.py:3239} INFO - Sync 1 DAGs
[2026-05-21T14:29:21.318+0000] {logging_mixin.py:190} INFO - [2026-05-21T14:29:21.318+0000] {dag.py:4180} INFO - Setting next_dagrun for product_processing to 2026-05-20 00:00:00+00:00, run_after=2026-05-21 00:00:00+00:00
[2026-05-21T14:29:21.330+0000] {processor.py:208} INFO - Processing /opt/airflow/dags/product_processing.py took 0.333 seconds
[2026-05-21T14:29:51.678+0000] {processor.py:186} INFO - Started process (PID=21232) to work on /opt/airflow/dags/product_processing.py
[2026-05-21T14:29:51.679+0000] {processor.py:914} INFO - Processing file /opt/airflow/dags/product_processing.py for tasks to queue
[2026-05-21T14:29:51.680+0000] {logging_mixin.py:190} INFO - [2026-05-21T14:29:51.679+0000] {dagbag.py:588} INFO - Filling up the DagBag from /opt/airflow/dags/product_processing.py
[2026-05-21T14:29:51.965+0000] {processor.py:925} INFO - DAG(s) 'product_processing' retrieved from /opt/airflow/dags/product_processing.py
[2026-05-21T14:29:51.980+0000] {logging_mixin.py:190} INFO - [2026-05-21T14:29:51.980+0000] {dag.py:3239} INFO - Sync 1 DAGs
[2026-05-21T14:29:51.994+0000] {logging_mixin.py:190} INFO - [2026-05-21T14:29:51.994+0000] {dag.py:4180} INFO - Setting next_dagrun for product_processing to 2026-05-20 00:00:00+00:00, run_after=2026-05-21 00:00:00+00:00
[2026-05-21T14:29:52.005+0000] {processor.py:208} INFO - Processing /opt/airflow/dags/product_processing.py took 0.331 seconds
[2026-05-21T14:30:22.610+0000] {processor.py:186} INFO - Started process (PID=21248) to work on /opt/airflow/dags/product_processing.py
[2026-05-21T14:30:22.611+0000] {processor.py:914} INFO - Processing file /opt/airflow/dags/product_processing.py for tasks to queue
[2026-05-21T14:30:22.612+0000] {logging_mixin.py:190} INFO - [2026-05-21T14:30:22.611+0000] {dagbag.py:588} INFO - Filling up the DagBag from /opt/airflow/dags/product_processing.py
[2026-05-21T14:30:22.903+0000] {processor.py:925} INFO - DAG(s) 'product_processing' retrieved from /opt/airflow/dags/product_processing.py
[2026-05-21T14:30:22.921+0000] {logging_mixin.py:190} INFO - [2026-05-21T14:30:22.920+0000] {dag.py:3239} INFO - Sync 1 DAGs
[2026-05-21T14:30:22.937+0000] {logging_mixin.py:190} INFO - [2026-05-21T14:30:22.937+0000] {dag.py:4180} INFO - Setting next_dagrun for product_processing to 2026-05-20 00:00:00+00:00, run_after=2026-05-21 00:00:00+00:00
[2026-05-21T14:30:22.949+0000] {processor.py:208} INFO - Processing /opt/airflow/dags/product_processing.py took 0.344 seconds
[2026-05-21T14:30:53.350+0000] {processor.py:186} INFO - Started process (PID=21264) to work on /opt/airflow/dags/product_processing.py
[2026-05-21T14:30:53.351+0000] {processor.py:914} INFO - Processing file /opt/airflow/dags/product_processing.py for tasks to queue
[2026-05-21T14:30:53.352+0000] {logging_mixin.py:190} INFO - [2026-05-21T14:30:53.351+0000] {dagbag.py:588} INFO - Filling up the DagBag from /opt/airflow/dags/product_processing.py
[2026-05-21T14:30:53.652+0000] {processor.py:925} INFO - DAG(s) 'product_processing' retrieved from /opt/airflow/dags/product_processing.py
[2026-05-21T14:30:53.668+0000] {logging_mixin.py:190} INFO - [2026-05-21T14:30:53.668+0000] {dag.py:3239} INFO - Sync 1 DAGs
[2026-05-21T14:30:53.683+0000] {logging_mixin.py:190} INFO - [2026-05-21T14:30:53.683+0000] {dag.py:4180} INFO - Setting next_dagrun for product_processing to 2026-05-20 00:00:00+00:00, run_after=2026-05-21 00:00:00+00:00
[2026-05-21T14:30:53.695+0000] {processor.py:208} INFO - Processing /opt/airflow/dags/product_processing.py took 0.350 seconds
[2026-05-21T14:31:24.213+0000] {processor.py:186} INFO - Started process (PID=21280) to work on /opt/airflow/dags/product_processing.py
[2026-05-21T14:31:24.214+0000] {processor.py:914} INFO - Processing file /opt/airflow/dags/product_processing.py for tasks to queue
[2026-05-21T14:31:24.215+0000] {logging_mixin.py:190} INFO - [2026-05-21T14:31:24.214+0000] {dagbag.py:588} INFO - Filling up the DagBag from /opt/airflow/dags/product_processing.py
[2026-05-21T14:31:24.502+0000] {processor.py:925} INFO - DAG(s) 'product_processing' retrieved from /opt/airflow/dags/product_processing.py
[2026-05-21T14:31:24.517+0000] {logging_mixin.py:190} INFO - [2026-05-21T14:31:24.517+0000] {dag.py:3239} INFO - Sync 1 DAGs
[2026-05-21T14:31:24.531+0000] {logging_mixin.py:190} INFO - [2026-05-21T14:31:24.531+0000] {dag.py:4180} INFO - Setting next_dagrun for product_processing to 2026-05-20 00:00:00+00:00, run_after=2026-05-21 00:00:00+00:00
[2026-05-21T14:31:24.543+0000] {processor.py:208} INFO - Processing /opt/airflow/dags/product_processing.py took 0.334 seconds
[2026-05-21T14:31:54.608+0000] {processor.py:186} INFO - Started process (PID=21296) to work on /opt/airflow/dags/product_processing.py
[2026-05-21T14:31:54.609+0000] {processor.py:914} INFO - Processing file /opt/airflow/dags/product_processing.py for tasks to queue
[2026-05-21T14:31:54.610+0000] {logging_mixin.py:190} INFO - [2026-05-21T14:31:54.610+0000] {dagbag.py:588} INFO - Filling up the DagBag from /opt/airflow/dags/product_processing.py
[2026-05-21T14:31:54.904+0000] {processor.py:925} INFO - DAG(s) 'product_processing' retrieved from /opt/airflow/dags/product_processing.py
[2026-05-21T14:31:54.920+0000] {logging_mixin.py:190} INFO - [2026-05-21T14:31:54.919+0000] {dag.py:3239} INFO - Sync 1 DAGs
[2026-05-21T14:31:54.936+0000] {logging_mixin.py:190} INFO - [2026-05-21T14:31:54.936+0000] {dag.py:4180} INFO - Setting next_dagrun for product_processing to 2026-05-20 00:00:00+00:00, run_after=2026-05-21 00:00:00+00:00
[2026-05-21T14:31:54.948+0000] {processor.py:208} INFO - Processing /opt/airflow/dags/product_processing.py took 0.344 seconds
[2026-05-21T14:32:24.994+0000] {processor.py:186} INFO - Started process (PID=21312) to work on /opt/airflow/dags/product_processing.py
[2026-05-21T14:32:24.995+0000] {processor.py:914} INFO - Processing file /opt/airflow/dags/product_processing.py for tasks to queue
[2026-05-21T14:32:24.996+0000] {logging_mixin.py:190} INFO - [2026-05-21T14:32:24.996+0000] {dagbag.py:588} INFO - Filling up the DagBag from /opt/airflow/dags/product_processing.py
[2026-05-21T14:32:25.289+0000] {processor.py:925} INFO - DAG(s) 'product_processing' retrieved from /opt/airflow/dags/product_processing.py
[2026-05-21T14:32:25.305+0000] {logging_mixin.py:190} INFO - [2026-05-21T14:32:25.305+0000] {dag.py:3239} INFO - Sync 1 DAGs
[2026-05-21T14:32:25.319+0000] {logging_mixin.py:190} INFO - [2026-05-21T14:32:25.319+0000] {dag.py:4180} INFO - Setting next_dagrun for product_processing to 2026-05-20 00:00:00+00:00, run_after=2026-05-21 00:00:00+00:00
[2026-05-21T14:32:25.332+0000] {processor.py:208} INFO - Processing /opt/airflow/dags/product_processing.py took 0.342 seconds
[2026-05-21T14:32:55.678+0000] {processor.py:186} INFO - Started process (PID=21329) to work on /opt/airflow/dags/product_processing.py
[2026-05-21T14:32:55.678+0000] {processor.py:914} INFO - Processing file /opt/airflow/dags/product_processing.py for tasks to queue
[2026-05-21T14:32:55.679+0000] {logging_mixin.py:190} INFO - [2026-05-21T14:32:55.679+0000] {dagbag.py:588} INFO - Filling up the DagBag from /opt/airflow/dags/product_processing.py
[2026-05-21T14:32:56.009+0000] {processor.py:925} INFO - DAG(s) 'product_processing' retrieved from /opt/airflow/dags/product_processing.py
[2026-05-21T14:32:56.025+0000] {logging_mixin.py:190} INFO - [2026-05-21T14:32:56.024+0000] {dag.py:3239} INFO - Sync 1 DAGs
[2026-05-21T14:32:56.040+0000] {logging_mixin.py:190} INFO - [2026-05-21T14:32:56.040+0000] {dag.py:4180} INFO - Setting next_dagrun for product_processing to 2026-05-20 00:00:00+00:00, run_after=2026-05-21 00:00:00+00:00
[2026-05-21T14:32:56.055+0000] {processor.py:208} INFO - Processing /opt/airflow/dags/product_processing.py took 0.382 seconds
[2026-05-21T14:33:26.420+0000] {processor.py:186} INFO - Started process (PID=21352) to work on /opt/airflow/dags/product_processing.py
[2026-05-21T14:33:26.422+0000] {processor.py:914} INFO - Processing file /opt/airflow/dags/product_processing.py for tasks to queue
[2026-05-21T14:33:26.423+0000] {logging_mixin.py:190} INFO - [2026-05-21T14:33:26.423+0000] {dagbag.py:588} INFO - Filling up the DagBag from /opt/airflow/dags/product_processing.py
[2026-05-21T14:33:26.703+0000] {processor.py:925} INFO - DAG(s) 'product_processing' retrieved from /opt/airflow/dags/product_processing.py
[2026-05-21T14:33:26.716+0000] {logging_mixin.py:190} INFO - [2026-05-21T14:33:26.716+0000] {dag.py:3239} INFO - Sync 1 DAGs
[2026-05-21T14:33:26.730+0000] {logging_mixin.py:190} INFO - [2026-05-21T14:33:26.730+0000] {dag.py:4180} INFO - Setting next_dagrun for product_processing to 2026-05-20 00:00:00+00:00, run_after=2026-05-21 00:00:00+00:00
[2026-05-21T14:33:26.741+0000] {processor.py:208} INFO - Processing /opt/airflow/dags/product_processing.py took 0.325 seconds
[2026-05-21T14:33:57.080+0000] {processor.py:186} INFO - Started process (PID=21369) to work on /opt/airflow/dags/product_processing.py
[2026-05-21T14:33:57.081+0000] {processor.py:914} INFO - Processing file /opt/airflow/dags/product_processing.py for tasks to queue
[2026-05-21T14:33:57.081+0000] {logging_mixin.py:190} INFO - [2026-05-21T14:33:57.081+0000] {dagbag.py:588} INFO - Filling up the DagBag from /opt/airflow/dags/product_processing.py
[2026-05-21T14:33:57.372+0000] {processor.py:925} INFO - DAG(s) 'product_processing' retrieved from /opt/airflow/dags/product_processing.py
[2026-05-21T14:33:57.388+0000] {logging_mixin.py:190} INFO - [2026-05-21T14:33:57.388+0000] {dag.py:3239} INFO - Sync 1 DAGs
[2026-05-21T14:33:57.403+0000] {logging_mixin.py:190} INFO - [2026-05-21T14:33:57.403+0000] {dag.py:4180} INFO - Setting next_dagrun for product_processing to 2026-05-20 00:00:00+00:00, run_after=2026-05-21 00:00:00+00:00
[2026-05-21T14:33:57.415+0000] {processor.py:208} INFO - Processing /opt/airflow/dags/product_processing.py took 0.339 seconds
[2026-05-21T14:34:28.009+0000] {processor.py:186} INFO - Started process (PID=21384) to work on /opt/airflow/dags/product_processing.py
[2026-05-21T14:34:28.010+0000] {processor.py:914} INFO - Processing file /opt/airflow/dags/product_processing.py for tasks to queue
[2026-05-21T14:34:28.011+0000] {logging_mixin.py:190} INFO - [2026-05-21T14:34:28.011+0000] {dagbag.py:588} INFO - Filling up the DagBag from /opt/airflow/dags/product_processing.py
[2026-05-21T14:34:28.323+0000] {processor.py:925} INFO - DAG(s) 'product_processing' retrieved from /opt/airflow/dags/product_processing.py
[2026-05-21T14:34:28.341+0000] {logging_mixin.py:190} INFO - [2026-05-21T14:34:28.341+0000] {dag.py:3239} INFO - Sync 1 DAGs
[2026-05-21T14:34:28.357+0000] {logging_mixin.py:190} INFO - [2026-05-21T14:34:28.357+0000] {dag.py:4180} INFO - Setting next_dagrun for product_processing to 2026-05-20 00:00:00+00:00, run_after=2026-05-21 00:00:00+00:00
[2026-05-21T14:34:28.370+0000] {processor.py:208} INFO - Processing /opt/airflow/dags/product_processing.py took 0.366 seconds
[2026-05-21T14:34:58.951+0000] {processor.py:186} INFO - Started process (PID=21401) to work on /opt/airflow/dags/product_processing.py
[2026-05-21T14:34:58.952+0000] {processor.py:914} INFO - Processing file /opt/airflow/dags/product_processing.py for tasks to queue
[2026-05-21T14:34:58.953+0000] {logging_mixin.py:190} INFO - [2026-05-21T14:34:58.953+0000] {dagbag.py:588} INFO - Filling up the DagBag from /opt/airflow/dags/product_processing.py
[2026-05-21T14:34:59.228+0000] {processor.py:925} INFO - DAG(s) 'product_processing' retrieved from /opt/airflow/dags/product_processing.py
[2026-05-21T14:34:59.243+0000] {logging_mixin.py:190} INFO - [2026-05-21T14:34:59.243+0000] {dag.py:3239} INFO - Sync 1 DAGs
[2026-05-21T14:34:59.257+0000] {logging_mixin.py:190} INFO - [2026-05-21T14:34:59.257+0000] {dag.py:4180} INFO - Setting next_dagrun for product_processing to 2026-05-20 00:00:00+00:00, run_after=2026-05-21 00:00:00+00:00
[2026-05-21T14:34:59.269+0000] {processor.py:208} INFO - Processing /opt/airflow/dags/product_processing.py took 0.325 seconds
[2026-05-21T14:35:29.710+0000] {processor.py:186} INFO - Started process (PID=21418) to work on /opt/airflow/dags/product_processing.py
[2026-05-21T14:35:29.711+0000] {processor.py:914} INFO - Processing file /opt/airflow/dags/product_processing.py for tasks to queue
[2026-05-21T14:35:29.712+0000] {logging_mixin.py:190} INFO - [2026-05-21T14:35:29.712+0000] {dagbag.py:588} INFO - Filling up the DagBag from /opt/airflow/dags/product_processing.py
[2026-05-21T14:35:29.911+0000] {processor.py:925} INFO - DAG(s) 'product_processing' retrieved from /opt/airflow/dags/product_processing.py
[2026-05-21T14:35:29.931+0000] {logging_mixin.py:190} INFO - [2026-05-21T14:35:29.931+0000] {dag.py:3239} INFO - Sync 1 DAGs
[2026-05-21T14:35:29.949+0000] {logging_mixin.py:190} INFO - [2026-05-21T14:35:29.949+0000] {dag.py:4180} INFO - Setting next_dagrun for product_processing to 2026-05-20 00:00:00+00:00, run_after=2026-05-21 00:00:00+00:00
[2026-05-21T14:35:29.964+0000] {processor.py:208} INFO - Processing /opt/airflow/dags/product_processing.py took 0.263 seconds
[2026-05-21T14:36:00.306+0000] {processor.py:186} INFO - Started process (PID=21434) to work on /opt/airflow/dags/product_processing.py
[2026-05-21T14:36:00.306+0000] {processor.py:914} INFO - Processing file /opt/airflow/dags/product_processing.py for tasks to queue
[2026-05-21T14:36:00.307+0000] {logging_mixin.py:190} INFO - [2026-05-21T14:36:00.307+0000] {dagbag.py:588} INFO - Filling up the DagBag from /opt/airflow/dags/product_processing.py
[2026-05-21T14:36:00.488+0000] {processor.py:925} INFO - DAG(s) 'product_processing' retrieved from /opt/airflow/dags/product_processing.py
[2026-05-21T14:36:00.507+0000] {logging_mixin.py:190} INFO - [2026-05-21T14:36:00.507+0000] {dag.py:3239} INFO - Sync 1 DAGs
[2026-05-21T14:36:00.525+0000] {logging_mixin.py:190} INFO - [2026-05-21T14:36:00.525+0000] {dag.py:4180} INFO - Setting next_dagrun for product_processing to 2026-05-20 00:00:00+00:00, run_after=2026-05-21 00:00:00+00:00
[2026-05-21T14:36:00.538+0000] {processor.py:208} INFO - Processing /opt/airflow/dags/product_processing.py took 0.236 seconds
[2026-05-21T14:36:30.936+0000] {processor.py:186} INFO - Started process (PID=21449) to work on /opt/airflow/dags/product_processing.py
[2026-05-21T14:36:30.937+0000] {processor.py:914} INFO - Processing file /opt/airflow/dags/product_processing.py for tasks to queue
[2026-05-21T14:36:30.937+0000] {logging_mixin.py:190} INFO - [2026-05-21T14:36:30.937+0000] {dagbag.py:588} INFO - Filling up the DagBag from /opt/airflow/dags/product_processing.py
[2026-05-21T14:36:31.133+0000] {processor.py:925} INFO - DAG(s) 'product_processing' retrieved from /opt/airflow/dags/product_processing.py
[2026-05-21T14:36:31.153+0000] {logging_mixin.py:190} INFO - [2026-05-21T14:36:31.152+0000] {dag.py:3239} INFO - Sync 1 DAGs
[2026-05-21T14:36:31.170+0000] {logging_mixin.py:190} INFO - [2026-05-21T14:36:31.170+0000] {dag.py:4180} INFO - Setting next_dagrun for product_processing to 2026-05-20 00:00:00+00:00, run_after=2026-05-21 00:00:00+00:00
[2026-05-21T14:36:31.183+0000] {processor.py:208} INFO - Processing /opt/airflow/dags/product_processing.py took 0.251 seconds
[2026-05-21T14:37:01.655+0000] {processor.py:186} INFO - Started process (PID=21465) to work on /opt/airflow/dags/product_processing.py
[2026-05-21T14:37:01.655+0000] {processor.py:914} INFO - Processing file /opt/airflow/dags/product_processing.py for tasks to queue
[2026-05-21T14:37:01.656+0000] {logging_mixin.py:190} INFO - [2026-05-21T14:37:01.656+0000] {dagbag.py:588} INFO - Filling up the DagBag from /opt/airflow/dags/product_processing.py
[2026-05-21T14:37:01.843+0000] {processor.py:925} INFO - DAG(s) 'product_processing' retrieved from /opt/airflow/dags/product_processing.py
[2026-05-21T14:37:01.862+0000] {logging_mixin.py:190} INFO - [2026-05-21T14:37:01.862+0000] {dag.py:3239} INFO - Sync 1 DAGs
[2026-05-21T14:37:01.879+0000] {logging_mixin.py:190} INFO - [2026-05-21T14:37:01.878+0000] {dag.py:4180} INFO - Setting next_dagrun for product_processing to 2026-05-20 00:00:00+00:00, run_after=2026-05-21 00:00:00+00:00
[2026-05-21T14:37:01.892+0000] {processor.py:208} INFO - Processing /opt/airflow/dags/product_processing.py took 0.242 seconds
[2026-05-21T14:37:32.202+0000] {processor.py:186} INFO - Started process (PID=21481) to work on /opt/airflow/dags/product_processing.py
[2026-05-21T14:37:32.204+0000] {processor.py:914} INFO - Processing file /opt/airflow/dags/product_processing.py for tasks to queue
[2026-05-21T14:37:32.205+0000] {logging_mixin.py:190} INFO - [2026-05-21T14:37:32.205+0000] {dagbag.py:588} INFO - Filling up the DagBag from /opt/airflow/dags/product_processing.py
[2026-05-21T14:37:32.396+0000] {processor.py:925} INFO - DAG(s) 'product_processing' retrieved from /opt/airflow/dags/product_processing.py
[2026-05-21T14:37:32.416+0000] {logging_mixin.py:190} INFO - [2026-05-21T14:37:32.415+0000] {dag.py:3239} INFO - Sync 1 DAGs
[2026-05-21T14:37:32.433+0000] {logging_mixin.py:190} INFO - [2026-05-21T14:37:32.433+0000] {dag.py:4180} INFO - Setting next_dagrun for product_processing to 2026-05-20 00:00:00+00:00, run_after=2026-05-21 00:00:00+00:00
[2026-05-21T14:37:32.447+0000] {processor.py:208} INFO - Processing /opt/airflow/dags/product_processing.py took 0.251 seconds
[2026-05-21T14:38:02.843+0000] {processor.py:186} INFO - Started process (PID=21498) to work on /opt/airflow/dags/product_processing.py
[2026-05-21T14:38:02.844+0000] {processor.py:914} INFO - Processing file /opt/airflow/dags/product_processing.py for tasks to queue
[2026-05-21T14:38:02.845+0000] {logging_mixin.py:190} INFO - [2026-05-21T14:38:02.844+0000] {dagbag.py:588} INFO - Filling up the DagBag from /opt/airflow/dags/product_processing.py
[2026-05-21T14:38:03.031+0000] {processor.py:925} INFO - DAG(s) 'product_processing' retrieved from /opt/airflow/dags/product_processing.py
[2026-05-21T14:38:03.050+0000] {logging_mixin.py:190} INFO - [2026-05-21T14:38:03.050+0000] {dag.py:3239} INFO - Sync 1 DAGs
[2026-05-21T14:38:03.068+0000] {logging_mixin.py:190} INFO - [2026-05-21T14:38:03.068+0000] {dag.py:4180} INFO - Setting next_dagrun for product_processing to 2026-05-20 00:00:00+00:00, run_after=2026-05-21 00:00:00+00:00
[2026-05-21T14:38:03.081+0000] {processor.py:208} INFO - Processing /opt/airflow/dags/product_processing.py took 0.242 seconds
[2026-05-21T14:38:33.491+0000] {processor.py:186} INFO - Started process (PID=21513) to work on /opt/airflow/dags/product_processing.py
[2026-05-21T14:38:33.492+0000] {processor.py:914} INFO - Processing file /opt/airflow/dags/product_processing.py for tasks to queue
[2026-05-21T14:38:33.493+0000] {logging_mixin.py:190} INFO - [2026-05-21T14:38:33.493+0000] {dagbag.py:588} INFO - Filling up the DagBag from /opt/airflow/dags/product_processing.py
[2026-05-21T14:38:33.680+0000] {processor.py:925} INFO - DAG(s) 'product_processing' retrieved from /opt/airflow/dags/product_processing.py
[2026-05-21T14:38:33.700+0000] {logging_mixin.py:190} INFO - [2026-05-21T14:38:33.700+0000] {dag.py:3239} INFO - Sync 1 DAGs
[2026-05-21T14:38:33.718+0000] {logging_mixin.py:190} INFO - [2026-05-21T14:38:33.717+0000] {dag.py:4180} INFO - Setting next_dagrun for product_processing to 2026-05-20 00:00:00+00:00, run_after=2026-05-21 00:00:00+00:00
[2026-05-21T14:38:33.731+0000] {processor.py:208} INFO - Processing /opt/airflow/dags/product_processing.py took 0.245 seconds
[2026-05-21T14:39:04.166+0000] {processor.py:186} INFO - Started process (PID=21529) to work on /opt/airflow/dags/product_processing.py
[2026-05-21T14:39:04.166+0000] {processor.py:914} INFO - Processing file /opt/airflow/dags/product_processing.py for tasks to queue
[2026-05-21T14:39:04.167+0000] {logging_mixin.py:190} INFO - [2026-05-21T14:39:04.167+0000] {dagbag.py:588} INFO - Filling up the DagBag from /opt/airflow/dags/product_processing.py
[2026-05-21T14:39:04.348+0000] {processor.py:925} INFO - DAG(s) 'product_processing' retrieved from /opt/airflow/dags/product_processing.py
[2026-05-21T14:39:04.366+0000] {logging_mixin.py:190} INFO - [2026-05-21T14:39:04.366+0000] {dag.py:3239} INFO - Sync 1 DAGs
[2026-05-21T14:39:04.384+0000] {logging_mixin.py:190} INFO - [2026-05-21T14:39:04.384+0000] {dag.py:4180} INFO - Setting next_dagrun for product_processing to 2026-05-20 00:00:00+00:00, run_after=2026-05-21 00:00:00+00:00
[2026-05-21T14:39:04.397+0000] {processor.py:208} INFO - Processing /opt/airflow/dags/product_processing.py took 0.236 seconds
[2026-05-21T14:39:34.797+0000] {processor.py:186} INFO - Started process (PID=21546) to work on /opt/airflow/dags/product_processing.py
[2026-05-21T14:39:34.804+0000] {processor.py:914} INFO - Processing file /opt/airflow/dags/product_processing.py for tasks to queue
[2026-05-21T14:39:34.805+0000] {logging_mixin.py:190} INFO - [2026-05-21T14:39:34.805+0000] {dagbag.py:588} INFO - Filling up the DagBag from /opt/airflow/dags/product_processing.py
[2026-05-21T14:39:34.990+0000] {processor.py:925} INFO - DAG(s) 'product_processing' retrieved from /opt/airflow/dags/product_processing.py
[2026-05-21T14:39:35.009+0000] {logging_mixin.py:190} INFO - [2026-05-21T14:39:35.008+0000] {dag.py:3239} INFO - Sync 1 DAGs
[2026-05-21T14:39:35.026+0000] {logging_mixin.py:190} INFO - [2026-05-21T14:39:35.026+0000] {dag.py:4180} INFO - Setting next_dagrun for product_processing to 2026-05-20 00:00:00+00:00, run_after=2026-05-21 00:00:00+00:00
[2026-05-21T14:39:35.039+0000] {processor.py:208} INFO - Processing /opt/airflow/dags/product_processing.py took 0.247 seconds
[2026-05-21T14:40:05.600+0000] {processor.py:186} INFO - Started process (PID=21562) to work on /opt/airflow/dags/product_processing.py
[2026-05-21T14:40:05.601+0000] {processor.py:914} INFO - Processing file /opt/airflow/dags/product_processing.py for tasks to queue
[2026-05-21T14:40:05.602+0000] {logging_mixin.py:190} INFO - [2026-05-21T14:40:05.602+0000] {dagbag.py:588} INFO - Filling up the DagBag from /opt/airflow/dags/product_processing.py
[2026-05-21T14:40:05.788+0000] {processor.py:925} INFO - DAG(s) 'product_processing' retrieved from /opt/airflow/dags/product_processing.py
[2026-05-21T14:40:05.807+0000] {logging_mixin.py:190} INFO - [2026-05-21T14:40:05.807+0000] {dag.py:3239} INFO - Sync 1 DAGs
[2026-05-21T14:40:05.826+0000] {logging_mixin.py:190} INFO - [2026-05-21T14:40:05.825+0000] {dag.py:4180} INFO - Setting next_dagrun for product_processing to 2026-05-20 00:00:00+00:00, run_after=2026-05-21 00:00:00+00:00
[2026-05-21T14:40:05.840+0000] {processor.py:208} INFO - Processing /opt/airflow/dags/product_processing.py took 0.244 seconds
[2026-05-21T14:40:36.283+0000] {processor.py:186} INFO - Started process (PID=21577) to work on /opt/airflow/dags/product_processing.py
[2026-05-21T14:40:36.284+0000] {processor.py:914} INFO - Processing file /opt/airflow/dags/product_processing.py for tasks to queue
[2026-05-21T14:40:36.284+0000] {logging_mixin.py:190} INFO - [2026-05-21T14:40:36.284+0000] {dagbag.py:588} INFO - Filling up the DagBag from /opt/airflow/dags/product_processing.py
[2026-05-21T14:40:36.466+0000] {processor.py:925} INFO - DAG(s) 'product_processing' retrieved from /opt/airflow/dags/product_processing.py
[2026-05-21T14:40:36.486+0000] {logging_mixin.py:190} INFO - [2026-05-21T14:40:36.485+0000] {dag.py:3239} INFO - Sync 1 DAGs
[2026-05-21T14:40:36.502+0000] {logging_mixin.py:190} INFO - [2026-05-21T14:40:36.502+0000] {dag.py:4180} INFO - Setting next_dagrun for product_processing to 2026-05-20 00:00:00+00:00, run_after=2026-05-21 00:00:00+00:00
[2026-05-21T14:40:36.515+0000] {processor.py:208} INFO - Processing /opt/airflow/dags/product_processing.py took 0.237 seconds
[2026-05-21T14:41:06.904+0000] {processor.py:186} INFO - Started process (PID=21593) to work on /opt/airflow/dags/product_processing.py
[2026-05-21T14:41:06.905+0000] {processor.py:914} INFO - Processing file /opt/airflow/dags/product_processing.py for tasks to queue
[2026-05-21T14:41:06.905+0000] {logging_mixin.py:190} INFO - [2026-05-21T14:41:06.905+0000] {dagbag.py:588} INFO - Filling up the DagBag from /opt/airflow/dags/product_processing.py
[2026-05-21T14:41:07.088+0000] {processor.py:925} INFO - DAG(s) 'product_processing' retrieved from /opt/airflow/dags/product_processing.py
[2026-05-21T14:41:07.107+0000] {logging_mixin.py:190} INFO - [2026-05-21T14:41:07.106+0000] {dag.py:3239} INFO - Sync 1 DAGs
[2026-05-21T14:41:07.124+0000] {logging_mixin.py:190} INFO - [2026-05-21T14:41:07.123+0000] {dag.py:4180} INFO - Setting next_dagrun for product_processing to 2026-05-20 00:00:00+00:00, run_after=2026-05-21 00:00:00+00:00
[2026-05-21T14:41:07.137+0000] {processor.py:208} INFO - Processing /opt/airflow/dags/product_processing.py took 0.238 seconds
[2026-05-21T14:41:37.551+0000] {processor.py:186} INFO - Started process (PID=21609) to work on /opt/airflow/dags/product_processing.py
[2026-05-21T14:41:37.559+0000] {processor.py:914} INFO - Processing file /opt/airflow/dags/product_processing.py for tasks to queue
[2026-05-21T14:41:37.560+0000] {logging_mixin.py:190} INFO - [2026-05-21T14:41:37.560+0000] {dagbag.py:588} INFO - Filling up the DagBag from /opt/airflow/dags/product_processing.py
[2026-05-21T14:41:37.745+0000] {processor.py:925} INFO - DAG(s) 'product_processing' retrieved from /opt/airflow/dags/product_processing.py
[2026-05-21T14:41:37.763+0000] {logging_mixin.py:190} INFO - [2026-05-21T14:41:37.763+0000] {dag.py:3239} INFO - Sync 1 DAGs
[2026-05-21T14:41:37.780+0000] {logging_mixin.py:190} INFO - [2026-05-21T14:41:37.779+0000] {dag.py:4180} INFO - Setting next_dagrun for product_processing to 2026-05-20 00:00:00+00:00, run_after=2026-05-21 00:00:00+00:00
[2026-05-21T14:41:37.795+0000] {processor.py:208} INFO - Processing /opt/airflow/dags/product_processing.py took 0.249 seconds
[2026-05-21T14:42:08.224+0000] {processor.py:186} INFO - Started process (PID=21625) to work on /opt/airflow/dags/product_processing.py
[2026-05-21T14:42:08.225+0000] {processor.py:914} INFO - Processing file /opt/airflow/dags/product_processing.py for tasks to queue
[2026-05-21T14:42:08.226+0000] {logging_mixin.py:190} INFO - [2026-05-21T14:42:08.226+0000] {dagbag.py:588} INFO - Filling up the DagBag from /opt/airflow/dags/product_processing.py
[2026-05-21T14:42:08.421+0000] {processor.py:925} INFO - DAG(s) 'product_processing' retrieved from /opt/airflow/dags/product_processing.py
[2026-05-21T14:42:08.440+0000] {logging_mixin.py:190} INFO - [2026-05-21T14:42:08.440+0000] {dag.py:3239} INFO - Sync 1 DAGs
[2026-05-21T14:42:08.457+0000] {logging_mixin.py:190} INFO - [2026-05-21T14:42:08.456+0000] {dag.py:4180} INFO - Setting next_dagrun for product_processing to 2026-05-20 00:00:00+00:00, run_after=2026-05-21 00:00:00+00:00
[2026-05-21T14:42:08.469+0000] {processor.py:208} INFO - Processing /opt/airflow/dags/product_processing.py took 0.253 seconds
[2026-05-21T14:42:38.730+0000] {processor.py:186} INFO - Started process (PID=21640) to work on /opt/airflow/dags/product_processing.py
[2026-05-21T14:42:38.731+0000] {processor.py:914} INFO - Processing file /opt/airflow/dags/product_processing.py for tasks to queue
[2026-05-21T14:42:38.732+0000] {logging_mixin.py:190} INFO - [2026-05-21T14:42:38.732+0000] {dagbag.py:588} INFO - Filling up the DagBag from /opt/airflow/dags/product_processing.py
[2026-05-21T14:42:38.923+0000] {processor.py:925} INFO - DAG(s) 'product_processing' retrieved from /opt/airflow/dags/product_processing.py
[2026-05-21T14:42:38.957+0000] {logging_mixin.py:190} INFO - [2026-05-21T14:42:38.957+0000] {dag.py:3239} INFO - Sync 1 DAGs
[2026-05-21T14:42:38.976+0000] {logging_mixin.py:190} INFO - [2026-05-21T14:42:38.976+0000] {dag.py:4180} INFO - Setting next_dagrun for product_processing to 2026-05-20 00:00:00+00:00, run_after=2026-05-21 00:00:00+00:00
[2026-05-21T14:42:38.990+0000] {processor.py:208} INFO - Processing /opt/airflow/dags/product_processing.py took 0.264 seconds
[2026-05-21T14:43:09.364+0000] {processor.py:186} INFO - Started process (PID=21656) to work on /opt/airflow/dags/product_processing.py
[2026-05-21T14:43:09.364+0000] {processor.py:914} INFO - Processing file /opt/airflow/dags/product_processing.py for tasks to queue
[2026-05-21T14:43:09.365+0000] {logging_mixin.py:190} INFO - [2026-05-21T14:43:09.365+0000] {dagbag.py:588} INFO - Filling up the DagBag from /opt/airflow/dags/product_processing.py
[2026-05-21T14:43:09.556+0000] {processor.py:925} INFO - DAG(s) 'product_processing' retrieved from /opt/airflow/dags/product_processing.py
[2026-05-21T14:43:09.576+0000] {logging_mixin.py:190} INFO - [2026-05-21T14:43:09.576+0000] {dag.py:3239} INFO - Sync 1 DAGs
[2026-05-21T14:43:09.593+0000] {logging_mixin.py:190} INFO - [2026-05-21T14:43:09.593+0000] {dag.py:4180} INFO - Setting next_dagrun for product_processing to 2026-05-20 00:00:00+00:00, run_after=2026-05-21 00:00:00+00:00
[2026-05-21T14:43:09.607+0000] {processor.py:208} INFO - Processing /opt/airflow/dags/product_processing.py took 0.248 seconds
[2026-05-21T14:43:40.016+0000] {processor.py:186} INFO - Started process (PID=21672) to work on /opt/airflow/dags/product_processing.py
[2026-05-21T14:43:40.017+0000] {processor.py:914} INFO - Processing file /opt/airflow/dags/product_processing.py for tasks to queue
[2026-05-21T14:43:40.017+0000] {logging_mixin.py:190} INFO - [2026-05-21T14:43:40.017+0000] {dagbag.py:588} INFO - Filling up the DagBag from /opt/airflow/dags/product_processing.py
[2026-05-21T14:43:40.209+0000] {processor.py:925} INFO - DAG(s) 'product_processing' retrieved from /opt/airflow/dags/product_processing.py
[2026-05-21T14:43:40.228+0000] {logging_mixin.py:190} INFO - [2026-05-21T14:43:40.228+0000] {dag.py:3239} INFO - Sync 1 DAGs
[2026-05-21T14:43:40.246+0000] {logging_mixin.py:190} INFO - [2026-05-21T14:43:40.246+0000] {dag.py:4180} INFO - Setting next_dagrun for product_processing to 2026-05-20 00:00:00+00:00, run_after=2026-05-21 00:00:00+00:00
[2026-05-21T14:43:40.261+0000] {processor.py:208} INFO - Processing /opt/airflow/dags/product_processing.py took 0.249 seconds
[2026-05-21T14:44:10.659+0000] {processor.py:186} INFO - Started process (PID=21688) to work on /opt/airflow/dags/product_processing.py
[2026-05-21T14:44:10.660+0000] {processor.py:914} INFO - Processing file /opt/airflow/dags/product_processing.py for tasks to queue
[2026-05-21T14:44:10.661+0000] {logging_mixin.py:190} INFO - [2026-05-21T14:44:10.661+0000] {dagbag.py:588} INFO - Filling up the DagBag from /opt/airflow/dags/product_processing.py
[2026-05-21T14:44:10.855+0000] {processor.py:925} INFO - DAG(s) 'product_processing' retrieved from /opt/airflow/dags/product_processing.py
[2026-05-21T14:44:10.874+0000] {logging_mixin.py:190} INFO - [2026-05-21T14:44:10.874+0000] {dag.py:3239} INFO - Sync 1 DAGs
[2026-05-21T14:44:10.893+0000] {logging_mixin.py:190} INFO - [2026-05-21T14:44:10.893+0000] {dag.py:4180} INFO - Setting next_dagrun for product_processing to 2026-05-20 00:00:00+00:00, run_after=2026-05-21 00:00:00+00:00
[2026-05-21T14:44:10.906+0000] {processor.py:208} INFO - Processing /opt/airflow/dags/product_processing.py took 0.251 seconds
[2026-05-21T14:44:41.332+0000] {processor.py:186} INFO - Started process (PID=21704) to work on /opt/airflow/dags/product_processing.py
[2026-05-21T14:44:41.334+0000] {processor.py:914} INFO - Processing file /opt/airflow/dags/product_processing.py for tasks to queue
[2026-05-21T14:44:41.335+0000] {logging_mixin.py:190} INFO - [2026-05-21T14:44:41.335+0000] {dagbag.py:588} INFO - Filling up the DagBag from /opt/airflow/dags/product_processing.py
[2026-05-21T14:44:41.521+0000] {processor.py:925} INFO - DAG(s) 'product_processing' retrieved from /opt/airflow/dags/product_processing.py
[2026-05-21T14:44:41.541+0000] {logging_mixin.py:190} INFO - [2026-05-21T14:44:41.540+0000] {dag.py:3239} INFO - Sync 1 DAGs
[2026-05-21T14:44:41.559+0000] {logging_mixin.py:190} INFO - [2026-05-21T14:44:41.559+0000] {dag.py:4180} INFO - Setting next_dagrun for product_processing to 2026-05-20 00:00:00+00:00, run_after=2026-05-21 00:00:00+00:00
[2026-05-21T14:44:41.571+0000] {processor.py:208} INFO - Processing /opt/airflow/dags/product_processing.py took 0.248 seconds
[2026-05-21T14:45:11.952+0000] {processor.py:186} INFO - Started process (PID=21720) to work on /opt/airflow/dags/product_processing.py
[2026-05-21T14:45:11.953+0000] {processor.py:914} INFO - Processing file /opt/airflow/dags/product_processing.py for tasks to queue
[2026-05-21T14:45:11.954+0000] {logging_mixin.py:190} INFO - [2026-05-21T14:45:11.953+0000] {dagbag.py:588} INFO - Filling up the DagBag from /opt/airflow/dags/product_processing.py
[2026-05-21T14:45:12.141+0000] {processor.py:925} INFO - DAG(s) 'product_processing' retrieved from /opt/airflow/dags/product_processing.py
[2026-05-21T14:45:12.159+0000] {logging_mixin.py:190} INFO - [2026-05-21T14:45:12.159+0000] {dag.py:3239} INFO - Sync 1 DAGs
[2026-05-21T14:45:12.176+0000] {logging_mixin.py:190} INFO - [2026-05-21T14:45:12.176+0000] {dag.py:4180} INFO - Setting next_dagrun for product_processing to 2026-05-20 00:00:00+00:00, run_after=2026-05-21 00:00:00+00:00
[2026-05-21T14:45:12.191+0000] {processor.py:208} INFO - Processing /opt/airflow/dags/product_processing.py took 0.244 seconds
[2026-05-21T14:45:42.629+0000] {processor.py:186} INFO - Started process (PID=21736) to work on /opt/airflow/dags/product_processing.py
[2026-05-21T14:45:42.632+0000] {processor.py:914} INFO - Processing file /opt/airflow/dags/product_processing.py for tasks to queue
[2026-05-21T14:45:42.632+0000] {logging_mixin.py:190} INFO - [2026-05-21T14:45:42.632+0000] {dagbag.py:588} INFO - Filling up the DagBag from /opt/airflow/dags/product_processing.py
[2026-05-21T14:45:42.823+0000] {processor.py:925} INFO - DAG(s) 'product_processing' retrieved from /opt/airflow/dags/product_processing.py
[2026-05-21T14:45:42.842+0000] {logging_mixin.py:190} INFO - [2026-05-21T14:45:42.841+0000] {dag.py:3239} INFO - Sync 1 DAGs
[2026-05-21T14:45:42.859+0000] {logging_mixin.py:190} INFO - [2026-05-21T14:45:42.859+0000] {dag.py:4180} INFO - Setting next_dagrun for product_processing to 2026-05-20 00:00:00+00:00, run_after=2026-05-21 00:00:00+00:00
[2026-05-21T14:45:42.873+0000] {processor.py:208} INFO - Processing /opt/airflow/dags/product_processing.py took 0.248 seconds
[2026-05-21T14:46:13.300+0000] {processor.py:186} INFO - Started process (PID=21751) to work on /opt/airflow/dags/product_processing.py
[2026-05-21T14:46:13.301+0000] {processor.py:914} INFO - Processing file /opt/airflow/dags/product_processing.py for tasks to queue
[2026-05-21T14:46:13.302+0000] {logging_mixin.py:190} INFO - [2026-05-21T14:46:13.301+0000] {dagbag.py:588} INFO - Filling up the DagBag from /opt/airflow/dags/product_processing.py
[2026-05-21T14:46:13.492+0000] {processor.py:925} INFO - DAG(s) 'product_processing' retrieved from /opt/airflow/dags/product_processing.py
[2026-05-21T14:46:13.511+0000] {logging_mixin.py:190} INFO - [2026-05-21T14:46:13.510+0000] {dag.py:3239} INFO - Sync 1 DAGs
[2026-05-21T14:46:13.530+0000] {logging_mixin.py:190} INFO - [2026-05-21T14:46:13.529+0000] {dag.py:4180} INFO - Setting next_dagrun for product_processing to 2026-05-20 00:00:00+00:00, run_after=2026-05-21 00:00:00+00:00
[2026-05-21T14:46:13.545+0000] {processor.py:208} INFO - Processing /opt/airflow/dags/product_processing.py took 0.250 seconds
[2026-05-21T14:46:43.926+0000] {processor.py:186} INFO - Started process (PID=21767) to work on /opt/airflow/dags/product_processing.py
[2026-05-21T14:46:43.927+0000] {processor.py:914} INFO - Processing file /opt/airflow/dags/product_processing.py for tasks to queue
[2026-05-21T14:46:43.928+0000] {logging_mixin.py:190} INFO - [2026-05-21T14:46:43.927+0000] {dagbag.py:588} INFO - Filling up the DagBag from /opt/airflow/dags/product_processing.py
[2026-05-21T14:46:44.116+0000] {processor.py:925} INFO - DAG(s) 'product_processing' retrieved from /opt/airflow/dags/product_processing.py
[2026-05-21T14:46:44.134+0000] {logging_mixin.py:190} INFO - [2026-05-21T14:46:44.133+0000] {dag.py:3239} INFO - Sync 1 DAGs
[2026-05-21T14:46:44.152+0000] {logging_mixin.py:190} INFO - [2026-05-21T14:46:44.152+0000] {dag.py:4180} INFO - Setting next_dagrun for product_processing to 2026-05-20 00:00:00+00:00, run_after=2026-05-21 00:00:00+00:00
[2026-05-21T14:46:44.165+0000] {processor.py:208} INFO - Processing /opt/airflow/dags/product_processing.py took 0.243 seconds
[2026-05-21T14:47:14.711+0000] {processor.py:186} INFO - Started process (PID=21783) to work on /opt/airflow/dags/product_processing.py
[2026-05-21T14:47:14.711+0000] {processor.py:914} INFO - Processing file /opt/airflow/dags/product_processing.py for tasks to queue
[2026-05-21T14:47:14.712+0000] {logging_mixin.py:190} INFO - [2026-05-21T14:47:14.712+0000] {dagbag.py:588} INFO - Filling up the DagBag from /opt/airflow/dags/product_processing.py
[2026-05-21T14:47:14.900+0000] {processor.py:925} INFO - DAG(s) 'product_processing' retrieved from /opt/airflow/dags/product_processing.py
[2026-05-21T14:47:14.920+0000] {logging_mixin.py:190} INFO - [2026-05-21T14:47:14.920+0000] {dag.py:3239} INFO - Sync 1 DAGs
[2026-05-21T14:47:14.939+0000] {logging_mixin.py:190} INFO - [2026-05-21T14:47:14.939+0000] {dag.py:4180} INFO - Setting next_dagrun for product_processing to 2026-05-20 00:00:00+00:00, run_after=2026-05-21 00:00:00+00:00
[2026-05-21T14:47:14.952+0000] {processor.py:208} INFO - Processing /opt/airflow/dags/product_processing.py took 0.245 seconds
[2026-05-21T14:47:45.364+0000] {processor.py:186} INFO - Started process (PID=21798) to work on /opt/airflow/dags/product_processing.py
[2026-05-21T14:47:45.365+0000] {processor.py:914} INFO - Processing file /opt/airflow/dags/product_processing.py for tasks to queue
[2026-05-21T14:47:45.366+0000] {logging_mixin.py:190} INFO - [2026-05-21T14:47:45.366+0000] {dagbag.py:588} INFO - Filling up the DagBag from /opt/airflow/dags/product_processing.py
[2026-05-21T14:47:45.550+0000] {processor.py:925} INFO - DAG(s) 'product_processing' retrieved from /opt/airflow/dags/product_processing.py
[2026-05-21T14:47:45.569+0000] {logging_mixin.py:190} INFO - [2026-05-21T14:47:45.569+0000] {dag.py:3239} INFO - Sync 1 DAGs
[2026-05-21T14:47:45.586+0000] {logging_mixin.py:190} INFO - [2026-05-21T14:47:45.586+0000] {dag.py:4180} INFO - Setting next_dagrun for product_processing to 2026-05-20 00:00:00+00:00, run_after=2026-05-21 00:00:00+00:00
[2026-05-21T14:47:45.599+0000] {processor.py:208} INFO - Processing /opt/airflow/dags/product_processing.py took 0.239 seconds
[2026-05-21T14:48:16.133+0000] {processor.py:186} INFO - Started process (PID=21815) to work on /opt/airflow/dags/product_processing.py
[2026-05-21T14:48:16.134+0000] {processor.py:914} INFO - Processing file /opt/airflow/dags/product_processing.py for tasks to queue
[2026-05-21T14:48:16.135+0000] {logging_mixin.py:190} INFO - [2026-05-21T14:48:16.135+0000] {dagbag.py:588} INFO - Filling up the DagBag from /opt/airflow/dags/product_processing.py
[2026-05-21T14:48:16.323+0000] {processor.py:925} INFO - DAG(s) 'product_processing' retrieved from /opt/airflow/dags/product_processing.py
[2026-05-21T14:48:16.339+0000] {logging_mixin.py:190} INFO - [2026-05-21T14:48:16.339+0000] {dag.py:3239} INFO - Sync 1 DAGs
[2026-05-21T14:48:16.357+0000] {logging_mixin.py:190} INFO - [2026-05-21T14:48:16.356+0000] {dag.py:4180} INFO - Setting next_dagrun for product_processing to 2026-05-20 00:00:00+00:00, run_after=2026-05-21 00:00:00+00:00
[2026-05-21T14:48:16.368+0000] {processor.py:208} INFO - Processing /opt/airflow/dags/product_processing.py took 0.240 seconds
[2026-05-21T14:48:46.938+0000] {processor.py:186} INFO - Started process (PID=21831) to work on /opt/airflow/dags/product_processing.py
[2026-05-21T14:48:46.938+0000] {processor.py:914} INFO - Processing file /opt/airflow/dags/product_processing.py for tasks to queue
[2026-05-21T14:48:46.939+0000] {logging_mixin.py:190} INFO - [2026-05-21T14:48:46.939+0000] {dagbag.py:588} INFO - Filling up the DagBag from /opt/airflow/dags/product_processing.py
[2026-05-21T14:48:47.129+0000] {processor.py:925} INFO - DAG(s) 'product_processing' retrieved from /opt/airflow/dags/product_processing.py
[2026-05-21T14:48:47.148+0000] {logging_mixin.py:190} INFO - [2026-05-21T14:48:47.148+0000] {dag.py:3239} INFO - Sync 1 DAGs
[2026-05-21T14:48:47.165+0000] {logging_mixin.py:190} INFO - [2026-05-21T14:48:47.165+0000] {dag.py:4180} INFO - Setting next_dagrun for product_processing to 2026-05-20 00:00:00+00:00, run_after=2026-05-21 00:00:00+00:00
[2026-05-21T14:48:47.180+0000] {processor.py:208} INFO - Processing /opt/airflow/dags/product_processing.py took 0.247 seconds
[2026-05-21T14:49:17.584+0000] {processor.py:186} INFO - Started process (PID=21849) to work on /opt/airflow/dags/product_processing.py
[2026-05-21T14:49:17.585+0000] {processor.py:914} INFO - Processing file /opt/airflow/dags/product_processing.py for tasks to queue
[2026-05-21T14:49:17.586+0000] {logging_mixin.py:190} INFO - [2026-05-21T14:49:17.586+0000] {dagbag.py:588} INFO - Filling up the DagBag from /opt/airflow/dags/product_processing.py
[2026-05-21T14:49:17.769+0000] {processor.py:925} INFO - DAG(s) 'product_processing' retrieved from /opt/airflow/dags/product_processing.py
[2026-05-21T14:49:17.789+0000] {logging_mixin.py:190} INFO - [2026-05-21T14:49:17.788+0000] {dag.py:3239} INFO - Sync 1 DAGs
[2026-05-21T14:49:17.806+0000] {logging_mixin.py:190} INFO - [2026-05-21T14:49:17.806+0000] {dag.py:4180} INFO - Setting next_dagrun for product_processing to 2026-05-20 00:00:00+00:00, run_after=2026-05-21 00:00:00+00:00
[2026-05-21T14:49:17.820+0000] {processor.py:208} INFO - Processing /opt/airflow/dags/product_processing.py took 0.239 seconds
[2026-05-21T14:49:48.233+0000] {processor.py:186} INFO - Started process (PID=21865) to work on /opt/airflow/dags/product_processing.py
[2026-05-21T14:49:48.234+0000] {processor.py:914} INFO - Processing file /opt/airflow/dags/product_processing.py for tasks to queue
[2026-05-21T14:49:48.235+0000] {logging_mixin.py:190} INFO - [2026-05-21T14:49:48.234+0000] {dagbag.py:588} INFO - Filling up the DagBag from /opt/airflow/dags/product_processing.py
[2026-05-21T14:49:48.420+0000] {processor.py:925} INFO - DAG(s) 'product_processing' retrieved from /opt/airflow/dags/product_processing.py
[2026-05-21T14:49:48.437+0000] {logging_mixin.py:190} INFO - [2026-05-21T14:49:48.437+0000] {dag.py:3239} INFO - Sync 1 DAGs
[2026-05-21T14:49:48.456+0000] {logging_mixin.py:190} INFO - [2026-05-21T14:49:48.456+0000] {dag.py:4180} INFO - Setting next_dagrun for product_processing to 2026-05-20 00:00:00+00:00, run_after=2026-05-21 00:00:00+00:00
[2026-05-21T14:49:48.469+0000] {processor.py:208} INFO - Processing /opt/airflow/dags/product_processing.py took 0.241 seconds
[2026-05-21T14:50:18.854+0000] {processor.py:186} INFO - Started process (PID=21881) to work on /opt/airflow/dags/product_processing.py
[2026-05-21T14:50:18.855+0000] {processor.py:914} INFO - Processing file /opt/airflow/dags/product_processing.py for tasks to queue
[2026-05-21T14:50:18.855+0000] {logging_mixin.py:190} INFO - [2026-05-21T14:50:18.855+0000] {dagbag.py:588} INFO - Filling up the DagBag from /opt/airflow/dags/product_processing.py
[2026-05-21T14:50:19.060+0000] {processor.py:925} INFO - DAG(s) 'product_processing' retrieved from /opt/airflow/dags/product_processing.py
[2026-05-21T14:50:19.079+0000] {logging_mixin.py:190} INFO - [2026-05-21T14:50:19.079+0000] {dag.py:3239} INFO - Sync 1 DAGs
[2026-05-21T14:50:19.099+0000] {logging_mixin.py:190} INFO - [2026-05-21T14:50:19.098+0000] {dag.py:4180} INFO - Setting next_dagrun for product_processing to 2026-05-20 00:00:00+00:00, run_after=2026-05-21 00:00:00+00:00
[2026-05-21T14:50:19.113+0000] {processor.py:208} INFO - Processing /opt/airflow/dags/product_processing.py took 0.263 seconds
[2026-05-21T14:50:49.481+0000] {processor.py:186} INFO - Started process (PID=21896) to work on /opt/airflow/dags/product_processing.py
[2026-05-21T14:50:49.483+0000] {processor.py:914} INFO - Processing file /opt/airflow/dags/product_processing.py for tasks to queue
[2026-05-21T14:50:49.484+0000] {logging_mixin.py:190} INFO - [2026-05-21T14:50:49.484+0000] {dagbag.py:588} INFO - Filling up the DagBag from /opt/airflow/dags/product_processing.py
[2026-05-21T14:50:49.671+0000] {processor.py:925} INFO - DAG(s) 'product_processing' retrieved from /opt/airflow/dags/product_processing.py
[2026-05-21T14:50:49.689+0000] {logging_mixin.py:190} INFO - [2026-05-21T14:50:49.689+0000] {dag.py:3239} INFO - Sync 1 DAGs
[2026-05-21T14:50:49.708+0000] {logging_mixin.py:190} INFO - [2026-05-21T14:50:49.708+0000] {dag.py:4180} INFO - Setting next_dagrun for product_processing to 2026-05-20 00:00:00+00:00, run_after=2026-05-21 00:00:00+00:00
[2026-05-21T14:50:49.720+0000] {processor.py:208} INFO - Processing /opt/airflow/dags/product_processing.py took 0.243 seconds
[2026-05-21T14:51:20.150+0000] {processor.py:186} INFO - Started process (PID=21912) to work on /opt/airflow/dags/product_processing.py
[2026-05-21T14:51:20.150+0000] {processor.py:914} INFO - Processing file /opt/airflow/dags/product_processing.py for tasks to queue
[2026-05-21T14:51:20.151+0000] {logging_mixin.py:190} INFO - [2026-05-21T14:51:20.151+0000] {dagbag.py:588} INFO - Filling up the DagBag from /opt/airflow/dags/product_processing.py
[2026-05-21T14:51:20.341+0000] {processor.py:925} INFO - DAG(s) 'product_processing' retrieved from /opt/airflow/dags/product_processing.py
[2026-05-21T14:51:20.360+0000] {logging_mixin.py:190} INFO - [2026-05-21T14:51:20.360+0000] {dag.py:3239} INFO - Sync 1 DAGs
[2026-05-21T14:51:20.377+0000] {logging_mixin.py:190} INFO - [2026-05-21T14:51:20.377+0000] {dag.py:4180} INFO - Setting next_dagrun for product_processing to 2026-05-20 00:00:00+00:00, run_after=2026-05-21 00:00:00+00:00
[2026-05-21T14:51:20.390+0000] {processor.py:208} INFO - Processing /opt/airflow/dags/product_processing.py took 0.244 seconds
[2026-05-21T14:51:51.002+0000] {processor.py:186} INFO - Started process (PID=21927) to work on /opt/airflow/dags/product_processing.py
[2026-05-21T14:51:51.003+0000] {processor.py:914} INFO - Processing file /opt/airflow/dags/product_processing.py for tasks to queue
[2026-05-21T14:51:51.004+0000] {logging_mixin.py:190} INFO - [2026-05-21T14:51:51.004+0000] {dagbag.py:588} INFO - Filling up the DagBag from /opt/airflow/dags/product_processing.py
[2026-05-21T14:51:51.194+0000] {processor.py:925} INFO - DAG(s) 'product_processing' retrieved from /opt/airflow/dags/product_processing.py
[2026-05-21T14:51:51.213+0000] {logging_mixin.py:190} INFO - [2026-05-21T14:51:51.213+0000] {dag.py:3239} INFO - Sync 1 DAGs
[2026-05-21T14:51:51.230+0000] {logging_mixin.py:190} INFO - [2026-05-21T14:51:51.230+0000] {dag.py:4180} INFO - Setting next_dagrun for product_processing to 2026-05-20 00:00:00+00:00, run_after=2026-05-21 00:00:00+00:00
[2026-05-21T14:51:51.244+0000] {processor.py:208} INFO - Processing /opt/airflow/dags/product_processing.py took 0.246 seconds
[2026-05-21T14:52:21.769+0000] {processor.py:186} INFO - Started process (PID=21944) to work on /opt/airflow/dags/product_processing.py
[2026-05-21T14:52:21.770+0000] {processor.py:914} INFO - Processing file /opt/airflow/dags/product_processing.py for tasks to queue
[2026-05-21T14:52:21.770+0000] {logging_mixin.py:190} INFO - [2026-05-21T14:52:21.770+0000] {dagbag.py:588} INFO - Filling up the DagBag from /opt/airflow/dags/product_processing.py
[2026-05-21T14:52:21.961+0000] {processor.py:925} INFO - DAG(s) 'product_processing' retrieved from /opt/airflow/dags/product_processing.py
[2026-05-21T14:52:21.980+0000] {logging_mixin.py:190} INFO - [2026-05-21T14:52:21.980+0000] {dag.py:3239} INFO - Sync 1 DAGs
[2026-05-21T14:52:21.998+0000] {logging_mixin.py:190} INFO - [2026-05-21T14:52:21.998+0000] {dag.py:4180} INFO - Setting next_dagrun for product_processing to 2026-05-20 00:00:00+00:00, run_after=2026-05-21 00:00:00+00:00
[2026-05-21T14:52:22.011+0000] {processor.py:208} INFO - Processing /opt/airflow/dags/product_processing.py took 0.247 seconds
[2026-05-21T14:52:52.395+0000] {processor.py:186} INFO - Started process (PID=21961) to work on /opt/airflow/dags/product_processing.py
[2026-05-21T14:52:52.396+0000] {processor.py:914} INFO - Processing file /opt/airflow/dags/product_processing.py for tasks to queue
[2026-05-21T14:52:52.397+0000] {logging_mixin.py:190} INFO - [2026-05-21T14:52:52.397+0000] {dagbag.py:588} INFO - Filling up the DagBag from /opt/airflow/dags/product_processing.py
[2026-05-21T14:52:52.589+0000] {processor.py:925} INFO - DAG(s) 'product_processing' retrieved from /opt/airflow/dags/product_processing.py
[2026-05-21T14:52:52.605+0000] {logging_mixin.py:190} INFO - [2026-05-21T14:52:52.605+0000] {dag.py:3239} INFO - Sync 1 DAGs
[2026-05-21T14:52:52.623+0000] {logging_mixin.py:190} INFO - [2026-05-21T14:52:52.623+0000] {dag.py:4180} INFO - Setting next_dagrun for product_processing to 2026-05-20 00:00:00+00:00, run_after=2026-05-21 00:00:00+00:00
[2026-05-21T14:52:52.635+0000] {processor.py:208} INFO - Processing /opt/airflow/dags/product_processing.py took 0.244 seconds
[2026-05-21T14:53:23.116+0000] {processor.py:186} INFO - Started process (PID=21978) to work on /opt/airflow/dags/product_processing.py
[2026-05-21T14:53:23.117+0000] {processor.py:914} INFO - Processing file /opt/airflow/dags/product_processing.py for tasks to queue
[2026-05-21T14:53:23.118+0000] {logging_mixin.py:190} INFO - [2026-05-21T14:53:23.118+0000] {dagbag.py:588} INFO - Filling up the DagBag from /opt/airflow/dags/product_processing.py
[2026-05-21T14:53:23.312+0000] {processor.py:925} INFO - DAG(s) 'product_processing' retrieved from /opt/airflow/dags/product_processing.py
[2026-05-21T14:53:23.330+0000] {logging_mixin.py:190} INFO - [2026-05-21T14:53:23.330+0000] {dag.py:3239} INFO - Sync 1 DAGs
[2026-05-21T14:53:23.347+0000] {logging_mixin.py:190} INFO - [2026-05-21T14:53:23.347+0000] {dag.py:4180} INFO - Setting next_dagrun for product_processing to 2026-05-20 00:00:00+00:00, run_after=2026-05-21 00:00:00+00:00
[2026-05-21T14:53:23.358+0000] {processor.py:208} INFO - Processing /opt/airflow/dags/product_processing.py took 0.246 seconds
[2026-05-21T14:53:53.747+0000] {processor.py:186} INFO - Started process (PID=21994) to work on /opt/airflow/dags/product_processing.py
[2026-05-21T14:53:53.748+0000] {processor.py:914} INFO - Processing file /opt/airflow/dags/product_processing.py for tasks to queue
[2026-05-21T14:53:53.749+0000] {logging_mixin.py:190} INFO - [2026-05-21T14:53:53.748+0000] {dagbag.py:588} INFO - Filling up the DagBag from /opt/airflow/dags/product_processing.py
[2026-05-21T14:53:53.960+0000] {processor.py:925} INFO - DAG(s) 'product_processing' retrieved from /opt/airflow/dags/product_processing.py
[2026-05-21T14:53:53.981+0000] {logging_mixin.py:190} INFO - [2026-05-21T14:53:53.981+0000] {dag.py:3239} INFO - Sync 1 DAGs
[2026-05-21T14:53:54.002+0000] {logging_mixin.py:190} INFO - [2026-05-21T14:53:54.002+0000] {dag.py:4180} INFO - Setting next_dagrun for product_processing to 2026-05-20 00:00:00+00:00, run_after=2026-05-21 00:00:00+00:00
[2026-05-21T14:53:54.014+0000] {processor.py:208} INFO - Processing /opt/airflow/dags/product_processing.py took 0.271 seconds
[2026-05-21T14:54:24.404+0000] {processor.py:186} INFO - Started process (PID=22010) to work on /opt/airflow/dags/product_processing.py
[2026-05-21T14:54:24.404+0000] {processor.py:914} INFO - Processing file /opt/airflow/dags/product_processing.py for tasks to queue
[2026-05-21T14:54:24.405+0000] {logging_mixin.py:190} INFO - [2026-05-21T14:54:24.405+0000] {dagbag.py:588} INFO - Filling up the DagBag from /opt/airflow/dags/product_processing.py
[2026-05-21T14:54:24.612+0000] {processor.py:925} INFO - DAG(s) 'product_processing' retrieved from /opt/airflow/dags/product_processing.py
[2026-05-21T14:54:24.632+0000] {logging_mixin.py:190} INFO - [2026-05-21T14:54:24.631+0000] {dag.py:3239} INFO - Sync 1 DAGs
[2026-05-21T14:54:24.652+0000] {logging_mixin.py:190} INFO - [2026-05-21T14:54:24.652+0000] {dag.py:4180} INFO - Setting next_dagrun for product_processing to 2026-05-20 00:00:00+00:00, run_after=2026-05-21 00:00:00+00:00
[2026-05-21T14:54:24.667+0000] {processor.py:208} INFO - Processing /opt/airflow/dags/product_processing.py took 0.268 seconds
[2026-05-21T14:54:55.045+0000] {processor.py:186} INFO - Started process (PID=22025) to work on /opt/airflow/dags/product_processing.py
[2026-05-21T14:54:55.046+0000] {processor.py:914} INFO - Processing file /opt/airflow/dags/product_processing.py for tasks to queue
[2026-05-21T14:54:55.047+0000] {logging_mixin.py:190} INFO - [2026-05-21T14:54:55.047+0000] {dagbag.py:588} INFO - Filling up the DagBag from /opt/airflow/dags/product_processing.py
[2026-05-21T14:54:55.229+0000] {processor.py:925} INFO - DAG(s) 'product_processing' retrieved from /opt/airflow/dags/product_processing.py
[2026-05-21T14:54:55.248+0000] {logging_mixin.py:190} INFO - [2026-05-21T14:54:55.248+0000] {dag.py:3239} INFO - Sync 1 DAGs
[2026-05-21T14:54:55.266+0000] {logging_mixin.py:190} INFO - [2026-05-21T14:54:55.266+0000] {dag.py:4180} INFO - Setting next_dagrun for product_processing to 2026-05-20 00:00:00+00:00, run_after=2026-05-21 00:00:00+00:00
[2026-05-21T14:54:55.279+0000] {processor.py:208} INFO - Processing /opt/airflow/dags/product_processing.py took 0.238 seconds
[2026-05-21T14:55:25.655+0000] {processor.py:186} INFO - Started process (PID=22042) to work on /opt/airflow/dags/product_processing.py
[2026-05-21T14:55:25.656+0000] {processor.py:914} INFO - Processing file /opt/airflow/dags/product_processing.py for tasks to queue
[2026-05-21T14:55:25.657+0000] {logging_mixin.py:190} INFO - [2026-05-21T14:55:25.656+0000] {dagbag.py:588} INFO - Filling up the DagBag from /opt/airflow/dags/product_processing.py
[2026-05-21T14:55:25.842+0000] {processor.py:925} INFO - DAG(s) 'product_processing' retrieved from /opt/airflow/dags/product_processing.py
[2026-05-21T14:55:25.861+0000] {logging_mixin.py:190} INFO - [2026-05-21T14:55:25.861+0000] {dag.py:3239} INFO - Sync 1 DAGs
[2026-05-21T14:55:25.878+0000] {logging_mixin.py:190} INFO - [2026-05-21T14:55:25.878+0000] {dag.py:4180} INFO - Setting next_dagrun for product_processing to 2026-05-20 00:00:00+00:00, run_after=2026-05-21 00:00:00+00:00
[2026-05-21T14:55:25.891+0000] {processor.py:208} INFO - Processing /opt/airflow/dags/product_processing.py took 0.239 seconds
[2026-05-21T14:55:56.354+0000] {processor.py:186} INFO - Started process (PID=22058) to work on /opt/airflow/dags/product_processing.py
[2026-05-21T14:55:56.355+0000] {processor.py:914} INFO - Processing file /opt/airflow/dags/product_processing.py for tasks to queue
[2026-05-21T14:55:56.356+0000] {logging_mixin.py:190} INFO - [2026-05-21T14:55:56.356+0000] {dagbag.py:588} INFO - Filling up the DagBag from /opt/airflow/dags/product_processing.py
[2026-05-21T14:55:56.554+0000] {processor.py:925} INFO - DAG(s) 'product_processing' retrieved from /opt/airflow/dags/product_processing.py
[2026-05-21T14:55:56.573+0000] {logging_mixin.py:190} INFO - [2026-05-21T14:55:56.573+0000] {dag.py:3239} INFO - Sync 1 DAGs
[2026-05-21T14:55:56.590+0000] {logging_mixin.py:190} INFO - [2026-05-21T14:55:56.590+0000] {dag.py:4180} INFO - Setting next_dagrun for product_processing to 2026-05-20 00:00:00+00:00, run_after=2026-05-21 00:00:00+00:00
[2026-05-21T14:55:56.602+0000] {processor.py:208} INFO - Processing /opt/airflow/dags/product_processing.py took 0.255 seconds
[2026-05-21T14:56:26.923+0000] {processor.py:186} INFO - Started process (PID=22075) to work on /opt/airflow/dags/product_processing.py
[2026-05-21T14:56:26.924+0000] {processor.py:914} INFO - Processing file /opt/airflow/dags/product_processing.py for tasks to queue
[2026-05-21T14:56:26.925+0000] {logging_mixin.py:190} INFO - [2026-05-21T14:56:26.924+0000] {dagbag.py:588} INFO - Filling up the DagBag from /opt/airflow/dags/product_processing.py
[2026-05-21T14:56:27.102+0000] {processor.py:925} INFO - DAG(s) 'product_processing' retrieved from /opt/airflow/dags/product_processing.py
[2026-05-21T14:56:27.120+0000] {logging_mixin.py:190} INFO - [2026-05-21T14:56:27.120+0000] {dag.py:3239} INFO - Sync 1 DAGs
[2026-05-21T14:56:27.137+0000] {logging_mixin.py:190} INFO - [2026-05-21T14:56:27.137+0000] {dag.py:4180} INFO - Setting next_dagrun for product_processing to 2026-05-20 00:00:00+00:00, run_after=2026-05-21 00:00:00+00:00
[2026-05-21T14:56:27.149+0000] {processor.py:208} INFO - Processing /opt/airflow/dags/product_processing.py took 0.230 seconds
[2026-05-21T14:56:57.598+0000] {processor.py:186} INFO - Started process (PID=22092) to work on /opt/airflow/dags/product_processing.py
[2026-05-21T14:56:57.602+0000] {processor.py:914} INFO - Processing file /opt/airflow/dags/product_processing.py for tasks to queue
[2026-05-21T14:56:57.603+0000] {logging_mixin.py:190} INFO - [2026-05-21T14:56:57.603+0000] {dagbag.py:588} INFO - Filling up the DagBag from /opt/airflow/dags/product_processing.py
[2026-05-21T14:56:57.785+0000] {processor.py:925} INFO - DAG(s) 'product_processing' retrieved from /opt/airflow/dags/product_processing.py
[2026-05-21T14:56:57.801+0000] {logging_mixin.py:190} INFO - [2026-05-21T14:56:57.801+0000] {dag.py:3239} INFO - Sync 1 DAGs
[2026-05-21T14:56:57.818+0000] {logging_mixin.py:190} INFO - [2026-05-21T14:56:57.818+0000] {dag.py:4180} INFO - Setting next_dagrun for product_processing to 2026-05-20 00:00:00+00:00, run_after=2026-05-21 00:00:00+00:00
[2026-05-21T14:56:57.829+0000] {processor.py:208} INFO - Processing /opt/airflow/dags/product_processing.py took 0.242 seconds
[2026-05-21T14:57:28.201+0000] {processor.py:186} INFO - Started process (PID=22115) to work on /opt/airflow/dags/product_processing.py
[2026-05-21T14:57:28.202+0000] {processor.py:914} INFO - Processing file /opt/airflow/dags/product_processing.py for tasks to queue
[2026-05-21T14:57:28.203+0000] {logging_mixin.py:190} INFO - [2026-05-21T14:57:28.202+0000] {dagbag.py:588} INFO - Filling up the DagBag from /opt/airflow/dags/product_processing.py
[2026-05-21T14:57:28.383+0000] {processor.py:925} INFO - DAG(s) 'product_processing' retrieved from /opt/airflow/dags/product_processing.py
[2026-05-21T14:57:28.402+0000] {logging_mixin.py:190} INFO - [2026-05-21T14:57:28.402+0000] {dag.py:3239} INFO - Sync 1 DAGs
[2026-05-21T14:57:28.418+0000] {logging_mixin.py:190} INFO - [2026-05-21T14:57:28.418+0000] {dag.py:4180} INFO - Setting next_dagrun for product_processing to 2026-05-20 00:00:00+00:00, run_after=2026-05-21 00:00:00+00:00
[2026-05-21T14:57:28.431+0000] {processor.py:208} INFO - Processing /opt/airflow/dags/product_processing.py took 0.234 seconds
[2026-05-21T14:57:58.782+0000] {processor.py:186} INFO - Started process (PID=22131) to work on /opt/airflow/dags/product_processing.py
[2026-05-21T14:57:58.783+0000] {processor.py:914} INFO - Processing file /opt/airflow/dags/product_processing.py for tasks to queue
[2026-05-21T14:57:58.783+0000] {logging_mixin.py:190} INFO - [2026-05-21T14:57:58.783+0000] {dagbag.py:588} INFO - Filling up the DagBag from /opt/airflow/dags/product_processing.py
[2026-05-21T14:57:58.965+0000] {processor.py:925} INFO - DAG(s) 'product_processing' retrieved from /opt/airflow/dags/product_processing.py
[2026-05-21T14:57:58.984+0000] {logging_mixin.py:190} INFO - [2026-05-21T14:57:58.983+0000] {dag.py:3239} INFO - Sync 1 DAGs
[2026-05-21T14:57:59.000+0000] {logging_mixin.py:190} INFO - [2026-05-21T14:57:59.000+0000] {dag.py:4180} INFO - Setting next_dagrun for product_processing to 2026-05-20 00:00:00+00:00, run_after=2026-05-21 00:00:00+00:00
[2026-05-21T14:57:59.013+0000] {processor.py:208} INFO - Processing /opt/airflow/dags/product_processing.py took 0.235 seconds
[2026-05-21T14:58:29.396+0000] {processor.py:186} INFO - Started process (PID=22147) to work on /opt/airflow/dags/product_processing.py
[2026-05-21T14:58:29.397+0000] {processor.py:914} INFO - Processing file /opt/airflow/dags/product_processing.py for tasks to queue
[2026-05-21T14:58:29.397+0000] {logging_mixin.py:190} INFO - [2026-05-21T14:58:29.397+0000] {dagbag.py:588} INFO - Filling up the DagBag from /opt/airflow/dags/product_processing.py
[2026-05-21T14:58:29.579+0000] {processor.py:925} INFO - DAG(s) 'product_processing' retrieved from /opt/airflow/dags/product_processing.py
[2026-05-21T14:58:29.597+0000] {logging_mixin.py:190} INFO - [2026-05-21T14:58:29.597+0000] {dag.py:3239} INFO - Sync 1 DAGs
[2026-05-21T14:58:29.615+0000] {logging_mixin.py:190} INFO - [2026-05-21T14:58:29.615+0000] {dag.py:4180} INFO - Setting next_dagrun for product_processing to 2026-05-20 00:00:00+00:00, run_after=2026-05-21 00:00:00+00:00
[2026-05-21T14:58:29.627+0000] {processor.py:208} INFO - Processing /opt/airflow/dags/product_processing.py took 0.236 seconds
[2026-05-21T14:59:00.032+0000] {processor.py:186} INFO - Started process (PID=22163) to work on /opt/airflow/dags/product_processing.py
[2026-05-21T14:59:00.040+0000] {processor.py:914} INFO - Processing file /opt/airflow/dags/product_processing.py for tasks to queue
[2026-05-21T14:59:00.041+0000] {logging_mixin.py:190} INFO - [2026-05-21T14:59:00.040+0000] {dagbag.py:588} INFO - Filling up the DagBag from /opt/airflow/dags/product_processing.py
[2026-05-21T14:59:00.224+0000] {processor.py:925} INFO - DAG(s) 'product_processing' retrieved from /opt/airflow/dags/product_processing.py
[2026-05-21T14:59:00.242+0000] {logging_mixin.py:190} INFO - [2026-05-21T14:59:00.242+0000] {dag.py:3239} INFO - Sync 1 DAGs
[2026-05-21T14:59:00.260+0000] {logging_mixin.py:190} INFO - [2026-05-21T14:59:00.259+0000] {dag.py:4180} INFO - Setting next_dagrun for product_processing to 2026-05-20 00:00:00+00:00, run_after=2026-05-21 00:00:00+00:00
[2026-05-21T14:59:00.274+0000] {processor.py:208} INFO - Processing /opt/airflow/dags/product_processing.py took 0.247 seconds
[2026-05-21T14:59:30.679+0000] {processor.py:186} INFO - Started process (PID=22179) to work on /opt/airflow/dags/product_processing.py
[2026-05-21T14:59:30.680+0000] {processor.py:914} INFO - Processing file /opt/airflow/dags/product_processing.py for tasks to queue
[2026-05-21T14:59:30.681+0000] {logging_mixin.py:190} INFO - [2026-05-21T14:59:30.681+0000] {dagbag.py:588} INFO - Filling up the DagBag from /opt/airflow/dags/product_processing.py
[2026-05-21T14:59:30.864+0000] {processor.py:925} INFO - DAG(s) 'product_processing' retrieved from /opt/airflow/dags/product_processing.py
[2026-05-21T14:59:30.883+0000] {logging_mixin.py:190} INFO - [2026-05-21T14:59:30.883+0000] {dag.py:3239} INFO - Sync 1 DAGs
[2026-05-21T14:59:30.899+0000] {logging_mixin.py:190} INFO - [2026-05-21T14:59:30.899+0000] {dag.py:4180} INFO - Setting next_dagrun for product_processing to 2026-05-20 00:00:00+00:00, run_after=2026-05-21 00:00:00+00:00
[2026-05-21T14:59:30.912+0000] {processor.py:208} INFO - Processing /opt/airflow/dags/product_processing.py took 0.237 seconds
[2026-05-21T15:00:01.332+0000] {processor.py:186} INFO - Started process (PID=22195) to work on /opt/airflow/dags/product_processing.py
[2026-05-21T15:00:01.344+0000] {processor.py:914} INFO - Processing file /opt/airflow/dags/product_processing.py for tasks to queue
[2026-05-21T15:00:01.345+0000] {logging_mixin.py:190} INFO - [2026-05-21T15:00:01.345+0000] {dagbag.py:588} INFO - Filling up the DagBag from /opt/airflow/dags/product_processing.py
[2026-05-21T15:00:01.540+0000] {processor.py:925} INFO - DAG(s) 'product_processing' retrieved from /opt/airflow/dags/product_processing.py
[2026-05-21T15:00:01.560+0000] {logging_mixin.py:190} INFO - [2026-05-21T15:00:01.559+0000] {dag.py:3239} INFO - Sync 1 DAGs
[2026-05-21T15:00:01.577+0000] {logging_mixin.py:190} INFO - [2026-05-21T15:00:01.577+0000] {dag.py:4180} INFO - Setting next_dagrun for product_processing to 2026-05-20 00:00:00+00:00, run_after=2026-05-21 00:00:00+00:00
[2026-05-21T15:00:01.589+0000] {processor.py:208} INFO - Processing /opt/airflow/dags/product_processing.py took 0.265 seconds
[2026-05-21T15:00:31.935+0000] {processor.py:186} INFO - Started process (PID=22211) to work on /opt/airflow/dags/product_processing.py
[2026-05-21T15:00:31.937+0000] {processor.py:914} INFO - Processing file /opt/airflow/dags/product_processing.py for tasks to queue
[2026-05-21T15:00:31.938+0000] {logging_mixin.py:190} INFO - [2026-05-21T15:00:31.938+0000] {dagbag.py:588} INFO - Filling up the DagBag from /opt/airflow/dags/product_processing.py
[2026-05-21T15:00:32.118+0000] {processor.py:925} INFO - DAG(s) 'product_processing' retrieved from /opt/airflow/dags/product_processing.py
[2026-05-21T15:00:32.138+0000] {logging_mixin.py:190} INFO - [2026-05-21T15:00:32.137+0000] {dag.py:3239} INFO - Sync 1 DAGs
[2026-05-21T15:00:32.156+0000] {logging_mixin.py:190} INFO - [2026-05-21T15:00:32.155+0000] {dag.py:4180} INFO - Setting next_dagrun for product_processing to 2026-05-20 00:00:00+00:00, run_after=2026-05-21 00:00:00+00:00
[2026-05-21T15:00:32.168+0000] {processor.py:208} INFO - Processing /opt/airflow/dags/product_processing.py took 0.237 seconds
[2026-05-21T15:01:02.602+0000] {processor.py:186} INFO - Started process (PID=22226) to work on /opt/airflow/dags/product_processing.py
[2026-05-21T15:01:02.604+0000] {processor.py:914} INFO - Processing file /opt/airflow/dags/product_processing.py for tasks to queue
[2026-05-21T15:01:02.605+0000] {logging_mixin.py:190} INFO - [2026-05-21T15:01:02.604+0000] {dagbag.py:588} INFO - Filling up the DagBag from /opt/airflow/dags/product_processing.py
[2026-05-21T15:01:02.787+0000] {processor.py:925} INFO - DAG(s) 'product_processing' retrieved from /opt/airflow/dags/product_processing.py
[2026-05-21T15:01:02.807+0000] {logging_mixin.py:190} INFO - [2026-05-21T15:01:02.807+0000] {dag.py:3239} INFO - Sync 1 DAGs
[2026-05-21T15:01:02.825+0000] {logging_mixin.py:190} INFO - [2026-05-21T15:01:02.825+0000] {dag.py:4180} INFO - Setting next_dagrun for product_processing to 2026-05-20 00:00:00+00:00, run_after=2026-05-21 00:00:00+00:00
[2026-05-21T15:01:02.839+0000] {processor.py:208} INFO - Processing /opt/airflow/dags/product_processing.py took 0.243 seconds
[2026-05-21T15:01:33.241+0000] {processor.py:186} INFO - Started process (PID=22242) to work on /opt/airflow/dags/product_processing.py
[2026-05-21T15:01:33.242+0000] {processor.py:914} INFO - Processing file /opt/airflow/dags/product_processing.py for tasks to queue
[2026-05-21T15:01:33.243+0000] {logging_mixin.py:190} INFO - [2026-05-21T15:01:33.243+0000] {dagbag.py:588} INFO - Filling up the DagBag from /opt/airflow/dags/product_processing.py
[2026-05-21T15:01:33.424+0000] {processor.py:925} INFO - DAG(s) 'product_processing' retrieved from /opt/airflow/dags/product_processing.py
[2026-05-21T15:01:33.443+0000] {logging_mixin.py:190} INFO - [2026-05-21T15:01:33.443+0000] {dag.py:3239} INFO - Sync 1 DAGs
[2026-05-21T15:01:33.460+0000] {logging_mixin.py:190} INFO - [2026-05-21T15:01:33.460+0000] {dag.py:4180} INFO - Setting next_dagrun for product_processing to 2026-05-20 00:00:00+00:00, run_after=2026-05-21 00:00:00+00:00
[2026-05-21T15:01:33.477+0000] {processor.py:208} INFO - Processing /opt/airflow/dags/product_processing.py took 0.240 seconds
[2026-05-21T15:02:04.024+0000] {processor.py:186} INFO - Started process (PID=22258) to work on /opt/airflow/dags/product_processing.py
[2026-05-21T15:02:04.026+0000] {processor.py:914} INFO - Processing file /opt/airflow/dags/product_processing.py for tasks to queue
[2026-05-21T15:02:04.027+0000] {logging_mixin.py:190} INFO - [2026-05-21T15:02:04.027+0000] {dagbag.py:588} INFO - Filling up the DagBag from /opt/airflow/dags/product_processing.py
[2026-05-21T15:02:04.203+0000] {processor.py:925} INFO - DAG(s) 'product_processing' retrieved from /opt/airflow/dags/product_processing.py
[2026-05-21T15:02:04.221+0000] {logging_mixin.py:190} INFO - [2026-05-21T15:02:04.221+0000] {dag.py:3239} INFO - Sync 1 DAGs
[2026-05-21T15:02:04.238+0000] {logging_mixin.py:190} INFO - [2026-05-21T15:02:04.238+0000] {dag.py:4180} INFO - Setting next_dagrun for product_processing to 2026-05-20 00:00:00+00:00, run_after=2026-05-21 00:00:00+00:00
[2026-05-21T15:02:04.254+0000] {processor.py:208} INFO - Processing /opt/airflow/dags/product_processing.py took 0.233 seconds
[2026-05-21T15:02:34.911+0000] {processor.py:186} INFO - Started process (PID=22274) to work on /opt/airflow/dags/product_processing.py
[2026-05-21T15:02:34.920+0000] {processor.py:914} INFO - Processing file /opt/airflow/dags/product_processing.py for tasks to queue
[2026-05-21T15:02:34.921+0000] {logging_mixin.py:190} INFO - [2026-05-21T15:02:34.921+0000] {dagbag.py:588} INFO - Filling up the DagBag from /opt/airflow/dags/product_processing.py
[2026-05-21T15:02:35.105+0000] {processor.py:925} INFO - DAG(s) 'product_processing' retrieved from /opt/airflow/dags/product_processing.py
[2026-05-21T15:02:35.123+0000] {logging_mixin.py:190} INFO - [2026-05-21T15:02:35.123+0000] {dag.py:3239} INFO - Sync 1 DAGs
[2026-05-21T15:02:35.140+0000] {logging_mixin.py:190} INFO - [2026-05-21T15:02:35.140+0000] {dag.py:4180} INFO - Setting next_dagrun for product_processing to 2026-05-20 00:00:00+00:00, run_after=2026-05-21 00:00:00+00:00
[2026-05-21T15:02:35.153+0000] {processor.py:208} INFO - Processing /opt/airflow/dags/product_processing.py took 0.246 seconds
[2026-05-21T15:03:05.483+0000] {processor.py:186} INFO - Started process (PID=22291) to work on /opt/airflow/dags/product_processing.py
[2026-05-21T15:03:05.485+0000] {processor.py:914} INFO - Processing file /opt/airflow/dags/product_processing.py for tasks to queue
[2026-05-21T15:03:05.486+0000] {logging_mixin.py:190} INFO - [2026-05-21T15:03:05.485+0000] {dagbag.py:588} INFO - Filling up the DagBag from /opt/airflow/dags/product_processing.py
[2026-05-21T15:03:05.690+0000] {processor.py:925} INFO - DAG(s) 'product_processing' retrieved from /opt/airflow/dags/product_processing.py
[2026-05-21T15:03:05.707+0000] {logging_mixin.py:190} INFO - [2026-05-21T15:03:05.706+0000] {dag.py:3239} INFO - Sync 1 DAGs
[2026-05-21T15:03:05.723+0000] {logging_mixin.py:190} INFO - [2026-05-21T15:03:05.723+0000] {dag.py:4180} INFO - Setting next_dagrun for product_processing to 2026-05-20 00:00:00+00:00, run_after=2026-05-21 00:00:00+00:00
[2026-05-21T15:03:05.734+0000] {processor.py:208} INFO - Processing /opt/airflow/dags/product_processing.py took 0.255 seconds
[2026-05-21T15:03:36.166+0000] {processor.py:186} INFO - Started process (PID=22307) to work on /opt/airflow/dags/product_processing.py
[2026-05-21T15:03:36.167+0000] {processor.py:914} INFO - Processing file /opt/airflow/dags/product_processing.py for tasks to queue
[2026-05-21T15:03:36.167+0000] {logging_mixin.py:190} INFO - [2026-05-21T15:03:36.167+0000] {dagbag.py:588} INFO - Filling up the DagBag from /opt/airflow/dags/product_processing.py
[2026-05-21T15:03:36.389+0000] {processor.py:925} INFO - DAG(s) 'product_processing' retrieved from /opt/airflow/dags/product_processing.py
[2026-05-21T15:03:36.408+0000] {logging_mixin.py:190} INFO - [2026-05-21T15:03:36.408+0000] {dag.py:3239} INFO - Sync 1 DAGs
[2026-05-21T15:03:36.429+0000] {logging_mixin.py:190} INFO - [2026-05-21T15:03:36.428+0000] {dag.py:4180} INFO - Setting next_dagrun for product_processing to 2026-05-20 00:00:00+00:00, run_after=2026-05-21 00:00:00+00:00
[2026-05-21T15:03:36.441+0000] {processor.py:208} INFO - Processing /opt/airflow/dags/product_processing.py took 0.281 seconds
[2026-05-21T15:04:06.815+0000] {processor.py:186} INFO - Started process (PID=22323) to work on /opt/airflow/dags/product_processing.py
[2026-05-21T15:04:06.816+0000] {processor.py:914} INFO - Processing file /opt/airflow/dags/product_processing.py for tasks to queue
[2026-05-21T15:04:06.817+0000] {logging_mixin.py:190} INFO - [2026-05-21T15:04:06.817+0000] {dagbag.py:588} INFO - Filling up the DagBag from /opt/airflow/dags/product_processing.py
[2026-05-21T15:04:07.023+0000] {processor.py:925} INFO - DAG(s) 'product_processing' retrieved from /opt/airflow/dags/product_processing.py
[2026-05-21T15:04:07.042+0000] {logging_mixin.py:190} INFO - [2026-05-21T15:04:07.042+0000] {dag.py:3239} INFO - Sync 1 DAGs
[2026-05-21T15:04:07.059+0000] {logging_mixin.py:190} INFO - [2026-05-21T15:04:07.059+0000] {dag.py:4180} INFO - Setting next_dagrun for product_processing to 2026-05-20 00:00:00+00:00, run_after=2026-05-21 00:00:00+00:00
[2026-05-21T15:04:07.073+0000] {processor.py:208} INFO - Processing /opt/airflow/dags/product_processing.py took 0.263 seconds
[2026-05-21T15:04:37.587+0000] {processor.py:186} INFO - Started process (PID=22340) to work on /opt/airflow/dags/product_processing.py
[2026-05-21T15:04:37.588+0000] {processor.py:914} INFO - Processing file /opt/airflow/dags/product_processing.py for tasks to queue
[2026-05-21T15:04:37.589+0000] {logging_mixin.py:190} INFO - [2026-05-21T15:04:37.589+0000] {dagbag.py:588} INFO - Filling up the DagBag from /opt/airflow/dags/product_processing.py
[2026-05-21T15:04:37.780+0000] {processor.py:925} INFO - DAG(s) 'product_processing' retrieved from /opt/airflow/dags/product_processing.py
[2026-05-21T15:04:37.799+0000] {logging_mixin.py:190} INFO - [2026-05-21T15:04:37.799+0000] {dag.py:3239} INFO - Sync 1 DAGs
[2026-05-21T15:04:37.818+0000] {logging_mixin.py:190} INFO - [2026-05-21T15:04:37.818+0000] {dag.py:4180} INFO - Setting next_dagrun for product_processing to 2026-05-20 00:00:00+00:00, run_after=2026-05-21 00:00:00+00:00
[2026-05-21T15:04:37.831+0000] {processor.py:208} INFO - Processing /opt/airflow/dags/product_processing.py took 0.248 seconds
[2026-05-21T15:05:08.482+0000] {processor.py:186} INFO - Started process (PID=22357) to work on /opt/airflow/dags/product_processing.py
[2026-05-21T15:05:08.483+0000] {processor.py:914} INFO - Processing file /opt/airflow/dags/product_processing.py for tasks to queue
[2026-05-21T15:05:08.484+0000] {logging_mixin.py:190} INFO - [2026-05-21T15:05:08.484+0000] {dagbag.py:588} INFO - Filling up the DagBag from /opt/airflow/dags/product_processing.py
[2026-05-21T15:05:08.668+0000] {processor.py:925} INFO - DAG(s) 'product_processing' retrieved from /opt/airflow/dags/product_processing.py
[2026-05-21T15:05:08.686+0000] {logging_mixin.py:190} INFO - [2026-05-21T15:05:08.686+0000] {dag.py:3239} INFO - Sync 1 DAGs
[2026-05-21T15:05:08.704+0000] {logging_mixin.py:190} INFO - [2026-05-21T15:05:08.704+0000] {dag.py:4180} INFO - Setting next_dagrun for product_processing to 2026-05-20 00:00:00+00:00, run_after=2026-05-21 00:00:00+00:00
[2026-05-21T15:05:08.717+0000] {processor.py:208} INFO - Processing /opt/airflow/dags/product_processing.py took 0.238 seconds
[2026-05-21T15:05:39.140+0000] {processor.py:186} INFO - Started process (PID=22373) to work on /opt/airflow/dags/product_processing.py
[2026-05-21T15:05:39.141+0000] {processor.py:914} INFO - Processing file /opt/airflow/dags/product_processing.py for tasks to queue
[2026-05-21T15:05:39.142+0000] {logging_mixin.py:190} INFO - [2026-05-21T15:05:39.142+0000] {dagbag.py:588} INFO - Filling up the DagBag from /opt/airflow/dags/product_processing.py
[2026-05-21T15:05:39.330+0000] {processor.py:925} INFO - DAG(s) 'product_processing' retrieved from /opt/airflow/dags/product_processing.py
[2026-05-21T15:05:39.347+0000] {logging_mixin.py:190} INFO - [2026-05-21T15:05:39.347+0000] {dag.py:3239} INFO - Sync 1 DAGs
[2026-05-21T15:05:39.363+0000] {logging_mixin.py:190} INFO - [2026-05-21T15:05:39.363+0000] {dag.py:4180} INFO - Setting next_dagrun for product_processing to 2026-05-20 00:00:00+00:00, run_after=2026-05-21 00:00:00+00:00
[2026-05-21T15:05:39.374+0000] {processor.py:208} INFO - Processing /opt/airflow/dags/product_processing.py took 0.238 seconds
[2026-05-21T15:06:09.796+0000] {processor.py:186} INFO - Started process (PID=22389) to work on /opt/airflow/dags/product_processing.py
[2026-05-21T15:06:09.797+0000] {processor.py:914} INFO - Processing file /opt/airflow/dags/product_processing.py for tasks to queue
[2026-05-21T15:06:09.798+0000] {logging_mixin.py:190} INFO - [2026-05-21T15:06:09.798+0000] {dagbag.py:588} INFO - Filling up the DagBag from /opt/airflow/dags/product_processing.py
[2026-05-21T15:06:09.989+0000] {processor.py:925} INFO - DAG(s) 'product_processing' retrieved from /opt/airflow/dags/product_processing.py
[2026-05-21T15:06:10.007+0000] {logging_mixin.py:190} INFO - [2026-05-21T15:06:10.007+0000] {dag.py:3239} INFO - Sync 1 DAGs
[2026-05-21T15:06:10.024+0000] {logging_mixin.py:190} INFO - [2026-05-21T15:06:10.024+0000] {dag.py:4180} INFO - Setting next_dagrun for product_processing to 2026-05-20 00:00:00+00:00, run_after=2026-05-21 00:00:00+00:00
[2026-05-21T15:06:10.036+0000] {processor.py:208} INFO - Processing /opt/airflow/dags/product_processing.py took 0.248 seconds
[2026-05-21T15:06:40.499+0000] {processor.py:186} INFO - Started process (PID=22405) to work on /opt/airflow/dags/product_processing.py
[2026-05-21T15:06:40.502+0000] {processor.py:914} INFO - Processing file /opt/airflow/dags/product_processing.py for tasks to queue
[2026-05-21T15:06:40.503+0000] {logging_mixin.py:190} INFO - [2026-05-21T15:06:40.503+0000] {dagbag.py:588} INFO - Filling up the DagBag from /opt/airflow/dags/product_processing.py
[2026-05-21T15:06:40.695+0000] {processor.py:925} INFO - DAG(s) 'product_processing' retrieved from /opt/airflow/dags/product_processing.py
[2026-05-21T15:06:40.713+0000] {logging_mixin.py:190} INFO - [2026-05-21T15:06:40.713+0000] {dag.py:3239} INFO - Sync 1 DAGs
[2026-05-21T15:06:40.731+0000] {logging_mixin.py:190} INFO - [2026-05-21T15:06:40.731+0000] {dag.py:4180} INFO - Setting next_dagrun for product_processing to 2026-05-20 00:00:00+00:00, run_after=2026-05-21 00:00:00+00:00
[2026-05-21T15:06:40.744+0000] {processor.py:208} INFO - Processing /opt/airflow/dags/product_processing.py took 0.254 seconds
[2026-05-21T15:07:11.130+0000] {processor.py:186} INFO - Started process (PID=22422) to work on /opt/airflow/dags/product_processing.py
[2026-05-21T15:07:11.131+0000] {processor.py:914} INFO - Processing file /opt/airflow/dags/product_processing.py for tasks to queue
[2026-05-21T15:07:11.133+0000] {logging_mixin.py:190} INFO - [2026-05-21T15:07:11.132+0000] {dagbag.py:588} INFO - Filling up the DagBag from /opt/airflow/dags/product_processing.py
[2026-05-21T15:07:11.324+0000] {processor.py:925} INFO - DAG(s) 'product_processing' retrieved from /opt/airflow/dags/product_processing.py
[2026-05-21T15:07:11.348+0000] {logging_mixin.py:190} INFO - [2026-05-21T15:07:11.348+0000] {dag.py:3239} INFO - Sync 1 DAGs
[2026-05-21T15:07:11.369+0000] {logging_mixin.py:190} INFO - [2026-05-21T15:07:11.369+0000] {dag.py:4180} INFO - Setting next_dagrun for product_processing to 2026-05-20 00:00:00+00:00, run_after=2026-05-21 00:00:00+00:00
[2026-05-21T15:07:11.383+0000] {processor.py:208} INFO - Processing /opt/airflow/dags/product_processing.py took 0.261 seconds
[2026-05-21T15:07:41.746+0000] {processor.py:186} INFO - Started process (PID=22438) to work on /opt/airflow/dags/product_processing.py
[2026-05-21T15:07:41.747+0000] {processor.py:914} INFO - Processing file /opt/airflow/dags/product_processing.py for tasks to queue
[2026-05-21T15:07:41.747+0000] {logging_mixin.py:190} INFO - [2026-05-21T15:07:41.747+0000] {dagbag.py:588} INFO - Filling up the DagBag from /opt/airflow/dags/product_processing.py
[2026-05-21T15:07:41.933+0000] {processor.py:925} INFO - DAG(s) 'product_processing' retrieved from /opt/airflow/dags/product_processing.py
[2026-05-21T15:07:41.953+0000] {logging_mixin.py:190} INFO - [2026-05-21T15:07:41.953+0000] {dag.py:3239} INFO - Sync 1 DAGs
[2026-05-21T15:07:41.971+0000] {logging_mixin.py:190} INFO - [2026-05-21T15:07:41.971+0000] {dag.py:4180} INFO - Setting next_dagrun for product_processing to 2026-05-20 00:00:00+00:00, run_after=2026-05-21 00:00:00+00:00
[2026-05-21T15:07:41.984+0000] {processor.py:208} INFO - Processing /opt/airflow/dags/product_processing.py took 0.243 seconds
[2026-05-21T15:08:12.533+0000] {processor.py:186} INFO - Started process (PID=22455) to work on /opt/airflow/dags/product_processing.py
[2026-05-21T15:08:12.534+0000] {processor.py:914} INFO - Processing file /opt/airflow/dags/product_processing.py for tasks to queue
[2026-05-21T15:08:12.535+0000] {logging_mixin.py:190} INFO - [2026-05-21T15:08:12.535+0000] {dagbag.py:588} INFO - Filling up the DagBag from /opt/airflow/dags/product_processing.py
[2026-05-21T15:08:12.716+0000] {processor.py:925} INFO - DAG(s) 'product_processing' retrieved from /opt/airflow/dags/product_processing.py
[2026-05-21T15:08:12.734+0000] {logging_mixin.py:190} INFO - [2026-05-21T15:08:12.733+0000] {dag.py:3239} INFO - Sync 1 DAGs
[2026-05-21T15:08:12.750+0000] {logging_mixin.py:190} INFO - [2026-05-21T15:08:12.750+0000] {dag.py:4180} INFO - Setting next_dagrun for product_processing to 2026-05-20 00:00:00+00:00, run_after=2026-05-21 00:00:00+00:00
[2026-05-21T15:08:12.764+0000] {processor.py:208} INFO - Processing /opt/airflow/dags/product_processing.py took 0.235 seconds
[2026-05-21T15:08:43.266+0000] {processor.py:186} INFO - Started process (PID=22471) to work on /opt/airflow/dags/product_processing.py
[2026-05-21T15:08:43.267+0000] {processor.py:914} INFO - Processing file /opt/airflow/dags/product_processing.py for tasks to queue
[2026-05-21T15:08:43.268+0000] {logging_mixin.py:190} INFO - [2026-05-21T15:08:43.268+0000] {dagbag.py:588} INFO - Filling up the DagBag from /opt/airflow/dags/product_processing.py
[2026-05-21T15:08:43.447+0000] {processor.py:925} INFO - DAG(s) 'product_processing' retrieved from /opt/airflow/dags/product_processing.py
[2026-05-21T15:08:43.464+0000] {logging_mixin.py:190} INFO - [2026-05-21T15:08:43.463+0000] {dag.py:3239} INFO - Sync 1 DAGs
[2026-05-21T15:08:43.481+0000] {logging_mixin.py:190} INFO - [2026-05-21T15:08:43.481+0000] {dag.py:4180} INFO - Setting next_dagrun for product_processing to 2026-05-20 00:00:00+00:00, run_after=2026-05-21 00:00:00+00:00
[2026-05-21T15:08:43.496+0000] {processor.py:208} INFO - Processing /opt/airflow/dags/product_processing.py took 0.233 seconds
[2026-05-21T15:09:13.916+0000] {processor.py:186} INFO - Started process (PID=22487) to work on /opt/airflow/dags/product_processing.py
[2026-05-21T15:09:13.917+0000] {processor.py:914} INFO - Processing file /opt/airflow/dags/product_processing.py for tasks to queue
[2026-05-21T15:09:13.918+0000] {logging_mixin.py:190} INFO - [2026-05-21T15:09:13.918+0000] {dagbag.py:588} INFO - Filling up the DagBag from /opt/airflow/dags/product_processing.py
[2026-05-21T15:09:14.094+0000] {processor.py:925} INFO - DAG(s) 'product_processing' retrieved from /opt/airflow/dags/product_processing.py
[2026-05-21T15:09:14.113+0000] {logging_mixin.py:190} INFO - [2026-05-21T15:09:14.112+0000] {dag.py:3239} INFO - Sync 1 DAGs
[2026-05-21T15:09:14.130+0000] {logging_mixin.py:190} INFO - [2026-05-21T15:09:14.130+0000] {dag.py:4180} INFO - Setting next_dagrun for product_processing to 2026-05-20 00:00:00+00:00, run_after=2026-05-21 00:00:00+00:00
[2026-05-21T15:09:14.142+0000] {processor.py:208} INFO - Processing /opt/airflow/dags/product_processing.py took 0.230 seconds
[2026-05-21T15:09:44.609+0000] {processor.py:186} INFO - Started process (PID=22504) to work on /opt/airflow/dags/product_processing.py
[2026-05-21T15:09:44.610+0000] {processor.py:914} INFO - Processing file /opt/airflow/dags/product_processing.py for tasks to queue
[2026-05-21T15:09:44.611+0000] {logging_mixin.py:190} INFO - [2026-05-21T15:09:44.611+0000] {dagbag.py:588} INFO - Filling up the DagBag from /opt/airflow/dags/product_processing.py
[2026-05-21T15:09:44.800+0000] {processor.py:925} INFO - DAG(s) 'product_processing' retrieved from /opt/airflow/dags/product_processing.py
[2026-05-21T15:09:44.819+0000] {logging_mixin.py:190} INFO - [2026-05-21T15:09:44.819+0000] {dag.py:3239} INFO - Sync 1 DAGs
[2026-05-21T15:09:44.836+0000] {logging_mixin.py:190} INFO - [2026-05-21T15:09:44.836+0000] {dag.py:4180} INFO - Setting next_dagrun for product_processing to 2026-05-20 00:00:00+00:00, run_after=2026-05-21 00:00:00+00:00
[2026-05-21T15:09:44.850+0000] {processor.py:208} INFO - Processing /opt/airflow/dags/product_processing.py took 0.245 seconds
[2026-05-21T15:10:15.154+0000] {processor.py:186} INFO - Started process (PID=22520) to work on /opt/airflow/dags/product_processing.py
[2026-05-21T15:10:15.155+0000] {processor.py:914} INFO - Processing file /opt/airflow/dags/product_processing.py for tasks to queue
[2026-05-21T15:10:15.156+0000] {logging_mixin.py:190} INFO - [2026-05-21T15:10:15.156+0000] {dagbag.py:588} INFO - Filling up the DagBag from /opt/airflow/dags/product_processing.py
[2026-05-21T15:10:15.333+0000] {processor.py:925} INFO - DAG(s) 'product_processing' retrieved from /opt/airflow/dags/product_processing.py
[2026-05-21T15:10:15.352+0000] {logging_mixin.py:190} INFO - [2026-05-21T15:10:15.352+0000] {dag.py:3239} INFO - Sync 1 DAGs
[2026-05-21T15:10:15.368+0000] {logging_mixin.py:190} INFO - [2026-05-21T15:10:15.368+0000] {dag.py:4180} INFO - Setting next_dagrun for product_processing to 2026-05-20 00:00:00+00:00, run_after=2026-05-21 00:00:00+00:00
[2026-05-21T15:10:15.381+0000] {processor.py:208} INFO - Processing /opt/airflow/dags/product_processing.py took 0.233 seconds
[2026-05-21T15:10:45.865+0000] {processor.py:186} INFO - Started process (PID=22536) to work on /opt/airflow/dags/product_processing.py
[2026-05-21T15:10:45.865+0000] {processor.py:914} INFO - Processing file /opt/airflow/dags/product_processing.py for tasks to queue
[2026-05-21T15:10:45.866+0000] {logging_mixin.py:190} INFO - [2026-05-21T15:10:45.866+0000] {dagbag.py:588} INFO - Filling up the DagBag from /opt/airflow/dags/product_processing.py
[2026-05-21T15:10:46.053+0000] {processor.py:925} INFO - DAG(s) 'product_processing' retrieved from /opt/airflow/dags/product_processing.py
[2026-05-21T15:10:46.072+0000] {logging_mixin.py:190} INFO - [2026-05-21T15:10:46.071+0000] {dag.py:3239} INFO - Sync 1 DAGs
[2026-05-21T15:10:46.090+0000] {logging_mixin.py:190} INFO - [2026-05-21T15:10:46.090+0000] {dag.py:4180} INFO - Setting next_dagrun for product_processing to 2026-05-20 00:00:00+00:00, run_after=2026-05-21 00:00:00+00:00
[2026-05-21T15:10:46.103+0000] {processor.py:208} INFO - Processing /opt/airflow/dags/product_processing.py took 0.243 seconds
[2026-05-21T15:11:16.482+0000] {processor.py:186} INFO - Started process (PID=22552) to work on /opt/airflow/dags/product_processing.py
[2026-05-21T15:11:16.483+0000] {processor.py:914} INFO - Processing file /opt/airflow/dags/product_processing.py for tasks to queue
[2026-05-21T15:11:16.484+0000] {logging_mixin.py:190} INFO - [2026-05-21T15:11:16.484+0000] {dagbag.py:588} INFO - Filling up the DagBag from /opt/airflow/dags/product_processing.py
[2026-05-21T15:11:16.672+0000] {processor.py:925} INFO - DAG(s) 'product_processing' retrieved from /opt/airflow/dags/product_processing.py
[2026-05-21T15:11:16.691+0000] {logging_mixin.py:190} INFO - [2026-05-21T15:11:16.690+0000] {dag.py:3239} INFO - Sync 1 DAGs
[2026-05-21T15:11:16.709+0000] {logging_mixin.py:190} INFO - [2026-05-21T15:11:16.709+0000] {dag.py:4180} INFO - Setting next_dagrun for product_processing to 2026-05-20 00:00:00+00:00, run_after=2026-05-21 00:00:00+00:00
[2026-05-21T15:11:16.724+0000] {processor.py:208} INFO - Processing /opt/airflow/dags/product_processing.py took 0.246 seconds
[2026-05-21T15:11:47.160+0000] {processor.py:186} INFO - Started process (PID=22568) to work on /opt/airflow/dags/product_processing.py
[2026-05-21T15:11:47.161+0000] {processor.py:914} INFO - Processing file /opt/airflow/dags/product_processing.py for tasks to queue
[2026-05-21T15:11:47.161+0000] {logging_mixin.py:190} INFO - [2026-05-21T15:11:47.161+0000] {dagbag.py:588} INFO - Filling up the DagBag from /opt/airflow/dags/product_processing.py
[2026-05-21T15:11:47.351+0000] {processor.py:925} INFO - DAG(s) 'product_processing' retrieved from /opt/airflow/dags/product_processing.py
[2026-05-21T15:11:47.371+0000] {logging_mixin.py:190} INFO - [2026-05-21T15:11:47.370+0000] {dag.py:3239} INFO - Sync 1 DAGs
[2026-05-21T15:11:47.389+0000] {logging_mixin.py:190} INFO - [2026-05-21T15:11:47.388+0000] {dag.py:4180} INFO - Setting next_dagrun for product_processing to 2026-05-20 00:00:00+00:00, run_after=2026-05-21 00:00:00+00:00
[2026-05-21T15:11:47.402+0000] {processor.py:208} INFO - Processing /opt/airflow/dags/product_processing.py took 0.246 seconds
[2026-05-21T15:12:17.843+0000] {processor.py:186} INFO - Started process (PID=22584) to work on /opt/airflow/dags/product_processing.py
[2026-05-21T15:12:17.844+0000] {processor.py:914} INFO - Processing file /opt/airflow/dags/product_processing.py for tasks to queue
[2026-05-21T15:12:17.845+0000] {logging_mixin.py:190} INFO - [2026-05-21T15:12:17.844+0000] {dagbag.py:588} INFO - Filling up the DagBag from /opt/airflow/dags/product_processing.py
[2026-05-21T15:12:18.023+0000] {processor.py:925} INFO - DAG(s) 'product_processing' retrieved from /opt/airflow/dags/product_processing.py
[2026-05-21T15:12:18.041+0000] {logging_mixin.py:190} INFO - [2026-05-21T15:12:18.040+0000] {dag.py:3239} INFO - Sync 1 DAGs
[2026-05-21T15:12:18.059+0000] {logging_mixin.py:190} INFO - [2026-05-21T15:12:18.058+0000] {dag.py:4180} INFO - Setting next_dagrun for product_processing to 2026-05-20 00:00:00+00:00, run_after=2026-05-21 00:00:00+00:00
[2026-05-21T15:12:18.072+0000] {processor.py:208} INFO - Processing /opt/airflow/dags/product_processing.py took 0.233 seconds
[2026-05-21T15:12:48.449+0000] {processor.py:186} INFO - Started process (PID=22599) to work on /opt/airflow/dags/product_processing.py
[2026-05-21T15:12:48.451+0000] {processor.py:914} INFO - Processing file /opt/airflow/dags/product_processing.py for tasks to queue
[2026-05-21T15:12:48.452+0000] {logging_mixin.py:190} INFO - [2026-05-21T15:12:48.452+0000] {dagbag.py:588} INFO - Filling up the DagBag from /opt/airflow/dags/product_processing.py
[2026-05-21T15:12:48.645+0000] {processor.py:925} INFO - DAG(s) 'product_processing' retrieved from /opt/airflow/dags/product_processing.py
[2026-05-21T15:12:48.663+0000] {logging_mixin.py:190} INFO - [2026-05-21T15:12:48.663+0000] {dag.py:3239} INFO - Sync 1 DAGs
[2026-05-21T15:12:48.682+0000] {logging_mixin.py:190} INFO - [2026-05-21T15:12:48.682+0000] {dag.py:4180} INFO - Setting next_dagrun for product_processing to 2026-05-20 00:00:00+00:00, run_after=2026-05-21 00:00:00+00:00
[2026-05-21T15:12:48.695+0000] {processor.py:208} INFO - Processing /opt/airflow/dags/product_processing.py took 0.254 seconds
[2026-05-21T15:13:19.071+0000] {processor.py:186} INFO - Started process (PID=22614) to work on /opt/airflow/dags/product_processing.py
[2026-05-21T15:13:19.072+0000] {processor.py:914} INFO - Processing file /opt/airflow/dags/product_processing.py for tasks to queue
[2026-05-21T15:13:19.073+0000] {logging_mixin.py:190} INFO - [2026-05-21T15:13:19.073+0000] {dagbag.py:588} INFO - Filling up the DagBag from /opt/airflow/dags/product_processing.py
[2026-05-21T15:13:19.266+0000] {processor.py:925} INFO - DAG(s) 'product_processing' retrieved from /opt/airflow/dags/product_processing.py
[2026-05-21T15:13:19.285+0000] {logging_mixin.py:190} INFO - [2026-05-21T15:13:19.285+0000] {dag.py:3239} INFO - Sync 1 DAGs
[2026-05-21T15:13:19.303+0000] {logging_mixin.py:190} INFO - [2026-05-21T15:13:19.303+0000] {dag.py:4180} INFO - Setting next_dagrun for product_processing to 2026-05-20 00:00:00+00:00, run_after=2026-05-21 00:00:00+00:00
[2026-05-21T15:13:19.316+0000] {processor.py:208} INFO - Processing /opt/airflow/dags/product_processing.py took 0.249 seconds
[2026-05-21T15:13:49.710+0000] {processor.py:186} INFO - Started process (PID=22629) to work on /opt/airflow/dags/product_processing.py
[2026-05-21T15:13:49.711+0000] {processor.py:914} INFO - Processing file /opt/airflow/dags/product_processing.py for tasks to queue
[2026-05-21T15:13:49.712+0000] {logging_mixin.py:190} INFO - [2026-05-21T15:13:49.711+0000] {dagbag.py:588} INFO - Filling up the DagBag from /opt/airflow/dags/product_processing.py
[2026-05-21T15:13:49.906+0000] {processor.py:925} INFO - DAG(s) 'product_processing' retrieved from /opt/airflow/dags/product_processing.py
[2026-05-21T15:13:49.926+0000] {logging_mixin.py:190} INFO - [2026-05-21T15:13:49.926+0000] {dag.py:3239} INFO - Sync 1 DAGs
[2026-05-21T15:13:49.944+0000] {logging_mixin.py:190} INFO - [2026-05-21T15:13:49.943+0000] {dag.py:4180} INFO - Setting next_dagrun for product_processing to 2026-05-20 00:00:00+00:00, run_after=2026-05-21 00:00:00+00:00
[2026-05-21T15:13:49.958+0000] {processor.py:208} INFO - Processing /opt/airflow/dags/product_processing.py took 0.252 seconds
[2026-05-21T15:14:20.338+0000] {processor.py:186} INFO - Started process (PID=22645) to work on /opt/airflow/dags/product_processing.py
[2026-05-21T15:14:20.339+0000] {processor.py:914} INFO - Processing file /opt/airflow/dags/product_processing.py for tasks to queue
[2026-05-21T15:14:20.340+0000] {logging_mixin.py:190} INFO - [2026-05-21T15:14:20.339+0000] {dagbag.py:588} INFO - Filling up the DagBag from /opt/airflow/dags/product_processing.py
[2026-05-21T15:14:20.529+0000] {processor.py:925} INFO - DAG(s) 'product_processing' retrieved from /opt/airflow/dags/product_processing.py
[2026-05-21T15:14:20.547+0000] {logging_mixin.py:190} INFO - [2026-05-21T15:14:20.547+0000] {dag.py:3239} INFO - Sync 1 DAGs
[2026-05-21T15:14:20.564+0000] {logging_mixin.py:190} INFO - [2026-05-21T15:14:20.564+0000] {dag.py:4180} INFO - Setting next_dagrun for product_processing to 2026-05-20 00:00:00+00:00, run_after=2026-05-21 00:00:00+00:00
[2026-05-21T15:14:20.578+0000] {processor.py:208} INFO - Processing /opt/airflow/dags/product_processing.py took 0.244 seconds
[2026-05-21T15:14:51.101+0000] {processor.py:186} INFO - Started process (PID=22660) to work on /opt/airflow/dags/product_processing.py
[2026-05-21T15:14:51.101+0000] {processor.py:914} INFO - Processing file /opt/airflow/dags/product_processing.py for tasks to queue
[2026-05-21T15:14:51.102+0000] {logging_mixin.py:190} INFO - [2026-05-21T15:14:51.102+0000] {dagbag.py:588} INFO - Filling up the DagBag from /opt/airflow/dags/product_processing.py
[2026-05-21T15:14:51.288+0000] {processor.py:925} INFO - DAG(s) 'product_processing' retrieved from /opt/airflow/dags/product_processing.py
[2026-05-21T15:14:51.306+0000] {logging_mixin.py:190} INFO - [2026-05-21T15:14:51.306+0000] {dag.py:3239} INFO - Sync 1 DAGs
[2026-05-21T15:14:51.324+0000] {logging_mixin.py:190} INFO - [2026-05-21T15:14:51.324+0000] {dag.py:4180} INFO - Setting next_dagrun for product_processing to 2026-05-20 00:00:00+00:00, run_after=2026-05-21 00:00:00+00:00
[2026-05-21T15:14:51.336+0000] {processor.py:208} INFO - Processing /opt/airflow/dags/product_processing.py took 0.240 seconds
[2026-05-21T15:15:21.768+0000] {processor.py:186} INFO - Started process (PID=22676) to work on /opt/airflow/dags/product_processing.py
[2026-05-21T15:15:21.777+0000] {processor.py:914} INFO - Processing file /opt/airflow/dags/product_processing.py for tasks to queue
[2026-05-21T15:15:21.778+0000] {logging_mixin.py:190} INFO - [2026-05-21T15:15:21.778+0000] {dagbag.py:588} INFO - Filling up the DagBag from /opt/airflow/dags/product_processing.py
[2026-05-21T15:15:21.970+0000] {processor.py:925} INFO - DAG(s) 'product_processing' retrieved from /opt/airflow/dags/product_processing.py
[2026-05-21T15:15:21.989+0000] {logging_mixin.py:190} INFO - [2026-05-21T15:15:21.989+0000] {dag.py:3239} INFO - Sync 1 DAGs
[2026-05-21T15:15:22.007+0000] {logging_mixin.py:190} INFO - [2026-05-21T15:15:22.007+0000] {dag.py:4180} INFO - Setting next_dagrun for product_processing to 2026-05-20 00:00:00+00:00, run_after=2026-05-21 00:00:00+00:00
[2026-05-21T15:15:22.020+0000] {processor.py:208} INFO - Processing /opt/airflow/dags/product_processing.py took 0.256 seconds
[2026-05-21T15:15:52.444+0000] {processor.py:186} INFO - Started process (PID=22692) to work on /opt/airflow/dags/product_processing.py
[2026-05-21T15:15:52.445+0000] {processor.py:914} INFO - Processing file /opt/airflow/dags/product_processing.py for tasks to queue
[2026-05-21T15:15:52.445+0000] {logging_mixin.py:190} INFO - [2026-05-21T15:15:52.445+0000] {dagbag.py:588} INFO - Filling up the DagBag from /opt/airflow/dags/product_processing.py
[2026-05-21T15:15:52.630+0000] {processor.py:925} INFO - DAG(s) 'product_processing' retrieved from /opt/airflow/dags/product_processing.py
[2026-05-21T15:15:52.650+0000] {logging_mixin.py:190} INFO - [2026-05-21T15:15:52.649+0000] {dag.py:3239} INFO - Sync 1 DAGs
[2026-05-21T15:15:52.667+0000] {logging_mixin.py:190} INFO - [2026-05-21T15:15:52.667+0000] {dag.py:4180} INFO - Setting next_dagrun for product_processing to 2026-05-20 00:00:00+00:00, run_after=2026-05-21 00:00:00+00:00
[2026-05-21T15:15:52.680+0000] {processor.py:208} INFO - Processing /opt/airflow/dags/product_processing.py took 0.241 seconds
[2026-05-21T15:16:23.136+0000] {processor.py:186} INFO - Started process (PID=22708) to work on /opt/airflow/dags/product_processing.py
[2026-05-21T15:16:23.144+0000] {processor.py:914} INFO - Processing file /opt/airflow/dags/product_processing.py for tasks to queue
[2026-05-21T15:16:23.144+0000] {logging_mixin.py:190} INFO - [2026-05-21T15:16:23.144+0000] {dagbag.py:588} INFO - Filling up the DagBag from /opt/airflow/dags/product_processing.py
[2026-05-21T15:16:23.338+0000] {processor.py:925} INFO - DAG(s) 'product_processing' retrieved from /opt/airflow/dags/product_processing.py
[2026-05-21T15:16:23.358+0000] {logging_mixin.py:190} INFO - [2026-05-21T15:16:23.358+0000] {dag.py:3239} INFO - Sync 1 DAGs
[2026-05-21T15:16:23.375+0000] {logging_mixin.py:190} INFO - [2026-05-21T15:16:23.375+0000] {dag.py:4180} INFO - Setting next_dagrun for product_processing to 2026-05-20 00:00:00+00:00, run_after=2026-05-21 00:00:00+00:00
[2026-05-21T15:16:23.388+0000] {processor.py:208} INFO - Processing /opt/airflow/dags/product_processing.py took 0.257 seconds
[2026-05-21T15:16:53.480+0000] {processor.py:186} INFO - Started process (PID=22725) to work on /opt/airflow/dags/product_processing.py
[2026-05-21T15:16:53.480+0000] {processor.py:914} INFO - Processing file /opt/airflow/dags/product_processing.py for tasks to queue
[2026-05-21T15:16:53.481+0000] {logging_mixin.py:190} INFO - [2026-05-21T15:16:53.481+0000] {dagbag.py:588} INFO - Filling up the DagBag from /opt/airflow/dags/product_processing.py
[2026-05-21T15:16:53.664+0000] {processor.py:925} INFO - DAG(s) 'product_processing' retrieved from /opt/airflow/dags/product_processing.py
[2026-05-21T15:16:53.684+0000] {logging_mixin.py:190} INFO - [2026-05-21T15:16:53.683+0000] {dag.py:3239} INFO - Sync 1 DAGs
[2026-05-21T15:16:53.701+0000] {logging_mixin.py:190} INFO - [2026-05-21T15:16:53.701+0000] {dag.py:4180} INFO - Setting next_dagrun for product_processing to 2026-05-20 00:00:00+00:00, run_after=2026-05-21 00:00:00+00:00
[2026-05-21T15:16:53.714+0000] {processor.py:208} INFO - Processing /opt/airflow/dags/product_processing.py took 0.238 seconds
[2026-05-21T15:17:23.974+0000] {processor.py:186} INFO - Started process (PID=22741) to work on /opt/airflow/dags/product_processing.py
[2026-05-21T15:17:23.977+0000] {processor.py:914} INFO - Processing file /opt/airflow/dags/product_processing.py for tasks to queue
[2026-05-21T15:17:23.978+0000] {logging_mixin.py:190} INFO - [2026-05-21T15:17:23.978+0000] {dagbag.py:588} INFO - Filling up the DagBag from /opt/airflow/dags/product_processing.py
[2026-05-21T15:17:24.293+0000] {processor.py:925} INFO - DAG(s) 'product_processing' retrieved from /opt/airflow/dags/product_processing.py
[2026-05-21T15:17:24.314+0000] {logging_mixin.py:190} INFO - [2026-05-21T15:17:24.314+0000] {dag.py:3239} INFO - Sync 1 DAGs
[2026-05-21T15:17:24.335+0000] {logging_mixin.py:190} INFO - [2026-05-21T15:17:24.335+0000] {dag.py:4180} INFO - Setting next_dagrun for product_processing to 2026-05-20 00:00:00+00:00, run_after=2026-05-21 00:00:00+00:00
[2026-05-21T15:17:24.356+0000] {processor.py:208} INFO - Processing /opt/airflow/dags/product_processing.py took 0.391 seconds
[2026-05-21T15:17:54.650+0000] {processor.py:186} INFO - Started process (PID=22758) to work on /opt/airflow/dags/product_processing.py
[2026-05-21T15:17:54.651+0000] {processor.py:914} INFO - Processing file /opt/airflow/dags/product_processing.py for tasks to queue
[2026-05-21T15:17:54.652+0000] {logging_mixin.py:190} INFO - [2026-05-21T15:17:54.651+0000] {dagbag.py:588} INFO - Filling up the DagBag from /opt/airflow/dags/product_processing.py
[2026-05-21T15:17:54.832+0000] {processor.py:925} INFO - DAG(s) 'product_processing' retrieved from /opt/airflow/dags/product_processing.py
[2026-05-21T15:17:54.851+0000] {logging_mixin.py:190} INFO - [2026-05-21T15:17:54.851+0000] {dag.py:3239} INFO - Sync 1 DAGs
[2026-05-21T15:17:54.868+0000] {logging_mixin.py:190} INFO - [2026-05-21T15:17:54.868+0000] {dag.py:4180} INFO - Setting next_dagrun for product_processing to 2026-05-20 00:00:00+00:00, run_after=2026-05-21 00:00:00+00:00
[2026-05-21T15:17:54.881+0000] {processor.py:208} INFO - Processing /opt/airflow/dags/product_processing.py took 0.235 seconds
[2026-05-21T15:18:25.252+0000] {processor.py:186} INFO - Started process (PID=22774) to work on /opt/airflow/dags/product_processing.py
[2026-05-21T15:18:25.253+0000] {processor.py:914} INFO - Processing file /opt/airflow/dags/product_processing.py for tasks to queue
[2026-05-21T15:18:25.254+0000] {logging_mixin.py:190} INFO - [2026-05-21T15:18:25.254+0000] {dagbag.py:588} INFO - Filling up the DagBag from /opt/airflow/dags/product_processing.py
[2026-05-21T15:18:25.439+0000] {processor.py:925} INFO - DAG(s) 'product_processing' retrieved from /opt/airflow/dags/product_processing.py
[2026-05-21T15:18:25.458+0000] {logging_mixin.py:190} INFO - [2026-05-21T15:18:25.458+0000] {dag.py:3239} INFO - Sync 1 DAGs
[2026-05-21T15:18:25.475+0000] {logging_mixin.py:190} INFO - [2026-05-21T15:18:25.475+0000] {dag.py:4180} INFO - Setting next_dagrun for product_processing to 2026-05-20 00:00:00+00:00, run_after=2026-05-21 00:00:00+00:00
[2026-05-21T15:18:25.488+0000] {processor.py:208} INFO - Processing /opt/airflow/dags/product_processing.py took 0.241 seconds
[2026-05-21T15:18:55.897+0000] {processor.py:186} INFO - Started process (PID=22790) to work on /opt/airflow/dags/product_processing.py
[2026-05-21T15:18:55.898+0000] {processor.py:914} INFO - Processing file /opt/airflow/dags/product_processing.py for tasks to queue
[2026-05-21T15:18:55.898+0000] {logging_mixin.py:190} INFO - [2026-05-21T15:18:55.898+0000] {dagbag.py:588} INFO - Filling up the DagBag from /opt/airflow/dags/product_processing.py
[2026-05-21T15:18:56.088+0000] {processor.py:925} INFO - DAG(s) 'product_processing' retrieved from /opt/airflow/dags/product_processing.py
[2026-05-21T15:18:56.106+0000] {logging_mixin.py:190} INFO - [2026-05-21T15:18:56.106+0000] {dag.py:3239} INFO - Sync 1 DAGs
[2026-05-21T15:18:56.124+0000] {logging_mixin.py:190} INFO - [2026-05-21T15:18:56.124+0000] {dag.py:4180} INFO - Setting next_dagrun for product_processing to 2026-05-20 00:00:00+00:00, run_after=2026-05-21 00:00:00+00:00
[2026-05-21T15:18:56.138+0000] {processor.py:208} INFO - Processing /opt/airflow/dags/product_processing.py took 0.245 seconds
[2026-05-21T15:19:26.591+0000] {processor.py:186} INFO - Started process (PID=22806) to work on /opt/airflow/dags/product_processing.py
[2026-05-21T15:19:26.592+0000] {processor.py:914} INFO - Processing file /opt/airflow/dags/product_processing.py for tasks to queue
[2026-05-21T15:19:26.592+0000] {logging_mixin.py:190} INFO - [2026-05-21T15:19:26.592+0000] {dagbag.py:588} INFO - Filling up the DagBag from /opt/airflow/dags/product_processing.py
[2026-05-21T15:19:26.781+0000] {processor.py:925} INFO - DAG(s) 'product_processing' retrieved from /opt/airflow/dags/product_processing.py
[2026-05-21T15:19:26.800+0000] {logging_mixin.py:190} INFO - [2026-05-21T15:19:26.799+0000] {dag.py:3239} INFO - Sync 1 DAGs
[2026-05-21T15:19:26.816+0000] {logging_mixin.py:190} INFO - [2026-05-21T15:19:26.816+0000] {dag.py:4180} INFO - Setting next_dagrun for product_processing to 2026-05-20 00:00:00+00:00, run_after=2026-05-21 00:00:00+00:00
[2026-05-21T15:19:26.829+0000] {processor.py:208} INFO - Processing /opt/airflow/dags/product_processing.py took 0.244 seconds
[2026-05-21T15:19:57.311+0000] {processor.py:186} INFO - Started process (PID=22822) to work on /opt/airflow/dags/product_processing.py
[2026-05-21T15:19:57.312+0000] {processor.py:914} INFO - Processing file /opt/airflow/dags/product_processing.py for tasks to queue
[2026-05-21T15:19:57.313+0000] {logging_mixin.py:190} INFO - [2026-05-21T15:19:57.312+0000] {dagbag.py:588} INFO - Filling up the DagBag from /opt/airflow/dags/product_processing.py
[2026-05-21T15:19:57.501+0000] {processor.py:925} INFO - DAG(s) 'product_processing' retrieved from /opt/airflow/dags/product_processing.py
[2026-05-21T15:19:57.521+0000] {logging_mixin.py:190} INFO - [2026-05-21T15:19:57.520+0000] {dag.py:3239} INFO - Sync 1 DAGs
[2026-05-21T15:19:57.537+0000] {logging_mixin.py:190} INFO - [2026-05-21T15:19:57.537+0000] {dag.py:4180} INFO - Setting next_dagrun for product_processing to 2026-05-20 00:00:00+00:00, run_after=2026-05-21 00:00:00+00:00
[2026-05-21T15:19:57.550+0000] {processor.py:208} INFO - Processing /opt/airflow/dags/product_processing.py took 0.243 seconds
[2026-05-21T15:20:28.025+0000] {processor.py:186} INFO - Started process (PID=22838) to work on /opt/airflow/dags/product_processing.py
[2026-05-21T15:20:28.026+0000] {processor.py:914} INFO - Processing file /opt/airflow/dags/product_processing.py for tasks to queue
[2026-05-21T15:20:28.026+0000] {logging_mixin.py:190} INFO - [2026-05-21T15:20:28.026+0000] {dagbag.py:588} INFO - Filling up the DagBag from /opt/airflow/dags/product_processing.py
[2026-05-21T15:20:28.212+0000] {processor.py:925} INFO - DAG(s) 'product_processing' retrieved from /opt/airflow/dags/product_processing.py
[2026-05-21T15:20:28.230+0000] {logging_mixin.py:190} INFO - [2026-05-21T15:20:28.230+0000] {dag.py:3239} INFO - Sync 1 DAGs
[2026-05-21T15:20:28.247+0000] {logging_mixin.py:190} INFO - [2026-05-21T15:20:28.247+0000] {dag.py:4180} INFO - Setting next_dagrun for product_processing to 2026-05-20 00:00:00+00:00, run_after=2026-05-21 00:00:00+00:00
[2026-05-21T15:20:28.260+0000] {processor.py:208} INFO - Processing /opt/airflow/dags/product_processing.py took 0.240 seconds
[2026-05-21T15:20:58.674+0000] {processor.py:186} INFO - Started process (PID=22853) to work on /opt/airflow/dags/product_processing.py
[2026-05-21T15:20:58.674+0000] {processor.py:914} INFO - Processing file /opt/airflow/dags/product_processing.py for tasks to queue
[2026-05-21T15:20:58.675+0000] {logging_mixin.py:190} INFO - [2026-05-21T15:20:58.675+0000] {dagbag.py:588} INFO - Filling up the DagBag from /opt/airflow/dags/product_processing.py
[2026-05-21T15:20:58.865+0000] {processor.py:925} INFO - DAG(s) 'product_processing' retrieved from /opt/airflow/dags/product_processing.py
[2026-05-21T15:20:58.884+0000] {logging_mixin.py:190} INFO - [2026-05-21T15:20:58.884+0000] {dag.py:3239} INFO - Sync 1 DAGs
[2026-05-21T15:20:58.904+0000] {logging_mixin.py:190} INFO - [2026-05-21T15:20:58.904+0000] {dag.py:4180} INFO - Setting next_dagrun for product_processing to 2026-05-20 00:00:00+00:00, run_after=2026-05-21 00:00:00+00:00
[2026-05-21T15:20:58.918+0000] {processor.py:208} INFO - Processing /opt/airflow/dags/product_processing.py took 0.250 seconds
[2026-05-21T15:21:29.403+0000] {processor.py:186} INFO - Started process (PID=22870) to work on /opt/airflow/dags/product_processing.py
[2026-05-21T15:21:29.404+0000] {processor.py:914} INFO - Processing file /opt/airflow/dags/product_processing.py for tasks to queue
[2026-05-21T15:21:29.405+0000] {logging_mixin.py:190} INFO - [2026-05-21T15:21:29.405+0000] {dagbag.py:588} INFO - Filling up the DagBag from /opt/airflow/dags/product_processing.py
[2026-05-21T15:21:29.664+0000] {processor.py:925} INFO - DAG(s) 'product_processing' retrieved from /opt/airflow/dags/product_processing.py
[2026-05-21T15:21:29.690+0000] {logging_mixin.py:190} INFO - [2026-05-21T15:21:29.689+0000] {dag.py:3239} INFO - Sync 1 DAGs
[2026-05-21T15:21:29.718+0000] {logging_mixin.py:190} INFO - [2026-05-21T15:21:29.718+0000] {dag.py:4180} INFO - Setting next_dagrun for product_processing to 2026-05-20 00:00:00+00:00, run_after=2026-05-21 00:00:00+00:00
[2026-05-21T15:21:29.736+0000] {processor.py:208} INFO - Processing /opt/airflow/dags/product_processing.py took 0.339 seconds
[2026-05-21T15:22:00.030+0000] {processor.py:186} INFO - Started process (PID=22886) to work on /opt/airflow/dags/product_processing.py
[2026-05-21T15:22:00.031+0000] {processor.py:914} INFO - Processing file /opt/airflow/dags/product_processing.py for tasks to queue
[2026-05-21T15:22:00.032+0000] {logging_mixin.py:190} INFO - [2026-05-21T15:22:00.032+0000] {dagbag.py:588} INFO - Filling up the DagBag from /opt/airflow/dags/product_processing.py
[2026-05-21T15:22:00.225+0000] {processor.py:925} INFO - DAG(s) 'product_processing' retrieved from /opt/airflow/dags/product_processing.py
[2026-05-21T15:22:00.243+0000] {logging_mixin.py:190} INFO - [2026-05-21T15:22:00.243+0000] {dag.py:3239} INFO - Sync 1 DAGs
[2026-05-21T15:22:00.259+0000] {logging_mixin.py:190} INFO - [2026-05-21T15:22:00.259+0000] {dag.py:4180} INFO - Setting next_dagrun for product_processing to 2026-05-20 00:00:00+00:00, run_after=2026-05-21 00:00:00+00:00
[2026-05-21T15:22:00.271+0000] {processor.py:208} INFO - Processing /opt/airflow/dags/product_processing.py took 0.247 seconds
[2026-05-21T15:22:30.617+0000] {processor.py:186} INFO - Started process (PID=22908) to work on /opt/airflow/dags/product_processing.py
[2026-05-21T15:22:30.618+0000] {processor.py:914} INFO - Processing file /opt/airflow/dags/product_processing.py for tasks to queue
[2026-05-21T15:22:30.619+0000] {logging_mixin.py:190} INFO - [2026-05-21T15:22:30.619+0000] {dagbag.py:588} INFO - Filling up the DagBag from /opt/airflow/dags/product_processing.py
[2026-05-21T15:22:30.821+0000] {processor.py:925} INFO - DAG(s) 'product_processing' retrieved from /opt/airflow/dags/product_processing.py
[2026-05-21T15:22:30.840+0000] {logging_mixin.py:190} INFO - [2026-05-21T15:22:30.840+0000] {dag.py:3239} INFO - Sync 1 DAGs
[2026-05-21T15:22:30.858+0000] {logging_mixin.py:190} INFO - [2026-05-21T15:22:30.858+0000] {dag.py:4180} INFO - Setting next_dagrun for product_processing to 2026-05-20 00:00:00+00:00, run_after=2026-05-21 00:00:00+00:00
[2026-05-21T15:22:30.877+0000] {processor.py:208} INFO - Processing /opt/airflow/dags/product_processing.py took 0.264 seconds
[2026-05-21T15:23:01.270+0000] {processor.py:186} INFO - Started process (PID=22924) to work on /opt/airflow/dags/product_processing.py
[2026-05-21T15:23:01.271+0000] {processor.py:914} INFO - Processing file /opt/airflow/dags/product_processing.py for tasks to queue
[2026-05-21T15:23:01.272+0000] {logging_mixin.py:190} INFO - [2026-05-21T15:23:01.272+0000] {dagbag.py:588} INFO - Filling up the DagBag from /opt/airflow/dags/product_processing.py
[2026-05-21T15:23:01.459+0000] {processor.py:925} INFO - DAG(s) 'product_processing' retrieved from /opt/airflow/dags/product_processing.py
[2026-05-21T15:23:01.478+0000] {logging_mixin.py:190} INFO - [2026-05-21T15:23:01.477+0000] {dag.py:3239} INFO - Sync 1 DAGs
[2026-05-21T15:23:01.496+0000] {logging_mixin.py:190} INFO - [2026-05-21T15:23:01.495+0000] {dag.py:4180} INFO - Setting next_dagrun for product_processing to 2026-05-20 00:00:00+00:00, run_after=2026-05-21 00:00:00+00:00
[2026-05-21T15:23:01.509+0000] {processor.py:208} INFO - Processing /opt/airflow/dags/product_processing.py took 0.247 seconds
[2026-05-21T15:23:31.863+0000] {processor.py:186} INFO - Started process (PID=22940) to work on /opt/airflow/dags/product_processing.py
[2026-05-21T15:23:31.864+0000] {processor.py:914} INFO - Processing file /opt/airflow/dags/product_processing.py for tasks to queue
[2026-05-21T15:23:31.866+0000] {logging_mixin.py:190} INFO - [2026-05-21T15:23:31.865+0000] {dagbag.py:588} INFO - Filling up the DagBag from /opt/airflow/dags/product_processing.py
[2026-05-21T15:23:32.060+0000] {processor.py:925} INFO - DAG(s) 'product_processing' retrieved from /opt/airflow/dags/product_processing.py
[2026-05-21T15:23:32.078+0000] {logging_mixin.py:190} INFO - [2026-05-21T15:23:32.078+0000] {dag.py:3239} INFO - Sync 1 DAGs
[2026-05-21T15:23:32.096+0000] {logging_mixin.py:190} INFO - [2026-05-21T15:23:32.096+0000] {dag.py:4180} INFO - Setting next_dagrun for product_processing to 2026-05-20 00:00:00+00:00, run_after=2026-05-21 00:00:00+00:00
[2026-05-21T15:23:32.108+0000] {processor.py:208} INFO - Processing /opt/airflow/dags/product_processing.py took 0.253 seconds
[2026-05-21T15:24:02.540+0000] {processor.py:186} INFO - Started process (PID=22956) to work on /opt/airflow/dags/product_processing.py
[2026-05-21T15:24:02.541+0000] {processor.py:914} INFO - Processing file /opt/airflow/dags/product_processing.py for tasks to queue
[2026-05-21T15:24:02.542+0000] {logging_mixin.py:190} INFO - [2026-05-21T15:24:02.542+0000] {dagbag.py:588} INFO - Filling up the DagBag from /opt/airflow/dags/product_processing.py
[2026-05-21T15:24:02.730+0000] {processor.py:925} INFO - DAG(s) 'product_processing' retrieved from /opt/airflow/dags/product_processing.py
[2026-05-21T15:24:02.750+0000] {logging_mixin.py:190} INFO - [2026-05-21T15:24:02.750+0000] {dag.py:3239} INFO - Sync 1 DAGs
[2026-05-21T15:24:02.767+0000] {logging_mixin.py:190} INFO - [2026-05-21T15:24:02.767+0000] {dag.py:4180} INFO - Setting next_dagrun for product_processing to 2026-05-20 00:00:00+00:00, run_after=2026-05-21 00:00:00+00:00
[2026-05-21T15:24:02.780+0000] {processor.py:208} INFO - Processing /opt/airflow/dags/product_processing.py took 0.244 seconds
[2026-05-21T15:24:33.196+0000] {processor.py:186} INFO - Started process (PID=22972) to work on /opt/airflow/dags/product_processing.py
[2026-05-21T15:24:33.204+0000] {processor.py:914} INFO - Processing file /opt/airflow/dags/product_processing.py for tasks to queue
[2026-05-21T15:24:33.206+0000] {logging_mixin.py:190} INFO - [2026-05-21T15:24:33.205+0000] {dagbag.py:588} INFO - Filling up the DagBag from /opt/airflow/dags/product_processing.py
[2026-05-21T15:24:33.386+0000] {processor.py:925} INFO - DAG(s) 'product_processing' retrieved from /opt/airflow/dags/product_processing.py
[2026-05-21T15:24:33.404+0000] {logging_mixin.py:190} INFO - [2026-05-21T15:24:33.404+0000] {dag.py:3239} INFO - Sync 1 DAGs
[2026-05-21T15:24:33.420+0000] {logging_mixin.py:190} INFO - [2026-05-21T15:24:33.420+0000] {dag.py:4180} INFO - Setting next_dagrun for product_processing to 2026-05-20 00:00:00+00:00, run_after=2026-05-21 00:00:00+00:00
[2026-05-21T15:24:33.433+0000] {processor.py:208} INFO - Processing /opt/airflow/dags/product_processing.py took 0.245 seconds
[2026-05-21T15:25:03.783+0000] {processor.py:186} INFO - Started process (PID=22989) to work on /opt/airflow/dags/product_processing.py
[2026-05-21T15:25:03.783+0000] {processor.py:914} INFO - Processing file /opt/airflow/dags/product_processing.py for tasks to queue
[2026-05-21T15:25:03.784+0000] {logging_mixin.py:190} INFO - [2026-05-21T15:25:03.784+0000] {dagbag.py:588} INFO - Filling up the DagBag from /opt/airflow/dags/product_processing.py
[2026-05-21T15:25:03.968+0000] {processor.py:925} INFO - DAG(s) 'product_processing' retrieved from /opt/airflow/dags/product_processing.py
[2026-05-21T15:25:03.986+0000] {logging_mixin.py:190} INFO - [2026-05-21T15:25:03.986+0000] {dag.py:3239} INFO - Sync 1 DAGs
[2026-05-21T15:25:04.005+0000] {logging_mixin.py:190} INFO - [2026-05-21T15:25:04.004+0000] {dag.py:4180} INFO - Setting next_dagrun for product_processing to 2026-05-20 00:00:00+00:00, run_after=2026-05-21 00:00:00+00:00
[2026-05-21T15:25:04.017+0000] {processor.py:208} INFO - Processing /opt/airflow/dags/product_processing.py took 0.239 seconds
[2026-05-21T15:25:34.431+0000] {processor.py:186} INFO - Started process (PID=23005) to work on /opt/airflow/dags/product_processing.py
[2026-05-21T15:25:34.432+0000] {processor.py:914} INFO - Processing file /opt/airflow/dags/product_processing.py for tasks to queue
[2026-05-21T15:25:34.432+0000] {logging_mixin.py:190} INFO - [2026-05-21T15:25:34.432+0000] {dagbag.py:588} INFO - Filling up the DagBag from /opt/airflow/dags/product_processing.py
[2026-05-21T15:25:34.614+0000] {processor.py:925} INFO - DAG(s) 'product_processing' retrieved from /opt/airflow/dags/product_processing.py
[2026-05-21T15:25:34.632+0000] {logging_mixin.py:190} INFO - [2026-05-21T15:25:34.632+0000] {dag.py:3239} INFO - Sync 1 DAGs
[2026-05-21T15:25:34.649+0000] {logging_mixin.py:190} INFO - [2026-05-21T15:25:34.649+0000] {dag.py:4180} INFO - Setting next_dagrun for product_processing to 2026-05-20 00:00:00+00:00, run_after=2026-05-21 00:00:00+00:00
[2026-05-21T15:25:34.661+0000] {processor.py:208} INFO - Processing /opt/airflow/dags/product_processing.py took 0.235 seconds
