[2026-05-31T06:21:52.540+0000] {processor.py:186} INFO - Started process (PID=6102) to work on /opt/airflow/dags/health_check_kafka_server.py
[2026-05-31T06:21:52.541+0000] {processor.py:914} INFO - Processing file /opt/airflow/dags/health_check_kafka_server.py for tasks to queue
[2026-05-31T06:21:52.543+0000] {logging_mixin.py:190} INFO - [2026-05-31T06:21:52.542+0000] {dagbag.py:588} INFO - Filling up the DagBag from /opt/airflow/dags/health_check_kafka_server.py
[2026-05-31T06:21:52.552+0000] {processor.py:925} INFO - DAG(s) 'health_check_kafka_server' retrieved from /opt/airflow/dags/health_check_kafka_server.py
[2026-05-31T06:21:52.573+0000] {logging_mixin.py:190} INFO - [2026-05-31T06:21:52.573+0000] {dag.py:3239} INFO - Sync 1 DAGs
[2026-05-31T06:21:52.595+0000] {logging_mixin.py:190} INFO - [2026-05-31T06:21:52.594+0000] {dag.py:4180} INFO - Setting next_dagrun for health_check_kafka_server to 2026-05-31 06:18:00+00:00, run_after=2026-05-31 06:20:00+00:00
[2026-05-31T06:21:52.800+0000] {processor.py:208} INFO - Processing /opt/airflow/dags/health_check_kafka_server.py took 0.266 seconds
[2026-05-31T06:22:24.531+0000] {processor.py:186} INFO - Started process (PID=6127) to work on /opt/airflow/dags/health_check_kafka_server.py
[2026-05-31T06:22:24.532+0000] {processor.py:914} INFO - Processing file /opt/airflow/dags/health_check_kafka_server.py for tasks to queue
[2026-05-31T06:22:24.534+0000] {logging_mixin.py:190} INFO - [2026-05-31T06:22:24.534+0000] {dagbag.py:588} INFO - Filling up the DagBag from /opt/airflow/dags/health_check_kafka_server.py
[2026-05-31T06:22:24.542+0000] {processor.py:925} INFO - DAG(s) 'health_check_kafka_server' retrieved from /opt/airflow/dags/health_check_kafka_server.py
[2026-05-31T06:22:24.564+0000] {logging_mixin.py:190} INFO - [2026-05-31T06:22:24.563+0000] {dag.py:3239} INFO - Sync 1 DAGs
[2026-05-31T06:22:24.589+0000] {logging_mixin.py:190} INFO - [2026-05-31T06:22:24.589+0000] {dag.py:4180} INFO - Setting next_dagrun for health_check_kafka_server to 2026-05-31 06:20:00+00:00, run_after=2026-05-31 06:22:00+00:00
[2026-05-31T06:22:24.640+0000] {processor.py:208} INFO - Processing /opt/airflow/dags/health_check_kafka_server.py took 0.113 seconds
[2026-05-31T06:22:56.830+0000] {processor.py:186} INFO - Started process (PID=6146) to work on /opt/airflow/dags/health_check_kafka_server.py
[2026-05-31T06:22:56.880+0000] {processor.py:914} INFO - Processing file /opt/airflow/dags/health_check_kafka_server.py for tasks to queue
[2026-05-31T06:22:56.882+0000] {logging_mixin.py:190} INFO - [2026-05-31T06:22:56.882+0000] {dagbag.py:588} INFO - Filling up the DagBag from /opt/airflow/dags/health_check_kafka_server.py
[2026-05-31T06:22:56.902+0000] {processor.py:925} INFO - DAG(s) 'health_check_kafka_server' retrieved from /opt/airflow/dags/health_check_kafka_server.py
[2026-05-31T06:22:56.989+0000] {logging_mixin.py:190} INFO - [2026-05-31T06:22:56.988+0000] {dag.py:3239} INFO - Sync 1 DAGs
[2026-05-31T06:22:57.070+0000] {logging_mixin.py:190} INFO - [2026-05-31T06:22:57.070+0000] {dag.py:4180} INFO - Setting next_dagrun for health_check_kafka_server to 2026-05-31 06:20:00+00:00, run_after=2026-05-31 06:22:00+00:00
[2026-05-31T06:22:57.152+0000] {processor.py:208} INFO - Processing /opt/airflow/dags/health_check_kafka_server.py took 0.338 seconds
[2026-05-31T06:23:27.911+0000] {processor.py:186} INFO - Started process (PID=6168) to work on /opt/airflow/dags/health_check_kafka_server.py
[2026-05-31T06:23:27.912+0000] {processor.py:914} INFO - Processing file /opt/airflow/dags/health_check_kafka_server.py for tasks to queue
[2026-05-31T06:23:27.915+0000] {logging_mixin.py:190} INFO - [2026-05-31T06:23:27.914+0000] {dagbag.py:588} INFO - Filling up the DagBag from /opt/airflow/dags/health_check_kafka_server.py
[2026-05-31T06:23:27.926+0000] {processor.py:925} INFO - DAG(s) 'health_check_kafka_server' retrieved from /opt/airflow/dags/health_check_kafka_server.py
[2026-05-31T06:23:27.948+0000] {logging_mixin.py:190} INFO - [2026-05-31T06:23:27.948+0000] {dag.py:3239} INFO - Sync 1 DAGs
[2026-05-31T06:23:27.969+0000] {logging_mixin.py:190} INFO - [2026-05-31T06:23:27.968+0000] {dag.py:4180} INFO - Setting next_dagrun for health_check_kafka_server to 2026-05-31 06:20:00+00:00, run_after=2026-05-31 06:22:00+00:00
[2026-05-31T06:23:27.984+0000] {processor.py:208} INFO - Processing /opt/airflow/dags/health_check_kafka_server.py took 0.079 seconds
[2026-05-31T06:23:58.346+0000] {processor.py:186} INFO - Started process (PID=6192) to work on /opt/airflow/dags/health_check_kafka_server.py
[2026-05-31T06:23:58.348+0000] {processor.py:914} INFO - Processing file /opt/airflow/dags/health_check_kafka_server.py for tasks to queue
[2026-05-31T06:23:58.350+0000] {logging_mixin.py:190} INFO - [2026-05-31T06:23:58.350+0000] {dagbag.py:588} INFO - Filling up the DagBag from /opt/airflow/dags/health_check_kafka_server.py
[2026-05-31T06:23:58.361+0000] {processor.py:925} INFO - DAG(s) 'health_check_kafka_server' retrieved from /opt/airflow/dags/health_check_kafka_server.py
[2026-05-31T06:23:58.383+0000] {logging_mixin.py:190} INFO - [2026-05-31T06:23:58.382+0000] {dag.py:3239} INFO - Sync 1 DAGs
[2026-05-31T06:23:58.403+0000] {logging_mixin.py:190} INFO - [2026-05-31T06:23:58.403+0000] {dag.py:4180} INFO - Setting next_dagrun for health_check_kafka_server to 2026-05-31 06:20:00+00:00, run_after=2026-05-31 06:22:00+00:00
[2026-05-31T06:23:58.420+0000] {processor.py:208} INFO - Processing /opt/airflow/dags/health_check_kafka_server.py took 0.080 seconds
[2026-05-31T06:24:28.475+0000] {processor.py:186} INFO - Started process (PID=6217) to work on /opt/airflow/dags/health_check_kafka_server.py
[2026-05-31T06:24:28.476+0000] {processor.py:914} INFO - Processing file /opt/airflow/dags/health_check_kafka_server.py for tasks to queue
[2026-05-31T06:24:28.478+0000] {logging_mixin.py:190} INFO - [2026-05-31T06:24:28.478+0000] {dagbag.py:588} INFO - Filling up the DagBag from /opt/airflow/dags/health_check_kafka_server.py
[2026-05-31T06:24:28.488+0000] {processor.py:925} INFO - DAG(s) 'health_check_kafka_server' retrieved from /opt/airflow/dags/health_check_kafka_server.py
[2026-05-31T06:24:28.507+0000] {logging_mixin.py:190} INFO - [2026-05-31T06:24:28.507+0000] {dag.py:3239} INFO - Sync 1 DAGs
[2026-05-31T06:24:28.530+0000] {logging_mixin.py:190} INFO - [2026-05-31T06:24:28.530+0000] {dag.py:4180} INFO - Setting next_dagrun for health_check_kafka_server to 2026-05-31 06:22:00+00:00, run_after=2026-05-31 06:24:00+00:00
[2026-05-31T06:24:28.546+0000] {processor.py:208} INFO - Processing /opt/airflow/dags/health_check_kafka_server.py took 0.077 seconds
[2026-05-31T06:24:58.595+0000] {processor.py:186} INFO - Started process (PID=6239) to work on /opt/airflow/dags/health_check_kafka_server.py
[2026-05-31T06:24:58.596+0000] {processor.py:914} INFO - Processing file /opt/airflow/dags/health_check_kafka_server.py for tasks to queue
[2026-05-31T06:24:58.598+0000] {logging_mixin.py:190} INFO - [2026-05-31T06:24:58.598+0000] {dagbag.py:588} INFO - Filling up the DagBag from /opt/airflow/dags/health_check_kafka_server.py
[2026-05-31T06:24:58.606+0000] {processor.py:925} INFO - DAG(s) 'health_check_kafka_server' retrieved from /opt/airflow/dags/health_check_kafka_server.py
[2026-05-31T06:24:58.631+0000] {logging_mixin.py:190} INFO - [2026-05-31T06:24:58.631+0000] {dag.py:3239} INFO - Sync 1 DAGs
[2026-05-31T06:24:58.657+0000] {logging_mixin.py:190} INFO - [2026-05-31T06:24:58.656+0000] {dag.py:4180} INFO - Setting next_dagrun for health_check_kafka_server to 2026-05-31 06:22:00+00:00, run_after=2026-05-31 06:24:00+00:00
[2026-05-31T06:24:58.673+0000] {processor.py:208} INFO - Processing /opt/airflow/dags/health_check_kafka_server.py took 0.084 seconds
[2026-05-31T06:25:28.931+0000] {processor.py:186} INFO - Started process (PID=6263) to work on /opt/airflow/dags/health_check_kafka_server.py
[2026-05-31T06:25:28.932+0000] {processor.py:914} INFO - Processing file /opt/airflow/dags/health_check_kafka_server.py for tasks to queue
[2026-05-31T06:25:28.934+0000] {logging_mixin.py:190} INFO - [2026-05-31T06:25:28.934+0000] {dagbag.py:588} INFO - Filling up the DagBag from /opt/airflow/dags/health_check_kafka_server.py
[2026-05-31T06:25:28.944+0000] {processor.py:925} INFO - DAG(s) 'health_check_kafka_server' retrieved from /opt/airflow/dags/health_check_kafka_server.py
[2026-05-31T06:25:28.963+0000] {logging_mixin.py:190} INFO - [2026-05-31T06:25:28.963+0000] {dag.py:3239} INFO - Sync 1 DAGs
[2026-05-31T06:25:28.987+0000] {logging_mixin.py:190} INFO - [2026-05-31T06:25:28.986+0000] {dag.py:4180} INFO - Setting next_dagrun for health_check_kafka_server to 2026-05-31 06:22:00+00:00, run_after=2026-05-31 06:24:00+00:00
[2026-05-31T06:25:29.002+0000] {processor.py:208} INFO - Processing /opt/airflow/dags/health_check_kafka_server.py took 0.076 seconds
[2026-05-31T06:25:59.039+0000] {processor.py:186} INFO - Started process (PID=6286) to work on /opt/airflow/dags/health_check_kafka_server.py
[2026-05-31T06:25:59.040+0000] {processor.py:914} INFO - Processing file /opt/airflow/dags/health_check_kafka_server.py for tasks to queue
[2026-05-31T06:25:59.042+0000] {logging_mixin.py:190} INFO - [2026-05-31T06:25:59.042+0000] {dagbag.py:588} INFO - Filling up the DagBag from /opt/airflow/dags/health_check_kafka_server.py
[2026-05-31T06:25:59.051+0000] {processor.py:925} INFO - DAG(s) 'health_check_kafka_server' retrieved from /opt/airflow/dags/health_check_kafka_server.py
[2026-05-31T06:25:59.069+0000] {logging_mixin.py:190} INFO - [2026-05-31T06:25:59.069+0000] {dag.py:3239} INFO - Sync 1 DAGs
[2026-05-31T06:25:59.089+0000] {logging_mixin.py:190} INFO - [2026-05-31T06:25:59.089+0000] {dag.py:4180} INFO - Setting next_dagrun for health_check_kafka_server to 2026-05-31 06:22:00+00:00, run_after=2026-05-31 06:24:00+00:00
[2026-05-31T06:25:59.106+0000] {processor.py:208} INFO - Processing /opt/airflow/dags/health_check_kafka_server.py took 0.073 seconds
[2026-05-31T06:26:29.270+0000] {processor.py:186} INFO - Started process (PID=6310) to work on /opt/airflow/dags/health_check_kafka_server.py
[2026-05-31T06:26:29.274+0000] {processor.py:914} INFO - Processing file /opt/airflow/dags/health_check_kafka_server.py for tasks to queue
[2026-05-31T06:26:29.279+0000] {logging_mixin.py:190} INFO - [2026-05-31T06:26:29.279+0000] {dagbag.py:588} INFO - Filling up the DagBag from /opt/airflow/dags/health_check_kafka_server.py
[2026-05-31T06:26:29.297+0000] {processor.py:925} INFO - DAG(s) 'health_check_kafka_server' retrieved from /opt/airflow/dags/health_check_kafka_server.py
[2026-05-31T06:26:29.336+0000] {logging_mixin.py:190} INFO - [2026-05-31T06:26:29.336+0000] {dag.py:3239} INFO - Sync 1 DAGs
[2026-05-31T06:26:29.376+0000] {logging_mixin.py:190} INFO - [2026-05-31T06:26:29.376+0000] {dag.py:4180} INFO - Setting next_dagrun for health_check_kafka_server to 2026-05-31 06:24:00+00:00, run_after=2026-05-31 06:26:00+00:00
[2026-05-31T06:26:29.408+0000] {processor.py:208} INFO - Processing /opt/airflow/dags/health_check_kafka_server.py took 0.149 seconds
[2026-05-31T06:26:59.575+0000] {processor.py:186} INFO - Started process (PID=6333) to work on /opt/airflow/dags/health_check_kafka_server.py
[2026-05-31T06:26:59.576+0000] {processor.py:914} INFO - Processing file /opt/airflow/dags/health_check_kafka_server.py for tasks to queue
[2026-05-31T06:26:59.579+0000] {logging_mixin.py:190} INFO - [2026-05-31T06:26:59.579+0000] {dagbag.py:588} INFO - Filling up the DagBag from /opt/airflow/dags/health_check_kafka_server.py
[2026-05-31T06:26:59.588+0000] {processor.py:925} INFO - DAG(s) 'health_check_kafka_server' retrieved from /opt/airflow/dags/health_check_kafka_server.py
[2026-05-31T06:26:59.607+0000] {logging_mixin.py:190} INFO - [2026-05-31T06:26:59.607+0000] {dag.py:3239} INFO - Sync 1 DAGs
[2026-05-31T06:26:59.630+0000] {logging_mixin.py:190} INFO - [2026-05-31T06:26:59.630+0000] {dag.py:4180} INFO - Setting next_dagrun for health_check_kafka_server to 2026-05-31 06:24:00+00:00, run_after=2026-05-31 06:26:00+00:00
[2026-05-31T06:26:59.645+0000] {processor.py:208} INFO - Processing /opt/airflow/dags/health_check_kafka_server.py took 0.075 seconds
[2026-05-31T06:27:29.833+0000] {processor.py:186} INFO - Started process (PID=6356) to work on /opt/airflow/dags/health_check_kafka_server.py
[2026-05-31T06:27:29.834+0000] {processor.py:914} INFO - Processing file /opt/airflow/dags/health_check_kafka_server.py for tasks to queue
[2026-05-31T06:27:29.837+0000] {logging_mixin.py:190} INFO - [2026-05-31T06:27:29.836+0000] {dagbag.py:588} INFO - Filling up the DagBag from /opt/airflow/dags/health_check_kafka_server.py
[2026-05-31T06:27:29.846+0000] {processor.py:925} INFO - DAG(s) 'health_check_kafka_server' retrieved from /opt/airflow/dags/health_check_kafka_server.py
[2026-05-31T06:27:29.866+0000] {logging_mixin.py:190} INFO - [2026-05-31T06:27:29.866+0000] {dag.py:3239} INFO - Sync 1 DAGs
[2026-05-31T06:27:29.887+0000] {logging_mixin.py:190} INFO - [2026-05-31T06:27:29.887+0000] {dag.py:4180} INFO - Setting next_dagrun for health_check_kafka_server to 2026-05-31 06:24:00+00:00, run_after=2026-05-31 06:26:00+00:00
[2026-05-31T06:27:29.901+0000] {processor.py:208} INFO - Processing /opt/airflow/dags/health_check_kafka_server.py took 0.074 seconds
[2026-05-31T06:27:59.959+0000] {processor.py:186} INFO - Started process (PID=6376) to work on /opt/airflow/dags/health_check_kafka_server.py
[2026-05-31T06:27:59.960+0000] {processor.py:914} INFO - Processing file /opt/airflow/dags/health_check_kafka_server.py for tasks to queue
[2026-05-31T06:27:59.963+0000] {logging_mixin.py:190} INFO - [2026-05-31T06:27:59.963+0000] {dagbag.py:588} INFO - Filling up the DagBag from /opt/airflow/dags/health_check_kafka_server.py
[2026-05-31T06:27:59.971+0000] {processor.py:925} INFO - DAG(s) 'health_check_kafka_server' retrieved from /opt/airflow/dags/health_check_kafka_server.py
[2026-05-31T06:27:59.990+0000] {logging_mixin.py:190} INFO - [2026-05-31T06:27:59.989+0000] {dag.py:3239} INFO - Sync 1 DAGs
[2026-05-31T06:28:00.013+0000] {logging_mixin.py:190} INFO - [2026-05-31T06:28:00.013+0000] {dag.py:4180} INFO - Setting next_dagrun for health_check_kafka_server to 2026-05-31 06:26:00+00:00, run_after=2026-05-31 06:28:00+00:00
[2026-05-31T06:28:00.026+0000] {processor.py:208} INFO - Processing /opt/airflow/dags/health_check_kafka_server.py took 0.071 seconds
[2026-05-31T06:28:30.321+0000] {processor.py:186} INFO - Started process (PID=6400) to work on /opt/airflow/dags/health_check_kafka_server.py
[2026-05-31T06:28:30.326+0000] {processor.py:914} INFO - Processing file /opt/airflow/dags/health_check_kafka_server.py for tasks to queue
[2026-05-31T06:28:30.334+0000] {logging_mixin.py:190} INFO - [2026-05-31T06:28:30.333+0000] {dagbag.py:588} INFO - Filling up the DagBag from /opt/airflow/dags/health_check_kafka_server.py
[2026-05-31T06:28:30.358+0000] {processor.py:925} INFO - DAG(s) 'health_check_kafka_server' retrieved from /opt/airflow/dags/health_check_kafka_server.py
[2026-05-31T06:28:30.401+0000] {logging_mixin.py:190} INFO - [2026-05-31T06:28:30.401+0000] {dag.py:3239} INFO - Sync 1 DAGs
[2026-05-31T06:28:30.442+0000] {logging_mixin.py:190} INFO - [2026-05-31T06:28:30.442+0000] {dag.py:4180} INFO - Setting next_dagrun for health_check_kafka_server to 2026-05-31 06:26:00+00:00, run_after=2026-05-31 06:28:00+00:00
[2026-05-31T06:28:30.482+0000] {processor.py:208} INFO - Processing /opt/airflow/dags/health_check_kafka_server.py took 0.170 seconds
[2026-05-31T06:29:00.752+0000] {processor.py:186} INFO - Started process (PID=6424) to work on /opt/airflow/dags/health_check_kafka_server.py
[2026-05-31T06:29:00.754+0000] {processor.py:914} INFO - Processing file /opt/airflow/dags/health_check_kafka_server.py for tasks to queue
[2026-05-31T06:29:00.760+0000] {logging_mixin.py:190} INFO - [2026-05-31T06:29:00.758+0000] {dagbag.py:588} INFO - Filling up the DagBag from /opt/airflow/dags/health_check_kafka_server.py
[2026-05-31T06:29:00.774+0000] {processor.py:925} INFO - DAG(s) 'health_check_kafka_server' retrieved from /opt/airflow/dags/health_check_kafka_server.py
[2026-05-31T06:29:00.798+0000] {logging_mixin.py:190} INFO - [2026-05-31T06:29:00.798+0000] {dag.py:3239} INFO - Sync 1 DAGs
[2026-05-31T06:29:00.823+0000] {logging_mixin.py:190} INFO - [2026-05-31T06:29:00.823+0000] {dag.py:4180} INFO - Setting next_dagrun for health_check_kafka_server to 2026-05-31 06:26:00+00:00, run_after=2026-05-31 06:28:00+00:00
[2026-05-31T06:29:00.838+0000] {processor.py:208} INFO - Processing /opt/airflow/dags/health_check_kafka_server.py took 0.091 seconds
[2026-05-31T06:29:31.261+0000] {processor.py:186} INFO - Started process (PID=6448) to work on /opt/airflow/dags/health_check_kafka_server.py
[2026-05-31T06:29:31.264+0000] {processor.py:914} INFO - Processing file /opt/airflow/dags/health_check_kafka_server.py for tasks to queue
[2026-05-31T06:29:31.269+0000] {logging_mixin.py:190} INFO - [2026-05-31T06:29:31.267+0000] {dagbag.py:588} INFO - Filling up the DagBag from /opt/airflow/dags/health_check_kafka_server.py
[2026-05-31T06:29:31.279+0000] {processor.py:925} INFO - DAG(s) 'health_check_kafka_server' retrieved from /opt/airflow/dags/health_check_kafka_server.py
[2026-05-31T06:29:31.300+0000] {logging_mixin.py:190} INFO - [2026-05-31T06:29:31.300+0000] {dag.py:3239} INFO - Sync 1 DAGs
[2026-05-31T06:29:31.323+0000] {logging_mixin.py:190} INFO - [2026-05-31T06:29:31.323+0000] {dag.py:4180} INFO - Setting next_dagrun for health_check_kafka_server to 2026-05-31 06:26:00+00:00, run_after=2026-05-31 06:28:00+00:00
[2026-05-31T06:29:31.339+0000] {processor.py:208} INFO - Processing /opt/airflow/dags/health_check_kafka_server.py took 0.083 seconds
[2026-05-31T06:30:01.625+0000] {processor.py:186} INFO - Started process (PID=6472) to work on /opt/airflow/dags/health_check_kafka_server.py
[2026-05-31T06:30:01.626+0000] {processor.py:914} INFO - Processing file /opt/airflow/dags/health_check_kafka_server.py for tasks to queue
[2026-05-31T06:30:01.629+0000] {logging_mixin.py:190} INFO - [2026-05-31T06:30:01.628+0000] {dagbag.py:588} INFO - Filling up the DagBag from /opt/airflow/dags/health_check_kafka_server.py
[2026-05-31T06:30:01.639+0000] {processor.py:925} INFO - DAG(s) 'health_check_kafka_server' retrieved from /opt/airflow/dags/health_check_kafka_server.py
[2026-05-31T06:30:01.658+0000] {logging_mixin.py:190} INFO - [2026-05-31T06:30:01.658+0000] {dag.py:3239} INFO - Sync 1 DAGs
[2026-05-31T06:30:01.678+0000] {logging_mixin.py:190} INFO - [2026-05-31T06:30:01.678+0000] {dag.py:4180} INFO - Setting next_dagrun for health_check_kafka_server to 2026-05-31 06:28:00+00:00, run_after=2026-05-31 06:30:00+00:00
[2026-05-31T06:30:01.692+0000] {processor.py:208} INFO - Processing /opt/airflow/dags/health_check_kafka_server.py took 0.071 seconds
[2026-05-31T06:30:32.053+0000] {processor.py:186} INFO - Started process (PID=6497) to work on /opt/airflow/dags/health_check_kafka_server.py
[2026-05-31T06:30:32.058+0000] {processor.py:914} INFO - Processing file /opt/airflow/dags/health_check_kafka_server.py for tasks to queue
[2026-05-31T06:30:32.062+0000] {logging_mixin.py:190} INFO - [2026-05-31T06:30:32.061+0000] {dagbag.py:588} INFO - Filling up the DagBag from /opt/airflow/dags/health_check_kafka_server.py
[2026-05-31T06:30:32.073+0000] {processor.py:925} INFO - DAG(s) 'health_check_kafka_server' retrieved from /opt/airflow/dags/health_check_kafka_server.py
[2026-05-31T06:30:32.092+0000] {logging_mixin.py:190} INFO - [2026-05-31T06:30:32.092+0000] {dag.py:3239} INFO - Sync 1 DAGs
[2026-05-31T06:30:32.114+0000] {logging_mixin.py:190} INFO - [2026-05-31T06:30:32.113+0000] {dag.py:4180} INFO - Setting next_dagrun for health_check_kafka_server to 2026-05-31 06:28:00+00:00, run_after=2026-05-31 06:30:00+00:00
[2026-05-31T06:30:32.128+0000] {processor.py:208} INFO - Processing /opt/airflow/dags/health_check_kafka_server.py took 0.080 seconds
[2026-05-31T06:31:02.752+0000] {processor.py:186} INFO - Started process (PID=6521) to work on /opt/airflow/dags/health_check_kafka_server.py
[2026-05-31T06:31:02.753+0000] {processor.py:914} INFO - Processing file /opt/airflow/dags/health_check_kafka_server.py for tasks to queue
[2026-05-31T06:31:02.756+0000] {logging_mixin.py:190} INFO - [2026-05-31T06:31:02.755+0000] {dagbag.py:588} INFO - Filling up the DagBag from /opt/airflow/dags/health_check_kafka_server.py
[2026-05-31T06:31:02.767+0000] {processor.py:925} INFO - DAG(s) 'health_check_kafka_server' retrieved from /opt/airflow/dags/health_check_kafka_server.py
[2026-05-31T06:31:02.787+0000] {logging_mixin.py:190} INFO - [2026-05-31T06:31:02.787+0000] {dag.py:3239} INFO - Sync 1 DAGs
[2026-05-31T06:31:02.809+0000] {logging_mixin.py:190} INFO - [2026-05-31T06:31:02.808+0000] {dag.py:4180} INFO - Setting next_dagrun for health_check_kafka_server to 2026-05-31 06:28:00+00:00, run_after=2026-05-31 06:30:00+00:00
[2026-05-31T06:31:02.831+0000] {processor.py:208} INFO - Processing /opt/airflow/dags/health_check_kafka_server.py took 0.084 seconds
[2026-05-31T06:31:32.879+0000] {processor.py:186} INFO - Started process (PID=6546) to work on /opt/airflow/dags/health_check_kafka_server.py
[2026-05-31T06:31:32.881+0000] {processor.py:914} INFO - Processing file /opt/airflow/dags/health_check_kafka_server.py for tasks to queue
[2026-05-31T06:31:32.884+0000] {logging_mixin.py:190} INFO - [2026-05-31T06:31:32.883+0000] {dagbag.py:588} INFO - Filling up the DagBag from /opt/airflow/dags/health_check_kafka_server.py
[2026-05-31T06:31:32.893+0000] {processor.py:925} INFO - DAG(s) 'health_check_kafka_server' retrieved from /opt/airflow/dags/health_check_kafka_server.py
[2026-05-31T06:31:32.912+0000] {logging_mixin.py:190} INFO - [2026-05-31T06:31:32.911+0000] {dag.py:3239} INFO - Sync 1 DAGs
[2026-05-31T06:31:32.948+0000] {logging_mixin.py:190} INFO - [2026-05-31T06:31:32.947+0000] {dag.py:4180} INFO - Setting next_dagrun for health_check_kafka_server to 2026-05-31 06:28:00+00:00, run_after=2026-05-31 06:30:00+00:00
[2026-05-31T06:31:32.964+0000] {processor.py:208} INFO - Processing /opt/airflow/dags/health_check_kafka_server.py took 0.090 seconds
[2026-05-31T06:32:03.850+0000] {processor.py:186} INFO - Started process (PID=6577) to work on /opt/airflow/dags/health_check_kafka_server.py
[2026-05-31T06:32:03.851+0000] {processor.py:914} INFO - Processing file /opt/airflow/dags/health_check_kafka_server.py for tasks to queue
[2026-05-31T06:32:03.855+0000] {logging_mixin.py:190} INFO - [2026-05-31T06:32:03.854+0000] {dagbag.py:588} INFO - Filling up the DagBag from /opt/airflow/dags/health_check_kafka_server.py
[2026-05-31T06:32:03.872+0000] {processor.py:925} INFO - DAG(s) 'health_check_kafka_server' retrieved from /opt/airflow/dags/health_check_kafka_server.py
[2026-05-31T06:32:03.893+0000] {logging_mixin.py:190} INFO - [2026-05-31T06:32:03.893+0000] {dag.py:3239} INFO - Sync 1 DAGs
[2026-05-31T06:32:03.916+0000] {logging_mixin.py:190} INFO - [2026-05-31T06:32:03.916+0000] {dag.py:4180} INFO - Setting next_dagrun for health_check_kafka_server to 2026-05-31 06:30:00+00:00, run_after=2026-05-31 06:32:00+00:00
[2026-05-31T06:32:03.931+0000] {processor.py:208} INFO - Processing /opt/airflow/dags/health_check_kafka_server.py took 0.091 seconds
[2026-05-31T06:32:34.133+0000] {processor.py:186} INFO - Started process (PID=6601) to work on /opt/airflow/dags/health_check_kafka_server.py
[2026-05-31T06:32:34.134+0000] {processor.py:914} INFO - Processing file /opt/airflow/dags/health_check_kafka_server.py for tasks to queue
[2026-05-31T06:32:34.140+0000] {logging_mixin.py:190} INFO - [2026-05-31T06:32:34.139+0000] {dagbag.py:588} INFO - Filling up the DagBag from /opt/airflow/dags/health_check_kafka_server.py
[2026-05-31T06:32:34.156+0000] {processor.py:925} INFO - DAG(s) 'health_check_kafka_server' retrieved from /opt/airflow/dags/health_check_kafka_server.py
[2026-05-31T06:32:34.196+0000] {logging_mixin.py:190} INFO - [2026-05-31T06:32:34.194+0000] {dag.py:3239} INFO - Sync 1 DAGs
[2026-05-31T06:32:34.227+0000] {logging_mixin.py:190} INFO - [2026-05-31T06:32:34.227+0000] {dag.py:4180} INFO - Setting next_dagrun for health_check_kafka_server to 2026-05-31 06:30:00+00:00, run_after=2026-05-31 06:32:00+00:00
[2026-05-31T06:32:34.241+0000] {processor.py:208} INFO - Processing /opt/airflow/dags/health_check_kafka_server.py took 0.113 seconds
[2026-05-31T06:33:04.588+0000] {processor.py:186} INFO - Started process (PID=6625) to work on /opt/airflow/dags/health_check_kafka_server.py
[2026-05-31T06:33:04.589+0000] {processor.py:914} INFO - Processing file /opt/airflow/dags/health_check_kafka_server.py for tasks to queue
[2026-05-31T06:33:04.593+0000] {logging_mixin.py:190} INFO - [2026-05-31T06:33:04.593+0000] {dagbag.py:588} INFO - Filling up the DagBag from /opt/airflow/dags/health_check_kafka_server.py
[2026-05-31T06:33:04.605+0000] {processor.py:925} INFO - DAG(s) 'health_check_kafka_server' retrieved from /opt/airflow/dags/health_check_kafka_server.py
[2026-05-31T06:33:04.624+0000] {logging_mixin.py:190} INFO - [2026-05-31T06:33:04.624+0000] {dag.py:3239} INFO - Sync 1 DAGs
[2026-05-31T06:33:04.646+0000] {logging_mixin.py:190} INFO - [2026-05-31T06:33:04.646+0000] {dag.py:4180} INFO - Setting next_dagrun for health_check_kafka_server to 2026-05-31 06:30:00+00:00, run_after=2026-05-31 06:32:00+00:00
[2026-05-31T06:33:04.662+0000] {processor.py:208} INFO - Processing /opt/airflow/dags/health_check_kafka_server.py took 0.081 seconds
[2026-05-31T06:33:34.996+0000] {processor.py:186} INFO - Started process (PID=6648) to work on /opt/airflow/dags/health_check_kafka_server.py
[2026-05-31T06:33:34.998+0000] {processor.py:914} INFO - Processing file /opt/airflow/dags/health_check_kafka_server.py for tasks to queue
[2026-05-31T06:33:35.006+0000] {logging_mixin.py:190} INFO - [2026-05-31T06:33:35.005+0000] {dagbag.py:588} INFO - Filling up the DagBag from /opt/airflow/dags/health_check_kafka_server.py
[2026-05-31T06:33:35.020+0000] {processor.py:925} INFO - DAG(s) 'health_check_kafka_server' retrieved from /opt/airflow/dags/health_check_kafka_server.py
[2026-05-31T06:33:35.045+0000] {logging_mixin.py:190} INFO - [2026-05-31T06:33:35.045+0000] {dag.py:3239} INFO - Sync 1 DAGs
[2026-05-31T06:33:35.068+0000] {logging_mixin.py:190} INFO - [2026-05-31T06:33:35.068+0000] {dag.py:4180} INFO - Setting next_dagrun for health_check_kafka_server to 2026-05-31 06:30:00+00:00, run_after=2026-05-31 06:32:00+00:00
[2026-05-31T06:33:35.085+0000] {processor.py:208} INFO - Processing /opt/airflow/dags/health_check_kafka_server.py took 0.094 seconds
[2026-05-31T06:34:05.480+0000] {processor.py:186} INFO - Started process (PID=6673) to work on /opt/airflow/dags/health_check_kafka_server.py
[2026-05-31T06:34:05.481+0000] {processor.py:914} INFO - Processing file /opt/airflow/dags/health_check_kafka_server.py for tasks to queue
[2026-05-31T06:34:05.483+0000] {logging_mixin.py:190} INFO - [2026-05-31T06:34:05.483+0000] {dagbag.py:588} INFO - Filling up the DagBag from /opt/airflow/dags/health_check_kafka_server.py
[2026-05-31T06:34:05.493+0000] {processor.py:925} INFO - DAG(s) 'health_check_kafka_server' retrieved from /opt/airflow/dags/health_check_kafka_server.py
[2026-05-31T06:34:05.513+0000] {logging_mixin.py:190} INFO - [2026-05-31T06:34:05.513+0000] {dag.py:3239} INFO - Sync 1 DAGs
[2026-05-31T06:34:05.535+0000] {logging_mixin.py:190} INFO - [2026-05-31T06:34:05.535+0000] {dag.py:4180} INFO - Setting next_dagrun for health_check_kafka_server to 2026-05-31 06:32:00+00:00, run_after=2026-05-31 06:34:00+00:00
[2026-05-31T06:34:05.548+0000] {processor.py:208} INFO - Processing /opt/airflow/dags/health_check_kafka_server.py took 0.073 seconds
[2026-05-31T06:34:35.722+0000] {processor.py:186} INFO - Started process (PID=6698) to work on /opt/airflow/dags/health_check_kafka_server.py
[2026-05-31T06:34:35.723+0000] {processor.py:914} INFO - Processing file /opt/airflow/dags/health_check_kafka_server.py for tasks to queue
[2026-05-31T06:34:35.725+0000] {logging_mixin.py:190} INFO - [2026-05-31T06:34:35.725+0000] {dagbag.py:588} INFO - Filling up the DagBag from /opt/airflow/dags/health_check_kafka_server.py
[2026-05-31T06:34:35.733+0000] {processor.py:925} INFO - DAG(s) 'health_check_kafka_server' retrieved from /opt/airflow/dags/health_check_kafka_server.py
[2026-05-31T06:34:35.751+0000] {logging_mixin.py:190} INFO - [2026-05-31T06:34:35.751+0000] {dag.py:3239} INFO - Sync 1 DAGs
[2026-05-31T06:34:35.772+0000] {logging_mixin.py:190} INFO - [2026-05-31T06:34:35.771+0000] {dag.py:4180} INFO - Setting next_dagrun for health_check_kafka_server to 2026-05-31 06:32:00+00:00, run_after=2026-05-31 06:34:00+00:00
[2026-05-31T06:34:35.784+0000] {processor.py:208} INFO - Processing /opt/airflow/dags/health_check_kafka_server.py took 0.069 seconds
[2026-05-31T06:35:05.820+0000] {processor.py:186} INFO - Started process (PID=6716) to work on /opt/airflow/dags/health_check_kafka_server.py
[2026-05-31T06:35:05.821+0000] {processor.py:914} INFO - Processing file /opt/airflow/dags/health_check_kafka_server.py for tasks to queue
[2026-05-31T06:35:05.823+0000] {logging_mixin.py:190} INFO - [2026-05-31T06:35:05.823+0000] {dagbag.py:588} INFO - Filling up the DagBag from /opt/airflow/dags/health_check_kafka_server.py
[2026-05-31T06:35:05.831+0000] {processor.py:925} INFO - DAG(s) 'health_check_kafka_server' retrieved from /opt/airflow/dags/health_check_kafka_server.py
[2026-05-31T06:35:05.850+0000] {logging_mixin.py:190} INFO - [2026-05-31T06:35:05.850+0000] {dag.py:3239} INFO - Sync 1 DAGs
[2026-05-31T06:35:05.869+0000] {logging_mixin.py:190} INFO - [2026-05-31T06:35:05.869+0000] {dag.py:4180} INFO - Setting next_dagrun for health_check_kafka_server to 2026-05-31 06:32:00+00:00, run_after=2026-05-31 06:34:00+00:00
[2026-05-31T06:35:05.883+0000] {processor.py:208} INFO - Processing /opt/airflow/dags/health_check_kafka_server.py took 0.067 seconds
[2026-05-31T06:35:36.465+0000] {processor.py:186} INFO - Started process (PID=6740) to work on /opt/airflow/dags/health_check_kafka_server.py
[2026-05-31T06:35:36.466+0000] {processor.py:914} INFO - Processing file /opt/airflow/dags/health_check_kafka_server.py for tasks to queue
[2026-05-31T06:35:36.468+0000] {logging_mixin.py:190} INFO - [2026-05-31T06:35:36.468+0000] {dagbag.py:588} INFO - Filling up the DagBag from /opt/airflow/dags/health_check_kafka_server.py
[2026-05-31T06:35:36.478+0000] {processor.py:925} INFO - DAG(s) 'health_check_kafka_server' retrieved from /opt/airflow/dags/health_check_kafka_server.py
[2026-05-31T06:35:36.498+0000] {logging_mixin.py:190} INFO - [2026-05-31T06:35:36.498+0000] {dag.py:3239} INFO - Sync 1 DAGs
[2026-05-31T06:35:36.519+0000] {logging_mixin.py:190} INFO - [2026-05-31T06:35:36.519+0000] {dag.py:4180} INFO - Setting next_dagrun for health_check_kafka_server to 2026-05-31 06:32:00+00:00, run_after=2026-05-31 06:34:00+00:00
[2026-05-31T06:35:36.533+0000] {processor.py:208} INFO - Processing /opt/airflow/dags/health_check_kafka_server.py took 0.076 seconds
[2026-05-31T06:36:06.801+0000] {processor.py:186} INFO - Started process (PID=6764) to work on /opt/airflow/dags/health_check_kafka_server.py
[2026-05-31T06:36:06.802+0000] {processor.py:914} INFO - Processing file /opt/airflow/dags/health_check_kafka_server.py for tasks to queue
[2026-05-31T06:36:06.805+0000] {logging_mixin.py:190} INFO - [2026-05-31T06:36:06.804+0000] {dagbag.py:588} INFO - Filling up the DagBag from /opt/airflow/dags/health_check_kafka_server.py
[2026-05-31T06:36:06.813+0000] {processor.py:925} INFO - DAG(s) 'health_check_kafka_server' retrieved from /opt/airflow/dags/health_check_kafka_server.py
[2026-05-31T06:36:06.833+0000] {logging_mixin.py:190} INFO - [2026-05-31T06:36:06.833+0000] {dag.py:3239} INFO - Sync 1 DAGs
[2026-05-31T06:36:06.854+0000] {logging_mixin.py:190} INFO - [2026-05-31T06:36:06.854+0000] {dag.py:4180} INFO - Setting next_dagrun for health_check_kafka_server to 2026-05-31 06:34:00+00:00, run_after=2026-05-31 06:36:00+00:00
[2026-05-31T06:36:06.869+0000] {processor.py:208} INFO - Processing /opt/airflow/dags/health_check_kafka_server.py took 0.074 seconds
[2026-05-31T06:36:37.937+0000] {processor.py:186} INFO - Started process (PID=6788) to work on /opt/airflow/dags/health_check_kafka_server.py
[2026-05-31T06:36:37.941+0000] {processor.py:914} INFO - Processing file /opt/airflow/dags/health_check_kafka_server.py for tasks to queue
[2026-05-31T06:36:37.946+0000] {logging_mixin.py:190} INFO - [2026-05-31T06:36:37.945+0000] {dagbag.py:588} INFO - Filling up the DagBag from /opt/airflow/dags/health_check_kafka_server.py
[2026-05-31T06:36:37.971+0000] {processor.py:925} INFO - DAG(s) 'health_check_kafka_server' retrieved from /opt/airflow/dags/health_check_kafka_server.py
[2026-05-31T06:36:38.002+0000] {logging_mixin.py:190} INFO - [2026-05-31T06:36:38.002+0000] {dag.py:3239} INFO - Sync 1 DAGs
[2026-05-31T06:36:38.025+0000] {logging_mixin.py:190} INFO - [2026-05-31T06:36:38.025+0000] {dag.py:4180} INFO - Setting next_dagrun for health_check_kafka_server to 2026-05-31 06:34:00+00:00, run_after=2026-05-31 06:36:00+00:00
[2026-05-31T06:36:38.054+0000] {processor.py:208} INFO - Processing /opt/airflow/dags/health_check_kafka_server.py took 0.129 seconds
[2026-05-31T06:37:08.107+0000] {processor.py:186} INFO - Started process (PID=6812) to work on /opt/airflow/dags/health_check_kafka_server.py
[2026-05-31T06:37:08.108+0000] {processor.py:914} INFO - Processing file /opt/airflow/dags/health_check_kafka_server.py for tasks to queue
[2026-05-31T06:37:08.111+0000] {logging_mixin.py:190} INFO - [2026-05-31T06:37:08.111+0000] {dagbag.py:588} INFO - Filling up the DagBag from /opt/airflow/dags/health_check_kafka_server.py
[2026-05-31T06:37:08.121+0000] {processor.py:925} INFO - DAG(s) 'health_check_kafka_server' retrieved from /opt/airflow/dags/health_check_kafka_server.py
[2026-05-31T06:37:08.153+0000] {logging_mixin.py:190} INFO - [2026-05-31T06:37:08.153+0000] {dag.py:3239} INFO - Sync 1 DAGs
[2026-05-31T06:37:08.176+0000] {logging_mixin.py:190} INFO - [2026-05-31T06:37:08.176+0000] {dag.py:4180} INFO - Setting next_dagrun for health_check_kafka_server to 2026-05-31 06:34:00+00:00, run_after=2026-05-31 06:36:00+00:00
[2026-05-31T06:37:08.193+0000] {processor.py:208} INFO - Processing /opt/airflow/dags/health_check_kafka_server.py took 0.093 seconds
[2026-05-31T06:37:39.072+0000] {processor.py:186} INFO - Started process (PID=6837) to work on /opt/airflow/dags/health_check_kafka_server.py
[2026-05-31T06:37:39.073+0000] {processor.py:914} INFO - Processing file /opt/airflow/dags/health_check_kafka_server.py for tasks to queue
[2026-05-31T06:37:39.076+0000] {logging_mixin.py:190} INFO - [2026-05-31T06:37:39.076+0000] {dagbag.py:588} INFO - Filling up the DagBag from /opt/airflow/dags/health_check_kafka_server.py
[2026-05-31T06:37:39.084+0000] {processor.py:925} INFO - DAG(s) 'health_check_kafka_server' retrieved from /opt/airflow/dags/health_check_kafka_server.py
[2026-05-31T06:37:39.102+0000] {logging_mixin.py:190} INFO - [2026-05-31T06:37:39.101+0000] {dag.py:3239} INFO - Sync 1 DAGs
[2026-05-31T06:37:39.121+0000] {logging_mixin.py:190} INFO - [2026-05-31T06:37:39.121+0000] {dag.py:4180} INFO - Setting next_dagrun for health_check_kafka_server to 2026-05-31 06:34:00+00:00, run_after=2026-05-31 06:36:00+00:00
[2026-05-31T06:37:39.135+0000] {processor.py:208} INFO - Processing /opt/airflow/dags/health_check_kafka_server.py took 0.068 seconds
[2026-05-31T06:38:10.127+0000] {processor.py:186} INFO - Started process (PID=6861) to work on /opt/airflow/dags/health_check_kafka_server.py
[2026-05-31T06:38:10.132+0000] {processor.py:914} INFO - Processing file /opt/airflow/dags/health_check_kafka_server.py for tasks to queue
[2026-05-31T06:38:10.139+0000] {logging_mixin.py:190} INFO - [2026-05-31T06:38:10.139+0000] {dagbag.py:588} INFO - Filling up the DagBag from /opt/airflow/dags/health_check_kafka_server.py
[2026-05-31T06:38:10.163+0000] {processor.py:925} INFO - DAG(s) 'health_check_kafka_server' retrieved from /opt/airflow/dags/health_check_kafka_server.py
[2026-05-31T06:38:10.210+0000] {logging_mixin.py:190} INFO - [2026-05-31T06:38:10.210+0000] {dag.py:3239} INFO - Sync 1 DAGs
[2026-05-31T06:38:10.247+0000] {logging_mixin.py:190} INFO - [2026-05-31T06:38:10.247+0000] {dag.py:4180} INFO - Setting next_dagrun for health_check_kafka_server to 2026-05-31 06:36:00+00:00, run_after=2026-05-31 06:38:00+00:00
[2026-05-31T06:38:10.276+0000] {processor.py:208} INFO - Processing /opt/airflow/dags/health_check_kafka_server.py took 0.165 seconds
[2026-05-31T06:38:40.376+0000] {processor.py:186} INFO - Started process (PID=6885) to work on /opt/airflow/dags/health_check_kafka_server.py
[2026-05-31T06:38:40.378+0000] {processor.py:914} INFO - Processing file /opt/airflow/dags/health_check_kafka_server.py for tasks to queue
[2026-05-31T06:38:40.380+0000] {logging_mixin.py:190} INFO - [2026-05-31T06:38:40.380+0000] {dagbag.py:588} INFO - Filling up the DagBag from /opt/airflow/dags/health_check_kafka_server.py
[2026-05-31T06:38:40.390+0000] {processor.py:925} INFO - DAG(s) 'health_check_kafka_server' retrieved from /opt/airflow/dags/health_check_kafka_server.py
[2026-05-31T06:38:40.413+0000] {logging_mixin.py:190} INFO - [2026-05-31T06:38:40.412+0000] {dag.py:3239} INFO - Sync 1 DAGs
[2026-05-31T06:38:40.439+0000] {logging_mixin.py:190} INFO - [2026-05-31T06:38:40.439+0000] {dag.py:4180} INFO - Setting next_dagrun for health_check_kafka_server to 2026-05-31 06:36:00+00:00, run_after=2026-05-31 06:38:00+00:00
[2026-05-31T06:38:40.454+0000] {processor.py:208} INFO - Processing /opt/airflow/dags/health_check_kafka_server.py took 0.083 seconds
[2026-05-31T06:39:11.291+0000] {processor.py:186} INFO - Started process (PID=6909) to work on /opt/airflow/dags/health_check_kafka_server.py
[2026-05-31T06:39:11.292+0000] {processor.py:914} INFO - Processing file /opt/airflow/dags/health_check_kafka_server.py for tasks to queue
[2026-05-31T06:39:11.294+0000] {logging_mixin.py:190} INFO - [2026-05-31T06:39:11.294+0000] {dagbag.py:588} INFO - Filling up the DagBag from /opt/airflow/dags/health_check_kafka_server.py
[2026-05-31T06:39:11.303+0000] {processor.py:925} INFO - DAG(s) 'health_check_kafka_server' retrieved from /opt/airflow/dags/health_check_kafka_server.py
[2026-05-31T06:39:11.320+0000] {logging_mixin.py:190} INFO - [2026-05-31T06:39:11.320+0000] {dag.py:3239} INFO - Sync 1 DAGs
[2026-05-31T06:39:11.346+0000] {logging_mixin.py:190} INFO - [2026-05-31T06:39:11.346+0000] {dag.py:4180} INFO - Setting next_dagrun for health_check_kafka_server to 2026-05-31 06:36:00+00:00, run_after=2026-05-31 06:38:00+00:00
[2026-05-31T06:39:11.369+0000] {processor.py:208} INFO - Processing /opt/airflow/dags/health_check_kafka_server.py took 0.083 seconds
[2026-05-31T06:39:42.428+0000] {processor.py:186} INFO - Started process (PID=6933) to work on /opt/airflow/dags/health_check_kafka_server.py
[2026-05-31T06:39:42.429+0000] {processor.py:914} INFO - Processing file /opt/airflow/dags/health_check_kafka_server.py for tasks to queue
[2026-05-31T06:39:42.430+0000] {logging_mixin.py:190} INFO - [2026-05-31T06:39:42.430+0000] {dagbag.py:588} INFO - Filling up the DagBag from /opt/airflow/dags/health_check_kafka_server.py
[2026-05-31T06:39:42.438+0000] {processor.py:925} INFO - DAG(s) 'health_check_kafka_server' retrieved from /opt/airflow/dags/health_check_kafka_server.py
[2026-05-31T06:39:42.467+0000] {logging_mixin.py:190} INFO - [2026-05-31T06:39:42.467+0000] {dag.py:3239} INFO - Sync 1 DAGs
[2026-05-31T06:39:42.491+0000] {logging_mixin.py:190} INFO - [2026-05-31T06:39:42.491+0000] {dag.py:4180} INFO - Setting next_dagrun for health_check_kafka_server to 2026-05-31 06:36:00+00:00, run_after=2026-05-31 06:38:00+00:00
[2026-05-31T06:39:42.509+0000] {processor.py:208} INFO - Processing /opt/airflow/dags/health_check_kafka_server.py took 0.093 seconds
[2026-05-31T06:40:12.655+0000] {processor.py:186} INFO - Started process (PID=6957) to work on /opt/airflow/dags/health_check_kafka_server.py
[2026-05-31T06:40:12.657+0000] {processor.py:914} INFO - Processing file /opt/airflow/dags/health_check_kafka_server.py for tasks to queue
[2026-05-31T06:40:12.659+0000] {logging_mixin.py:190} INFO - [2026-05-31T06:40:12.659+0000] {dagbag.py:588} INFO - Filling up the DagBag from /opt/airflow/dags/health_check_kafka_server.py
[2026-05-31T06:40:12.668+0000] {processor.py:925} INFO - DAG(s) 'health_check_kafka_server' retrieved from /opt/airflow/dags/health_check_kafka_server.py
[2026-05-31T06:40:12.687+0000] {logging_mixin.py:190} INFO - [2026-05-31T06:40:12.687+0000] {dag.py:3239} INFO - Sync 1 DAGs
[2026-05-31T06:40:12.709+0000] {logging_mixin.py:190} INFO - [2026-05-31T06:40:12.709+0000] {dag.py:4180} INFO - Setting next_dagrun for health_check_kafka_server to 2026-05-31 06:38:00+00:00, run_after=2026-05-31 06:40:00+00:00
[2026-05-31T06:40:12.726+0000] {processor.py:208} INFO - Processing /opt/airflow/dags/health_check_kafka_server.py took 0.076 seconds
[2026-05-31T06:40:43.129+0000] {processor.py:186} INFO - Started process (PID=6981) to work on /opt/airflow/dags/health_check_kafka_server.py
[2026-05-31T06:40:43.130+0000] {processor.py:914} INFO - Processing file /opt/airflow/dags/health_check_kafka_server.py for tasks to queue
[2026-05-31T06:40:43.132+0000] {logging_mixin.py:190} INFO - [2026-05-31T06:40:43.132+0000] {dagbag.py:588} INFO - Filling up the DagBag from /opt/airflow/dags/health_check_kafka_server.py
[2026-05-31T06:40:43.141+0000] {processor.py:925} INFO - DAG(s) 'health_check_kafka_server' retrieved from /opt/airflow/dags/health_check_kafka_server.py
[2026-05-31T06:40:43.161+0000] {logging_mixin.py:190} INFO - [2026-05-31T06:40:43.161+0000] {dag.py:3239} INFO - Sync 1 DAGs
[2026-05-31T06:40:43.184+0000] {logging_mixin.py:190} INFO - [2026-05-31T06:40:43.184+0000] {dag.py:4180} INFO - Setting next_dagrun for health_check_kafka_server to 2026-05-31 06:38:00+00:00, run_after=2026-05-31 06:40:00+00:00
[2026-05-31T06:40:43.197+0000] {processor.py:208} INFO - Processing /opt/airflow/dags/health_check_kafka_server.py took 0.075 seconds
[2026-05-31T06:41:13.456+0000] {processor.py:186} INFO - Started process (PID=7006) to work on /opt/airflow/dags/health_check_kafka_server.py
[2026-05-31T06:41:13.457+0000] {processor.py:914} INFO - Processing file /opt/airflow/dags/health_check_kafka_server.py for tasks to queue
[2026-05-31T06:41:13.459+0000] {logging_mixin.py:190} INFO - [2026-05-31T06:41:13.459+0000] {dagbag.py:588} INFO - Filling up the DagBag from /opt/airflow/dags/health_check_kafka_server.py
[2026-05-31T06:41:13.468+0000] {processor.py:925} INFO - DAG(s) 'health_check_kafka_server' retrieved from /opt/airflow/dags/health_check_kafka_server.py
[2026-05-31T06:41:13.488+0000] {logging_mixin.py:190} INFO - [2026-05-31T06:41:13.487+0000] {dag.py:3239} INFO - Sync 1 DAGs
[2026-05-31T06:41:13.508+0000] {logging_mixin.py:190} INFO - [2026-05-31T06:41:13.508+0000] {dag.py:4180} INFO - Setting next_dagrun for health_check_kafka_server to 2026-05-31 06:38:00+00:00, run_after=2026-05-31 06:40:00+00:00
[2026-05-31T06:41:13.521+0000] {processor.py:208} INFO - Processing /opt/airflow/dags/health_check_kafka_server.py took 0.071 seconds
[2026-05-31T06:41:44.158+0000] {processor.py:186} INFO - Started process (PID=7030) to work on /opt/airflow/dags/health_check_kafka_server.py
[2026-05-31T06:41:44.159+0000] {processor.py:914} INFO - Processing file /opt/airflow/dags/health_check_kafka_server.py for tasks to queue
[2026-05-31T06:41:44.161+0000] {logging_mixin.py:190} INFO - [2026-05-31T06:41:44.161+0000] {dagbag.py:588} INFO - Filling up the DagBag from /opt/airflow/dags/health_check_kafka_server.py
[2026-05-31T06:41:44.184+0000] {processor.py:925} INFO - DAG(s) 'health_check_kafka_server' retrieved from /opt/airflow/dags/health_check_kafka_server.py
[2026-05-31T06:41:44.204+0000] {logging_mixin.py:190} INFO - [2026-05-31T06:41:44.204+0000] {dag.py:3239} INFO - Sync 1 DAGs
[2026-05-31T06:41:44.225+0000] {logging_mixin.py:190} INFO - [2026-05-31T06:41:44.225+0000] {dag.py:4180} INFO - Setting next_dagrun for health_check_kafka_server to 2026-05-31 06:38:00+00:00, run_after=2026-05-31 06:40:00+00:00
[2026-05-31T06:41:44.241+0000] {processor.py:208} INFO - Processing /opt/airflow/dags/health_check_kafka_server.py took 0.088 seconds
[2026-05-31T06:42:14.911+0000] {processor.py:186} INFO - Started process (PID=7050) to work on /opt/airflow/dags/health_check_kafka_server.py
[2026-05-31T06:42:14.912+0000] {processor.py:914} INFO - Processing file /opt/airflow/dags/health_check_kafka_server.py for tasks to queue
[2026-05-31T06:42:14.914+0000] {logging_mixin.py:190} INFO - [2026-05-31T06:42:14.914+0000] {dagbag.py:588} INFO - Filling up the DagBag from /opt/airflow/dags/health_check_kafka_server.py
[2026-05-31T06:42:14.923+0000] {processor.py:925} INFO - DAG(s) 'health_check_kafka_server' retrieved from /opt/airflow/dags/health_check_kafka_server.py
[2026-05-31T06:42:14.941+0000] {logging_mixin.py:190} INFO - [2026-05-31T06:42:14.941+0000] {dag.py:3239} INFO - Sync 1 DAGs
[2026-05-31T06:42:14.962+0000] {logging_mixin.py:190} INFO - [2026-05-31T06:42:14.962+0000] {dag.py:4180} INFO - Setting next_dagrun for health_check_kafka_server to 2026-05-31 06:40:00+00:00, run_after=2026-05-31 06:42:00+00:00
[2026-05-31T06:42:14.975+0000] {processor.py:208} INFO - Processing /opt/airflow/dags/health_check_kafka_server.py took 0.070 seconds
[2026-05-31T06:42:45.322+0000] {processor.py:186} INFO - Started process (PID=7072) to work on /opt/airflow/dags/health_check_kafka_server.py
[2026-05-31T06:42:45.323+0000] {processor.py:914} INFO - Processing file /opt/airflow/dags/health_check_kafka_server.py for tasks to queue
[2026-05-31T06:42:45.328+0000] {logging_mixin.py:190} INFO - [2026-05-31T06:42:45.328+0000] {dagbag.py:588} INFO - Filling up the DagBag from /opt/airflow/dags/health_check_kafka_server.py
[2026-05-31T06:42:45.337+0000] {processor.py:925} INFO - DAG(s) 'health_check_kafka_server' retrieved from /opt/airflow/dags/health_check_kafka_server.py
[2026-05-31T06:42:45.356+0000] {logging_mixin.py:190} INFO - [2026-05-31T06:42:45.356+0000] {dag.py:3239} INFO - Sync 1 DAGs
[2026-05-31T06:42:45.381+0000] {logging_mixin.py:190} INFO - [2026-05-31T06:42:45.380+0000] {dag.py:4180} INFO - Setting next_dagrun for health_check_kafka_server to 2026-05-31 06:40:00+00:00, run_after=2026-05-31 06:42:00+00:00
[2026-05-31T06:42:45.396+0000] {processor.py:208} INFO - Processing /opt/airflow/dags/health_check_kafka_server.py took 0.080 seconds
[2026-05-31T06:43:15.911+0000] {processor.py:186} INFO - Started process (PID=7096) to work on /opt/airflow/dags/health_check_kafka_server.py
[2026-05-31T06:43:15.912+0000] {processor.py:914} INFO - Processing file /opt/airflow/dags/health_check_kafka_server.py for tasks to queue
[2026-05-31T06:43:15.915+0000] {logging_mixin.py:190} INFO - [2026-05-31T06:43:15.915+0000] {dagbag.py:588} INFO - Filling up the DagBag from /opt/airflow/dags/health_check_kafka_server.py
[2026-05-31T06:43:15.926+0000] {processor.py:925} INFO - DAG(s) 'health_check_kafka_server' retrieved from /opt/airflow/dags/health_check_kafka_server.py
[2026-05-31T06:43:15.947+0000] {logging_mixin.py:190} INFO - [2026-05-31T06:43:15.947+0000] {dag.py:3239} INFO - Sync 1 DAGs
[2026-05-31T06:43:15.972+0000] {logging_mixin.py:190} INFO - [2026-05-31T06:43:15.971+0000] {dag.py:4180} INFO - Setting next_dagrun for health_check_kafka_server to 2026-05-31 06:40:00+00:00, run_after=2026-05-31 06:42:00+00:00
[2026-05-31T06:43:15.987+0000] {processor.py:208} INFO - Processing /opt/airflow/dags/health_check_kafka_server.py took 0.082 seconds
[2026-05-31T06:43:46.093+0000] {processor.py:186} INFO - Started process (PID=7120) to work on /opt/airflow/dags/health_check_kafka_server.py
[2026-05-31T06:43:46.093+0000] {processor.py:914} INFO - Processing file /opt/airflow/dags/health_check_kafka_server.py for tasks to queue
[2026-05-31T06:43:46.096+0000] {logging_mixin.py:190} INFO - [2026-05-31T06:43:46.095+0000] {dagbag.py:588} INFO - Filling up the DagBag from /opt/airflow/dags/health_check_kafka_server.py
[2026-05-31T06:43:46.104+0000] {processor.py:925} INFO - DAG(s) 'health_check_kafka_server' retrieved from /opt/airflow/dags/health_check_kafka_server.py
[2026-05-31T06:43:46.123+0000] {logging_mixin.py:190} INFO - [2026-05-31T06:43:46.123+0000] {dag.py:3239} INFO - Sync 1 DAGs
[2026-05-31T06:43:46.144+0000] {logging_mixin.py:190} INFO - [2026-05-31T06:43:46.144+0000] {dag.py:4180} INFO - Setting next_dagrun for health_check_kafka_server to 2026-05-31 06:40:00+00:00, run_after=2026-05-31 06:42:00+00:00
[2026-05-31T06:43:46.158+0000] {processor.py:208} INFO - Processing /opt/airflow/dags/health_check_kafka_server.py took 0.071 seconds
[2026-05-31T06:44:17.085+0000] {processor.py:186} INFO - Started process (PID=7144) to work on /opt/airflow/dags/health_check_kafka_server.py
[2026-05-31T06:44:17.088+0000] {processor.py:914} INFO - Processing file /opt/airflow/dags/health_check_kafka_server.py for tasks to queue
[2026-05-31T06:44:17.090+0000] {logging_mixin.py:190} INFO - [2026-05-31T06:44:17.090+0000] {dagbag.py:588} INFO - Filling up the DagBag from /opt/airflow/dags/health_check_kafka_server.py
[2026-05-31T06:44:17.102+0000] {processor.py:925} INFO - DAG(s) 'health_check_kafka_server' retrieved from /opt/airflow/dags/health_check_kafka_server.py
[2026-05-31T06:44:17.128+0000] {logging_mixin.py:190} INFO - [2026-05-31T06:44:17.128+0000] {dag.py:3239} INFO - Sync 1 DAGs
[2026-05-31T06:44:17.155+0000] {logging_mixin.py:190} INFO - [2026-05-31T06:44:17.154+0000] {dag.py:4180} INFO - Setting next_dagrun for health_check_kafka_server to 2026-05-31 06:42:00+00:00, run_after=2026-05-31 06:44:00+00:00
[2026-05-31T06:44:17.170+0000] {processor.py:208} INFO - Processing /opt/airflow/dags/health_check_kafka_server.py took 0.090 seconds
[2026-05-31T06:44:47.244+0000] {processor.py:186} INFO - Started process (PID=7168) to work on /opt/airflow/dags/health_check_kafka_server.py
[2026-05-31T06:44:47.244+0000] {processor.py:914} INFO - Processing file /opt/airflow/dags/health_check_kafka_server.py for tasks to queue
[2026-05-31T06:44:47.247+0000] {logging_mixin.py:190} INFO - [2026-05-31T06:44:47.247+0000] {dagbag.py:588} INFO - Filling up the DagBag from /opt/airflow/dags/health_check_kafka_server.py
[2026-05-31T06:44:47.256+0000] {processor.py:925} INFO - DAG(s) 'health_check_kafka_server' retrieved from /opt/airflow/dags/health_check_kafka_server.py
[2026-05-31T06:44:47.277+0000] {logging_mixin.py:190} INFO - [2026-05-31T06:44:47.277+0000] {dag.py:3239} INFO - Sync 1 DAGs
[2026-05-31T06:44:47.298+0000] {logging_mixin.py:190} INFO - [2026-05-31T06:44:47.297+0000] {dag.py:4180} INFO - Setting next_dagrun for health_check_kafka_server to 2026-05-31 06:42:00+00:00, run_after=2026-05-31 06:44:00+00:00
[2026-05-31T06:44:47.311+0000] {processor.py:208} INFO - Processing /opt/airflow/dags/health_check_kafka_server.py took 0.072 seconds
[2026-05-31T06:45:17.627+0000] {processor.py:186} INFO - Started process (PID=7192) to work on /opt/airflow/dags/health_check_kafka_server.py
[2026-05-31T06:45:17.628+0000] {processor.py:914} INFO - Processing file /opt/airflow/dags/health_check_kafka_server.py for tasks to queue
[2026-05-31T06:45:17.631+0000] {logging_mixin.py:190} INFO - [2026-05-31T06:45:17.630+0000] {dagbag.py:588} INFO - Filling up the DagBag from /opt/airflow/dags/health_check_kafka_server.py
[2026-05-31T06:45:17.639+0000] {processor.py:925} INFO - DAG(s) 'health_check_kafka_server' retrieved from /opt/airflow/dags/health_check_kafka_server.py
[2026-05-31T06:45:17.659+0000] {logging_mixin.py:190} INFO - [2026-05-31T06:45:17.659+0000] {dag.py:3239} INFO - Sync 1 DAGs
[2026-05-31T06:45:17.678+0000] {logging_mixin.py:190} INFO - [2026-05-31T06:45:17.678+0000] {dag.py:4180} INFO - Setting next_dagrun for health_check_kafka_server to 2026-05-31 06:42:00+00:00, run_after=2026-05-31 06:44:00+00:00
[2026-05-31T06:45:17.692+0000] {processor.py:208} INFO - Processing /opt/airflow/dags/health_check_kafka_server.py took 0.069 seconds
[2026-05-31T06:45:48.075+0000] {processor.py:186} INFO - Started process (PID=7216) to work on /opt/airflow/dags/health_check_kafka_server.py
[2026-05-31T06:45:48.076+0000] {processor.py:914} INFO - Processing file /opt/airflow/dags/health_check_kafka_server.py for tasks to queue
[2026-05-31T06:45:48.077+0000] {logging_mixin.py:190} INFO - [2026-05-31T06:45:48.077+0000] {dagbag.py:588} INFO - Filling up the DagBag from /opt/airflow/dags/health_check_kafka_server.py
[2026-05-31T06:45:48.086+0000] {processor.py:925} INFO - DAG(s) 'health_check_kafka_server' retrieved from /opt/airflow/dags/health_check_kafka_server.py
[2026-05-31T06:45:48.117+0000] {logging_mixin.py:190} INFO - [2026-05-31T06:45:48.117+0000] {dag.py:3239} INFO - Sync 1 DAGs
[2026-05-31T06:45:48.140+0000] {logging_mixin.py:190} INFO - [2026-05-31T06:45:48.140+0000] {dag.py:4180} INFO - Setting next_dagrun for health_check_kafka_server to 2026-05-31 06:42:00+00:00, run_after=2026-05-31 06:44:00+00:00
[2026-05-31T06:45:48.153+0000] {processor.py:208} INFO - Processing /opt/airflow/dags/health_check_kafka_server.py took 0.086 seconds
[2026-05-31T06:46:18.594+0000] {processor.py:186} INFO - Started process (PID=7240) to work on /opt/airflow/dags/health_check_kafka_server.py
[2026-05-31T06:46:18.595+0000] {processor.py:914} INFO - Processing file /opt/airflow/dags/health_check_kafka_server.py for tasks to queue
[2026-05-31T06:46:18.597+0000] {logging_mixin.py:190} INFO - [2026-05-31T06:46:18.597+0000] {dagbag.py:588} INFO - Filling up the DagBag from /opt/airflow/dags/health_check_kafka_server.py
[2026-05-31T06:46:18.605+0000] {processor.py:925} INFO - DAG(s) 'health_check_kafka_server' retrieved from /opt/airflow/dags/health_check_kafka_server.py
[2026-05-31T06:46:18.624+0000] {logging_mixin.py:190} INFO - [2026-05-31T06:46:18.623+0000] {dag.py:3239} INFO - Sync 1 DAGs
[2026-05-31T06:46:18.643+0000] {logging_mixin.py:190} INFO - [2026-05-31T06:46:18.643+0000] {dag.py:4180} INFO - Setting next_dagrun for health_check_kafka_server to 2026-05-31 06:44:00+00:00, run_after=2026-05-31 06:46:00+00:00
[2026-05-31T06:46:18.657+0000] {processor.py:208} INFO - Processing /opt/airflow/dags/health_check_kafka_server.py took 0.068 seconds
[2026-05-31T06:46:49.050+0000] {processor.py:186} INFO - Started process (PID=7265) to work on /opt/airflow/dags/health_check_kafka_server.py
[2026-05-31T06:46:49.050+0000] {processor.py:914} INFO - Processing file /opt/airflow/dags/health_check_kafka_server.py for tasks to queue
[2026-05-31T06:46:49.052+0000] {logging_mixin.py:190} INFO - [2026-05-31T06:46:49.052+0000] {dagbag.py:588} INFO - Filling up the DagBag from /opt/airflow/dags/health_check_kafka_server.py
[2026-05-31T06:46:49.060+0000] {processor.py:925} INFO - DAG(s) 'health_check_kafka_server' retrieved from /opt/airflow/dags/health_check_kafka_server.py
[2026-05-31T06:46:49.083+0000] {logging_mixin.py:190} INFO - [2026-05-31T06:46:49.083+0000] {dag.py:3239} INFO - Sync 1 DAGs
[2026-05-31T06:46:49.106+0000] {logging_mixin.py:190} INFO - [2026-05-31T06:46:49.106+0000] {dag.py:4180} INFO - Setting next_dagrun for health_check_kafka_server to 2026-05-31 06:44:00+00:00, run_after=2026-05-31 06:46:00+00:00
[2026-05-31T06:46:49.120+0000] {processor.py:208} INFO - Processing /opt/airflow/dags/health_check_kafka_server.py took 0.075 seconds
[2026-05-31T06:47:19.561+0000] {processor.py:186} INFO - Started process (PID=7289) to work on /opt/airflow/dags/health_check_kafka_server.py
[2026-05-31T06:47:19.562+0000] {processor.py:914} INFO - Processing file /opt/airflow/dags/health_check_kafka_server.py for tasks to queue
[2026-05-31T06:47:19.565+0000] {logging_mixin.py:190} INFO - [2026-05-31T06:47:19.565+0000] {dagbag.py:588} INFO - Filling up the DagBag from /opt/airflow/dags/health_check_kafka_server.py
[2026-05-31T06:47:19.576+0000] {processor.py:925} INFO - DAG(s) 'health_check_kafka_server' retrieved from /opt/airflow/dags/health_check_kafka_server.py
[2026-05-31T06:47:19.597+0000] {logging_mixin.py:190} INFO - [2026-05-31T06:47:19.597+0000] {dag.py:3239} INFO - Sync 1 DAGs
[2026-05-31T06:47:19.618+0000] {logging_mixin.py:190} INFO - [2026-05-31T06:47:19.618+0000] {dag.py:4180} INFO - Setting next_dagrun for health_check_kafka_server to 2026-05-31 06:44:00+00:00, run_after=2026-05-31 06:46:00+00:00
[2026-05-31T06:47:19.631+0000] {processor.py:208} INFO - Processing /opt/airflow/dags/health_check_kafka_server.py took 0.079 seconds
[2026-05-31T06:47:50.230+0000] {processor.py:186} INFO - Started process (PID=7314) to work on /opt/airflow/dags/health_check_kafka_server.py
[2026-05-31T06:47:50.233+0000] {processor.py:914} INFO - Processing file /opt/airflow/dags/health_check_kafka_server.py for tasks to queue
[2026-05-31T06:47:50.239+0000] {logging_mixin.py:190} INFO - [2026-05-31T06:47:50.239+0000] {dagbag.py:588} INFO - Filling up the DagBag from /opt/airflow/dags/health_check_kafka_server.py
[2026-05-31T06:47:50.260+0000] {processor.py:925} INFO - DAG(s) 'health_check_kafka_server' retrieved from /opt/airflow/dags/health_check_kafka_server.py
[2026-05-31T06:47:50.299+0000] {logging_mixin.py:190} INFO - [2026-05-31T06:47:50.299+0000] {dag.py:3239} INFO - Sync 1 DAGs
[2026-05-31T06:47:50.361+0000] {logging_mixin.py:190} INFO - [2026-05-31T06:47:50.361+0000] {dag.py:4180} INFO - Setting next_dagrun for health_check_kafka_server to 2026-05-31 06:44:00+00:00, run_after=2026-05-31 06:46:00+00:00
[2026-05-31T06:47:50.388+0000] {processor.py:208} INFO - Processing /opt/airflow/dags/health_check_kafka_server.py took 0.172 seconds
[2026-05-31T06:48:21.303+0000] {processor.py:186} INFO - Started process (PID=7338) to work on /opt/airflow/dags/health_check_kafka_server.py
[2026-05-31T06:48:21.307+0000] {processor.py:914} INFO - Processing file /opt/airflow/dags/health_check_kafka_server.py for tasks to queue
[2026-05-31T06:48:21.315+0000] {logging_mixin.py:190} INFO - [2026-05-31T06:48:21.315+0000] {dagbag.py:588} INFO - Filling up the DagBag from /opt/airflow/dags/health_check_kafka_server.py
[2026-05-31T06:48:21.353+0000] {processor.py:925} INFO - DAG(s) 'health_check_kafka_server' retrieved from /opt/airflow/dags/health_check_kafka_server.py
[2026-05-31T06:48:21.399+0000] {logging_mixin.py:190} INFO - [2026-05-31T06:48:21.399+0000] {dag.py:3239} INFO - Sync 1 DAGs
[2026-05-31T06:48:21.441+0000] {logging_mixin.py:190} INFO - [2026-05-31T06:48:21.441+0000] {dag.py:4180} INFO - Setting next_dagrun for health_check_kafka_server to 2026-05-31 06:46:00+00:00, run_after=2026-05-31 06:48:00+00:00
[2026-05-31T06:48:21.465+0000] {processor.py:208} INFO - Processing /opt/airflow/dags/health_check_kafka_server.py took 0.183 seconds
[2026-05-31T06:48:52.115+0000] {processor.py:186} INFO - Started process (PID=7362) to work on /opt/airflow/dags/health_check_kafka_server.py
[2026-05-31T06:48:52.115+0000] {processor.py:914} INFO - Processing file /opt/airflow/dags/health_check_kafka_server.py for tasks to queue
[2026-05-31T06:48:52.118+0000] {logging_mixin.py:190} INFO - [2026-05-31T06:48:52.117+0000] {dagbag.py:588} INFO - Filling up the DagBag from /opt/airflow/dags/health_check_kafka_server.py
[2026-05-31T06:48:52.127+0000] {processor.py:925} INFO - DAG(s) 'health_check_kafka_server' retrieved from /opt/airflow/dags/health_check_kafka_server.py
[2026-05-31T06:48:52.146+0000] {logging_mixin.py:190} INFO - [2026-05-31T06:48:52.146+0000] {dag.py:3239} INFO - Sync 1 DAGs
[2026-05-31T06:48:52.166+0000] {logging_mixin.py:190} INFO - [2026-05-31T06:48:52.166+0000] {dag.py:4180} INFO - Setting next_dagrun for health_check_kafka_server to 2026-05-31 06:46:00+00:00, run_after=2026-05-31 06:48:00+00:00
[2026-05-31T06:48:52.190+0000] {processor.py:208} INFO - Processing /opt/airflow/dags/health_check_kafka_server.py took 0.081 seconds
[2026-05-31T06:49:22.219+0000] {processor.py:186} INFO - Started process (PID=7382) to work on /opt/airflow/dags/health_check_kafka_server.py
[2026-05-31T06:49:22.220+0000] {processor.py:914} INFO - Processing file /opt/airflow/dags/health_check_kafka_server.py for tasks to queue
[2026-05-31T06:49:22.223+0000] {logging_mixin.py:190} INFO - [2026-05-31T06:49:22.222+0000] {dagbag.py:588} INFO - Filling up the DagBag from /opt/airflow/dags/health_check_kafka_server.py
[2026-05-31T06:49:22.232+0000] {processor.py:925} INFO - DAG(s) 'health_check_kafka_server' retrieved from /opt/airflow/dags/health_check_kafka_server.py
[2026-05-31T06:49:22.252+0000] {logging_mixin.py:190} INFO - [2026-05-31T06:49:22.252+0000] {dag.py:3239} INFO - Sync 1 DAGs
[2026-05-31T06:49:22.276+0000] {logging_mixin.py:190} INFO - [2026-05-31T06:49:22.276+0000] {dag.py:4180} INFO - Setting next_dagrun for health_check_kafka_server to 2026-05-31 06:46:00+00:00, run_after=2026-05-31 06:48:00+00:00
[2026-05-31T06:49:22.290+0000] {processor.py:208} INFO - Processing /opt/airflow/dags/health_check_kafka_server.py took 0.076 seconds
[2026-05-31T06:49:52.371+0000] {processor.py:186} INFO - Started process (PID=7404) to work on /opt/airflow/dags/health_check_kafka_server.py
[2026-05-31T06:49:52.371+0000] {processor.py:914} INFO - Processing file /opt/airflow/dags/health_check_kafka_server.py for tasks to queue
[2026-05-31T06:49:52.373+0000] {logging_mixin.py:190} INFO - [2026-05-31T06:49:52.373+0000] {dagbag.py:588} INFO - Filling up the DagBag from /opt/airflow/dags/health_check_kafka_server.py
[2026-05-31T06:49:52.382+0000] {processor.py:925} INFO - DAG(s) 'health_check_kafka_server' retrieved from /opt/airflow/dags/health_check_kafka_server.py
[2026-05-31T06:49:52.403+0000] {logging_mixin.py:190} INFO - [2026-05-31T06:49:52.403+0000] {dag.py:3239} INFO - Sync 1 DAGs
[2026-05-31T06:49:52.424+0000] {logging_mixin.py:190} INFO - [2026-05-31T06:49:52.424+0000] {dag.py:4180} INFO - Setting next_dagrun for health_check_kafka_server to 2026-05-31 06:46:00+00:00, run_after=2026-05-31 06:48:00+00:00
[2026-05-31T06:49:52.439+0000] {processor.py:208} INFO - Processing /opt/airflow/dags/health_check_kafka_server.py took 0.073 seconds
[2026-05-31T06:50:22.861+0000] {processor.py:186} INFO - Started process (PID=7428) to work on /opt/airflow/dags/health_check_kafka_server.py
[2026-05-31T06:50:22.863+0000] {processor.py:914} INFO - Processing file /opt/airflow/dags/health_check_kafka_server.py for tasks to queue
[2026-05-31T06:50:22.865+0000] {logging_mixin.py:190} INFO - [2026-05-31T06:50:22.865+0000] {dagbag.py:588} INFO - Filling up the DagBag from /opt/airflow/dags/health_check_kafka_server.py
[2026-05-31T06:50:22.874+0000] {processor.py:925} INFO - DAG(s) 'health_check_kafka_server' retrieved from /opt/airflow/dags/health_check_kafka_server.py
[2026-05-31T06:50:22.896+0000] {logging_mixin.py:190} INFO - [2026-05-31T06:50:22.896+0000] {dag.py:3239} INFO - Sync 1 DAGs
[2026-05-31T06:50:22.919+0000] {logging_mixin.py:190} INFO - [2026-05-31T06:50:22.918+0000] {dag.py:4180} INFO - Setting next_dagrun for health_check_kafka_server to 2026-05-31 06:48:00+00:00, run_after=2026-05-31 06:50:00+00:00
[2026-05-31T06:50:22.932+0000] {processor.py:208} INFO - Processing /opt/airflow/dags/health_check_kafka_server.py took 0.078 seconds
[2026-05-31T06:50:53.109+0000] {processor.py:186} INFO - Started process (PID=7453) to work on /opt/airflow/dags/health_check_kafka_server.py
[2026-05-31T06:50:53.110+0000] {processor.py:914} INFO - Processing file /opt/airflow/dags/health_check_kafka_server.py for tasks to queue
[2026-05-31T06:50:53.112+0000] {logging_mixin.py:190} INFO - [2026-05-31T06:50:53.112+0000] {dagbag.py:588} INFO - Filling up the DagBag from /opt/airflow/dags/health_check_kafka_server.py
[2026-05-31T06:50:53.120+0000] {processor.py:925} INFO - DAG(s) 'health_check_kafka_server' retrieved from /opt/airflow/dags/health_check_kafka_server.py
[2026-05-31T06:50:53.142+0000] {logging_mixin.py:190} INFO - [2026-05-31T06:50:53.142+0000] {dag.py:3239} INFO - Sync 1 DAGs
[2026-05-31T06:50:53.163+0000] {logging_mixin.py:190} INFO - [2026-05-31T06:50:53.163+0000] {dag.py:4180} INFO - Setting next_dagrun for health_check_kafka_server to 2026-05-31 06:48:00+00:00, run_after=2026-05-31 06:50:00+00:00
[2026-05-31T06:50:53.178+0000] {processor.py:208} INFO - Processing /opt/airflow/dags/health_check_kafka_server.py took 0.073 seconds
[2026-05-31T06:51:23.511+0000] {processor.py:186} INFO - Started process (PID=7477) to work on /opt/airflow/dags/health_check_kafka_server.py
[2026-05-31T06:51:23.512+0000] {processor.py:914} INFO - Processing file /opt/airflow/dags/health_check_kafka_server.py for tasks to queue
[2026-05-31T06:51:23.514+0000] {logging_mixin.py:190} INFO - [2026-05-31T06:51:23.514+0000] {dagbag.py:588} INFO - Filling up the DagBag from /opt/airflow/dags/health_check_kafka_server.py
[2026-05-31T06:51:23.525+0000] {processor.py:925} INFO - DAG(s) 'health_check_kafka_server' retrieved from /opt/airflow/dags/health_check_kafka_server.py
[2026-05-31T06:51:23.545+0000] {logging_mixin.py:190} INFO - [2026-05-31T06:51:23.545+0000] {dag.py:3239} INFO - Sync 1 DAGs
[2026-05-31T06:51:23.708+0000] {logging_mixin.py:190} INFO - [2026-05-31T06:51:23.707+0000] {dag.py:4180} INFO - Setting next_dagrun for health_check_kafka_server to 2026-05-31 06:48:00+00:00, run_after=2026-05-31 06:50:00+00:00
[2026-05-31T06:51:23.719+0000] {processor.py:208} INFO - Processing /opt/airflow/dags/health_check_kafka_server.py took 0.214 seconds
[2026-05-31T06:51:54.085+0000] {processor.py:186} INFO - Started process (PID=7501) to work on /opt/airflow/dags/health_check_kafka_server.py
[2026-05-31T06:51:54.086+0000] {processor.py:914} INFO - Processing file /opt/airflow/dags/health_check_kafka_server.py for tasks to queue
[2026-05-31T06:51:54.087+0000] {logging_mixin.py:190} INFO - [2026-05-31T06:51:54.087+0000] {dagbag.py:588} INFO - Filling up the DagBag from /opt/airflow/dags/health_check_kafka_server.py
[2026-05-31T06:51:54.096+0000] {processor.py:925} INFO - DAG(s) 'health_check_kafka_server' retrieved from /opt/airflow/dags/health_check_kafka_server.py
[2026-05-31T06:51:54.117+0000] {logging_mixin.py:190} INFO - [2026-05-31T06:51:54.117+0000] {dag.py:3239} INFO - Sync 1 DAGs
[2026-05-31T06:51:54.137+0000] {logging_mixin.py:190} INFO - [2026-05-31T06:51:54.137+0000] {dag.py:4180} INFO - Setting next_dagrun for health_check_kafka_server to 2026-05-31 06:48:00+00:00, run_after=2026-05-31 06:50:00+00:00
[2026-05-31T06:51:54.282+0000] {processor.py:208} INFO - Processing /opt/airflow/dags/health_check_kafka_server.py took 0.202 seconds
[2026-05-31T06:52:24.621+0000] {processor.py:186} INFO - Started process (PID=7525) to work on /opt/airflow/dags/health_check_kafka_server.py
[2026-05-31T06:52:24.622+0000] {processor.py:914} INFO - Processing file /opt/airflow/dags/health_check_kafka_server.py for tasks to queue
[2026-05-31T06:52:24.624+0000] {logging_mixin.py:190} INFO - [2026-05-31T06:52:24.624+0000] {dagbag.py:588} INFO - Filling up the DagBag from /opt/airflow/dags/health_check_kafka_server.py
[2026-05-31T06:52:24.635+0000] {processor.py:925} INFO - DAG(s) 'health_check_kafka_server' retrieved from /opt/airflow/dags/health_check_kafka_server.py
[2026-05-31T06:52:24.804+0000] {logging_mixin.py:190} INFO - [2026-05-31T06:52:24.804+0000] {dag.py:3239} INFO - Sync 1 DAGs
[2026-05-31T06:52:24.820+0000] {logging_mixin.py:190} INFO - [2026-05-31T06:52:24.820+0000] {dag.py:4180} INFO - Setting next_dagrun for health_check_kafka_server to 2026-05-31 06:50:00+00:00, run_after=2026-05-31 06:52:00+00:00
[2026-05-31T06:52:24.831+0000] {processor.py:208} INFO - Processing /opt/airflow/dags/health_check_kafka_server.py took 0.217 seconds
[2026-05-31T06:52:55.188+0000] {processor.py:186} INFO - Started process (PID=7550) to work on /opt/airflow/dags/health_check_kafka_server.py
[2026-05-31T06:52:55.189+0000] {processor.py:914} INFO - Processing file /opt/airflow/dags/health_check_kafka_server.py for tasks to queue
[2026-05-31T06:52:55.191+0000] {logging_mixin.py:190} INFO - [2026-05-31T06:52:55.191+0000] {dagbag.py:588} INFO - Filling up the DagBag from /opt/airflow/dags/health_check_kafka_server.py
[2026-05-31T06:52:55.199+0000] {processor.py:925} INFO - DAG(s) 'health_check_kafka_server' retrieved from /opt/airflow/dags/health_check_kafka_server.py
[2026-05-31T06:52:55.216+0000] {logging_mixin.py:190} INFO - [2026-05-31T06:52:55.216+0000] {dag.py:3239} INFO - Sync 1 DAGs
[2026-05-31T06:52:55.340+0000] {logging_mixin.py:190} INFO - [2026-05-31T06:52:55.339+0000] {dag.py:4180} INFO - Setting next_dagrun for health_check_kafka_server to 2026-05-31 06:50:00+00:00, run_after=2026-05-31 06:52:00+00:00
[2026-05-31T06:52:55.352+0000] {processor.py:208} INFO - Processing /opt/airflow/dags/health_check_kafka_server.py took 0.168 seconds
[2026-05-31T06:53:26.660+0000] {processor.py:186} INFO - Started process (PID=7575) to work on /opt/airflow/dags/health_check_kafka_server.py
[2026-05-31T06:53:26.661+0000] {processor.py:914} INFO - Processing file /opt/airflow/dags/health_check_kafka_server.py for tasks to queue
[2026-05-31T06:53:26.663+0000] {logging_mixin.py:190} INFO - [2026-05-31T06:53:26.662+0000] {dagbag.py:588} INFO - Filling up the DagBag from /opt/airflow/dags/health_check_kafka_server.py
[2026-05-31T06:53:26.671+0000] {processor.py:925} INFO - DAG(s) 'health_check_kafka_server' retrieved from /opt/airflow/dags/health_check_kafka_server.py
[2026-05-31T06:53:26.689+0000] {logging_mixin.py:190} INFO - [2026-05-31T06:53:26.689+0000] {dag.py:3239} INFO - Sync 1 DAGs
[2026-05-31T06:53:26.711+0000] {logging_mixin.py:190} INFO - [2026-05-31T06:53:26.711+0000] {dag.py:4180} INFO - Setting next_dagrun for health_check_kafka_server to 2026-05-31 06:50:00+00:00, run_after=2026-05-31 06:52:00+00:00
[2026-05-31T06:53:26.726+0000] {processor.py:208} INFO - Processing /opt/airflow/dags/health_check_kafka_server.py took 0.072 seconds
[2026-05-31T06:53:57.409+0000] {processor.py:186} INFO - Started process (PID=7600) to work on /opt/airflow/dags/health_check_kafka_server.py
[2026-05-31T06:53:57.410+0000] {processor.py:914} INFO - Processing file /opt/airflow/dags/health_check_kafka_server.py for tasks to queue
[2026-05-31T06:53:57.412+0000] {logging_mixin.py:190} INFO - [2026-05-31T06:53:57.411+0000] {dagbag.py:588} INFO - Filling up the DagBag from /opt/airflow/dags/health_check_kafka_server.py
[2026-05-31T06:53:57.422+0000] {processor.py:925} INFO - DAG(s) 'health_check_kafka_server' retrieved from /opt/airflow/dags/health_check_kafka_server.py
[2026-05-31T06:53:57.444+0000] {logging_mixin.py:190} INFO - [2026-05-31T06:53:57.443+0000] {dag.py:3239} INFO - Sync 1 DAGs
[2026-05-31T06:53:57.465+0000] {logging_mixin.py:190} INFO - [2026-05-31T06:53:57.465+0000] {dag.py:4180} INFO - Setting next_dagrun for health_check_kafka_server to 2026-05-31 06:50:00+00:00, run_after=2026-05-31 06:52:00+00:00
[2026-05-31T06:53:57.488+0000] {processor.py:208} INFO - Processing /opt/airflow/dags/health_check_kafka_server.py took 0.094 seconds
[2026-05-31T06:54:27.915+0000] {processor.py:186} INFO - Started process (PID=7625) to work on /opt/airflow/dags/health_check_kafka_server.py
[2026-05-31T06:54:27.917+0000] {processor.py:914} INFO - Processing file /opt/airflow/dags/health_check_kafka_server.py for tasks to queue
[2026-05-31T06:54:27.920+0000] {logging_mixin.py:190} INFO - [2026-05-31T06:54:27.919+0000] {dagbag.py:588} INFO - Filling up the DagBag from /opt/airflow/dags/health_check_kafka_server.py
[2026-05-31T06:54:27.928+0000] {processor.py:925} INFO - DAG(s) 'health_check_kafka_server' retrieved from /opt/airflow/dags/health_check_kafka_server.py
[2026-05-31T06:54:27.951+0000] {logging_mixin.py:190} INFO - [2026-05-31T06:54:27.951+0000] {dag.py:3239} INFO - Sync 1 DAGs
[2026-05-31T06:54:27.976+0000] {logging_mixin.py:190} INFO - [2026-05-31T06:54:27.976+0000] {dag.py:4180} INFO - Setting next_dagrun for health_check_kafka_server to 2026-05-31 06:52:00+00:00, run_after=2026-05-31 06:54:00+00:00
[2026-05-31T06:54:27.992+0000] {processor.py:208} INFO - Processing /opt/airflow/dags/health_check_kafka_server.py took 0.082 seconds
[2026-05-31T06:54:58.102+0000] {processor.py:186} INFO - Started process (PID=7649) to work on /opt/airflow/dags/health_check_kafka_server.py
[2026-05-31T06:54:58.103+0000] {processor.py:914} INFO - Processing file /opt/airflow/dags/health_check_kafka_server.py for tasks to queue
[2026-05-31T06:54:58.105+0000] {logging_mixin.py:190} INFO - [2026-05-31T06:54:58.105+0000] {dagbag.py:588} INFO - Filling up the DagBag from /opt/airflow/dags/health_check_kafka_server.py
[2026-05-31T06:54:58.115+0000] {processor.py:925} INFO - DAG(s) 'health_check_kafka_server' retrieved from /opt/airflow/dags/health_check_kafka_server.py
[2026-05-31T06:54:58.136+0000] {logging_mixin.py:190} INFO - [2026-05-31T06:54:58.136+0000] {dag.py:3239} INFO - Sync 1 DAGs
[2026-05-31T06:54:58.156+0000] {logging_mixin.py:190} INFO - [2026-05-31T06:54:58.156+0000] {dag.py:4180} INFO - Setting next_dagrun for health_check_kafka_server to 2026-05-31 06:52:00+00:00, run_after=2026-05-31 06:54:00+00:00
[2026-05-31T06:54:58.170+0000] {processor.py:208} INFO - Processing /opt/airflow/dags/health_check_kafka_server.py took 0.075 seconds
[2026-05-31T06:55:28.264+0000] {processor.py:186} INFO - Started process (PID=7673) to work on /opt/airflow/dags/health_check_kafka_server.py
[2026-05-31T06:55:28.265+0000] {processor.py:914} INFO - Processing file /opt/airflow/dags/health_check_kafka_server.py for tasks to queue
[2026-05-31T06:55:28.266+0000] {logging_mixin.py:190} INFO - [2026-05-31T06:55:28.266+0000] {dagbag.py:588} INFO - Filling up the DagBag from /opt/airflow/dags/health_check_kafka_server.py
[2026-05-31T06:55:28.275+0000] {processor.py:925} INFO - DAG(s) 'health_check_kafka_server' retrieved from /opt/airflow/dags/health_check_kafka_server.py
[2026-05-31T06:55:28.293+0000] {logging_mixin.py:190} INFO - [2026-05-31T06:55:28.293+0000] {dag.py:3239} INFO - Sync 1 DAGs
[2026-05-31T06:55:28.313+0000] {logging_mixin.py:190} INFO - [2026-05-31T06:55:28.312+0000] {dag.py:4180} INFO - Setting next_dagrun for health_check_kafka_server to 2026-05-31 06:52:00+00:00, run_after=2026-05-31 06:54:00+00:00
[2026-05-31T06:55:28.328+0000] {processor.py:208} INFO - Processing /opt/airflow/dags/health_check_kafka_server.py took 0.070 seconds
[2026-05-31T06:55:58.491+0000] {processor.py:186} INFO - Started process (PID=7697) to work on /opt/airflow/dags/health_check_kafka_server.py
[2026-05-31T06:55:58.492+0000] {processor.py:914} INFO - Processing file /opt/airflow/dags/health_check_kafka_server.py for tasks to queue
[2026-05-31T06:55:58.494+0000] {logging_mixin.py:190} INFO - [2026-05-31T06:55:58.494+0000] {dagbag.py:588} INFO - Filling up the DagBag from /opt/airflow/dags/health_check_kafka_server.py
[2026-05-31T06:55:58.503+0000] {processor.py:925} INFO - DAG(s) 'health_check_kafka_server' retrieved from /opt/airflow/dags/health_check_kafka_server.py
[2026-05-31T06:55:58.521+0000] {logging_mixin.py:190} INFO - [2026-05-31T06:55:58.521+0000] {dag.py:3239} INFO - Sync 1 DAGs
[2026-05-31T06:55:58.541+0000] {logging_mixin.py:190} INFO - [2026-05-31T06:55:58.540+0000] {dag.py:4180} INFO - Setting next_dagrun for health_check_kafka_server to 2026-05-31 06:52:00+00:00, run_after=2026-05-31 06:54:00+00:00
[2026-05-31T06:55:58.554+0000] {processor.py:208} INFO - Processing /opt/airflow/dags/health_check_kafka_server.py took 0.068 seconds
[2026-05-31T06:56:28.867+0000] {processor.py:186} INFO - Started process (PID=7716) to work on /opt/airflow/dags/health_check_kafka_server.py
[2026-05-31T06:56:28.868+0000] {processor.py:914} INFO - Processing file /opt/airflow/dags/health_check_kafka_server.py for tasks to queue
[2026-05-31T06:56:28.870+0000] {logging_mixin.py:190} INFO - [2026-05-31T06:56:28.870+0000] {dagbag.py:588} INFO - Filling up the DagBag from /opt/airflow/dags/health_check_kafka_server.py
[2026-05-31T06:56:28.878+0000] {processor.py:925} INFO - DAG(s) 'health_check_kafka_server' retrieved from /opt/airflow/dags/health_check_kafka_server.py
[2026-05-31T06:56:28.896+0000] {logging_mixin.py:190} INFO - [2026-05-31T06:56:28.896+0000] {dag.py:3239} INFO - Sync 1 DAGs
[2026-05-31T06:56:28.918+0000] {logging_mixin.py:190} INFO - [2026-05-31T06:56:28.918+0000] {dag.py:4180} INFO - Setting next_dagrun for health_check_kafka_server to 2026-05-31 06:54:00+00:00, run_after=2026-05-31 06:56:00+00:00
[2026-05-31T06:56:28.934+0000] {processor.py:208} INFO - Processing /opt/airflow/dags/health_check_kafka_server.py took 0.071 seconds
[2026-05-31T06:56:59.151+0000] {processor.py:186} INFO - Started process (PID=7740) to work on /opt/airflow/dags/health_check_kafka_server.py
[2026-05-31T06:56:59.152+0000] {processor.py:914} INFO - Processing file /opt/airflow/dags/health_check_kafka_server.py for tasks to queue
[2026-05-31T06:56:59.155+0000] {logging_mixin.py:190} INFO - [2026-05-31T06:56:59.155+0000] {dagbag.py:588} INFO - Filling up the DagBag from /opt/airflow/dags/health_check_kafka_server.py
[2026-05-31T06:56:59.164+0000] {processor.py:925} INFO - DAG(s) 'health_check_kafka_server' retrieved from /opt/airflow/dags/health_check_kafka_server.py
[2026-05-31T06:56:59.183+0000] {logging_mixin.py:190} INFO - [2026-05-31T06:56:59.182+0000] {dag.py:3239} INFO - Sync 1 DAGs
[2026-05-31T06:56:59.205+0000] {logging_mixin.py:190} INFO - [2026-05-31T06:56:59.205+0000] {dag.py:4180} INFO - Setting next_dagrun for health_check_kafka_server to 2026-05-31 06:54:00+00:00, run_after=2026-05-31 06:56:00+00:00
[2026-05-31T06:56:59.223+0000] {processor.py:208} INFO - Processing /opt/airflow/dags/health_check_kafka_server.py took 0.077 seconds
[2026-05-31T06:57:29.328+0000] {processor.py:186} INFO - Started process (PID=7764) to work on /opt/airflow/dags/health_check_kafka_server.py
[2026-05-31T06:57:29.329+0000] {processor.py:914} INFO - Processing file /opt/airflow/dags/health_check_kafka_server.py for tasks to queue
[2026-05-31T06:57:29.331+0000] {logging_mixin.py:190} INFO - [2026-05-31T06:57:29.331+0000] {dagbag.py:588} INFO - Filling up the DagBag from /opt/airflow/dags/health_check_kafka_server.py
[2026-05-31T06:57:29.339+0000] {processor.py:925} INFO - DAG(s) 'health_check_kafka_server' retrieved from /opt/airflow/dags/health_check_kafka_server.py
[2026-05-31T06:57:29.361+0000] {logging_mixin.py:190} INFO - [2026-05-31T06:57:29.360+0000] {dag.py:3239} INFO - Sync 1 DAGs
[2026-05-31T06:57:29.381+0000] {logging_mixin.py:190} INFO - [2026-05-31T06:57:29.381+0000] {dag.py:4180} INFO - Setting next_dagrun for health_check_kafka_server to 2026-05-31 06:54:00+00:00, run_after=2026-05-31 06:56:00+00:00
[2026-05-31T06:57:29.396+0000] {processor.py:208} INFO - Processing /opt/airflow/dags/health_check_kafka_server.py took 0.073 seconds
[2026-05-31T06:58:00.034+0000] {processor.py:186} INFO - Started process (PID=7788) to work on /opt/airflow/dags/health_check_kafka_server.py
[2026-05-31T06:58:00.035+0000] {processor.py:914} INFO - Processing file /opt/airflow/dags/health_check_kafka_server.py for tasks to queue
[2026-05-31T06:58:00.036+0000] {logging_mixin.py:190} INFO - [2026-05-31T06:58:00.036+0000] {dagbag.py:588} INFO - Filling up the DagBag from /opt/airflow/dags/health_check_kafka_server.py
[2026-05-31T06:58:00.045+0000] {processor.py:925} INFO - DAG(s) 'health_check_kafka_server' retrieved from /opt/airflow/dags/health_check_kafka_server.py
[2026-05-31T06:58:00.065+0000] {logging_mixin.py:190} INFO - [2026-05-31T06:58:00.065+0000] {dag.py:3239} INFO - Sync 1 DAGs
[2026-05-31T06:58:00.087+0000] {logging_mixin.py:190} INFO - [2026-05-31T06:58:00.087+0000] {dag.py:4180} INFO - Setting next_dagrun for health_check_kafka_server to 2026-05-31 06:56:00+00:00, run_after=2026-05-31 06:58:00+00:00
[2026-05-31T06:58:00.102+0000] {processor.py:208} INFO - Processing /opt/airflow/dags/health_check_kafka_server.py took 0.073 seconds
[2026-05-31T06:58:31.125+0000] {processor.py:186} INFO - Started process (PID=7812) to work on /opt/airflow/dags/health_check_kafka_server.py
[2026-05-31T06:58:31.133+0000] {processor.py:914} INFO - Processing file /opt/airflow/dags/health_check_kafka_server.py for tasks to queue
[2026-05-31T06:58:31.140+0000] {logging_mixin.py:190} INFO - [2026-05-31T06:58:31.140+0000] {dagbag.py:588} INFO - Filling up the DagBag from /opt/airflow/dags/health_check_kafka_server.py
[2026-05-31T06:58:31.168+0000] {processor.py:925} INFO - DAG(s) 'health_check_kafka_server' retrieved from /opt/airflow/dags/health_check_kafka_server.py
[2026-05-31T06:58:31.223+0000] {logging_mixin.py:190} INFO - [2026-05-31T06:58:31.223+0000] {dag.py:3239} INFO - Sync 1 DAGs
[2026-05-31T06:58:31.266+0000] {logging_mixin.py:190} INFO - [2026-05-31T06:58:31.266+0000] {dag.py:4180} INFO - Setting next_dagrun for health_check_kafka_server to 2026-05-31 06:56:00+00:00, run_after=2026-05-31 06:58:00+00:00
[2026-05-31T06:58:31.293+0000] {processor.py:208} INFO - Processing /opt/airflow/dags/health_check_kafka_server.py took 0.179 seconds
[2026-05-31T06:59:02.280+0000] {processor.py:186} INFO - Started process (PID=7836) to work on /opt/airflow/dags/health_check_kafka_server.py
[2026-05-31T06:59:02.285+0000] {processor.py:914} INFO - Processing file /opt/airflow/dags/health_check_kafka_server.py for tasks to queue
[2026-05-31T06:59:02.293+0000] {logging_mixin.py:190} INFO - [2026-05-31T06:59:02.293+0000] {dagbag.py:588} INFO - Filling up the DagBag from /opt/airflow/dags/health_check_kafka_server.py
[2026-05-31T06:59:02.323+0000] {processor.py:925} INFO - DAG(s) 'health_check_kafka_server' retrieved from /opt/airflow/dags/health_check_kafka_server.py
[2026-05-31T06:59:02.381+0000] {logging_mixin.py:190} INFO - [2026-05-31T06:59:02.381+0000] {dag.py:3239} INFO - Sync 1 DAGs
[2026-05-31T06:59:02.416+0000] {logging_mixin.py:190} INFO - [2026-05-31T06:59:02.416+0000] {dag.py:4180} INFO - Setting next_dagrun for health_check_kafka_server to 2026-05-31 06:56:00+00:00, run_after=2026-05-31 06:58:00+00:00
[2026-05-31T06:59:02.441+0000] {processor.py:208} INFO - Processing /opt/airflow/dags/health_check_kafka_server.py took 0.173 seconds
[2026-05-31T06:59:33.027+0000] {processor.py:186} INFO - Started process (PID=7861) to work on /opt/airflow/dags/health_check_kafka_server.py
[2026-05-31T06:59:33.028+0000] {processor.py:914} INFO - Processing file /opt/airflow/dags/health_check_kafka_server.py for tasks to queue
[2026-05-31T06:59:33.030+0000] {logging_mixin.py:190} INFO - [2026-05-31T06:59:33.029+0000] {dagbag.py:588} INFO - Filling up the DagBag from /opt/airflow/dags/health_check_kafka_server.py
[2026-05-31T06:59:33.037+0000] {processor.py:925} INFO - DAG(s) 'health_check_kafka_server' retrieved from /opt/airflow/dags/health_check_kafka_server.py
[2026-05-31T06:59:33.058+0000] {logging_mixin.py:190} INFO - [2026-05-31T06:59:33.058+0000] {dag.py:3239} INFO - Sync 1 DAGs
[2026-05-31T06:59:33.082+0000] {logging_mixin.py:190} INFO - [2026-05-31T06:59:33.082+0000] {dag.py:4180} INFO - Setting next_dagrun for health_check_kafka_server to 2026-05-31 06:56:00+00:00, run_after=2026-05-31 06:58:00+00:00
[2026-05-31T06:59:33.098+0000] {processor.py:208} INFO - Processing /opt/airflow/dags/health_check_kafka_server.py took 0.076 seconds
[2026-05-31T07:00:03.993+0000] {processor.py:186} INFO - Started process (PID=7886) to work on /opt/airflow/dags/health_check_kafka_server.py
[2026-05-31T07:00:03.994+0000] {processor.py:914} INFO - Processing file /opt/airflow/dags/health_check_kafka_server.py for tasks to queue
[2026-05-31T07:00:03.997+0000] {logging_mixin.py:190} INFO - [2026-05-31T07:00:03.997+0000] {dagbag.py:588} INFO - Filling up the DagBag from /opt/airflow/dags/health_check_kafka_server.py
[2026-05-31T07:00:04.007+0000] {processor.py:925} INFO - DAG(s) 'health_check_kafka_server' retrieved from /opt/airflow/dags/health_check_kafka_server.py
[2026-05-31T07:00:04.028+0000] {logging_mixin.py:190} INFO - [2026-05-31T07:00:04.028+0000] {dag.py:3239} INFO - Sync 1 DAGs
[2026-05-31T07:00:04.049+0000] {logging_mixin.py:190} INFO - [2026-05-31T07:00:04.049+0000] {dag.py:4180} INFO - Setting next_dagrun for health_check_kafka_server to 2026-05-31 06:58:00+00:00, run_after=2026-05-31 07:00:00+00:00
[2026-05-31T07:00:04.063+0000] {processor.py:208} INFO - Processing /opt/airflow/dags/health_check_kafka_server.py took 0.076 seconds
[2026-05-31T07:00:34.677+0000] {processor.py:186} INFO - Started process (PID=7910) to work on /opt/airflow/dags/health_check_kafka_server.py
[2026-05-31T07:00:34.677+0000] {processor.py:914} INFO - Processing file /opt/airflow/dags/health_check_kafka_server.py for tasks to queue
[2026-05-31T07:00:34.680+0000] {logging_mixin.py:190} INFO - [2026-05-31T07:00:34.679+0000] {dagbag.py:588} INFO - Filling up the DagBag from /opt/airflow/dags/health_check_kafka_server.py
[2026-05-31T07:00:34.689+0000] {processor.py:925} INFO - DAG(s) 'health_check_kafka_server' retrieved from /opt/airflow/dags/health_check_kafka_server.py
[2026-05-31T07:00:34.710+0000] {logging_mixin.py:190} INFO - [2026-05-31T07:00:34.710+0000] {dag.py:3239} INFO - Sync 1 DAGs
[2026-05-31T07:00:34.782+0000] {logging_mixin.py:190} INFO - [2026-05-31T07:00:34.782+0000] {dag.py:4180} INFO - Setting next_dagrun for health_check_kafka_server to 2026-05-31 06:58:00+00:00, run_after=2026-05-31 07:00:00+00:00
[2026-05-31T07:00:34.838+0000] {processor.py:208} INFO - Processing /opt/airflow/dags/health_check_kafka_server.py took 0.166 seconds
[2026-05-31T07:01:05.530+0000] {processor.py:186} INFO - Started process (PID=7934) to work on /opt/airflow/dags/health_check_kafka_server.py
[2026-05-31T07:01:05.531+0000] {processor.py:914} INFO - Processing file /opt/airflow/dags/health_check_kafka_server.py for tasks to queue
[2026-05-31T07:01:05.539+0000] {logging_mixin.py:190} INFO - [2026-05-31T07:01:05.538+0000] {dagbag.py:588} INFO - Filling up the DagBag from /opt/airflow/dags/health_check_kafka_server.py
[2026-05-31T07:01:05.559+0000] {processor.py:925} INFO - DAG(s) 'health_check_kafka_server' retrieved from /opt/airflow/dags/health_check_kafka_server.py
[2026-05-31T07:01:05.629+0000] {logging_mixin.py:190} INFO - [2026-05-31T07:01:05.629+0000] {dag.py:3239} INFO - Sync 1 DAGs
[2026-05-31T07:01:05.676+0000] {logging_mixin.py:190} INFO - [2026-05-31T07:01:05.676+0000] {dag.py:4180} INFO - Setting next_dagrun for health_check_kafka_server to 2026-05-31 06:58:00+00:00, run_after=2026-05-31 07:00:00+00:00
[2026-05-31T07:01:05.708+0000] {processor.py:208} INFO - Processing /opt/airflow/dags/health_check_kafka_server.py took 0.191 seconds
[2026-05-31T07:01:36.550+0000] {processor.py:186} INFO - Started process (PID=7958) to work on /opt/airflow/dags/health_check_kafka_server.py
[2026-05-31T07:01:36.552+0000] {processor.py:914} INFO - Processing file /opt/airflow/dags/health_check_kafka_server.py for tasks to queue
[2026-05-31T07:01:36.558+0000] {logging_mixin.py:190} INFO - [2026-05-31T07:01:36.557+0000] {dagbag.py:588} INFO - Filling up the DagBag from /opt/airflow/dags/health_check_kafka_server.py
[2026-05-31T07:01:36.569+0000] {processor.py:925} INFO - DAG(s) 'health_check_kafka_server' retrieved from /opt/airflow/dags/health_check_kafka_server.py
[2026-05-31T07:01:36.608+0000] {logging_mixin.py:190} INFO - [2026-05-31T07:01:36.608+0000] {dag.py:3239} INFO - Sync 1 DAGs
[2026-05-31T07:01:36.639+0000] {logging_mixin.py:190} INFO - [2026-05-31T07:01:36.639+0000] {dag.py:4180} INFO - Setting next_dagrun for health_check_kafka_server to 2026-05-31 06:58:00+00:00, run_after=2026-05-31 07:00:00+00:00
[2026-05-31T07:01:36.661+0000] {processor.py:208} INFO - Processing /opt/airflow/dags/health_check_kafka_server.py took 0.115 seconds
[2026-05-31T07:02:06.727+0000] {processor.py:186} INFO - Started process (PID=7981) to work on /opt/airflow/dags/health_check_kafka_server.py
[2026-05-31T07:02:06.728+0000] {processor.py:914} INFO - Processing file /opt/airflow/dags/health_check_kafka_server.py for tasks to queue
[2026-05-31T07:02:06.734+0000] {logging_mixin.py:190} INFO - [2026-05-31T07:02:06.734+0000] {dagbag.py:588} INFO - Filling up the DagBag from /opt/airflow/dags/health_check_kafka_server.py
[2026-05-31T07:02:06.773+0000] {processor.py:925} INFO - DAG(s) 'health_check_kafka_server' retrieved from /opt/airflow/dags/health_check_kafka_server.py
[2026-05-31T07:02:06.884+0000] {logging_mixin.py:190} INFO - [2026-05-31T07:02:06.884+0000] {dag.py:3239} INFO - Sync 1 DAGs
[2026-05-31T07:02:06.958+0000] {logging_mixin.py:190} INFO - [2026-05-31T07:02:06.958+0000] {dag.py:4180} INFO - Setting next_dagrun for health_check_kafka_server to 2026-05-31 07:00:00+00:00, run_after=2026-05-31 07:02:00+00:00
[2026-05-31T07:02:06.977+0000] {processor.py:208} INFO - Processing /opt/airflow/dags/health_check_kafka_server.py took 0.265 seconds
[2026-05-31T07:02:37.073+0000] {processor.py:186} INFO - Started process (PID=8005) to work on /opt/airflow/dags/health_check_kafka_server.py
[2026-05-31T07:02:37.073+0000] {processor.py:914} INFO - Processing file /opt/airflow/dags/health_check_kafka_server.py for tasks to queue
[2026-05-31T07:02:37.075+0000] {logging_mixin.py:190} INFO - [2026-05-31T07:02:37.075+0000] {dagbag.py:588} INFO - Filling up the DagBag from /opt/airflow/dags/health_check_kafka_server.py
[2026-05-31T07:02:37.084+0000] {processor.py:925} INFO - DAG(s) 'health_check_kafka_server' retrieved from /opt/airflow/dags/health_check_kafka_server.py
[2026-05-31T07:02:37.105+0000] {logging_mixin.py:190} INFO - [2026-05-31T07:02:37.105+0000] {dag.py:3239} INFO - Sync 1 DAGs
[2026-05-31T07:02:37.128+0000] {logging_mixin.py:190} INFO - [2026-05-31T07:02:37.128+0000] {dag.py:4180} INFO - Setting next_dagrun for health_check_kafka_server to 2026-05-31 07:00:00+00:00, run_after=2026-05-31 07:02:00+00:00
[2026-05-31T07:02:37.144+0000] {processor.py:208} INFO - Processing /opt/airflow/dags/health_check_kafka_server.py took 0.076 seconds
[2026-05-31T07:03:07.337+0000] {processor.py:186} INFO - Started process (PID=8028) to work on /opt/airflow/dags/health_check_kafka_server.py
[2026-05-31T07:03:07.338+0000] {processor.py:914} INFO - Processing file /opt/airflow/dags/health_check_kafka_server.py for tasks to queue
[2026-05-31T07:03:07.340+0000] {logging_mixin.py:190} INFO - [2026-05-31T07:03:07.340+0000] {dagbag.py:588} INFO - Filling up the DagBag from /opt/airflow/dags/health_check_kafka_server.py
[2026-05-31T07:03:07.348+0000] {processor.py:925} INFO - DAG(s) 'health_check_kafka_server' retrieved from /opt/airflow/dags/health_check_kafka_server.py
[2026-05-31T07:03:07.368+0000] {logging_mixin.py:190} INFO - [2026-05-31T07:03:07.368+0000] {dag.py:3239} INFO - Sync 1 DAGs
[2026-05-31T07:03:07.392+0000] {logging_mixin.py:190} INFO - [2026-05-31T07:03:07.392+0000] {dag.py:4180} INFO - Setting next_dagrun for health_check_kafka_server to 2026-05-31 07:00:00+00:00, run_after=2026-05-31 07:02:00+00:00
[2026-05-31T07:03:07.410+0000] {processor.py:208} INFO - Processing /opt/airflow/dags/health_check_kafka_server.py took 0.078 seconds
[2026-05-31T07:03:38.322+0000] {processor.py:186} INFO - Started process (PID=8054) to work on /opt/airflow/dags/health_check_kafka_server.py
[2026-05-31T07:03:38.323+0000] {processor.py:914} INFO - Processing file /opt/airflow/dags/health_check_kafka_server.py for tasks to queue
[2026-05-31T07:03:38.325+0000] {logging_mixin.py:190} INFO - [2026-05-31T07:03:38.325+0000] {dagbag.py:588} INFO - Filling up the DagBag from /opt/airflow/dags/health_check_kafka_server.py
[2026-05-31T07:03:38.334+0000] {processor.py:925} INFO - DAG(s) 'health_check_kafka_server' retrieved from /opt/airflow/dags/health_check_kafka_server.py
[2026-05-31T07:03:38.352+0000] {logging_mixin.py:190} INFO - [2026-05-31T07:03:38.352+0000] {dag.py:3239} INFO - Sync 1 DAGs
[2026-05-31T07:03:38.372+0000] {logging_mixin.py:190} INFO - [2026-05-31T07:03:38.372+0000] {dag.py:4180} INFO - Setting next_dagrun for health_check_kafka_server to 2026-05-31 07:00:00+00:00, run_after=2026-05-31 07:02:00+00:00
[2026-05-31T07:03:38.385+0000] {processor.py:208} INFO - Processing /opt/airflow/dags/health_check_kafka_server.py took 0.067 seconds
[2026-05-31T07:04:09.230+0000] {processor.py:186} INFO - Started process (PID=8077) to work on /opt/airflow/dags/health_check_kafka_server.py
[2026-05-31T07:04:09.231+0000] {processor.py:914} INFO - Processing file /opt/airflow/dags/health_check_kafka_server.py for tasks to queue
[2026-05-31T07:04:09.233+0000] {logging_mixin.py:190} INFO - [2026-05-31T07:04:09.232+0000] {dagbag.py:588} INFO - Filling up the DagBag from /opt/airflow/dags/health_check_kafka_server.py
[2026-05-31T07:04:09.241+0000] {processor.py:925} INFO - DAG(s) 'health_check_kafka_server' retrieved from /opt/airflow/dags/health_check_kafka_server.py
[2026-05-31T07:04:09.261+0000] {logging_mixin.py:190} INFO - [2026-05-31T07:04:09.261+0000] {dag.py:3239} INFO - Sync 1 DAGs
[2026-05-31T07:04:09.283+0000] {logging_mixin.py:190} INFO - [2026-05-31T07:04:09.282+0000] {dag.py:4180} INFO - Setting next_dagrun for health_check_kafka_server to 2026-05-31 07:02:00+00:00, run_after=2026-05-31 07:04:00+00:00
[2026-05-31T07:04:09.295+0000] {processor.py:208} INFO - Processing /opt/airflow/dags/health_check_kafka_server.py took 0.070 seconds
[2026-05-31T07:04:39.379+0000] {processor.py:186} INFO - Started process (PID=8101) to work on /opt/airflow/dags/health_check_kafka_server.py
[2026-05-31T07:04:39.380+0000] {processor.py:914} INFO - Processing file /opt/airflow/dags/health_check_kafka_server.py for tasks to queue
[2026-05-31T07:04:39.381+0000] {logging_mixin.py:190} INFO - [2026-05-31T07:04:39.381+0000] {dagbag.py:588} INFO - Filling up the DagBag from /opt/airflow/dags/health_check_kafka_server.py
[2026-05-31T07:04:39.390+0000] {processor.py:925} INFO - DAG(s) 'health_check_kafka_server' retrieved from /opt/airflow/dags/health_check_kafka_server.py
[2026-05-31T07:04:39.408+0000] {logging_mixin.py:190} INFO - [2026-05-31T07:04:39.408+0000] {dag.py:3239} INFO - Sync 1 DAGs
[2026-05-31T07:04:39.427+0000] {logging_mixin.py:190} INFO - [2026-05-31T07:04:39.427+0000] {dag.py:4180} INFO - Setting next_dagrun for health_check_kafka_server to 2026-05-31 07:02:00+00:00, run_after=2026-05-31 07:04:00+00:00
[2026-05-31T07:04:39.439+0000] {processor.py:208} INFO - Processing /opt/airflow/dags/health_check_kafka_server.py took 0.065 seconds
[2026-05-31T07:05:09.547+0000] {processor.py:186} INFO - Started process (PID=8126) to work on /opt/airflow/dags/health_check_kafka_server.py
[2026-05-31T07:05:09.549+0000] {processor.py:914} INFO - Processing file /opt/airflow/dags/health_check_kafka_server.py for tasks to queue
[2026-05-31T07:05:09.552+0000] {logging_mixin.py:190} INFO - [2026-05-31T07:05:09.552+0000] {dagbag.py:588} INFO - Filling up the DagBag from /opt/airflow/dags/health_check_kafka_server.py
[2026-05-31T07:05:09.565+0000] {processor.py:925} INFO - DAG(s) 'health_check_kafka_server' retrieved from /opt/airflow/dags/health_check_kafka_server.py
[2026-05-31T07:05:09.586+0000] {logging_mixin.py:190} INFO - [2026-05-31T07:05:09.586+0000] {dag.py:3239} INFO - Sync 1 DAGs
[2026-05-31T07:05:09.608+0000] {logging_mixin.py:190} INFO - [2026-05-31T07:05:09.608+0000] {dag.py:4180} INFO - Setting next_dagrun for health_check_kafka_server to 2026-05-31 07:02:00+00:00, run_after=2026-05-31 07:04:00+00:00
[2026-05-31T07:05:09.623+0000] {processor.py:208} INFO - Processing /opt/airflow/dags/health_check_kafka_server.py took 0.081 seconds
[2026-05-31T07:05:40.580+0000] {processor.py:186} INFO - Started process (PID=8151) to work on /opt/airflow/dags/health_check_kafka_server.py
[2026-05-31T07:05:40.581+0000] {processor.py:914} INFO - Processing file /opt/airflow/dags/health_check_kafka_server.py for tasks to queue
[2026-05-31T07:05:40.583+0000] {logging_mixin.py:190} INFO - [2026-05-31T07:05:40.583+0000] {dagbag.py:588} INFO - Filling up the DagBag from /opt/airflow/dags/health_check_kafka_server.py
[2026-05-31T07:05:40.592+0000] {processor.py:925} INFO - DAG(s) 'health_check_kafka_server' retrieved from /opt/airflow/dags/health_check_kafka_server.py
[2026-05-31T07:05:40.611+0000] {logging_mixin.py:190} INFO - [2026-05-31T07:05:40.611+0000] {dag.py:3239} INFO - Sync 1 DAGs
[2026-05-31T07:05:40.655+0000] {logging_mixin.py:190} INFO - [2026-05-31T07:05:40.655+0000] {dag.py:4180} INFO - Setting next_dagrun for health_check_kafka_server to 2026-05-31 07:02:00+00:00, run_after=2026-05-31 07:04:00+00:00
[2026-05-31T07:05:40.679+0000] {processor.py:208} INFO - Processing /opt/airflow/dags/health_check_kafka_server.py took 0.104 seconds
[2026-05-31T07:06:11.620+0000] {processor.py:186} INFO - Started process (PID=8174) to work on /opt/airflow/dags/health_check_kafka_server.py
[2026-05-31T07:06:11.621+0000] {processor.py:914} INFO - Processing file /opt/airflow/dags/health_check_kafka_server.py for tasks to queue
[2026-05-31T07:06:11.623+0000] {logging_mixin.py:190} INFO - [2026-05-31T07:06:11.623+0000] {dagbag.py:588} INFO - Filling up the DagBag from /opt/airflow/dags/health_check_kafka_server.py
[2026-05-31T07:06:11.633+0000] {processor.py:925} INFO - DAG(s) 'health_check_kafka_server' retrieved from /opt/airflow/dags/health_check_kafka_server.py
[2026-05-31T07:06:11.651+0000] {logging_mixin.py:190} INFO - [2026-05-31T07:06:11.651+0000] {dag.py:3239} INFO - Sync 1 DAGs
[2026-05-31T07:06:11.672+0000] {logging_mixin.py:190} INFO - [2026-05-31T07:06:11.671+0000] {dag.py:4180} INFO - Setting next_dagrun for health_check_kafka_server to 2026-05-31 07:04:00+00:00, run_after=2026-05-31 07:06:00+00:00
[2026-05-31T07:06:11.685+0000] {processor.py:208} INFO - Processing /opt/airflow/dags/health_check_kafka_server.py took 0.070 seconds
[2026-05-31T07:06:42.451+0000] {processor.py:186} INFO - Started process (PID=8197) to work on /opt/airflow/dags/health_check_kafka_server.py
[2026-05-31T07:06:42.453+0000] {processor.py:914} INFO - Processing file /opt/airflow/dags/health_check_kafka_server.py for tasks to queue
[2026-05-31T07:06:42.455+0000] {logging_mixin.py:190} INFO - [2026-05-31T07:06:42.455+0000] {dagbag.py:588} INFO - Filling up the DagBag from /opt/airflow/dags/health_check_kafka_server.py
[2026-05-31T07:06:42.464+0000] {processor.py:925} INFO - DAG(s) 'health_check_kafka_server' retrieved from /opt/airflow/dags/health_check_kafka_server.py
[2026-05-31T07:06:42.484+0000] {logging_mixin.py:190} INFO - [2026-05-31T07:06:42.484+0000] {dag.py:3239} INFO - Sync 1 DAGs
[2026-05-31T07:06:42.504+0000] {logging_mixin.py:190} INFO - [2026-05-31T07:06:42.504+0000] {dag.py:4180} INFO - Setting next_dagrun for health_check_kafka_server to 2026-05-31 07:04:00+00:00, run_after=2026-05-31 07:06:00+00:00
[2026-05-31T07:06:42.517+0000] {processor.py:208} INFO - Processing /opt/airflow/dags/health_check_kafka_server.py took 0.072 seconds
[2026-05-31T07:07:13.226+0000] {processor.py:186} INFO - Started process (PID=8221) to work on /opt/airflow/dags/health_check_kafka_server.py
[2026-05-31T07:07:13.227+0000] {processor.py:914} INFO - Processing file /opt/airflow/dags/health_check_kafka_server.py for tasks to queue
[2026-05-31T07:07:13.229+0000] {logging_mixin.py:190} INFO - [2026-05-31T07:07:13.229+0000] {dagbag.py:588} INFO - Filling up the DagBag from /opt/airflow/dags/health_check_kafka_server.py
[2026-05-31T07:07:13.237+0000] {processor.py:925} INFO - DAG(s) 'health_check_kafka_server' retrieved from /opt/airflow/dags/health_check_kafka_server.py
[2026-05-31T07:07:13.257+0000] {logging_mixin.py:190} INFO - [2026-05-31T07:07:13.257+0000] {dag.py:3239} INFO - Sync 1 DAGs
[2026-05-31T07:07:13.279+0000] {logging_mixin.py:190} INFO - [2026-05-31T07:07:13.279+0000] {dag.py:4180} INFO - Setting next_dagrun for health_check_kafka_server to 2026-05-31 07:04:00+00:00, run_after=2026-05-31 07:06:00+00:00
[2026-05-31T07:07:13.292+0000] {processor.py:208} INFO - Processing /opt/airflow/dags/health_check_kafka_server.py took 0.072 seconds
[2026-05-31T07:07:44.134+0000] {processor.py:186} INFO - Started process (PID=8245) to work on /opt/airflow/dags/health_check_kafka_server.py
[2026-05-31T07:07:44.135+0000] {processor.py:914} INFO - Processing file /opt/airflow/dags/health_check_kafka_server.py for tasks to queue
[2026-05-31T07:07:44.144+0000] {logging_mixin.py:190} INFO - [2026-05-31T07:07:44.144+0000] {dagbag.py:588} INFO - Filling up the DagBag from /opt/airflow/dags/health_check_kafka_server.py
[2026-05-31T07:07:44.165+0000] {processor.py:925} INFO - DAG(s) 'health_check_kafka_server' retrieved from /opt/airflow/dags/health_check_kafka_server.py
[2026-05-31T07:07:44.206+0000] {logging_mixin.py:190} INFO - [2026-05-31T07:07:44.206+0000] {dag.py:3239} INFO - Sync 1 DAGs
[2026-05-31T07:07:44.245+0000] {logging_mixin.py:190} INFO - [2026-05-31T07:07:44.244+0000] {dag.py:4180} INFO - Setting next_dagrun for health_check_kafka_server to 2026-05-31 07:04:00+00:00, run_after=2026-05-31 07:06:00+00:00
[2026-05-31T07:07:44.269+0000] {processor.py:208} INFO - Processing /opt/airflow/dags/health_check_kafka_server.py took 0.159 seconds
[2026-05-31T07:08:15.163+0000] {processor.py:186} INFO - Started process (PID=8269) to work on /opt/airflow/dags/health_check_kafka_server.py
[2026-05-31T07:08:15.164+0000] {processor.py:914} INFO - Processing file /opt/airflow/dags/health_check_kafka_server.py for tasks to queue
[2026-05-31T07:08:15.166+0000] {logging_mixin.py:190} INFO - [2026-05-31T07:08:15.166+0000] {dagbag.py:588} INFO - Filling up the DagBag from /opt/airflow/dags/health_check_kafka_server.py
[2026-05-31T07:08:15.176+0000] {processor.py:925} INFO - DAG(s) 'health_check_kafka_server' retrieved from /opt/airflow/dags/health_check_kafka_server.py
[2026-05-31T07:08:15.197+0000] {logging_mixin.py:190} INFO - [2026-05-31T07:08:15.197+0000] {dag.py:3239} INFO - Sync 1 DAGs
[2026-05-31T07:08:15.220+0000] {logging_mixin.py:190} INFO - [2026-05-31T07:08:15.220+0000] {dag.py:4180} INFO - Setting next_dagrun for health_check_kafka_server to 2026-05-31 07:06:00+00:00, run_after=2026-05-31 07:08:00+00:00
[2026-05-31T07:08:15.234+0000] {processor.py:208} INFO - Processing /opt/airflow/dags/health_check_kafka_server.py took 0.075 seconds
[2026-05-31T07:08:45.526+0000] {processor.py:186} INFO - Started process (PID=8292) to work on /opt/airflow/dags/health_check_kafka_server.py
[2026-05-31T07:08:45.527+0000] {processor.py:914} INFO - Processing file /opt/airflow/dags/health_check_kafka_server.py for tasks to queue
[2026-05-31T07:08:45.529+0000] {logging_mixin.py:190} INFO - [2026-05-31T07:08:45.529+0000] {dagbag.py:588} INFO - Filling up the DagBag from /opt/airflow/dags/health_check_kafka_server.py
[2026-05-31T07:08:45.537+0000] {processor.py:925} INFO - DAG(s) 'health_check_kafka_server' retrieved from /opt/airflow/dags/health_check_kafka_server.py
[2026-05-31T07:08:45.556+0000] {logging_mixin.py:190} INFO - [2026-05-31T07:08:45.556+0000] {dag.py:3239} INFO - Sync 1 DAGs
[2026-05-31T07:08:45.576+0000] {logging_mixin.py:190} INFO - [2026-05-31T07:08:45.576+0000] {dag.py:4180} INFO - Setting next_dagrun for health_check_kafka_server to 2026-05-31 07:06:00+00:00, run_after=2026-05-31 07:08:00+00:00
[2026-05-31T07:08:45.590+0000] {processor.py:208} INFO - Processing /opt/airflow/dags/health_check_kafka_server.py took 0.069 seconds
[2026-05-31T07:09:15.626+0000] {processor.py:186} INFO - Started process (PID=8316) to work on /opt/airflow/dags/health_check_kafka_server.py
[2026-05-31T07:09:15.628+0000] {processor.py:914} INFO - Processing file /opt/airflow/dags/health_check_kafka_server.py for tasks to queue
[2026-05-31T07:09:15.630+0000] {logging_mixin.py:190} INFO - [2026-05-31T07:09:15.629+0000] {dagbag.py:588} INFO - Filling up the DagBag from /opt/airflow/dags/health_check_kafka_server.py
[2026-05-31T07:09:15.639+0000] {processor.py:925} INFO - DAG(s) 'health_check_kafka_server' retrieved from /opt/airflow/dags/health_check_kafka_server.py
[2026-05-31T07:09:15.658+0000] {logging_mixin.py:190} INFO - [2026-05-31T07:09:15.658+0000] {dag.py:3239} INFO - Sync 1 DAGs
[2026-05-31T07:09:15.679+0000] {logging_mixin.py:190} INFO - [2026-05-31T07:09:15.679+0000] {dag.py:4180} INFO - Setting next_dagrun for health_check_kafka_server to 2026-05-31 07:06:00+00:00, run_after=2026-05-31 07:08:00+00:00
[2026-05-31T07:09:15.693+0000] {processor.py:208} INFO - Processing /opt/airflow/dags/health_check_kafka_server.py took 0.072 seconds
[2026-05-31T07:09:45.813+0000] {processor.py:186} INFO - Started process (PID=8338) to work on /opt/airflow/dags/health_check_kafka_server.py
[2026-05-31T07:09:45.814+0000] {processor.py:914} INFO - Processing file /opt/airflow/dags/health_check_kafka_server.py for tasks to queue
[2026-05-31T07:09:45.817+0000] {logging_mixin.py:190} INFO - [2026-05-31T07:09:45.817+0000] {dagbag.py:588} INFO - Filling up the DagBag from /opt/airflow/dags/health_check_kafka_server.py
[2026-05-31T07:09:45.827+0000] {processor.py:925} INFO - DAG(s) 'health_check_kafka_server' retrieved from /opt/airflow/dags/health_check_kafka_server.py
[2026-05-31T07:09:45.849+0000] {logging_mixin.py:190} INFO - [2026-05-31T07:09:45.849+0000] {dag.py:3239} INFO - Sync 1 DAGs
[2026-05-31T07:09:45.871+0000] {logging_mixin.py:190} INFO - [2026-05-31T07:09:45.871+0000] {dag.py:4180} INFO - Setting next_dagrun for health_check_kafka_server to 2026-05-31 07:06:00+00:00, run_after=2026-05-31 07:08:00+00:00
[2026-05-31T07:09:45.887+0000] {processor.py:208} INFO - Processing /opt/airflow/dags/health_check_kafka_server.py took 0.081 seconds
[2026-05-31T07:10:16.542+0000] {processor.py:186} INFO - Started process (PID=8365) to work on /opt/airflow/dags/health_check_kafka_server.py
[2026-05-31T07:10:16.543+0000] {processor.py:914} INFO - Processing file /opt/airflow/dags/health_check_kafka_server.py for tasks to queue
[2026-05-31T07:10:16.545+0000] {logging_mixin.py:190} INFO - [2026-05-31T07:10:16.545+0000] {dagbag.py:588} INFO - Filling up the DagBag from /opt/airflow/dags/health_check_kafka_server.py
[2026-05-31T07:10:16.554+0000] {processor.py:925} INFO - DAG(s) 'health_check_kafka_server' retrieved from /opt/airflow/dags/health_check_kafka_server.py
[2026-05-31T07:10:16.576+0000] {logging_mixin.py:190} INFO - [2026-05-31T07:10:16.575+0000] {dag.py:3239} INFO - Sync 1 DAGs
[2026-05-31T07:10:16.597+0000] {logging_mixin.py:190} INFO - [2026-05-31T07:10:16.596+0000] {dag.py:4180} INFO - Setting next_dagrun for health_check_kafka_server to 2026-05-31 07:08:00+00:00, run_after=2026-05-31 07:10:00+00:00
[2026-05-31T07:10:16.609+0000] {processor.py:208} INFO - Processing /opt/airflow/dags/health_check_kafka_server.py took 0.072 seconds
[2026-05-31T07:10:47.909+0000] {processor.py:186} INFO - Started process (PID=8387) to work on /opt/airflow/dags/health_check_kafka_server.py
[2026-05-31T07:10:47.910+0000] {processor.py:914} INFO - Processing file /opt/airflow/dags/health_check_kafka_server.py for tasks to queue
[2026-05-31T07:10:47.912+0000] {logging_mixin.py:190} INFO - [2026-05-31T07:10:47.912+0000] {dagbag.py:588} INFO - Filling up the DagBag from /opt/airflow/dags/health_check_kafka_server.py
[2026-05-31T07:10:47.921+0000] {processor.py:925} INFO - DAG(s) 'health_check_kafka_server' retrieved from /opt/airflow/dags/health_check_kafka_server.py
[2026-05-31T07:10:47.952+0000] {logging_mixin.py:190} INFO - [2026-05-31T07:10:47.951+0000] {dag.py:3239} INFO - Sync 1 DAGs
[2026-05-31T07:10:47.976+0000] {logging_mixin.py:190} INFO - [2026-05-31T07:10:47.976+0000] {dag.py:4180} INFO - Setting next_dagrun for health_check_kafka_server to 2026-05-31 07:08:00+00:00, run_after=2026-05-31 07:10:00+00:00
[2026-05-31T07:10:47.990+0000] {processor.py:208} INFO - Processing /opt/airflow/dags/health_check_kafka_server.py took 0.086 seconds
[2026-05-31T07:11:18.321+0000] {processor.py:186} INFO - Started process (PID=8407) to work on /opt/airflow/dags/health_check_kafka_server.py
[2026-05-31T07:11:18.322+0000] {processor.py:914} INFO - Processing file /opt/airflow/dags/health_check_kafka_server.py for tasks to queue
[2026-05-31T07:11:18.329+0000] {logging_mixin.py:190} INFO - [2026-05-31T07:11:18.329+0000] {dagbag.py:588} INFO - Filling up the DagBag from /opt/airflow/dags/health_check_kafka_server.py
[2026-05-31T07:11:18.349+0000] {processor.py:925} INFO - DAG(s) 'health_check_kafka_server' retrieved from /opt/airflow/dags/health_check_kafka_server.py
[2026-05-31T07:11:18.393+0000] {logging_mixin.py:190} INFO - [2026-05-31T07:11:18.393+0000] {dag.py:3239} INFO - Sync 1 DAGs
[2026-05-31T07:11:18.435+0000] {logging_mixin.py:190} INFO - [2026-05-31T07:11:18.434+0000] {dag.py:4180} INFO - Setting next_dagrun for health_check_kafka_server to 2026-05-31 07:08:00+00:00, run_after=2026-05-31 07:10:00+00:00
[2026-05-31T07:11:18.463+0000] {processor.py:208} INFO - Processing /opt/airflow/dags/health_check_kafka_server.py took 0.158 seconds
[2026-05-31T07:11:48.557+0000] {processor.py:186} INFO - Started process (PID=8429) to work on /opt/airflow/dags/health_check_kafka_server.py
[2026-05-31T07:11:48.557+0000] {processor.py:914} INFO - Processing file /opt/airflow/dags/health_check_kafka_server.py for tasks to queue
[2026-05-31T07:11:48.560+0000] {logging_mixin.py:190} INFO - [2026-05-31T07:11:48.559+0000] {dagbag.py:588} INFO - Filling up the DagBag from /opt/airflow/dags/health_check_kafka_server.py
[2026-05-31T07:11:48.570+0000] {processor.py:925} INFO - DAG(s) 'health_check_kafka_server' retrieved from /opt/airflow/dags/health_check_kafka_server.py
[2026-05-31T07:11:48.616+0000] {logging_mixin.py:190} INFO - [2026-05-31T07:11:48.615+0000] {dag.py:3239} INFO - Sync 1 DAGs
[2026-05-31T07:11:48.637+0000] {logging_mixin.py:190} INFO - [2026-05-31T07:11:48.636+0000] {dag.py:4180} INFO - Setting next_dagrun for health_check_kafka_server to 2026-05-31 07:08:00+00:00, run_after=2026-05-31 07:10:00+00:00
[2026-05-31T07:11:48.654+0000] {processor.py:208} INFO - Processing /opt/airflow/dags/health_check_kafka_server.py took 0.102 seconds
[2026-05-31T07:12:18.909+0000] {processor.py:186} INFO - Started process (PID=8453) to work on /opt/airflow/dags/health_check_kafka_server.py
[2026-05-31T07:12:18.911+0000] {processor.py:914} INFO - Processing file /opt/airflow/dags/health_check_kafka_server.py for tasks to queue
[2026-05-31T07:12:18.914+0000] {logging_mixin.py:190} INFO - [2026-05-31T07:12:18.914+0000] {dagbag.py:588} INFO - Filling up the DagBag from /opt/airflow/dags/health_check_kafka_server.py
[2026-05-31T07:12:18.925+0000] {processor.py:925} INFO - DAG(s) 'health_check_kafka_server' retrieved from /opt/airflow/dags/health_check_kafka_server.py
[2026-05-31T07:12:18.957+0000] {logging_mixin.py:190} INFO - [2026-05-31T07:12:18.957+0000] {dag.py:3239} INFO - Sync 1 DAGs
[2026-05-31T07:12:18.983+0000] {logging_mixin.py:190} INFO - [2026-05-31T07:12:18.982+0000] {dag.py:4180} INFO - Setting next_dagrun for health_check_kafka_server to 2026-05-31 07:10:00+00:00, run_after=2026-05-31 07:12:00+00:00
[2026-05-31T07:12:19.008+0000] {processor.py:208} INFO - Processing /opt/airflow/dags/health_check_kafka_server.py took 0.104 seconds
[2026-05-31T07:12:49.115+0000] {processor.py:186} INFO - Started process (PID=8477) to work on /opt/airflow/dags/health_check_kafka_server.py
[2026-05-31T07:12:49.116+0000] {processor.py:914} INFO - Processing file /opt/airflow/dags/health_check_kafka_server.py for tasks to queue
[2026-05-31T07:12:49.118+0000] {logging_mixin.py:190} INFO - [2026-05-31T07:12:49.118+0000] {dagbag.py:588} INFO - Filling up the DagBag from /opt/airflow/dags/health_check_kafka_server.py
[2026-05-31T07:12:49.131+0000] {processor.py:925} INFO - DAG(s) 'health_check_kafka_server' retrieved from /opt/airflow/dags/health_check_kafka_server.py
[2026-05-31T07:12:49.152+0000] {logging_mixin.py:190} INFO - [2026-05-31T07:12:49.152+0000] {dag.py:3239} INFO - Sync 1 DAGs
[2026-05-31T07:12:49.201+0000] {logging_mixin.py:190} INFO - [2026-05-31T07:12:49.201+0000] {dag.py:4180} INFO - Setting next_dagrun for health_check_kafka_server to 2026-05-31 07:10:00+00:00, run_after=2026-05-31 07:12:00+00:00
[2026-05-31T07:12:49.221+0000] {processor.py:208} INFO - Processing /opt/airflow/dags/health_check_kafka_server.py took 0.111 seconds
[2026-05-31T07:13:19.325+0000] {processor.py:186} INFO - Started process (PID=8500) to work on /opt/airflow/dags/health_check_kafka_server.py
[2026-05-31T07:13:19.327+0000] {processor.py:914} INFO - Processing file /opt/airflow/dags/health_check_kafka_server.py for tasks to queue
[2026-05-31T07:13:19.329+0000] {logging_mixin.py:190} INFO - [2026-05-31T07:13:19.329+0000] {dagbag.py:588} INFO - Filling up the DagBag from /opt/airflow/dags/health_check_kafka_server.py
[2026-05-31T07:13:19.338+0000] {processor.py:925} INFO - DAG(s) 'health_check_kafka_server' retrieved from /opt/airflow/dags/health_check_kafka_server.py
[2026-05-31T07:13:19.358+0000] {logging_mixin.py:190} INFO - [2026-05-31T07:13:19.358+0000] {dag.py:3239} INFO - Sync 1 DAGs
[2026-05-31T07:13:19.381+0000] {logging_mixin.py:190} INFO - [2026-05-31T07:13:19.380+0000] {dag.py:4180} INFO - Setting next_dagrun for health_check_kafka_server to 2026-05-31 07:10:00+00:00, run_after=2026-05-31 07:12:00+00:00
[2026-05-31T07:13:19.395+0000] {processor.py:208} INFO - Processing /opt/airflow/dags/health_check_kafka_server.py took 0.079 seconds
[2026-05-31T07:13:49.499+0000] {processor.py:186} INFO - Started process (PID=8524) to work on /opt/airflow/dags/health_check_kafka_server.py
[2026-05-31T07:13:49.500+0000] {processor.py:914} INFO - Processing file /opt/airflow/dags/health_check_kafka_server.py for tasks to queue
[2026-05-31T07:13:49.502+0000] {logging_mixin.py:190} INFO - [2026-05-31T07:13:49.502+0000] {dagbag.py:588} INFO - Filling up the DagBag from /opt/airflow/dags/health_check_kafka_server.py
[2026-05-31T07:13:49.512+0000] {processor.py:925} INFO - DAG(s) 'health_check_kafka_server' retrieved from /opt/airflow/dags/health_check_kafka_server.py
[2026-05-31T07:13:49.532+0000] {logging_mixin.py:190} INFO - [2026-05-31T07:13:49.532+0000] {dag.py:3239} INFO - Sync 1 DAGs
[2026-05-31T07:13:49.555+0000] {logging_mixin.py:190} INFO - [2026-05-31T07:13:49.554+0000] {dag.py:4180} INFO - Setting next_dagrun for health_check_kafka_server to 2026-05-31 07:10:00+00:00, run_after=2026-05-31 07:12:00+00:00
[2026-05-31T07:13:49.569+0000] {processor.py:208} INFO - Processing /opt/airflow/dags/health_check_kafka_server.py took 0.076 seconds
[2026-05-31T07:14:19.701+0000] {processor.py:186} INFO - Started process (PID=8548) to work on /opt/airflow/dags/health_check_kafka_server.py
[2026-05-31T07:14:19.702+0000] {processor.py:914} INFO - Processing file /opt/airflow/dags/health_check_kafka_server.py for tasks to queue
[2026-05-31T07:14:19.704+0000] {logging_mixin.py:190} INFO - [2026-05-31T07:14:19.703+0000] {dagbag.py:588} INFO - Filling up the DagBag from /opt/airflow/dags/health_check_kafka_server.py
[2026-05-31T07:14:19.713+0000] {processor.py:925} INFO - DAG(s) 'health_check_kafka_server' retrieved from /opt/airflow/dags/health_check_kafka_server.py
[2026-05-31T07:14:19.731+0000] {logging_mixin.py:190} INFO - [2026-05-31T07:14:19.731+0000] {dag.py:3239} INFO - Sync 1 DAGs
[2026-05-31T07:14:19.752+0000] {logging_mixin.py:190} INFO - [2026-05-31T07:14:19.752+0000] {dag.py:4180} INFO - Setting next_dagrun for health_check_kafka_server to 2026-05-31 07:12:00+00:00, run_after=2026-05-31 07:14:00+00:00
[2026-05-31T07:14:19.766+0000] {processor.py:208} INFO - Processing /opt/airflow/dags/health_check_kafka_server.py took 0.070 seconds
[2026-05-31T07:14:49.927+0000] {processor.py:186} INFO - Started process (PID=8572) to work on /opt/airflow/dags/health_check_kafka_server.py
[2026-05-31T07:14:49.928+0000] {processor.py:914} INFO - Processing file /opt/airflow/dags/health_check_kafka_server.py for tasks to queue
[2026-05-31T07:14:49.930+0000] {logging_mixin.py:190} INFO - [2026-05-31T07:14:49.930+0000] {dagbag.py:588} INFO - Filling up the DagBag from /opt/airflow/dags/health_check_kafka_server.py
[2026-05-31T07:14:49.941+0000] {processor.py:925} INFO - DAG(s) 'health_check_kafka_server' retrieved from /opt/airflow/dags/health_check_kafka_server.py
[2026-05-31T07:14:49.962+0000] {logging_mixin.py:190} INFO - [2026-05-31T07:14:49.961+0000] {dag.py:3239} INFO - Sync 1 DAGs
[2026-05-31T07:14:49.986+0000] {logging_mixin.py:190} INFO - [2026-05-31T07:14:49.985+0000] {dag.py:4180} INFO - Setting next_dagrun for health_check_kafka_server to 2026-05-31 07:12:00+00:00, run_after=2026-05-31 07:14:00+00:00
[2026-05-31T07:14:50.000+0000] {processor.py:208} INFO - Processing /opt/airflow/dags/health_check_kafka_server.py took 0.079 seconds
[2026-05-31T07:15:20.089+0000] {processor.py:186} INFO - Started process (PID=8597) to work on /opt/airflow/dags/health_check_kafka_server.py
[2026-05-31T07:15:20.090+0000] {processor.py:914} INFO - Processing file /opt/airflow/dags/health_check_kafka_server.py for tasks to queue
[2026-05-31T07:15:20.092+0000] {logging_mixin.py:190} INFO - [2026-05-31T07:15:20.092+0000] {dagbag.py:588} INFO - Filling up the DagBag from /opt/airflow/dags/health_check_kafka_server.py
[2026-05-31T07:15:20.100+0000] {processor.py:925} INFO - DAG(s) 'health_check_kafka_server' retrieved from /opt/airflow/dags/health_check_kafka_server.py
[2026-05-31T07:15:20.118+0000] {logging_mixin.py:190} INFO - [2026-05-31T07:15:20.118+0000] {dag.py:3239} INFO - Sync 1 DAGs
[2026-05-31T07:15:20.138+0000] {logging_mixin.py:190} INFO - [2026-05-31T07:15:20.138+0000] {dag.py:4180} INFO - Setting next_dagrun for health_check_kafka_server to 2026-05-31 07:12:00+00:00, run_after=2026-05-31 07:14:00+00:00
[2026-05-31T07:15:20.153+0000] {processor.py:208} INFO - Processing /opt/airflow/dags/health_check_kafka_server.py took 0.068 seconds
[2026-05-31T07:15:50.367+0000] {processor.py:186} INFO - Started process (PID=8621) to work on /opt/airflow/dags/health_check_kafka_server.py
[2026-05-31T07:15:50.368+0000] {processor.py:914} INFO - Processing file /opt/airflow/dags/health_check_kafka_server.py for tasks to queue
[2026-05-31T07:15:50.372+0000] {logging_mixin.py:190} INFO - [2026-05-31T07:15:50.372+0000] {dagbag.py:588} INFO - Filling up the DagBag from /opt/airflow/dags/health_check_kafka_server.py
[2026-05-31T07:15:50.380+0000] {processor.py:925} INFO - DAG(s) 'health_check_kafka_server' retrieved from /opt/airflow/dags/health_check_kafka_server.py
[2026-05-31T07:15:50.398+0000] {logging_mixin.py:190} INFO - [2026-05-31T07:15:50.398+0000] {dag.py:3239} INFO - Sync 1 DAGs
[2026-05-31T07:15:50.420+0000] {logging_mixin.py:190} INFO - [2026-05-31T07:15:50.419+0000] {dag.py:4180} INFO - Setting next_dagrun for health_check_kafka_server to 2026-05-31 07:12:00+00:00, run_after=2026-05-31 07:14:00+00:00
[2026-05-31T07:15:50.438+0000] {processor.py:208} INFO - Processing /opt/airflow/dags/health_check_kafka_server.py took 0.076 seconds
[2026-05-31T07:16:20.693+0000] {processor.py:186} INFO - Started process (PID=8645) to work on /opt/airflow/dags/health_check_kafka_server.py
[2026-05-31T07:16:20.693+0000] {processor.py:914} INFO - Processing file /opt/airflow/dags/health_check_kafka_server.py for tasks to queue
[2026-05-31T07:16:20.696+0000] {logging_mixin.py:190} INFO - [2026-05-31T07:16:20.696+0000] {dagbag.py:588} INFO - Filling up the DagBag from /opt/airflow/dags/health_check_kafka_server.py
[2026-05-31T07:16:20.711+0000] {processor.py:925} INFO - DAG(s) 'health_check_kafka_server' retrieved from /opt/airflow/dags/health_check_kafka_server.py
[2026-05-31T07:16:20.737+0000] {logging_mixin.py:190} INFO - [2026-05-31T07:16:20.737+0000] {dag.py:3239} INFO - Sync 1 DAGs
[2026-05-31T07:16:20.773+0000] {logging_mixin.py:190} INFO - [2026-05-31T07:16:20.773+0000] {dag.py:4180} INFO - Setting next_dagrun for health_check_kafka_server to 2026-05-31 07:14:00+00:00, run_after=2026-05-31 07:16:00+00:00
[2026-05-31T07:16:20.792+0000] {processor.py:208} INFO - Processing /opt/airflow/dags/health_check_kafka_server.py took 0.107 seconds
[2026-05-31T07:16:51.857+0000] {processor.py:186} INFO - Started process (PID=8666) to work on /opt/airflow/dags/health_check_kafka_server.py
[2026-05-31T07:16:51.860+0000] {processor.py:914} INFO - Processing file /opt/airflow/dags/health_check_kafka_server.py for tasks to queue
[2026-05-31T07:16:51.864+0000] {logging_mixin.py:190} INFO - [2026-05-31T07:16:51.864+0000] {dagbag.py:588} INFO - Filling up the DagBag from /opt/airflow/dags/health_check_kafka_server.py
[2026-05-31T07:16:51.898+0000] {processor.py:925} INFO - DAG(s) 'health_check_kafka_server' retrieved from /opt/airflow/dags/health_check_kafka_server.py
[2026-05-31T07:16:51.976+0000] {logging_mixin.py:190} INFO - [2026-05-31T07:16:51.976+0000] {dag.py:3239} INFO - Sync 1 DAGs
[2026-05-31T07:16:52.120+0000] {logging_mixin.py:190} INFO - [2026-05-31T07:16:52.115+0000] {dag.py:4180} INFO - Setting next_dagrun for health_check_kafka_server to 2026-05-31 07:14:00+00:00, run_after=2026-05-31 07:16:00+00:00
[2026-05-31T07:16:52.179+0000] {processor.py:208} INFO - Processing /opt/airflow/dags/health_check_kafka_server.py took 0.345 seconds
[2026-05-31T07:17:22.953+0000] {processor.py:186} INFO - Started process (PID=8686) to work on /opt/airflow/dags/health_check_kafka_server.py
[2026-05-31T07:17:22.953+0000] {processor.py:914} INFO - Processing file /opt/airflow/dags/health_check_kafka_server.py for tasks to queue
[2026-05-31T07:17:22.955+0000] {logging_mixin.py:190} INFO - [2026-05-31T07:17:22.955+0000] {dagbag.py:588} INFO - Filling up the DagBag from /opt/airflow/dags/health_check_kafka_server.py
[2026-05-31T07:17:22.964+0000] {processor.py:925} INFO - DAG(s) 'health_check_kafka_server' retrieved from /opt/airflow/dags/health_check_kafka_server.py
[2026-05-31T07:17:22.986+0000] {logging_mixin.py:190} INFO - [2026-05-31T07:17:22.986+0000] {dag.py:3239} INFO - Sync 1 DAGs
[2026-05-31T07:17:23.007+0000] {logging_mixin.py:190} INFO - [2026-05-31T07:17:23.007+0000] {dag.py:4180} INFO - Setting next_dagrun for health_check_kafka_server to 2026-05-31 07:14:00+00:00, run_after=2026-05-31 07:16:00+00:00
[2026-05-31T07:17:23.027+0000] {processor.py:208} INFO - Processing /opt/airflow/dags/health_check_kafka_server.py took 0.081 seconds
[2026-05-31T07:17:53.424+0000] {processor.py:186} INFO - Started process (PID=8710) to work on /opt/airflow/dags/health_check_kafka_server.py
[2026-05-31T07:17:53.426+0000] {processor.py:914} INFO - Processing file /opt/airflow/dags/health_check_kafka_server.py for tasks to queue
[2026-05-31T07:17:53.428+0000] {logging_mixin.py:190} INFO - [2026-05-31T07:17:53.428+0000] {dagbag.py:588} INFO - Filling up the DagBag from /opt/airflow/dags/health_check_kafka_server.py
[2026-05-31T07:17:53.439+0000] {processor.py:925} INFO - DAG(s) 'health_check_kafka_server' retrieved from /opt/airflow/dags/health_check_kafka_server.py
[2026-05-31T07:17:53.456+0000] {logging_mixin.py:190} INFO - [2026-05-31T07:17:53.456+0000] {dag.py:3239} INFO - Sync 1 DAGs
[2026-05-31T07:17:53.476+0000] {logging_mixin.py:190} INFO - [2026-05-31T07:17:53.476+0000] {dag.py:4180} INFO - Setting next_dagrun for health_check_kafka_server to 2026-05-31 07:14:00+00:00, run_after=2026-05-31 07:16:00+00:00
[2026-05-31T07:17:53.490+0000] {processor.py:208} INFO - Processing /opt/airflow/dags/health_check_kafka_server.py took 0.072 seconds
[2026-05-31T07:18:23.784+0000] {processor.py:186} INFO - Started process (PID=8734) to work on /opt/airflow/dags/health_check_kafka_server.py
[2026-05-31T07:18:23.784+0000] {processor.py:914} INFO - Processing file /opt/airflow/dags/health_check_kafka_server.py for tasks to queue
[2026-05-31T07:18:23.787+0000] {logging_mixin.py:190} INFO - [2026-05-31T07:18:23.787+0000] {dagbag.py:588} INFO - Filling up the DagBag from /opt/airflow/dags/health_check_kafka_server.py
[2026-05-31T07:18:23.796+0000] {processor.py:925} INFO - DAG(s) 'health_check_kafka_server' retrieved from /opt/airflow/dags/health_check_kafka_server.py
[2026-05-31T07:18:23.815+0000] {logging_mixin.py:190} INFO - [2026-05-31T07:18:23.815+0000] {dag.py:3239} INFO - Sync 1 DAGs
[2026-05-31T07:18:23.835+0000] {logging_mixin.py:190} INFO - [2026-05-31T07:18:23.835+0000] {dag.py:4180} INFO - Setting next_dagrun for health_check_kafka_server to 2026-05-31 07:16:00+00:00, run_after=2026-05-31 07:18:00+00:00
[2026-05-31T07:18:23.849+0000] {processor.py:208} INFO - Processing /opt/airflow/dags/health_check_kafka_server.py took 0.070 seconds
[2026-05-31T07:18:54.262+0000] {processor.py:186} INFO - Started process (PID=8760) to work on /opt/airflow/dags/health_check_kafka_server.py
[2026-05-31T07:18:54.263+0000] {processor.py:914} INFO - Processing file /opt/airflow/dags/health_check_kafka_server.py for tasks to queue
[2026-05-31T07:18:54.265+0000] {logging_mixin.py:190} INFO - [2026-05-31T07:18:54.264+0000] {dagbag.py:588} INFO - Filling up the DagBag from /opt/airflow/dags/health_check_kafka_server.py
[2026-05-31T07:18:54.273+0000] {processor.py:925} INFO - DAG(s) 'health_check_kafka_server' retrieved from /opt/airflow/dags/health_check_kafka_server.py
[2026-05-31T07:18:54.294+0000] {logging_mixin.py:190} INFO - [2026-05-31T07:18:54.293+0000] {dag.py:3239} INFO - Sync 1 DAGs
[2026-05-31T07:18:54.318+0000] {logging_mixin.py:190} INFO - [2026-05-31T07:18:54.318+0000] {dag.py:4180} INFO - Setting next_dagrun for health_check_kafka_server to 2026-05-31 07:16:00+00:00, run_after=2026-05-31 07:18:00+00:00
[2026-05-31T07:18:54.332+0000] {processor.py:208} INFO - Processing /opt/airflow/dags/health_check_kafka_server.py took 0.076 seconds
[2026-05-31T07:19:24.741+0000] {processor.py:186} INFO - Started process (PID=8784) to work on /opt/airflow/dags/health_check_kafka_server.py
[2026-05-31T07:19:24.742+0000] {processor.py:914} INFO - Processing file /opt/airflow/dags/health_check_kafka_server.py for tasks to queue
[2026-05-31T07:19:24.744+0000] {logging_mixin.py:190} INFO - [2026-05-31T07:19:24.744+0000] {dagbag.py:588} INFO - Filling up the DagBag from /opt/airflow/dags/health_check_kafka_server.py
[2026-05-31T07:19:24.753+0000] {processor.py:925} INFO - DAG(s) 'health_check_kafka_server' retrieved from /opt/airflow/dags/health_check_kafka_server.py
[2026-05-31T07:19:24.772+0000] {logging_mixin.py:190} INFO - [2026-05-31T07:19:24.771+0000] {dag.py:3239} INFO - Sync 1 DAGs
[2026-05-31T07:19:24.793+0000] {logging_mixin.py:190} INFO - [2026-05-31T07:19:24.793+0000] {dag.py:4180} INFO - Setting next_dagrun for health_check_kafka_server to 2026-05-31 07:16:00+00:00, run_after=2026-05-31 07:18:00+00:00
[2026-05-31T07:19:24.816+0000] {processor.py:208} INFO - Processing /opt/airflow/dags/health_check_kafka_server.py took 0.082 seconds
[2026-05-31T07:19:55.411+0000] {processor.py:186} INFO - Started process (PID=8808) to work on /opt/airflow/dags/health_check_kafka_server.py
[2026-05-31T07:19:55.412+0000] {processor.py:914} INFO - Processing file /opt/airflow/dags/health_check_kafka_server.py for tasks to queue
[2026-05-31T07:19:55.414+0000] {logging_mixin.py:190} INFO - [2026-05-31T07:19:55.414+0000] {dagbag.py:588} INFO - Filling up the DagBag from /opt/airflow/dags/health_check_kafka_server.py
[2026-05-31T07:19:55.422+0000] {processor.py:925} INFO - DAG(s) 'health_check_kafka_server' retrieved from /opt/airflow/dags/health_check_kafka_server.py
[2026-05-31T07:19:55.443+0000] {logging_mixin.py:190} INFO - [2026-05-31T07:19:55.443+0000] {dag.py:3239} INFO - Sync 1 DAGs
[2026-05-31T07:19:55.466+0000] {logging_mixin.py:190} INFO - [2026-05-31T07:19:55.466+0000] {dag.py:4180} INFO - Setting next_dagrun for health_check_kafka_server to 2026-05-31 07:16:00+00:00, run_after=2026-05-31 07:18:00+00:00
[2026-05-31T07:19:55.481+0000] {processor.py:208} INFO - Processing /opt/airflow/dags/health_check_kafka_server.py took 0.076 seconds
[2026-05-31T07:20:25.703+0000] {processor.py:186} INFO - Started process (PID=8832) to work on /opt/airflow/dags/health_check_kafka_server.py
[2026-05-31T07:20:25.704+0000] {processor.py:914} INFO - Processing file /opt/airflow/dags/health_check_kafka_server.py for tasks to queue
[2026-05-31T07:20:25.706+0000] {logging_mixin.py:190} INFO - [2026-05-31T07:20:25.705+0000] {dagbag.py:588} INFO - Filling up the DagBag from /opt/airflow/dags/health_check_kafka_server.py
[2026-05-31T07:20:25.715+0000] {processor.py:925} INFO - DAG(s) 'health_check_kafka_server' retrieved from /opt/airflow/dags/health_check_kafka_server.py
[2026-05-31T07:20:25.739+0000] {logging_mixin.py:190} INFO - [2026-05-31T07:20:25.739+0000] {dag.py:3239} INFO - Sync 1 DAGs
[2026-05-31T07:20:25.768+0000] {logging_mixin.py:190} INFO - [2026-05-31T07:20:25.768+0000] {dag.py:4180} INFO - Setting next_dagrun for health_check_kafka_server to 2026-05-31 07:18:00+00:00, run_after=2026-05-31 07:20:00+00:00
[2026-05-31T07:20:25.788+0000] {processor.py:208} INFO - Processing /opt/airflow/dags/health_check_kafka_server.py took 0.090 seconds
[2026-05-31T07:20:56.326+0000] {processor.py:186} INFO - Started process (PID=8863) to work on /opt/airflow/dags/health_check_kafka_server.py
[2026-05-31T07:20:56.327+0000] {processor.py:914} INFO - Processing file /opt/airflow/dags/health_check_kafka_server.py for tasks to queue
[2026-05-31T07:20:56.330+0000] {logging_mixin.py:190} INFO - [2026-05-31T07:20:56.329+0000] {dagbag.py:588} INFO - Filling up the DagBag from /opt/airflow/dags/health_check_kafka_server.py
[2026-05-31T07:20:56.337+0000] {processor.py:925} INFO - DAG(s) 'health_check_kafka_server' retrieved from /opt/airflow/dags/health_check_kafka_server.py
[2026-05-31T07:20:56.357+0000] {logging_mixin.py:190} INFO - [2026-05-31T07:20:56.357+0000] {dag.py:3239} INFO - Sync 1 DAGs
[2026-05-31T07:20:56.380+0000] {logging_mixin.py:190} INFO - [2026-05-31T07:20:56.380+0000] {dag.py:4180} INFO - Setting next_dagrun for health_check_kafka_server to 2026-05-31 07:18:00+00:00, run_after=2026-05-31 07:20:00+00:00
[2026-05-31T07:20:56.395+0000] {processor.py:208} INFO - Processing /opt/airflow/dags/health_check_kafka_server.py took 0.075 seconds
[2026-05-31T07:21:27.033+0000] {processor.py:186} INFO - Started process (PID=8886) to work on /opt/airflow/dags/health_check_kafka_server.py
[2026-05-31T07:21:27.033+0000] {processor.py:914} INFO - Processing file /opt/airflow/dags/health_check_kafka_server.py for tasks to queue
[2026-05-31T07:21:27.036+0000] {logging_mixin.py:190} INFO - [2026-05-31T07:21:27.036+0000] {dagbag.py:588} INFO - Filling up the DagBag from /opt/airflow/dags/health_check_kafka_server.py
[2026-05-31T07:21:27.051+0000] {processor.py:925} INFO - DAG(s) 'health_check_kafka_server' retrieved from /opt/airflow/dags/health_check_kafka_server.py
[2026-05-31T07:21:27.069+0000] {logging_mixin.py:190} INFO - [2026-05-31T07:21:27.069+0000] {dag.py:3239} INFO - Sync 1 DAGs
[2026-05-31T07:21:27.089+0000] {logging_mixin.py:190} INFO - [2026-05-31T07:21:27.089+0000] {dag.py:4180} INFO - Setting next_dagrun for health_check_kafka_server to 2026-05-31 07:18:00+00:00, run_after=2026-05-31 07:20:00+00:00
[2026-05-31T07:21:27.102+0000] {processor.py:208} INFO - Processing /opt/airflow/dags/health_check_kafka_server.py took 0.079 seconds
[2026-05-31T07:21:57.154+0000] {processor.py:186} INFO - Started process (PID=8909) to work on /opt/airflow/dags/health_check_kafka_server.py
[2026-05-31T07:21:57.155+0000] {processor.py:914} INFO - Processing file /opt/airflow/dags/health_check_kafka_server.py for tasks to queue
[2026-05-31T07:21:57.158+0000] {logging_mixin.py:190} INFO - [2026-05-31T07:21:57.158+0000] {dagbag.py:588} INFO - Filling up the DagBag from /opt/airflow/dags/health_check_kafka_server.py
[2026-05-31T07:21:57.167+0000] {processor.py:925} INFO - DAG(s) 'health_check_kafka_server' retrieved from /opt/airflow/dags/health_check_kafka_server.py
[2026-05-31T07:21:57.187+0000] {logging_mixin.py:190} INFO - [2026-05-31T07:21:57.187+0000] {dag.py:3239} INFO - Sync 1 DAGs
[2026-05-31T07:21:57.208+0000] {logging_mixin.py:190} INFO - [2026-05-31T07:21:57.208+0000] {dag.py:4180} INFO - Setting next_dagrun for health_check_kafka_server to 2026-05-31 07:18:00+00:00, run_after=2026-05-31 07:20:00+00:00
[2026-05-31T07:21:57.223+0000] {processor.py:208} INFO - Processing /opt/airflow/dags/health_check_kafka_server.py took 0.073 seconds
[2026-05-31T07:22:27.593+0000] {processor.py:186} INFO - Started process (PID=8933) to work on /opt/airflow/dags/health_check_kafka_server.py
[2026-05-31T07:22:27.593+0000] {processor.py:914} INFO - Processing file /opt/airflow/dags/health_check_kafka_server.py for tasks to queue
[2026-05-31T07:22:27.595+0000] {logging_mixin.py:190} INFO - [2026-05-31T07:22:27.595+0000] {dagbag.py:588} INFO - Filling up the DagBag from /opt/airflow/dags/health_check_kafka_server.py
[2026-05-31T07:22:27.604+0000] {processor.py:925} INFO - DAG(s) 'health_check_kafka_server' retrieved from /opt/airflow/dags/health_check_kafka_server.py
[2026-05-31T07:22:27.625+0000] {logging_mixin.py:190} INFO - [2026-05-31T07:22:27.625+0000] {dag.py:3239} INFO - Sync 1 DAGs
[2026-05-31T07:22:27.648+0000] {logging_mixin.py:190} INFO - [2026-05-31T07:22:27.648+0000] {dag.py:4180} INFO - Setting next_dagrun for health_check_kafka_server to 2026-05-31 07:20:00+00:00, run_after=2026-05-31 07:22:00+00:00
[2026-05-31T07:22:27.665+0000] {processor.py:208} INFO - Processing /opt/airflow/dags/health_check_kafka_server.py took 0.077 seconds
[2026-05-31T07:22:57.726+0000] {processor.py:186} INFO - Started process (PID=8957) to work on /opt/airflow/dags/health_check_kafka_server.py
[2026-05-31T07:22:57.727+0000] {processor.py:914} INFO - Processing file /opt/airflow/dags/health_check_kafka_server.py for tasks to queue
[2026-05-31T07:22:57.730+0000] {logging_mixin.py:190} INFO - [2026-05-31T07:22:57.730+0000] {dagbag.py:588} INFO - Filling up the DagBag from /opt/airflow/dags/health_check_kafka_server.py
[2026-05-31T07:22:57.742+0000] {processor.py:925} INFO - DAG(s) 'health_check_kafka_server' retrieved from /opt/airflow/dags/health_check_kafka_server.py
[2026-05-31T07:22:57.767+0000] {logging_mixin.py:190} INFO - [2026-05-31T07:22:57.766+0000] {dag.py:3239} INFO - Sync 1 DAGs
[2026-05-31T07:22:57.788+0000] {logging_mixin.py:190} INFO - [2026-05-31T07:22:57.787+0000] {dag.py:4180} INFO - Setting next_dagrun for health_check_kafka_server to 2026-05-31 07:20:00+00:00, run_after=2026-05-31 07:22:00+00:00
[2026-05-31T07:22:57.804+0000] {processor.py:208} INFO - Processing /opt/airflow/dags/health_check_kafka_server.py took 0.085 seconds
[2026-05-31T07:23:27.867+0000] {processor.py:186} INFO - Started process (PID=8981) to work on /opt/airflow/dags/health_check_kafka_server.py
[2026-05-31T07:23:27.867+0000] {processor.py:914} INFO - Processing file /opt/airflow/dags/health_check_kafka_server.py for tasks to queue
[2026-05-31T07:23:27.869+0000] {logging_mixin.py:190} INFO - [2026-05-31T07:23:27.869+0000] {dagbag.py:588} INFO - Filling up the DagBag from /opt/airflow/dags/health_check_kafka_server.py
[2026-05-31T07:23:27.890+0000] {processor.py:925} INFO - DAG(s) 'health_check_kafka_server' retrieved from /opt/airflow/dags/health_check_kafka_server.py
[2026-05-31T07:23:27.923+0000] {logging_mixin.py:190} INFO - [2026-05-31T07:23:27.923+0000] {dag.py:3239} INFO - Sync 1 DAGs
[2026-05-31T07:23:27.956+0000] {logging_mixin.py:190} INFO - [2026-05-31T07:23:27.955+0000] {dag.py:4180} INFO - Setting next_dagrun for health_check_kafka_server to 2026-05-31 07:20:00+00:00, run_after=2026-05-31 07:22:00+00:00
[2026-05-31T07:23:27.978+0000] {processor.py:208} INFO - Processing /opt/airflow/dags/health_check_kafka_server.py took 0.118 seconds
[2026-05-31T07:23:58.394+0000] {processor.py:186} INFO - Started process (PID=9005) to work on /opt/airflow/dags/health_check_kafka_server.py
[2026-05-31T07:23:58.395+0000] {processor.py:914} INFO - Processing file /opt/airflow/dags/health_check_kafka_server.py for tasks to queue
[2026-05-31T07:23:58.397+0000] {logging_mixin.py:190} INFO - [2026-05-31T07:23:58.397+0000] {dagbag.py:588} INFO - Filling up the DagBag from /opt/airflow/dags/health_check_kafka_server.py
[2026-05-31T07:23:58.406+0000] {processor.py:925} INFO - DAG(s) 'health_check_kafka_server' retrieved from /opt/airflow/dags/health_check_kafka_server.py
[2026-05-31T07:23:58.426+0000] {logging_mixin.py:190} INFO - [2026-05-31T07:23:58.426+0000] {dag.py:3239} INFO - Sync 1 DAGs
[2026-05-31T07:23:58.447+0000] {logging_mixin.py:190} INFO - [2026-05-31T07:23:58.447+0000] {dag.py:4180} INFO - Setting next_dagrun for health_check_kafka_server to 2026-05-31 07:20:00+00:00, run_after=2026-05-31 07:22:00+00:00
[2026-05-31T07:23:58.461+0000] {processor.py:208} INFO - Processing /opt/airflow/dags/health_check_kafka_server.py took 0.072 seconds
[2026-05-31T07:24:28.967+0000] {processor.py:186} INFO - Started process (PID=9029) to work on /opt/airflow/dags/health_check_kafka_server.py
[2026-05-31T07:24:28.967+0000] {processor.py:914} INFO - Processing file /opt/airflow/dags/health_check_kafka_server.py for tasks to queue
[2026-05-31T07:24:28.969+0000] {logging_mixin.py:190} INFO - [2026-05-31T07:24:28.969+0000] {dagbag.py:588} INFO - Filling up the DagBag from /opt/airflow/dags/health_check_kafka_server.py
[2026-05-31T07:24:28.978+0000] {processor.py:925} INFO - DAG(s) 'health_check_kafka_server' retrieved from /opt/airflow/dags/health_check_kafka_server.py
[2026-05-31T07:24:28.998+0000] {logging_mixin.py:190} INFO - [2026-05-31T07:24:28.998+0000] {dag.py:3239} INFO - Sync 1 DAGs
[2026-05-31T07:24:29.018+0000] {logging_mixin.py:190} INFO - [2026-05-31T07:24:29.018+0000] {dag.py:4180} INFO - Setting next_dagrun for health_check_kafka_server to 2026-05-31 07:22:00+00:00, run_after=2026-05-31 07:24:00+00:00
[2026-05-31T07:24:29.033+0000] {processor.py:208} INFO - Processing /opt/airflow/dags/health_check_kafka_server.py took 0.070 seconds
[2026-05-31T07:24:59.445+0000] {processor.py:186} INFO - Started process (PID=9053) to work on /opt/airflow/dags/health_check_kafka_server.py
[2026-05-31T07:24:59.446+0000] {processor.py:914} INFO - Processing file /opt/airflow/dags/health_check_kafka_server.py for tasks to queue
[2026-05-31T07:24:59.448+0000] {logging_mixin.py:190} INFO - [2026-05-31T07:24:59.448+0000] {dagbag.py:588} INFO - Filling up the DagBag from /opt/airflow/dags/health_check_kafka_server.py
[2026-05-31T07:24:59.456+0000] {processor.py:925} INFO - DAG(s) 'health_check_kafka_server' retrieved from /opt/airflow/dags/health_check_kafka_server.py
[2026-05-31T07:24:59.477+0000] {logging_mixin.py:190} INFO - [2026-05-31T07:24:59.477+0000] {dag.py:3239} INFO - Sync 1 DAGs
[2026-05-31T07:24:59.499+0000] {logging_mixin.py:190} INFO - [2026-05-31T07:24:59.499+0000] {dag.py:4180} INFO - Setting next_dagrun for health_check_kafka_server to 2026-05-31 07:22:00+00:00, run_after=2026-05-31 07:24:00+00:00
[2026-05-31T07:24:59.516+0000] {processor.py:208} INFO - Processing /opt/airflow/dags/health_check_kafka_server.py took 0.078 seconds
[2026-05-31T07:25:29.879+0000] {processor.py:186} INFO - Started process (PID=9077) to work on /opt/airflow/dags/health_check_kafka_server.py
[2026-05-31T07:25:29.880+0000] {processor.py:914} INFO - Processing file /opt/airflow/dags/health_check_kafka_server.py for tasks to queue
[2026-05-31T07:25:29.882+0000] {logging_mixin.py:190} INFO - [2026-05-31T07:25:29.882+0000] {dagbag.py:588} INFO - Filling up the DagBag from /opt/airflow/dags/health_check_kafka_server.py
[2026-05-31T07:25:29.891+0000] {processor.py:925} INFO - DAG(s) 'health_check_kafka_server' retrieved from /opt/airflow/dags/health_check_kafka_server.py
[2026-05-31T07:25:29.910+0000] {logging_mixin.py:190} INFO - [2026-05-31T07:25:29.910+0000] {dag.py:3239} INFO - Sync 1 DAGs
[2026-05-31T07:25:29.931+0000] {logging_mixin.py:190} INFO - [2026-05-31T07:25:29.931+0000] {dag.py:4180} INFO - Setting next_dagrun for health_check_kafka_server to 2026-05-31 07:22:00+00:00, run_after=2026-05-31 07:24:00+00:00
[2026-05-31T07:25:29.948+0000] {processor.py:208} INFO - Processing /opt/airflow/dags/health_check_kafka_server.py took 0.074 seconds
[2026-05-31T07:26:00.348+0000] {processor.py:186} INFO - Started process (PID=9101) to work on /opt/airflow/dags/health_check_kafka_server.py
[2026-05-31T07:26:00.348+0000] {processor.py:914} INFO - Processing file /opt/airflow/dags/health_check_kafka_server.py for tasks to queue
[2026-05-31T07:26:00.350+0000] {logging_mixin.py:190} INFO - [2026-05-31T07:26:00.350+0000] {dagbag.py:588} INFO - Filling up the DagBag from /opt/airflow/dags/health_check_kafka_server.py
[2026-05-31T07:26:00.359+0000] {processor.py:925} INFO - DAG(s) 'health_check_kafka_server' retrieved from /opt/airflow/dags/health_check_kafka_server.py
[2026-05-31T07:26:00.385+0000] {logging_mixin.py:190} INFO - [2026-05-31T07:26:00.385+0000] {dag.py:3239} INFO - Sync 1 DAGs
[2026-05-31T07:26:00.405+0000] {logging_mixin.py:190} INFO - [2026-05-31T07:26:00.405+0000] {dag.py:4180} INFO - Setting next_dagrun for health_check_kafka_server to 2026-05-31 07:24:00+00:00, run_after=2026-05-31 07:26:00+00:00
[2026-05-31T07:26:00.419+0000] {processor.py:208} INFO - Processing /opt/airflow/dags/health_check_kafka_server.py took 0.076 seconds
[2026-05-31T07:26:31.373+0000] {processor.py:186} INFO - Started process (PID=9119) to work on /opt/airflow/dags/health_check_kafka_server.py
[2026-05-31T07:26:31.373+0000] {processor.py:914} INFO - Processing file /opt/airflow/dags/health_check_kafka_server.py for tasks to queue
[2026-05-31T07:26:31.375+0000] {logging_mixin.py:190} INFO - [2026-05-31T07:26:31.375+0000] {dagbag.py:588} INFO - Filling up the DagBag from /opt/airflow/dags/health_check_kafka_server.py
[2026-05-31T07:26:31.385+0000] {processor.py:925} INFO - DAG(s) 'health_check_kafka_server' retrieved from /opt/airflow/dags/health_check_kafka_server.py
[2026-05-31T07:26:31.409+0000] {logging_mixin.py:190} INFO - [2026-05-31T07:26:31.409+0000] {dag.py:3239} INFO - Sync 1 DAGs
[2026-05-31T07:26:31.435+0000] {logging_mixin.py:190} INFO - [2026-05-31T07:26:31.435+0000] {dag.py:4180} INFO - Setting next_dagrun for health_check_kafka_server to 2026-05-31 07:24:00+00:00, run_after=2026-05-31 07:26:00+00:00
[2026-05-31T07:26:31.453+0000] {processor.py:208} INFO - Processing /opt/airflow/dags/health_check_kafka_server.py took 0.085 seconds
[2026-05-31T07:27:01.592+0000] {processor.py:186} INFO - Started process (PID=9142) to work on /opt/airflow/dags/health_check_kafka_server.py
[2026-05-31T07:27:01.593+0000] {processor.py:914} INFO - Processing file /opt/airflow/dags/health_check_kafka_server.py for tasks to queue
[2026-05-31T07:27:01.595+0000] {logging_mixin.py:190} INFO - [2026-05-31T07:27:01.595+0000] {dagbag.py:588} INFO - Filling up the DagBag from /opt/airflow/dags/health_check_kafka_server.py
[2026-05-31T07:27:01.603+0000] {processor.py:925} INFO - DAG(s) 'health_check_kafka_server' retrieved from /opt/airflow/dags/health_check_kafka_server.py
[2026-05-31T07:27:01.624+0000] {logging_mixin.py:190} INFO - [2026-05-31T07:27:01.624+0000] {dag.py:3239} INFO - Sync 1 DAGs
[2026-05-31T07:27:01.646+0000] {logging_mixin.py:190} INFO - [2026-05-31T07:27:01.646+0000] {dag.py:4180} INFO - Setting next_dagrun for health_check_kafka_server to 2026-05-31 07:24:00+00:00, run_after=2026-05-31 07:26:00+00:00
[2026-05-31T07:27:01.661+0000] {processor.py:208} INFO - Processing /opt/airflow/dags/health_check_kafka_server.py took 0.074 seconds
[2026-05-31T07:27:31.843+0000] {processor.py:186} INFO - Started process (PID=9167) to work on /opt/airflow/dags/health_check_kafka_server.py
[2026-05-31T07:27:31.844+0000] {processor.py:914} INFO - Processing file /opt/airflow/dags/health_check_kafka_server.py for tasks to queue
[2026-05-31T07:27:31.846+0000] {logging_mixin.py:190} INFO - [2026-05-31T07:27:31.846+0000] {dagbag.py:588} INFO - Filling up the DagBag from /opt/airflow/dags/health_check_kafka_server.py
[2026-05-31T07:27:31.854+0000] {processor.py:925} INFO - DAG(s) 'health_check_kafka_server' retrieved from /opt/airflow/dags/health_check_kafka_server.py
[2026-05-31T07:27:31.877+0000] {logging_mixin.py:190} INFO - [2026-05-31T07:27:31.877+0000] {dag.py:3239} INFO - Sync 1 DAGs
[2026-05-31T07:27:31.898+0000] {logging_mixin.py:190} INFO - [2026-05-31T07:27:31.898+0000] {dag.py:4180} INFO - Setting next_dagrun for health_check_kafka_server to 2026-05-31 07:24:00+00:00, run_after=2026-05-31 07:26:00+00:00
[2026-05-31T07:27:31.913+0000] {processor.py:208} INFO - Processing /opt/airflow/dags/health_check_kafka_server.py took 0.075 seconds
[2026-05-31T07:28:02.255+0000] {processor.py:186} INFO - Started process (PID=9191) to work on /opt/airflow/dags/health_check_kafka_server.py
[2026-05-31T07:28:02.255+0000] {processor.py:914} INFO - Processing file /opt/airflow/dags/health_check_kafka_server.py for tasks to queue
[2026-05-31T07:28:02.257+0000] {logging_mixin.py:190} INFO - [2026-05-31T07:28:02.257+0000] {dagbag.py:588} INFO - Filling up the DagBag from /opt/airflow/dags/health_check_kafka_server.py
[2026-05-31T07:28:02.266+0000] {processor.py:925} INFO - DAG(s) 'health_check_kafka_server' retrieved from /opt/airflow/dags/health_check_kafka_server.py
[2026-05-31T07:28:02.287+0000] {logging_mixin.py:190} INFO - [2026-05-31T07:28:02.286+0000] {dag.py:3239} INFO - Sync 1 DAGs
[2026-05-31T07:28:02.310+0000] {logging_mixin.py:190} INFO - [2026-05-31T07:28:02.310+0000] {dag.py:4180} INFO - Setting next_dagrun for health_check_kafka_server to 2026-05-31 07:26:00+00:00, run_after=2026-05-31 07:28:00+00:00
[2026-05-31T07:28:02.323+0000] {processor.py:208} INFO - Processing /opt/airflow/dags/health_check_kafka_server.py took 0.073 seconds
[2026-05-31T07:28:32.642+0000] {processor.py:186} INFO - Started process (PID=9215) to work on /opt/airflow/dags/health_check_kafka_server.py
[2026-05-31T07:28:32.643+0000] {processor.py:914} INFO - Processing file /opt/airflow/dags/health_check_kafka_server.py for tasks to queue
[2026-05-31T07:28:32.645+0000] {logging_mixin.py:190} INFO - [2026-05-31T07:28:32.645+0000] {dagbag.py:588} INFO - Filling up the DagBag from /opt/airflow/dags/health_check_kafka_server.py
[2026-05-31T07:28:32.653+0000] {processor.py:925} INFO - DAG(s) 'health_check_kafka_server' retrieved from /opt/airflow/dags/health_check_kafka_server.py
[2026-05-31T07:28:32.673+0000] {logging_mixin.py:190} INFO - [2026-05-31T07:28:32.673+0000] {dag.py:3239} INFO - Sync 1 DAGs
[2026-05-31T07:28:32.695+0000] {logging_mixin.py:190} INFO - [2026-05-31T07:28:32.695+0000] {dag.py:4180} INFO - Setting next_dagrun for health_check_kafka_server to 2026-05-31 07:26:00+00:00, run_after=2026-05-31 07:28:00+00:00
[2026-05-31T07:28:32.711+0000] {processor.py:208} INFO - Processing /opt/airflow/dags/health_check_kafka_server.py took 0.074 seconds
[2026-05-31T07:29:02.901+0000] {processor.py:186} INFO - Started process (PID=9239) to work on /opt/airflow/dags/health_check_kafka_server.py
[2026-05-31T07:29:02.901+0000] {processor.py:914} INFO - Processing file /opt/airflow/dags/health_check_kafka_server.py for tasks to queue
[2026-05-31T07:29:02.903+0000] {logging_mixin.py:190} INFO - [2026-05-31T07:29:02.903+0000] {dagbag.py:588} INFO - Filling up the DagBag from /opt/airflow/dags/health_check_kafka_server.py
[2026-05-31T07:29:02.911+0000] {processor.py:925} INFO - DAG(s) 'health_check_kafka_server' retrieved from /opt/airflow/dags/health_check_kafka_server.py
[2026-05-31T07:29:02.930+0000] {logging_mixin.py:190} INFO - [2026-05-31T07:29:02.930+0000] {dag.py:3239} INFO - Sync 1 DAGs
[2026-05-31T07:29:02.952+0000] {logging_mixin.py:190} INFO - [2026-05-31T07:29:02.951+0000] {dag.py:4180} INFO - Setting next_dagrun for health_check_kafka_server to 2026-05-31 07:26:00+00:00, run_after=2026-05-31 07:28:00+00:00
[2026-05-31T07:29:02.965+0000] {processor.py:208} INFO - Processing /opt/airflow/dags/health_check_kafka_server.py took 0.069 seconds
[2026-05-31T07:29:33.418+0000] {processor.py:186} INFO - Started process (PID=9263) to work on /opt/airflow/dags/health_check_kafka_server.py
[2026-05-31T07:29:33.419+0000] {processor.py:914} INFO - Processing file /opt/airflow/dags/health_check_kafka_server.py for tasks to queue
[2026-05-31T07:29:33.421+0000] {logging_mixin.py:190} INFO - [2026-05-31T07:29:33.421+0000] {dagbag.py:588} INFO - Filling up the DagBag from /opt/airflow/dags/health_check_kafka_server.py
[2026-05-31T07:29:33.431+0000] {processor.py:925} INFO - DAG(s) 'health_check_kafka_server' retrieved from /opt/airflow/dags/health_check_kafka_server.py
[2026-05-31T07:29:33.453+0000] {logging_mixin.py:190} INFO - [2026-05-31T07:29:33.452+0000] {dag.py:3239} INFO - Sync 1 DAGs
[2026-05-31T07:29:33.473+0000] {logging_mixin.py:190} INFO - [2026-05-31T07:29:33.473+0000] {dag.py:4180} INFO - Setting next_dagrun for health_check_kafka_server to 2026-05-31 07:26:00+00:00, run_after=2026-05-31 07:28:00+00:00
[2026-05-31T07:29:33.488+0000] {processor.py:208} INFO - Processing /opt/airflow/dags/health_check_kafka_server.py took 0.075 seconds
[2026-05-31T07:30:03.857+0000] {processor.py:186} INFO - Started process (PID=9286) to work on /opt/airflow/dags/health_check_kafka_server.py
[2026-05-31T07:30:03.858+0000] {processor.py:914} INFO - Processing file /opt/airflow/dags/health_check_kafka_server.py for tasks to queue
[2026-05-31T07:30:03.860+0000] {logging_mixin.py:190} INFO - [2026-05-31T07:30:03.859+0000] {dagbag.py:588} INFO - Filling up the DagBag from /opt/airflow/dags/health_check_kafka_server.py
[2026-05-31T07:30:03.867+0000] {processor.py:925} INFO - DAG(s) 'health_check_kafka_server' retrieved from /opt/airflow/dags/health_check_kafka_server.py
[2026-05-31T07:30:03.889+0000] {logging_mixin.py:190} INFO - [2026-05-31T07:30:03.889+0000] {dag.py:3239} INFO - Sync 1 DAGs
[2026-05-31T07:30:03.911+0000] {logging_mixin.py:190} INFO - [2026-05-31T07:30:03.911+0000] {dag.py:4180} INFO - Setting next_dagrun for health_check_kafka_server to 2026-05-31 07:28:00+00:00, run_after=2026-05-31 07:30:00+00:00
[2026-05-31T07:30:03.926+0000] {processor.py:208} INFO - Processing /opt/airflow/dags/health_check_kafka_server.py took 0.074 seconds
[2026-05-31T07:30:34.328+0000] {processor.py:186} INFO - Started process (PID=9310) to work on /opt/airflow/dags/health_check_kafka_server.py
[2026-05-31T07:30:34.329+0000] {processor.py:914} INFO - Processing file /opt/airflow/dags/health_check_kafka_server.py for tasks to queue
[2026-05-31T07:30:34.331+0000] {logging_mixin.py:190} INFO - [2026-05-31T07:30:34.331+0000] {dagbag.py:588} INFO - Filling up the DagBag from /opt/airflow/dags/health_check_kafka_server.py
[2026-05-31T07:30:34.340+0000] {processor.py:925} INFO - DAG(s) 'health_check_kafka_server' retrieved from /opt/airflow/dags/health_check_kafka_server.py
[2026-05-31T07:30:34.359+0000] {logging_mixin.py:190} INFO - [2026-05-31T07:30:34.359+0000] {dag.py:3239} INFO - Sync 1 DAGs
[2026-05-31T07:30:34.382+0000] {logging_mixin.py:190} INFO - [2026-05-31T07:30:34.382+0000] {dag.py:4180} INFO - Setting next_dagrun for health_check_kafka_server to 2026-05-31 07:28:00+00:00, run_after=2026-05-31 07:30:00+00:00
[2026-05-31T07:30:34.395+0000] {processor.py:208} INFO - Processing /opt/airflow/dags/health_check_kafka_server.py took 0.074 seconds
[2026-05-31T07:31:04.602+0000] {processor.py:186} INFO - Started process (PID=9335) to work on /opt/airflow/dags/health_check_kafka_server.py
[2026-05-31T07:31:04.603+0000] {processor.py:914} INFO - Processing file /opt/airflow/dags/health_check_kafka_server.py for tasks to queue
[2026-05-31T07:31:04.605+0000] {logging_mixin.py:190} INFO - [2026-05-31T07:31:04.605+0000] {dagbag.py:588} INFO - Filling up the DagBag from /opt/airflow/dags/health_check_kafka_server.py
[2026-05-31T07:31:04.613+0000] {processor.py:925} INFO - DAG(s) 'health_check_kafka_server' retrieved from /opt/airflow/dags/health_check_kafka_server.py
[2026-05-31T07:31:04.632+0000] {logging_mixin.py:190} INFO - [2026-05-31T07:31:04.631+0000] {dag.py:3239} INFO - Sync 1 DAGs
[2026-05-31T07:31:04.652+0000] {logging_mixin.py:190} INFO - [2026-05-31T07:31:04.652+0000] {dag.py:4180} INFO - Setting next_dagrun for health_check_kafka_server to 2026-05-31 07:28:00+00:00, run_after=2026-05-31 07:30:00+00:00
[2026-05-31T07:31:04.667+0000] {processor.py:208} INFO - Processing /opt/airflow/dags/health_check_kafka_server.py took 0.070 seconds
[2026-05-31T07:31:34.860+0000] {processor.py:186} INFO - Started process (PID=9359) to work on /opt/airflow/dags/health_check_kafka_server.py
[2026-05-31T07:31:34.861+0000] {processor.py:914} INFO - Processing file /opt/airflow/dags/health_check_kafka_server.py for tasks to queue
[2026-05-31T07:31:34.864+0000] {logging_mixin.py:190} INFO - [2026-05-31T07:31:34.863+0000] {dagbag.py:588} INFO - Filling up the DagBag from /opt/airflow/dags/health_check_kafka_server.py
[2026-05-31T07:31:34.872+0000] {processor.py:925} INFO - DAG(s) 'health_check_kafka_server' retrieved from /opt/airflow/dags/health_check_kafka_server.py
[2026-05-31T07:31:34.892+0000] {logging_mixin.py:190} INFO - [2026-05-31T07:31:34.892+0000] {dag.py:3239} INFO - Sync 1 DAGs
[2026-05-31T07:31:34.914+0000] {logging_mixin.py:190} INFO - [2026-05-31T07:31:34.914+0000] {dag.py:4180} INFO - Setting next_dagrun for health_check_kafka_server to 2026-05-31 07:28:00+00:00, run_after=2026-05-31 07:30:00+00:00
[2026-05-31T07:31:34.932+0000] {processor.py:208} INFO - Processing /opt/airflow/dags/health_check_kafka_server.py took 0.078 seconds
[2026-05-31T07:32:05.175+0000] {processor.py:186} INFO - Started process (PID=9383) to work on /opt/airflow/dags/health_check_kafka_server.py
[2026-05-31T07:32:05.176+0000] {processor.py:914} INFO - Processing file /opt/airflow/dags/health_check_kafka_server.py for tasks to queue
[2026-05-31T07:32:05.178+0000] {logging_mixin.py:190} INFO - [2026-05-31T07:32:05.178+0000] {dagbag.py:588} INFO - Filling up the DagBag from /opt/airflow/dags/health_check_kafka_server.py
[2026-05-31T07:32:05.187+0000] {processor.py:925} INFO - DAG(s) 'health_check_kafka_server' retrieved from /opt/airflow/dags/health_check_kafka_server.py
[2026-05-31T07:32:05.205+0000] {logging_mixin.py:190} INFO - [2026-05-31T07:32:05.204+0000] {dag.py:3239} INFO - Sync 1 DAGs
[2026-05-31T07:32:05.225+0000] {logging_mixin.py:190} INFO - [2026-05-31T07:32:05.224+0000] {dag.py:4180} INFO - Setting next_dagrun for health_check_kafka_server to 2026-05-31 07:30:00+00:00, run_after=2026-05-31 07:32:00+00:00
[2026-05-31T07:32:05.238+0000] {processor.py:208} INFO - Processing /opt/airflow/dags/health_check_kafka_server.py took 0.068 seconds
[2026-05-31T07:32:36.104+0000] {processor.py:186} INFO - Started process (PID=9407) to work on /opt/airflow/dags/health_check_kafka_server.py
[2026-05-31T07:32:36.105+0000] {processor.py:914} INFO - Processing file /opt/airflow/dags/health_check_kafka_server.py for tasks to queue
[2026-05-31T07:32:36.107+0000] {logging_mixin.py:190} INFO - [2026-05-31T07:32:36.107+0000] {dagbag.py:588} INFO - Filling up the DagBag from /opt/airflow/dags/health_check_kafka_server.py
[2026-05-31T07:32:36.116+0000] {processor.py:925} INFO - DAG(s) 'health_check_kafka_server' retrieved from /opt/airflow/dags/health_check_kafka_server.py
[2026-05-31T07:32:36.135+0000] {logging_mixin.py:190} INFO - [2026-05-31T07:32:36.135+0000] {dag.py:3239} INFO - Sync 1 DAGs
[2026-05-31T07:32:36.158+0000] {logging_mixin.py:190} INFO - [2026-05-31T07:32:36.158+0000] {dag.py:4180} INFO - Setting next_dagrun for health_check_kafka_server to 2026-05-31 07:30:00+00:00, run_after=2026-05-31 07:32:00+00:00
[2026-05-31T07:32:36.173+0000] {processor.py:208} INFO - Processing /opt/airflow/dags/health_check_kafka_server.py took 0.073 seconds
[2026-05-31T07:33:06.344+0000] {processor.py:186} INFO - Started process (PID=9425) to work on /opt/airflow/dags/health_check_kafka_server.py
[2026-05-31T07:33:06.345+0000] {processor.py:914} INFO - Processing file /opt/airflow/dags/health_check_kafka_server.py for tasks to queue
[2026-05-31T07:33:06.346+0000] {logging_mixin.py:190} INFO - [2026-05-31T07:33:06.346+0000] {dagbag.py:588} INFO - Filling up the DagBag from /opt/airflow/dags/health_check_kafka_server.py
[2026-05-31T07:33:06.355+0000] {processor.py:925} INFO - DAG(s) 'health_check_kafka_server' retrieved from /opt/airflow/dags/health_check_kafka_server.py
[2026-05-31T07:33:06.376+0000] {logging_mixin.py:190} INFO - [2026-05-31T07:33:06.376+0000] {dag.py:3239} INFO - Sync 1 DAGs
[2026-05-31T07:33:06.398+0000] {logging_mixin.py:190} INFO - [2026-05-31T07:33:06.398+0000] {dag.py:4180} INFO - Setting next_dagrun for health_check_kafka_server to 2026-05-31 07:30:00+00:00, run_after=2026-05-31 07:32:00+00:00
[2026-05-31T07:33:06.414+0000] {processor.py:208} INFO - Processing /opt/airflow/dags/health_check_kafka_server.py took 0.075 seconds
[2026-05-31T07:33:36.772+0000] {processor.py:186} INFO - Started process (PID=9448) to work on /opt/airflow/dags/health_check_kafka_server.py
[2026-05-31T07:33:36.773+0000] {processor.py:914} INFO - Processing file /opt/airflow/dags/health_check_kafka_server.py for tasks to queue
[2026-05-31T07:33:36.775+0000] {logging_mixin.py:190} INFO - [2026-05-31T07:33:36.775+0000] {dagbag.py:588} INFO - Filling up the DagBag from /opt/airflow/dags/health_check_kafka_server.py
[2026-05-31T07:33:36.784+0000] {processor.py:925} INFO - DAG(s) 'health_check_kafka_server' retrieved from /opt/airflow/dags/health_check_kafka_server.py
[2026-05-31T07:33:36.804+0000] {logging_mixin.py:190} INFO - [2026-05-31T07:33:36.804+0000] {dag.py:3239} INFO - Sync 1 DAGs
[2026-05-31T07:33:36.824+0000] {logging_mixin.py:190} INFO - [2026-05-31T07:33:36.824+0000] {dag.py:4180} INFO - Setting next_dagrun for health_check_kafka_server to 2026-05-31 07:30:00+00:00, run_after=2026-05-31 07:32:00+00:00
[2026-05-31T07:33:36.839+0000] {processor.py:208} INFO - Processing /opt/airflow/dags/health_check_kafka_server.py took 0.071 seconds
[2026-05-31T07:34:07.055+0000] {processor.py:186} INFO - Started process (PID=9472) to work on /opt/airflow/dags/health_check_kafka_server.py
[2026-05-31T07:34:07.056+0000] {processor.py:914} INFO - Processing file /opt/airflow/dags/health_check_kafka_server.py for tasks to queue
[2026-05-31T07:34:07.058+0000] {logging_mixin.py:190} INFO - [2026-05-31T07:34:07.057+0000] {dagbag.py:588} INFO - Filling up the DagBag from /opt/airflow/dags/health_check_kafka_server.py
[2026-05-31T07:34:07.066+0000] {processor.py:925} INFO - DAG(s) 'health_check_kafka_server' retrieved from /opt/airflow/dags/health_check_kafka_server.py
[2026-05-31T07:34:07.085+0000] {logging_mixin.py:190} INFO - [2026-05-31T07:34:07.085+0000] {dag.py:3239} INFO - Sync 1 DAGs
[2026-05-31T07:34:07.107+0000] {logging_mixin.py:190} INFO - [2026-05-31T07:34:07.107+0000] {dag.py:4180} INFO - Setting next_dagrun for health_check_kafka_server to 2026-05-31 07:32:00+00:00, run_after=2026-05-31 07:34:00+00:00
[2026-05-31T07:34:07.124+0000] {processor.py:208} INFO - Processing /opt/airflow/dags/health_check_kafka_server.py took 0.076 seconds
[2026-05-31T07:34:37.743+0000] {processor.py:186} INFO - Started process (PID=9496) to work on /opt/airflow/dags/health_check_kafka_server.py
[2026-05-31T07:34:37.745+0000] {processor.py:914} INFO - Processing file /opt/airflow/dags/health_check_kafka_server.py for tasks to queue
[2026-05-31T07:34:37.747+0000] {logging_mixin.py:190} INFO - [2026-05-31T07:34:37.747+0000] {dagbag.py:588} INFO - Filling up the DagBag from /opt/airflow/dags/health_check_kafka_server.py
[2026-05-31T07:34:37.756+0000] {processor.py:925} INFO - DAG(s) 'health_check_kafka_server' retrieved from /opt/airflow/dags/health_check_kafka_server.py
[2026-05-31T07:34:37.775+0000] {logging_mixin.py:190} INFO - [2026-05-31T07:34:37.774+0000] {dag.py:3239} INFO - Sync 1 DAGs
[2026-05-31T07:34:37.796+0000] {logging_mixin.py:190} INFO - [2026-05-31T07:34:37.796+0000] {dag.py:4180} INFO - Setting next_dagrun for health_check_kafka_server to 2026-05-31 07:32:00+00:00, run_after=2026-05-31 07:34:00+00:00
[2026-05-31T07:34:37.810+0000] {processor.py:208} INFO - Processing /opt/airflow/dags/health_check_kafka_server.py took 0.077 seconds
[2026-05-31T07:35:07.932+0000] {processor.py:186} INFO - Started process (PID=9521) to work on /opt/airflow/dags/health_check_kafka_server.py
[2026-05-31T07:35:07.932+0000] {processor.py:914} INFO - Processing file /opt/airflow/dags/health_check_kafka_server.py for tasks to queue
[2026-05-31T07:35:07.934+0000] {logging_mixin.py:190} INFO - [2026-05-31T07:35:07.934+0000] {dagbag.py:588} INFO - Filling up the DagBag from /opt/airflow/dags/health_check_kafka_server.py
[2026-05-31T07:35:07.942+0000] {processor.py:925} INFO - DAG(s) 'health_check_kafka_server' retrieved from /opt/airflow/dags/health_check_kafka_server.py
[2026-05-31T07:35:07.964+0000] {logging_mixin.py:190} INFO - [2026-05-31T07:35:07.964+0000] {dag.py:3239} INFO - Sync 1 DAGs
[2026-05-31T07:35:07.987+0000] {logging_mixin.py:190} INFO - [2026-05-31T07:35:07.987+0000] {dag.py:4180} INFO - Setting next_dagrun for health_check_kafka_server to 2026-05-31 07:32:00+00:00, run_after=2026-05-31 07:34:00+00:00
[2026-05-31T07:35:08.001+0000] {processor.py:208} INFO - Processing /opt/airflow/dags/health_check_kafka_server.py took 0.074 seconds
[2026-05-31T07:35:38.029+0000] {processor.py:186} INFO - Started process (PID=9545) to work on /opt/airflow/dags/health_check_kafka_server.py
[2026-05-31T07:35:38.030+0000] {processor.py:914} INFO - Processing file /opt/airflow/dags/health_check_kafka_server.py for tasks to queue
[2026-05-31T07:35:38.031+0000] {logging_mixin.py:190} INFO - [2026-05-31T07:35:38.031+0000] {dagbag.py:588} INFO - Filling up the DagBag from /opt/airflow/dags/health_check_kafka_server.py
[2026-05-31T07:35:38.039+0000] {processor.py:925} INFO - DAG(s) 'health_check_kafka_server' retrieved from /opt/airflow/dags/health_check_kafka_server.py
[2026-05-31T07:35:38.060+0000] {logging_mixin.py:190} INFO - [2026-05-31T07:35:38.060+0000] {dag.py:3239} INFO - Sync 1 DAGs
[2026-05-31T07:35:38.081+0000] {logging_mixin.py:190} INFO - [2026-05-31T07:35:38.081+0000] {dag.py:4180} INFO - Setting next_dagrun for health_check_kafka_server to 2026-05-31 07:32:00+00:00, run_after=2026-05-31 07:34:00+00:00
[2026-05-31T07:35:38.097+0000] {processor.py:208} INFO - Processing /opt/airflow/dags/health_check_kafka_server.py took 0.073 seconds
[2026-05-31T07:36:08.192+0000] {processor.py:186} INFO - Started process (PID=9569) to work on /opt/airflow/dags/health_check_kafka_server.py
[2026-05-31T07:36:08.192+0000] {processor.py:914} INFO - Processing file /opt/airflow/dags/health_check_kafka_server.py for tasks to queue
[2026-05-31T07:36:08.194+0000] {logging_mixin.py:190} INFO - [2026-05-31T07:36:08.194+0000] {dagbag.py:588} INFO - Filling up the DagBag from /opt/airflow/dags/health_check_kafka_server.py
[2026-05-31T07:36:08.202+0000] {processor.py:925} INFO - DAG(s) 'health_check_kafka_server' retrieved from /opt/airflow/dags/health_check_kafka_server.py
[2026-05-31T07:36:08.223+0000] {logging_mixin.py:190} INFO - [2026-05-31T07:36:08.223+0000] {dag.py:3239} INFO - Sync 1 DAGs
[2026-05-31T07:36:08.245+0000] {logging_mixin.py:190} INFO - [2026-05-31T07:36:08.245+0000] {dag.py:4180} INFO - Setting next_dagrun for health_check_kafka_server to 2026-05-31 07:34:00+00:00, run_after=2026-05-31 07:36:00+00:00
[2026-05-31T07:36:08.261+0000] {processor.py:208} INFO - Processing /opt/airflow/dags/health_check_kafka_server.py took 0.074 seconds
[2026-05-31T07:36:39.114+0000] {processor.py:186} INFO - Started process (PID=9593) to work on /opt/airflow/dags/health_check_kafka_server.py
[2026-05-31T07:36:39.115+0000] {processor.py:914} INFO - Processing file /opt/airflow/dags/health_check_kafka_server.py for tasks to queue
[2026-05-31T07:36:39.117+0000] {logging_mixin.py:190} INFO - [2026-05-31T07:36:39.116+0000] {dagbag.py:588} INFO - Filling up the DagBag from /opt/airflow/dags/health_check_kafka_server.py
[2026-05-31T07:36:39.125+0000] {processor.py:925} INFO - DAG(s) 'health_check_kafka_server' retrieved from /opt/airflow/dags/health_check_kafka_server.py
[2026-05-31T07:36:39.144+0000] {logging_mixin.py:190} INFO - [2026-05-31T07:36:39.144+0000] {dag.py:3239} INFO - Sync 1 DAGs
[2026-05-31T07:36:39.165+0000] {logging_mixin.py:190} INFO - [2026-05-31T07:36:39.164+0000] {dag.py:4180} INFO - Setting next_dagrun for health_check_kafka_server to 2026-05-31 07:34:00+00:00, run_after=2026-05-31 07:36:00+00:00
[2026-05-31T07:36:39.179+0000] {processor.py:208} INFO - Processing /opt/airflow/dags/health_check_kafka_server.py took 0.070 seconds
[2026-05-31T07:37:09.351+0000] {processor.py:186} INFO - Started process (PID=9618) to work on /opt/airflow/dags/health_check_kafka_server.py
[2026-05-31T07:37:09.351+0000] {processor.py:914} INFO - Processing file /opt/airflow/dags/health_check_kafka_server.py for tasks to queue
[2026-05-31T07:37:09.354+0000] {logging_mixin.py:190} INFO - [2026-05-31T07:37:09.353+0000] {dagbag.py:588} INFO - Filling up the DagBag from /opt/airflow/dags/health_check_kafka_server.py
[2026-05-31T07:37:09.362+0000] {processor.py:925} INFO - DAG(s) 'health_check_kafka_server' retrieved from /opt/airflow/dags/health_check_kafka_server.py
[2026-05-31T07:37:09.381+0000] {logging_mixin.py:190} INFO - [2026-05-31T07:37:09.381+0000] {dag.py:3239} INFO - Sync 1 DAGs
[2026-05-31T07:37:09.400+0000] {logging_mixin.py:190} INFO - [2026-05-31T07:37:09.400+0000] {dag.py:4180} INFO - Setting next_dagrun for health_check_kafka_server to 2026-05-31 07:34:00+00:00, run_after=2026-05-31 07:36:00+00:00
[2026-05-31T07:37:09.414+0000] {processor.py:208} INFO - Processing /opt/airflow/dags/health_check_kafka_server.py took 0.068 seconds
[2026-05-31T07:37:39.545+0000] {processor.py:186} INFO - Started process (PID=9643) to work on /opt/airflow/dags/health_check_kafka_server.py
[2026-05-31T07:37:39.546+0000] {processor.py:914} INFO - Processing file /opt/airflow/dags/health_check_kafka_server.py for tasks to queue
[2026-05-31T07:37:39.549+0000] {logging_mixin.py:190} INFO - [2026-05-31T07:37:39.549+0000] {dagbag.py:588} INFO - Filling up the DagBag from /opt/airflow/dags/health_check_kafka_server.py
[2026-05-31T07:37:39.556+0000] {processor.py:925} INFO - DAG(s) 'health_check_kafka_server' retrieved from /opt/airflow/dags/health_check_kafka_server.py
[2026-05-31T07:37:39.577+0000] {logging_mixin.py:190} INFO - [2026-05-31T07:37:39.577+0000] {dag.py:3239} INFO - Sync 1 DAGs
[2026-05-31T07:37:39.598+0000] {logging_mixin.py:190} INFO - [2026-05-31T07:37:39.598+0000] {dag.py:4180} INFO - Setting next_dagrun for health_check_kafka_server to 2026-05-31 07:34:00+00:00, run_after=2026-05-31 07:36:00+00:00
[2026-05-31T07:37:39.614+0000] {processor.py:208} INFO - Processing /opt/airflow/dags/health_check_kafka_server.py took 0.073 seconds
[2026-05-31T07:38:10.431+0000] {processor.py:186} INFO - Started process (PID=9667) to work on /opt/airflow/dags/health_check_kafka_server.py
[2026-05-31T07:38:10.432+0000] {processor.py:914} INFO - Processing file /opt/airflow/dags/health_check_kafka_server.py for tasks to queue
[2026-05-31T07:38:10.435+0000] {logging_mixin.py:190} INFO - [2026-05-31T07:38:10.434+0000] {dagbag.py:588} INFO - Filling up the DagBag from /opt/airflow/dags/health_check_kafka_server.py
[2026-05-31T07:38:10.443+0000] {processor.py:925} INFO - DAG(s) 'health_check_kafka_server' retrieved from /opt/airflow/dags/health_check_kafka_server.py
[2026-05-31T07:38:10.462+0000] {logging_mixin.py:190} INFO - [2026-05-31T07:38:10.462+0000] {dag.py:3239} INFO - Sync 1 DAGs
[2026-05-31T07:38:10.481+0000] {logging_mixin.py:190} INFO - [2026-05-31T07:38:10.481+0000] {dag.py:4180} INFO - Setting next_dagrun for health_check_kafka_server to 2026-05-31 07:36:00+00:00, run_after=2026-05-31 07:38:00+00:00
[2026-05-31T07:38:10.495+0000] {processor.py:208} INFO - Processing /opt/airflow/dags/health_check_kafka_server.py took 0.069 seconds
[2026-05-31T07:38:40.577+0000] {processor.py:186} INFO - Started process (PID=9691) to work on /opt/airflow/dags/health_check_kafka_server.py
[2026-05-31T07:38:40.578+0000] {processor.py:914} INFO - Processing file /opt/airflow/dags/health_check_kafka_server.py for tasks to queue
[2026-05-31T07:38:40.580+0000] {logging_mixin.py:190} INFO - [2026-05-31T07:38:40.580+0000] {dagbag.py:588} INFO - Filling up the DagBag from /opt/airflow/dags/health_check_kafka_server.py
[2026-05-31T07:38:40.589+0000] {processor.py:925} INFO - DAG(s) 'health_check_kafka_server' retrieved from /opt/airflow/dags/health_check_kafka_server.py
[2026-05-31T07:38:40.608+0000] {logging_mixin.py:190} INFO - [2026-05-31T07:38:40.608+0000] {dag.py:3239} INFO - Sync 1 DAGs
[2026-05-31T07:38:40.629+0000] {logging_mixin.py:190} INFO - [2026-05-31T07:38:40.628+0000] {dag.py:4180} INFO - Setting next_dagrun for health_check_kafka_server to 2026-05-31 07:36:00+00:00, run_after=2026-05-31 07:38:00+00:00
[2026-05-31T07:38:40.647+0000] {processor.py:208} INFO - Processing /opt/airflow/dags/health_check_kafka_server.py took 0.079 seconds
[2026-05-31T07:39:11.016+0000] {processor.py:186} INFO - Started process (PID=9717) to work on /opt/airflow/dags/health_check_kafka_server.py
[2026-05-31T07:39:11.017+0000] {processor.py:914} INFO - Processing file /opt/airflow/dags/health_check_kafka_server.py for tasks to queue
[2026-05-31T07:39:11.019+0000] {logging_mixin.py:190} INFO - [2026-05-31T07:39:11.019+0000] {dagbag.py:588} INFO - Filling up the DagBag from /opt/airflow/dags/health_check_kafka_server.py
[2026-05-31T07:39:11.029+0000] {processor.py:925} INFO - DAG(s) 'health_check_kafka_server' retrieved from /opt/airflow/dags/health_check_kafka_server.py
[2026-05-31T07:39:11.048+0000] {logging_mixin.py:190} INFO - [2026-05-31T07:39:11.047+0000] {dag.py:3239} INFO - Sync 1 DAGs
[2026-05-31T07:39:11.069+0000] {logging_mixin.py:190} INFO - [2026-05-31T07:39:11.069+0000] {dag.py:4180} INFO - Setting next_dagrun for health_check_kafka_server to 2026-05-31 07:36:00+00:00, run_after=2026-05-31 07:38:00+00:00
[2026-05-31T07:39:11.084+0000] {processor.py:208} INFO - Processing /opt/airflow/dags/health_check_kafka_server.py took 0.072 seconds
[2026-05-31T07:39:41.340+0000] {processor.py:186} INFO - Started process (PID=9741) to work on /opt/airflow/dags/health_check_kafka_server.py
[2026-05-31T07:39:41.341+0000] {processor.py:914} INFO - Processing file /opt/airflow/dags/health_check_kafka_server.py for tasks to queue
[2026-05-31T07:39:41.343+0000] {logging_mixin.py:190} INFO - [2026-05-31T07:39:41.343+0000] {dagbag.py:588} INFO - Filling up the DagBag from /opt/airflow/dags/health_check_kafka_server.py
[2026-05-31T07:39:41.351+0000] {processor.py:925} INFO - DAG(s) 'health_check_kafka_server' retrieved from /opt/airflow/dags/health_check_kafka_server.py
[2026-05-31T07:39:41.376+0000] {logging_mixin.py:190} INFO - [2026-05-31T07:39:41.375+0000] {dag.py:3239} INFO - Sync 1 DAGs
[2026-05-31T07:39:41.395+0000] {logging_mixin.py:190} INFO - [2026-05-31T07:39:41.395+0000] {dag.py:4180} INFO - Setting next_dagrun for health_check_kafka_server to 2026-05-31 07:36:00+00:00, run_after=2026-05-31 07:38:00+00:00
[2026-05-31T07:39:41.409+0000] {processor.py:208} INFO - Processing /opt/airflow/dags/health_check_kafka_server.py took 0.075 seconds
[2026-05-31T07:40:12.256+0000] {processor.py:186} INFO - Started process (PID=9765) to work on /opt/airflow/dags/health_check_kafka_server.py
[2026-05-31T07:40:12.257+0000] {processor.py:914} INFO - Processing file /opt/airflow/dags/health_check_kafka_server.py for tasks to queue
[2026-05-31T07:40:12.260+0000] {logging_mixin.py:190} INFO - [2026-05-31T07:40:12.259+0000] {dagbag.py:588} INFO - Filling up the DagBag from /opt/airflow/dags/health_check_kafka_server.py
[2026-05-31T07:40:12.268+0000] {processor.py:925} INFO - DAG(s) 'health_check_kafka_server' retrieved from /opt/airflow/dags/health_check_kafka_server.py
[2026-05-31T07:40:12.290+0000] {logging_mixin.py:190} INFO - [2026-05-31T07:40:12.290+0000] {dag.py:3239} INFO - Sync 1 DAGs
[2026-05-31T07:40:12.315+0000] {logging_mixin.py:190} INFO - [2026-05-31T07:40:12.314+0000] {dag.py:4180} INFO - Setting next_dagrun for health_check_kafka_server to 2026-05-31 07:38:00+00:00, run_after=2026-05-31 07:40:00+00:00
[2026-05-31T07:40:12.331+0000] {processor.py:208} INFO - Processing /opt/airflow/dags/health_check_kafka_server.py took 0.081 seconds
[2026-05-31T07:40:42.726+0000] {processor.py:186} INFO - Started process (PID=9789) to work on /opt/airflow/dags/health_check_kafka_server.py
[2026-05-31T07:40:42.727+0000] {processor.py:914} INFO - Processing file /opt/airflow/dags/health_check_kafka_server.py for tasks to queue
[2026-05-31T07:40:42.729+0000] {logging_mixin.py:190} INFO - [2026-05-31T07:40:42.729+0000] {dagbag.py:588} INFO - Filling up the DagBag from /opt/airflow/dags/health_check_kafka_server.py
[2026-05-31T07:40:42.737+0000] {processor.py:925} INFO - DAG(s) 'health_check_kafka_server' retrieved from /opt/airflow/dags/health_check_kafka_server.py
[2026-05-31T07:40:42.756+0000] {logging_mixin.py:190} INFO - [2026-05-31T07:40:42.756+0000] {dag.py:3239} INFO - Sync 1 DAGs
[2026-05-31T07:40:42.777+0000] {logging_mixin.py:190} INFO - [2026-05-31T07:40:42.777+0000] {dag.py:4180} INFO - Setting next_dagrun for health_check_kafka_server to 2026-05-31 07:38:00+00:00, run_after=2026-05-31 07:40:00+00:00
[2026-05-31T07:40:42.792+0000] {processor.py:208} INFO - Processing /opt/airflow/dags/health_check_kafka_server.py took 0.071 seconds
[2026-05-31T07:41:12.979+0000] {processor.py:186} INFO - Started process (PID=9812) to work on /opt/airflow/dags/health_check_kafka_server.py
[2026-05-31T07:41:12.980+0000] {processor.py:914} INFO - Processing file /opt/airflow/dags/health_check_kafka_server.py for tasks to queue
[2026-05-31T07:41:12.982+0000] {logging_mixin.py:190} INFO - [2026-05-31T07:41:12.982+0000] {dagbag.py:588} INFO - Filling up the DagBag from /opt/airflow/dags/health_check_kafka_server.py
[2026-05-31T07:41:12.991+0000] {processor.py:925} INFO - DAG(s) 'health_check_kafka_server' retrieved from /opt/airflow/dags/health_check_kafka_server.py
[2026-05-31T07:41:13.011+0000] {logging_mixin.py:190} INFO - [2026-05-31T07:41:13.011+0000] {dag.py:3239} INFO - Sync 1 DAGs
[2026-05-31T07:41:13.033+0000] {logging_mixin.py:190} INFO - [2026-05-31T07:41:13.033+0000] {dag.py:4180} INFO - Setting next_dagrun for health_check_kafka_server to 2026-05-31 07:38:00+00:00, run_after=2026-05-31 07:40:00+00:00
[2026-05-31T07:41:13.047+0000] {processor.py:208} INFO - Processing /opt/airflow/dags/health_check_kafka_server.py took 0.074 seconds
[2026-05-31T07:41:43.120+0000] {processor.py:186} INFO - Started process (PID=9836) to work on /opt/airflow/dags/health_check_kafka_server.py
[2026-05-31T07:41:43.121+0000] {processor.py:914} INFO - Processing file /opt/airflow/dags/health_check_kafka_server.py for tasks to queue
[2026-05-31T07:41:43.123+0000] {logging_mixin.py:190} INFO - [2026-05-31T07:41:43.123+0000] {dagbag.py:588} INFO - Filling up the DagBag from /opt/airflow/dags/health_check_kafka_server.py
[2026-05-31T07:41:43.132+0000] {processor.py:925} INFO - DAG(s) 'health_check_kafka_server' retrieved from /opt/airflow/dags/health_check_kafka_server.py
[2026-05-31T07:41:43.155+0000] {logging_mixin.py:190} INFO - [2026-05-31T07:41:43.155+0000] {dag.py:3239} INFO - Sync 1 DAGs
[2026-05-31T07:41:43.176+0000] {logging_mixin.py:190} INFO - [2026-05-31T07:41:43.176+0000] {dag.py:4180} INFO - Setting next_dagrun for health_check_kafka_server to 2026-05-31 07:38:00+00:00, run_after=2026-05-31 07:40:00+00:00
[2026-05-31T07:41:43.194+0000] {processor.py:208} INFO - Processing /opt/airflow/dags/health_check_kafka_server.py took 0.079 seconds
[2026-05-31T07:42:13.650+0000] {processor.py:186} INFO - Started process (PID=9860) to work on /opt/airflow/dags/health_check_kafka_server.py
[2026-05-31T07:42:13.651+0000] {processor.py:914} INFO - Processing file /opt/airflow/dags/health_check_kafka_server.py for tasks to queue
[2026-05-31T07:42:13.654+0000] {logging_mixin.py:190} INFO - [2026-05-31T07:42:13.653+0000] {dagbag.py:588} INFO - Filling up the DagBag from /opt/airflow/dags/health_check_kafka_server.py
[2026-05-31T07:42:13.662+0000] {processor.py:925} INFO - DAG(s) 'health_check_kafka_server' retrieved from /opt/airflow/dags/health_check_kafka_server.py
[2026-05-31T07:42:13.680+0000] {logging_mixin.py:190} INFO - [2026-05-31T07:42:13.680+0000] {dag.py:3239} INFO - Sync 1 DAGs
[2026-05-31T07:42:13.704+0000] {logging_mixin.py:190} INFO - [2026-05-31T07:42:13.704+0000] {dag.py:4180} INFO - Setting next_dagrun for health_check_kafka_server to 2026-05-31 07:40:00+00:00, run_after=2026-05-31 07:42:00+00:00
[2026-05-31T07:42:13.717+0000] {processor.py:208} INFO - Processing /opt/airflow/dags/health_check_kafka_server.py took 0.072 seconds
[2026-05-31T07:42:44.233+0000] {processor.py:186} INFO - Started process (PID=9884) to work on /opt/airflow/dags/health_check_kafka_server.py
[2026-05-31T07:42:44.235+0000] {processor.py:914} INFO - Processing file /opt/airflow/dags/health_check_kafka_server.py for tasks to queue
[2026-05-31T07:42:44.239+0000] {logging_mixin.py:190} INFO - [2026-05-31T07:42:44.239+0000] {dagbag.py:588} INFO - Filling up the DagBag from /opt/airflow/dags/health_check_kafka_server.py
[2026-05-31T07:42:44.250+0000] {processor.py:925} INFO - DAG(s) 'health_check_kafka_server' retrieved from /opt/airflow/dags/health_check_kafka_server.py
[2026-05-31T07:42:44.271+0000] {logging_mixin.py:190} INFO - [2026-05-31T07:42:44.271+0000] {dag.py:3239} INFO - Sync 1 DAGs
[2026-05-31T07:42:44.292+0000] {logging_mixin.py:190} INFO - [2026-05-31T07:42:44.292+0000] {dag.py:4180} INFO - Setting next_dagrun for health_check_kafka_server to 2026-05-31 07:40:00+00:00, run_after=2026-05-31 07:42:00+00:00
[2026-05-31T07:42:44.306+0000] {processor.py:208} INFO - Processing /opt/airflow/dags/health_check_kafka_server.py took 0.078 seconds
[2026-05-31T07:43:14.621+0000] {processor.py:186} INFO - Started process (PID=9908) to work on /opt/airflow/dags/health_check_kafka_server.py
[2026-05-31T07:43:14.621+0000] {processor.py:914} INFO - Processing file /opt/airflow/dags/health_check_kafka_server.py for tasks to queue
[2026-05-31T07:43:14.623+0000] {logging_mixin.py:190} INFO - [2026-05-31T07:43:14.623+0000] {dagbag.py:588} INFO - Filling up the DagBag from /opt/airflow/dags/health_check_kafka_server.py
[2026-05-31T07:43:14.633+0000] {processor.py:925} INFO - DAG(s) 'health_check_kafka_server' retrieved from /opt/airflow/dags/health_check_kafka_server.py
[2026-05-31T07:43:14.654+0000] {logging_mixin.py:190} INFO - [2026-05-31T07:43:14.654+0000] {dag.py:3239} INFO - Sync 1 DAGs
[2026-05-31T07:43:14.675+0000] {logging_mixin.py:190} INFO - [2026-05-31T07:43:14.675+0000] {dag.py:4180} INFO - Setting next_dagrun for health_check_kafka_server to 2026-05-31 07:40:00+00:00, run_after=2026-05-31 07:42:00+00:00
[2026-05-31T07:43:14.691+0000] {processor.py:208} INFO - Processing /opt/airflow/dags/health_check_kafka_server.py took 0.076 seconds
[2026-05-31T07:43:45.291+0000] {processor.py:186} INFO - Started process (PID=9932) to work on /opt/airflow/dags/health_check_kafka_server.py
[2026-05-31T07:43:45.292+0000] {processor.py:914} INFO - Processing file /opt/airflow/dags/health_check_kafka_server.py for tasks to queue
[2026-05-31T07:43:45.294+0000] {logging_mixin.py:190} INFO - [2026-05-31T07:43:45.294+0000] {dagbag.py:588} INFO - Filling up the DagBag from /opt/airflow/dags/health_check_kafka_server.py
[2026-05-31T07:43:45.304+0000] {processor.py:925} INFO - DAG(s) 'health_check_kafka_server' retrieved from /opt/airflow/dags/health_check_kafka_server.py
[2026-05-31T07:43:45.334+0000] {logging_mixin.py:190} INFO - [2026-05-31T07:43:45.334+0000] {dag.py:3239} INFO - Sync 1 DAGs
[2026-05-31T07:43:45.355+0000] {logging_mixin.py:190} INFO - [2026-05-31T07:43:45.355+0000] {dag.py:4180} INFO - Setting next_dagrun for health_check_kafka_server to 2026-05-31 07:40:00+00:00, run_after=2026-05-31 07:42:00+00:00
[2026-05-31T07:43:45.370+0000] {processor.py:208} INFO - Processing /opt/airflow/dags/health_check_kafka_server.py took 0.084 seconds
[2026-05-31T07:44:15.905+0000] {processor.py:186} INFO - Started process (PID=9956) to work on /opt/airflow/dags/health_check_kafka_server.py
[2026-05-31T07:44:15.906+0000] {processor.py:914} INFO - Processing file /opt/airflow/dags/health_check_kafka_server.py for tasks to queue
[2026-05-31T07:44:15.908+0000] {logging_mixin.py:190} INFO - [2026-05-31T07:44:15.908+0000] {dagbag.py:588} INFO - Filling up the DagBag from /opt/airflow/dags/health_check_kafka_server.py
[2026-05-31T07:44:15.917+0000] {processor.py:925} INFO - DAG(s) 'health_check_kafka_server' retrieved from /opt/airflow/dags/health_check_kafka_server.py
[2026-05-31T07:44:15.939+0000] {logging_mixin.py:190} INFO - [2026-05-31T07:44:15.939+0000] {dag.py:3239} INFO - Sync 1 DAGs
[2026-05-31T07:44:15.960+0000] {logging_mixin.py:190} INFO - [2026-05-31T07:44:15.960+0000] {dag.py:4180} INFO - Setting next_dagrun for health_check_kafka_server to 2026-05-31 07:42:00+00:00, run_after=2026-05-31 07:44:00+00:00
[2026-05-31T07:44:15.974+0000] {processor.py:208} INFO - Processing /opt/airflow/dags/health_check_kafka_server.py took 0.075 seconds
[2026-05-31T07:44:46.423+0000] {processor.py:186} INFO - Started process (PID=9982) to work on /opt/airflow/dags/health_check_kafka_server.py
[2026-05-31T07:44:46.424+0000] {processor.py:914} INFO - Processing file /opt/airflow/dags/health_check_kafka_server.py for tasks to queue
[2026-05-31T07:44:46.426+0000] {logging_mixin.py:190} INFO - [2026-05-31T07:44:46.426+0000] {dagbag.py:588} INFO - Filling up the DagBag from /opt/airflow/dags/health_check_kafka_server.py
[2026-05-31T07:44:46.435+0000] {processor.py:925} INFO - DAG(s) 'health_check_kafka_server' retrieved from /opt/airflow/dags/health_check_kafka_server.py
[2026-05-31T07:44:46.453+0000] {logging_mixin.py:190} INFO - [2026-05-31T07:44:46.453+0000] {dag.py:3239} INFO - Sync 1 DAGs
[2026-05-31T07:44:46.472+0000] {logging_mixin.py:190} INFO - [2026-05-31T07:44:46.471+0000] {dag.py:4180} INFO - Setting next_dagrun for health_check_kafka_server to 2026-05-31 07:42:00+00:00, run_after=2026-05-31 07:44:00+00:00
[2026-05-31T07:44:46.485+0000] {processor.py:208} INFO - Processing /opt/airflow/dags/health_check_kafka_server.py took 0.066 seconds
[2026-05-31T07:45:16.828+0000] {processor.py:186} INFO - Started process (PID=10006) to work on /opt/airflow/dags/health_check_kafka_server.py
[2026-05-31T07:45:16.829+0000] {processor.py:914} INFO - Processing file /opt/airflow/dags/health_check_kafka_server.py for tasks to queue
[2026-05-31T07:45:16.831+0000] {logging_mixin.py:190} INFO - [2026-05-31T07:45:16.831+0000] {dagbag.py:588} INFO - Filling up the DagBag from /opt/airflow/dags/health_check_kafka_server.py
[2026-05-31T07:45:16.840+0000] {processor.py:925} INFO - DAG(s) 'health_check_kafka_server' retrieved from /opt/airflow/dags/health_check_kafka_server.py
[2026-05-31T07:45:16.860+0000] {logging_mixin.py:190} INFO - [2026-05-31T07:45:16.860+0000] {dag.py:3239} INFO - Sync 1 DAGs
[2026-05-31T07:45:16.881+0000] {logging_mixin.py:190} INFO - [2026-05-31T07:45:16.881+0000] {dag.py:4180} INFO - Setting next_dagrun for health_check_kafka_server to 2026-05-31 07:42:00+00:00, run_after=2026-05-31 07:44:00+00:00
[2026-05-31T07:45:17.018+0000] {processor.py:208} INFO - Processing /opt/airflow/dags/health_check_kafka_server.py took 0.196 seconds
[2026-05-31T07:45:47.229+0000] {processor.py:186} INFO - Started process (PID=10030) to work on /opt/airflow/dags/health_check_kafka_server.py
[2026-05-31T07:45:47.230+0000] {processor.py:914} INFO - Processing file /opt/airflow/dags/health_check_kafka_server.py for tasks to queue
[2026-05-31T07:45:47.232+0000] {logging_mixin.py:190} INFO - [2026-05-31T07:45:47.231+0000] {dagbag.py:588} INFO - Filling up the DagBag from /opt/airflow/dags/health_check_kafka_server.py
[2026-05-31T07:45:47.240+0000] {processor.py:925} INFO - DAG(s) 'health_check_kafka_server' retrieved from /opt/airflow/dags/health_check_kafka_server.py
[2026-05-31T07:45:47.258+0000] {logging_mixin.py:190} INFO - [2026-05-31T07:45:47.257+0000] {dag.py:3239} INFO - Sync 1 DAGs
[2026-05-31T07:45:47.277+0000] {logging_mixin.py:190} INFO - [2026-05-31T07:45:47.276+0000] {dag.py:4180} INFO - Setting next_dagrun for health_check_kafka_server to 2026-05-31 07:42:00+00:00, run_after=2026-05-31 07:44:00+00:00
[2026-05-31T07:45:47.290+0000] {processor.py:208} INFO - Processing /opt/airflow/dags/health_check_kafka_server.py took 0.066 seconds
[2026-05-31T07:46:18.087+0000] {processor.py:186} INFO - Started process (PID=10049) to work on /opt/airflow/dags/health_check_kafka_server.py
[2026-05-31T07:46:18.087+0000] {processor.py:914} INFO - Processing file /opt/airflow/dags/health_check_kafka_server.py for tasks to queue
[2026-05-31T07:46:18.089+0000] {logging_mixin.py:190} INFO - [2026-05-31T07:46:18.089+0000] {dagbag.py:588} INFO - Filling up the DagBag from /opt/airflow/dags/health_check_kafka_server.py
[2026-05-31T07:46:18.097+0000] {processor.py:925} INFO - DAG(s) 'health_check_kafka_server' retrieved from /opt/airflow/dags/health_check_kafka_server.py
[2026-05-31T07:46:18.115+0000] {logging_mixin.py:190} INFO - [2026-05-31T07:46:18.115+0000] {dag.py:3239} INFO - Sync 1 DAGs
[2026-05-31T07:46:18.136+0000] {logging_mixin.py:190} INFO - [2026-05-31T07:46:18.135+0000] {dag.py:4180} INFO - Setting next_dagrun for health_check_kafka_server to 2026-05-31 07:44:00+00:00, run_after=2026-05-31 07:46:00+00:00
[2026-05-31T07:46:18.265+0000] {processor.py:208} INFO - Processing /opt/airflow/dags/health_check_kafka_server.py took 0.183 seconds
[2026-05-31T07:46:48.749+0000] {processor.py:186} INFO - Started process (PID=10073) to work on /opt/airflow/dags/health_check_kafka_server.py
[2026-05-31T07:46:48.750+0000] {processor.py:914} INFO - Processing file /opt/airflow/dags/health_check_kafka_server.py for tasks to queue
[2026-05-31T07:46:48.752+0000] {logging_mixin.py:190} INFO - [2026-05-31T07:46:48.751+0000] {dagbag.py:588} INFO - Filling up the DagBag from /opt/airflow/dags/health_check_kafka_server.py
[2026-05-31T07:46:48.762+0000] {processor.py:925} INFO - DAG(s) 'health_check_kafka_server' retrieved from /opt/airflow/dags/health_check_kafka_server.py
[2026-05-31T07:46:48.787+0000] {logging_mixin.py:190} INFO - [2026-05-31T07:46:48.787+0000] {dag.py:3239} INFO - Sync 1 DAGs
[2026-05-31T07:46:48.811+0000] {logging_mixin.py:190} INFO - [2026-05-31T07:46:48.811+0000] {dag.py:4180} INFO - Setting next_dagrun for health_check_kafka_server to 2026-05-31 07:44:00+00:00, run_after=2026-05-31 07:46:00+00:00
[2026-05-31T07:46:48.827+0000] {processor.py:208} INFO - Processing /opt/airflow/dags/health_check_kafka_server.py took 0.084 seconds
[2026-05-31T07:47:19.361+0000] {processor.py:186} INFO - Started process (PID=10098) to work on /opt/airflow/dags/health_check_kafka_server.py
[2026-05-31T07:47:19.362+0000] {processor.py:914} INFO - Processing file /opt/airflow/dags/health_check_kafka_server.py for tasks to queue
[2026-05-31T07:47:19.363+0000] {logging_mixin.py:190} INFO - [2026-05-31T07:47:19.363+0000] {dagbag.py:588} INFO - Filling up the DagBag from /opt/airflow/dags/health_check_kafka_server.py
[2026-05-31T07:47:19.372+0000] {processor.py:925} INFO - DAG(s) 'health_check_kafka_server' retrieved from /opt/airflow/dags/health_check_kafka_server.py
[2026-05-31T07:47:19.393+0000] {logging_mixin.py:190} INFO - [2026-05-31T07:47:19.393+0000] {dag.py:3239} INFO - Sync 1 DAGs
[2026-05-31T07:47:19.413+0000] {logging_mixin.py:190} INFO - [2026-05-31T07:47:19.412+0000] {dag.py:4180} INFO - Setting next_dagrun for health_check_kafka_server to 2026-05-31 07:44:00+00:00, run_after=2026-05-31 07:46:00+00:00
[2026-05-31T07:47:19.427+0000] {processor.py:208} INFO - Processing /opt/airflow/dags/health_check_kafka_server.py took 0.071 seconds
[2026-05-31T07:47:49.988+0000] {processor.py:186} INFO - Started process (PID=10122) to work on /opt/airflow/dags/health_check_kafka_server.py
[2026-05-31T07:47:49.989+0000] {processor.py:914} INFO - Processing file /opt/airflow/dags/health_check_kafka_server.py for tasks to queue
[2026-05-31T07:47:49.991+0000] {logging_mixin.py:190} INFO - [2026-05-31T07:47:49.991+0000] {dagbag.py:588} INFO - Filling up the DagBag from /opt/airflow/dags/health_check_kafka_server.py
[2026-05-31T07:47:49.999+0000] {processor.py:925} INFO - DAG(s) 'health_check_kafka_server' retrieved from /opt/airflow/dags/health_check_kafka_server.py
[2026-05-31T07:47:50.020+0000] {logging_mixin.py:190} INFO - [2026-05-31T07:47:50.020+0000] {dag.py:3239} INFO - Sync 1 DAGs
[2026-05-31T07:47:50.167+0000] {logging_mixin.py:190} INFO - [2026-05-31T07:47:50.166+0000] {dag.py:4180} INFO - Setting next_dagrun for health_check_kafka_server to 2026-05-31 07:44:00+00:00, run_after=2026-05-31 07:46:00+00:00
[2026-05-31T07:47:50.181+0000] {processor.py:208} INFO - Processing /opt/airflow/dags/health_check_kafka_server.py took 0.197 seconds
[2026-05-31T07:48:21.044+0000] {processor.py:186} INFO - Started process (PID=10146) to work on /opt/airflow/dags/health_check_kafka_server.py
[2026-05-31T07:48:21.045+0000] {processor.py:914} INFO - Processing file /opt/airflow/dags/health_check_kafka_server.py for tasks to queue
[2026-05-31T07:48:21.047+0000] {logging_mixin.py:190} INFO - [2026-05-31T07:48:21.047+0000] {dagbag.py:588} INFO - Filling up the DagBag from /opt/airflow/dags/health_check_kafka_server.py
[2026-05-31T07:48:21.055+0000] {processor.py:925} INFO - DAG(s) 'health_check_kafka_server' retrieved from /opt/airflow/dags/health_check_kafka_server.py
[2026-05-31T07:48:21.075+0000] {logging_mixin.py:190} INFO - [2026-05-31T07:48:21.075+0000] {dag.py:3239} INFO - Sync 1 DAGs
[2026-05-31T07:48:21.096+0000] {logging_mixin.py:190} INFO - [2026-05-31T07:48:21.096+0000] {dag.py:4180} INFO - Setting next_dagrun for health_check_kafka_server to 2026-05-31 07:46:00+00:00, run_after=2026-05-31 07:48:00+00:00
[2026-05-31T07:48:21.112+0000] {processor.py:208} INFO - Processing /opt/airflow/dags/health_check_kafka_server.py took 0.072 seconds
[2026-05-31T07:48:51.727+0000] {processor.py:186} INFO - Started process (PID=10169) to work on /opt/airflow/dags/health_check_kafka_server.py
[2026-05-31T07:48:51.728+0000] {processor.py:914} INFO - Processing file /opt/airflow/dags/health_check_kafka_server.py for tasks to queue
[2026-05-31T07:48:51.730+0000] {logging_mixin.py:190} INFO - [2026-05-31T07:48:51.730+0000] {dagbag.py:588} INFO - Filling up the DagBag from /opt/airflow/dags/health_check_kafka_server.py
[2026-05-31T07:48:51.738+0000] {processor.py:925} INFO - DAG(s) 'health_check_kafka_server' retrieved from /opt/airflow/dags/health_check_kafka_server.py
[2026-05-31T07:48:51.761+0000] {logging_mixin.py:190} INFO - [2026-05-31T07:48:51.761+0000] {dag.py:3239} INFO - Sync 1 DAGs
[2026-05-31T07:48:51.784+0000] {logging_mixin.py:190} INFO - [2026-05-31T07:48:51.784+0000] {dag.py:4180} INFO - Setting next_dagrun for health_check_kafka_server to 2026-05-31 07:46:00+00:00, run_after=2026-05-31 07:48:00+00:00
[2026-05-31T07:48:51.799+0000] {processor.py:208} INFO - Processing /opt/airflow/dags/health_check_kafka_server.py took 0.079 seconds
[2026-05-31T07:49:22.601+0000] {processor.py:186} INFO - Started process (PID=10194) to work on /opt/airflow/dags/health_check_kafka_server.py
[2026-05-31T07:49:22.602+0000] {processor.py:914} INFO - Processing file /opt/airflow/dags/health_check_kafka_server.py for tasks to queue
[2026-05-31T07:49:22.604+0000] {logging_mixin.py:190} INFO - [2026-05-31T07:49:22.603+0000] {dagbag.py:588} INFO - Filling up the DagBag from /opt/airflow/dags/health_check_kafka_server.py
[2026-05-31T07:49:22.613+0000] {processor.py:925} INFO - DAG(s) 'health_check_kafka_server' retrieved from /opt/airflow/dags/health_check_kafka_server.py
[2026-05-31T07:49:22.631+0000] {logging_mixin.py:190} INFO - [2026-05-31T07:49:22.630+0000] {dag.py:3239} INFO - Sync 1 DAGs
[2026-05-31T07:49:22.651+0000] {logging_mixin.py:190} INFO - [2026-05-31T07:49:22.651+0000] {dag.py:4180} INFO - Setting next_dagrun for health_check_kafka_server to 2026-05-31 07:46:00+00:00, run_after=2026-05-31 07:48:00+00:00
[2026-05-31T07:49:22.665+0000] {processor.py:208} INFO - Processing /opt/airflow/dags/health_check_kafka_server.py took 0.069 seconds
[2026-05-31T07:49:52.717+0000] {processor.py:186} INFO - Started process (PID=10218) to work on /opt/airflow/dags/health_check_kafka_server.py
[2026-05-31T07:49:52.718+0000] {processor.py:914} INFO - Processing file /opt/airflow/dags/health_check_kafka_server.py for tasks to queue
[2026-05-31T07:49:52.719+0000] {logging_mixin.py:190} INFO - [2026-05-31T07:49:52.719+0000] {dagbag.py:588} INFO - Filling up the DagBag from /opt/airflow/dags/health_check_kafka_server.py
[2026-05-31T07:49:52.728+0000] {processor.py:925} INFO - DAG(s) 'health_check_kafka_server' retrieved from /opt/airflow/dags/health_check_kafka_server.py
[2026-05-31T07:49:52.748+0000] {logging_mixin.py:190} INFO - [2026-05-31T07:49:52.748+0000] {dag.py:3239} INFO - Sync 1 DAGs
[2026-05-31T07:49:52.770+0000] {logging_mixin.py:190} INFO - [2026-05-31T07:49:52.770+0000] {dag.py:4180} INFO - Setting next_dagrun for health_check_kafka_server to 2026-05-31 07:46:00+00:00, run_after=2026-05-31 07:48:00+00:00
[2026-05-31T07:49:52.786+0000] {processor.py:208} INFO - Processing /opt/airflow/dags/health_check_kafka_server.py took 0.074 seconds
[2026-05-31T07:50:23.546+0000] {processor.py:186} INFO - Started process (PID=10243) to work on /opt/airflow/dags/health_check_kafka_server.py
[2026-05-31T07:50:23.548+0000] {processor.py:914} INFO - Processing file /opt/airflow/dags/health_check_kafka_server.py for tasks to queue
[2026-05-31T07:50:23.550+0000] {logging_mixin.py:190} INFO - [2026-05-31T07:50:23.550+0000] {dagbag.py:588} INFO - Filling up the DagBag from /opt/airflow/dags/health_check_kafka_server.py
[2026-05-31T07:50:23.558+0000] {processor.py:925} INFO - DAG(s) 'health_check_kafka_server' retrieved from /opt/airflow/dags/health_check_kafka_server.py
[2026-05-31T07:50:23.689+0000] {logging_mixin.py:190} INFO - [2026-05-31T07:50:23.688+0000] {dag.py:3239} INFO - Sync 1 DAGs
[2026-05-31T07:50:23.734+0000] {logging_mixin.py:190} INFO - [2026-05-31T07:50:23.733+0000] {dag.py:4180} INFO - Setting next_dagrun for health_check_kafka_server to 2026-05-31 07:48:00+00:00, run_after=2026-05-31 07:50:00+00:00
[2026-05-31T07:50:23.753+0000] {processor.py:208} INFO - Processing /opt/airflow/dags/health_check_kafka_server.py took 0.219 seconds
[2026-05-31T07:50:54.485+0000] {processor.py:186} INFO - Started process (PID=10267) to work on /opt/airflow/dags/health_check_kafka_server.py
[2026-05-31T07:50:54.486+0000] {processor.py:914} INFO - Processing file /opt/airflow/dags/health_check_kafka_server.py for tasks to queue
[2026-05-31T07:50:54.487+0000] {logging_mixin.py:190} INFO - [2026-05-31T07:50:54.487+0000] {dagbag.py:588} INFO - Filling up the DagBag from /opt/airflow/dags/health_check_kafka_server.py
[2026-05-31T07:50:54.496+0000] {processor.py:925} INFO - DAG(s) 'health_check_kafka_server' retrieved from /opt/airflow/dags/health_check_kafka_server.py
[2026-05-31T07:50:54.512+0000] {logging_mixin.py:190} INFO - [2026-05-31T07:50:54.512+0000] {dag.py:3239} INFO - Sync 1 DAGs
[2026-05-31T07:50:54.531+0000] {logging_mixin.py:190} INFO - [2026-05-31T07:50:54.531+0000] {dag.py:4180} INFO - Setting next_dagrun for health_check_kafka_server to 2026-05-31 07:48:00+00:00, run_after=2026-05-31 07:50:00+00:00
[2026-05-31T07:50:54.544+0000] {processor.py:208} INFO - Processing /opt/airflow/dags/health_check_kafka_server.py took 0.068 seconds
[2026-05-31T07:51:25.039+0000] {processor.py:186} INFO - Started process (PID=10291) to work on /opt/airflow/dags/health_check_kafka_server.py
[2026-05-31T07:51:25.040+0000] {processor.py:914} INFO - Processing file /opt/airflow/dags/health_check_kafka_server.py for tasks to queue
[2026-05-31T07:51:25.042+0000] {logging_mixin.py:190} INFO - [2026-05-31T07:51:25.041+0000] {dagbag.py:588} INFO - Filling up the DagBag from /opt/airflow/dags/health_check_kafka_server.py
[2026-05-31T07:51:25.052+0000] {processor.py:925} INFO - DAG(s) 'health_check_kafka_server' retrieved from /opt/airflow/dags/health_check_kafka_server.py
[2026-05-31T07:51:25.086+0000] {logging_mixin.py:190} INFO - [2026-05-31T07:51:25.086+0000] {dag.py:3239} INFO - Sync 1 DAGs
[2026-05-31T07:51:25.110+0000] {logging_mixin.py:190} INFO - [2026-05-31T07:51:25.110+0000] {dag.py:4180} INFO - Setting next_dagrun for health_check_kafka_server to 2026-05-31 07:48:00+00:00, run_after=2026-05-31 07:50:00+00:00
[2026-05-31T07:51:25.126+0000] {processor.py:208} INFO - Processing /opt/airflow/dags/health_check_kafka_server.py took 0.098 seconds
[2026-05-31T07:51:55.889+0000] {processor.py:186} INFO - Started process (PID=10316) to work on /opt/airflow/dags/health_check_kafka_server.py
[2026-05-31T07:51:55.891+0000] {processor.py:914} INFO - Processing file /opt/airflow/dags/health_check_kafka_server.py for tasks to queue
[2026-05-31T07:51:55.892+0000] {logging_mixin.py:190} INFO - [2026-05-31T07:51:55.892+0000] {dagbag.py:588} INFO - Filling up the DagBag from /opt/airflow/dags/health_check_kafka_server.py
[2026-05-31T07:51:55.901+0000] {processor.py:925} INFO - DAG(s) 'health_check_kafka_server' retrieved from /opt/airflow/dags/health_check_kafka_server.py
[2026-05-31T07:51:55.919+0000] {logging_mixin.py:190} INFO - [2026-05-31T07:51:55.918+0000] {dag.py:3239} INFO - Sync 1 DAGs
[2026-05-31T07:51:55.939+0000] {logging_mixin.py:190} INFO - [2026-05-31T07:51:55.939+0000] {dag.py:4180} INFO - Setting next_dagrun for health_check_kafka_server to 2026-05-31 07:48:00+00:00, run_after=2026-05-31 07:50:00+00:00
[2026-05-31T07:51:55.952+0000] {processor.py:208} INFO - Processing /opt/airflow/dags/health_check_kafka_server.py took 0.067 seconds
[2026-05-31T07:52:26.382+0000] {processor.py:186} INFO - Started process (PID=10334) to work on /opt/airflow/dags/health_check_kafka_server.py
[2026-05-31T07:52:26.385+0000] {processor.py:914} INFO - Processing file /opt/airflow/dags/health_check_kafka_server.py for tasks to queue
[2026-05-31T07:52:26.389+0000] {logging_mixin.py:190} INFO - [2026-05-31T07:52:26.389+0000] {dagbag.py:588} INFO - Filling up the DagBag from /opt/airflow/dags/health_check_kafka_server.py
[2026-05-31T07:52:26.408+0000] {processor.py:925} INFO - DAG(s) 'health_check_kafka_server' retrieved from /opt/airflow/dags/health_check_kafka_server.py
[2026-05-31T07:52:26.432+0000] {logging_mixin.py:190} INFO - [2026-05-31T07:52:26.432+0000] {dag.py:3239} INFO - Sync 1 DAGs
[2026-05-31T07:52:26.454+0000] {logging_mixin.py:190} INFO - [2026-05-31T07:52:26.454+0000] {dag.py:4180} INFO - Setting next_dagrun for health_check_kafka_server to 2026-05-31 07:50:00+00:00, run_after=2026-05-31 07:52:00+00:00
[2026-05-31T07:52:26.484+0000] {processor.py:208} INFO - Processing /opt/airflow/dags/health_check_kafka_server.py took 0.113 seconds
[2026-05-31T07:52:56.913+0000] {processor.py:186} INFO - Started process (PID=10355) to work on /opt/airflow/dags/health_check_kafka_server.py
[2026-05-31T07:52:56.914+0000] {processor.py:914} INFO - Processing file /opt/airflow/dags/health_check_kafka_server.py for tasks to queue
[2026-05-31T07:52:56.916+0000] {logging_mixin.py:190} INFO - [2026-05-31T07:52:56.916+0000] {dagbag.py:588} INFO - Filling up the DagBag from /opt/airflow/dags/health_check_kafka_server.py
[2026-05-31T07:52:56.925+0000] {processor.py:925} INFO - DAG(s) 'health_check_kafka_server' retrieved from /opt/airflow/dags/health_check_kafka_server.py
[2026-05-31T07:52:56.944+0000] {logging_mixin.py:190} INFO - [2026-05-31T07:52:56.944+0000] {dag.py:3239} INFO - Sync 1 DAGs
[2026-05-31T07:52:56.970+0000] {logging_mixin.py:190} INFO - [2026-05-31T07:52:56.970+0000] {dag.py:4180} INFO - Setting next_dagrun for health_check_kafka_server to 2026-05-31 07:50:00+00:00, run_after=2026-05-31 07:52:00+00:00
[2026-05-31T07:52:56.986+0000] {processor.py:208} INFO - Processing /opt/airflow/dags/health_check_kafka_server.py took 0.078 seconds
[2026-05-31T07:53:28.059+0000] {processor.py:186} INFO - Started process (PID=10381) to work on /opt/airflow/dags/health_check_kafka_server.py
[2026-05-31T07:53:28.059+0000] {processor.py:914} INFO - Processing file /opt/airflow/dags/health_check_kafka_server.py for tasks to queue
[2026-05-31T07:53:28.061+0000] {logging_mixin.py:190} INFO - [2026-05-31T07:53:28.061+0000] {dagbag.py:588} INFO - Filling up the DagBag from /opt/airflow/dags/health_check_kafka_server.py
[2026-05-31T07:53:28.073+0000] {processor.py:925} INFO - DAG(s) 'health_check_kafka_server' retrieved from /opt/airflow/dags/health_check_kafka_server.py
[2026-05-31T07:53:28.096+0000] {logging_mixin.py:190} INFO - [2026-05-31T07:53:28.096+0000] {dag.py:3239} INFO - Sync 1 DAGs
[2026-05-31T07:53:28.120+0000] {logging_mixin.py:190} INFO - [2026-05-31T07:53:28.120+0000] {dag.py:4180} INFO - Setting next_dagrun for health_check_kafka_server to 2026-05-31 07:50:00+00:00, run_after=2026-05-31 07:52:00+00:00
[2026-05-31T07:53:28.134+0000] {processor.py:208} INFO - Processing /opt/airflow/dags/health_check_kafka_server.py took 0.081 seconds
[2026-05-31T07:53:58.390+0000] {processor.py:186} INFO - Started process (PID=10404) to work on /opt/airflow/dags/health_check_kafka_server.py
[2026-05-31T07:53:58.391+0000] {processor.py:914} INFO - Processing file /opt/airflow/dags/health_check_kafka_server.py for tasks to queue
[2026-05-31T07:53:58.393+0000] {logging_mixin.py:190} INFO - [2026-05-31T07:53:58.392+0000] {dagbag.py:588} INFO - Filling up the DagBag from /opt/airflow/dags/health_check_kafka_server.py
[2026-05-31T07:53:58.411+0000] {processor.py:925} INFO - DAG(s) 'health_check_kafka_server' retrieved from /opt/airflow/dags/health_check_kafka_server.py
[2026-05-31T07:53:58.430+0000] {logging_mixin.py:190} INFO - [2026-05-31T07:53:58.430+0000] {dag.py:3239} INFO - Sync 1 DAGs
[2026-05-31T07:53:58.452+0000] {logging_mixin.py:190} INFO - [2026-05-31T07:53:58.452+0000] {dag.py:4180} INFO - Setting next_dagrun for health_check_kafka_server to 2026-05-31 07:50:00+00:00, run_after=2026-05-31 07:52:00+00:00
[2026-05-31T07:53:58.465+0000] {processor.py:208} INFO - Processing /opt/airflow/dags/health_check_kafka_server.py took 0.080 seconds
[2026-05-31T07:54:28.746+0000] {processor.py:186} INFO - Started process (PID=10428) to work on /opt/airflow/dags/health_check_kafka_server.py
[2026-05-31T07:54:28.747+0000] {processor.py:914} INFO - Processing file /opt/airflow/dags/health_check_kafka_server.py for tasks to queue
[2026-05-31T07:54:28.751+0000] {logging_mixin.py:190} INFO - [2026-05-31T07:54:28.751+0000] {dagbag.py:588} INFO - Filling up the DagBag from /opt/airflow/dags/health_check_kafka_server.py
[2026-05-31T07:54:28.761+0000] {processor.py:925} INFO - DAG(s) 'health_check_kafka_server' retrieved from /opt/airflow/dags/health_check_kafka_server.py
[2026-05-31T07:54:28.779+0000] {logging_mixin.py:190} INFO - [2026-05-31T07:54:28.778+0000] {dag.py:3239} INFO - Sync 1 DAGs
[2026-05-31T07:54:28.799+0000] {logging_mixin.py:190} INFO - [2026-05-31T07:54:28.799+0000] {dag.py:4180} INFO - Setting next_dagrun for health_check_kafka_server to 2026-05-31 07:52:00+00:00, run_after=2026-05-31 07:54:00+00:00
[2026-05-31T07:54:28.813+0000] {processor.py:208} INFO - Processing /opt/airflow/dags/health_check_kafka_server.py took 0.084 seconds
[2026-05-31T07:55:00.231+0000] {processor.py:186} INFO - Started process (PID=10453) to work on /opt/airflow/dags/health_check_kafka_server.py
[2026-05-31T07:55:00.256+0000] {processor.py:914} INFO - Processing file /opt/airflow/dags/health_check_kafka_server.py for tasks to queue
[2026-05-31T07:55:00.260+0000] {logging_mixin.py:190} INFO - [2026-05-31T07:55:00.260+0000] {dagbag.py:588} INFO - Filling up the DagBag from /opt/airflow/dags/health_check_kafka_server.py
[2026-05-31T07:55:00.316+0000] {processor.py:925} INFO - DAG(s) 'health_check_kafka_server' retrieved from /opt/airflow/dags/health_check_kafka_server.py
[2026-05-31T07:55:00.387+0000] {logging_mixin.py:190} INFO - [2026-05-31T07:55:00.386+0000] {dag.py:3239} INFO - Sync 1 DAGs
[2026-05-31T07:55:00.417+0000] {logging_mixin.py:190} INFO - [2026-05-31T07:55:00.417+0000] {dag.py:4180} INFO - Setting next_dagrun for health_check_kafka_server to 2026-05-31 07:52:00+00:00, run_after=2026-05-31 07:54:00+00:00
[2026-05-31T07:55:00.435+0000] {processor.py:208} INFO - Processing /opt/airflow/dags/health_check_kafka_server.py took 0.217 seconds
[2026-05-31T07:55:30.640+0000] {processor.py:186} INFO - Started process (PID=10477) to work on /opt/airflow/dags/health_check_kafka_server.py
[2026-05-31T07:55:30.641+0000] {processor.py:914} INFO - Processing file /opt/airflow/dags/health_check_kafka_server.py for tasks to queue
[2026-05-31T07:55:30.643+0000] {logging_mixin.py:190} INFO - [2026-05-31T07:55:30.643+0000] {dagbag.py:588} INFO - Filling up the DagBag from /opt/airflow/dags/health_check_kafka_server.py
[2026-05-31T07:55:30.652+0000] {processor.py:925} INFO - DAG(s) 'health_check_kafka_server' retrieved from /opt/airflow/dags/health_check_kafka_server.py
[2026-05-31T07:55:30.670+0000] {logging_mixin.py:190} INFO - [2026-05-31T07:55:30.669+0000] {dag.py:3239} INFO - Sync 1 DAGs
[2026-05-31T07:55:30.689+0000] {logging_mixin.py:190} INFO - [2026-05-31T07:55:30.689+0000] {dag.py:4180} INFO - Setting next_dagrun for health_check_kafka_server to 2026-05-31 07:52:00+00:00, run_after=2026-05-31 07:54:00+00:00
[2026-05-31T07:55:30.702+0000] {processor.py:208} INFO - Processing /opt/airflow/dags/health_check_kafka_server.py took 0.067 seconds
[2026-05-31T07:56:01.557+0000] {processor.py:186} INFO - Started process (PID=10501) to work on /opt/airflow/dags/health_check_kafka_server.py
[2026-05-31T07:56:01.558+0000] {processor.py:914} INFO - Processing file /opt/airflow/dags/health_check_kafka_server.py for tasks to queue
[2026-05-31T07:56:01.560+0000] {logging_mixin.py:190} INFO - [2026-05-31T07:56:01.560+0000] {dagbag.py:588} INFO - Filling up the DagBag from /opt/airflow/dags/health_check_kafka_server.py
[2026-05-31T07:56:01.569+0000] {processor.py:925} INFO - DAG(s) 'health_check_kafka_server' retrieved from /opt/airflow/dags/health_check_kafka_server.py
[2026-05-31T07:56:01.590+0000] {logging_mixin.py:190} INFO - [2026-05-31T07:56:01.590+0000] {dag.py:3239} INFO - Sync 1 DAGs
[2026-05-31T07:56:01.610+0000] {logging_mixin.py:190} INFO - [2026-05-31T07:56:01.610+0000] {dag.py:4180} INFO - Setting next_dagrun for health_check_kafka_server to 2026-05-31 07:54:00+00:00, run_after=2026-05-31 07:56:00+00:00
[2026-05-31T07:56:01.624+0000] {processor.py:208} INFO - Processing /opt/airflow/dags/health_check_kafka_server.py took 0.072 seconds
[2026-05-31T07:56:32.734+0000] {processor.py:186} INFO - Started process (PID=10525) to work on /opt/airflow/dags/health_check_kafka_server.py
[2026-05-31T07:56:32.735+0000] {processor.py:914} INFO - Processing file /opt/airflow/dags/health_check_kafka_server.py for tasks to queue
[2026-05-31T07:56:32.737+0000] {logging_mixin.py:190} INFO - [2026-05-31T07:56:32.736+0000] {dagbag.py:588} INFO - Filling up the DagBag from /opt/airflow/dags/health_check_kafka_server.py
[2026-05-31T07:56:32.745+0000] {processor.py:925} INFO - DAG(s) 'health_check_kafka_server' retrieved from /opt/airflow/dags/health_check_kafka_server.py
[2026-05-31T07:56:32.767+0000] {logging_mixin.py:190} INFO - [2026-05-31T07:56:32.767+0000] {dag.py:3239} INFO - Sync 1 DAGs
[2026-05-31T07:56:32.790+0000] {logging_mixin.py:190} INFO - [2026-05-31T07:56:32.789+0000] {dag.py:4180} INFO - Setting next_dagrun for health_check_kafka_server to 2026-05-31 07:54:00+00:00, run_after=2026-05-31 07:56:00+00:00
[2026-05-31T07:56:32.805+0000] {processor.py:208} INFO - Processing /opt/airflow/dags/health_check_kafka_server.py took 0.075 seconds
[2026-05-31T07:57:03.960+0000] {processor.py:186} INFO - Started process (PID=10549) to work on /opt/airflow/dags/health_check_kafka_server.py
[2026-05-31T07:57:03.961+0000] {processor.py:914} INFO - Processing file /opt/airflow/dags/health_check_kafka_server.py for tasks to queue
[2026-05-31T07:57:03.963+0000] {logging_mixin.py:190} INFO - [2026-05-31T07:57:03.963+0000] {dagbag.py:588} INFO - Filling up the DagBag from /opt/airflow/dags/health_check_kafka_server.py
[2026-05-31T07:57:03.971+0000] {processor.py:925} INFO - DAG(s) 'health_check_kafka_server' retrieved from /opt/airflow/dags/health_check_kafka_server.py
[2026-05-31T07:57:03.992+0000] {logging_mixin.py:190} INFO - [2026-05-31T07:57:03.992+0000] {dag.py:3239} INFO - Sync 1 DAGs
[2026-05-31T07:57:04.013+0000] {logging_mixin.py:190} INFO - [2026-05-31T07:57:04.013+0000] {dag.py:4180} INFO - Setting next_dagrun for health_check_kafka_server to 2026-05-31 07:54:00+00:00, run_after=2026-05-31 07:56:00+00:00
[2026-05-31T07:57:04.028+0000] {processor.py:208} INFO - Processing /opt/airflow/dags/health_check_kafka_server.py took 0.073 seconds
[2026-05-31T07:57:34.924+0000] {processor.py:186} INFO - Started process (PID=10574) to work on /opt/airflow/dags/health_check_kafka_server.py
[2026-05-31T07:57:34.925+0000] {processor.py:914} INFO - Processing file /opt/airflow/dags/health_check_kafka_server.py for tasks to queue
[2026-05-31T07:57:34.930+0000] {logging_mixin.py:190} INFO - [2026-05-31T07:57:34.930+0000] {dagbag.py:588} INFO - Filling up the DagBag from /opt/airflow/dags/health_check_kafka_server.py
[2026-05-31T07:57:34.939+0000] {processor.py:925} INFO - DAG(s) 'health_check_kafka_server' retrieved from /opt/airflow/dags/health_check_kafka_server.py
[2026-05-31T07:57:34.964+0000] {logging_mixin.py:190} INFO - [2026-05-31T07:57:34.964+0000] {dag.py:3239} INFO - Sync 1 DAGs
[2026-05-31T07:57:34.991+0000] {logging_mixin.py:190} INFO - [2026-05-31T07:57:34.991+0000] {dag.py:4180} INFO - Setting next_dagrun for health_check_kafka_server to 2026-05-31 07:54:00+00:00, run_after=2026-05-31 07:56:00+00:00
[2026-05-31T07:57:35.022+0000] {processor.py:208} INFO - Processing /opt/airflow/dags/health_check_kafka_server.py took 0.104 seconds
[2026-05-31T07:58:06.049+0000] {processor.py:186} INFO - Started process (PID=10598) to work on /opt/airflow/dags/health_check_kafka_server.py
[2026-05-31T07:58:06.050+0000] {processor.py:914} INFO - Processing file /opt/airflow/dags/health_check_kafka_server.py for tasks to queue
[2026-05-31T07:58:06.053+0000] {logging_mixin.py:190} INFO - [2026-05-31T07:58:06.052+0000] {dagbag.py:588} INFO - Filling up the DagBag from /opt/airflow/dags/health_check_kafka_server.py
[2026-05-31T07:58:06.062+0000] {processor.py:925} INFO - DAG(s) 'health_check_kafka_server' retrieved from /opt/airflow/dags/health_check_kafka_server.py
[2026-05-31T07:58:06.079+0000] {logging_mixin.py:190} INFO - [2026-05-31T07:58:06.079+0000] {dag.py:3239} INFO - Sync 1 DAGs
[2026-05-31T07:58:06.102+0000] {logging_mixin.py:190} INFO - [2026-05-31T07:58:06.102+0000] {dag.py:4180} INFO - Setting next_dagrun for health_check_kafka_server to 2026-05-31 07:56:00+00:00, run_after=2026-05-31 07:58:00+00:00
[2026-05-31T07:58:06.115+0000] {processor.py:208} INFO - Processing /opt/airflow/dags/health_check_kafka_server.py took 0.071 seconds
[2026-05-31T07:58:36.903+0000] {processor.py:186} INFO - Started process (PID=10622) to work on /opt/airflow/dags/health_check_kafka_server.py
[2026-05-31T07:58:36.904+0000] {processor.py:914} INFO - Processing file /opt/airflow/dags/health_check_kafka_server.py for tasks to queue
[2026-05-31T07:58:36.906+0000] {logging_mixin.py:190} INFO - [2026-05-31T07:58:36.906+0000] {dagbag.py:588} INFO - Filling up the DagBag from /opt/airflow/dags/health_check_kafka_server.py
[2026-05-31T07:58:36.919+0000] {processor.py:925} INFO - DAG(s) 'health_check_kafka_server' retrieved from /opt/airflow/dags/health_check_kafka_server.py
[2026-05-31T07:58:36.942+0000] {logging_mixin.py:190} INFO - [2026-05-31T07:58:36.942+0000] {dag.py:3239} INFO - Sync 1 DAGs
[2026-05-31T07:58:36.966+0000] {logging_mixin.py:190} INFO - [2026-05-31T07:58:36.966+0000] {dag.py:4180} INFO - Setting next_dagrun for health_check_kafka_server to 2026-05-31 07:56:00+00:00, run_after=2026-05-31 07:58:00+00:00
[2026-05-31T07:58:36.979+0000] {processor.py:208} INFO - Processing /opt/airflow/dags/health_check_kafka_server.py took 0.081 seconds
[2026-05-31T07:59:07.852+0000] {processor.py:186} INFO - Started process (PID=10646) to work on /opt/airflow/dags/health_check_kafka_server.py
[2026-05-31T07:59:07.853+0000] {processor.py:914} INFO - Processing file /opt/airflow/dags/health_check_kafka_server.py for tasks to queue
[2026-05-31T07:59:07.855+0000] {logging_mixin.py:190} INFO - [2026-05-31T07:59:07.855+0000] {dagbag.py:588} INFO - Filling up the DagBag from /opt/airflow/dags/health_check_kafka_server.py
[2026-05-31T07:59:07.865+0000] {processor.py:925} INFO - DAG(s) 'health_check_kafka_server' retrieved from /opt/airflow/dags/health_check_kafka_server.py
[2026-05-31T07:59:07.884+0000] {logging_mixin.py:190} INFO - [2026-05-31T07:59:07.884+0000] {dag.py:3239} INFO - Sync 1 DAGs
[2026-05-31T07:59:07.906+0000] {logging_mixin.py:190} INFO - [2026-05-31T07:59:07.906+0000] {dag.py:4180} INFO - Setting next_dagrun for health_check_kafka_server to 2026-05-31 07:56:00+00:00, run_after=2026-05-31 07:58:00+00:00
[2026-05-31T07:59:07.921+0000] {processor.py:208} INFO - Processing /opt/airflow/dags/health_check_kafka_server.py took 0.075 seconds
[2026-05-31T07:59:38.680+0000] {processor.py:186} INFO - Started process (PID=10671) to work on /opt/airflow/dags/health_check_kafka_server.py
[2026-05-31T07:59:38.681+0000] {processor.py:914} INFO - Processing file /opt/airflow/dags/health_check_kafka_server.py for tasks to queue
[2026-05-31T07:59:38.683+0000] {logging_mixin.py:190} INFO - [2026-05-31T07:59:38.683+0000] {dagbag.py:588} INFO - Filling up the DagBag from /opt/airflow/dags/health_check_kafka_server.py
[2026-05-31T07:59:38.692+0000] {processor.py:925} INFO - DAG(s) 'health_check_kafka_server' retrieved from /opt/airflow/dags/health_check_kafka_server.py
[2026-05-31T07:59:38.711+0000] {logging_mixin.py:190} INFO - [2026-05-31T07:59:38.711+0000] {dag.py:3239} INFO - Sync 1 DAGs
[2026-05-31T07:59:38.736+0000] {logging_mixin.py:190} INFO - [2026-05-31T07:59:38.736+0000] {dag.py:4180} INFO - Setting next_dagrun for health_check_kafka_server to 2026-05-31 07:56:00+00:00, run_after=2026-05-31 07:58:00+00:00
[2026-05-31T07:59:38.750+0000] {processor.py:208} INFO - Processing /opt/airflow/dags/health_check_kafka_server.py took 0.074 seconds
[2026-05-31T08:00:10.173+0000] {processor.py:186} INFO - Started process (PID=10693) to work on /opt/airflow/dags/health_check_kafka_server.py
[2026-05-31T08:00:10.174+0000] {processor.py:914} INFO - Processing file /opt/airflow/dags/health_check_kafka_server.py for tasks to queue
[2026-05-31T08:00:10.175+0000] {logging_mixin.py:190} INFO - [2026-05-31T08:00:10.175+0000] {dagbag.py:588} INFO - Filling up the DagBag from /opt/airflow/dags/health_check_kafka_server.py
[2026-05-31T08:00:10.184+0000] {processor.py:925} INFO - DAG(s) 'health_check_kafka_server' retrieved from /opt/airflow/dags/health_check_kafka_server.py
[2026-05-31T08:00:10.201+0000] {logging_mixin.py:190} INFO - [2026-05-31T08:00:10.201+0000] {dag.py:3239} INFO - Sync 1 DAGs
[2026-05-31T08:00:10.221+0000] {logging_mixin.py:190} INFO - [2026-05-31T08:00:10.220+0000] {dag.py:4180} INFO - Setting next_dagrun for health_check_kafka_server to 2026-05-31 07:58:00+00:00, run_after=2026-05-31 08:00:00+00:00
[2026-05-31T08:00:10.233+0000] {processor.py:208} INFO - Processing /opt/airflow/dags/health_check_kafka_server.py took 0.066 seconds
[2026-05-31T08:00:41.139+0000] {processor.py:186} INFO - Started process (PID=10715) to work on /opt/airflow/dags/health_check_kafka_server.py
[2026-05-31T08:00:41.139+0000] {processor.py:914} INFO - Processing file /opt/airflow/dags/health_check_kafka_server.py for tasks to queue
[2026-05-31T08:00:41.141+0000] {logging_mixin.py:190} INFO - [2026-05-31T08:00:41.141+0000] {dagbag.py:588} INFO - Filling up the DagBag from /opt/airflow/dags/health_check_kafka_server.py
[2026-05-31T08:00:41.150+0000] {processor.py:925} INFO - DAG(s) 'health_check_kafka_server' retrieved from /opt/airflow/dags/health_check_kafka_server.py
[2026-05-31T08:00:41.167+0000] {logging_mixin.py:190} INFO - [2026-05-31T08:00:41.167+0000] {dag.py:3239} INFO - Sync 1 DAGs
[2026-05-31T08:00:41.191+0000] {logging_mixin.py:190} INFO - [2026-05-31T08:00:41.191+0000] {dag.py:4180} INFO - Setting next_dagrun for health_check_kafka_server to 2026-05-31 07:58:00+00:00, run_after=2026-05-31 08:00:00+00:00
[2026-05-31T08:00:41.204+0000] {processor.py:208} INFO - Processing /opt/airflow/dags/health_check_kafka_server.py took 0.073 seconds
[2026-05-31T08:01:11.906+0000] {processor.py:186} INFO - Started process (PID=10740) to work on /opt/airflow/dags/health_check_kafka_server.py
[2026-05-31T08:01:11.907+0000] {processor.py:914} INFO - Processing file /opt/airflow/dags/health_check_kafka_server.py for tasks to queue
[2026-05-31T08:01:11.909+0000] {logging_mixin.py:190} INFO - [2026-05-31T08:01:11.909+0000] {dagbag.py:588} INFO - Filling up the DagBag from /opt/airflow/dags/health_check_kafka_server.py
[2026-05-31T08:01:11.925+0000] {processor.py:925} INFO - DAG(s) 'health_check_kafka_server' retrieved from /opt/airflow/dags/health_check_kafka_server.py
[2026-05-31T08:01:11.948+0000] {logging_mixin.py:190} INFO - [2026-05-31T08:01:11.948+0000] {dag.py:3239} INFO - Sync 1 DAGs
[2026-05-31T08:01:11.968+0000] {logging_mixin.py:190} INFO - [2026-05-31T08:01:11.968+0000] {dag.py:4180} INFO - Setting next_dagrun for health_check_kafka_server to 2026-05-31 07:58:00+00:00, run_after=2026-05-31 08:00:00+00:00
[2026-05-31T08:01:11.981+0000] {processor.py:208} INFO - Processing /opt/airflow/dags/health_check_kafka_server.py took 0.080 seconds
[2026-05-31T08:01:42.608+0000] {processor.py:186} INFO - Started process (PID=10764) to work on /opt/airflow/dags/health_check_kafka_server.py
[2026-05-31T08:01:42.609+0000] {processor.py:914} INFO - Processing file /opt/airflow/dags/health_check_kafka_server.py for tasks to queue
[2026-05-31T08:01:42.611+0000] {logging_mixin.py:190} INFO - [2026-05-31T08:01:42.611+0000] {dagbag.py:588} INFO - Filling up the DagBag from /opt/airflow/dags/health_check_kafka_server.py
[2026-05-31T08:01:42.620+0000] {processor.py:925} INFO - DAG(s) 'health_check_kafka_server' retrieved from /opt/airflow/dags/health_check_kafka_server.py
[2026-05-31T08:01:42.642+0000] {logging_mixin.py:190} INFO - [2026-05-31T08:01:42.642+0000] {dag.py:3239} INFO - Sync 1 DAGs
[2026-05-31T08:01:42.664+0000] {logging_mixin.py:190} INFO - [2026-05-31T08:01:42.664+0000] {dag.py:4180} INFO - Setting next_dagrun for health_check_kafka_server to 2026-05-31 07:58:00+00:00, run_after=2026-05-31 08:00:00+00:00
[2026-05-31T08:01:42.677+0000] {processor.py:208} INFO - Processing /opt/airflow/dags/health_check_kafka_server.py took 0.074 seconds
[2026-05-31T08:02:13.346+0000] {processor.py:186} INFO - Started process (PID=10788) to work on /opt/airflow/dags/health_check_kafka_server.py
[2026-05-31T08:02:13.347+0000] {processor.py:914} INFO - Processing file /opt/airflow/dags/health_check_kafka_server.py for tasks to queue
[2026-05-31T08:02:13.350+0000] {logging_mixin.py:190} INFO - [2026-05-31T08:02:13.349+0000] {dagbag.py:588} INFO - Filling up the DagBag from /opt/airflow/dags/health_check_kafka_server.py
[2026-05-31T08:02:13.359+0000] {processor.py:925} INFO - DAG(s) 'health_check_kafka_server' retrieved from /opt/airflow/dags/health_check_kafka_server.py
[2026-05-31T08:02:13.379+0000] {logging_mixin.py:190} INFO - [2026-05-31T08:02:13.379+0000] {dag.py:3239} INFO - Sync 1 DAGs
[2026-05-31T08:02:13.401+0000] {logging_mixin.py:190} INFO - [2026-05-31T08:02:13.401+0000] {dag.py:4180} INFO - Setting next_dagrun for health_check_kafka_server to 2026-05-31 08:00:00+00:00, run_after=2026-05-31 08:02:00+00:00
[2026-05-31T08:02:13.414+0000] {processor.py:208} INFO - Processing /opt/airflow/dags/health_check_kafka_server.py took 0.073 seconds
[2026-05-31T08:02:44.184+0000] {processor.py:186} INFO - Started process (PID=10818) to work on /opt/airflow/dags/health_check_kafka_server.py
[2026-05-31T08:02:44.185+0000] {processor.py:914} INFO - Processing file /opt/airflow/dags/health_check_kafka_server.py for tasks to queue
[2026-05-31T08:02:44.188+0000] {logging_mixin.py:190} INFO - [2026-05-31T08:02:44.187+0000] {dagbag.py:588} INFO - Filling up the DagBag from /opt/airflow/dags/health_check_kafka_server.py
[2026-05-31T08:02:44.198+0000] {processor.py:925} INFO - DAG(s) 'health_check_kafka_server' retrieved from /opt/airflow/dags/health_check_kafka_server.py
[2026-05-31T08:02:44.217+0000] {logging_mixin.py:190} INFO - [2026-05-31T08:02:44.217+0000] {dag.py:3239} INFO - Sync 1 DAGs
[2026-05-31T08:02:44.240+0000] {logging_mixin.py:190} INFO - [2026-05-31T08:02:44.239+0000] {dag.py:4180} INFO - Setting next_dagrun for health_check_kafka_server to 2026-05-31 08:00:00+00:00, run_after=2026-05-31 08:02:00+00:00
[2026-05-31T08:02:44.253+0000] {processor.py:208} INFO - Processing /opt/airflow/dags/health_check_kafka_server.py took 0.074 seconds
[2026-05-31T08:03:15.280+0000] {processor.py:186} INFO - Started process (PID=10842) to work on /opt/airflow/dags/health_check_kafka_server.py
[2026-05-31T08:03:15.285+0000] {processor.py:914} INFO - Processing file /opt/airflow/dags/health_check_kafka_server.py for tasks to queue
[2026-05-31T08:03:15.292+0000] {logging_mixin.py:190} INFO - [2026-05-31T08:03:15.291+0000] {dagbag.py:588} INFO - Filling up the DagBag from /opt/airflow/dags/health_check_kafka_server.py
[2026-05-31T08:03:15.312+0000] {processor.py:925} INFO - DAG(s) 'health_check_kafka_server' retrieved from /opt/airflow/dags/health_check_kafka_server.py
[2026-05-31T08:03:15.329+0000] {logging_mixin.py:190} INFO - [2026-05-31T08:03:15.329+0000] {dag.py:3239} INFO - Sync 1 DAGs
[2026-05-31T08:03:15.357+0000] {logging_mixin.py:190} INFO - [2026-05-31T08:03:15.357+0000] {dag.py:4180} INFO - Setting next_dagrun for health_check_kafka_server to 2026-05-31 08:00:00+00:00, run_after=2026-05-31 08:02:00+00:00
[2026-05-31T08:03:15.369+0000] {processor.py:208} INFO - Processing /opt/airflow/dags/health_check_kafka_server.py took 0.111 seconds
[2026-05-31T08:03:45.621+0000] {processor.py:186} INFO - Started process (PID=10865) to work on /opt/airflow/dags/health_check_kafka_server.py
[2026-05-31T08:03:45.622+0000] {processor.py:914} INFO - Processing file /opt/airflow/dags/health_check_kafka_server.py for tasks to queue
[2026-05-31T08:03:45.624+0000] {logging_mixin.py:190} INFO - [2026-05-31T08:03:45.624+0000] {dagbag.py:588} INFO - Filling up the DagBag from /opt/airflow/dags/health_check_kafka_server.py
[2026-05-31T08:03:45.632+0000] {processor.py:925} INFO - DAG(s) 'health_check_kafka_server' retrieved from /opt/airflow/dags/health_check_kafka_server.py
[2026-05-31T08:03:45.652+0000] {logging_mixin.py:190} INFO - [2026-05-31T08:03:45.652+0000] {dag.py:3239} INFO - Sync 1 DAGs
[2026-05-31T08:03:45.676+0000] {logging_mixin.py:190} INFO - [2026-05-31T08:03:45.675+0000] {dag.py:4180} INFO - Setting next_dagrun for health_check_kafka_server to 2026-05-31 08:00:00+00:00, run_after=2026-05-31 08:02:00+00:00
[2026-05-31T08:03:45.689+0000] {processor.py:208} INFO - Processing /opt/airflow/dags/health_check_kafka_server.py took 0.073 seconds
[2026-05-31T08:04:15.726+0000] {processor.py:186} INFO - Started process (PID=10887) to work on /opt/airflow/dags/health_check_kafka_server.py
[2026-05-31T08:04:15.727+0000] {processor.py:914} INFO - Processing file /opt/airflow/dags/health_check_kafka_server.py for tasks to queue
[2026-05-31T08:04:15.729+0000] {logging_mixin.py:190} INFO - [2026-05-31T08:04:15.729+0000] {dagbag.py:588} INFO - Filling up the DagBag from /opt/airflow/dags/health_check_kafka_server.py
[2026-05-31T08:04:15.738+0000] {processor.py:925} INFO - DAG(s) 'health_check_kafka_server' retrieved from /opt/airflow/dags/health_check_kafka_server.py
[2026-05-31T08:04:15.758+0000] {logging_mixin.py:190} INFO - [2026-05-31T08:04:15.758+0000] {dag.py:3239} INFO - Sync 1 DAGs
[2026-05-31T08:04:15.780+0000] {logging_mixin.py:190} INFO - [2026-05-31T08:04:15.780+0000] {dag.py:4180} INFO - Setting next_dagrun for health_check_kafka_server to 2026-05-31 08:02:00+00:00, run_after=2026-05-31 08:04:00+00:00
[2026-05-31T08:04:15.794+0000] {processor.py:208} INFO - Processing /opt/airflow/dags/health_check_kafka_server.py took 0.074 seconds
[2026-05-31T08:04:45.880+0000] {processor.py:186} INFO - Started process (PID=10910) to work on /opt/airflow/dags/health_check_kafka_server.py
[2026-05-31T08:04:45.881+0000] {processor.py:914} INFO - Processing file /opt/airflow/dags/health_check_kafka_server.py for tasks to queue
[2026-05-31T08:04:45.887+0000] {logging_mixin.py:190} INFO - [2026-05-31T08:04:45.886+0000] {dagbag.py:588} INFO - Filling up the DagBag from /opt/airflow/dags/health_check_kafka_server.py
[2026-05-31T08:04:45.908+0000] {processor.py:925} INFO - DAG(s) 'health_check_kafka_server' retrieved from /opt/airflow/dags/health_check_kafka_server.py
[2026-05-31T08:04:45.936+0000] {logging_mixin.py:190} INFO - [2026-05-31T08:04:45.935+0000] {dag.py:3239} INFO - Sync 1 DAGs
[2026-05-31T08:04:45.979+0000] {logging_mixin.py:190} INFO - [2026-05-31T08:04:45.979+0000] {dag.py:4180} INFO - Setting next_dagrun for health_check_kafka_server to 2026-05-31 08:02:00+00:00, run_after=2026-05-31 08:04:00+00:00
[2026-05-31T08:04:46.000+0000] {processor.py:208} INFO - Processing /opt/airflow/dags/health_check_kafka_server.py took 0.130 seconds
[2026-05-31T08:05:16.145+0000] {processor.py:186} INFO - Started process (PID=10934) to work on /opt/airflow/dags/health_check_kafka_server.py
[2026-05-31T08:05:16.146+0000] {processor.py:914} INFO - Processing file /opt/airflow/dags/health_check_kafka_server.py for tasks to queue
[2026-05-31T08:05:16.151+0000] {logging_mixin.py:190} INFO - [2026-05-31T08:05:16.150+0000] {dagbag.py:588} INFO - Filling up the DagBag from /opt/airflow/dags/health_check_kafka_server.py
[2026-05-31T08:05:16.164+0000] {processor.py:925} INFO - DAG(s) 'health_check_kafka_server' retrieved from /opt/airflow/dags/health_check_kafka_server.py
[2026-05-31T08:05:16.182+0000] {logging_mixin.py:190} INFO - [2026-05-31T08:05:16.182+0000] {dag.py:3239} INFO - Sync 1 DAGs
[2026-05-31T08:05:16.202+0000] {logging_mixin.py:190} INFO - [2026-05-31T08:05:16.202+0000] {dag.py:4180} INFO - Setting next_dagrun for health_check_kafka_server to 2026-05-31 08:02:00+00:00, run_after=2026-05-31 08:04:00+00:00
[2026-05-31T08:05:16.217+0000] {processor.py:208} INFO - Processing /opt/airflow/dags/health_check_kafka_server.py took 0.078 seconds
[2026-05-31T08:05:46.423+0000] {processor.py:186} INFO - Started process (PID=10959) to work on /opt/airflow/dags/health_check_kafka_server.py
[2026-05-31T08:05:46.424+0000] {processor.py:914} INFO - Processing file /opt/airflow/dags/health_check_kafka_server.py for tasks to queue
[2026-05-31T08:05:46.427+0000] {logging_mixin.py:190} INFO - [2026-05-31T08:05:46.426+0000] {dagbag.py:588} INFO - Filling up the DagBag from /opt/airflow/dags/health_check_kafka_server.py
[2026-05-31T08:05:46.436+0000] {processor.py:925} INFO - DAG(s) 'health_check_kafka_server' retrieved from /opt/airflow/dags/health_check_kafka_server.py
[2026-05-31T08:05:46.456+0000] {logging_mixin.py:190} INFO - [2026-05-31T08:05:46.456+0000] {dag.py:3239} INFO - Sync 1 DAGs
[2026-05-31T08:05:46.476+0000] {logging_mixin.py:190} INFO - [2026-05-31T08:05:46.475+0000] {dag.py:4180} INFO - Setting next_dagrun for health_check_kafka_server to 2026-05-31 08:02:00+00:00, run_after=2026-05-31 08:04:00+00:00
[2026-05-31T08:05:46.488+0000] {processor.py:208} INFO - Processing /opt/airflow/dags/health_check_kafka_server.py took 0.070 seconds
[2026-05-31T08:06:16.687+0000] {processor.py:186} INFO - Started process (PID=10983) to work on /opt/airflow/dags/health_check_kafka_server.py
[2026-05-31T08:06:16.688+0000] {processor.py:914} INFO - Processing file /opt/airflow/dags/health_check_kafka_server.py for tasks to queue
[2026-05-31T08:06:16.690+0000] {logging_mixin.py:190} INFO - [2026-05-31T08:06:16.690+0000] {dagbag.py:588} INFO - Filling up the DagBag from /opt/airflow/dags/health_check_kafka_server.py
[2026-05-31T08:06:16.699+0000] {processor.py:925} INFO - DAG(s) 'health_check_kafka_server' retrieved from /opt/airflow/dags/health_check_kafka_server.py
[2026-05-31T08:06:16.718+0000] {logging_mixin.py:190} INFO - [2026-05-31T08:06:16.718+0000] {dag.py:3239} INFO - Sync 1 DAGs
[2026-05-31T08:06:16.738+0000] {logging_mixin.py:190} INFO - [2026-05-31T08:06:16.738+0000] {dag.py:4180} INFO - Setting next_dagrun for health_check_kafka_server to 2026-05-31 08:04:00+00:00, run_after=2026-05-31 08:06:00+00:00
[2026-05-31T08:06:16.751+0000] {processor.py:208} INFO - Processing /opt/airflow/dags/health_check_kafka_server.py took 0.070 seconds
[2026-05-31T08:06:47.653+0000] {processor.py:186} INFO - Started process (PID=11008) to work on /opt/airflow/dags/health_check_kafka_server.py
[2026-05-31T08:06:47.654+0000] {processor.py:914} INFO - Processing file /opt/airflow/dags/health_check_kafka_server.py for tasks to queue
[2026-05-31T08:06:47.656+0000] {logging_mixin.py:190} INFO - [2026-05-31T08:06:47.656+0000] {dagbag.py:588} INFO - Filling up the DagBag from /opt/airflow/dags/health_check_kafka_server.py
[2026-05-31T08:06:47.665+0000] {processor.py:925} INFO - DAG(s) 'health_check_kafka_server' retrieved from /opt/airflow/dags/health_check_kafka_server.py
[2026-05-31T08:06:47.682+0000] {logging_mixin.py:190} INFO - [2026-05-31T08:06:47.682+0000] {dag.py:3239} INFO - Sync 1 DAGs
[2026-05-31T08:06:47.702+0000] {logging_mixin.py:190} INFO - [2026-05-31T08:06:47.701+0000] {dag.py:4180} INFO - Setting next_dagrun for health_check_kafka_server to 2026-05-31 08:04:00+00:00, run_after=2026-05-31 08:06:00+00:00
[2026-05-31T08:06:47.716+0000] {processor.py:208} INFO - Processing /opt/airflow/dags/health_check_kafka_server.py took 0.067 seconds
[2026-05-31T08:07:18.620+0000] {processor.py:186} INFO - Started process (PID=11028) to work on /opt/airflow/dags/health_check_kafka_server.py
[2026-05-31T08:07:18.621+0000] {processor.py:914} INFO - Processing file /opt/airflow/dags/health_check_kafka_server.py for tasks to queue
[2026-05-31T08:07:18.623+0000] {logging_mixin.py:190} INFO - [2026-05-31T08:07:18.622+0000] {dagbag.py:588} INFO - Filling up the DagBag from /opt/airflow/dags/health_check_kafka_server.py
[2026-05-31T08:07:18.632+0000] {processor.py:925} INFO - DAG(s) 'health_check_kafka_server' retrieved from /opt/airflow/dags/health_check_kafka_server.py
[2026-05-31T08:07:18.650+0000] {logging_mixin.py:190} INFO - [2026-05-31T08:07:18.650+0000] {dag.py:3239} INFO - Sync 1 DAGs
[2026-05-31T08:07:18.671+0000] {logging_mixin.py:190} INFO - [2026-05-31T08:07:18.671+0000] {dag.py:4180} INFO - Setting next_dagrun for health_check_kafka_server to 2026-05-31 08:04:00+00:00, run_after=2026-05-31 08:06:00+00:00
[2026-05-31T08:07:18.685+0000] {processor.py:208} INFO - Processing /opt/airflow/dags/health_check_kafka_server.py took 0.070 seconds
[2026-05-31T08:07:49.657+0000] {processor.py:186} INFO - Started process (PID=11050) to work on /opt/airflow/dags/health_check_kafka_server.py
[2026-05-31T08:07:49.657+0000] {processor.py:914} INFO - Processing file /opt/airflow/dags/health_check_kafka_server.py for tasks to queue
[2026-05-31T08:07:49.660+0000] {logging_mixin.py:190} INFO - [2026-05-31T08:07:49.660+0000] {dagbag.py:588} INFO - Filling up the DagBag from /opt/airflow/dags/health_check_kafka_server.py
[2026-05-31T08:07:49.669+0000] {processor.py:925} INFO - DAG(s) 'health_check_kafka_server' retrieved from /opt/airflow/dags/health_check_kafka_server.py
[2026-05-31T08:07:49.696+0000] {logging_mixin.py:190} INFO - [2026-05-31T08:07:49.696+0000] {dag.py:3239} INFO - Sync 1 DAGs
[2026-05-31T08:07:49.719+0000] {logging_mixin.py:190} INFO - [2026-05-31T08:07:49.719+0000] {dag.py:4180} INFO - Setting next_dagrun for health_check_kafka_server to 2026-05-31 08:04:00+00:00, run_after=2026-05-31 08:06:00+00:00
[2026-05-31T08:07:49.733+0000] {processor.py:208} INFO - Processing /opt/airflow/dags/health_check_kafka_server.py took 0.081 seconds
[2026-05-31T08:08:19.776+0000] {processor.py:186} INFO - Started process (PID=11075) to work on /opt/airflow/dags/health_check_kafka_server.py
[2026-05-31T08:08:19.777+0000] {processor.py:914} INFO - Processing file /opt/airflow/dags/health_check_kafka_server.py for tasks to queue
[2026-05-31T08:08:19.779+0000] {logging_mixin.py:190} INFO - [2026-05-31T08:08:19.779+0000] {dagbag.py:588} INFO - Filling up the DagBag from /opt/airflow/dags/health_check_kafka_server.py
[2026-05-31T08:08:19.788+0000] {processor.py:925} INFO - DAG(s) 'health_check_kafka_server' retrieved from /opt/airflow/dags/health_check_kafka_server.py
[2026-05-31T08:08:19.806+0000] {logging_mixin.py:190} INFO - [2026-05-31T08:08:19.806+0000] {dag.py:3239} INFO - Sync 1 DAGs
[2026-05-31T08:08:19.827+0000] {logging_mixin.py:190} INFO - [2026-05-31T08:08:19.827+0000] {dag.py:4180} INFO - Setting next_dagrun for health_check_kafka_server to 2026-05-31 08:06:00+00:00, run_after=2026-05-31 08:08:00+00:00
[2026-05-31T08:08:19.840+0000] {processor.py:208} INFO - Processing /opt/airflow/dags/health_check_kafka_server.py took 0.069 seconds
[2026-05-31T08:08:50.466+0000] {processor.py:186} INFO - Started process (PID=11099) to work on /opt/airflow/dags/health_check_kafka_server.py
[2026-05-31T08:08:50.469+0000] {processor.py:914} INFO - Processing file /opt/airflow/dags/health_check_kafka_server.py for tasks to queue
[2026-05-31T08:08:50.474+0000] {logging_mixin.py:190} INFO - [2026-05-31T08:08:50.474+0000] {dagbag.py:588} INFO - Filling up the DagBag from /opt/airflow/dags/health_check_kafka_server.py
[2026-05-31T08:08:50.487+0000] {processor.py:925} INFO - DAG(s) 'health_check_kafka_server' retrieved from /opt/airflow/dags/health_check_kafka_server.py
[2026-05-31T08:08:50.510+0000] {logging_mixin.py:190} INFO - [2026-05-31T08:08:50.510+0000] {dag.py:3239} INFO - Sync 1 DAGs
[2026-05-31T08:08:50.536+0000] {logging_mixin.py:190} INFO - [2026-05-31T08:08:50.536+0000] {dag.py:4180} INFO - Setting next_dagrun for health_check_kafka_server to 2026-05-31 08:06:00+00:00, run_after=2026-05-31 08:08:00+00:00
[2026-05-31T08:08:50.556+0000] {processor.py:208} INFO - Processing /opt/airflow/dags/health_check_kafka_server.py took 0.095 seconds
[2026-05-31T08:09:21.162+0000] {processor.py:186} INFO - Started process (PID=11123) to work on /opt/airflow/dags/health_check_kafka_server.py
[2026-05-31T08:09:21.162+0000] {processor.py:914} INFO - Processing file /opt/airflow/dags/health_check_kafka_server.py for tasks to queue
[2026-05-31T08:09:21.165+0000] {logging_mixin.py:190} INFO - [2026-05-31T08:09:21.164+0000] {dagbag.py:588} INFO - Filling up the DagBag from /opt/airflow/dags/health_check_kafka_server.py
[2026-05-31T08:09:21.176+0000] {processor.py:925} INFO - DAG(s) 'health_check_kafka_server' retrieved from /opt/airflow/dags/health_check_kafka_server.py
[2026-05-31T08:09:21.196+0000] {logging_mixin.py:190} INFO - [2026-05-31T08:09:21.195+0000] {dag.py:3239} INFO - Sync 1 DAGs
[2026-05-31T08:09:21.217+0000] {logging_mixin.py:190} INFO - [2026-05-31T08:09:21.217+0000] {dag.py:4180} INFO - Setting next_dagrun for health_check_kafka_server to 2026-05-31 08:06:00+00:00, run_after=2026-05-31 08:08:00+00:00
[2026-05-31T08:09:21.231+0000] {processor.py:208} INFO - Processing /opt/airflow/dags/health_check_kafka_server.py took 0.074 seconds
[2026-05-31T08:09:51.977+0000] {processor.py:186} INFO - Started process (PID=11147) to work on /opt/airflow/dags/health_check_kafka_server.py
[2026-05-31T08:09:51.978+0000] {processor.py:914} INFO - Processing file /opt/airflow/dags/health_check_kafka_server.py for tasks to queue
[2026-05-31T08:09:51.981+0000] {logging_mixin.py:190} INFO - [2026-05-31T08:09:51.980+0000] {dagbag.py:588} INFO - Filling up the DagBag from /opt/airflow/dags/health_check_kafka_server.py
[2026-05-31T08:09:51.992+0000] {processor.py:925} INFO - DAG(s) 'health_check_kafka_server' retrieved from /opt/airflow/dags/health_check_kafka_server.py
[2026-05-31T08:09:52.011+0000] {logging_mixin.py:190} INFO - [2026-05-31T08:09:52.011+0000] {dag.py:3239} INFO - Sync 1 DAGs
[2026-05-31T08:09:52.031+0000] {logging_mixin.py:190} INFO - [2026-05-31T08:09:52.031+0000] {dag.py:4180} INFO - Setting next_dagrun for health_check_kafka_server to 2026-05-31 08:06:00+00:00, run_after=2026-05-31 08:08:00+00:00
[2026-05-31T08:09:52.045+0000] {processor.py:208} INFO - Processing /opt/airflow/dags/health_check_kafka_server.py took 0.073 seconds
[2026-05-31T08:10:22.649+0000] {processor.py:186} INFO - Started process (PID=11171) to work on /opt/airflow/dags/health_check_kafka_server.py
[2026-05-31T08:10:22.650+0000] {processor.py:914} INFO - Processing file /opt/airflow/dags/health_check_kafka_server.py for tasks to queue
[2026-05-31T08:10:22.651+0000] {logging_mixin.py:190} INFO - [2026-05-31T08:10:22.651+0000] {dagbag.py:588} INFO - Filling up the DagBag from /opt/airflow/dags/health_check_kafka_server.py
[2026-05-31T08:10:22.661+0000] {processor.py:925} INFO - DAG(s) 'health_check_kafka_server' retrieved from /opt/airflow/dags/health_check_kafka_server.py
[2026-05-31T08:10:22.680+0000] {logging_mixin.py:190} INFO - [2026-05-31T08:10:22.680+0000] {dag.py:3239} INFO - Sync 1 DAGs
[2026-05-31T08:10:22.701+0000] {logging_mixin.py:190} INFO - [2026-05-31T08:10:22.700+0000] {dag.py:4180} INFO - Setting next_dagrun for health_check_kafka_server to 2026-05-31 08:08:00+00:00, run_after=2026-05-31 08:10:00+00:00
[2026-05-31T08:10:22.713+0000] {processor.py:208} INFO - Processing /opt/airflow/dags/health_check_kafka_server.py took 0.069 seconds
[2026-05-31T08:10:52.768+0000] {processor.py:186} INFO - Started process (PID=11195) to work on /opt/airflow/dags/health_check_kafka_server.py
[2026-05-31T08:10:52.769+0000] {processor.py:914} INFO - Processing file /opt/airflow/dags/health_check_kafka_server.py for tasks to queue
[2026-05-31T08:10:52.772+0000] {logging_mixin.py:190} INFO - [2026-05-31T08:10:52.771+0000] {dagbag.py:588} INFO - Filling up the DagBag from /opt/airflow/dags/health_check_kafka_server.py
[2026-05-31T08:10:52.781+0000] {processor.py:925} INFO - DAG(s) 'health_check_kafka_server' retrieved from /opt/airflow/dags/health_check_kafka_server.py
[2026-05-31T08:10:52.799+0000] {logging_mixin.py:190} INFO - [2026-05-31T08:10:52.799+0000] {dag.py:3239} INFO - Sync 1 DAGs
[2026-05-31T08:10:52.820+0000] {logging_mixin.py:190} INFO - [2026-05-31T08:10:52.820+0000] {dag.py:4180} INFO - Setting next_dagrun for health_check_kafka_server to 2026-05-31 08:08:00+00:00, run_after=2026-05-31 08:10:00+00:00
[2026-05-31T08:10:52.834+0000] {processor.py:208} INFO - Processing /opt/airflow/dags/health_check_kafka_server.py took 0.070 seconds
[2026-05-31T08:11:22.875+0000] {processor.py:186} INFO - Started process (PID=11219) to work on /opt/airflow/dags/health_check_kafka_server.py
[2026-05-31T08:11:22.876+0000] {processor.py:914} INFO - Processing file /opt/airflow/dags/health_check_kafka_server.py for tasks to queue
[2026-05-31T08:11:22.880+0000] {logging_mixin.py:190} INFO - [2026-05-31T08:11:22.879+0000] {dagbag.py:588} INFO - Filling up the DagBag from /opt/airflow/dags/health_check_kafka_server.py
[2026-05-31T08:11:22.891+0000] {processor.py:925} INFO - DAG(s) 'health_check_kafka_server' retrieved from /opt/airflow/dags/health_check_kafka_server.py
[2026-05-31T08:11:22.910+0000] {logging_mixin.py:190} INFO - [2026-05-31T08:11:22.910+0000] {dag.py:3239} INFO - Sync 1 DAGs
[2026-05-31T08:11:22.930+0000] {logging_mixin.py:190} INFO - [2026-05-31T08:11:22.929+0000] {dag.py:4180} INFO - Setting next_dagrun for health_check_kafka_server to 2026-05-31 08:08:00+00:00, run_after=2026-05-31 08:10:00+00:00
[2026-05-31T08:11:22.945+0000] {processor.py:208} INFO - Processing /opt/airflow/dags/health_check_kafka_server.py took 0.074 seconds
[2026-05-31T08:11:53.019+0000] {processor.py:186} INFO - Started process (PID=11243) to work on /opt/airflow/dags/health_check_kafka_server.py
[2026-05-31T08:11:53.021+0000] {processor.py:914} INFO - Processing file /opt/airflow/dags/health_check_kafka_server.py for tasks to queue
[2026-05-31T08:11:53.024+0000] {logging_mixin.py:190} INFO - [2026-05-31T08:11:53.023+0000] {dagbag.py:588} INFO - Filling up the DagBag from /opt/airflow/dags/health_check_kafka_server.py
[2026-05-31T08:11:53.037+0000] {processor.py:925} INFO - DAG(s) 'health_check_kafka_server' retrieved from /opt/airflow/dags/health_check_kafka_server.py
[2026-05-31T08:11:53.057+0000] {logging_mixin.py:190} INFO - [2026-05-31T08:11:53.056+0000] {dag.py:3239} INFO - Sync 1 DAGs
[2026-05-31T08:11:53.079+0000] {logging_mixin.py:190} INFO - [2026-05-31T08:11:53.078+0000] {dag.py:4180} INFO - Setting next_dagrun for health_check_kafka_server to 2026-05-31 08:08:00+00:00, run_after=2026-05-31 08:10:00+00:00
[2026-05-31T08:11:53.091+0000] {processor.py:208} INFO - Processing /opt/airflow/dags/health_check_kafka_server.py took 0.076 seconds
[2026-05-31T08:12:23.125+0000] {processor.py:186} INFO - Started process (PID=11267) to work on /opt/airflow/dags/health_check_kafka_server.py
[2026-05-31T08:12:23.126+0000] {processor.py:914} INFO - Processing file /opt/airflow/dags/health_check_kafka_server.py for tasks to queue
[2026-05-31T08:12:23.128+0000] {logging_mixin.py:190} INFO - [2026-05-31T08:12:23.128+0000] {dagbag.py:588} INFO - Filling up the DagBag from /opt/airflow/dags/health_check_kafka_server.py
[2026-05-31T08:12:23.137+0000] {processor.py:925} INFO - DAG(s) 'health_check_kafka_server' retrieved from /opt/airflow/dags/health_check_kafka_server.py
[2026-05-31T08:12:23.155+0000] {logging_mixin.py:190} INFO - [2026-05-31T08:12:23.155+0000] {dag.py:3239} INFO - Sync 1 DAGs
[2026-05-31T08:12:23.174+0000] {logging_mixin.py:190} INFO - [2026-05-31T08:12:23.174+0000] {dag.py:4180} INFO - Setting next_dagrun for health_check_kafka_server to 2026-05-31 08:10:00+00:00, run_after=2026-05-31 08:12:00+00:00
[2026-05-31T08:12:23.191+0000] {processor.py:208} INFO - Processing /opt/airflow/dags/health_check_kafka_server.py took 0.070 seconds
[2026-05-31T08:12:53.325+0000] {processor.py:186} INFO - Started process (PID=11291) to work on /opt/airflow/dags/health_check_kafka_server.py
[2026-05-31T08:12:53.329+0000] {processor.py:914} INFO - Processing file /opt/airflow/dags/health_check_kafka_server.py for tasks to queue
[2026-05-31T08:12:53.334+0000] {logging_mixin.py:190} INFO - [2026-05-31T08:12:53.334+0000] {dagbag.py:588} INFO - Filling up the DagBag from /opt/airflow/dags/health_check_kafka_server.py
[2026-05-31T08:12:53.359+0000] {processor.py:925} INFO - DAG(s) 'health_check_kafka_server' retrieved from /opt/airflow/dags/health_check_kafka_server.py
[2026-05-31T08:12:53.397+0000] {logging_mixin.py:190} INFO - [2026-05-31T08:12:53.397+0000] {dag.py:3239} INFO - Sync 1 DAGs
[2026-05-31T08:12:53.437+0000] {logging_mixin.py:190} INFO - [2026-05-31T08:12:53.437+0000] {dag.py:4180} INFO - Setting next_dagrun for health_check_kafka_server to 2026-05-31 08:10:00+00:00, run_after=2026-05-31 08:12:00+00:00
[2026-05-31T08:12:53.459+0000] {processor.py:208} INFO - Processing /opt/airflow/dags/health_check_kafka_server.py took 0.142 seconds
[2026-05-31T08:13:23.766+0000] {processor.py:186} INFO - Started process (PID=11315) to work on /opt/airflow/dags/health_check_kafka_server.py
[2026-05-31T08:13:23.768+0000] {processor.py:914} INFO - Processing file /opt/airflow/dags/health_check_kafka_server.py for tasks to queue
[2026-05-31T08:13:23.770+0000] {logging_mixin.py:190} INFO - [2026-05-31T08:13:23.770+0000] {dagbag.py:588} INFO - Filling up the DagBag from /opt/airflow/dags/health_check_kafka_server.py
[2026-05-31T08:13:23.780+0000] {processor.py:925} INFO - DAG(s) 'health_check_kafka_server' retrieved from /opt/airflow/dags/health_check_kafka_server.py
[2026-05-31T08:13:23.798+0000] {logging_mixin.py:190} INFO - [2026-05-31T08:13:23.798+0000] {dag.py:3239} INFO - Sync 1 DAGs
[2026-05-31T08:13:23.829+0000] {logging_mixin.py:190} INFO - [2026-05-31T08:13:23.829+0000] {dag.py:4180} INFO - Setting next_dagrun for health_check_kafka_server to 2026-05-31 08:10:00+00:00, run_after=2026-05-31 08:12:00+00:00
[2026-05-31T08:13:23.844+0000] {processor.py:208} INFO - Processing /opt/airflow/dags/health_check_kafka_server.py took 0.083 seconds
[2026-05-31T08:13:54.794+0000] {processor.py:186} INFO - Started process (PID=11339) to work on /opt/airflow/dags/health_check_kafka_server.py
[2026-05-31T08:13:54.795+0000] {processor.py:914} INFO - Processing file /opt/airflow/dags/health_check_kafka_server.py for tasks to queue
[2026-05-31T08:13:54.798+0000] {logging_mixin.py:190} INFO - [2026-05-31T08:13:54.797+0000] {dagbag.py:588} INFO - Filling up the DagBag from /opt/airflow/dags/health_check_kafka_server.py
[2026-05-31T08:13:54.806+0000] {processor.py:925} INFO - DAG(s) 'health_check_kafka_server' retrieved from /opt/airflow/dags/health_check_kafka_server.py
[2026-05-31T08:13:54.825+0000] {logging_mixin.py:190} INFO - [2026-05-31T08:13:54.825+0000] {dag.py:3239} INFO - Sync 1 DAGs
[2026-05-31T08:13:54.850+0000] {logging_mixin.py:190} INFO - [2026-05-31T08:13:54.850+0000] {dag.py:4180} INFO - Setting next_dagrun for health_check_kafka_server to 2026-05-31 08:10:00+00:00, run_after=2026-05-31 08:12:00+00:00
[2026-05-31T08:13:54.865+0000] {processor.py:208} INFO - Processing /opt/airflow/dags/health_check_kafka_server.py took 0.080 seconds
[2026-05-31T08:14:25.728+0000] {processor.py:186} INFO - Started process (PID=11358) to work on /opt/airflow/dags/health_check_kafka_server.py
[2026-05-31T08:14:25.729+0000] {processor.py:914} INFO - Processing file /opt/airflow/dags/health_check_kafka_server.py for tasks to queue
[2026-05-31T08:14:25.731+0000] {logging_mixin.py:190} INFO - [2026-05-31T08:14:25.731+0000] {dagbag.py:588} INFO - Filling up the DagBag from /opt/airflow/dags/health_check_kafka_server.py
[2026-05-31T08:14:25.740+0000] {processor.py:925} INFO - DAG(s) 'health_check_kafka_server' retrieved from /opt/airflow/dags/health_check_kafka_server.py
[2026-05-31T08:14:25.757+0000] {logging_mixin.py:190} INFO - [2026-05-31T08:14:25.757+0000] {dag.py:3239} INFO - Sync 1 DAGs
[2026-05-31T08:14:25.778+0000] {logging_mixin.py:190} INFO - [2026-05-31T08:14:25.778+0000] {dag.py:4180} INFO - Setting next_dagrun for health_check_kafka_server to 2026-05-31 08:12:00+00:00, run_after=2026-05-31 08:14:00+00:00
[2026-05-31T08:14:25.791+0000] {processor.py:208} INFO - Processing /opt/airflow/dags/health_check_kafka_server.py took 0.068 seconds
[2026-05-31T08:14:56.579+0000] {processor.py:186} INFO - Started process (PID=11381) to work on /opt/airflow/dags/health_check_kafka_server.py
[2026-05-31T08:14:56.580+0000] {processor.py:914} INFO - Processing file /opt/airflow/dags/health_check_kafka_server.py for tasks to queue
[2026-05-31T08:14:56.582+0000] {logging_mixin.py:190} INFO - [2026-05-31T08:14:56.582+0000] {dagbag.py:588} INFO - Filling up the DagBag from /opt/airflow/dags/health_check_kafka_server.py
[2026-05-31T08:14:56.592+0000] {processor.py:925} INFO - DAG(s) 'health_check_kafka_server' retrieved from /opt/airflow/dags/health_check_kafka_server.py
[2026-05-31T08:14:56.615+0000] {logging_mixin.py:190} INFO - [2026-05-31T08:14:56.615+0000] {dag.py:3239} INFO - Sync 1 DAGs
[2026-05-31T08:14:56.638+0000] {logging_mixin.py:190} INFO - [2026-05-31T08:14:56.638+0000] {dag.py:4180} INFO - Setting next_dagrun for health_check_kafka_server to 2026-05-31 08:12:00+00:00, run_after=2026-05-31 08:14:00+00:00
[2026-05-31T08:14:56.651+0000] {processor.py:208} INFO - Processing /opt/airflow/dags/health_check_kafka_server.py took 0.077 seconds
[2026-05-31T08:15:27.421+0000] {processor.py:186} INFO - Started process (PID=11406) to work on /opt/airflow/dags/health_check_kafka_server.py
[2026-05-31T08:15:27.422+0000] {processor.py:914} INFO - Processing file /opt/airflow/dags/health_check_kafka_server.py for tasks to queue
[2026-05-31T08:15:27.423+0000] {logging_mixin.py:190} INFO - [2026-05-31T08:15:27.423+0000] {dagbag.py:588} INFO - Filling up the DagBag from /opt/airflow/dags/health_check_kafka_server.py
[2026-05-31T08:15:27.433+0000] {processor.py:925} INFO - DAG(s) 'health_check_kafka_server' retrieved from /opt/airflow/dags/health_check_kafka_server.py
[2026-05-31T08:15:27.453+0000] {logging_mixin.py:190} INFO - [2026-05-31T08:15:27.453+0000] {dag.py:3239} INFO - Sync 1 DAGs
[2026-05-31T08:15:27.475+0000] {logging_mixin.py:190} INFO - [2026-05-31T08:15:27.475+0000] {dag.py:4180} INFO - Setting next_dagrun for health_check_kafka_server to 2026-05-31 08:12:00+00:00, run_after=2026-05-31 08:14:00+00:00
[2026-05-31T08:15:27.491+0000] {processor.py:208} INFO - Processing /opt/airflow/dags/health_check_kafka_server.py took 0.076 seconds
[2026-05-31T08:15:57.614+0000] {processor.py:186} INFO - Started process (PID=11430) to work on /opt/airflow/dags/health_check_kafka_server.py
[2026-05-31T08:15:57.615+0000] {processor.py:914} INFO - Processing file /opt/airflow/dags/health_check_kafka_server.py for tasks to queue
[2026-05-31T08:15:57.617+0000] {logging_mixin.py:190} INFO - [2026-05-31T08:15:57.617+0000] {dagbag.py:588} INFO - Filling up the DagBag from /opt/airflow/dags/health_check_kafka_server.py
[2026-05-31T08:15:57.631+0000] {processor.py:925} INFO - DAG(s) 'health_check_kafka_server' retrieved from /opt/airflow/dags/health_check_kafka_server.py
[2026-05-31T08:15:57.648+0000] {logging_mixin.py:190} INFO - [2026-05-31T08:15:57.648+0000] {dag.py:3239} INFO - Sync 1 DAGs
[2026-05-31T08:15:57.670+0000] {logging_mixin.py:190} INFO - [2026-05-31T08:15:57.669+0000] {dag.py:4180} INFO - Setting next_dagrun for health_check_kafka_server to 2026-05-31 08:12:00+00:00, run_after=2026-05-31 08:14:00+00:00
[2026-05-31T08:15:57.683+0000] {processor.py:208} INFO - Processing /opt/airflow/dags/health_check_kafka_server.py took 0.074 seconds
[2026-05-31T08:16:27.813+0000] {processor.py:186} INFO - Started process (PID=11454) to work on /opt/airflow/dags/health_check_kafka_server.py
[2026-05-31T08:16:27.814+0000] {processor.py:914} INFO - Processing file /opt/airflow/dags/health_check_kafka_server.py for tasks to queue
[2026-05-31T08:16:27.818+0000] {logging_mixin.py:190} INFO - [2026-05-31T08:16:27.817+0000] {dagbag.py:588} INFO - Filling up the DagBag from /opt/airflow/dags/health_check_kafka_server.py
[2026-05-31T08:16:27.840+0000] {processor.py:925} INFO - DAG(s) 'health_check_kafka_server' retrieved from /opt/airflow/dags/health_check_kafka_server.py
[2026-05-31T08:16:27.880+0000] {logging_mixin.py:190} INFO - [2026-05-31T08:16:27.880+0000] {dag.py:3239} INFO - Sync 1 DAGs
[2026-05-31T08:16:27.916+0000] {logging_mixin.py:190} INFO - [2026-05-31T08:16:27.916+0000] {dag.py:4180} INFO - Setting next_dagrun for health_check_kafka_server to 2026-05-31 08:14:00+00:00, run_after=2026-05-31 08:16:00+00:00
[2026-05-31T08:16:27.948+0000] {processor.py:208} INFO - Processing /opt/airflow/dags/health_check_kafka_server.py took 0.148 seconds
[2026-05-31T08:16:58.279+0000] {processor.py:186} INFO - Started process (PID=11478) to work on /opt/airflow/dags/health_check_kafka_server.py
[2026-05-31T08:16:58.281+0000] {processor.py:914} INFO - Processing file /opt/airflow/dags/health_check_kafka_server.py for tasks to queue
[2026-05-31T08:16:58.285+0000] {logging_mixin.py:190} INFO - [2026-05-31T08:16:58.285+0000] {dagbag.py:588} INFO - Filling up the DagBag from /opt/airflow/dags/health_check_kafka_server.py
[2026-05-31T08:16:58.296+0000] {processor.py:925} INFO - DAG(s) 'health_check_kafka_server' retrieved from /opt/airflow/dags/health_check_kafka_server.py
[2026-05-31T08:16:58.314+0000] {logging_mixin.py:190} INFO - [2026-05-31T08:16:58.314+0000] {dag.py:3239} INFO - Sync 1 DAGs
[2026-05-31T08:16:58.334+0000] {logging_mixin.py:190} INFO - [2026-05-31T08:16:58.334+0000] {dag.py:4180} INFO - Setting next_dagrun for health_check_kafka_server to 2026-05-31 08:14:00+00:00, run_after=2026-05-31 08:16:00+00:00
[2026-05-31T08:16:58.346+0000] {processor.py:208} INFO - Processing /opt/airflow/dags/health_check_kafka_server.py took 0.072 seconds
[2026-05-31T08:17:28.554+0000] {processor.py:186} INFO - Started process (PID=11503) to work on /opt/airflow/dags/health_check_kafka_server.py
[2026-05-31T08:17:28.556+0000] {processor.py:914} INFO - Processing file /opt/airflow/dags/health_check_kafka_server.py for tasks to queue
[2026-05-31T08:17:28.559+0000] {logging_mixin.py:190} INFO - [2026-05-31T08:17:28.559+0000] {dagbag.py:588} INFO - Filling up the DagBag from /opt/airflow/dags/health_check_kafka_server.py
[2026-05-31T08:17:28.569+0000] {processor.py:925} INFO - DAG(s) 'health_check_kafka_server' retrieved from /opt/airflow/dags/health_check_kafka_server.py
[2026-05-31T08:17:28.588+0000] {logging_mixin.py:190} INFO - [2026-05-31T08:17:28.587+0000] {dag.py:3239} INFO - Sync 1 DAGs
[2026-05-31T08:17:28.608+0000] {logging_mixin.py:190} INFO - [2026-05-31T08:17:28.607+0000] {dag.py:4180} INFO - Setting next_dagrun for health_check_kafka_server to 2026-05-31 08:14:00+00:00, run_after=2026-05-31 08:16:00+00:00
[2026-05-31T08:17:28.623+0000] {processor.py:208} INFO - Processing /opt/airflow/dags/health_check_kafka_server.py took 0.078 seconds
[2026-05-31T08:17:58.908+0000] {processor.py:186} INFO - Started process (PID=11527) to work on /opt/airflow/dags/health_check_kafka_server.py
[2026-05-31T08:17:58.910+0000] {processor.py:914} INFO - Processing file /opt/airflow/dags/health_check_kafka_server.py for tasks to queue
[2026-05-31T08:17:58.912+0000] {logging_mixin.py:190} INFO - [2026-05-31T08:17:58.911+0000] {dagbag.py:588} INFO - Filling up the DagBag from /opt/airflow/dags/health_check_kafka_server.py
[2026-05-31T08:17:58.925+0000] {processor.py:925} INFO - DAG(s) 'health_check_kafka_server' retrieved from /opt/airflow/dags/health_check_kafka_server.py
[2026-05-31T08:17:58.944+0000] {logging_mixin.py:190} INFO - [2026-05-31T08:17:58.944+0000] {dag.py:3239} INFO - Sync 1 DAGs
[2026-05-31T08:17:58.963+0000] {logging_mixin.py:190} INFO - [2026-05-31T08:17:58.963+0000] {dag.py:4180} INFO - Setting next_dagrun for health_check_kafka_server to 2026-05-31 08:14:00+00:00, run_after=2026-05-31 08:16:00+00:00
[2026-05-31T08:17:58.975+0000] {processor.py:208} INFO - Processing /opt/airflow/dags/health_check_kafka_server.py took 0.072 seconds
[2026-05-31T08:18:29.030+0000] {processor.py:186} INFO - Started process (PID=11551) to work on /opt/airflow/dags/health_check_kafka_server.py
[2026-05-31T08:18:29.031+0000] {processor.py:914} INFO - Processing file /opt/airflow/dags/health_check_kafka_server.py for tasks to queue
[2026-05-31T08:18:29.033+0000] {logging_mixin.py:190} INFO - [2026-05-31T08:18:29.033+0000] {dagbag.py:588} INFO - Filling up the DagBag from /opt/airflow/dags/health_check_kafka_server.py
[2026-05-31T08:18:29.042+0000] {processor.py:925} INFO - DAG(s) 'health_check_kafka_server' retrieved from /opt/airflow/dags/health_check_kafka_server.py
[2026-05-31T08:18:29.060+0000] {logging_mixin.py:190} INFO - [2026-05-31T08:18:29.060+0000] {dag.py:3239} INFO - Sync 1 DAGs
[2026-05-31T08:18:29.081+0000] {logging_mixin.py:190} INFO - [2026-05-31T08:18:29.081+0000] {dag.py:4180} INFO - Setting next_dagrun for health_check_kafka_server to 2026-05-31 08:16:00+00:00, run_after=2026-05-31 08:18:00+00:00
[2026-05-31T08:18:29.095+0000] {processor.py:208} INFO - Processing /opt/airflow/dags/health_check_kafka_server.py took 0.070 seconds
[2026-05-31T08:18:59.228+0000] {processor.py:186} INFO - Started process (PID=11575) to work on /opt/airflow/dags/health_check_kafka_server.py
[2026-05-31T08:18:59.230+0000] {processor.py:914} INFO - Processing file /opt/airflow/dags/health_check_kafka_server.py for tasks to queue
[2026-05-31T08:18:59.232+0000] {logging_mixin.py:190} INFO - [2026-05-31T08:18:59.232+0000] {dagbag.py:588} INFO - Filling up the DagBag from /opt/airflow/dags/health_check_kafka_server.py
[2026-05-31T08:18:59.241+0000] {processor.py:925} INFO - DAG(s) 'health_check_kafka_server' retrieved from /opt/airflow/dags/health_check_kafka_server.py
[2026-05-31T08:18:59.265+0000] {logging_mixin.py:190} INFO - [2026-05-31T08:18:59.264+0000] {dag.py:3239} INFO - Sync 1 DAGs
[2026-05-31T08:18:59.291+0000] {logging_mixin.py:190} INFO - [2026-05-31T08:18:59.291+0000] {dag.py:4180} INFO - Setting next_dagrun for health_check_kafka_server to 2026-05-31 08:16:00+00:00, run_after=2026-05-31 08:18:00+00:00
[2026-05-31T08:18:59.311+0000] {processor.py:208} INFO - Processing /opt/airflow/dags/health_check_kafka_server.py took 0.088 seconds
[2026-05-31T08:19:29.499+0000] {processor.py:186} INFO - Started process (PID=11599) to work on /opt/airflow/dags/health_check_kafka_server.py
[2026-05-31T08:19:29.500+0000] {processor.py:914} INFO - Processing file /opt/airflow/dags/health_check_kafka_server.py for tasks to queue
[2026-05-31T08:19:29.502+0000] {logging_mixin.py:190} INFO - [2026-05-31T08:19:29.502+0000] {dagbag.py:588} INFO - Filling up the DagBag from /opt/airflow/dags/health_check_kafka_server.py
[2026-05-31T08:19:29.512+0000] {processor.py:925} INFO - DAG(s) 'health_check_kafka_server' retrieved from /opt/airflow/dags/health_check_kafka_server.py
[2026-05-31T08:19:29.536+0000] {logging_mixin.py:190} INFO - [2026-05-31T08:19:29.536+0000] {dag.py:3239} INFO - Sync 1 DAGs
[2026-05-31T08:19:29.561+0000] {logging_mixin.py:190} INFO - [2026-05-31T08:19:29.561+0000] {dag.py:4180} INFO - Setting next_dagrun for health_check_kafka_server to 2026-05-31 08:16:00+00:00, run_after=2026-05-31 08:18:00+00:00
[2026-05-31T08:19:29.575+0000] {processor.py:208} INFO - Processing /opt/airflow/dags/health_check_kafka_server.py took 0.082 seconds
[2026-05-31T08:19:59.794+0000] {processor.py:186} INFO - Started process (PID=11622) to work on /opt/airflow/dags/health_check_kafka_server.py
[2026-05-31T08:19:59.796+0000] {processor.py:914} INFO - Processing file /opt/airflow/dags/health_check_kafka_server.py for tasks to queue
[2026-05-31T08:19:59.798+0000] {logging_mixin.py:190} INFO - [2026-05-31T08:19:59.798+0000] {dagbag.py:588} INFO - Filling up the DagBag from /opt/airflow/dags/health_check_kafka_server.py
[2026-05-31T08:19:59.806+0000] {processor.py:925} INFO - DAG(s) 'health_check_kafka_server' retrieved from /opt/airflow/dags/health_check_kafka_server.py
[2026-05-31T08:19:59.824+0000] {logging_mixin.py:190} INFO - [2026-05-31T08:19:59.824+0000] {dag.py:3239} INFO - Sync 1 DAGs
[2026-05-31T08:19:59.844+0000] {logging_mixin.py:190} INFO - [2026-05-31T08:19:59.844+0000] {dag.py:4180} INFO - Setting next_dagrun for health_check_kafka_server to 2026-05-31 08:16:00+00:00, run_after=2026-05-31 08:18:00+00:00
[2026-05-31T08:19:59.856+0000] {processor.py:208} INFO - Processing /opt/airflow/dags/health_check_kafka_server.py took 0.068 seconds
[2026-05-31T08:20:30.664+0000] {processor.py:186} INFO - Started process (PID=11644) to work on /opt/airflow/dags/health_check_kafka_server.py
[2026-05-31T08:20:30.664+0000] {processor.py:914} INFO - Processing file /opt/airflow/dags/health_check_kafka_server.py for tasks to queue
[2026-05-31T08:20:30.666+0000] {logging_mixin.py:190} INFO - [2026-05-31T08:20:30.666+0000] {dagbag.py:588} INFO - Filling up the DagBag from /opt/airflow/dags/health_check_kafka_server.py
[2026-05-31T08:20:30.680+0000] {processor.py:925} INFO - DAG(s) 'health_check_kafka_server' retrieved from /opt/airflow/dags/health_check_kafka_server.py
[2026-05-31T08:20:30.698+0000] {logging_mixin.py:190} INFO - [2026-05-31T08:20:30.698+0000] {dag.py:3239} INFO - Sync 1 DAGs
[2026-05-31T08:20:30.717+0000] {logging_mixin.py:190} INFO - [2026-05-31T08:20:30.717+0000] {dag.py:4180} INFO - Setting next_dagrun for health_check_kafka_server to 2026-05-31 08:18:00+00:00, run_after=2026-05-31 08:20:00+00:00
[2026-05-31T08:20:30.730+0000] {processor.py:208} INFO - Processing /opt/airflow/dags/health_check_kafka_server.py took 0.071 seconds
[2026-05-31T08:21:00.839+0000] {processor.py:186} INFO - Started process (PID=11664) to work on /opt/airflow/dags/health_check_kafka_server.py
[2026-05-31T08:21:00.840+0000] {processor.py:914} INFO - Processing file /opt/airflow/dags/health_check_kafka_server.py for tasks to queue
[2026-05-31T08:21:00.842+0000] {logging_mixin.py:190} INFO - [2026-05-31T08:21:00.842+0000] {dagbag.py:588} INFO - Filling up the DagBag from /opt/airflow/dags/health_check_kafka_server.py
[2026-05-31T08:21:00.850+0000] {processor.py:925} INFO - DAG(s) 'health_check_kafka_server' retrieved from /opt/airflow/dags/health_check_kafka_server.py
[2026-05-31T08:21:00.880+0000] {logging_mixin.py:190} INFO - [2026-05-31T08:21:00.880+0000] {dag.py:3239} INFO - Sync 1 DAGs
[2026-05-31T08:21:00.903+0000] {logging_mixin.py:190} INFO - [2026-05-31T08:21:00.903+0000] {dag.py:4180} INFO - Setting next_dagrun for health_check_kafka_server to 2026-05-31 08:18:00+00:00, run_after=2026-05-31 08:20:00+00:00
[2026-05-31T08:21:00.917+0000] {processor.py:208} INFO - Processing /opt/airflow/dags/health_check_kafka_server.py took 0.084 seconds
[2026-05-31T08:21:31.205+0000] {processor.py:186} INFO - Started process (PID=11688) to work on /opt/airflow/dags/health_check_kafka_server.py
[2026-05-31T08:21:31.206+0000] {processor.py:914} INFO - Processing file /opt/airflow/dags/health_check_kafka_server.py for tasks to queue
[2026-05-31T08:21:31.211+0000] {logging_mixin.py:190} INFO - [2026-05-31T08:21:31.210+0000] {dagbag.py:588} INFO - Filling up the DagBag from /opt/airflow/dags/health_check_kafka_server.py
[2026-05-31T08:21:31.222+0000] {processor.py:925} INFO - DAG(s) 'health_check_kafka_server' retrieved from /opt/airflow/dags/health_check_kafka_server.py
[2026-05-31T08:21:31.240+0000] {logging_mixin.py:190} INFO - [2026-05-31T08:21:31.240+0000] {dag.py:3239} INFO - Sync 1 DAGs
[2026-05-31T08:21:31.261+0000] {logging_mixin.py:190} INFO - [2026-05-31T08:21:31.260+0000] {dag.py:4180} INFO - Setting next_dagrun for health_check_kafka_server to 2026-05-31 08:18:00+00:00, run_after=2026-05-31 08:20:00+00:00
[2026-05-31T08:21:31.274+0000] {processor.py:208} INFO - Processing /opt/airflow/dags/health_check_kafka_server.py took 0.078 seconds
[2026-05-31T08:22:01.587+0000] {processor.py:186} INFO - Started process (PID=11712) to work on /opt/airflow/dags/health_check_kafka_server.py
[2026-05-31T08:22:01.590+0000] {processor.py:914} INFO - Processing file /opt/airflow/dags/health_check_kafka_server.py for tasks to queue
[2026-05-31T08:22:01.592+0000] {logging_mixin.py:190} INFO - [2026-05-31T08:22:01.591+0000] {dagbag.py:588} INFO - Filling up the DagBag from /opt/airflow/dags/health_check_kafka_server.py
[2026-05-31T08:22:01.608+0000] {processor.py:925} INFO - DAG(s) 'health_check_kafka_server' retrieved from /opt/airflow/dags/health_check_kafka_server.py
[2026-05-31T08:22:01.631+0000] {logging_mixin.py:190} INFO - [2026-05-31T08:22:01.630+0000] {dag.py:3239} INFO - Sync 1 DAGs
[2026-05-31T08:22:01.655+0000] {logging_mixin.py:190} INFO - [2026-05-31T08:22:01.655+0000] {dag.py:4180} INFO - Setting next_dagrun for health_check_kafka_server to 2026-05-31 08:20:00+00:00, run_after=2026-05-31 08:22:00+00:00
[2026-05-31T08:22:01.671+0000] {processor.py:208} INFO - Processing /opt/airflow/dags/health_check_kafka_server.py took 0.088 seconds
[2026-05-31T08:22:32.118+0000] {processor.py:186} INFO - Started process (PID=11736) to work on /opt/airflow/dags/health_check_kafka_server.py
[2026-05-31T08:22:32.123+0000] {processor.py:914} INFO - Processing file /opt/airflow/dags/health_check_kafka_server.py for tasks to queue
[2026-05-31T08:22:32.132+0000] {logging_mixin.py:190} INFO - [2026-05-31T08:22:32.132+0000] {dagbag.py:588} INFO - Filling up the DagBag from /opt/airflow/dags/health_check_kafka_server.py
[2026-05-31T08:22:32.173+0000] {processor.py:925} INFO - DAG(s) 'health_check_kafka_server' retrieved from /opt/airflow/dags/health_check_kafka_server.py
[2026-05-31T08:22:32.262+0000] {logging_mixin.py:190} INFO - [2026-05-31T08:22:32.262+0000] {dag.py:3239} INFO - Sync 1 DAGs
[2026-05-31T08:22:32.365+0000] {logging_mixin.py:190} INFO - [2026-05-31T08:22:32.365+0000] {dag.py:4180} INFO - Setting next_dagrun for health_check_kafka_server to 2026-05-31 08:20:00+00:00, run_after=2026-05-31 08:22:00+00:00
[2026-05-31T08:22:32.417+0000] {processor.py:208} INFO - Processing /opt/airflow/dags/health_check_kafka_server.py took 0.431 seconds
[2026-05-31T08:23:03.055+0000] {processor.py:186} INFO - Started process (PID=11761) to work on /opt/airflow/dags/health_check_kafka_server.py
[2026-05-31T08:23:03.057+0000] {processor.py:914} INFO - Processing file /opt/airflow/dags/health_check_kafka_server.py for tasks to queue
[2026-05-31T08:23:03.062+0000] {logging_mixin.py:190} INFO - [2026-05-31T08:23:03.062+0000] {dagbag.py:588} INFO - Filling up the DagBag from /opt/airflow/dags/health_check_kafka_server.py
[2026-05-31T08:23:03.080+0000] {processor.py:925} INFO - DAG(s) 'health_check_kafka_server' retrieved from /opt/airflow/dags/health_check_kafka_server.py
[2026-05-31T08:23:03.150+0000] {logging_mixin.py:190} INFO - [2026-05-31T08:23:03.149+0000] {dag.py:3239} INFO - Sync 1 DAGs
[2026-05-31T08:23:03.188+0000] {logging_mixin.py:190} INFO - [2026-05-31T08:23:03.188+0000] {dag.py:4180} INFO - Setting next_dagrun for health_check_kafka_server to 2026-05-31 08:20:00+00:00, run_after=2026-05-31 08:22:00+00:00
[2026-05-31T08:23:03.202+0000] {processor.py:208} INFO - Processing /opt/airflow/dags/health_check_kafka_server.py took 0.159 seconds
[2026-05-31T08:23:33.424+0000] {processor.py:186} INFO - Started process (PID=11784) to work on /opt/airflow/dags/health_check_kafka_server.py
[2026-05-31T08:23:33.427+0000] {processor.py:914} INFO - Processing file /opt/airflow/dags/health_check_kafka_server.py for tasks to queue
[2026-05-31T08:23:33.432+0000] {logging_mixin.py:190} INFO - [2026-05-31T08:23:33.431+0000] {dagbag.py:588} INFO - Filling up the DagBag from /opt/airflow/dags/health_check_kafka_server.py
[2026-05-31T08:23:33.453+0000] {processor.py:925} INFO - DAG(s) 'health_check_kafka_server' retrieved from /opt/airflow/dags/health_check_kafka_server.py
[2026-05-31T08:23:33.499+0000] {logging_mixin.py:190} INFO - [2026-05-31T08:23:33.499+0000] {dag.py:3239} INFO - Sync 1 DAGs
[2026-05-31T08:23:33.547+0000] {logging_mixin.py:190} INFO - [2026-05-31T08:23:33.547+0000] {dag.py:4180} INFO - Setting next_dagrun for health_check_kafka_server to 2026-05-31 08:20:00+00:00, run_after=2026-05-31 08:22:00+00:00
[2026-05-31T08:23:33.591+0000] {processor.py:208} INFO - Processing /opt/airflow/dags/health_check_kafka_server.py took 0.183 seconds
[2026-05-31T08:24:03.959+0000] {processor.py:186} INFO - Started process (PID=11808) to work on /opt/airflow/dags/health_check_kafka_server.py
[2026-05-31T08:24:03.964+0000] {processor.py:914} INFO - Processing file /opt/airflow/dags/health_check_kafka_server.py for tasks to queue
[2026-05-31T08:24:03.975+0000] {logging_mixin.py:190} INFO - [2026-05-31T08:24:03.971+0000] {dagbag.py:588} INFO - Filling up the DagBag from /opt/airflow/dags/health_check_kafka_server.py
[2026-05-31T08:24:03.996+0000] {processor.py:925} INFO - DAG(s) 'health_check_kafka_server' retrieved from /opt/airflow/dags/health_check_kafka_server.py
[2026-05-31T08:24:04.050+0000] {logging_mixin.py:190} INFO - [2026-05-31T08:24:04.050+0000] {dag.py:3239} INFO - Sync 1 DAGs
[2026-05-31T08:24:04.097+0000] {logging_mixin.py:190} INFO - [2026-05-31T08:24:04.097+0000] {dag.py:4180} INFO - Setting next_dagrun for health_check_kafka_server to 2026-05-31 08:22:00+00:00, run_after=2026-05-31 08:24:00+00:00
[2026-05-31T08:24:04.127+0000] {processor.py:208} INFO - Processing /opt/airflow/dags/health_check_kafka_server.py took 0.200 seconds
[2026-05-31T08:24:34.549+0000] {processor.py:186} INFO - Started process (PID=11832) to work on /opt/airflow/dags/health_check_kafka_server.py
[2026-05-31T08:24:34.551+0000] {processor.py:914} INFO - Processing file /opt/airflow/dags/health_check_kafka_server.py for tasks to queue
[2026-05-31T08:24:34.555+0000] {logging_mixin.py:190} INFO - [2026-05-31T08:24:34.554+0000] {dagbag.py:588} INFO - Filling up the DagBag from /opt/airflow/dags/health_check_kafka_server.py
[2026-05-31T08:24:34.566+0000] {processor.py:925} INFO - DAG(s) 'health_check_kafka_server' retrieved from /opt/airflow/dags/health_check_kafka_server.py
[2026-05-31T08:24:34.595+0000] {logging_mixin.py:190} INFO - [2026-05-31T08:24:34.595+0000] {dag.py:3239} INFO - Sync 1 DAGs
[2026-05-31T08:24:34.618+0000] {logging_mixin.py:190} INFO - [2026-05-31T08:24:34.618+0000] {dag.py:4180} INFO - Setting next_dagrun for health_check_kafka_server to 2026-05-31 08:22:00+00:00, run_after=2026-05-31 08:24:00+00:00
[2026-05-31T08:24:34.659+0000] {processor.py:208} INFO - Processing /opt/airflow/dags/health_check_kafka_server.py took 0.118 seconds
[2026-05-31T08:25:04.796+0000] {processor.py:186} INFO - Started process (PID=11857) to work on /opt/airflow/dags/health_check_kafka_server.py
[2026-05-31T08:25:04.798+0000] {processor.py:914} INFO - Processing file /opt/airflow/dags/health_check_kafka_server.py for tasks to queue
[2026-05-31T08:25:04.800+0000] {logging_mixin.py:190} INFO - [2026-05-31T08:25:04.800+0000] {dagbag.py:588} INFO - Filling up the DagBag from /opt/airflow/dags/health_check_kafka_server.py
[2026-05-31T08:25:04.811+0000] {processor.py:925} INFO - DAG(s) 'health_check_kafka_server' retrieved from /opt/airflow/dags/health_check_kafka_server.py
[2026-05-31T08:25:04.833+0000] {logging_mixin.py:190} INFO - [2026-05-31T08:25:04.833+0000] {dag.py:3239} INFO - Sync 1 DAGs
[2026-05-31T08:25:04.856+0000] {logging_mixin.py:190} INFO - [2026-05-31T08:25:04.856+0000] {dag.py:4180} INFO - Setting next_dagrun for health_check_kafka_server to 2026-05-31 08:22:00+00:00, run_after=2026-05-31 08:24:00+00:00
[2026-05-31T08:25:04.873+0000] {processor.py:208} INFO - Processing /opt/airflow/dags/health_check_kafka_server.py took 0.083 seconds
[2026-05-31T08:25:35.835+0000] {processor.py:186} INFO - Started process (PID=11879) to work on /opt/airflow/dags/health_check_kafka_server.py
[2026-05-31T08:25:35.836+0000] {processor.py:914} INFO - Processing file /opt/airflow/dags/health_check_kafka_server.py for tasks to queue
[2026-05-31T08:25:35.842+0000] {logging_mixin.py:190} INFO - [2026-05-31T08:25:35.840+0000] {dagbag.py:588} INFO - Filling up the DagBag from /opt/airflow/dags/health_check_kafka_server.py
[2026-05-31T08:25:35.869+0000] {processor.py:925} INFO - DAG(s) 'health_check_kafka_server' retrieved from /opt/airflow/dags/health_check_kafka_server.py
[2026-05-31T08:25:35.937+0000] {logging_mixin.py:190} INFO - [2026-05-31T08:25:35.937+0000] {dag.py:3239} INFO - Sync 1 DAGs
[2026-05-31T08:25:36.004+0000] {logging_mixin.py:190} INFO - [2026-05-31T08:25:36.003+0000] {dag.py:4180} INFO - Setting next_dagrun for health_check_kafka_server to 2026-05-31 08:22:00+00:00, run_after=2026-05-31 08:24:00+00:00
[2026-05-31T08:25:36.055+0000] {processor.py:208} INFO - Processing /opt/airflow/dags/health_check_kafka_server.py took 0.242 seconds
[2026-05-31T08:26:06.651+0000] {processor.py:186} INFO - Started process (PID=11900) to work on /opt/airflow/dags/health_check_kafka_server.py
[2026-05-31T08:26:06.657+0000] {processor.py:914} INFO - Processing file /opt/airflow/dags/health_check_kafka_server.py for tasks to queue
[2026-05-31T08:26:06.660+0000] {logging_mixin.py:190} INFO - [2026-05-31T08:26:06.660+0000] {dagbag.py:588} INFO - Filling up the DagBag from /opt/airflow/dags/health_check_kafka_server.py
[2026-05-31T08:26:06.694+0000] {processor.py:925} INFO - DAG(s) 'health_check_kafka_server' retrieved from /opt/airflow/dags/health_check_kafka_server.py
[2026-05-31T08:26:06.725+0000] {logging_mixin.py:190} INFO - [2026-05-31T08:26:06.724+0000] {dag.py:3239} INFO - Sync 1 DAGs
[2026-05-31T08:26:06.934+0000] {logging_mixin.py:190} INFO - [2026-05-31T08:26:06.934+0000] {dag.py:4180} INFO - Setting next_dagrun for health_check_kafka_server to 2026-05-31 08:24:00+00:00, run_after=2026-05-31 08:26:00+00:00
[2026-05-31T08:26:07.191+0000] {processor.py:208} INFO - Processing /opt/airflow/dags/health_check_kafka_server.py took 0.551 seconds
[2026-05-31T08:26:37.807+0000] {processor.py:186} INFO - Started process (PID=11930) to work on /opt/airflow/dags/health_check_kafka_server.py
[2026-05-31T08:26:37.808+0000] {processor.py:914} INFO - Processing file /opt/airflow/dags/health_check_kafka_server.py for tasks to queue
[2026-05-31T08:26:37.810+0000] {logging_mixin.py:190} INFO - [2026-05-31T08:26:37.810+0000] {dagbag.py:588} INFO - Filling up the DagBag from /opt/airflow/dags/health_check_kafka_server.py
[2026-05-31T08:26:37.866+0000] {processor.py:925} INFO - DAG(s) 'health_check_kafka_server' retrieved from /opt/airflow/dags/health_check_kafka_server.py
[2026-05-31T08:26:37.907+0000] {logging_mixin.py:190} INFO - [2026-05-31T08:26:37.907+0000] {dag.py:3239} INFO - Sync 1 DAGs
[2026-05-31T08:26:37.930+0000] {logging_mixin.py:190} INFO - [2026-05-31T08:26:37.930+0000] {dag.py:4180} INFO - Setting next_dagrun for health_check_kafka_server to 2026-05-31 08:24:00+00:00, run_after=2026-05-31 08:26:00+00:00
[2026-05-31T08:26:37.991+0000] {processor.py:208} INFO - Processing /opt/airflow/dags/health_check_kafka_server.py took 0.190 seconds
[2026-05-31T08:27:08.220+0000] {processor.py:186} INFO - Started process (PID=11955) to work on /opt/airflow/dags/health_check_kafka_server.py
[2026-05-31T08:27:08.222+0000] {processor.py:914} INFO - Processing file /opt/airflow/dags/health_check_kafka_server.py for tasks to queue
[2026-05-31T08:27:08.224+0000] {logging_mixin.py:190} INFO - [2026-05-31T08:27:08.224+0000] {dagbag.py:588} INFO - Filling up the DagBag from /opt/airflow/dags/health_check_kafka_server.py
[2026-05-31T08:27:08.233+0000] {processor.py:925} INFO - DAG(s) 'health_check_kafka_server' retrieved from /opt/airflow/dags/health_check_kafka_server.py
[2026-05-31T08:27:08.251+0000] {logging_mixin.py:190} INFO - [2026-05-31T08:27:08.251+0000] {dag.py:3239} INFO - Sync 1 DAGs
[2026-05-31T08:27:08.271+0000] {logging_mixin.py:190} INFO - [2026-05-31T08:27:08.271+0000] {dag.py:4180} INFO - Setting next_dagrun for health_check_kafka_server to 2026-05-31 08:24:00+00:00, run_after=2026-05-31 08:26:00+00:00
[2026-05-31T08:27:08.284+0000] {processor.py:208} INFO - Processing /opt/airflow/dags/health_check_kafka_server.py took 0.069 seconds
[2026-05-31T08:27:38.689+0000] {processor.py:186} INFO - Started process (PID=11978) to work on /opt/airflow/dags/health_check_kafka_server.py
[2026-05-31T08:27:38.690+0000] {processor.py:914} INFO - Processing file /opt/airflow/dags/health_check_kafka_server.py for tasks to queue
[2026-05-31T08:27:38.692+0000] {logging_mixin.py:190} INFO - [2026-05-31T08:27:38.692+0000] {dagbag.py:588} INFO - Filling up the DagBag from /opt/airflow/dags/health_check_kafka_server.py
[2026-05-31T08:27:38.701+0000] {processor.py:925} INFO - DAG(s) 'health_check_kafka_server' retrieved from /opt/airflow/dags/health_check_kafka_server.py
[2026-05-31T08:27:38.727+0000] {logging_mixin.py:190} INFO - [2026-05-31T08:27:38.727+0000] {dag.py:3239} INFO - Sync 1 DAGs
[2026-05-31T08:27:38.752+0000] {logging_mixin.py:190} INFO - [2026-05-31T08:27:38.751+0000] {dag.py:4180} INFO - Setting next_dagrun for health_check_kafka_server to 2026-05-31 08:24:00+00:00, run_after=2026-05-31 08:26:00+00:00
[2026-05-31T08:27:38.768+0000] {processor.py:208} INFO - Processing /opt/airflow/dags/health_check_kafka_server.py took 0.084 seconds
[2026-05-31T08:28:08.949+0000] {processor.py:186} INFO - Started process (PID=12001) to work on /opt/airflow/dags/health_check_kafka_server.py
[2026-05-31T08:28:08.952+0000] {processor.py:914} INFO - Processing file /opt/airflow/dags/health_check_kafka_server.py for tasks to queue
[2026-05-31T08:28:08.958+0000] {logging_mixin.py:190} INFO - [2026-05-31T08:28:08.956+0000] {dagbag.py:588} INFO - Filling up the DagBag from /opt/airflow/dags/health_check_kafka_server.py
[2026-05-31T08:28:08.976+0000] {processor.py:925} INFO - DAG(s) 'health_check_kafka_server' retrieved from /opt/airflow/dags/health_check_kafka_server.py
[2026-05-31T08:28:08.996+0000] {logging_mixin.py:190} INFO - [2026-05-31T08:28:08.996+0000] {dag.py:3239} INFO - Sync 1 DAGs
[2026-05-31T08:28:09.017+0000] {logging_mixin.py:190} INFO - [2026-05-31T08:28:09.017+0000] {dag.py:4180} INFO - Setting next_dagrun for health_check_kafka_server to 2026-05-31 08:26:00+00:00, run_after=2026-05-31 08:28:00+00:00
[2026-05-31T08:28:09.032+0000] {processor.py:208} INFO - Processing /opt/airflow/dags/health_check_kafka_server.py took 0.093 seconds
[2026-05-31T08:28:39.075+0000] {processor.py:186} INFO - Started process (PID=12026) to work on /opt/airflow/dags/health_check_kafka_server.py
[2026-05-31T08:28:39.077+0000] {processor.py:914} INFO - Processing file /opt/airflow/dags/health_check_kafka_server.py for tasks to queue
[2026-05-31T08:28:39.080+0000] {logging_mixin.py:190} INFO - [2026-05-31T08:28:39.080+0000] {dagbag.py:588} INFO - Filling up the DagBag from /opt/airflow/dags/health_check_kafka_server.py
[2026-05-31T08:28:39.090+0000] {processor.py:925} INFO - DAG(s) 'health_check_kafka_server' retrieved from /opt/airflow/dags/health_check_kafka_server.py
[2026-05-31T08:28:39.108+0000] {logging_mixin.py:190} INFO - [2026-05-31T08:28:39.108+0000] {dag.py:3239} INFO - Sync 1 DAGs
[2026-05-31T08:28:39.128+0000] {logging_mixin.py:190} INFO - [2026-05-31T08:28:39.128+0000] {dag.py:4180} INFO - Setting next_dagrun for health_check_kafka_server to 2026-05-31 08:26:00+00:00, run_after=2026-05-31 08:28:00+00:00
[2026-05-31T08:28:39.141+0000] {processor.py:208} INFO - Processing /opt/airflow/dags/health_check_kafka_server.py took 0.072 seconds
[2026-05-31T08:29:09.827+0000] {processor.py:186} INFO - Started process (PID=12050) to work on /opt/airflow/dags/health_check_kafka_server.py
[2026-05-31T08:29:09.830+0000] {processor.py:914} INFO - Processing file /opt/airflow/dags/health_check_kafka_server.py for tasks to queue
[2026-05-31T08:29:09.845+0000] {logging_mixin.py:190} INFO - [2026-05-31T08:29:09.845+0000] {dagbag.py:588} INFO - Filling up the DagBag from /opt/airflow/dags/health_check_kafka_server.py
[2026-05-31T08:29:09.898+0000] {processor.py:925} INFO - DAG(s) 'health_check_kafka_server' retrieved from /opt/airflow/dags/health_check_kafka_server.py
[2026-05-31T08:29:10.005+0000] {logging_mixin.py:190} INFO - [2026-05-31T08:29:10.004+0000] {dag.py:3239} INFO - Sync 1 DAGs
[2026-05-31T08:29:10.053+0000] {logging_mixin.py:190} INFO - [2026-05-31T08:29:10.051+0000] {dag.py:4180} INFO - Setting next_dagrun for health_check_kafka_server to 2026-05-31 08:26:00+00:00, run_after=2026-05-31 08:28:00+00:00
[2026-05-31T08:29:10.095+0000] {processor.py:208} INFO - Processing /opt/airflow/dags/health_check_kafka_server.py took 0.284 seconds
[2026-05-31T08:29:40.210+0000] {processor.py:186} INFO - Started process (PID=12074) to work on /opt/airflow/dags/health_check_kafka_server.py
[2026-05-31T08:29:40.214+0000] {processor.py:914} INFO - Processing file /opt/airflow/dags/health_check_kafka_server.py for tasks to queue
[2026-05-31T08:29:40.220+0000] {logging_mixin.py:190} INFO - [2026-05-31T08:29:40.220+0000] {dagbag.py:588} INFO - Filling up the DagBag from /opt/airflow/dags/health_check_kafka_server.py
[2026-05-31T08:29:40.261+0000] {processor.py:925} INFO - DAG(s) 'health_check_kafka_server' retrieved from /opt/airflow/dags/health_check_kafka_server.py
[2026-05-31T08:29:40.386+0000] {logging_mixin.py:190} INFO - [2026-05-31T08:29:40.385+0000] {dag.py:3239} INFO - Sync 1 DAGs
[2026-05-31T08:29:40.575+0000] {logging_mixin.py:190} INFO - [2026-05-31T08:29:40.574+0000] {dag.py:4180} INFO - Setting next_dagrun for health_check_kafka_server to 2026-05-31 08:26:00+00:00, run_after=2026-05-31 08:28:00+00:00
[2026-05-31T08:29:40.836+0000] {processor.py:208} INFO - Processing /opt/airflow/dags/health_check_kafka_server.py took 0.643 seconds
[2026-05-31T08:30:11.315+0000] {processor.py:186} INFO - Started process (PID=12097) to work on /opt/airflow/dags/health_check_kafka_server.py
[2026-05-31T08:30:11.316+0000] {processor.py:914} INFO - Processing file /opt/airflow/dags/health_check_kafka_server.py for tasks to queue
[2026-05-31T08:30:11.326+0000] {logging_mixin.py:190} INFO - [2026-05-31T08:30:11.322+0000] {dagbag.py:588} INFO - Filling up the DagBag from /opt/airflow/dags/health_check_kafka_server.py
[2026-05-31T08:30:11.344+0000] {processor.py:925} INFO - DAG(s) 'health_check_kafka_server' retrieved from /opt/airflow/dags/health_check_kafka_server.py
[2026-05-31T08:30:11.372+0000] {logging_mixin.py:190} INFO - [2026-05-31T08:30:11.371+0000] {dag.py:3239} INFO - Sync 1 DAGs
[2026-05-31T08:30:11.410+0000] {logging_mixin.py:190} INFO - [2026-05-31T08:30:11.410+0000] {dag.py:4180} INFO - Setting next_dagrun for health_check_kafka_server to 2026-05-31 08:28:00+00:00, run_after=2026-05-31 08:30:00+00:00
[2026-05-31T08:30:11.447+0000] {processor.py:208} INFO - Processing /opt/airflow/dags/health_check_kafka_server.py took 0.137 seconds
[2026-05-31T08:30:42.403+0000] {processor.py:186} INFO - Started process (PID=12121) to work on /opt/airflow/dags/health_check_kafka_server.py
[2026-05-31T08:30:42.406+0000] {processor.py:914} INFO - Processing file /opt/airflow/dags/health_check_kafka_server.py for tasks to queue
[2026-05-31T08:30:42.414+0000] {logging_mixin.py:190} INFO - [2026-05-31T08:30:42.411+0000] {dagbag.py:588} INFO - Filling up the DagBag from /opt/airflow/dags/health_check_kafka_server.py
[2026-05-31T08:30:42.427+0000] {processor.py:925} INFO - DAG(s) 'health_check_kafka_server' retrieved from /opt/airflow/dags/health_check_kafka_server.py
[2026-05-31T08:30:42.449+0000] {logging_mixin.py:190} INFO - [2026-05-31T08:30:42.448+0000] {dag.py:3239} INFO - Sync 1 DAGs
[2026-05-31T08:30:42.475+0000] {logging_mixin.py:190} INFO - [2026-05-31T08:30:42.475+0000] {dag.py:4180} INFO - Setting next_dagrun for health_check_kafka_server to 2026-05-31 08:28:00+00:00, run_after=2026-05-31 08:30:00+00:00
[2026-05-31T08:30:42.503+0000] {processor.py:208} INFO - Processing /opt/airflow/dags/health_check_kafka_server.py took 0.105 seconds
[2026-05-31T08:31:13.105+0000] {processor.py:186} INFO - Started process (PID=12149) to work on /opt/airflow/dags/health_check_kafka_server.py
[2026-05-31T08:31:13.108+0000] {processor.py:914} INFO - Processing file /opt/airflow/dags/health_check_kafka_server.py for tasks to queue
[2026-05-31T08:31:13.113+0000] {logging_mixin.py:190} INFO - [2026-05-31T08:31:13.110+0000] {dagbag.py:588} INFO - Filling up the DagBag from /opt/airflow/dags/health_check_kafka_server.py
[2026-05-31T08:31:13.143+0000] {processor.py:925} INFO - DAG(s) 'health_check_kafka_server' retrieved from /opt/airflow/dags/health_check_kafka_server.py
[2026-05-31T08:31:13.230+0000] {logging_mixin.py:190} INFO - [2026-05-31T08:31:13.230+0000] {dag.py:3239} INFO - Sync 1 DAGs
[2026-05-31T08:31:13.295+0000] {logging_mixin.py:190} INFO - [2026-05-31T08:31:13.295+0000] {dag.py:4180} INFO - Setting next_dagrun for health_check_kafka_server to 2026-05-31 08:28:00+00:00, run_after=2026-05-31 08:30:00+00:00
[2026-05-31T08:31:13.326+0000] {processor.py:208} INFO - Processing /opt/airflow/dags/health_check_kafka_server.py took 0.234 seconds
[2026-05-31T08:31:43.601+0000] {processor.py:186} INFO - Started process (PID=12173) to work on /opt/airflow/dags/health_check_kafka_server.py
[2026-05-31T08:31:43.602+0000] {processor.py:914} INFO - Processing file /opt/airflow/dags/health_check_kafka_server.py for tasks to queue
[2026-05-31T08:31:43.604+0000] {logging_mixin.py:190} INFO - [2026-05-31T08:31:43.604+0000] {dagbag.py:588} INFO - Filling up the DagBag from /opt/airflow/dags/health_check_kafka_server.py
[2026-05-31T08:31:43.613+0000] {processor.py:925} INFO - DAG(s) 'health_check_kafka_server' retrieved from /opt/airflow/dags/health_check_kafka_server.py
[2026-05-31T08:31:43.633+0000] {logging_mixin.py:190} INFO - [2026-05-31T08:31:43.632+0000] {dag.py:3239} INFO - Sync 1 DAGs
[2026-05-31T08:31:43.652+0000] {logging_mixin.py:190} INFO - [2026-05-31T08:31:43.652+0000] {dag.py:4180} INFO - Setting next_dagrun for health_check_kafka_server to 2026-05-31 08:28:00+00:00, run_after=2026-05-31 08:30:00+00:00
[2026-05-31T08:31:43.666+0000] {processor.py:208} INFO - Processing /opt/airflow/dags/health_check_kafka_server.py took 0.070 seconds
[2026-05-31T08:32:14.636+0000] {processor.py:186} INFO - Started process (PID=12195) to work on /opt/airflow/dags/health_check_kafka_server.py
[2026-05-31T08:32:14.638+0000] {processor.py:914} INFO - Processing file /opt/airflow/dags/health_check_kafka_server.py for tasks to queue
[2026-05-31T08:32:14.641+0000] {logging_mixin.py:190} INFO - [2026-05-31T08:32:14.641+0000] {dagbag.py:588} INFO - Filling up the DagBag from /opt/airflow/dags/health_check_kafka_server.py
[2026-05-31T08:32:14.651+0000] {processor.py:925} INFO - DAG(s) 'health_check_kafka_server' retrieved from /opt/airflow/dags/health_check_kafka_server.py
[2026-05-31T08:32:14.670+0000] {logging_mixin.py:190} INFO - [2026-05-31T08:32:14.670+0000] {dag.py:3239} INFO - Sync 1 DAGs
[2026-05-31T08:32:14.694+0000] {logging_mixin.py:190} INFO - [2026-05-31T08:32:14.694+0000] {dag.py:4180} INFO - Setting next_dagrun for health_check_kafka_server to 2026-05-31 08:30:00+00:00, run_after=2026-05-31 08:32:00+00:00
[2026-05-31T08:32:14.708+0000] {processor.py:208} INFO - Processing /opt/airflow/dags/health_check_kafka_server.py took 0.080 seconds
[2026-05-31T08:32:44.965+0000] {processor.py:186} INFO - Started process (PID=12215) to work on /opt/airflow/dags/health_check_kafka_server.py
[2026-05-31T08:32:44.967+0000] {processor.py:914} INFO - Processing file /opt/airflow/dags/health_check_kafka_server.py for tasks to queue
[2026-05-31T08:32:44.974+0000] {logging_mixin.py:190} INFO - [2026-05-31T08:32:44.973+0000] {dagbag.py:588} INFO - Filling up the DagBag from /opt/airflow/dags/health_check_kafka_server.py
[2026-05-31T08:32:44.989+0000] {processor.py:925} INFO - DAG(s) 'health_check_kafka_server' retrieved from /opt/airflow/dags/health_check_kafka_server.py
[2026-05-31T08:32:45.015+0000] {logging_mixin.py:190} INFO - [2026-05-31T08:32:45.015+0000] {dag.py:3239} INFO - Sync 1 DAGs
[2026-05-31T08:32:45.038+0000] {logging_mixin.py:190} INFO - [2026-05-31T08:32:45.038+0000] {dag.py:4180} INFO - Setting next_dagrun for health_check_kafka_server to 2026-05-31 08:30:00+00:00, run_after=2026-05-31 08:32:00+00:00
[2026-05-31T08:32:45.057+0000] {processor.py:208} INFO - Processing /opt/airflow/dags/health_check_kafka_server.py took 0.106 seconds
[2026-05-31T08:33:15.126+0000] {processor.py:186} INFO - Started process (PID=12240) to work on /opt/airflow/dags/health_check_kafka_server.py
[2026-05-31T08:33:15.128+0000] {processor.py:914} INFO - Processing file /opt/airflow/dags/health_check_kafka_server.py for tasks to queue
[2026-05-31T08:33:15.134+0000] {logging_mixin.py:190} INFO - [2026-05-31T08:33:15.132+0000] {dagbag.py:588} INFO - Filling up the DagBag from /opt/airflow/dags/health_check_kafka_server.py
[2026-05-31T08:33:15.155+0000] {processor.py:925} INFO - DAG(s) 'health_check_kafka_server' retrieved from /opt/airflow/dags/health_check_kafka_server.py
[2026-05-31T08:33:15.191+0000] {logging_mixin.py:190} INFO - [2026-05-31T08:33:15.191+0000] {dag.py:3239} INFO - Sync 1 DAGs
[2026-05-31T08:33:15.228+0000] {logging_mixin.py:190} INFO - [2026-05-31T08:33:15.228+0000] {dag.py:4180} INFO - Setting next_dagrun for health_check_kafka_server to 2026-05-31 08:30:00+00:00, run_after=2026-05-31 08:32:00+00:00
[2026-05-31T08:33:15.253+0000] {processor.py:208} INFO - Processing /opt/airflow/dags/health_check_kafka_server.py took 0.140 seconds
[2026-05-31T08:33:46.160+0000] {processor.py:186} INFO - Started process (PID=12264) to work on /opt/airflow/dags/health_check_kafka_server.py
[2026-05-31T08:33:46.164+0000] {processor.py:914} INFO - Processing file /opt/airflow/dags/health_check_kafka_server.py for tasks to queue
[2026-05-31T08:33:46.167+0000] {logging_mixin.py:190} INFO - [2026-05-31T08:33:46.167+0000] {dagbag.py:588} INFO - Filling up the DagBag from /opt/airflow/dags/health_check_kafka_server.py
[2026-05-31T08:33:46.180+0000] {processor.py:925} INFO - DAG(s) 'health_check_kafka_server' retrieved from /opt/airflow/dags/health_check_kafka_server.py
[2026-05-31T08:33:46.209+0000] {logging_mixin.py:190} INFO - [2026-05-31T08:33:46.208+0000] {dag.py:3239} INFO - Sync 1 DAGs
[2026-05-31T08:33:46.235+0000] {logging_mixin.py:190} INFO - [2026-05-31T08:33:46.235+0000] {dag.py:4180} INFO - Setting next_dagrun for health_check_kafka_server to 2026-05-31 08:30:00+00:00, run_after=2026-05-31 08:32:00+00:00
[2026-05-31T08:33:46.254+0000] {processor.py:208} INFO - Processing /opt/airflow/dags/health_check_kafka_server.py took 0.102 seconds
[2026-05-31T08:34:16.400+0000] {processor.py:186} INFO - Started process (PID=12287) to work on /opt/airflow/dags/health_check_kafka_server.py
[2026-05-31T08:34:16.401+0000] {processor.py:914} INFO - Processing file /opt/airflow/dags/health_check_kafka_server.py for tasks to queue
[2026-05-31T08:34:16.404+0000] {logging_mixin.py:190} INFO - [2026-05-31T08:34:16.404+0000] {dagbag.py:588} INFO - Filling up the DagBag from /opt/airflow/dags/health_check_kafka_server.py
[2026-05-31T08:34:16.414+0000] {processor.py:925} INFO - DAG(s) 'health_check_kafka_server' retrieved from /opt/airflow/dags/health_check_kafka_server.py
[2026-05-31T08:34:16.432+0000] {logging_mixin.py:190} INFO - [2026-05-31T08:34:16.432+0000] {dag.py:3239} INFO - Sync 1 DAGs
[2026-05-31T08:34:16.452+0000] {logging_mixin.py:190} INFO - [2026-05-31T08:34:16.452+0000] {dag.py:4180} INFO - Setting next_dagrun for health_check_kafka_server to 2026-05-31 08:32:00+00:00, run_after=2026-05-31 08:34:00+00:00
[2026-05-31T08:34:16.466+0000] {processor.py:208} INFO - Processing /opt/airflow/dags/health_check_kafka_server.py took 0.071 seconds
[2026-05-31T08:34:46.690+0000] {processor.py:186} INFO - Started process (PID=12311) to work on /opt/airflow/dags/health_check_kafka_server.py
[2026-05-31T08:34:46.693+0000] {processor.py:914} INFO - Processing file /opt/airflow/dags/health_check_kafka_server.py for tasks to queue
[2026-05-31T08:34:46.696+0000] {logging_mixin.py:190} INFO - [2026-05-31T08:34:46.694+0000] {dagbag.py:588} INFO - Filling up the DagBag from /opt/airflow/dags/health_check_kafka_server.py
[2026-05-31T08:34:46.708+0000] {processor.py:925} INFO - DAG(s) 'health_check_kafka_server' retrieved from /opt/airflow/dags/health_check_kafka_server.py
[2026-05-31T08:34:46.725+0000] {logging_mixin.py:190} INFO - [2026-05-31T08:34:46.725+0000] {dag.py:3239} INFO - Sync 1 DAGs
[2026-05-31T08:34:46.745+0000] {logging_mixin.py:190} INFO - [2026-05-31T08:34:46.745+0000] {dag.py:4180} INFO - Setting next_dagrun for health_check_kafka_server to 2026-05-31 08:32:00+00:00, run_after=2026-05-31 08:34:00+00:00
[2026-05-31T08:34:46.757+0000] {processor.py:208} INFO - Processing /opt/airflow/dags/health_check_kafka_server.py took 0.072 seconds
[2026-05-31T08:35:16.929+0000] {processor.py:186} INFO - Started process (PID=12342) to work on /opt/airflow/dags/health_check_kafka_server.py
[2026-05-31T08:35:16.932+0000] {processor.py:914} INFO - Processing file /opt/airflow/dags/health_check_kafka_server.py for tasks to queue
[2026-05-31T08:35:16.936+0000] {logging_mixin.py:190} INFO - [2026-05-31T08:35:16.935+0000] {dagbag.py:588} INFO - Filling up the DagBag from /opt/airflow/dags/health_check_kafka_server.py
[2026-05-31T08:35:16.950+0000] {processor.py:925} INFO - DAG(s) 'health_check_kafka_server' retrieved from /opt/airflow/dags/health_check_kafka_server.py
[2026-05-31T08:35:16.971+0000] {logging_mixin.py:190} INFO - [2026-05-31T08:35:16.971+0000] {dag.py:3239} INFO - Sync 1 DAGs
[2026-05-31T08:35:16.995+0000] {logging_mixin.py:190} INFO - [2026-05-31T08:35:16.995+0000] {dag.py:4180} INFO - Setting next_dagrun for health_check_kafka_server to 2026-05-31 08:32:00+00:00, run_after=2026-05-31 08:34:00+00:00
[2026-05-31T08:35:17.009+0000] {processor.py:208} INFO - Processing /opt/airflow/dags/health_check_kafka_server.py took 0.091 seconds
[2026-05-31T08:35:47.403+0000] {processor.py:186} INFO - Started process (PID=12366) to work on /opt/airflow/dags/health_check_kafka_server.py
[2026-05-31T08:35:47.405+0000] {processor.py:914} INFO - Processing file /opt/airflow/dags/health_check_kafka_server.py for tasks to queue
[2026-05-31T08:35:47.408+0000] {logging_mixin.py:190} INFO - [2026-05-31T08:35:47.407+0000] {dagbag.py:588} INFO - Filling up the DagBag from /opt/airflow/dags/health_check_kafka_server.py
[2026-05-31T08:35:47.420+0000] {processor.py:925} INFO - DAG(s) 'health_check_kafka_server' retrieved from /opt/airflow/dags/health_check_kafka_server.py
[2026-05-31T08:35:47.444+0000] {logging_mixin.py:190} INFO - [2026-05-31T08:35:47.444+0000] {dag.py:3239} INFO - Sync 1 DAGs
[2026-05-31T08:35:47.470+0000] {logging_mixin.py:190} INFO - [2026-05-31T08:35:47.470+0000] {dag.py:4180} INFO - Setting next_dagrun for health_check_kafka_server to 2026-05-31 08:32:00+00:00, run_after=2026-05-31 08:34:00+00:00
[2026-05-31T08:35:47.487+0000] {processor.py:208} INFO - Processing /opt/airflow/dags/health_check_kafka_server.py took 0.089 seconds
[2026-05-31T08:36:18.444+0000] {processor.py:186} INFO - Started process (PID=12390) to work on /opt/airflow/dags/health_check_kafka_server.py
[2026-05-31T08:36:18.445+0000] {processor.py:914} INFO - Processing file /opt/airflow/dags/health_check_kafka_server.py for tasks to queue
[2026-05-31T08:36:18.448+0000] {logging_mixin.py:190} INFO - [2026-05-31T08:36:18.447+0000] {dagbag.py:588} INFO - Filling up the DagBag from /opt/airflow/dags/health_check_kafka_server.py
[2026-05-31T08:36:18.458+0000] {processor.py:925} INFO - DAG(s) 'health_check_kafka_server' retrieved from /opt/airflow/dags/health_check_kafka_server.py
[2026-05-31T08:36:18.477+0000] {logging_mixin.py:190} INFO - [2026-05-31T08:36:18.477+0000] {dag.py:3239} INFO - Sync 1 DAGs
[2026-05-31T08:36:18.497+0000] {logging_mixin.py:190} INFO - [2026-05-31T08:36:18.497+0000] {dag.py:4180} INFO - Setting next_dagrun for health_check_kafka_server to 2026-05-31 08:34:00+00:00, run_after=2026-05-31 08:36:00+00:00
[2026-05-31T08:36:18.511+0000] {processor.py:208} INFO - Processing /opt/airflow/dags/health_check_kafka_server.py took 0.072 seconds
[2026-05-31T08:36:48.847+0000] {processor.py:186} INFO - Started process (PID=12415) to work on /opt/airflow/dags/health_check_kafka_server.py
[2026-05-31T08:36:48.847+0000] {processor.py:914} INFO - Processing file /opt/airflow/dags/health_check_kafka_server.py for tasks to queue
[2026-05-31T08:36:48.849+0000] {logging_mixin.py:190} INFO - [2026-05-31T08:36:48.849+0000] {dagbag.py:588} INFO - Filling up the DagBag from /opt/airflow/dags/health_check_kafka_server.py
[2026-05-31T08:36:48.858+0000] {processor.py:925} INFO - DAG(s) 'health_check_kafka_server' retrieved from /opt/airflow/dags/health_check_kafka_server.py
[2026-05-31T08:36:48.878+0000] {logging_mixin.py:190} INFO - [2026-05-31T08:36:48.878+0000] {dag.py:3239} INFO - Sync 1 DAGs
[2026-05-31T08:36:48.899+0000] {logging_mixin.py:190} INFO - [2026-05-31T08:36:48.899+0000] {dag.py:4180} INFO - Setting next_dagrun for health_check_kafka_server to 2026-05-31 08:34:00+00:00, run_after=2026-05-31 08:36:00+00:00
[2026-05-31T08:36:48.914+0000] {processor.py:208} INFO - Processing /opt/airflow/dags/health_check_kafka_server.py took 0.072 seconds
[2026-05-31T08:37:19.313+0000] {processor.py:186} INFO - Started process (PID=12440) to work on /opt/airflow/dags/health_check_kafka_server.py
[2026-05-31T08:37:19.314+0000] {processor.py:914} INFO - Processing file /opt/airflow/dags/health_check_kafka_server.py for tasks to queue
[2026-05-31T08:37:19.316+0000] {logging_mixin.py:190} INFO - [2026-05-31T08:37:19.315+0000] {dagbag.py:588} INFO - Filling up the DagBag from /opt/airflow/dags/health_check_kafka_server.py
[2026-05-31T08:37:19.324+0000] {processor.py:925} INFO - DAG(s) 'health_check_kafka_server' retrieved from /opt/airflow/dags/health_check_kafka_server.py
[2026-05-31T08:37:19.346+0000] {logging_mixin.py:190} INFO - [2026-05-31T08:37:19.345+0000] {dag.py:3239} INFO - Sync 1 DAGs
[2026-05-31T08:37:19.367+0000] {logging_mixin.py:190} INFO - [2026-05-31T08:37:19.367+0000] {dag.py:4180} INFO - Setting next_dagrun for health_check_kafka_server to 2026-05-31 08:34:00+00:00, run_after=2026-05-31 08:36:00+00:00
[2026-05-31T08:37:19.382+0000] {processor.py:208} INFO - Processing /opt/airflow/dags/health_check_kafka_server.py took 0.073 seconds
[2026-05-31T08:37:49.900+0000] {processor.py:186} INFO - Started process (PID=12465) to work on /opt/airflow/dags/health_check_kafka_server.py
[2026-05-31T08:37:49.901+0000] {processor.py:914} INFO - Processing file /opt/airflow/dags/health_check_kafka_server.py for tasks to queue
[2026-05-31T08:37:49.903+0000] {logging_mixin.py:190} INFO - [2026-05-31T08:37:49.902+0000] {dagbag.py:588} INFO - Filling up the DagBag from /opt/airflow/dags/health_check_kafka_server.py
[2026-05-31T08:37:49.911+0000] {processor.py:925} INFO - DAG(s) 'health_check_kafka_server' retrieved from /opt/airflow/dags/health_check_kafka_server.py
[2026-05-31T08:37:49.931+0000] {logging_mixin.py:190} INFO - [2026-05-31T08:37:49.931+0000] {dag.py:3239} INFO - Sync 1 DAGs
[2026-05-31T08:37:49.952+0000] {logging_mixin.py:190} INFO - [2026-05-31T08:37:49.952+0000] {dag.py:4180} INFO - Setting next_dagrun for health_check_kafka_server to 2026-05-31 08:34:00+00:00, run_after=2026-05-31 08:36:00+00:00
[2026-05-31T08:37:49.967+0000] {processor.py:208} INFO - Processing /opt/airflow/dags/health_check_kafka_server.py took 0.072 seconds
[2026-05-31T08:38:20.392+0000] {processor.py:186} INFO - Started process (PID=12489) to work on /opt/airflow/dags/health_check_kafka_server.py
[2026-05-31T08:38:20.393+0000] {processor.py:914} INFO - Processing file /opt/airflow/dags/health_check_kafka_server.py for tasks to queue
[2026-05-31T08:38:20.396+0000] {logging_mixin.py:190} INFO - [2026-05-31T08:38:20.395+0000] {dagbag.py:588} INFO - Filling up the DagBag from /opt/airflow/dags/health_check_kafka_server.py
[2026-05-31T08:38:20.407+0000] {processor.py:925} INFO - DAG(s) 'health_check_kafka_server' retrieved from /opt/airflow/dags/health_check_kafka_server.py
[2026-05-31T08:38:20.426+0000] {logging_mixin.py:190} INFO - [2026-05-31T08:38:20.426+0000] {dag.py:3239} INFO - Sync 1 DAGs
[2026-05-31T08:38:20.451+0000] {logging_mixin.py:190} INFO - [2026-05-31T08:38:20.451+0000] {dag.py:4180} INFO - Setting next_dagrun for health_check_kafka_server to 2026-05-31 08:36:00+00:00, run_after=2026-05-31 08:38:00+00:00
[2026-05-31T08:38:20.468+0000] {processor.py:208} INFO - Processing /opt/airflow/dags/health_check_kafka_server.py took 0.083 seconds
[2026-05-31T08:38:51.624+0000] {processor.py:186} INFO - Started process (PID=12513) to work on /opt/airflow/dags/health_check_kafka_server.py
[2026-05-31T08:38:51.625+0000] {processor.py:914} INFO - Processing file /opt/airflow/dags/health_check_kafka_server.py for tasks to queue
[2026-05-31T08:38:51.627+0000] {logging_mixin.py:190} INFO - [2026-05-31T08:38:51.627+0000] {dagbag.py:588} INFO - Filling up the DagBag from /opt/airflow/dags/health_check_kafka_server.py
[2026-05-31T08:38:51.636+0000] {processor.py:925} INFO - DAG(s) 'health_check_kafka_server' retrieved from /opt/airflow/dags/health_check_kafka_server.py
[2026-05-31T08:38:51.657+0000] {logging_mixin.py:190} INFO - [2026-05-31T08:38:51.657+0000] {dag.py:3239} INFO - Sync 1 DAGs
[2026-05-31T08:38:51.680+0000] {logging_mixin.py:190} INFO - [2026-05-31T08:38:51.680+0000] {dag.py:4180} INFO - Setting next_dagrun for health_check_kafka_server to 2026-05-31 08:36:00+00:00, run_after=2026-05-31 08:38:00+00:00
[2026-05-31T08:38:51.694+0000] {processor.py:208} INFO - Processing /opt/airflow/dags/health_check_kafka_server.py took 0.076 seconds
[2026-05-31T08:39:22.195+0000] {processor.py:186} INFO - Started process (PID=12533) to work on /opt/airflow/dags/health_check_kafka_server.py
[2026-05-31T08:39:22.196+0000] {processor.py:914} INFO - Processing file /opt/airflow/dags/health_check_kafka_server.py for tasks to queue
[2026-05-31T08:39:22.198+0000] {logging_mixin.py:190} INFO - [2026-05-31T08:39:22.197+0000] {dagbag.py:588} INFO - Filling up the DagBag from /opt/airflow/dags/health_check_kafka_server.py
[2026-05-31T08:39:22.206+0000] {processor.py:925} INFO - DAG(s) 'health_check_kafka_server' retrieved from /opt/airflow/dags/health_check_kafka_server.py
[2026-05-31T08:39:22.225+0000] {logging_mixin.py:190} INFO - [2026-05-31T08:39:22.225+0000] {dag.py:3239} INFO - Sync 1 DAGs
[2026-05-31T08:39:22.246+0000] {logging_mixin.py:190} INFO - [2026-05-31T08:39:22.246+0000] {dag.py:4180} INFO - Setting next_dagrun for health_check_kafka_server to 2026-05-31 08:36:00+00:00, run_after=2026-05-31 08:38:00+00:00
[2026-05-31T08:39:22.267+0000] {processor.py:208} INFO - Processing /opt/airflow/dags/health_check_kafka_server.py took 0.077 seconds
[2026-05-31T08:39:52.639+0000] {processor.py:186} INFO - Started process (PID=12555) to work on /opt/airflow/dags/health_check_kafka_server.py
[2026-05-31T08:39:52.642+0000] {processor.py:914} INFO - Processing file /opt/airflow/dags/health_check_kafka_server.py for tasks to queue
[2026-05-31T08:39:52.645+0000] {logging_mixin.py:190} INFO - [2026-05-31T08:39:52.645+0000] {dagbag.py:588} INFO - Filling up the DagBag from /opt/airflow/dags/health_check_kafka_server.py
[2026-05-31T08:39:52.660+0000] {processor.py:925} INFO - DAG(s) 'health_check_kafka_server' retrieved from /opt/airflow/dags/health_check_kafka_server.py
[2026-05-31T08:39:52.694+0000] {logging_mixin.py:190} INFO - [2026-05-31T08:39:52.694+0000] {dag.py:3239} INFO - Sync 1 DAGs
[2026-05-31T08:39:52.724+0000] {logging_mixin.py:190} INFO - [2026-05-31T08:39:52.724+0000] {dag.py:4180} INFO - Setting next_dagrun for health_check_kafka_server to 2026-05-31 08:36:00+00:00, run_after=2026-05-31 08:38:00+00:00
[2026-05-31T08:39:52.961+0000] {processor.py:208} INFO - Processing /opt/airflow/dags/health_check_kafka_server.py took 0.333 seconds
[2026-05-31T08:40:23.232+0000] {processor.py:186} INFO - Started process (PID=12578) to work on /opt/airflow/dags/health_check_kafka_server.py
[2026-05-31T08:40:23.233+0000] {processor.py:914} INFO - Processing file /opt/airflow/dags/health_check_kafka_server.py for tasks to queue
[2026-05-31T08:40:23.237+0000] {logging_mixin.py:190} INFO - [2026-05-31T08:40:23.237+0000] {dagbag.py:588} INFO - Filling up the DagBag from /opt/airflow/dags/health_check_kafka_server.py
[2026-05-31T08:40:23.259+0000] {processor.py:925} INFO - DAG(s) 'health_check_kafka_server' retrieved from /opt/airflow/dags/health_check_kafka_server.py
[2026-05-31T08:40:23.301+0000] {logging_mixin.py:190} INFO - [2026-05-31T08:40:23.301+0000] {dag.py:3239} INFO - Sync 1 DAGs
[2026-05-31T08:40:23.355+0000] {logging_mixin.py:190} INFO - [2026-05-31T08:40:23.354+0000] {dag.py:4180} INFO - Setting next_dagrun for health_check_kafka_server to 2026-05-31 08:38:00+00:00, run_after=2026-05-31 08:40:00+00:00
[2026-05-31T08:40:23.450+0000] {processor.py:208} INFO - Processing /opt/airflow/dags/health_check_kafka_server.py took 0.239 seconds
[2026-05-31T08:40:57.198+0000] {processor.py:186} INFO - Started process (PID=12603) to work on /opt/airflow/dags/health_check_kafka_server.py
[2026-05-31T08:40:57.204+0000] {processor.py:914} INFO - Processing file /opt/airflow/dags/health_check_kafka_server.py for tasks to queue
[2026-05-31T08:40:57.221+0000] {logging_mixin.py:190} INFO - [2026-05-31T08:40:57.218+0000] {dagbag.py:588} INFO - Filling up the DagBag from /opt/airflow/dags/health_check_kafka_server.py
[2026-05-31T08:40:57.307+0000] {processor.py:925} INFO - DAG(s) 'health_check_kafka_server' retrieved from /opt/airflow/dags/health_check_kafka_server.py
[2026-05-31T08:40:57.468+0000] {logging_mixin.py:190} INFO - [2026-05-31T08:40:57.466+0000] {dag.py:3239} INFO - Sync 1 DAGs
[2026-05-31T08:40:58.551+0000] {logging_mixin.py:190} INFO - [2026-05-31T08:40:58.548+0000] {dag.py:4180} INFO - Setting next_dagrun for health_check_kafka_server to 2026-05-31 08:38:00+00:00, run_after=2026-05-31 08:40:00+00:00
[2026-05-31T08:40:58.615+0000] {processor.py:208} INFO - Processing /opt/airflow/dags/health_check_kafka_server.py took 1.454 seconds
[2026-05-31T08:41:28.725+0000] {processor.py:186} INFO - Started process (PID=12628) to work on /opt/airflow/dags/health_check_kafka_server.py
[2026-05-31T08:41:28.726+0000] {processor.py:914} INFO - Processing file /opt/airflow/dags/health_check_kafka_server.py for tasks to queue
[2026-05-31T08:41:28.728+0000] {logging_mixin.py:190} INFO - [2026-05-31T08:41:28.727+0000] {dagbag.py:588} INFO - Filling up the DagBag from /opt/airflow/dags/health_check_kafka_server.py
[2026-05-31T08:41:28.737+0000] {processor.py:925} INFO - DAG(s) 'health_check_kafka_server' retrieved from /opt/airflow/dags/health_check_kafka_server.py
[2026-05-31T08:41:28.758+0000] {logging_mixin.py:190} INFO - [2026-05-31T08:41:28.758+0000] {dag.py:3239} INFO - Sync 1 DAGs
[2026-05-31T08:41:28.779+0000] {logging_mixin.py:190} INFO - [2026-05-31T08:41:28.779+0000] {dag.py:4180} INFO - Setting next_dagrun for health_check_kafka_server to 2026-05-31 08:38:00+00:00, run_after=2026-05-31 08:40:00+00:00
[2026-05-31T08:41:28.795+0000] {processor.py:208} INFO - Processing /opt/airflow/dags/health_check_kafka_server.py took 0.075 seconds
[2026-05-31T08:41:59.345+0000] {processor.py:186} INFO - Started process (PID=12652) to work on /opt/airflow/dags/health_check_kafka_server.py
[2026-05-31T08:41:59.346+0000] {processor.py:914} INFO - Processing file /opt/airflow/dags/health_check_kafka_server.py for tasks to queue
[2026-05-31T08:41:59.348+0000] {logging_mixin.py:190} INFO - [2026-05-31T08:41:59.348+0000] {dagbag.py:588} INFO - Filling up the DagBag from /opt/airflow/dags/health_check_kafka_server.py
[2026-05-31T08:41:59.373+0000] {processor.py:925} INFO - DAG(s) 'health_check_kafka_server' retrieved from /opt/airflow/dags/health_check_kafka_server.py
[2026-05-31T08:41:59.402+0000] {logging_mixin.py:190} INFO - [2026-05-31T08:41:59.402+0000] {dag.py:3239} INFO - Sync 1 DAGs
[2026-05-31T08:41:59.565+0000] {logging_mixin.py:190} INFO - [2026-05-31T08:41:59.565+0000] {dag.py:4180} INFO - Setting next_dagrun for health_check_kafka_server to 2026-05-31 08:38:00+00:00, run_after=2026-05-31 08:40:00+00:00
[2026-05-31T08:41:59.655+0000] {processor.py:208} INFO - Processing /opt/airflow/dags/health_check_kafka_server.py took 0.318 seconds
[2026-05-31T08:42:29.907+0000] {processor.py:186} INFO - Started process (PID=12678) to work on /opt/airflow/dags/health_check_kafka_server.py
[2026-05-31T08:42:29.908+0000] {processor.py:914} INFO - Processing file /opt/airflow/dags/health_check_kafka_server.py for tasks to queue
[2026-05-31T08:42:29.912+0000] {logging_mixin.py:190} INFO - [2026-05-31T08:42:29.911+0000] {dagbag.py:588} INFO - Filling up the DagBag from /opt/airflow/dags/health_check_kafka_server.py
[2026-05-31T08:42:29.923+0000] {processor.py:925} INFO - DAG(s) 'health_check_kafka_server' retrieved from /opt/airflow/dags/health_check_kafka_server.py
[2026-05-31T08:42:29.953+0000] {logging_mixin.py:190} INFO - [2026-05-31T08:42:29.952+0000] {dag.py:3239} INFO - Sync 1 DAGs
[2026-05-31T08:42:29.980+0000] {logging_mixin.py:190} INFO - [2026-05-31T08:42:29.980+0000] {dag.py:4180} INFO - Setting next_dagrun for health_check_kafka_server to 2026-05-31 08:40:00+00:00, run_after=2026-05-31 08:42:00+00:00
[2026-05-31T08:42:29.995+0000] {processor.py:208} INFO - Processing /opt/airflow/dags/health_check_kafka_server.py took 0.097 seconds
[2026-05-31T08:43:00.249+0000] {processor.py:186} INFO - Started process (PID=12702) to work on /opt/airflow/dags/health_check_kafka_server.py
[2026-05-31T08:43:00.250+0000] {processor.py:914} INFO - Processing file /opt/airflow/dags/health_check_kafka_server.py for tasks to queue
[2026-05-31T08:43:00.253+0000] {logging_mixin.py:190} INFO - [2026-05-31T08:43:00.253+0000] {dagbag.py:588} INFO - Filling up the DagBag from /opt/airflow/dags/health_check_kafka_server.py
[2026-05-31T08:43:00.263+0000] {processor.py:925} INFO - DAG(s) 'health_check_kafka_server' retrieved from /opt/airflow/dags/health_check_kafka_server.py
[2026-05-31T08:43:00.283+0000] {logging_mixin.py:190} INFO - [2026-05-31T08:43:00.283+0000] {dag.py:3239} INFO - Sync 1 DAGs
[2026-05-31T08:43:00.432+0000] {logging_mixin.py:190} INFO - [2026-05-31T08:43:00.432+0000] {dag.py:4180} INFO - Setting next_dagrun for health_check_kafka_server to 2026-05-31 08:40:00+00:00, run_after=2026-05-31 08:42:00+00:00
[2026-05-31T08:43:00.444+0000] {processor.py:208} INFO - Processing /opt/airflow/dags/health_check_kafka_server.py took 0.202 seconds
[2026-05-31T08:43:30.550+0000] {processor.py:186} INFO - Started process (PID=12726) to work on /opt/airflow/dags/health_check_kafka_server.py
[2026-05-31T08:43:30.551+0000] {processor.py:914} INFO - Processing file /opt/airflow/dags/health_check_kafka_server.py for tasks to queue
[2026-05-31T08:43:30.553+0000] {logging_mixin.py:190} INFO - [2026-05-31T08:43:30.553+0000] {dagbag.py:588} INFO - Filling up the DagBag from /opt/airflow/dags/health_check_kafka_server.py
[2026-05-31T08:43:30.561+0000] {processor.py:925} INFO - DAG(s) 'health_check_kafka_server' retrieved from /opt/airflow/dags/health_check_kafka_server.py
[2026-05-31T08:43:30.580+0000] {logging_mixin.py:190} INFO - [2026-05-31T08:43:30.580+0000] {dag.py:3239} INFO - Sync 1 DAGs
[2026-05-31T08:43:30.601+0000] {logging_mixin.py:190} INFO - [2026-05-31T08:43:30.601+0000] {dag.py:4180} INFO - Setting next_dagrun for health_check_kafka_server to 2026-05-31 08:40:00+00:00, run_after=2026-05-31 08:42:00+00:00
[2026-05-31T08:43:30.614+0000] {processor.py:208} INFO - Processing /opt/airflow/dags/health_check_kafka_server.py took 0.069 seconds
[2026-05-31T08:44:00.894+0000] {processor.py:186} INFO - Started process (PID=12750) to work on /opt/airflow/dags/health_check_kafka_server.py
[2026-05-31T08:44:00.903+0000] {processor.py:914} INFO - Processing file /opt/airflow/dags/health_check_kafka_server.py for tasks to queue
[2026-05-31T08:44:00.905+0000] {logging_mixin.py:190} INFO - [2026-05-31T08:44:00.905+0000] {dagbag.py:588} INFO - Filling up the DagBag from /opt/airflow/dags/health_check_kafka_server.py
[2026-05-31T08:44:00.920+0000] {processor.py:925} INFO - DAG(s) 'health_check_kafka_server' retrieved from /opt/airflow/dags/health_check_kafka_server.py
[2026-05-31T08:44:00.958+0000] {logging_mixin.py:190} INFO - [2026-05-31T08:44:00.957+0000] {dag.py:3239} INFO - Sync 1 DAGs
[2026-05-31T08:44:01.004+0000] {logging_mixin.py:190} INFO - [2026-05-31T08:44:01.004+0000] {dag.py:4180} INFO - Setting next_dagrun for health_check_kafka_server to 2026-05-31 08:42:00+00:00, run_after=2026-05-31 08:44:00+00:00
[2026-05-31T08:44:01.029+0000] {processor.py:208} INFO - Processing /opt/airflow/dags/health_check_kafka_server.py took 0.147 seconds
[2026-05-31T08:44:31.164+0000] {processor.py:186} INFO - Started process (PID=12773) to work on /opt/airflow/dags/health_check_kafka_server.py
[2026-05-31T08:44:31.165+0000] {processor.py:914} INFO - Processing file /opt/airflow/dags/health_check_kafka_server.py for tasks to queue
[2026-05-31T08:44:31.167+0000] {logging_mixin.py:190} INFO - [2026-05-31T08:44:31.167+0000] {dagbag.py:588} INFO - Filling up the DagBag from /opt/airflow/dags/health_check_kafka_server.py
[2026-05-31T08:44:31.175+0000] {processor.py:925} INFO - DAG(s) 'health_check_kafka_server' retrieved from /opt/airflow/dags/health_check_kafka_server.py
[2026-05-31T08:44:31.194+0000] {logging_mixin.py:190} INFO - [2026-05-31T08:44:31.194+0000] {dag.py:3239} INFO - Sync 1 DAGs
[2026-05-31T08:44:31.215+0000] {logging_mixin.py:190} INFO - [2026-05-31T08:44:31.215+0000] {dag.py:4180} INFO - Setting next_dagrun for health_check_kafka_server to 2026-05-31 08:42:00+00:00, run_after=2026-05-31 08:44:00+00:00
[2026-05-31T08:44:31.230+0000] {processor.py:208} INFO - Processing /opt/airflow/dags/health_check_kafka_server.py took 0.070 seconds
[2026-05-31T08:45:01.325+0000] {processor.py:186} INFO - Started process (PID=12795) to work on /opt/airflow/dags/health_check_kafka_server.py
[2026-05-31T08:45:01.326+0000] {processor.py:914} INFO - Processing file /opt/airflow/dags/health_check_kafka_server.py for tasks to queue
[2026-05-31T08:45:01.329+0000] {logging_mixin.py:190} INFO - [2026-05-31T08:45:01.328+0000] {dagbag.py:588} INFO - Filling up the DagBag from /opt/airflow/dags/health_check_kafka_server.py
[2026-05-31T08:45:01.340+0000] {processor.py:925} INFO - DAG(s) 'health_check_kafka_server' retrieved from /opt/airflow/dags/health_check_kafka_server.py
[2026-05-31T08:45:01.364+0000] {logging_mixin.py:190} INFO - [2026-05-31T08:45:01.363+0000] {dag.py:3239} INFO - Sync 1 DAGs
[2026-05-31T08:45:01.387+0000] {logging_mixin.py:190} INFO - [2026-05-31T08:45:01.387+0000] {dag.py:4180} INFO - Setting next_dagrun for health_check_kafka_server to 2026-05-31 08:42:00+00:00, run_after=2026-05-31 08:44:00+00:00
[2026-05-31T08:45:01.401+0000] {processor.py:208} INFO - Processing /opt/airflow/dags/health_check_kafka_server.py took 0.082 seconds
[2026-05-31T08:45:32.511+0000] {processor.py:186} INFO - Started process (PID=12820) to work on /opt/airflow/dags/health_check_kafka_server.py
[2026-05-31T08:45:32.512+0000] {processor.py:914} INFO - Processing file /opt/airflow/dags/health_check_kafka_server.py for tasks to queue
[2026-05-31T08:45:32.514+0000] {logging_mixin.py:190} INFO - [2026-05-31T08:45:32.514+0000] {dagbag.py:588} INFO - Filling up the DagBag from /opt/airflow/dags/health_check_kafka_server.py
[2026-05-31T08:45:32.523+0000] {processor.py:925} INFO - DAG(s) 'health_check_kafka_server' retrieved from /opt/airflow/dags/health_check_kafka_server.py
[2026-05-31T08:45:32.541+0000] {logging_mixin.py:190} INFO - [2026-05-31T08:45:32.541+0000] {dag.py:3239} INFO - Sync 1 DAGs
[2026-05-31T08:45:32.564+0000] {logging_mixin.py:190} INFO - [2026-05-31T08:45:32.564+0000] {dag.py:4180} INFO - Setting next_dagrun for health_check_kafka_server to 2026-05-31 08:42:00+00:00, run_after=2026-05-31 08:44:00+00:00
[2026-05-31T08:45:32.577+0000] {processor.py:208} INFO - Processing /opt/airflow/dags/health_check_kafka_server.py took 0.071 seconds
[2026-05-31T08:46:03.686+0000] {processor.py:186} INFO - Started process (PID=12840) to work on /opt/airflow/dags/health_check_kafka_server.py
[2026-05-31T08:46:03.691+0000] {processor.py:914} INFO - Processing file /opt/airflow/dags/health_check_kafka_server.py for tasks to queue
[2026-05-31T08:46:03.693+0000] {logging_mixin.py:190} INFO - [2026-05-31T08:46:03.692+0000] {dagbag.py:588} INFO - Filling up the DagBag from /opt/airflow/dags/health_check_kafka_server.py
[2026-05-31T08:46:03.702+0000] {processor.py:925} INFO - DAG(s) 'health_check_kafka_server' retrieved from /opt/airflow/dags/health_check_kafka_server.py
[2026-05-31T08:46:03.721+0000] {logging_mixin.py:190} INFO - [2026-05-31T08:46:03.721+0000] {dag.py:3239} INFO - Sync 1 DAGs
[2026-05-31T08:46:03.744+0000] {logging_mixin.py:190} INFO - [2026-05-31T08:46:03.743+0000] {dag.py:4180} INFO - Setting next_dagrun for health_check_kafka_server to 2026-05-31 08:44:00+00:00, run_after=2026-05-31 08:46:00+00:00
[2026-05-31T08:46:03.760+0000] {processor.py:208} INFO - Processing /opt/airflow/dags/health_check_kafka_server.py took 0.079 seconds
[2026-05-31T08:46:34.307+0000] {processor.py:186} INFO - Started process (PID=12861) to work on /opt/airflow/dags/health_check_kafka_server.py
[2026-05-31T08:46:34.308+0000] {processor.py:914} INFO - Processing file /opt/airflow/dags/health_check_kafka_server.py for tasks to queue
[2026-05-31T08:46:34.310+0000] {logging_mixin.py:190} INFO - [2026-05-31T08:46:34.309+0000] {dagbag.py:588} INFO - Filling up the DagBag from /opt/airflow/dags/health_check_kafka_server.py
[2026-05-31T08:46:34.318+0000] {processor.py:925} INFO - DAG(s) 'health_check_kafka_server' retrieved from /opt/airflow/dags/health_check_kafka_server.py
[2026-05-31T08:46:34.336+0000] {logging_mixin.py:190} INFO - [2026-05-31T08:46:34.335+0000] {dag.py:3239} INFO - Sync 1 DAGs
[2026-05-31T08:46:34.355+0000] {logging_mixin.py:190} INFO - [2026-05-31T08:46:34.355+0000] {dag.py:4180} INFO - Setting next_dagrun for health_check_kafka_server to 2026-05-31 08:44:00+00:00, run_after=2026-05-31 08:46:00+00:00
[2026-05-31T08:46:34.369+0000] {processor.py:208} INFO - Processing /opt/airflow/dags/health_check_kafka_server.py took 0.068 seconds
[2026-05-31T08:47:05.153+0000] {processor.py:186} INFO - Started process (PID=12886) to work on /opt/airflow/dags/health_check_kafka_server.py
[2026-05-31T08:47:05.155+0000] {processor.py:914} INFO - Processing file /opt/airflow/dags/health_check_kafka_server.py for tasks to queue
[2026-05-31T08:47:05.158+0000] {logging_mixin.py:190} INFO - [2026-05-31T08:47:05.158+0000] {dagbag.py:588} INFO - Filling up the DagBag from /opt/airflow/dags/health_check_kafka_server.py
[2026-05-31T08:47:05.168+0000] {processor.py:925} INFO - DAG(s) 'health_check_kafka_server' retrieved from /opt/airflow/dags/health_check_kafka_server.py
[2026-05-31T08:47:05.189+0000] {logging_mixin.py:190} INFO - [2026-05-31T08:47:05.188+0000] {dag.py:3239} INFO - Sync 1 DAGs
[2026-05-31T08:47:05.209+0000] {logging_mixin.py:190} INFO - [2026-05-31T08:47:05.209+0000] {dag.py:4180} INFO - Setting next_dagrun for health_check_kafka_server to 2026-05-31 08:44:00+00:00, run_after=2026-05-31 08:46:00+00:00
[2026-05-31T08:47:05.227+0000] {processor.py:208} INFO - Processing /opt/airflow/dags/health_check_kafka_server.py took 0.079 seconds
[2026-05-31T08:47:35.359+0000] {processor.py:186} INFO - Started process (PID=12909) to work on /opt/airflow/dags/health_check_kafka_server.py
[2026-05-31T08:47:35.360+0000] {processor.py:914} INFO - Processing file /opt/airflow/dags/health_check_kafka_server.py for tasks to queue
[2026-05-31T08:47:35.362+0000] {logging_mixin.py:190} INFO - [2026-05-31T08:47:35.362+0000] {dagbag.py:588} INFO - Filling up the DagBag from /opt/airflow/dags/health_check_kafka_server.py
[2026-05-31T08:47:35.370+0000] {processor.py:925} INFO - DAG(s) 'health_check_kafka_server' retrieved from /opt/airflow/dags/health_check_kafka_server.py
[2026-05-31T08:47:35.388+0000] {logging_mixin.py:190} INFO - [2026-05-31T08:47:35.388+0000] {dag.py:3239} INFO - Sync 1 DAGs
[2026-05-31T08:47:35.407+0000] {logging_mixin.py:190} INFO - [2026-05-31T08:47:35.407+0000] {dag.py:4180} INFO - Setting next_dagrun for health_check_kafka_server to 2026-05-31 08:44:00+00:00, run_after=2026-05-31 08:46:00+00:00
[2026-05-31T08:47:35.421+0000] {processor.py:208} INFO - Processing /opt/airflow/dags/health_check_kafka_server.py took 0.067 seconds
[2026-05-31T08:48:06.185+0000] {processor.py:186} INFO - Started process (PID=12933) to work on /opt/airflow/dags/health_check_kafka_server.py
[2026-05-31T08:48:06.187+0000] {processor.py:914} INFO - Processing file /opt/airflow/dags/health_check_kafka_server.py for tasks to queue
[2026-05-31T08:48:06.190+0000] {logging_mixin.py:190} INFO - [2026-05-31T08:48:06.190+0000] {dagbag.py:588} INFO - Filling up the DagBag from /opt/airflow/dags/health_check_kafka_server.py
[2026-05-31T08:48:06.204+0000] {processor.py:925} INFO - DAG(s) 'health_check_kafka_server' retrieved from /opt/airflow/dags/health_check_kafka_server.py
[2026-05-31T08:48:06.229+0000] {logging_mixin.py:190} INFO - [2026-05-31T08:48:06.229+0000] {dag.py:3239} INFO - Sync 1 DAGs
[2026-05-31T08:48:06.253+0000] {logging_mixin.py:190} INFO - [2026-05-31T08:48:06.253+0000] {dag.py:4180} INFO - Setting next_dagrun for health_check_kafka_server to 2026-05-31 08:46:00+00:00, run_after=2026-05-31 08:48:00+00:00
[2026-05-31T08:48:06.270+0000] {processor.py:208} INFO - Processing /opt/airflow/dags/health_check_kafka_server.py took 0.095 seconds
[2026-05-31T08:48:36.600+0000] {processor.py:186} INFO - Started process (PID=12957) to work on /opt/airflow/dags/health_check_kafka_server.py
[2026-05-31T08:48:36.601+0000] {processor.py:914} INFO - Processing file /opt/airflow/dags/health_check_kafka_server.py for tasks to queue
[2026-05-31T08:48:36.604+0000] {logging_mixin.py:190} INFO - [2026-05-31T08:48:36.603+0000] {dagbag.py:588} INFO - Filling up the DagBag from /opt/airflow/dags/health_check_kafka_server.py
[2026-05-31T08:48:36.613+0000] {processor.py:925} INFO - DAG(s) 'health_check_kafka_server' retrieved from /opt/airflow/dags/health_check_kafka_server.py
[2026-05-31T08:48:36.630+0000] {logging_mixin.py:190} INFO - [2026-05-31T08:48:36.630+0000] {dag.py:3239} INFO - Sync 1 DAGs
[2026-05-31T08:48:36.651+0000] {logging_mixin.py:190} INFO - [2026-05-31T08:48:36.650+0000] {dag.py:4180} INFO - Setting next_dagrun for health_check_kafka_server to 2026-05-31 08:46:00+00:00, run_after=2026-05-31 08:48:00+00:00
[2026-05-31T08:48:36.664+0000] {processor.py:208} INFO - Processing /opt/airflow/dags/health_check_kafka_server.py took 0.068 seconds
[2026-05-31T08:49:07.380+0000] {processor.py:186} INFO - Started process (PID=12981) to work on /opt/airflow/dags/health_check_kafka_server.py
[2026-05-31T08:49:07.382+0000] {processor.py:914} INFO - Processing file /opt/airflow/dags/health_check_kafka_server.py for tasks to queue
[2026-05-31T08:49:07.385+0000] {logging_mixin.py:190} INFO - [2026-05-31T08:49:07.384+0000] {dagbag.py:588} INFO - Filling up the DagBag from /opt/airflow/dags/health_check_kafka_server.py
[2026-05-31T08:49:07.396+0000] {processor.py:925} INFO - DAG(s) 'health_check_kafka_server' retrieved from /opt/airflow/dags/health_check_kafka_server.py
[2026-05-31T08:49:07.415+0000] {logging_mixin.py:190} INFO - [2026-05-31T08:49:07.415+0000] {dag.py:3239} INFO - Sync 1 DAGs
[2026-05-31T08:49:07.434+0000] {logging_mixin.py:190} INFO - [2026-05-31T08:49:07.434+0000] {dag.py:4180} INFO - Setting next_dagrun for health_check_kafka_server to 2026-05-31 08:46:00+00:00, run_after=2026-05-31 08:48:00+00:00
[2026-05-31T08:49:07.448+0000] {processor.py:208} INFO - Processing /opt/airflow/dags/health_check_kafka_server.py took 0.078 seconds
[2026-05-31T08:49:38.139+0000] {processor.py:186} INFO - Started process (PID=13006) to work on /opt/airflow/dags/health_check_kafka_server.py
[2026-05-31T08:49:38.140+0000] {processor.py:914} INFO - Processing file /opt/airflow/dags/health_check_kafka_server.py for tasks to queue
[2026-05-31T08:49:38.142+0000] {logging_mixin.py:190} INFO - [2026-05-31T08:49:38.142+0000] {dagbag.py:588} INFO - Filling up the DagBag from /opt/airflow/dags/health_check_kafka_server.py
[2026-05-31T08:49:38.151+0000] {processor.py:925} INFO - DAG(s) 'health_check_kafka_server' retrieved from /opt/airflow/dags/health_check_kafka_server.py
[2026-05-31T08:49:38.174+0000] {logging_mixin.py:190} INFO - [2026-05-31T08:49:38.174+0000] {dag.py:3239} INFO - Sync 1 DAGs
[2026-05-31T08:49:38.197+0000] {logging_mixin.py:190} INFO - [2026-05-31T08:49:38.197+0000] {dag.py:4180} INFO - Setting next_dagrun for health_check_kafka_server to 2026-05-31 08:46:00+00:00, run_after=2026-05-31 08:48:00+00:00
[2026-05-31T08:49:38.210+0000] {processor.py:208} INFO - Processing /opt/airflow/dags/health_check_kafka_server.py took 0.077 seconds
[2026-05-31T08:50:08.259+0000] {processor.py:186} INFO - Started process (PID=13029) to work on /opt/airflow/dags/health_check_kafka_server.py
[2026-05-31T08:50:08.260+0000] {processor.py:914} INFO - Processing file /opt/airflow/dags/health_check_kafka_server.py for tasks to queue
[2026-05-31T08:50:08.262+0000] {logging_mixin.py:190} INFO - [2026-05-31T08:50:08.262+0000] {dagbag.py:588} INFO - Filling up the DagBag from /opt/airflow/dags/health_check_kafka_server.py
[2026-05-31T08:50:08.271+0000] {processor.py:925} INFO - DAG(s) 'health_check_kafka_server' retrieved from /opt/airflow/dags/health_check_kafka_server.py
[2026-05-31T08:50:08.288+0000] {logging_mixin.py:190} INFO - [2026-05-31T08:50:08.288+0000] {dag.py:3239} INFO - Sync 1 DAGs
[2026-05-31T08:50:08.308+0000] {logging_mixin.py:190} INFO - [2026-05-31T08:50:08.307+0000] {dag.py:4180} INFO - Setting next_dagrun for health_check_kafka_server to 2026-05-31 08:48:00+00:00, run_after=2026-05-31 08:50:00+00:00
[2026-05-31T08:50:08.320+0000] {processor.py:208} INFO - Processing /opt/airflow/dags/health_check_kafka_server.py took 0.066 seconds
[2026-05-31T08:50:38.359+0000] {processor.py:186} INFO - Started process (PID=13052) to work on /opt/airflow/dags/health_check_kafka_server.py
[2026-05-31T08:50:38.361+0000] {processor.py:914} INFO - Processing file /opt/airflow/dags/health_check_kafka_server.py for tasks to queue
[2026-05-31T08:50:38.364+0000] {logging_mixin.py:190} INFO - [2026-05-31T08:50:38.363+0000] {dagbag.py:588} INFO - Filling up the DagBag from /opt/airflow/dags/health_check_kafka_server.py
[2026-05-31T08:50:38.372+0000] {processor.py:925} INFO - DAG(s) 'health_check_kafka_server' retrieved from /opt/airflow/dags/health_check_kafka_server.py
[2026-05-31T08:50:38.390+0000] {logging_mixin.py:190} INFO - [2026-05-31T08:50:38.390+0000] {dag.py:3239} INFO - Sync 1 DAGs
[2026-05-31T08:50:38.409+0000] {logging_mixin.py:190} INFO - [2026-05-31T08:50:38.409+0000] {dag.py:4180} INFO - Setting next_dagrun for health_check_kafka_server to 2026-05-31 08:48:00+00:00, run_after=2026-05-31 08:50:00+00:00
[2026-05-31T08:50:38.424+0000] {processor.py:208} INFO - Processing /opt/airflow/dags/health_check_kafka_server.py took 0.070 seconds
[2026-05-31T08:51:09.262+0000] {processor.py:186} INFO - Started process (PID=13076) to work on /opt/airflow/dags/health_check_kafka_server.py
[2026-05-31T08:51:09.264+0000] {processor.py:914} INFO - Processing file /opt/airflow/dags/health_check_kafka_server.py for tasks to queue
[2026-05-31T08:51:09.273+0000] {logging_mixin.py:190} INFO - [2026-05-31T08:51:09.271+0000] {dagbag.py:588} INFO - Filling up the DagBag from /opt/airflow/dags/health_check_kafka_server.py
[2026-05-31T08:51:09.295+0000] {processor.py:925} INFO - DAG(s) 'health_check_kafka_server' retrieved from /opt/airflow/dags/health_check_kafka_server.py
[2026-05-31T08:51:09.342+0000] {logging_mixin.py:190} INFO - [2026-05-31T08:51:09.342+0000] {dag.py:3239} INFO - Sync 1 DAGs
[2026-05-31T08:51:09.386+0000] {logging_mixin.py:190} INFO - [2026-05-31T08:51:09.386+0000] {dag.py:4180} INFO - Setting next_dagrun for health_check_kafka_server to 2026-05-31 08:48:00+00:00, run_after=2026-05-31 08:50:00+00:00
[2026-05-31T08:51:09.410+0000] {processor.py:208} INFO - Processing /opt/airflow/dags/health_check_kafka_server.py took 0.161 seconds
[2026-05-31T08:51:40.220+0000] {processor.py:186} INFO - Started process (PID=13101) to work on /opt/airflow/dags/health_check_kafka_server.py
[2026-05-31T08:51:40.222+0000] {processor.py:914} INFO - Processing file /opt/airflow/dags/health_check_kafka_server.py for tasks to queue
[2026-05-31T08:51:40.226+0000] {logging_mixin.py:190} INFO - [2026-05-31T08:51:40.224+0000] {dagbag.py:588} INFO - Filling up the DagBag from /opt/airflow/dags/health_check_kafka_server.py
[2026-05-31T08:51:40.241+0000] {processor.py:925} INFO - DAG(s) 'health_check_kafka_server' retrieved from /opt/airflow/dags/health_check_kafka_server.py
[2026-05-31T08:51:40.273+0000] {logging_mixin.py:190} INFO - [2026-05-31T08:51:40.273+0000] {dag.py:3239} INFO - Sync 1 DAGs
[2026-05-31T08:51:40.310+0000] {logging_mixin.py:190} INFO - [2026-05-31T08:51:40.310+0000] {dag.py:4180} INFO - Setting next_dagrun for health_check_kafka_server to 2026-05-31 08:48:00+00:00, run_after=2026-05-31 08:50:00+00:00
[2026-05-31T08:51:40.334+0000] {processor.py:208} INFO - Processing /opt/airflow/dags/health_check_kafka_server.py took 0.125 seconds
[2026-05-31T08:52:10.482+0000] {processor.py:186} INFO - Started process (PID=13125) to work on /opt/airflow/dags/health_check_kafka_server.py
[2026-05-31T08:52:10.483+0000] {processor.py:914} INFO - Processing file /opt/airflow/dags/health_check_kafka_server.py for tasks to queue
[2026-05-31T08:52:10.486+0000] {logging_mixin.py:190} INFO - [2026-05-31T08:52:10.486+0000] {dagbag.py:588} INFO - Filling up the DagBag from /opt/airflow/dags/health_check_kafka_server.py
[2026-05-31T08:52:10.496+0000] {processor.py:925} INFO - DAG(s) 'health_check_kafka_server' retrieved from /opt/airflow/dags/health_check_kafka_server.py
[2026-05-31T08:52:10.514+0000] {logging_mixin.py:190} INFO - [2026-05-31T08:52:10.514+0000] {dag.py:3239} INFO - Sync 1 DAGs
[2026-05-31T08:52:10.534+0000] {logging_mixin.py:190} INFO - [2026-05-31T08:52:10.534+0000] {dag.py:4180} INFO - Setting next_dagrun for health_check_kafka_server to 2026-05-31 08:50:00+00:00, run_after=2026-05-31 08:52:00+00:00
[2026-05-31T08:52:10.548+0000] {processor.py:208} INFO - Processing /opt/airflow/dags/health_check_kafka_server.py took 0.075 seconds
[2026-05-31T08:52:41.300+0000] {processor.py:186} INFO - Started process (PID=13148) to work on /opt/airflow/dags/health_check_kafka_server.py
[2026-05-31T08:52:41.301+0000] {processor.py:914} INFO - Processing file /opt/airflow/dags/health_check_kafka_server.py for tasks to queue
[2026-05-31T08:52:41.303+0000] {logging_mixin.py:190} INFO - [2026-05-31T08:52:41.303+0000] {dagbag.py:588} INFO - Filling up the DagBag from /opt/airflow/dags/health_check_kafka_server.py
[2026-05-31T08:52:41.312+0000] {processor.py:925} INFO - DAG(s) 'health_check_kafka_server' retrieved from /opt/airflow/dags/health_check_kafka_server.py
[2026-05-31T08:52:41.332+0000] {logging_mixin.py:190} INFO - [2026-05-31T08:52:41.332+0000] {dag.py:3239} INFO - Sync 1 DAGs
[2026-05-31T08:52:41.353+0000] {logging_mixin.py:190} INFO - [2026-05-31T08:52:41.353+0000] {dag.py:4180} INFO - Setting next_dagrun for health_check_kafka_server to 2026-05-31 08:50:00+00:00, run_after=2026-05-31 08:52:00+00:00
[2026-05-31T08:52:41.365+0000] {processor.py:208} INFO - Processing /opt/airflow/dags/health_check_kafka_server.py took 0.070 seconds
[2026-05-31T08:53:11.439+0000] {processor.py:186} INFO - Started process (PID=13169) to work on /opt/airflow/dags/health_check_kafka_server.py
[2026-05-31T08:53:11.440+0000] {processor.py:914} INFO - Processing file /opt/airflow/dags/health_check_kafka_server.py for tasks to queue
[2026-05-31T08:53:11.442+0000] {logging_mixin.py:190} INFO - [2026-05-31T08:53:11.441+0000] {dagbag.py:588} INFO - Filling up the DagBag from /opt/airflow/dags/health_check_kafka_server.py
[2026-05-31T08:53:11.450+0000] {processor.py:925} INFO - DAG(s) 'health_check_kafka_server' retrieved from /opt/airflow/dags/health_check_kafka_server.py
[2026-05-31T08:53:11.471+0000] {logging_mixin.py:190} INFO - [2026-05-31T08:53:11.470+0000] {dag.py:3239} INFO - Sync 1 DAGs
[2026-05-31T08:53:11.492+0000] {logging_mixin.py:190} INFO - [2026-05-31T08:53:11.491+0000] {dag.py:4180} INFO - Setting next_dagrun for health_check_kafka_server to 2026-05-31 08:50:00+00:00, run_after=2026-05-31 08:52:00+00:00
[2026-05-31T08:53:11.510+0000] {processor.py:208} INFO - Processing /opt/airflow/dags/health_check_kafka_server.py took 0.075 seconds
[2026-05-31T08:53:41.638+0000] {processor.py:186} INFO - Started process (PID=13193) to work on /opt/airflow/dags/health_check_kafka_server.py
[2026-05-31T08:53:41.639+0000] {processor.py:914} INFO - Processing file /opt/airflow/dags/health_check_kafka_server.py for tasks to queue
[2026-05-31T08:53:41.641+0000] {logging_mixin.py:190} INFO - [2026-05-31T08:53:41.641+0000] {dagbag.py:588} INFO - Filling up the DagBag from /opt/airflow/dags/health_check_kafka_server.py
[2026-05-31T08:53:41.650+0000] {processor.py:925} INFO - DAG(s) 'health_check_kafka_server' retrieved from /opt/airflow/dags/health_check_kafka_server.py
[2026-05-31T08:53:41.669+0000] {logging_mixin.py:190} INFO - [2026-05-31T08:53:41.669+0000] {dag.py:3239} INFO - Sync 1 DAGs
[2026-05-31T08:53:41.690+0000] {logging_mixin.py:190} INFO - [2026-05-31T08:53:41.690+0000] {dag.py:4180} INFO - Setting next_dagrun for health_check_kafka_server to 2026-05-31 08:50:00+00:00, run_after=2026-05-31 08:52:00+00:00
[2026-05-31T08:53:41.704+0000] {processor.py:208} INFO - Processing /opt/airflow/dags/health_check_kafka_server.py took 0.072 seconds
[2026-05-31T08:54:12.538+0000] {processor.py:186} INFO - Started process (PID=13216) to work on /opt/airflow/dags/health_check_kafka_server.py
[2026-05-31T08:54:12.539+0000] {processor.py:914} INFO - Processing file /opt/airflow/dags/health_check_kafka_server.py for tasks to queue
[2026-05-31T08:54:12.541+0000] {logging_mixin.py:190} INFO - [2026-05-31T08:54:12.541+0000] {dagbag.py:588} INFO - Filling up the DagBag from /opt/airflow/dags/health_check_kafka_server.py
[2026-05-31T08:54:12.550+0000] {processor.py:925} INFO - DAG(s) 'health_check_kafka_server' retrieved from /opt/airflow/dags/health_check_kafka_server.py
[2026-05-31T08:54:12.569+0000] {logging_mixin.py:190} INFO - [2026-05-31T08:54:12.569+0000] {dag.py:3239} INFO - Sync 1 DAGs
[2026-05-31T08:54:12.589+0000] {logging_mixin.py:190} INFO - [2026-05-31T08:54:12.589+0000] {dag.py:4180} INFO - Setting next_dagrun for health_check_kafka_server to 2026-05-31 08:52:00+00:00, run_after=2026-05-31 08:54:00+00:00
[2026-05-31T08:54:12.603+0000] {processor.py:208} INFO - Processing /opt/airflow/dags/health_check_kafka_server.py took 0.073 seconds
[2026-05-31T08:54:42.784+0000] {processor.py:186} INFO - Started process (PID=13239) to work on /opt/airflow/dags/health_check_kafka_server.py
[2026-05-31T08:54:42.785+0000] {processor.py:914} INFO - Processing file /opt/airflow/dags/health_check_kafka_server.py for tasks to queue
[2026-05-31T08:54:42.787+0000] {logging_mixin.py:190} INFO - [2026-05-31T08:54:42.787+0000] {dagbag.py:588} INFO - Filling up the DagBag from /opt/airflow/dags/health_check_kafka_server.py
[2026-05-31T08:54:42.796+0000] {processor.py:925} INFO - DAG(s) 'health_check_kafka_server' retrieved from /opt/airflow/dags/health_check_kafka_server.py
[2026-05-31T08:54:42.814+0000] {logging_mixin.py:190} INFO - [2026-05-31T08:54:42.813+0000] {dag.py:3239} INFO - Sync 1 DAGs
[2026-05-31T08:54:42.832+0000] {logging_mixin.py:190} INFO - [2026-05-31T08:54:42.832+0000] {dag.py:4180} INFO - Setting next_dagrun for health_check_kafka_server to 2026-05-31 08:52:00+00:00, run_after=2026-05-31 08:54:00+00:00
[2026-05-31T08:54:42.846+0000] {processor.py:208} INFO - Processing /opt/airflow/dags/health_check_kafka_server.py took 0.067 seconds
[2026-05-31T08:55:13.617+0000] {processor.py:186} INFO - Started process (PID=13264) to work on /opt/airflow/dags/health_check_kafka_server.py
[2026-05-31T08:55:13.618+0000] {processor.py:914} INFO - Processing file /opt/airflow/dags/health_check_kafka_server.py for tasks to queue
[2026-05-31T08:55:13.621+0000] {logging_mixin.py:190} INFO - [2026-05-31T08:55:13.621+0000] {dagbag.py:588} INFO - Filling up the DagBag from /opt/airflow/dags/health_check_kafka_server.py
[2026-05-31T08:55:13.631+0000] {processor.py:925} INFO - DAG(s) 'health_check_kafka_server' retrieved from /opt/airflow/dags/health_check_kafka_server.py
[2026-05-31T08:55:13.649+0000] {logging_mixin.py:190} INFO - [2026-05-31T08:55:13.649+0000] {dag.py:3239} INFO - Sync 1 DAGs
[2026-05-31T08:55:13.670+0000] {logging_mixin.py:190} INFO - [2026-05-31T08:55:13.670+0000] {dag.py:4180} INFO - Setting next_dagrun for health_check_kafka_server to 2026-05-31 08:52:00+00:00, run_after=2026-05-31 08:54:00+00:00
[2026-05-31T08:55:13.683+0000] {processor.py:208} INFO - Processing /opt/airflow/dags/health_check_kafka_server.py took 0.077 seconds
[2026-05-31T08:55:44.382+0000] {processor.py:186} INFO - Started process (PID=13288) to work on /opt/airflow/dags/health_check_kafka_server.py
[2026-05-31T08:55:44.387+0000] {processor.py:914} INFO - Processing file /opt/airflow/dags/health_check_kafka_server.py for tasks to queue
[2026-05-31T08:55:44.391+0000] {logging_mixin.py:190} INFO - [2026-05-31T08:55:44.390+0000] {dagbag.py:588} INFO - Filling up the DagBag from /opt/airflow/dags/health_check_kafka_server.py
[2026-05-31T08:55:44.408+0000] {processor.py:925} INFO - DAG(s) 'health_check_kafka_server' retrieved from /opt/airflow/dags/health_check_kafka_server.py
[2026-05-31T08:55:44.440+0000] {logging_mixin.py:190} INFO - [2026-05-31T08:55:44.440+0000] {dag.py:3239} INFO - Sync 1 DAGs
[2026-05-31T08:55:44.484+0000] {logging_mixin.py:190} INFO - [2026-05-31T08:55:44.483+0000] {dag.py:4180} INFO - Setting next_dagrun for health_check_kafka_server to 2026-05-31 08:52:00+00:00, run_after=2026-05-31 08:54:00+00:00
[2026-05-31T08:55:44.509+0000] {processor.py:208} INFO - Processing /opt/airflow/dags/health_check_kafka_server.py took 0.134 seconds
[2026-05-31T08:56:14.671+0000] {processor.py:186} INFO - Started process (PID=13312) to work on /opt/airflow/dags/health_check_kafka_server.py
[2026-05-31T08:56:14.672+0000] {processor.py:914} INFO - Processing file /opt/airflow/dags/health_check_kafka_server.py for tasks to queue
[2026-05-31T08:56:14.675+0000] {logging_mixin.py:190} INFO - [2026-05-31T08:56:14.674+0000] {dagbag.py:588} INFO - Filling up the DagBag from /opt/airflow/dags/health_check_kafka_server.py
[2026-05-31T08:56:14.684+0000] {processor.py:925} INFO - DAG(s) 'health_check_kafka_server' retrieved from /opt/airflow/dags/health_check_kafka_server.py
[2026-05-31T08:56:14.707+0000] {logging_mixin.py:190} INFO - [2026-05-31T08:56:14.707+0000] {dag.py:3239} INFO - Sync 1 DAGs
[2026-05-31T08:56:14.731+0000] {logging_mixin.py:190} INFO - [2026-05-31T08:56:14.731+0000] {dag.py:4180} INFO - Setting next_dagrun for health_check_kafka_server to 2026-05-31 08:54:00+00:00, run_after=2026-05-31 08:56:00+00:00
[2026-05-31T08:56:14.746+0000] {processor.py:208} INFO - Processing /opt/airflow/dags/health_check_kafka_server.py took 0.080 seconds
[2026-05-31T08:56:45.558+0000] {processor.py:186} INFO - Started process (PID=13337) to work on /opt/airflow/dags/health_check_kafka_server.py
[2026-05-31T08:56:45.560+0000] {processor.py:914} INFO - Processing file /opt/airflow/dags/health_check_kafka_server.py for tasks to queue
[2026-05-31T08:56:45.562+0000] {logging_mixin.py:190} INFO - [2026-05-31T08:56:45.561+0000] {dagbag.py:588} INFO - Filling up the DagBag from /opt/airflow/dags/health_check_kafka_server.py
[2026-05-31T08:56:45.571+0000] {processor.py:925} INFO - DAG(s) 'health_check_kafka_server' retrieved from /opt/airflow/dags/health_check_kafka_server.py
[2026-05-31T08:56:45.589+0000] {logging_mixin.py:190} INFO - [2026-05-31T08:56:45.588+0000] {dag.py:3239} INFO - Sync 1 DAGs
[2026-05-31T08:56:45.608+0000] {logging_mixin.py:190} INFO - [2026-05-31T08:56:45.608+0000] {dag.py:4180} INFO - Setting next_dagrun for health_check_kafka_server to 2026-05-31 08:54:00+00:00, run_after=2026-05-31 08:56:00+00:00
[2026-05-31T08:56:45.622+0000] {processor.py:208} INFO - Processing /opt/airflow/dags/health_check_kafka_server.py took 0.069 seconds
[2026-05-31T08:57:16.322+0000] {processor.py:186} INFO - Started process (PID=13361) to work on /opt/airflow/dags/health_check_kafka_server.py
[2026-05-31T08:57:16.322+0000] {processor.py:914} INFO - Processing file /opt/airflow/dags/health_check_kafka_server.py for tasks to queue
[2026-05-31T08:57:16.325+0000] {logging_mixin.py:190} INFO - [2026-05-31T08:57:16.325+0000] {dagbag.py:588} INFO - Filling up the DagBag from /opt/airflow/dags/health_check_kafka_server.py
[2026-05-31T08:57:16.334+0000] {processor.py:925} INFO - DAG(s) 'health_check_kafka_server' retrieved from /opt/airflow/dags/health_check_kafka_server.py
[2026-05-31T08:57:16.351+0000] {logging_mixin.py:190} INFO - [2026-05-31T08:57:16.351+0000] {dag.py:3239} INFO - Sync 1 DAGs
[2026-05-31T08:57:16.370+0000] {logging_mixin.py:190} INFO - [2026-05-31T08:57:16.370+0000] {dag.py:4180} INFO - Setting next_dagrun for health_check_kafka_server to 2026-05-31 08:54:00+00:00, run_after=2026-05-31 08:56:00+00:00
[2026-05-31T08:57:16.383+0000] {processor.py:208} INFO - Processing /opt/airflow/dags/health_check_kafka_server.py took 0.067 seconds
[2026-05-31T08:57:47.080+0000] {processor.py:186} INFO - Started process (PID=13386) to work on /opt/airflow/dags/health_check_kafka_server.py
[2026-05-31T08:57:47.082+0000] {processor.py:914} INFO - Processing file /opt/airflow/dags/health_check_kafka_server.py for tasks to queue
[2026-05-31T08:57:47.085+0000] {logging_mixin.py:190} INFO - [2026-05-31T08:57:47.084+0000] {dagbag.py:588} INFO - Filling up the DagBag from /opt/airflow/dags/health_check_kafka_server.py
[2026-05-31T08:57:47.095+0000] {processor.py:925} INFO - DAG(s) 'health_check_kafka_server' retrieved from /opt/airflow/dags/health_check_kafka_server.py
[2026-05-31T08:57:47.115+0000] {logging_mixin.py:190} INFO - [2026-05-31T08:57:47.114+0000] {dag.py:3239} INFO - Sync 1 DAGs
[2026-05-31T08:57:47.135+0000] {logging_mixin.py:190} INFO - [2026-05-31T08:57:47.135+0000] {dag.py:4180} INFO - Setting next_dagrun for health_check_kafka_server to 2026-05-31 08:54:00+00:00, run_after=2026-05-31 08:56:00+00:00
[2026-05-31T08:57:47.149+0000] {processor.py:208} INFO - Processing /opt/airflow/dags/health_check_kafka_server.py took 0.074 seconds
[2026-05-31T08:58:18.069+0000] {processor.py:186} INFO - Started process (PID=13410) to work on /opt/airflow/dags/health_check_kafka_server.py
[2026-05-31T08:58:18.070+0000] {processor.py:914} INFO - Processing file /opt/airflow/dags/health_check_kafka_server.py for tasks to queue
[2026-05-31T08:58:18.072+0000] {logging_mixin.py:190} INFO - [2026-05-31T08:58:18.072+0000] {dagbag.py:588} INFO - Filling up the DagBag from /opt/airflow/dags/health_check_kafka_server.py
[2026-05-31T08:58:18.083+0000] {processor.py:925} INFO - DAG(s) 'health_check_kafka_server' retrieved from /opt/airflow/dags/health_check_kafka_server.py
[2026-05-31T08:58:18.110+0000] {logging_mixin.py:190} INFO - [2026-05-31T08:58:18.110+0000] {dag.py:3239} INFO - Sync 1 DAGs
[2026-05-31T08:58:18.136+0000] {logging_mixin.py:190} INFO - [2026-05-31T08:58:18.136+0000] {dag.py:4180} INFO - Setting next_dagrun for health_check_kafka_server to 2026-05-31 08:56:00+00:00, run_after=2026-05-31 08:58:00+00:00
[2026-05-31T08:58:18.151+0000] {processor.py:208} INFO - Processing /opt/airflow/dags/health_check_kafka_server.py took 0.086 seconds
[2026-05-31T08:58:48.986+0000] {processor.py:186} INFO - Started process (PID=13435) to work on /opt/airflow/dags/health_check_kafka_server.py
[2026-05-31T08:58:48.987+0000] {processor.py:914} INFO - Processing file /opt/airflow/dags/health_check_kafka_server.py for tasks to queue
[2026-05-31T08:58:48.990+0000] {logging_mixin.py:190} INFO - [2026-05-31T08:58:48.990+0000] {dagbag.py:588} INFO - Filling up the DagBag from /opt/airflow/dags/health_check_kafka_server.py
[2026-05-31T08:58:48.999+0000] {processor.py:925} INFO - DAG(s) 'health_check_kafka_server' retrieved from /opt/airflow/dags/health_check_kafka_server.py
[2026-05-31T08:58:49.018+0000] {logging_mixin.py:190} INFO - [2026-05-31T08:58:49.018+0000] {dag.py:3239} INFO - Sync 1 DAGs
[2026-05-31T08:58:49.038+0000] {logging_mixin.py:190} INFO - [2026-05-31T08:58:49.038+0000] {dag.py:4180} INFO - Setting next_dagrun for health_check_kafka_server to 2026-05-31 08:56:00+00:00, run_after=2026-05-31 08:58:00+00:00
[2026-05-31T08:58:49.050+0000] {processor.py:208} INFO - Processing /opt/airflow/dags/health_check_kafka_server.py took 0.069 seconds
[2026-05-31T08:59:19.372+0000] {processor.py:186} INFO - Started process (PID=13459) to work on /opt/airflow/dags/health_check_kafka_server.py
[2026-05-31T08:59:19.373+0000] {processor.py:914} INFO - Processing file /opt/airflow/dags/health_check_kafka_server.py for tasks to queue
[2026-05-31T08:59:19.377+0000] {logging_mixin.py:190} INFO - [2026-05-31T08:59:19.377+0000] {dagbag.py:588} INFO - Filling up the DagBag from /opt/airflow/dags/health_check_kafka_server.py
[2026-05-31T08:59:19.387+0000] {processor.py:925} INFO - DAG(s) 'health_check_kafka_server' retrieved from /opt/airflow/dags/health_check_kafka_server.py
[2026-05-31T08:59:19.409+0000] {logging_mixin.py:190} INFO - [2026-05-31T08:59:19.409+0000] {dag.py:3239} INFO - Sync 1 DAGs
[2026-05-31T08:59:19.435+0000] {logging_mixin.py:190} INFO - [2026-05-31T08:59:19.435+0000] {dag.py:4180} INFO - Setting next_dagrun for health_check_kafka_server to 2026-05-31 08:56:00+00:00, run_after=2026-05-31 08:58:00+00:00
[2026-05-31T08:59:19.452+0000] {processor.py:208} INFO - Processing /opt/airflow/dags/health_check_kafka_server.py took 0.087 seconds
[2026-05-31T08:59:49.481+0000] {processor.py:186} INFO - Started process (PID=13483) to work on /opt/airflow/dags/health_check_kafka_server.py
[2026-05-31T08:59:49.483+0000] {processor.py:914} INFO - Processing file /opt/airflow/dags/health_check_kafka_server.py for tasks to queue
[2026-05-31T08:59:49.485+0000] {logging_mixin.py:190} INFO - [2026-05-31T08:59:49.485+0000] {dagbag.py:588} INFO - Filling up the DagBag from /opt/airflow/dags/health_check_kafka_server.py
[2026-05-31T08:59:49.495+0000] {processor.py:925} INFO - DAG(s) 'health_check_kafka_server' retrieved from /opt/airflow/dags/health_check_kafka_server.py
[2026-05-31T08:59:49.513+0000] {logging_mixin.py:190} INFO - [2026-05-31T08:59:49.513+0000] {dag.py:3239} INFO - Sync 1 DAGs
[2026-05-31T08:59:49.534+0000] {logging_mixin.py:190} INFO - [2026-05-31T08:59:49.533+0000] {dag.py:4180} INFO - Setting next_dagrun for health_check_kafka_server to 2026-05-31 08:56:00+00:00, run_after=2026-05-31 08:58:00+00:00
[2026-05-31T08:59:49.551+0000] {processor.py:208} INFO - Processing /opt/airflow/dags/health_check_kafka_server.py took 0.076 seconds
[2026-05-31T09:00:19.828+0000] {processor.py:186} INFO - Started process (PID=13508) to work on /opt/airflow/dags/health_check_kafka_server.py
[2026-05-31T09:00:19.829+0000] {processor.py:914} INFO - Processing file /opt/airflow/dags/health_check_kafka_server.py for tasks to queue
[2026-05-31T09:00:19.834+0000] {logging_mixin.py:190} INFO - [2026-05-31T09:00:19.833+0000] {dagbag.py:588} INFO - Filling up the DagBag from /opt/airflow/dags/health_check_kafka_server.py
[2026-05-31T09:00:19.865+0000] {processor.py:925} INFO - DAG(s) 'health_check_kafka_server' retrieved from /opt/airflow/dags/health_check_kafka_server.py
[2026-05-31T09:00:19.913+0000] {logging_mixin.py:190} INFO - [2026-05-31T09:00:19.913+0000] {dag.py:3239} INFO - Sync 1 DAGs
[2026-05-31T09:00:19.942+0000] {logging_mixin.py:190} INFO - [2026-05-31T09:00:19.942+0000] {dag.py:4180} INFO - Setting next_dagrun for health_check_kafka_server to 2026-05-31 08:58:00+00:00, run_after=2026-05-31 09:00:00+00:00
[2026-05-31T09:00:19.959+0000] {processor.py:208} INFO - Processing /opt/airflow/dags/health_check_kafka_server.py took 0.160 seconds
[2026-05-31T09:00:50.363+0000] {processor.py:186} INFO - Started process (PID=13532) to work on /opt/airflow/dags/health_check_kafka_server.py
[2026-05-31T09:00:50.365+0000] {processor.py:914} INFO - Processing file /opt/airflow/dags/health_check_kafka_server.py for tasks to queue
[2026-05-31T09:00:50.367+0000] {logging_mixin.py:190} INFO - [2026-05-31T09:00:50.366+0000] {dagbag.py:588} INFO - Filling up the DagBag from /opt/airflow/dags/health_check_kafka_server.py
[2026-05-31T09:00:50.376+0000] {processor.py:925} INFO - DAG(s) 'health_check_kafka_server' retrieved from /opt/airflow/dags/health_check_kafka_server.py
[2026-05-31T09:00:50.415+0000] {logging_mixin.py:190} INFO - [2026-05-31T09:00:50.414+0000] {dag.py:3239} INFO - Sync 1 DAGs
[2026-05-31T09:00:50.455+0000] {logging_mixin.py:190} INFO - [2026-05-31T09:00:50.454+0000] {dag.py:4180} INFO - Setting next_dagrun for health_check_kafka_server to 2026-05-31 08:58:00+00:00, run_after=2026-05-31 09:00:00+00:00
[2026-05-31T09:00:50.469+0000] {processor.py:208} INFO - Processing /opt/airflow/dags/health_check_kafka_server.py took 0.112 seconds
[2026-05-31T09:01:21.220+0000] {processor.py:186} INFO - Started process (PID=13556) to work on /opt/airflow/dags/health_check_kafka_server.py
[2026-05-31T09:01:21.221+0000] {processor.py:914} INFO - Processing file /opt/airflow/dags/health_check_kafka_server.py for tasks to queue
[2026-05-31T09:01:21.224+0000] {logging_mixin.py:190} INFO - [2026-05-31T09:01:21.223+0000] {dagbag.py:588} INFO - Filling up the DagBag from /opt/airflow/dags/health_check_kafka_server.py
[2026-05-31T09:01:21.235+0000] {processor.py:925} INFO - DAG(s) 'health_check_kafka_server' retrieved from /opt/airflow/dags/health_check_kafka_server.py
[2026-05-31T09:01:21.253+0000] {logging_mixin.py:190} INFO - [2026-05-31T09:01:21.253+0000] {dag.py:3239} INFO - Sync 1 DAGs
[2026-05-31T09:01:21.277+0000] {logging_mixin.py:190} INFO - [2026-05-31T09:01:21.277+0000] {dag.py:4180} INFO - Setting next_dagrun for health_check_kafka_server to 2026-05-31 08:58:00+00:00, run_after=2026-05-31 09:00:00+00:00
[2026-05-31T09:01:21.291+0000] {processor.py:208} INFO - Processing /opt/airflow/dags/health_check_kafka_server.py took 0.078 seconds
[2026-05-31T09:01:52.042+0000] {processor.py:186} INFO - Started process (PID=13580) to work on /opt/airflow/dags/health_check_kafka_server.py
[2026-05-31T09:01:52.046+0000] {processor.py:914} INFO - Processing file /opt/airflow/dags/health_check_kafka_server.py for tasks to queue
[2026-05-31T09:01:52.052+0000] {logging_mixin.py:190} INFO - [2026-05-31T09:01:52.052+0000] {dagbag.py:588} INFO - Filling up the DagBag from /opt/airflow/dags/health_check_kafka_server.py
[2026-05-31T09:01:52.075+0000] {processor.py:925} INFO - DAG(s) 'health_check_kafka_server' retrieved from /opt/airflow/dags/health_check_kafka_server.py
[2026-05-31T09:01:52.122+0000] {logging_mixin.py:190} INFO - [2026-05-31T09:01:52.122+0000] {dag.py:3239} INFO - Sync 1 DAGs
[2026-05-31T09:01:52.180+0000] {logging_mixin.py:190} INFO - [2026-05-31T09:01:52.180+0000] {dag.py:4180} INFO - Setting next_dagrun for health_check_kafka_server to 2026-05-31 08:58:00+00:00, run_after=2026-05-31 09:00:00+00:00
[2026-05-31T09:01:52.208+0000] {processor.py:208} INFO - Processing /opt/airflow/dags/health_check_kafka_server.py took 0.185 seconds
[2026-05-31T09:02:22.985+0000] {processor.py:186} INFO - Started process (PID=13603) to work on /opt/airflow/dags/health_check_kafka_server.py
[2026-05-31T09:02:22.988+0000] {processor.py:914} INFO - Processing file /opt/airflow/dags/health_check_kafka_server.py for tasks to queue
[2026-05-31T09:02:22.990+0000] {logging_mixin.py:190} INFO - [2026-05-31T09:02:22.989+0000] {dagbag.py:588} INFO - Filling up the DagBag from /opt/airflow/dags/health_check_kafka_server.py
[2026-05-31T09:02:23.005+0000] {processor.py:925} INFO - DAG(s) 'health_check_kafka_server' retrieved from /opt/airflow/dags/health_check_kafka_server.py
[2026-05-31T09:02:23.054+0000] {logging_mixin.py:190} INFO - [2026-05-31T09:02:23.053+0000] {dag.py:3239} INFO - Sync 1 DAGs
[2026-05-31T09:02:23.101+0000] {logging_mixin.py:190} INFO - [2026-05-31T09:02:23.101+0000] {dag.py:4180} INFO - Setting next_dagrun for health_check_kafka_server to 2026-05-31 09:00:00+00:00, run_after=2026-05-31 09:02:00+00:00
[2026-05-31T09:02:23.116+0000] {processor.py:208} INFO - Processing /opt/airflow/dags/health_check_kafka_server.py took 0.138 seconds
[2026-05-31T09:02:53.851+0000] {processor.py:186} INFO - Started process (PID=13626) to work on /opt/airflow/dags/health_check_kafka_server.py
[2026-05-31T09:02:53.856+0000] {processor.py:914} INFO - Processing file /opt/airflow/dags/health_check_kafka_server.py for tasks to queue
[2026-05-31T09:02:53.871+0000] {logging_mixin.py:190} INFO - [2026-05-31T09:02:53.870+0000] {dagbag.py:588} INFO - Filling up the DagBag from /opt/airflow/dags/health_check_kafka_server.py
[2026-05-31T09:02:53.927+0000] {processor.py:925} INFO - DAG(s) 'health_check_kafka_server' retrieved from /opt/airflow/dags/health_check_kafka_server.py
[2026-05-31T09:02:53.989+0000] {logging_mixin.py:190} INFO - [2026-05-31T09:02:53.989+0000] {dag.py:3239} INFO - Sync 1 DAGs
[2026-05-31T09:02:54.060+0000] {logging_mixin.py:190} INFO - [2026-05-31T09:02:54.060+0000] {dag.py:4180} INFO - Setting next_dagrun for health_check_kafka_server to 2026-05-31 09:00:00+00:00, run_after=2026-05-31 09:02:00+00:00
[2026-05-31T09:02:54.110+0000] {processor.py:208} INFO - Processing /opt/airflow/dags/health_check_kafka_server.py took 0.285 seconds
[2026-05-31T09:03:24.191+0000] {processor.py:186} INFO - Started process (PID=13650) to work on /opt/airflow/dags/health_check_kafka_server.py
[2026-05-31T09:03:24.192+0000] {processor.py:914} INFO - Processing file /opt/airflow/dags/health_check_kafka_server.py for tasks to queue
[2026-05-31T09:03:24.194+0000] {logging_mixin.py:190} INFO - [2026-05-31T09:03:24.194+0000] {dagbag.py:588} INFO - Filling up the DagBag from /opt/airflow/dags/health_check_kafka_server.py
[2026-05-31T09:03:24.202+0000] {processor.py:925} INFO - DAG(s) 'health_check_kafka_server' retrieved from /opt/airflow/dags/health_check_kafka_server.py
[2026-05-31T09:03:24.225+0000] {logging_mixin.py:190} INFO - [2026-05-31T09:03:24.225+0000] {dag.py:3239} INFO - Sync 1 DAGs
[2026-05-31T09:03:24.246+0000] {logging_mixin.py:190} INFO - [2026-05-31T09:03:24.246+0000] {dag.py:4180} INFO - Setting next_dagrun for health_check_kafka_server to 2026-05-31 09:00:00+00:00, run_after=2026-05-31 09:02:00+00:00
[2026-05-31T09:03:24.263+0000] {processor.py:208} INFO - Processing /opt/airflow/dags/health_check_kafka_server.py took 0.076 seconds
[2026-05-31T09:03:54.379+0000] {processor.py:186} INFO - Started process (PID=13674) to work on /opt/airflow/dags/health_check_kafka_server.py
[2026-05-31T09:03:54.380+0000] {processor.py:914} INFO - Processing file /opt/airflow/dags/health_check_kafka_server.py for tasks to queue
[2026-05-31T09:03:54.382+0000] {logging_mixin.py:190} INFO - [2026-05-31T09:03:54.382+0000] {dagbag.py:588} INFO - Filling up the DagBag from /opt/airflow/dags/health_check_kafka_server.py
[2026-05-31T09:03:54.395+0000] {processor.py:925} INFO - DAG(s) 'health_check_kafka_server' retrieved from /opt/airflow/dags/health_check_kafka_server.py
[2026-05-31T09:03:54.417+0000] {logging_mixin.py:190} INFO - [2026-05-31T09:03:54.417+0000] {dag.py:3239} INFO - Sync 1 DAGs
[2026-05-31T09:03:54.441+0000] {logging_mixin.py:190} INFO - [2026-05-31T09:03:54.441+0000] {dag.py:4180} INFO - Setting next_dagrun for health_check_kafka_server to 2026-05-31 09:00:00+00:00, run_after=2026-05-31 09:02:00+00:00
[2026-05-31T09:03:54.457+0000] {processor.py:208} INFO - Processing /opt/airflow/dags/health_check_kafka_server.py took 0.083 seconds
[2026-05-31T09:04:24.540+0000] {processor.py:186} INFO - Started process (PID=13697) to work on /opt/airflow/dags/health_check_kafka_server.py
[2026-05-31T09:04:24.541+0000] {processor.py:914} INFO - Processing file /opt/airflow/dags/health_check_kafka_server.py for tasks to queue
[2026-05-31T09:04:24.543+0000] {logging_mixin.py:190} INFO - [2026-05-31T09:04:24.542+0000] {dagbag.py:588} INFO - Filling up the DagBag from /opt/airflow/dags/health_check_kafka_server.py
[2026-05-31T09:04:24.568+0000] {processor.py:925} INFO - DAG(s) 'health_check_kafka_server' retrieved from /opt/airflow/dags/health_check_kafka_server.py
[2026-05-31T09:04:24.609+0000] {logging_mixin.py:190} INFO - [2026-05-31T09:04:24.609+0000] {dag.py:3239} INFO - Sync 1 DAGs
[2026-05-31T09:04:24.642+0000] {logging_mixin.py:190} INFO - [2026-05-31T09:04:24.642+0000] {dag.py:4180} INFO - Setting next_dagrun for health_check_kafka_server to 2026-05-31 09:02:00+00:00, run_after=2026-05-31 09:04:00+00:00
[2026-05-31T09:04:24.667+0000] {processor.py:208} INFO - Processing /opt/airflow/dags/health_check_kafka_server.py took 0.141 seconds
[2026-05-31T09:04:55.005+0000] {processor.py:186} INFO - Started process (PID=13722) to work on /opt/airflow/dags/health_check_kafka_server.py
[2026-05-31T09:04:55.031+0000] {processor.py:914} INFO - Processing file /opt/airflow/dags/health_check_kafka_server.py for tasks to queue
[2026-05-31T09:04:55.035+0000] {logging_mixin.py:190} INFO - [2026-05-31T09:04:55.034+0000] {dagbag.py:588} INFO - Filling up the DagBag from /opt/airflow/dags/health_check_kafka_server.py
[2026-05-31T09:04:55.056+0000] {processor.py:925} INFO - DAG(s) 'health_check_kafka_server' retrieved from /opt/airflow/dags/health_check_kafka_server.py
[2026-05-31T09:04:55.076+0000] {logging_mixin.py:190} INFO - [2026-05-31T09:04:55.076+0000] {dag.py:3239} INFO - Sync 1 DAGs
[2026-05-31T09:04:55.319+0000] {logging_mixin.py:190} INFO - [2026-05-31T09:04:55.319+0000] {dag.py:4180} INFO - Setting next_dagrun for health_check_kafka_server to 2026-05-31 09:02:00+00:00, run_after=2026-05-31 09:04:00+00:00
[2026-05-31T09:04:55.378+0000] {processor.py:208} INFO - Processing /opt/airflow/dags/health_check_kafka_server.py took 0.380 seconds
[2026-05-31T09:05:25.454+0000] {processor.py:186} INFO - Started process (PID=13755) to work on /opt/airflow/dags/health_check_kafka_server.py
[2026-05-31T09:05:25.455+0000] {processor.py:914} INFO - Processing file /opt/airflow/dags/health_check_kafka_server.py for tasks to queue
[2026-05-31T09:05:25.459+0000] {logging_mixin.py:190} INFO - [2026-05-31T09:05:25.459+0000] {dagbag.py:588} INFO - Filling up the DagBag from /opt/airflow/dags/health_check_kafka_server.py
[2026-05-31T09:05:25.475+0000] {processor.py:925} INFO - DAG(s) 'health_check_kafka_server' retrieved from /opt/airflow/dags/health_check_kafka_server.py
[2026-05-31T09:05:25.514+0000] {logging_mixin.py:190} INFO - [2026-05-31T09:05:25.514+0000] {dag.py:3239} INFO - Sync 1 DAGs
[2026-05-31T09:05:25.547+0000] {logging_mixin.py:190} INFO - [2026-05-31T09:05:25.547+0000] {dag.py:4180} INFO - Setting next_dagrun for health_check_kafka_server to 2026-05-31 09:02:00+00:00, run_after=2026-05-31 09:04:00+00:00
[2026-05-31T09:05:25.570+0000] {processor.py:208} INFO - Processing /opt/airflow/dags/health_check_kafka_server.py took 0.125 seconds
[2026-05-31T09:05:55.625+0000] {processor.py:186} INFO - Started process (PID=13779) to work on /opt/airflow/dags/health_check_kafka_server.py
[2026-05-31T09:05:55.625+0000] {processor.py:914} INFO - Processing file /opt/airflow/dags/health_check_kafka_server.py for tasks to queue
[2026-05-31T09:05:55.627+0000] {logging_mixin.py:190} INFO - [2026-05-31T09:05:55.627+0000] {dagbag.py:588} INFO - Filling up the DagBag from /opt/airflow/dags/health_check_kafka_server.py
[2026-05-31T09:05:55.638+0000] {processor.py:925} INFO - DAG(s) 'health_check_kafka_server' retrieved from /opt/airflow/dags/health_check_kafka_server.py
[2026-05-31T09:05:55.658+0000] {logging_mixin.py:190} INFO - [2026-05-31T09:05:55.658+0000] {dag.py:3239} INFO - Sync 1 DAGs
[2026-05-31T09:05:55.682+0000] {logging_mixin.py:190} INFO - [2026-05-31T09:05:55.681+0000] {dag.py:4180} INFO - Setting next_dagrun for health_check_kafka_server to 2026-05-31 09:02:00+00:00, run_after=2026-05-31 09:04:00+00:00
[2026-05-31T09:05:55.695+0000] {processor.py:208} INFO - Processing /opt/airflow/dags/health_check_kafka_server.py took 0.078 seconds
[2026-05-31T09:06:25.871+0000] {processor.py:186} INFO - Started process (PID=13801) to work on /opt/airflow/dags/health_check_kafka_server.py
[2026-05-31T09:06:25.874+0000] {processor.py:914} INFO - Processing file /opt/airflow/dags/health_check_kafka_server.py for tasks to queue
[2026-05-31T09:06:25.879+0000] {logging_mixin.py:190} INFO - [2026-05-31T09:06:25.879+0000] {dagbag.py:588} INFO - Filling up the DagBag from /opt/airflow/dags/health_check_kafka_server.py
[2026-05-31T09:06:25.904+0000] {processor.py:925} INFO - DAG(s) 'health_check_kafka_server' retrieved from /opt/airflow/dags/health_check_kafka_server.py
[2026-05-31T09:06:25.980+0000] {logging_mixin.py:190} INFO - [2026-05-31T09:06:25.980+0000] {dag.py:3239} INFO - Sync 1 DAGs
[2026-05-31T09:06:26.022+0000] {logging_mixin.py:190} INFO - [2026-05-31T09:06:26.022+0000] {dag.py:4180} INFO - Setting next_dagrun for health_check_kafka_server to 2026-05-31 09:04:00+00:00, run_after=2026-05-31 09:06:00+00:00
[2026-05-31T09:06:26.368+0000] {processor.py:208} INFO - Processing /opt/airflow/dags/health_check_kafka_server.py took 0.520 seconds
[2026-05-31T09:06:56.698+0000] {processor.py:186} INFO - Started process (PID=13826) to work on /opt/airflow/dags/health_check_kafka_server.py
[2026-05-31T09:06:56.698+0000] {processor.py:914} INFO - Processing file /opt/airflow/dags/health_check_kafka_server.py for tasks to queue
[2026-05-31T09:06:56.700+0000] {logging_mixin.py:190} INFO - [2026-05-31T09:06:56.700+0000] {dagbag.py:588} INFO - Filling up the DagBag from /opt/airflow/dags/health_check_kafka_server.py
[2026-05-31T09:06:56.708+0000] {processor.py:925} INFO - DAG(s) 'health_check_kafka_server' retrieved from /opt/airflow/dags/health_check_kafka_server.py
[2026-05-31T09:06:56.729+0000] {logging_mixin.py:190} INFO - [2026-05-31T09:06:56.729+0000] {dag.py:3239} INFO - Sync 1 DAGs
[2026-05-31T09:06:56.752+0000] {logging_mixin.py:190} INFO - [2026-05-31T09:06:56.752+0000] {dag.py:4180} INFO - Setting next_dagrun for health_check_kafka_server to 2026-05-31 09:04:00+00:00, run_after=2026-05-31 09:06:00+00:00
[2026-05-31T09:06:56.773+0000] {processor.py:208} INFO - Processing /opt/airflow/dags/health_check_kafka_server.py took 0.080 seconds
[2026-05-31T09:07:26.827+0000] {processor.py:186} INFO - Started process (PID=13850) to work on /opt/airflow/dags/health_check_kafka_server.py
[2026-05-31T09:07:26.829+0000] {processor.py:914} INFO - Processing file /opt/airflow/dags/health_check_kafka_server.py for tasks to queue
[2026-05-31T09:07:26.831+0000] {logging_mixin.py:190} INFO - [2026-05-31T09:07:26.831+0000] {dagbag.py:588} INFO - Filling up the DagBag from /opt/airflow/dags/health_check_kafka_server.py
[2026-05-31T09:07:26.841+0000] {processor.py:925} INFO - DAG(s) 'health_check_kafka_server' retrieved from /opt/airflow/dags/health_check_kafka_server.py
[2026-05-31T09:07:26.862+0000] {logging_mixin.py:190} INFO - [2026-05-31T09:07:26.862+0000] {dag.py:3239} INFO - Sync 1 DAGs
[2026-05-31T09:07:26.884+0000] {logging_mixin.py:190} INFO - [2026-05-31T09:07:26.883+0000] {dag.py:4180} INFO - Setting next_dagrun for health_check_kafka_server to 2026-05-31 09:04:00+00:00, run_after=2026-05-31 09:06:00+00:00
[2026-05-31T09:07:26.898+0000] {processor.py:208} INFO - Processing /opt/airflow/dags/health_check_kafka_server.py took 0.078 seconds
[2026-05-31T09:07:57.712+0000] {processor.py:186} INFO - Started process (PID=13874) to work on /opt/airflow/dags/health_check_kafka_server.py
[2026-05-31T09:07:57.714+0000] {processor.py:914} INFO - Processing file /opt/airflow/dags/health_check_kafka_server.py for tasks to queue
[2026-05-31T09:07:57.716+0000] {logging_mixin.py:190} INFO - [2026-05-31T09:07:57.716+0000] {dagbag.py:588} INFO - Filling up the DagBag from /opt/airflow/dags/health_check_kafka_server.py
[2026-05-31T09:07:57.725+0000] {processor.py:925} INFO - DAG(s) 'health_check_kafka_server' retrieved from /opt/airflow/dags/health_check_kafka_server.py
[2026-05-31T09:07:57.745+0000] {logging_mixin.py:190} INFO - [2026-05-31T09:07:57.745+0000] {dag.py:3239} INFO - Sync 1 DAGs
[2026-05-31T09:07:57.767+0000] {logging_mixin.py:190} INFO - [2026-05-31T09:07:57.767+0000] {dag.py:4180} INFO - Setting next_dagrun for health_check_kafka_server to 2026-05-31 09:04:00+00:00, run_after=2026-05-31 09:06:00+00:00
[2026-05-31T09:07:57.781+0000] {processor.py:208} INFO - Processing /opt/airflow/dags/health_check_kafka_server.py took 0.073 seconds
[2026-05-31T09:08:28.500+0000] {processor.py:186} INFO - Started process (PID=13898) to work on /opt/airflow/dags/health_check_kafka_server.py
[2026-05-31T09:08:28.502+0000] {processor.py:914} INFO - Processing file /opt/airflow/dags/health_check_kafka_server.py for tasks to queue
[2026-05-31T09:08:28.505+0000] {logging_mixin.py:190} INFO - [2026-05-31T09:08:28.505+0000] {dagbag.py:588} INFO - Filling up the DagBag from /opt/airflow/dags/health_check_kafka_server.py
[2026-05-31T09:08:28.517+0000] {processor.py:925} INFO - DAG(s) 'health_check_kafka_server' retrieved from /opt/airflow/dags/health_check_kafka_server.py
[2026-05-31T09:08:28.545+0000] {logging_mixin.py:190} INFO - [2026-05-31T09:08:28.545+0000] {dag.py:3239} INFO - Sync 1 DAGs
[2026-05-31T09:08:28.579+0000] {logging_mixin.py:190} INFO - [2026-05-31T09:08:28.579+0000] {dag.py:4180} INFO - Setting next_dagrun for health_check_kafka_server to 2026-05-31 09:06:00+00:00, run_after=2026-05-31 09:08:00+00:00
[2026-05-31T09:08:28.598+0000] {processor.py:208} INFO - Processing /opt/airflow/dags/health_check_kafka_server.py took 0.103 seconds
[2026-05-31T09:08:59.227+0000] {processor.py:186} INFO - Started process (PID=13922) to work on /opt/airflow/dags/health_check_kafka_server.py
[2026-05-31T09:08:59.239+0000] {processor.py:914} INFO - Processing file /opt/airflow/dags/health_check_kafka_server.py for tasks to queue
[2026-05-31T09:08:59.242+0000] {logging_mixin.py:190} INFO - [2026-05-31T09:08:59.241+0000] {dagbag.py:588} INFO - Filling up the DagBag from /opt/airflow/dags/health_check_kafka_server.py
[2026-05-31T09:08:59.262+0000] {processor.py:925} INFO - DAG(s) 'health_check_kafka_server' retrieved from /opt/airflow/dags/health_check_kafka_server.py
[2026-05-31T09:08:59.332+0000] {logging_mixin.py:190} INFO - [2026-05-31T09:08:59.332+0000] {dag.py:3239} INFO - Sync 1 DAGs
[2026-05-31T09:08:59.364+0000] {logging_mixin.py:190} INFO - [2026-05-31T09:08:59.364+0000] {dag.py:4180} INFO - Setting next_dagrun for health_check_kafka_server to 2026-05-31 09:06:00+00:00, run_after=2026-05-31 09:08:00+00:00
[2026-05-31T09:08:59.381+0000] {processor.py:208} INFO - Processing /opt/airflow/dags/health_check_kafka_server.py took 0.170 seconds
[2026-05-31T09:09:29.564+0000] {processor.py:186} INFO - Started process (PID=13946) to work on /opt/airflow/dags/health_check_kafka_server.py
[2026-05-31T09:09:29.565+0000] {processor.py:914} INFO - Processing file /opt/airflow/dags/health_check_kafka_server.py for tasks to queue
[2026-05-31T09:09:29.567+0000] {logging_mixin.py:190} INFO - [2026-05-31T09:09:29.567+0000] {dagbag.py:588} INFO - Filling up the DagBag from /opt/airflow/dags/health_check_kafka_server.py
[2026-05-31T09:09:29.576+0000] {processor.py:925} INFO - DAG(s) 'health_check_kafka_server' retrieved from /opt/airflow/dags/health_check_kafka_server.py
[2026-05-31T09:09:29.596+0000] {logging_mixin.py:190} INFO - [2026-05-31T09:09:29.596+0000] {dag.py:3239} INFO - Sync 1 DAGs
[2026-05-31T09:09:29.615+0000] {logging_mixin.py:190} INFO - [2026-05-31T09:09:29.615+0000] {dag.py:4180} INFO - Setting next_dagrun for health_check_kafka_server to 2026-05-31 09:06:00+00:00, run_after=2026-05-31 09:08:00+00:00
[2026-05-31T09:09:29.631+0000] {processor.py:208} INFO - Processing /opt/airflow/dags/health_check_kafka_server.py took 0.073 seconds
[2026-05-31T09:09:59.723+0000] {processor.py:186} INFO - Started process (PID=13971) to work on /opt/airflow/dags/health_check_kafka_server.py
[2026-05-31T09:09:59.724+0000] {processor.py:914} INFO - Processing file /opt/airflow/dags/health_check_kafka_server.py for tasks to queue
[2026-05-31T09:09:59.726+0000] {logging_mixin.py:190} INFO - [2026-05-31T09:09:59.726+0000] {dagbag.py:588} INFO - Filling up the DagBag from /opt/airflow/dags/health_check_kafka_server.py
[2026-05-31T09:09:59.735+0000] {processor.py:925} INFO - DAG(s) 'health_check_kafka_server' retrieved from /opt/airflow/dags/health_check_kafka_server.py
[2026-05-31T09:09:59.774+0000] {logging_mixin.py:190} INFO - [2026-05-31T09:09:59.773+0000] {dag.py:3239} INFO - Sync 1 DAGs
[2026-05-31T09:09:59.823+0000] {logging_mixin.py:190} INFO - [2026-05-31T09:09:59.822+0000] {dag.py:4180} INFO - Setting next_dagrun for health_check_kafka_server to 2026-05-31 09:06:00+00:00, run_after=2026-05-31 09:08:00+00:00
[2026-05-31T09:09:59.872+0000] {processor.py:208} INFO - Processing /opt/airflow/dags/health_check_kafka_server.py took 0.162 seconds
[2026-05-31T09:10:30.086+0000] {processor.py:186} INFO - Started process (PID=13995) to work on /opt/airflow/dags/health_check_kafka_server.py
[2026-05-31T09:10:30.088+0000] {processor.py:914} INFO - Processing file /opt/airflow/dags/health_check_kafka_server.py for tasks to queue
[2026-05-31T09:10:30.091+0000] {logging_mixin.py:190} INFO - [2026-05-31T09:10:30.090+0000] {dagbag.py:588} INFO - Filling up the DagBag from /opt/airflow/dags/health_check_kafka_server.py
[2026-05-31T09:10:30.105+0000] {processor.py:925} INFO - DAG(s) 'health_check_kafka_server' retrieved from /opt/airflow/dags/health_check_kafka_server.py
[2026-05-31T09:10:30.130+0000] {logging_mixin.py:190} INFO - [2026-05-31T09:10:30.129+0000] {dag.py:3239} INFO - Sync 1 DAGs
[2026-05-31T09:10:30.152+0000] {logging_mixin.py:190} INFO - [2026-05-31T09:10:30.152+0000] {dag.py:4180} INFO - Setting next_dagrun for health_check_kafka_server to 2026-05-31 09:08:00+00:00, run_after=2026-05-31 09:10:00+00:00
[2026-05-31T09:10:30.170+0000] {processor.py:208} INFO - Processing /opt/airflow/dags/health_check_kafka_server.py took 0.088 seconds
[2026-05-31T09:11:00.329+0000] {processor.py:186} INFO - Started process (PID=14018) to work on /opt/airflow/dags/health_check_kafka_server.py
[2026-05-31T09:11:00.330+0000] {processor.py:914} INFO - Processing file /opt/airflow/dags/health_check_kafka_server.py for tasks to queue
[2026-05-31T09:11:00.335+0000] {logging_mixin.py:190} INFO - [2026-05-31T09:11:00.335+0000] {dagbag.py:588} INFO - Filling up the DagBag from /opt/airflow/dags/health_check_kafka_server.py
[2026-05-31T09:11:00.344+0000] {processor.py:925} INFO - DAG(s) 'health_check_kafka_server' retrieved from /opt/airflow/dags/health_check_kafka_server.py
[2026-05-31T09:11:00.364+0000] {logging_mixin.py:190} INFO - [2026-05-31T09:11:00.363+0000] {dag.py:3239} INFO - Sync 1 DAGs
[2026-05-31T09:11:00.384+0000] {logging_mixin.py:190} INFO - [2026-05-31T09:11:00.384+0000] {dag.py:4180} INFO - Setting next_dagrun for health_check_kafka_server to 2026-05-31 09:08:00+00:00, run_after=2026-05-31 09:10:00+00:00
[2026-05-31T09:11:00.398+0000] {processor.py:208} INFO - Processing /opt/airflow/dags/health_check_kafka_server.py took 0.084 seconds
[2026-05-31T09:11:30.859+0000] {processor.py:186} INFO - Started process (PID=14042) to work on /opt/airflow/dags/health_check_kafka_server.py
[2026-05-31T09:11:30.861+0000] {processor.py:914} INFO - Processing file /opt/airflow/dags/health_check_kafka_server.py for tasks to queue
[2026-05-31T09:11:30.863+0000] {logging_mixin.py:190} INFO - [2026-05-31T09:11:30.863+0000] {dagbag.py:588} INFO - Filling up the DagBag from /opt/airflow/dags/health_check_kafka_server.py
[2026-05-31T09:11:30.872+0000] {processor.py:925} INFO - DAG(s) 'health_check_kafka_server' retrieved from /opt/airflow/dags/health_check_kafka_server.py
[2026-05-31T09:11:30.891+0000] {logging_mixin.py:190} INFO - [2026-05-31T09:11:30.891+0000] {dag.py:3239} INFO - Sync 1 DAGs
[2026-05-31T09:11:30.914+0000] {logging_mixin.py:190} INFO - [2026-05-31T09:11:30.914+0000] {dag.py:4180} INFO - Setting next_dagrun for health_check_kafka_server to 2026-05-31 09:08:00+00:00, run_after=2026-05-31 09:10:00+00:00
[2026-05-31T09:11:30.929+0000] {processor.py:208} INFO - Processing /opt/airflow/dags/health_check_kafka_server.py took 0.075 seconds
[2026-05-31T09:12:01.052+0000] {processor.py:186} INFO - Started process (PID=14067) to work on /opt/airflow/dags/health_check_kafka_server.py
[2026-05-31T09:12:01.053+0000] {processor.py:914} INFO - Processing file /opt/airflow/dags/health_check_kafka_server.py for tasks to queue
[2026-05-31T09:12:01.055+0000] {logging_mixin.py:190} INFO - [2026-05-31T09:12:01.054+0000] {dagbag.py:588} INFO - Filling up the DagBag from /opt/airflow/dags/health_check_kafka_server.py
[2026-05-31T09:12:01.068+0000] {processor.py:925} INFO - DAG(s) 'health_check_kafka_server' retrieved from /opt/airflow/dags/health_check_kafka_server.py
[2026-05-31T09:12:01.088+0000] {logging_mixin.py:190} INFO - [2026-05-31T09:12:01.088+0000] {dag.py:3239} INFO - Sync 1 DAGs
[2026-05-31T09:12:01.110+0000] {logging_mixin.py:190} INFO - [2026-05-31T09:12:01.110+0000] {dag.py:4180} INFO - Setting next_dagrun for health_check_kafka_server to 2026-05-31 09:10:00+00:00, run_after=2026-05-31 09:12:00+00:00
[2026-05-31T09:12:01.125+0000] {processor.py:208} INFO - Processing /opt/airflow/dags/health_check_kafka_server.py took 0.079 seconds
[2026-05-31T09:12:31.994+0000] {processor.py:186} INFO - Started process (PID=14090) to work on /opt/airflow/dags/health_check_kafka_server.py
[2026-05-31T09:12:31.996+0000] {processor.py:914} INFO - Processing file /opt/airflow/dags/health_check_kafka_server.py for tasks to queue
[2026-05-31T09:12:32.001+0000] {logging_mixin.py:190} INFO - [2026-05-31T09:12:32.000+0000] {dagbag.py:588} INFO - Filling up the DagBag from /opt/airflow/dags/health_check_kafka_server.py
[2026-05-31T09:12:32.019+0000] {processor.py:925} INFO - DAG(s) 'health_check_kafka_server' retrieved from /opt/airflow/dags/health_check_kafka_server.py
[2026-05-31T09:12:32.040+0000] {logging_mixin.py:190} INFO - [2026-05-31T09:12:32.040+0000] {dag.py:3239} INFO - Sync 1 DAGs
[2026-05-31T09:12:32.064+0000] {logging_mixin.py:190} INFO - [2026-05-31T09:12:32.063+0000] {dag.py:4180} INFO - Setting next_dagrun for health_check_kafka_server to 2026-05-31 09:10:00+00:00, run_after=2026-05-31 09:12:00+00:00
[2026-05-31T09:12:32.079+0000] {processor.py:208} INFO - Processing /opt/airflow/dags/health_check_kafka_server.py took 0.094 seconds
[2026-05-31T09:13:02.972+0000] {processor.py:186} INFO - Started process (PID=14110) to work on /opt/airflow/dags/health_check_kafka_server.py
[2026-05-31T09:13:02.973+0000] {processor.py:914} INFO - Processing file /opt/airflow/dags/health_check_kafka_server.py for tasks to queue
[2026-05-31T09:13:02.975+0000] {logging_mixin.py:190} INFO - [2026-05-31T09:13:02.975+0000] {dagbag.py:588} INFO - Filling up the DagBag from /opt/airflow/dags/health_check_kafka_server.py
[2026-05-31T09:13:02.984+0000] {processor.py:925} INFO - DAG(s) 'health_check_kafka_server' retrieved from /opt/airflow/dags/health_check_kafka_server.py
[2026-05-31T09:13:03.003+0000] {logging_mixin.py:190} INFO - [2026-05-31T09:13:03.003+0000] {dag.py:3239} INFO - Sync 1 DAGs
[2026-05-31T09:13:03.025+0000] {logging_mixin.py:190} INFO - [2026-05-31T09:13:03.025+0000] {dag.py:4180} INFO - Setting next_dagrun for health_check_kafka_server to 2026-05-31 09:10:00+00:00, run_after=2026-05-31 09:12:00+00:00
[2026-05-31T09:13:03.045+0000] {processor.py:208} INFO - Processing /opt/airflow/dags/health_check_kafka_server.py took 0.078 seconds
[2026-05-31T09:13:33.098+0000] {processor.py:186} INFO - Started process (PID=14133) to work on /opt/airflow/dags/health_check_kafka_server.py
[2026-05-31T09:13:33.099+0000] {processor.py:914} INFO - Processing file /opt/airflow/dags/health_check_kafka_server.py for tasks to queue
[2026-05-31T09:13:33.101+0000] {logging_mixin.py:190} INFO - [2026-05-31T09:13:33.101+0000] {dagbag.py:588} INFO - Filling up the DagBag from /opt/airflow/dags/health_check_kafka_server.py
[2026-05-31T09:13:33.109+0000] {processor.py:925} INFO - DAG(s) 'health_check_kafka_server' retrieved from /opt/airflow/dags/health_check_kafka_server.py
[2026-05-31T09:13:33.132+0000] {logging_mixin.py:190} INFO - [2026-05-31T09:13:33.132+0000] {dag.py:3239} INFO - Sync 1 DAGs
[2026-05-31T09:13:33.155+0000] {logging_mixin.py:190} INFO - [2026-05-31T09:13:33.154+0000] {dag.py:4180} INFO - Setting next_dagrun for health_check_kafka_server to 2026-05-31 09:10:00+00:00, run_after=2026-05-31 09:12:00+00:00
[2026-05-31T09:13:33.170+0000] {processor.py:208} INFO - Processing /opt/airflow/dags/health_check_kafka_server.py took 0.077 seconds
[2026-05-31T09:14:03.949+0000] {processor.py:186} INFO - Started process (PID=14157) to work on /opt/airflow/dags/health_check_kafka_server.py
[2026-05-31T09:14:03.949+0000] {processor.py:914} INFO - Processing file /opt/airflow/dags/health_check_kafka_server.py for tasks to queue
[2026-05-31T09:14:03.953+0000] {logging_mixin.py:190} INFO - [2026-05-31T09:14:03.952+0000] {dagbag.py:588} INFO - Filling up the DagBag from /opt/airflow/dags/health_check_kafka_server.py
[2026-05-31T09:14:03.962+0000] {processor.py:925} INFO - DAG(s) 'health_check_kafka_server' retrieved from /opt/airflow/dags/health_check_kafka_server.py
[2026-05-31T09:14:03.992+0000] {logging_mixin.py:190} INFO - [2026-05-31T09:14:03.992+0000] {dag.py:3239} INFO - Sync 1 DAGs
[2026-05-31T09:14:04.019+0000] {logging_mixin.py:190} INFO - [2026-05-31T09:14:04.019+0000] {dag.py:4180} INFO - Setting next_dagrun for health_check_kafka_server to 2026-05-31 09:12:00+00:00, run_after=2026-05-31 09:14:00+00:00
[2026-05-31T09:14:04.036+0000] {processor.py:208} INFO - Processing /opt/airflow/dags/health_check_kafka_server.py took 0.092 seconds
[2026-05-31T09:14:34.123+0000] {processor.py:186} INFO - Started process (PID=14180) to work on /opt/airflow/dags/health_check_kafka_server.py
[2026-05-31T09:14:34.124+0000] {processor.py:914} INFO - Processing file /opt/airflow/dags/health_check_kafka_server.py for tasks to queue
[2026-05-31T09:14:34.127+0000] {logging_mixin.py:190} INFO - [2026-05-31T09:14:34.127+0000] {dagbag.py:588} INFO - Filling up the DagBag from /opt/airflow/dags/health_check_kafka_server.py
[2026-05-31T09:14:34.136+0000] {processor.py:925} INFO - DAG(s) 'health_check_kafka_server' retrieved from /opt/airflow/dags/health_check_kafka_server.py
[2026-05-31T09:14:34.158+0000] {logging_mixin.py:190} INFO - [2026-05-31T09:14:34.158+0000] {dag.py:3239} INFO - Sync 1 DAGs
[2026-05-31T09:14:34.179+0000] {logging_mixin.py:190} INFO - [2026-05-31T09:14:34.179+0000] {dag.py:4180} INFO - Setting next_dagrun for health_check_kafka_server to 2026-05-31 09:12:00+00:00, run_after=2026-05-31 09:14:00+00:00
[2026-05-31T09:14:34.196+0000] {processor.py:208} INFO - Processing /opt/airflow/dags/health_check_kafka_server.py took 0.078 seconds
[2026-05-31T09:15:05.041+0000] {processor.py:186} INFO - Started process (PID=14204) to work on /opt/airflow/dags/health_check_kafka_server.py
[2026-05-31T09:15:05.042+0000] {processor.py:914} INFO - Processing file /opt/airflow/dags/health_check_kafka_server.py for tasks to queue
[2026-05-31T09:15:05.045+0000] {logging_mixin.py:190} INFO - [2026-05-31T09:15:05.045+0000] {dagbag.py:588} INFO - Filling up the DagBag from /opt/airflow/dags/health_check_kafka_server.py
[2026-05-31T09:15:05.055+0000] {processor.py:925} INFO - DAG(s) 'health_check_kafka_server' retrieved from /opt/airflow/dags/health_check_kafka_server.py
[2026-05-31T09:15:05.074+0000] {logging_mixin.py:190} INFO - [2026-05-31T09:15:05.074+0000] {dag.py:3239} INFO - Sync 1 DAGs
[2026-05-31T09:15:05.096+0000] {logging_mixin.py:190} INFO - [2026-05-31T09:15:05.096+0000] {dag.py:4180} INFO - Setting next_dagrun for health_check_kafka_server to 2026-05-31 09:12:00+00:00, run_after=2026-05-31 09:14:00+00:00
[2026-05-31T09:15:05.111+0000] {processor.py:208} INFO - Processing /opt/airflow/dags/health_check_kafka_server.py took 0.076 seconds
[2026-05-31T09:15:35.252+0000] {processor.py:186} INFO - Started process (PID=14229) to work on /opt/airflow/dags/health_check_kafka_server.py
[2026-05-31T09:15:35.254+0000] {processor.py:914} INFO - Processing file /opt/airflow/dags/health_check_kafka_server.py for tasks to queue
[2026-05-31T09:15:35.256+0000] {logging_mixin.py:190} INFO - [2026-05-31T09:15:35.256+0000] {dagbag.py:588} INFO - Filling up the DagBag from /opt/airflow/dags/health_check_kafka_server.py
[2026-05-31T09:15:35.265+0000] {processor.py:925} INFO - DAG(s) 'health_check_kafka_server' retrieved from /opt/airflow/dags/health_check_kafka_server.py
[2026-05-31T09:15:35.283+0000] {logging_mixin.py:190} INFO - [2026-05-31T09:15:35.283+0000] {dag.py:3239} INFO - Sync 1 DAGs
[2026-05-31T09:15:35.303+0000] {logging_mixin.py:190} INFO - [2026-05-31T09:15:35.303+0000] {dag.py:4180} INFO - Setting next_dagrun for health_check_kafka_server to 2026-05-31 09:12:00+00:00, run_after=2026-05-31 09:14:00+00:00
[2026-05-31T09:15:35.316+0000] {processor.py:208} INFO - Processing /opt/airflow/dags/health_check_kafka_server.py took 0.069 seconds
[2026-05-31T09:16:05.849+0000] {processor.py:186} INFO - Started process (PID=14254) to work on /opt/airflow/dags/health_check_kafka_server.py
[2026-05-31T09:16:05.852+0000] {processor.py:914} INFO - Processing file /opt/airflow/dags/health_check_kafka_server.py for tasks to queue
[2026-05-31T09:16:05.860+0000] {logging_mixin.py:190} INFO - [2026-05-31T09:16:05.856+0000] {dagbag.py:588} INFO - Filling up the DagBag from /opt/airflow/dags/health_check_kafka_server.py
[2026-05-31T09:16:05.882+0000] {processor.py:925} INFO - DAG(s) 'health_check_kafka_server' retrieved from /opt/airflow/dags/health_check_kafka_server.py
[2026-05-31T09:16:05.933+0000] {logging_mixin.py:190} INFO - [2026-05-31T09:16:05.933+0000] {dag.py:3239} INFO - Sync 1 DAGs
[2026-05-31T09:16:05.998+0000] {logging_mixin.py:190} INFO - [2026-05-31T09:16:05.989+0000] {dag.py:4180} INFO - Setting next_dagrun for health_check_kafka_server to 2026-05-31 09:14:00+00:00, run_after=2026-05-31 09:16:00+00:00
[2026-05-31T09:16:06.030+0000] {processor.py:208} INFO - Processing /opt/airflow/dags/health_check_kafka_server.py took 0.196 seconds
[2026-05-31T09:16:36.302+0000] {processor.py:186} INFO - Started process (PID=14278) to work on /opt/airflow/dags/health_check_kafka_server.py
[2026-05-31T09:16:36.309+0000] {processor.py:914} INFO - Processing file /opt/airflow/dags/health_check_kafka_server.py for tasks to queue
[2026-05-31T09:16:36.312+0000] {logging_mixin.py:190} INFO - [2026-05-31T09:16:36.312+0000] {dagbag.py:588} INFO - Filling up the DagBag from /opt/airflow/dags/health_check_kafka_server.py
[2026-05-31T09:16:36.325+0000] {processor.py:925} INFO - DAG(s) 'health_check_kafka_server' retrieved from /opt/airflow/dags/health_check_kafka_server.py
[2026-05-31T09:16:36.351+0000] {logging_mixin.py:190} INFO - [2026-05-31T09:16:36.351+0000] {dag.py:3239} INFO - Sync 1 DAGs
[2026-05-31T09:16:36.390+0000] {logging_mixin.py:190} INFO - [2026-05-31T09:16:36.390+0000] {dag.py:4180} INFO - Setting next_dagrun for health_check_kafka_server to 2026-05-31 09:14:00+00:00, run_after=2026-05-31 09:16:00+00:00
[2026-05-31T09:16:36.410+0000] {processor.py:208} INFO - Processing /opt/airflow/dags/health_check_kafka_server.py took 0.113 seconds
[2026-05-31T09:17:06.943+0000] {processor.py:186} INFO - Started process (PID=14302) to work on /opt/airflow/dags/health_check_kafka_server.py
[2026-05-31T09:17:06.945+0000] {processor.py:914} INFO - Processing file /opt/airflow/dags/health_check_kafka_server.py for tasks to queue
[2026-05-31T09:17:06.948+0000] {logging_mixin.py:190} INFO - [2026-05-31T09:17:06.948+0000] {dagbag.py:588} INFO - Filling up the DagBag from /opt/airflow/dags/health_check_kafka_server.py
[2026-05-31T09:17:06.957+0000] {processor.py:925} INFO - DAG(s) 'health_check_kafka_server' retrieved from /opt/airflow/dags/health_check_kafka_server.py
[2026-05-31T09:17:06.985+0000] {logging_mixin.py:190} INFO - [2026-05-31T09:17:06.985+0000] {dag.py:3239} INFO - Sync 1 DAGs
[2026-05-31T09:17:07.009+0000] {logging_mixin.py:190} INFO - [2026-05-31T09:17:07.009+0000] {dag.py:4180} INFO - Setting next_dagrun for health_check_kafka_server to 2026-05-31 09:14:00+00:00, run_after=2026-05-31 09:16:00+00:00
[2026-05-31T09:17:07.026+0000] {processor.py:208} INFO - Processing /opt/airflow/dags/health_check_kafka_server.py took 0.088 seconds
[2026-05-31T09:17:37.512+0000] {processor.py:186} INFO - Started process (PID=14326) to work on /opt/airflow/dags/health_check_kafka_server.py
[2026-05-31T09:17:37.514+0000] {processor.py:914} INFO - Processing file /opt/airflow/dags/health_check_kafka_server.py for tasks to queue
[2026-05-31T09:17:37.517+0000] {logging_mixin.py:190} INFO - [2026-05-31T09:17:37.517+0000] {dagbag.py:588} INFO - Filling up the DagBag from /opt/airflow/dags/health_check_kafka_server.py
[2026-05-31T09:17:37.527+0000] {processor.py:925} INFO - DAG(s) 'health_check_kafka_server' retrieved from /opt/airflow/dags/health_check_kafka_server.py
[2026-05-31T09:17:37.560+0000] {logging_mixin.py:190} INFO - [2026-05-31T09:17:37.560+0000] {dag.py:3239} INFO - Sync 1 DAGs
[2026-05-31T09:17:37.586+0000] {logging_mixin.py:190} INFO - [2026-05-31T09:17:37.586+0000] {dag.py:4180} INFO - Setting next_dagrun for health_check_kafka_server to 2026-05-31 09:14:00+00:00, run_after=2026-05-31 09:16:00+00:00
[2026-05-31T09:17:37.602+0000] {processor.py:208} INFO - Processing /opt/airflow/dags/health_check_kafka_server.py took 0.099 seconds
[2026-05-31T09:18:07.904+0000] {processor.py:186} INFO - Started process (PID=14351) to work on /opt/airflow/dags/health_check_kafka_server.py
[2026-05-31T09:18:07.905+0000] {processor.py:914} INFO - Processing file /opt/airflow/dags/health_check_kafka_server.py for tasks to queue
[2026-05-31T09:18:07.907+0000] {logging_mixin.py:190} INFO - [2026-05-31T09:18:07.907+0000] {dagbag.py:588} INFO - Filling up the DagBag from /opt/airflow/dags/health_check_kafka_server.py
[2026-05-31T09:18:07.917+0000] {processor.py:925} INFO - DAG(s) 'health_check_kafka_server' retrieved from /opt/airflow/dags/health_check_kafka_server.py
[2026-05-31T09:18:07.936+0000] {logging_mixin.py:190} INFO - [2026-05-31T09:18:07.936+0000] {dag.py:3239} INFO - Sync 1 DAGs
[2026-05-31T09:18:07.957+0000] {logging_mixin.py:190} INFO - [2026-05-31T09:18:07.957+0000] {dag.py:4180} INFO - Setting next_dagrun for health_check_kafka_server to 2026-05-31 09:16:00+00:00, run_after=2026-05-31 09:18:00+00:00
[2026-05-31T09:18:07.970+0000] {processor.py:208} INFO - Processing /opt/airflow/dags/health_check_kafka_server.py took 0.073 seconds
[2026-05-31T09:18:38.388+0000] {processor.py:186} INFO - Started process (PID=14374) to work on /opt/airflow/dags/health_check_kafka_server.py
[2026-05-31T09:18:38.389+0000] {processor.py:914} INFO - Processing file /opt/airflow/dags/health_check_kafka_server.py for tasks to queue
[2026-05-31T09:18:38.392+0000] {logging_mixin.py:190} INFO - [2026-05-31T09:18:38.391+0000] {dagbag.py:588} INFO - Filling up the DagBag from /opt/airflow/dags/health_check_kafka_server.py
[2026-05-31T09:18:38.403+0000] {processor.py:925} INFO - DAG(s) 'health_check_kafka_server' retrieved from /opt/airflow/dags/health_check_kafka_server.py
[2026-05-31T09:18:38.426+0000] {logging_mixin.py:190} INFO - [2026-05-31T09:18:38.425+0000] {dag.py:3239} INFO - Sync 1 DAGs
[2026-05-31T09:18:38.449+0000] {logging_mixin.py:190} INFO - [2026-05-31T09:18:38.449+0000] {dag.py:4180} INFO - Setting next_dagrun for health_check_kafka_server to 2026-05-31 09:16:00+00:00, run_after=2026-05-31 09:18:00+00:00
[2026-05-31T09:18:38.463+0000] {processor.py:208} INFO - Processing /opt/airflow/dags/health_check_kafka_server.py took 0.083 seconds
[2026-05-31T09:19:08.853+0000] {processor.py:186} INFO - Started process (PID=14398) to work on /opt/airflow/dags/health_check_kafka_server.py
[2026-05-31T09:19:08.855+0000] {processor.py:914} INFO - Processing file /opt/airflow/dags/health_check_kafka_server.py for tasks to queue
[2026-05-31T09:19:08.860+0000] {logging_mixin.py:190} INFO - [2026-05-31T09:19:08.860+0000] {dagbag.py:588} INFO - Filling up the DagBag from /opt/airflow/dags/health_check_kafka_server.py
[2026-05-31T09:19:08.889+0000] {processor.py:925} INFO - DAG(s) 'health_check_kafka_server' retrieved from /opt/airflow/dags/health_check_kafka_server.py
[2026-05-31T09:19:08.932+0000] {logging_mixin.py:190} INFO - [2026-05-31T09:19:08.932+0000] {dag.py:3239} INFO - Sync 1 DAGs
[2026-05-31T09:19:08.975+0000] {logging_mixin.py:190} INFO - [2026-05-31T09:19:08.974+0000] {dag.py:4180} INFO - Setting next_dagrun for health_check_kafka_server to 2026-05-31 09:16:00+00:00, run_after=2026-05-31 09:18:00+00:00
[2026-05-31T09:19:09.014+0000] {processor.py:208} INFO - Processing /opt/airflow/dags/health_check_kafka_server.py took 0.183 seconds
[2026-05-31T09:19:39.317+0000] {processor.py:186} INFO - Started process (PID=14417) to work on /opt/airflow/dags/health_check_kafka_server.py
[2026-05-31T09:19:39.318+0000] {processor.py:914} INFO - Processing file /opt/airflow/dags/health_check_kafka_server.py for tasks to queue
[2026-05-31T09:19:39.320+0000] {logging_mixin.py:190} INFO - [2026-05-31T09:19:39.320+0000] {dagbag.py:588} INFO - Filling up the DagBag from /opt/airflow/dags/health_check_kafka_server.py
[2026-05-31T09:19:39.329+0000] {processor.py:925} INFO - DAG(s) 'health_check_kafka_server' retrieved from /opt/airflow/dags/health_check_kafka_server.py
[2026-05-31T09:19:39.347+0000] {logging_mixin.py:190} INFO - [2026-05-31T09:19:39.347+0000] {dag.py:3239} INFO - Sync 1 DAGs
[2026-05-31T09:19:39.367+0000] {logging_mixin.py:190} INFO - [2026-05-31T09:19:39.367+0000] {dag.py:4180} INFO - Setting next_dagrun for health_check_kafka_server to 2026-05-31 09:16:00+00:00, run_after=2026-05-31 09:18:00+00:00
[2026-05-31T09:19:39.379+0000] {processor.py:208} INFO - Processing /opt/airflow/dags/health_check_kafka_server.py took 0.068 seconds
[2026-05-31T09:20:09.784+0000] {processor.py:186} INFO - Started process (PID=14440) to work on /opt/airflow/dags/health_check_kafka_server.py
[2026-05-31T09:20:09.785+0000] {processor.py:914} INFO - Processing file /opt/airflow/dags/health_check_kafka_server.py for tasks to queue
[2026-05-31T09:20:09.787+0000] {logging_mixin.py:190} INFO - [2026-05-31T09:20:09.787+0000] {dagbag.py:588} INFO - Filling up the DagBag from /opt/airflow/dags/health_check_kafka_server.py
[2026-05-31T09:20:09.800+0000] {processor.py:925} INFO - DAG(s) 'health_check_kafka_server' retrieved from /opt/airflow/dags/health_check_kafka_server.py
[2026-05-31T09:20:09.820+0000] {logging_mixin.py:190} INFO - [2026-05-31T09:20:09.820+0000] {dag.py:3239} INFO - Sync 1 DAGs
[2026-05-31T09:20:09.844+0000] {logging_mixin.py:190} INFO - [2026-05-31T09:20:09.844+0000] {dag.py:4180} INFO - Setting next_dagrun for health_check_kafka_server to 2026-05-31 09:18:00+00:00, run_after=2026-05-31 09:20:00+00:00
[2026-05-31T09:20:09.859+0000] {processor.py:208} INFO - Processing /opt/airflow/dags/health_check_kafka_server.py took 0.083 seconds
[2026-05-31T09:20:40.228+0000] {processor.py:186} INFO - Started process (PID=14464) to work on /opt/airflow/dags/health_check_kafka_server.py
[2026-05-31T09:20:40.231+0000] {processor.py:914} INFO - Processing file /opt/airflow/dags/health_check_kafka_server.py for tasks to queue
[2026-05-31T09:20:40.235+0000] {logging_mixin.py:190} INFO - [2026-05-31T09:20:40.235+0000] {dagbag.py:588} INFO - Filling up the DagBag from /opt/airflow/dags/health_check_kafka_server.py
[2026-05-31T09:20:40.247+0000] {processor.py:925} INFO - DAG(s) 'health_check_kafka_server' retrieved from /opt/airflow/dags/health_check_kafka_server.py
[2026-05-31T09:20:40.273+0000] {logging_mixin.py:190} INFO - [2026-05-31T09:20:40.273+0000] {dag.py:3239} INFO - Sync 1 DAGs
[2026-05-31T09:20:40.296+0000] {logging_mixin.py:190} INFO - [2026-05-31T09:20:40.296+0000] {dag.py:4180} INFO - Setting next_dagrun for health_check_kafka_server to 2026-05-31 09:18:00+00:00, run_after=2026-05-31 09:20:00+00:00
[2026-05-31T09:20:40.311+0000] {processor.py:208} INFO - Processing /opt/airflow/dags/health_check_kafka_server.py took 0.090 seconds
[2026-05-31T09:21:10.699+0000] {processor.py:186} INFO - Started process (PID=14488) to work on /opt/airflow/dags/health_check_kafka_server.py
[2026-05-31T09:21:10.700+0000] {processor.py:914} INFO - Processing file /opt/airflow/dags/health_check_kafka_server.py for tasks to queue
[2026-05-31T09:21:10.702+0000] {logging_mixin.py:190} INFO - [2026-05-31T09:21:10.702+0000] {dagbag.py:588} INFO - Filling up the DagBag from /opt/airflow/dags/health_check_kafka_server.py
[2026-05-31T09:21:10.720+0000] {processor.py:925} INFO - DAG(s) 'health_check_kafka_server' retrieved from /opt/airflow/dags/health_check_kafka_server.py
[2026-05-31T09:21:10.742+0000] {logging_mixin.py:190} INFO - [2026-05-31T09:21:10.742+0000] {dag.py:3239} INFO - Sync 1 DAGs
[2026-05-31T09:21:10.763+0000] {logging_mixin.py:190} INFO - [2026-05-31T09:21:10.762+0000] {dag.py:4180} INFO - Setting next_dagrun for health_check_kafka_server to 2026-05-31 09:18:00+00:00, run_after=2026-05-31 09:20:00+00:00
[2026-05-31T09:21:10.778+0000] {processor.py:208} INFO - Processing /opt/airflow/dags/health_check_kafka_server.py took 0.091 seconds
[2026-05-31T09:21:41.181+0000] {processor.py:186} INFO - Started process (PID=14513) to work on /opt/airflow/dags/health_check_kafka_server.py
[2026-05-31T09:21:41.183+0000] {processor.py:914} INFO - Processing file /opt/airflow/dags/health_check_kafka_server.py for tasks to queue
[2026-05-31T09:21:41.185+0000] {logging_mixin.py:190} INFO - [2026-05-31T09:21:41.185+0000] {dagbag.py:588} INFO - Filling up the DagBag from /opt/airflow/dags/health_check_kafka_server.py
[2026-05-31T09:21:41.194+0000] {processor.py:925} INFO - DAG(s) 'health_check_kafka_server' retrieved from /opt/airflow/dags/health_check_kafka_server.py
[2026-05-31T09:21:41.215+0000] {logging_mixin.py:190} INFO - [2026-05-31T09:21:41.215+0000] {dag.py:3239} INFO - Sync 1 DAGs
[2026-05-31T09:21:41.236+0000] {logging_mixin.py:190} INFO - [2026-05-31T09:21:41.236+0000] {dag.py:4180} INFO - Setting next_dagrun for health_check_kafka_server to 2026-05-31 09:18:00+00:00, run_after=2026-05-31 09:20:00+00:00
[2026-05-31T09:21:41.260+0000] {processor.py:208} INFO - Processing /opt/airflow/dags/health_check_kafka_server.py took 0.085 seconds
[2026-05-31T09:22:11.339+0000] {processor.py:186} INFO - Started process (PID=14538) to work on /opt/airflow/dags/health_check_kafka_server.py
[2026-05-31T09:22:11.340+0000] {processor.py:914} INFO - Processing file /opt/airflow/dags/health_check_kafka_server.py for tasks to queue
[2026-05-31T09:22:11.343+0000] {logging_mixin.py:190} INFO - [2026-05-31T09:22:11.343+0000] {dagbag.py:588} INFO - Filling up the DagBag from /opt/airflow/dags/health_check_kafka_server.py
[2026-05-31T09:22:11.353+0000] {processor.py:925} INFO - DAG(s) 'health_check_kafka_server' retrieved from /opt/airflow/dags/health_check_kafka_server.py
[2026-05-31T09:22:11.378+0000] {logging_mixin.py:190} INFO - [2026-05-31T09:22:11.378+0000] {dag.py:3239} INFO - Sync 1 DAGs
[2026-05-31T09:22:11.401+0000] {logging_mixin.py:190} INFO - [2026-05-31T09:22:11.400+0000] {dag.py:4180} INFO - Setting next_dagrun for health_check_kafka_server to 2026-05-31 09:20:00+00:00, run_after=2026-05-31 09:22:00+00:00
[2026-05-31T09:22:11.415+0000] {processor.py:208} INFO - Processing /opt/airflow/dags/health_check_kafka_server.py took 0.083 seconds
[2026-05-31T09:22:42.264+0000] {processor.py:186} INFO - Started process (PID=14562) to work on /opt/airflow/dags/health_check_kafka_server.py
[2026-05-31T09:22:42.266+0000] {processor.py:914} INFO - Processing file /opt/airflow/dags/health_check_kafka_server.py for tasks to queue
[2026-05-31T09:22:42.268+0000] {logging_mixin.py:190} INFO - [2026-05-31T09:22:42.267+0000] {dagbag.py:588} INFO - Filling up the DagBag from /opt/airflow/dags/health_check_kafka_server.py
[2026-05-31T09:22:42.282+0000] {processor.py:925} INFO - DAG(s) 'health_check_kafka_server' retrieved from /opt/airflow/dags/health_check_kafka_server.py
[2026-05-31T09:22:42.306+0000] {logging_mixin.py:190} INFO - [2026-05-31T09:22:42.306+0000] {dag.py:3239} INFO - Sync 1 DAGs
[2026-05-31T09:22:42.348+0000] {logging_mixin.py:190} INFO - [2026-05-31T09:22:42.347+0000] {dag.py:4180} INFO - Setting next_dagrun for health_check_kafka_server to 2026-05-31 09:20:00+00:00, run_after=2026-05-31 09:22:00+00:00
[2026-05-31T09:22:42.363+0000] {processor.py:208} INFO - Processing /opt/airflow/dags/health_check_kafka_server.py took 0.104 seconds
[2026-05-31T09:23:13.216+0000] {processor.py:186} INFO - Started process (PID=14586) to work on /opt/airflow/dags/health_check_kafka_server.py
[2026-05-31T09:23:13.217+0000] {processor.py:914} INFO - Processing file /opt/airflow/dags/health_check_kafka_server.py for tasks to queue
[2026-05-31T09:23:13.219+0000] {logging_mixin.py:190} INFO - [2026-05-31T09:23:13.218+0000] {dagbag.py:588} INFO - Filling up the DagBag from /opt/airflow/dags/health_check_kafka_server.py
[2026-05-31T09:23:13.273+0000] {processor.py:925} INFO - DAG(s) 'health_check_kafka_server' retrieved from /opt/airflow/dags/health_check_kafka_server.py
[2026-05-31T09:23:13.324+0000] {logging_mixin.py:190} INFO - [2026-05-31T09:23:13.324+0000] {dag.py:3239} INFO - Sync 1 DAGs
[2026-05-31T09:23:13.351+0000] {logging_mixin.py:190} INFO - [2026-05-31T09:23:13.350+0000] {dag.py:4180} INFO - Setting next_dagrun for health_check_kafka_server to 2026-05-31 09:20:00+00:00, run_after=2026-05-31 09:22:00+00:00
[2026-05-31T09:23:13.428+0000] {processor.py:208} INFO - Processing /opt/airflow/dags/health_check_kafka_server.py took 0.217 seconds
[2026-05-31T09:23:44.189+0000] {processor.py:186} INFO - Started process (PID=14611) to work on /opt/airflow/dags/health_check_kafka_server.py
[2026-05-31T09:23:44.191+0000] {processor.py:914} INFO - Processing file /opt/airflow/dags/health_check_kafka_server.py for tasks to queue
[2026-05-31T09:23:44.193+0000] {logging_mixin.py:190} INFO - [2026-05-31T09:23:44.193+0000] {dagbag.py:588} INFO - Filling up the DagBag from /opt/airflow/dags/health_check_kafka_server.py
[2026-05-31T09:23:44.205+0000] {processor.py:925} INFO - DAG(s) 'health_check_kafka_server' retrieved from /opt/airflow/dags/health_check_kafka_server.py
[2026-05-31T09:23:44.230+0000] {logging_mixin.py:190} INFO - [2026-05-31T09:23:44.229+0000] {dag.py:3239} INFO - Sync 1 DAGs
[2026-05-31T09:23:44.255+0000] {logging_mixin.py:190} INFO - [2026-05-31T09:23:44.255+0000] {dag.py:4180} INFO - Setting next_dagrun for health_check_kafka_server to 2026-05-31 09:20:00+00:00, run_after=2026-05-31 09:22:00+00:00
[2026-05-31T09:23:44.271+0000] {processor.py:208} INFO - Processing /opt/airflow/dags/health_check_kafka_server.py took 0.087 seconds
[2026-05-31T09:24:14.345+0000] {processor.py:186} INFO - Started process (PID=14635) to work on /opt/airflow/dags/health_check_kafka_server.py
[2026-05-31T09:24:14.347+0000] {processor.py:914} INFO - Processing file /opt/airflow/dags/health_check_kafka_server.py for tasks to queue
[2026-05-31T09:24:14.349+0000] {logging_mixin.py:190} INFO - [2026-05-31T09:24:14.349+0000] {dagbag.py:588} INFO - Filling up the DagBag from /opt/airflow/dags/health_check_kafka_server.py
[2026-05-31T09:24:14.361+0000] {processor.py:925} INFO - DAG(s) 'health_check_kafka_server' retrieved from /opt/airflow/dags/health_check_kafka_server.py
[2026-05-31T09:24:14.381+0000] {logging_mixin.py:190} INFO - [2026-05-31T09:24:14.380+0000] {dag.py:3239} INFO - Sync 1 DAGs
[2026-05-31T09:24:14.402+0000] {logging_mixin.py:190} INFO - [2026-05-31T09:24:14.402+0000] {dag.py:4180} INFO - Setting next_dagrun for health_check_kafka_server to 2026-05-31 09:22:00+00:00, run_after=2026-05-31 09:24:00+00:00
[2026-05-31T09:24:14.415+0000] {processor.py:208} INFO - Processing /opt/airflow/dags/health_check_kafka_server.py took 0.076 seconds
[2026-05-31T09:24:44.806+0000] {processor.py:186} INFO - Started process (PID=14659) to work on /opt/airflow/dags/health_check_kafka_server.py
[2026-05-31T09:24:44.808+0000] {processor.py:914} INFO - Processing file /opt/airflow/dags/health_check_kafka_server.py for tasks to queue
[2026-05-31T09:24:44.810+0000] {logging_mixin.py:190} INFO - [2026-05-31T09:24:44.809+0000] {dagbag.py:588} INFO - Filling up the DagBag from /opt/airflow/dags/health_check_kafka_server.py
[2026-05-31T09:24:44.819+0000] {processor.py:925} INFO - DAG(s) 'health_check_kafka_server' retrieved from /opt/airflow/dags/health_check_kafka_server.py
[2026-05-31T09:24:44.840+0000] {logging_mixin.py:190} INFO - [2026-05-31T09:24:44.840+0000] {dag.py:3239} INFO - Sync 1 DAGs
[2026-05-31T09:24:44.867+0000] {logging_mixin.py:190} INFO - [2026-05-31T09:24:44.867+0000] {dag.py:4180} INFO - Setting next_dagrun for health_check_kafka_server to 2026-05-31 09:22:00+00:00, run_after=2026-05-31 09:24:00+00:00
[2026-05-31T09:24:44.882+0000] {processor.py:208} INFO - Processing /opt/airflow/dags/health_check_kafka_server.py took 0.081 seconds
[2026-05-31T09:25:15.409+0000] {processor.py:186} INFO - Started process (PID=14676) to work on /opt/airflow/dags/health_check_kafka_server.py
[2026-05-31T09:25:15.410+0000] {processor.py:914} INFO - Processing file /opt/airflow/dags/health_check_kafka_server.py for tasks to queue
[2026-05-31T09:25:15.413+0000] {logging_mixin.py:190} INFO - [2026-05-31T09:25:15.413+0000] {dagbag.py:588} INFO - Filling up the DagBag from /opt/airflow/dags/health_check_kafka_server.py
[2026-05-31T09:25:15.425+0000] {processor.py:925} INFO - DAG(s) 'health_check_kafka_server' retrieved from /opt/airflow/dags/health_check_kafka_server.py
[2026-05-31T09:25:15.452+0000] {logging_mixin.py:190} INFO - [2026-05-31T09:25:15.452+0000] {dag.py:3239} INFO - Sync 1 DAGs
[2026-05-31T09:25:15.474+0000] {logging_mixin.py:190} INFO - [2026-05-31T09:25:15.474+0000] {dag.py:4180} INFO - Setting next_dagrun for health_check_kafka_server to 2026-05-31 09:22:00+00:00, run_after=2026-05-31 09:24:00+00:00
[2026-05-31T09:25:15.488+0000] {processor.py:208} INFO - Processing /opt/airflow/dags/health_check_kafka_server.py took 0.084 seconds
[2026-05-31T09:25:46.626+0000] {processor.py:186} INFO - Started process (PID=14700) to work on /opt/airflow/dags/health_check_kafka_server.py
[2026-05-31T09:25:46.627+0000] {processor.py:914} INFO - Processing file /opt/airflow/dags/health_check_kafka_server.py for tasks to queue
[2026-05-31T09:25:46.630+0000] {logging_mixin.py:190} INFO - [2026-05-31T09:25:46.630+0000] {dagbag.py:588} INFO - Filling up the DagBag from /opt/airflow/dags/health_check_kafka_server.py
[2026-05-31T09:25:46.643+0000] {processor.py:925} INFO - DAG(s) 'health_check_kafka_server' retrieved from /opt/airflow/dags/health_check_kafka_server.py
[2026-05-31T09:25:46.663+0000] {logging_mixin.py:190} INFO - [2026-05-31T09:25:46.662+0000] {dag.py:3239} INFO - Sync 1 DAGs
[2026-05-31T09:25:46.694+0000] {logging_mixin.py:190} INFO - [2026-05-31T09:25:46.694+0000] {dag.py:4180} INFO - Setting next_dagrun for health_check_kafka_server to 2026-05-31 09:22:00+00:00, run_after=2026-05-31 09:24:00+00:00
[2026-05-31T09:25:46.710+0000] {processor.py:208} INFO - Processing /opt/airflow/dags/health_check_kafka_server.py took 0.090 seconds
[2026-05-31T09:26:17.915+0000] {processor.py:186} INFO - Started process (PID=14725) to work on /opt/airflow/dags/health_check_kafka_server.py
[2026-05-31T09:26:17.916+0000] {processor.py:914} INFO - Processing file /opt/airflow/dags/health_check_kafka_server.py for tasks to queue
[2026-05-31T09:26:17.918+0000] {logging_mixin.py:190} INFO - [2026-05-31T09:26:17.918+0000] {dagbag.py:588} INFO - Filling up the DagBag from /opt/airflow/dags/health_check_kafka_server.py
[2026-05-31T09:26:17.927+0000] {processor.py:925} INFO - DAG(s) 'health_check_kafka_server' retrieved from /opt/airflow/dags/health_check_kafka_server.py
[2026-05-31T09:26:17.974+0000] {logging_mixin.py:190} INFO - [2026-05-31T09:26:17.973+0000] {dag.py:3239} INFO - Sync 1 DAGs
[2026-05-31T09:26:17.997+0000] {logging_mixin.py:190} INFO - [2026-05-31T09:26:17.997+0000] {dag.py:4180} INFO - Setting next_dagrun for health_check_kafka_server to 2026-05-31 09:24:00+00:00, run_after=2026-05-31 09:26:00+00:00
[2026-05-31T09:26:18.020+0000] {processor.py:208} INFO - Processing /opt/airflow/dags/health_check_kafka_server.py took 0.110 seconds
[2026-05-31T09:26:49.346+0000] {processor.py:186} INFO - Started process (PID=14748) to work on /opt/airflow/dags/health_check_kafka_server.py
[2026-05-31T09:26:49.349+0000] {processor.py:914} INFO - Processing file /opt/airflow/dags/health_check_kafka_server.py for tasks to queue
[2026-05-31T09:26:49.354+0000] {logging_mixin.py:190} INFO - [2026-05-31T09:26:49.353+0000] {dagbag.py:588} INFO - Filling up the DagBag from /opt/airflow/dags/health_check_kafka_server.py
[2026-05-31T09:26:49.378+0000] {processor.py:925} INFO - DAG(s) 'health_check_kafka_server' retrieved from /opt/airflow/dags/health_check_kafka_server.py
[2026-05-31T09:26:49.405+0000] {logging_mixin.py:190} INFO - [2026-05-31T09:26:49.405+0000] {dag.py:3239} INFO - Sync 1 DAGs
[2026-05-31T09:26:49.451+0000] {logging_mixin.py:190} INFO - [2026-05-31T09:26:49.451+0000] {dag.py:4180} INFO - Setting next_dagrun for health_check_kafka_server to 2026-05-31 09:24:00+00:00, run_after=2026-05-31 09:26:00+00:00
[2026-05-31T09:26:49.472+0000] {processor.py:208} INFO - Processing /opt/airflow/dags/health_check_kafka_server.py took 0.136 seconds
[2026-05-31T09:27:21.249+0000] {processor.py:186} INFO - Started process (PID=14772) to work on /opt/airflow/dags/health_check_kafka_server.py
[2026-05-31T09:27:21.253+0000] {processor.py:914} INFO - Processing file /opt/airflow/dags/health_check_kafka_server.py for tasks to queue
[2026-05-31T09:27:21.255+0000] {logging_mixin.py:190} INFO - [2026-05-31T09:27:21.255+0000] {dagbag.py:588} INFO - Filling up the DagBag from /opt/airflow/dags/health_check_kafka_server.py
[2026-05-31T09:27:21.277+0000] {processor.py:925} INFO - DAG(s) 'health_check_kafka_server' retrieved from /opt/airflow/dags/health_check_kafka_server.py
[2026-05-31T09:27:21.318+0000] {logging_mixin.py:190} INFO - [2026-05-31T09:27:21.318+0000] {dag.py:3239} INFO - Sync 1 DAGs
[2026-05-31T09:27:21.342+0000] {logging_mixin.py:190} INFO - [2026-05-31T09:27:21.342+0000] {dag.py:4180} INFO - Setting next_dagrun for health_check_kafka_server to 2026-05-31 09:24:00+00:00, run_after=2026-05-31 09:26:00+00:00
[2026-05-31T09:27:21.373+0000] {processor.py:208} INFO - Processing /opt/airflow/dags/health_check_kafka_server.py took 0.145 seconds
[2026-05-31T09:27:51.757+0000] {processor.py:186} INFO - Started process (PID=14796) to work on /opt/airflow/dags/health_check_kafka_server.py
[2026-05-31T09:27:51.757+0000] {processor.py:914} INFO - Processing file /opt/airflow/dags/health_check_kafka_server.py for tasks to queue
[2026-05-31T09:27:51.760+0000] {logging_mixin.py:190} INFO - [2026-05-31T09:27:51.759+0000] {dagbag.py:588} INFO - Filling up the DagBag from /opt/airflow/dags/health_check_kafka_server.py
[2026-05-31T09:27:51.769+0000] {processor.py:925} INFO - DAG(s) 'health_check_kafka_server' retrieved from /opt/airflow/dags/health_check_kafka_server.py
[2026-05-31T09:27:51.787+0000] {logging_mixin.py:190} INFO - [2026-05-31T09:27:51.787+0000] {dag.py:3239} INFO - Sync 1 DAGs
[2026-05-31T09:27:51.809+0000] {logging_mixin.py:190} INFO - [2026-05-31T09:27:51.809+0000] {dag.py:4180} INFO - Setting next_dagrun for health_check_kafka_server to 2026-05-31 09:24:00+00:00, run_after=2026-05-31 09:26:00+00:00
[2026-05-31T09:27:51.838+0000] {processor.py:208} INFO - Processing /opt/airflow/dags/health_check_kafka_server.py took 0.086 seconds
[2026-05-31T09:28:22.275+0000] {processor.py:186} INFO - Started process (PID=14819) to work on /opt/airflow/dags/health_check_kafka_server.py
[2026-05-31T09:28:22.276+0000] {processor.py:914} INFO - Processing file /opt/airflow/dags/health_check_kafka_server.py for tasks to queue
[2026-05-31T09:28:22.278+0000] {logging_mixin.py:190} INFO - [2026-05-31T09:28:22.278+0000] {dagbag.py:588} INFO - Filling up the DagBag from /opt/airflow/dags/health_check_kafka_server.py
[2026-05-31T09:28:22.286+0000] {processor.py:925} INFO - DAG(s) 'health_check_kafka_server' retrieved from /opt/airflow/dags/health_check_kafka_server.py
[2026-05-31T09:28:22.304+0000] {logging_mixin.py:190} INFO - [2026-05-31T09:28:22.304+0000] {dag.py:3239} INFO - Sync 1 DAGs
[2026-05-31T09:28:22.325+0000] {logging_mixin.py:190} INFO - [2026-05-31T09:28:22.325+0000] {dag.py:4180} INFO - Setting next_dagrun for health_check_kafka_server to 2026-05-31 09:26:00+00:00, run_after=2026-05-31 09:28:00+00:00
[2026-05-31T09:28:22.339+0000] {processor.py:208} INFO - Processing /opt/airflow/dags/health_check_kafka_server.py took 0.069 seconds
[2026-05-31T09:28:53.366+0000] {processor.py:186} INFO - Started process (PID=14850) to work on /opt/airflow/dags/health_check_kafka_server.py
[2026-05-31T09:28:53.367+0000] {processor.py:914} INFO - Processing file /opt/airflow/dags/health_check_kafka_server.py for tasks to queue
[2026-05-31T09:28:53.369+0000] {logging_mixin.py:190} INFO - [2026-05-31T09:28:53.369+0000] {dagbag.py:588} INFO - Filling up the DagBag from /opt/airflow/dags/health_check_kafka_server.py
[2026-05-31T09:28:53.378+0000] {processor.py:925} INFO - DAG(s) 'health_check_kafka_server' retrieved from /opt/airflow/dags/health_check_kafka_server.py
[2026-05-31T09:28:53.397+0000] {logging_mixin.py:190} INFO - [2026-05-31T09:28:53.397+0000] {dag.py:3239} INFO - Sync 1 DAGs
[2026-05-31T09:28:53.419+0000] {logging_mixin.py:190} INFO - [2026-05-31T09:28:53.419+0000] {dag.py:4180} INFO - Setting next_dagrun for health_check_kafka_server to 2026-05-31 09:26:00+00:00, run_after=2026-05-31 09:28:00+00:00
[2026-05-31T09:28:53.434+0000] {processor.py:208} INFO - Processing /opt/airflow/dags/health_check_kafka_server.py took 0.073 seconds
[2026-05-31T09:29:24.600+0000] {processor.py:186} INFO - Started process (PID=14874) to work on /opt/airflow/dags/health_check_kafka_server.py
[2026-05-31T09:29:24.601+0000] {processor.py:914} INFO - Processing file /opt/airflow/dags/health_check_kafka_server.py for tasks to queue
[2026-05-31T09:29:24.606+0000] {logging_mixin.py:190} INFO - [2026-05-31T09:29:24.606+0000] {dagbag.py:588} INFO - Filling up the DagBag from /opt/airflow/dags/health_check_kafka_server.py
[2026-05-31T09:29:24.631+0000] {processor.py:925} INFO - DAG(s) 'health_check_kafka_server' retrieved from /opt/airflow/dags/health_check_kafka_server.py
[2026-05-31T09:29:24.705+0000] {logging_mixin.py:190} INFO - [2026-05-31T09:29:24.705+0000] {dag.py:3239} INFO - Sync 1 DAGs
[2026-05-31T09:29:24.749+0000] {logging_mixin.py:190} INFO - [2026-05-31T09:29:24.749+0000] {dag.py:4180} INFO - Setting next_dagrun for health_check_kafka_server to 2026-05-31 09:26:00+00:00, run_after=2026-05-31 09:28:00+00:00
[2026-05-31T09:29:24.775+0000] {processor.py:208} INFO - Processing /opt/airflow/dags/health_check_kafka_server.py took 0.191 seconds
[2026-05-31T09:29:55.217+0000] {processor.py:186} INFO - Started process (PID=14899) to work on /opt/airflow/dags/health_check_kafka_server.py
[2026-05-31T09:29:55.221+0000] {processor.py:914} INFO - Processing file /opt/airflow/dags/health_check_kafka_server.py for tasks to queue
[2026-05-31T09:29:55.226+0000] {logging_mixin.py:190} INFO - [2026-05-31T09:29:55.225+0000] {dagbag.py:588} INFO - Filling up the DagBag from /opt/airflow/dags/health_check_kafka_server.py
[2026-05-31T09:29:55.242+0000] {processor.py:925} INFO - DAG(s) 'health_check_kafka_server' retrieved from /opt/airflow/dags/health_check_kafka_server.py
[2026-05-31T09:29:55.267+0000] {logging_mixin.py:190} INFO - [2026-05-31T09:29:55.266+0000] {dag.py:3239} INFO - Sync 1 DAGs
[2026-05-31T09:29:55.313+0000] {logging_mixin.py:190} INFO - [2026-05-31T09:29:55.313+0000] {dag.py:4180} INFO - Setting next_dagrun for health_check_kafka_server to 2026-05-31 09:26:00+00:00, run_after=2026-05-31 09:28:00+00:00
[2026-05-31T09:29:55.348+0000] {processor.py:208} INFO - Processing /opt/airflow/dags/health_check_kafka_server.py took 0.136 seconds
[2026-05-31T09:30:25.699+0000] {processor.py:186} INFO - Started process (PID=14924) to work on /opt/airflow/dags/health_check_kafka_server.py
[2026-05-31T09:30:25.701+0000] {processor.py:914} INFO - Processing file /opt/airflow/dags/health_check_kafka_server.py for tasks to queue
[2026-05-31T09:30:25.704+0000] {logging_mixin.py:190} INFO - [2026-05-31T09:30:25.704+0000] {dagbag.py:588} INFO - Filling up the DagBag from /opt/airflow/dags/health_check_kafka_server.py
[2026-05-31T09:30:25.723+0000] {processor.py:925} INFO - DAG(s) 'health_check_kafka_server' retrieved from /opt/airflow/dags/health_check_kafka_server.py
[2026-05-31T09:30:25.741+0000] {logging_mixin.py:190} INFO - [2026-05-31T09:30:25.741+0000] {dag.py:3239} INFO - Sync 1 DAGs
[2026-05-31T09:30:25.771+0000] {logging_mixin.py:190} INFO - [2026-05-31T09:30:25.770+0000] {dag.py:4180} INFO - Setting next_dagrun for health_check_kafka_server to 2026-05-31 09:28:00+00:00, run_after=2026-05-31 09:30:00+00:00
[2026-05-31T09:30:25.785+0000] {processor.py:208} INFO - Processing /opt/airflow/dags/health_check_kafka_server.py took 0.091 seconds
[2026-05-31T09:30:56.216+0000] {processor.py:186} INFO - Started process (PID=14948) to work on /opt/airflow/dags/health_check_kafka_server.py
[2026-05-31T09:30:56.217+0000] {processor.py:914} INFO - Processing file /opt/airflow/dags/health_check_kafka_server.py for tasks to queue
[2026-05-31T09:30:56.219+0000] {logging_mixin.py:190} INFO - [2026-05-31T09:30:56.219+0000] {dagbag.py:588} INFO - Filling up the DagBag from /opt/airflow/dags/health_check_kafka_server.py
[2026-05-31T09:30:56.244+0000] {processor.py:925} INFO - DAG(s) 'health_check_kafka_server' retrieved from /opt/airflow/dags/health_check_kafka_server.py
[2026-05-31T09:30:56.266+0000] {logging_mixin.py:190} INFO - [2026-05-31T09:30:56.266+0000] {dag.py:3239} INFO - Sync 1 DAGs
[2026-05-31T09:30:56.290+0000] {logging_mixin.py:190} INFO - [2026-05-31T09:30:56.290+0000] {dag.py:4180} INFO - Setting next_dagrun for health_check_kafka_server to 2026-05-31 09:28:00+00:00, run_after=2026-05-31 09:30:00+00:00
[2026-05-31T09:30:56.305+0000] {processor.py:208} INFO - Processing /opt/airflow/dags/health_check_kafka_server.py took 0.095 seconds
[2026-05-31T09:31:26.353+0000] {processor.py:186} INFO - Started process (PID=14970) to work on /opt/airflow/dags/health_check_kafka_server.py
[2026-05-31T09:31:26.354+0000] {processor.py:914} INFO - Processing file /opt/airflow/dags/health_check_kafka_server.py for tasks to queue
[2026-05-31T09:31:26.356+0000] {logging_mixin.py:190} INFO - [2026-05-31T09:31:26.355+0000] {dagbag.py:588} INFO - Filling up the DagBag from /opt/airflow/dags/health_check_kafka_server.py
[2026-05-31T09:31:26.364+0000] {processor.py:925} INFO - DAG(s) 'health_check_kafka_server' retrieved from /opt/airflow/dags/health_check_kafka_server.py
[2026-05-31T09:31:26.383+0000] {logging_mixin.py:190} INFO - [2026-05-31T09:31:26.383+0000] {dag.py:3239} INFO - Sync 1 DAGs
[2026-05-31T09:31:26.404+0000] {logging_mixin.py:190} INFO - [2026-05-31T09:31:26.403+0000] {dag.py:4180} INFO - Setting next_dagrun for health_check_kafka_server to 2026-05-31 09:28:00+00:00, run_after=2026-05-31 09:30:00+00:00
[2026-05-31T09:31:26.417+0000] {processor.py:208} INFO - Processing /opt/airflow/dags/health_check_kafka_server.py took 0.069 seconds
[2026-05-31T09:31:56.619+0000] {processor.py:186} INFO - Started process (PID=14993) to work on /opt/airflow/dags/health_check_kafka_server.py
[2026-05-31T09:31:56.620+0000] {processor.py:914} INFO - Processing file /opt/airflow/dags/health_check_kafka_server.py for tasks to queue
[2026-05-31T09:31:56.622+0000] {logging_mixin.py:190} INFO - [2026-05-31T09:31:56.621+0000] {dagbag.py:588} INFO - Filling up the DagBag from /opt/airflow/dags/health_check_kafka_server.py
[2026-05-31T09:31:56.630+0000] {processor.py:925} INFO - DAG(s) 'health_check_kafka_server' retrieved from /opt/airflow/dags/health_check_kafka_server.py
[2026-05-31T09:31:56.662+0000] {logging_mixin.py:190} INFO - [2026-05-31T09:31:56.662+0000] {dag.py:3239} INFO - Sync 1 DAGs
[2026-05-31T09:31:56.685+0000] {logging_mixin.py:190} INFO - [2026-05-31T09:31:56.684+0000] {dag.py:4180} INFO - Setting next_dagrun for health_check_kafka_server to 2026-05-31 09:28:00+00:00, run_after=2026-05-31 09:30:00+00:00
[2026-05-31T09:31:56.700+0000] {processor.py:208} INFO - Processing /opt/airflow/dags/health_check_kafka_server.py took 0.086 seconds
[2026-05-31T09:32:26.833+0000] {processor.py:186} INFO - Started process (PID=15016) to work on /opt/airflow/dags/health_check_kafka_server.py
[2026-05-31T09:32:26.834+0000] {processor.py:914} INFO - Processing file /opt/airflow/dags/health_check_kafka_server.py for tasks to queue
[2026-05-31T09:32:26.836+0000] {logging_mixin.py:190} INFO - [2026-05-31T09:32:26.836+0000] {dagbag.py:588} INFO - Filling up the DagBag from /opt/airflow/dags/health_check_kafka_server.py
[2026-05-31T09:32:26.845+0000] {processor.py:925} INFO - DAG(s) 'health_check_kafka_server' retrieved from /opt/airflow/dags/health_check_kafka_server.py
[2026-05-31T09:32:26.865+0000] {logging_mixin.py:190} INFO - [2026-05-31T09:32:26.865+0000] {dag.py:3239} INFO - Sync 1 DAGs
[2026-05-31T09:32:26.887+0000] {logging_mixin.py:190} INFO - [2026-05-31T09:32:26.887+0000] {dag.py:4180} INFO - Setting next_dagrun for health_check_kafka_server to 2026-05-31 09:30:00+00:00, run_after=2026-05-31 09:32:00+00:00
[2026-05-31T09:32:26.900+0000] {processor.py:208} INFO - Processing /opt/airflow/dags/health_check_kafka_server.py took 0.072 seconds
[2026-05-31T09:32:57.129+0000] {processor.py:186} INFO - Started process (PID=15036) to work on /opt/airflow/dags/health_check_kafka_server.py
[2026-05-31T09:32:57.130+0000] {processor.py:914} INFO - Processing file /opt/airflow/dags/health_check_kafka_server.py for tasks to queue
[2026-05-31T09:32:57.132+0000] {logging_mixin.py:190} INFO - [2026-05-31T09:32:57.132+0000] {dagbag.py:588} INFO - Filling up the DagBag from /opt/airflow/dags/health_check_kafka_server.py
[2026-05-31T09:32:57.141+0000] {processor.py:925} INFO - DAG(s) 'health_check_kafka_server' retrieved from /opt/airflow/dags/health_check_kafka_server.py
[2026-05-31T09:32:57.158+0000] {logging_mixin.py:190} INFO - [2026-05-31T09:32:57.158+0000] {dag.py:3239} INFO - Sync 1 DAGs
[2026-05-31T09:32:57.179+0000] {logging_mixin.py:190} INFO - [2026-05-31T09:32:57.178+0000] {dag.py:4180} INFO - Setting next_dagrun for health_check_kafka_server to 2026-05-31 09:30:00+00:00, run_after=2026-05-31 09:32:00+00:00
[2026-05-31T09:32:57.193+0000] {processor.py:208} INFO - Processing /opt/airflow/dags/health_check_kafka_server.py took 0.068 seconds
[2026-05-31T09:33:27.422+0000] {processor.py:186} INFO - Started process (PID=15059) to work on /opt/airflow/dags/health_check_kafka_server.py
[2026-05-31T09:33:27.422+0000] {processor.py:914} INFO - Processing file /opt/airflow/dags/health_check_kafka_server.py for tasks to queue
[2026-05-31T09:33:27.424+0000] {logging_mixin.py:190} INFO - [2026-05-31T09:33:27.424+0000] {dagbag.py:588} INFO - Filling up the DagBag from /opt/airflow/dags/health_check_kafka_server.py
[2026-05-31T09:33:27.433+0000] {processor.py:925} INFO - DAG(s) 'health_check_kafka_server' retrieved from /opt/airflow/dags/health_check_kafka_server.py
[2026-05-31T09:33:27.463+0000] {logging_mixin.py:190} INFO - [2026-05-31T09:33:27.462+0000] {dag.py:3239} INFO - Sync 1 DAGs
[2026-05-31T09:33:27.488+0000] {logging_mixin.py:190} INFO - [2026-05-31T09:33:27.488+0000] {dag.py:4180} INFO - Setting next_dagrun for health_check_kafka_server to 2026-05-31 09:30:00+00:00, run_after=2026-05-31 09:32:00+00:00
[2026-05-31T09:33:27.526+0000] {processor.py:208} INFO - Processing /opt/airflow/dags/health_check_kafka_server.py took 0.109 seconds
[2026-05-31T09:33:57.703+0000] {processor.py:186} INFO - Started process (PID=15083) to work on /opt/airflow/dags/health_check_kafka_server.py
[2026-05-31T09:33:57.705+0000] {processor.py:914} INFO - Processing file /opt/airflow/dags/health_check_kafka_server.py for tasks to queue
[2026-05-31T09:33:57.707+0000] {logging_mixin.py:190} INFO - [2026-05-31T09:33:57.706+0000] {dagbag.py:588} INFO - Filling up the DagBag from /opt/airflow/dags/health_check_kafka_server.py
[2026-05-31T09:33:57.715+0000] {processor.py:925} INFO - DAG(s) 'health_check_kafka_server' retrieved from /opt/airflow/dags/health_check_kafka_server.py
[2026-05-31T09:33:57.742+0000] {logging_mixin.py:190} INFO - [2026-05-31T09:33:57.742+0000] {dag.py:3239} INFO - Sync 1 DAGs
[2026-05-31T09:33:57.769+0000] {logging_mixin.py:190} INFO - [2026-05-31T09:33:57.769+0000] {dag.py:4180} INFO - Setting next_dagrun for health_check_kafka_server to 2026-05-31 09:30:00+00:00, run_after=2026-05-31 09:32:00+00:00
[2026-05-31T09:33:57.783+0000] {processor.py:208} INFO - Processing /opt/airflow/dags/health_check_kafka_server.py took 0.084 seconds
[2026-05-31T09:34:28.053+0000] {processor.py:186} INFO - Started process (PID=15108) to work on /opt/airflow/dags/health_check_kafka_server.py
[2026-05-31T09:34:28.054+0000] {processor.py:914} INFO - Processing file /opt/airflow/dags/health_check_kafka_server.py for tasks to queue
[2026-05-31T09:34:28.056+0000] {logging_mixin.py:190} INFO - [2026-05-31T09:34:28.056+0000] {dagbag.py:588} INFO - Filling up the DagBag from /opt/airflow/dags/health_check_kafka_server.py
[2026-05-31T09:34:28.066+0000] {processor.py:925} INFO - DAG(s) 'health_check_kafka_server' retrieved from /opt/airflow/dags/health_check_kafka_server.py
[2026-05-31T09:34:28.088+0000] {logging_mixin.py:190} INFO - [2026-05-31T09:34:28.087+0000] {dag.py:3239} INFO - Sync 1 DAGs
[2026-05-31T09:34:28.108+0000] {logging_mixin.py:190} INFO - [2026-05-31T09:34:28.108+0000] {dag.py:4180} INFO - Setting next_dagrun for health_check_kafka_server to 2026-05-31 09:32:00+00:00, run_after=2026-05-31 09:34:00+00:00
[2026-05-31T09:34:28.124+0000] {processor.py:208} INFO - Processing /opt/airflow/dags/health_check_kafka_server.py took 0.080 seconds
[2026-05-31T09:34:58.333+0000] {processor.py:186} INFO - Started process (PID=15131) to work on /opt/airflow/dags/health_check_kafka_server.py
[2026-05-31T09:34:58.335+0000] {processor.py:914} INFO - Processing file /opt/airflow/dags/health_check_kafka_server.py for tasks to queue
[2026-05-31T09:34:58.339+0000] {logging_mixin.py:190} INFO - [2026-05-31T09:34:58.338+0000] {dagbag.py:588} INFO - Filling up the DagBag from /opt/airflow/dags/health_check_kafka_server.py
[2026-05-31T09:34:58.348+0000] {processor.py:925} INFO - DAG(s) 'health_check_kafka_server' retrieved from /opt/airflow/dags/health_check_kafka_server.py
[2026-05-31T09:34:58.370+0000] {logging_mixin.py:190} INFO - [2026-05-31T09:34:58.369+0000] {dag.py:3239} INFO - Sync 1 DAGs
[2026-05-31T09:34:58.391+0000] {logging_mixin.py:190} INFO - [2026-05-31T09:34:58.391+0000] {dag.py:4180} INFO - Setting next_dagrun for health_check_kafka_server to 2026-05-31 09:32:00+00:00, run_after=2026-05-31 09:34:00+00:00
[2026-05-31T09:34:58.407+0000] {processor.py:208} INFO - Processing /opt/airflow/dags/health_check_kafka_server.py took 0.082 seconds
[2026-05-31T09:35:28.729+0000] {processor.py:186} INFO - Started process (PID=15155) to work on /opt/airflow/dags/health_check_kafka_server.py
[2026-05-31T09:35:28.729+0000] {processor.py:914} INFO - Processing file /opt/airflow/dags/health_check_kafka_server.py for tasks to queue
[2026-05-31T09:35:28.732+0000] {logging_mixin.py:190} INFO - [2026-05-31T09:35:28.731+0000] {dagbag.py:588} INFO - Filling up the DagBag from /opt/airflow/dags/health_check_kafka_server.py
[2026-05-31T09:35:28.740+0000] {processor.py:925} INFO - DAG(s) 'health_check_kafka_server' retrieved from /opt/airflow/dags/health_check_kafka_server.py
[2026-05-31T09:35:28.761+0000] {logging_mixin.py:190} INFO - [2026-05-31T09:35:28.761+0000] {dag.py:3239} INFO - Sync 1 DAGs
[2026-05-31T09:35:28.783+0000] {logging_mixin.py:190} INFO - [2026-05-31T09:35:28.783+0000] {dag.py:4180} INFO - Setting next_dagrun for health_check_kafka_server to 2026-05-31 09:32:00+00:00, run_after=2026-05-31 09:34:00+00:00
[2026-05-31T09:35:28.798+0000] {processor.py:208} INFO - Processing /opt/airflow/dags/health_check_kafka_server.py took 0.074 seconds
[2026-05-31T09:35:59.172+0000] {processor.py:186} INFO - Started process (PID=15179) to work on /opt/airflow/dags/health_check_kafka_server.py
[2026-05-31T09:35:59.173+0000] {processor.py:914} INFO - Processing file /opt/airflow/dags/health_check_kafka_server.py for tasks to queue
[2026-05-31T09:35:59.174+0000] {logging_mixin.py:190} INFO - [2026-05-31T09:35:59.174+0000] {dagbag.py:588} INFO - Filling up the DagBag from /opt/airflow/dags/health_check_kafka_server.py
[2026-05-31T09:35:59.183+0000] {processor.py:925} INFO - DAG(s) 'health_check_kafka_server' retrieved from /opt/airflow/dags/health_check_kafka_server.py
[2026-05-31T09:35:59.202+0000] {logging_mixin.py:190} INFO - [2026-05-31T09:35:59.202+0000] {dag.py:3239} INFO - Sync 1 DAGs
[2026-05-31T09:35:59.222+0000] {logging_mixin.py:190} INFO - [2026-05-31T09:35:59.221+0000] {dag.py:4180} INFO - Setting next_dagrun for health_check_kafka_server to 2026-05-31 09:32:00+00:00, run_after=2026-05-31 09:34:00+00:00
[2026-05-31T09:35:59.236+0000] {processor.py:208} INFO - Processing /opt/airflow/dags/health_check_kafka_server.py took 0.069 seconds
[2026-05-31T09:36:29.497+0000] {processor.py:186} INFO - Started process (PID=15203) to work on /opt/airflow/dags/health_check_kafka_server.py
[2026-05-31T09:36:29.498+0000] {processor.py:914} INFO - Processing file /opt/airflow/dags/health_check_kafka_server.py for tasks to queue
[2026-05-31T09:36:29.499+0000] {logging_mixin.py:190} INFO - [2026-05-31T09:36:29.499+0000] {dagbag.py:588} INFO - Filling up the DagBag from /opt/airflow/dags/health_check_kafka_server.py
[2026-05-31T09:36:29.508+0000] {processor.py:925} INFO - DAG(s) 'health_check_kafka_server' retrieved from /opt/airflow/dags/health_check_kafka_server.py
[2026-05-31T09:36:29.528+0000] {logging_mixin.py:190} INFO - [2026-05-31T09:36:29.527+0000] {dag.py:3239} INFO - Sync 1 DAGs
[2026-05-31T09:36:29.548+0000] {logging_mixin.py:190} INFO - [2026-05-31T09:36:29.548+0000] {dag.py:4180} INFO - Setting next_dagrun for health_check_kafka_server to 2026-05-31 09:34:00+00:00, run_after=2026-05-31 09:36:00+00:00
[2026-05-31T09:36:29.680+0000] {processor.py:208} INFO - Processing /opt/airflow/dags/health_check_kafka_server.py took 0.188 seconds
[2026-05-31T09:37:00.244+0000] {processor.py:186} INFO - Started process (PID=15227) to work on /opt/airflow/dags/health_check_kafka_server.py
[2026-05-31T09:37:00.245+0000] {processor.py:914} INFO - Processing file /opt/airflow/dags/health_check_kafka_server.py for tasks to queue
[2026-05-31T09:37:00.248+0000] {logging_mixin.py:190} INFO - [2026-05-31T09:37:00.247+0000] {dagbag.py:588} INFO - Filling up the DagBag from /opt/airflow/dags/health_check_kafka_server.py
[2026-05-31T09:37:00.258+0000] {processor.py:925} INFO - DAG(s) 'health_check_kafka_server' retrieved from /opt/airflow/dags/health_check_kafka_server.py
[2026-05-31T09:37:00.280+0000] {logging_mixin.py:190} INFO - [2026-05-31T09:37:00.280+0000] {dag.py:3239} INFO - Sync 1 DAGs
[2026-05-31T09:37:00.302+0000] {logging_mixin.py:190} INFO - [2026-05-31T09:37:00.302+0000] {dag.py:4180} INFO - Setting next_dagrun for health_check_kafka_server to 2026-05-31 09:34:00+00:00, run_after=2026-05-31 09:36:00+00:00
[2026-05-31T09:37:00.318+0000] {processor.py:208} INFO - Processing /opt/airflow/dags/health_check_kafka_server.py took 0.093 seconds
[2026-05-31T09:37:30.465+0000] {processor.py:186} INFO - Started process (PID=15251) to work on /opt/airflow/dags/health_check_kafka_server.py
[2026-05-31T09:37:30.466+0000] {processor.py:914} INFO - Processing file /opt/airflow/dags/health_check_kafka_server.py for tasks to queue
[2026-05-31T09:37:30.470+0000] {logging_mixin.py:190} INFO - [2026-05-31T09:37:30.469+0000] {dagbag.py:588} INFO - Filling up the DagBag from /opt/airflow/dags/health_check_kafka_server.py
[2026-05-31T09:37:30.481+0000] {processor.py:925} INFO - DAG(s) 'health_check_kafka_server' retrieved from /opt/airflow/dags/health_check_kafka_server.py
[2026-05-31T09:37:30.500+0000] {logging_mixin.py:190} INFO - [2026-05-31T09:37:30.499+0000] {dag.py:3239} INFO - Sync 1 DAGs
[2026-05-31T09:37:30.661+0000] {logging_mixin.py:190} INFO - [2026-05-31T09:37:30.661+0000] {dag.py:4180} INFO - Setting next_dagrun for health_check_kafka_server to 2026-05-31 09:34:00+00:00, run_after=2026-05-31 09:36:00+00:00
[2026-05-31T09:37:30.673+0000] {processor.py:208} INFO - Processing /opt/airflow/dags/health_check_kafka_server.py took 0.216 seconds
[2026-05-31T09:38:00.867+0000] {processor.py:186} INFO - Started process (PID=15274) to work on /opt/airflow/dags/health_check_kafka_server.py
[2026-05-31T09:38:00.868+0000] {processor.py:914} INFO - Processing file /opt/airflow/dags/health_check_kafka_server.py for tasks to queue
[2026-05-31T09:38:00.871+0000] {logging_mixin.py:190} INFO - [2026-05-31T09:38:00.871+0000] {dagbag.py:588} INFO - Filling up the DagBag from /opt/airflow/dags/health_check_kafka_server.py
[2026-05-31T09:38:00.880+0000] {processor.py:925} INFO - DAG(s) 'health_check_kafka_server' retrieved from /opt/airflow/dags/health_check_kafka_server.py
[2026-05-31T09:38:00.936+0000] {logging_mixin.py:190} INFO - [2026-05-31T09:38:00.935+0000] {dag.py:3239} INFO - Sync 1 DAGs
[2026-05-31T09:38:00.961+0000] {logging_mixin.py:190} INFO - [2026-05-31T09:38:00.960+0000] {dag.py:4180} INFO - Setting next_dagrun for health_check_kafka_server to 2026-05-31 09:36:00+00:00, run_after=2026-05-31 09:38:00+00:00
[2026-05-31T09:38:00.973+0000] {processor.py:208} INFO - Processing /opt/airflow/dags/health_check_kafka_server.py took 0.123 seconds
[2026-05-31T09:38:31.194+0000] {processor.py:186} INFO - Started process (PID=15298) to work on /opt/airflow/dags/health_check_kafka_server.py
[2026-05-31T09:38:31.195+0000] {processor.py:914} INFO - Processing file /opt/airflow/dags/health_check_kafka_server.py for tasks to queue
[2026-05-31T09:38:31.197+0000] {logging_mixin.py:190} INFO - [2026-05-31T09:38:31.196+0000] {dagbag.py:588} INFO - Filling up the DagBag from /opt/airflow/dags/health_check_kafka_server.py
[2026-05-31T09:38:31.205+0000] {processor.py:925} INFO - DAG(s) 'health_check_kafka_server' retrieved from /opt/airflow/dags/health_check_kafka_server.py
[2026-05-31T09:38:31.226+0000] {logging_mixin.py:190} INFO - [2026-05-31T09:38:31.226+0000] {dag.py:3239} INFO - Sync 1 DAGs
[2026-05-31T09:38:31.247+0000] {logging_mixin.py:190} INFO - [2026-05-31T09:38:31.247+0000] {dag.py:4180} INFO - Setting next_dagrun for health_check_kafka_server to 2026-05-31 09:36:00+00:00, run_after=2026-05-31 09:38:00+00:00
[2026-05-31T09:38:31.261+0000] {processor.py:208} INFO - Processing /opt/airflow/dags/health_check_kafka_server.py took 0.073 seconds
[2026-05-31T09:39:01.436+0000] {processor.py:186} INFO - Started process (PID=15323) to work on /opt/airflow/dags/health_check_kafka_server.py
[2026-05-31T09:39:01.437+0000] {processor.py:914} INFO - Processing file /opt/airflow/dags/health_check_kafka_server.py for tasks to queue
[2026-05-31T09:39:01.439+0000] {logging_mixin.py:190} INFO - [2026-05-31T09:39:01.438+0000] {dagbag.py:588} INFO - Filling up the DagBag from /opt/airflow/dags/health_check_kafka_server.py
[2026-05-31T09:39:01.448+0000] {processor.py:925} INFO - DAG(s) 'health_check_kafka_server' retrieved from /opt/airflow/dags/health_check_kafka_server.py
[2026-05-31T09:39:01.477+0000] {logging_mixin.py:190} INFO - [2026-05-31T09:39:01.476+0000] {dag.py:3239} INFO - Sync 1 DAGs
[2026-05-31T09:39:01.498+0000] {logging_mixin.py:190} INFO - [2026-05-31T09:39:01.498+0000] {dag.py:4180} INFO - Setting next_dagrun for health_check_kafka_server to 2026-05-31 09:36:00+00:00, run_after=2026-05-31 09:38:00+00:00
[2026-05-31T09:39:01.511+0000] {processor.py:208} INFO - Processing /opt/airflow/dags/health_check_kafka_server.py took 0.080 seconds
[2026-05-31T09:39:31.625+0000] {processor.py:186} INFO - Started process (PID=15342) to work on /opt/airflow/dags/health_check_kafka_server.py
[2026-05-31T09:39:31.626+0000] {processor.py:914} INFO - Processing file /opt/airflow/dags/health_check_kafka_server.py for tasks to queue
[2026-05-31T09:39:31.628+0000] {logging_mixin.py:190} INFO - [2026-05-31T09:39:31.628+0000] {dagbag.py:588} INFO - Filling up the DagBag from /opt/airflow/dags/health_check_kafka_server.py
[2026-05-31T09:39:31.636+0000] {processor.py:925} INFO - DAG(s) 'health_check_kafka_server' retrieved from /opt/airflow/dags/health_check_kafka_server.py
[2026-05-31T09:39:31.653+0000] {logging_mixin.py:190} INFO - [2026-05-31T09:39:31.653+0000] {dag.py:3239} INFO - Sync 1 DAGs
[2026-05-31T09:39:31.673+0000] {logging_mixin.py:190} INFO - [2026-05-31T09:39:31.673+0000] {dag.py:4180} INFO - Setting next_dagrun for health_check_kafka_server to 2026-05-31 09:36:00+00:00, run_after=2026-05-31 09:38:00+00:00
[2026-05-31T09:39:31.709+0000] {processor.py:208} INFO - Processing /opt/airflow/dags/health_check_kafka_server.py took 0.092 seconds
[2026-05-31T09:40:01.745+0000] {processor.py:186} INFO - Started process (PID=15364) to work on /opt/airflow/dags/health_check_kafka_server.py
[2026-05-31T09:40:01.745+0000] {processor.py:914} INFO - Processing file /opt/airflow/dags/health_check_kafka_server.py for tasks to queue
[2026-05-31T09:40:01.748+0000] {logging_mixin.py:190} INFO - [2026-05-31T09:40:01.747+0000] {dagbag.py:588} INFO - Filling up the DagBag from /opt/airflow/dags/health_check_kafka_server.py
[2026-05-31T09:40:01.755+0000] {processor.py:925} INFO - DAG(s) 'health_check_kafka_server' retrieved from /opt/airflow/dags/health_check_kafka_server.py
[2026-05-31T09:40:01.777+0000] {logging_mixin.py:190} INFO - [2026-05-31T09:40:01.776+0000] {dag.py:3239} INFO - Sync 1 DAGs
[2026-05-31T09:40:01.798+0000] {logging_mixin.py:190} INFO - [2026-05-31T09:40:01.798+0000] {dag.py:4180} INFO - Setting next_dagrun for health_check_kafka_server to 2026-05-31 09:38:00+00:00, run_after=2026-05-31 09:40:00+00:00
[2026-05-31T09:40:01.813+0000] {processor.py:208} INFO - Processing /opt/airflow/dags/health_check_kafka_server.py took 0.073 seconds
[2026-05-31T09:40:32.017+0000] {processor.py:186} INFO - Started process (PID=15388) to work on /opt/airflow/dags/health_check_kafka_server.py
[2026-05-31T09:40:32.018+0000] {processor.py:914} INFO - Processing file /opt/airflow/dags/health_check_kafka_server.py for tasks to queue
[2026-05-31T09:40:32.021+0000] {logging_mixin.py:190} INFO - [2026-05-31T09:40:32.021+0000] {dagbag.py:588} INFO - Filling up the DagBag from /opt/airflow/dags/health_check_kafka_server.py
[2026-05-31T09:40:32.030+0000] {processor.py:925} INFO - DAG(s) 'health_check_kafka_server' retrieved from /opt/airflow/dags/health_check_kafka_server.py
[2026-05-31T09:40:32.060+0000] {logging_mixin.py:190} INFO - [2026-05-31T09:40:32.060+0000] {dag.py:3239} INFO - Sync 1 DAGs
[2026-05-31T09:40:32.092+0000] {logging_mixin.py:190} INFO - [2026-05-31T09:40:32.092+0000] {dag.py:4180} INFO - Setting next_dagrun for health_check_kafka_server to 2026-05-31 09:38:00+00:00, run_after=2026-05-31 09:40:00+00:00
[2026-05-31T09:40:32.109+0000] {processor.py:208} INFO - Processing /opt/airflow/dags/health_check_kafka_server.py took 0.096 seconds
[2026-05-31T09:41:02.357+0000] {processor.py:186} INFO - Started process (PID=15412) to work on /opt/airflow/dags/health_check_kafka_server.py
[2026-05-31T09:41:02.357+0000] {processor.py:914} INFO - Processing file /opt/airflow/dags/health_check_kafka_server.py for tasks to queue
[2026-05-31T09:41:02.359+0000] {logging_mixin.py:190} INFO - [2026-05-31T09:41:02.359+0000] {dagbag.py:588} INFO - Filling up the DagBag from /opt/airflow/dags/health_check_kafka_server.py
[2026-05-31T09:41:02.367+0000] {processor.py:925} INFO - DAG(s) 'health_check_kafka_server' retrieved from /opt/airflow/dags/health_check_kafka_server.py
[2026-05-31T09:41:02.388+0000] {logging_mixin.py:190} INFO - [2026-05-31T09:41:02.387+0000] {dag.py:3239} INFO - Sync 1 DAGs
[2026-05-31T09:41:02.411+0000] {logging_mixin.py:190} INFO - [2026-05-31T09:41:02.410+0000] {dag.py:4180} INFO - Setting next_dagrun for health_check_kafka_server to 2026-05-31 09:38:00+00:00, run_after=2026-05-31 09:40:00+00:00
[2026-05-31T09:41:02.426+0000] {processor.py:208} INFO - Processing /opt/airflow/dags/health_check_kafka_server.py took 0.074 seconds
[2026-05-31T09:41:33.148+0000] {processor.py:186} INFO - Started process (PID=15437) to work on /opt/airflow/dags/health_check_kafka_server.py
[2026-05-31T09:41:33.149+0000] {processor.py:914} INFO - Processing file /opt/airflow/dags/health_check_kafka_server.py for tasks to queue
[2026-05-31T09:41:33.151+0000] {logging_mixin.py:190} INFO - [2026-05-31T09:41:33.151+0000] {dagbag.py:588} INFO - Filling up the DagBag from /opt/airflow/dags/health_check_kafka_server.py
[2026-05-31T09:41:33.159+0000] {processor.py:925} INFO - DAG(s) 'health_check_kafka_server' retrieved from /opt/airflow/dags/health_check_kafka_server.py
[2026-05-31T09:41:33.179+0000] {logging_mixin.py:190} INFO - [2026-05-31T09:41:33.179+0000] {dag.py:3239} INFO - Sync 1 DAGs
[2026-05-31T09:41:33.200+0000] {logging_mixin.py:190} INFO - [2026-05-31T09:41:33.200+0000] {dag.py:4180} INFO - Setting next_dagrun for health_check_kafka_server to 2026-05-31 09:38:00+00:00, run_after=2026-05-31 09:40:00+00:00
[2026-05-31T09:41:33.214+0000] {processor.py:208} INFO - Processing /opt/airflow/dags/health_check_kafka_server.py took 0.071 seconds
[2026-05-31T09:42:03.867+0000] {processor.py:186} INFO - Started process (PID=15461) to work on /opt/airflow/dags/health_check_kafka_server.py
[2026-05-31T09:42:03.867+0000] {processor.py:914} INFO - Processing file /opt/airflow/dags/health_check_kafka_server.py for tasks to queue
[2026-05-31T09:42:03.870+0000] {logging_mixin.py:190} INFO - [2026-05-31T09:42:03.870+0000] {dagbag.py:588} INFO - Filling up the DagBag from /opt/airflow/dags/health_check_kafka_server.py
[2026-05-31T09:42:03.881+0000] {processor.py:925} INFO - DAG(s) 'health_check_kafka_server' retrieved from /opt/airflow/dags/health_check_kafka_server.py
[2026-05-31T09:42:03.900+0000] {logging_mixin.py:190} INFO - [2026-05-31T09:42:03.899+0000] {dag.py:3239} INFO - Sync 1 DAGs
[2026-05-31T09:42:03.921+0000] {logging_mixin.py:190} INFO - [2026-05-31T09:42:03.921+0000] {dag.py:4180} INFO - Setting next_dagrun for health_check_kafka_server to 2026-05-31 09:40:00+00:00, run_after=2026-05-31 09:42:00+00:00
[2026-05-31T09:42:03.934+0000] {processor.py:208} INFO - Processing /opt/airflow/dags/health_check_kafka_server.py took 0.076 seconds
[2026-05-31T09:42:34.661+0000] {processor.py:186} INFO - Started process (PID=15485) to work on /opt/airflow/dags/health_check_kafka_server.py
[2026-05-31T09:42:34.662+0000] {processor.py:914} INFO - Processing file /opt/airflow/dags/health_check_kafka_server.py for tasks to queue
[2026-05-31T09:42:34.664+0000] {logging_mixin.py:190} INFO - [2026-05-31T09:42:34.664+0000] {dagbag.py:588} INFO - Filling up the DagBag from /opt/airflow/dags/health_check_kafka_server.py
[2026-05-31T09:42:34.672+0000] {processor.py:925} INFO - DAG(s) 'health_check_kafka_server' retrieved from /opt/airflow/dags/health_check_kafka_server.py
[2026-05-31T09:42:34.691+0000] {logging_mixin.py:190} INFO - [2026-05-31T09:42:34.691+0000] {dag.py:3239} INFO - Sync 1 DAGs
[2026-05-31T09:42:34.712+0000] {logging_mixin.py:190} INFO - [2026-05-31T09:42:34.712+0000] {dag.py:4180} INFO - Setting next_dagrun for health_check_kafka_server to 2026-05-31 09:40:00+00:00, run_after=2026-05-31 09:42:00+00:00
[2026-05-31T09:42:34.727+0000] {processor.py:208} INFO - Processing /opt/airflow/dags/health_check_kafka_server.py took 0.070 seconds
[2026-05-31T09:43:05.102+0000] {processor.py:186} INFO - Started process (PID=15509) to work on /opt/airflow/dags/health_check_kafka_server.py
[2026-05-31T09:43:05.103+0000] {processor.py:914} INFO - Processing file /opt/airflow/dags/health_check_kafka_server.py for tasks to queue
[2026-05-31T09:43:05.105+0000] {logging_mixin.py:190} INFO - [2026-05-31T09:43:05.104+0000] {dagbag.py:588} INFO - Filling up the DagBag from /opt/airflow/dags/health_check_kafka_server.py
[2026-05-31T09:43:05.113+0000] {processor.py:925} INFO - DAG(s) 'health_check_kafka_server' retrieved from /opt/airflow/dags/health_check_kafka_server.py
[2026-05-31T09:43:05.133+0000] {logging_mixin.py:190} INFO - [2026-05-31T09:43:05.133+0000] {dag.py:3239} INFO - Sync 1 DAGs
[2026-05-31T09:43:05.155+0000] {logging_mixin.py:190} INFO - [2026-05-31T09:43:05.155+0000] {dag.py:4180} INFO - Setting next_dagrun for health_check_kafka_server to 2026-05-31 09:40:00+00:00, run_after=2026-05-31 09:42:00+00:00
[2026-05-31T09:43:05.169+0000] {processor.py:208} INFO - Processing /opt/airflow/dags/health_check_kafka_server.py took 0.072 seconds
[2026-05-31T09:43:36.045+0000] {processor.py:186} INFO - Started process (PID=15534) to work on /opt/airflow/dags/health_check_kafka_server.py
[2026-05-31T09:43:36.045+0000] {processor.py:914} INFO - Processing file /opt/airflow/dags/health_check_kafka_server.py for tasks to queue
[2026-05-31T09:43:36.047+0000] {logging_mixin.py:190} INFO - [2026-05-31T09:43:36.047+0000] {dagbag.py:588} INFO - Filling up the DagBag from /opt/airflow/dags/health_check_kafka_server.py
[2026-05-31T09:43:36.055+0000] {processor.py:925} INFO - DAG(s) 'health_check_kafka_server' retrieved from /opt/airflow/dags/health_check_kafka_server.py
[2026-05-31T09:43:36.074+0000] {logging_mixin.py:190} INFO - [2026-05-31T09:43:36.074+0000] {dag.py:3239} INFO - Sync 1 DAGs
[2026-05-31T09:43:36.095+0000] {logging_mixin.py:190} INFO - [2026-05-31T09:43:36.094+0000] {dag.py:4180} INFO - Setting next_dagrun for health_check_kafka_server to 2026-05-31 09:40:00+00:00, run_after=2026-05-31 09:42:00+00:00
[2026-05-31T09:43:36.109+0000] {processor.py:208} INFO - Processing /opt/airflow/dags/health_check_kafka_server.py took 0.070 seconds
[2026-05-31T09:44:06.570+0000] {processor.py:186} INFO - Started process (PID=15559) to work on /opt/airflow/dags/health_check_kafka_server.py
[2026-05-31T09:44:06.571+0000] {processor.py:914} INFO - Processing file /opt/airflow/dags/health_check_kafka_server.py for tasks to queue
[2026-05-31T09:44:06.573+0000] {logging_mixin.py:190} INFO - [2026-05-31T09:44:06.573+0000] {dagbag.py:588} INFO - Filling up the DagBag from /opt/airflow/dags/health_check_kafka_server.py
[2026-05-31T09:44:06.581+0000] {processor.py:925} INFO - DAG(s) 'health_check_kafka_server' retrieved from /opt/airflow/dags/health_check_kafka_server.py
[2026-05-31T09:44:06.602+0000] {logging_mixin.py:190} INFO - [2026-05-31T09:44:06.602+0000] {dag.py:3239} INFO - Sync 1 DAGs
[2026-05-31T09:44:06.624+0000] {logging_mixin.py:190} INFO - [2026-05-31T09:44:06.624+0000] {dag.py:4180} INFO - Setting next_dagrun for health_check_kafka_server to 2026-05-31 09:42:00+00:00, run_after=2026-05-31 09:44:00+00:00
[2026-05-31T09:44:06.639+0000] {processor.py:208} INFO - Processing /opt/airflow/dags/health_check_kafka_server.py took 0.074 seconds
[2026-05-31T09:44:37.121+0000] {processor.py:186} INFO - Started process (PID=15583) to work on /opt/airflow/dags/health_check_kafka_server.py
[2026-05-31T09:44:37.122+0000] {processor.py:914} INFO - Processing file /opt/airflow/dags/health_check_kafka_server.py for tasks to queue
[2026-05-31T09:44:37.124+0000] {logging_mixin.py:190} INFO - [2026-05-31T09:44:37.124+0000] {dagbag.py:588} INFO - Filling up the DagBag from /opt/airflow/dags/health_check_kafka_server.py
[2026-05-31T09:44:37.133+0000] {processor.py:925} INFO - DAG(s) 'health_check_kafka_server' retrieved from /opt/airflow/dags/health_check_kafka_server.py
[2026-05-31T09:44:37.154+0000] {logging_mixin.py:190} INFO - [2026-05-31T09:44:37.154+0000] {dag.py:3239} INFO - Sync 1 DAGs
[2026-05-31T09:44:37.177+0000] {logging_mixin.py:190} INFO - [2026-05-31T09:44:37.176+0000] {dag.py:4180} INFO - Setting next_dagrun for health_check_kafka_server to 2026-05-31 09:42:00+00:00, run_after=2026-05-31 09:44:00+00:00
[2026-05-31T09:44:37.193+0000] {processor.py:208} INFO - Processing /opt/airflow/dags/health_check_kafka_server.py took 0.077 seconds
[2026-05-31T09:45:07.713+0000] {processor.py:186} INFO - Started process (PID=15606) to work on /opt/airflow/dags/health_check_kafka_server.py
[2026-05-31T09:45:07.713+0000] {processor.py:914} INFO - Processing file /opt/airflow/dags/health_check_kafka_server.py for tasks to queue
[2026-05-31T09:45:07.715+0000] {logging_mixin.py:190} INFO - [2026-05-31T09:45:07.715+0000] {dagbag.py:588} INFO - Filling up the DagBag from /opt/airflow/dags/health_check_kafka_server.py
[2026-05-31T09:45:07.723+0000] {processor.py:925} INFO - DAG(s) 'health_check_kafka_server' retrieved from /opt/airflow/dags/health_check_kafka_server.py
[2026-05-31T09:45:07.742+0000] {logging_mixin.py:190} INFO - [2026-05-31T09:45:07.741+0000] {dag.py:3239} INFO - Sync 1 DAGs
[2026-05-31T09:45:07.760+0000] {logging_mixin.py:190} INFO - [2026-05-31T09:45:07.760+0000] {dag.py:4180} INFO - Setting next_dagrun for health_check_kafka_server to 2026-05-31 09:42:00+00:00, run_after=2026-05-31 09:44:00+00:00
[2026-05-31T09:45:07.774+0000] {processor.py:208} INFO - Processing /opt/airflow/dags/health_check_kafka_server.py took 0.066 seconds
[2026-05-31T09:45:38.366+0000] {processor.py:186} INFO - Started process (PID=15630) to work on /opt/airflow/dags/health_check_kafka_server.py
[2026-05-31T09:45:38.366+0000] {processor.py:914} INFO - Processing file /opt/airflow/dags/health_check_kafka_server.py for tasks to queue
[2026-05-31T09:45:38.368+0000] {logging_mixin.py:190} INFO - [2026-05-31T09:45:38.368+0000] {dagbag.py:588} INFO - Filling up the DagBag from /opt/airflow/dags/health_check_kafka_server.py
[2026-05-31T09:45:38.377+0000] {processor.py:925} INFO - DAG(s) 'health_check_kafka_server' retrieved from /opt/airflow/dags/health_check_kafka_server.py
[2026-05-31T09:45:38.398+0000] {logging_mixin.py:190} INFO - [2026-05-31T09:45:38.398+0000] {dag.py:3239} INFO - Sync 1 DAGs
[2026-05-31T09:45:38.420+0000] {logging_mixin.py:190} INFO - [2026-05-31T09:45:38.420+0000] {dag.py:4180} INFO - Setting next_dagrun for health_check_kafka_server to 2026-05-31 09:42:00+00:00, run_after=2026-05-31 09:44:00+00:00
[2026-05-31T09:45:38.435+0000] {processor.py:208} INFO - Processing /opt/airflow/dags/health_check_kafka_server.py took 0.075 seconds
[2026-05-31T09:46:08.999+0000] {processor.py:186} INFO - Started process (PID=15652) to work on /opt/airflow/dags/health_check_kafka_server.py
[2026-05-31T09:46:08.999+0000] {processor.py:914} INFO - Processing file /opt/airflow/dags/health_check_kafka_server.py for tasks to queue
[2026-05-31T09:46:09.001+0000] {logging_mixin.py:190} INFO - [2026-05-31T09:46:09.001+0000] {dagbag.py:588} INFO - Filling up the DagBag from /opt/airflow/dags/health_check_kafka_server.py
[2026-05-31T09:46:09.010+0000] {processor.py:925} INFO - DAG(s) 'health_check_kafka_server' retrieved from /opt/airflow/dags/health_check_kafka_server.py
[2026-05-31T09:46:09.028+0000] {logging_mixin.py:190} INFO - [2026-05-31T09:46:09.027+0000] {dag.py:3239} INFO - Sync 1 DAGs
[2026-05-31T09:46:09.047+0000] {logging_mixin.py:190} INFO - [2026-05-31T09:46:09.047+0000] {dag.py:4180} INFO - Setting next_dagrun for health_check_kafka_server to 2026-05-31 09:44:00+00:00, run_after=2026-05-31 09:46:00+00:00
[2026-05-31T09:46:09.062+0000] {processor.py:208} INFO - Processing /opt/airflow/dags/health_check_kafka_server.py took 0.069 seconds
[2026-05-31T09:46:39.164+0000] {processor.py:186} INFO - Started process (PID=15672) to work on /opt/airflow/dags/health_check_kafka_server.py
[2026-05-31T09:46:39.166+0000] {processor.py:914} INFO - Processing file /opt/airflow/dags/health_check_kafka_server.py for tasks to queue
[2026-05-31T09:46:39.172+0000] {logging_mixin.py:190} INFO - [2026-05-31T09:46:39.172+0000] {dagbag.py:588} INFO - Filling up the DagBag from /opt/airflow/dags/health_check_kafka_server.py
[2026-05-31T09:46:39.192+0000] {processor.py:925} INFO - DAG(s) 'health_check_kafka_server' retrieved from /opt/airflow/dags/health_check_kafka_server.py
[2026-05-31T09:46:39.228+0000] {logging_mixin.py:190} INFO - [2026-05-31T09:46:39.228+0000] {dag.py:3239} INFO - Sync 1 DAGs
[2026-05-31T09:46:39.266+0000] {logging_mixin.py:190} INFO - [2026-05-31T09:46:39.266+0000] {dag.py:4180} INFO - Setting next_dagrun for health_check_kafka_server to 2026-05-31 09:44:00+00:00, run_after=2026-05-31 09:46:00+00:00
[2026-05-31T09:46:39.296+0000] {processor.py:208} INFO - Processing /opt/airflow/dags/health_check_kafka_server.py took 0.149 seconds
[2026-05-31T09:47:10.347+0000] {processor.py:186} INFO - Started process (PID=15696) to work on /opt/airflow/dags/health_check_kafka_server.py
[2026-05-31T09:47:10.349+0000] {processor.py:914} INFO - Processing file /opt/airflow/dags/health_check_kafka_server.py for tasks to queue
[2026-05-31T09:47:10.351+0000] {logging_mixin.py:190} INFO - [2026-05-31T09:47:10.351+0000] {dagbag.py:588} INFO - Filling up the DagBag from /opt/airflow/dags/health_check_kafka_server.py
[2026-05-31T09:47:10.364+0000] {processor.py:925} INFO - DAG(s) 'health_check_kafka_server' retrieved from /opt/airflow/dags/health_check_kafka_server.py
[2026-05-31T09:47:10.407+0000] {logging_mixin.py:190} INFO - [2026-05-31T09:47:10.407+0000] {dag.py:3239} INFO - Sync 1 DAGs
[2026-05-31T09:47:10.461+0000] {logging_mixin.py:190} INFO - [2026-05-31T09:47:10.461+0000] {dag.py:4180} INFO - Setting next_dagrun for health_check_kafka_server to 2026-05-31 09:44:00+00:00, run_after=2026-05-31 09:46:00+00:00
[2026-05-31T09:47:10.484+0000] {processor.py:208} INFO - Processing /opt/airflow/dags/health_check_kafka_server.py took 0.150 seconds
[2026-05-31T09:47:41.477+0000] {processor.py:186} INFO - Started process (PID=15720) to work on /opt/airflow/dags/health_check_kafka_server.py
[2026-05-31T09:47:41.480+0000] {processor.py:914} INFO - Processing file /opt/airflow/dags/health_check_kafka_server.py for tasks to queue
[2026-05-31T09:47:41.482+0000] {logging_mixin.py:190} INFO - [2026-05-31T09:47:41.482+0000] {dagbag.py:588} INFO - Filling up the DagBag from /opt/airflow/dags/health_check_kafka_server.py
[2026-05-31T09:47:41.495+0000] {processor.py:925} INFO - DAG(s) 'health_check_kafka_server' retrieved from /opt/airflow/dags/health_check_kafka_server.py
[2026-05-31T09:47:41.513+0000] {logging_mixin.py:190} INFO - [2026-05-31T09:47:41.513+0000] {dag.py:3239} INFO - Sync 1 DAGs
[2026-05-31T09:47:41.533+0000] {logging_mixin.py:190} INFO - [2026-05-31T09:47:41.533+0000] {dag.py:4180} INFO - Setting next_dagrun for health_check_kafka_server to 2026-05-31 09:44:00+00:00, run_after=2026-05-31 09:46:00+00:00
[2026-05-31T09:47:41.549+0000] {processor.py:208} INFO - Processing /opt/airflow/dags/health_check_kafka_server.py took 0.082 seconds
[2026-05-31T09:48:11.971+0000] {processor.py:186} INFO - Started process (PID=15743) to work on /opt/airflow/dags/health_check_kafka_server.py
[2026-05-31T09:48:11.975+0000] {processor.py:914} INFO - Processing file /opt/airflow/dags/health_check_kafka_server.py for tasks to queue
[2026-05-31T09:48:11.980+0000] {logging_mixin.py:190} INFO - [2026-05-31T09:48:11.980+0000] {dagbag.py:588} INFO - Filling up the DagBag from /opt/airflow/dags/health_check_kafka_server.py
[2026-05-31T09:48:12.008+0000] {processor.py:925} INFO - DAG(s) 'health_check_kafka_server' retrieved from /opt/airflow/dags/health_check_kafka_server.py
[2026-05-31T09:48:12.046+0000] {logging_mixin.py:190} INFO - [2026-05-31T09:48:12.046+0000] {dag.py:3239} INFO - Sync 1 DAGs
[2026-05-31T09:48:12.070+0000] {logging_mixin.py:190} INFO - [2026-05-31T09:48:12.070+0000] {dag.py:4180} INFO - Setting next_dagrun for health_check_kafka_server to 2026-05-31 09:46:00+00:00, run_after=2026-05-31 09:48:00+00:00
[2026-05-31T09:48:12.091+0000] {processor.py:208} INFO - Processing /opt/airflow/dags/health_check_kafka_server.py took 0.129 seconds
[2026-05-31T09:48:42.165+0000] {processor.py:186} INFO - Started process (PID=15767) to work on /opt/airflow/dags/health_check_kafka_server.py
[2026-05-31T09:48:42.166+0000] {processor.py:914} INFO - Processing file /opt/airflow/dags/health_check_kafka_server.py for tasks to queue
[2026-05-31T09:48:42.168+0000] {logging_mixin.py:190} INFO - [2026-05-31T09:48:42.168+0000] {dagbag.py:588} INFO - Filling up the DagBag from /opt/airflow/dags/health_check_kafka_server.py
[2026-05-31T09:48:42.177+0000] {processor.py:925} INFO - DAG(s) 'health_check_kafka_server' retrieved from /opt/airflow/dags/health_check_kafka_server.py
[2026-05-31T09:48:42.197+0000] {logging_mixin.py:190} INFO - [2026-05-31T09:48:42.197+0000] {dag.py:3239} INFO - Sync 1 DAGs
[2026-05-31T09:48:42.220+0000] {logging_mixin.py:190} INFO - [2026-05-31T09:48:42.220+0000] {dag.py:4180} INFO - Setting next_dagrun for health_check_kafka_server to 2026-05-31 09:46:00+00:00, run_after=2026-05-31 09:48:00+00:00
[2026-05-31T09:48:42.235+0000] {processor.py:208} INFO - Processing /opt/airflow/dags/health_check_kafka_server.py took 0.076 seconds
[2026-05-31T09:49:13.080+0000] {processor.py:186} INFO - Started process (PID=15791) to work on /opt/airflow/dags/health_check_kafka_server.py
[2026-05-31T09:49:13.081+0000] {processor.py:914} INFO - Processing file /opt/airflow/dags/health_check_kafka_server.py for tasks to queue
[2026-05-31T09:49:13.083+0000] {logging_mixin.py:190} INFO - [2026-05-31T09:49:13.083+0000] {dagbag.py:588} INFO - Filling up the DagBag from /opt/airflow/dags/health_check_kafka_server.py
[2026-05-31T09:49:13.091+0000] {processor.py:925} INFO - DAG(s) 'health_check_kafka_server' retrieved from /opt/airflow/dags/health_check_kafka_server.py
[2026-05-31T09:49:13.116+0000] {logging_mixin.py:190} INFO - [2026-05-31T09:49:13.116+0000] {dag.py:3239} INFO - Sync 1 DAGs
[2026-05-31T09:49:13.136+0000] {logging_mixin.py:190} INFO - [2026-05-31T09:49:13.136+0000] {dag.py:4180} INFO - Setting next_dagrun for health_check_kafka_server to 2026-05-31 09:46:00+00:00, run_after=2026-05-31 09:48:00+00:00
[2026-05-31T09:49:13.149+0000] {processor.py:208} INFO - Processing /opt/airflow/dags/health_check_kafka_server.py took 0.073 seconds
[2026-05-31T09:49:43.237+0000] {processor.py:186} INFO - Started process (PID=15813) to work on /opt/airflow/dags/health_check_kafka_server.py
[2026-05-31T09:49:43.238+0000] {processor.py:914} INFO - Processing file /opt/airflow/dags/health_check_kafka_server.py for tasks to queue
[2026-05-31T09:49:43.240+0000] {logging_mixin.py:190} INFO - [2026-05-31T09:49:43.240+0000] {dagbag.py:588} INFO - Filling up the DagBag from /opt/airflow/dags/health_check_kafka_server.py
[2026-05-31T09:49:43.248+0000] {processor.py:925} INFO - DAG(s) 'health_check_kafka_server' retrieved from /opt/airflow/dags/health_check_kafka_server.py
[2026-05-31T09:49:43.270+0000] {logging_mixin.py:190} INFO - [2026-05-31T09:49:43.270+0000] {dag.py:3239} INFO - Sync 1 DAGs
[2026-05-31T09:49:43.294+0000] {logging_mixin.py:190} INFO - [2026-05-31T09:49:43.294+0000] {dag.py:4180} INFO - Setting next_dagrun for health_check_kafka_server to 2026-05-31 09:46:00+00:00, run_after=2026-05-31 09:48:00+00:00
[2026-05-31T09:49:43.308+0000] {processor.py:208} INFO - Processing /opt/airflow/dags/health_check_kafka_server.py took 0.076 seconds
[2026-05-31T09:50:13.418+0000] {processor.py:186} INFO - Started process (PID=15837) to work on /opt/airflow/dags/health_check_kafka_server.py
[2026-05-31T09:50:13.419+0000] {processor.py:914} INFO - Processing file /opt/airflow/dags/health_check_kafka_server.py for tasks to queue
[2026-05-31T09:50:13.421+0000] {logging_mixin.py:190} INFO - [2026-05-31T09:50:13.421+0000] {dagbag.py:588} INFO - Filling up the DagBag from /opt/airflow/dags/health_check_kafka_server.py
[2026-05-31T09:50:13.430+0000] {processor.py:925} INFO - DAG(s) 'health_check_kafka_server' retrieved from /opt/airflow/dags/health_check_kafka_server.py
[2026-05-31T09:50:13.452+0000] {logging_mixin.py:190} INFO - [2026-05-31T09:50:13.452+0000] {dag.py:3239} INFO - Sync 1 DAGs
[2026-05-31T09:50:13.474+0000] {logging_mixin.py:190} INFO - [2026-05-31T09:50:13.474+0000] {dag.py:4180} INFO - Setting next_dagrun for health_check_kafka_server to 2026-05-31 09:48:00+00:00, run_after=2026-05-31 09:50:00+00:00
[2026-05-31T09:50:13.488+0000] {processor.py:208} INFO - Processing /opt/airflow/dags/health_check_kafka_server.py took 0.076 seconds
[2026-05-31T09:50:43.557+0000] {processor.py:186} INFO - Started process (PID=15861) to work on /opt/airflow/dags/health_check_kafka_server.py
[2026-05-31T09:50:43.558+0000] {processor.py:914} INFO - Processing file /opt/airflow/dags/health_check_kafka_server.py for tasks to queue
[2026-05-31T09:50:43.560+0000] {logging_mixin.py:190} INFO - [2026-05-31T09:50:43.560+0000] {dagbag.py:588} INFO - Filling up the DagBag from /opt/airflow/dags/health_check_kafka_server.py
[2026-05-31T09:50:43.571+0000] {processor.py:925} INFO - DAG(s) 'health_check_kafka_server' retrieved from /opt/airflow/dags/health_check_kafka_server.py
[2026-05-31T09:50:43.592+0000] {logging_mixin.py:190} INFO - [2026-05-31T09:50:43.591+0000] {dag.py:3239} INFO - Sync 1 DAGs
[2026-05-31T09:50:43.612+0000] {logging_mixin.py:190} INFO - [2026-05-31T09:50:43.612+0000] {dag.py:4180} INFO - Setting next_dagrun for health_check_kafka_server to 2026-05-31 09:48:00+00:00, run_after=2026-05-31 09:50:00+00:00
[2026-05-31T09:50:43.627+0000] {processor.py:208} INFO - Processing /opt/airflow/dags/health_check_kafka_server.py took 0.085 seconds
[2026-05-31T09:51:13.799+0000] {processor.py:186} INFO - Started process (PID=15886) to work on /opt/airflow/dags/health_check_kafka_server.py
[2026-05-31T09:51:13.800+0000] {processor.py:914} INFO - Processing file /opt/airflow/dags/health_check_kafka_server.py for tasks to queue
[2026-05-31T09:51:13.802+0000] {logging_mixin.py:190} INFO - [2026-05-31T09:51:13.802+0000] {dagbag.py:588} INFO - Filling up the DagBag from /opt/airflow/dags/health_check_kafka_server.py
[2026-05-31T09:51:13.811+0000] {processor.py:925} INFO - DAG(s) 'health_check_kafka_server' retrieved from /opt/airflow/dags/health_check_kafka_server.py
[2026-05-31T09:51:13.831+0000] {logging_mixin.py:190} INFO - [2026-05-31T09:51:13.831+0000] {dag.py:3239} INFO - Sync 1 DAGs
[2026-05-31T09:51:13.852+0000] {logging_mixin.py:190} INFO - [2026-05-31T09:51:13.852+0000] {dag.py:4180} INFO - Setting next_dagrun for health_check_kafka_server to 2026-05-31 09:48:00+00:00, run_after=2026-05-31 09:50:00+00:00
[2026-05-31T09:51:13.867+0000] {processor.py:208} INFO - Processing /opt/airflow/dags/health_check_kafka_server.py took 0.073 seconds
[2026-05-31T09:51:43.926+0000] {processor.py:186} INFO - Started process (PID=15910) to work on /opt/airflow/dags/health_check_kafka_server.py
[2026-05-31T09:51:43.927+0000] {processor.py:914} INFO - Processing file /opt/airflow/dags/health_check_kafka_server.py for tasks to queue
[2026-05-31T09:51:43.929+0000] {logging_mixin.py:190} INFO - [2026-05-31T09:51:43.928+0000] {dagbag.py:588} INFO - Filling up the DagBag from /opt/airflow/dags/health_check_kafka_server.py
[2026-05-31T09:51:43.937+0000] {processor.py:925} INFO - DAG(s) 'health_check_kafka_server' retrieved from /opt/airflow/dags/health_check_kafka_server.py
[2026-05-31T09:51:43.957+0000] {logging_mixin.py:190} INFO - [2026-05-31T09:51:43.957+0000] {dag.py:3239} INFO - Sync 1 DAGs
[2026-05-31T09:51:43.978+0000] {logging_mixin.py:190} INFO - [2026-05-31T09:51:43.978+0000] {dag.py:4180} INFO - Setting next_dagrun for health_check_kafka_server to 2026-05-31 09:48:00+00:00, run_after=2026-05-31 09:50:00+00:00
[2026-05-31T09:51:43.993+0000] {processor.py:208} INFO - Processing /opt/airflow/dags/health_check_kafka_server.py took 0.072 seconds
[2026-05-31T09:52:14.175+0000] {processor.py:186} INFO - Started process (PID=15933) to work on /opt/airflow/dags/health_check_kafka_server.py
[2026-05-31T09:52:14.177+0000] {processor.py:914} INFO - Processing file /opt/airflow/dags/health_check_kafka_server.py for tasks to queue
[2026-05-31T09:52:14.181+0000] {logging_mixin.py:190} INFO - [2026-05-31T09:52:14.181+0000] {dagbag.py:588} INFO - Filling up the DagBag from /opt/airflow/dags/health_check_kafka_server.py
[2026-05-31T09:52:14.195+0000] {processor.py:925} INFO - DAG(s) 'health_check_kafka_server' retrieved from /opt/airflow/dags/health_check_kafka_server.py
[2026-05-31T09:52:14.217+0000] {logging_mixin.py:190} INFO - [2026-05-31T09:52:14.217+0000] {dag.py:3239} INFO - Sync 1 DAGs
[2026-05-31T09:52:14.242+0000] {logging_mixin.py:190} INFO - [2026-05-31T09:52:14.242+0000] {dag.py:4180} INFO - Setting next_dagrun for health_check_kafka_server to 2026-05-31 09:50:00+00:00, run_after=2026-05-31 09:52:00+00:00
[2026-05-31T09:52:14.257+0000] {processor.py:208} INFO - Processing /opt/airflow/dags/health_check_kafka_server.py took 0.099 seconds
[2026-05-31T09:52:45.108+0000] {processor.py:186} INFO - Started process (PID=15952) to work on /opt/airflow/dags/health_check_kafka_server.py
[2026-05-31T09:52:45.109+0000] {processor.py:914} INFO - Processing file /opt/airflow/dags/health_check_kafka_server.py for tasks to queue
[2026-05-31T09:52:45.111+0000] {logging_mixin.py:190} INFO - [2026-05-31T09:52:45.111+0000] {dagbag.py:588} INFO - Filling up the DagBag from /opt/airflow/dags/health_check_kafka_server.py
[2026-05-31T09:52:45.124+0000] {processor.py:925} INFO - DAG(s) 'health_check_kafka_server' retrieved from /opt/airflow/dags/health_check_kafka_server.py
[2026-05-31T09:52:45.146+0000] {logging_mixin.py:190} INFO - [2026-05-31T09:52:45.146+0000] {dag.py:3239} INFO - Sync 1 DAGs
[2026-05-31T09:52:45.172+0000] {logging_mixin.py:190} INFO - [2026-05-31T09:52:45.171+0000] {dag.py:4180} INFO - Setting next_dagrun for health_check_kafka_server to 2026-05-31 09:50:00+00:00, run_after=2026-05-31 09:52:00+00:00
[2026-05-31T09:52:45.188+0000] {processor.py:208} INFO - Processing /opt/airflow/dags/health_check_kafka_server.py took 0.091 seconds
[2026-05-31T09:53:15.352+0000] {processor.py:186} INFO - Started process (PID=15975) to work on /opt/airflow/dags/health_check_kafka_server.py
[2026-05-31T09:53:15.353+0000] {processor.py:914} INFO - Processing file /opt/airflow/dags/health_check_kafka_server.py for tasks to queue
[2026-05-31T09:53:15.354+0000] {logging_mixin.py:190} INFO - [2026-05-31T09:53:15.354+0000] {dagbag.py:588} INFO - Filling up the DagBag from /opt/airflow/dags/health_check_kafka_server.py
[2026-05-31T09:53:15.362+0000] {processor.py:925} INFO - DAG(s) 'health_check_kafka_server' retrieved from /opt/airflow/dags/health_check_kafka_server.py
[2026-05-31T09:53:15.382+0000] {logging_mixin.py:190} INFO - [2026-05-31T09:53:15.382+0000] {dag.py:3239} INFO - Sync 1 DAGs
[2026-05-31T09:53:15.402+0000] {logging_mixin.py:190} INFO - [2026-05-31T09:53:15.402+0000] {dag.py:4180} INFO - Setting next_dagrun for health_check_kafka_server to 2026-05-31 09:50:00+00:00, run_after=2026-05-31 09:52:00+00:00
[2026-05-31T09:53:15.416+0000] {processor.py:208} INFO - Processing /opt/airflow/dags/health_check_kafka_server.py took 0.070 seconds
[2026-05-31T09:53:45.515+0000] {processor.py:186} INFO - Started process (PID=15999) to work on /opt/airflow/dags/health_check_kafka_server.py
[2026-05-31T09:53:45.515+0000] {processor.py:914} INFO - Processing file /opt/airflow/dags/health_check_kafka_server.py for tasks to queue
[2026-05-31T09:53:45.517+0000] {logging_mixin.py:190} INFO - [2026-05-31T09:53:45.517+0000] {dagbag.py:588} INFO - Filling up the DagBag from /opt/airflow/dags/health_check_kafka_server.py
[2026-05-31T09:53:45.525+0000] {processor.py:925} INFO - DAG(s) 'health_check_kafka_server' retrieved from /opt/airflow/dags/health_check_kafka_server.py
[2026-05-31T09:53:45.544+0000] {logging_mixin.py:190} INFO - [2026-05-31T09:53:45.544+0000] {dag.py:3239} INFO - Sync 1 DAGs
[2026-05-31T09:53:45.564+0000] {logging_mixin.py:190} INFO - [2026-05-31T09:53:45.564+0000] {dag.py:4180} INFO - Setting next_dagrun for health_check_kafka_server to 2026-05-31 09:50:00+00:00, run_after=2026-05-31 09:52:00+00:00
[2026-05-31T09:53:45.578+0000] {processor.py:208} INFO - Processing /opt/airflow/dags/health_check_kafka_server.py took 0.068 seconds
[2026-05-31T09:54:15.950+0000] {processor.py:186} INFO - Started process (PID=16024) to work on /opt/airflow/dags/health_check_kafka_server.py
[2026-05-31T09:54:15.951+0000] {processor.py:914} INFO - Processing file /opt/airflow/dags/health_check_kafka_server.py for tasks to queue
[2026-05-31T09:54:15.953+0000] {logging_mixin.py:190} INFO - [2026-05-31T09:54:15.952+0000] {dagbag.py:588} INFO - Filling up the DagBag from /opt/airflow/dags/health_check_kafka_server.py
[2026-05-31T09:54:15.961+0000] {processor.py:925} INFO - DAG(s) 'health_check_kafka_server' retrieved from /opt/airflow/dags/health_check_kafka_server.py
[2026-05-31T09:54:15.982+0000] {logging_mixin.py:190} INFO - [2026-05-31T09:54:15.982+0000] {dag.py:3239} INFO - Sync 1 DAGs
[2026-05-31T09:54:16.002+0000] {logging_mixin.py:190} INFO - [2026-05-31T09:54:16.002+0000] {dag.py:4180} INFO - Setting next_dagrun for health_check_kafka_server to 2026-05-31 09:52:00+00:00, run_after=2026-05-31 09:54:00+00:00
[2026-05-31T09:54:16.017+0000] {processor.py:208} INFO - Processing /opt/airflow/dags/health_check_kafka_server.py took 0.071 seconds
[2026-05-31T09:54:46.282+0000] {processor.py:186} INFO - Started process (PID=16048) to work on /opt/airflow/dags/health_check_kafka_server.py
[2026-05-31T09:54:46.282+0000] {processor.py:914} INFO - Processing file /opt/airflow/dags/health_check_kafka_server.py for tasks to queue
[2026-05-31T09:54:46.284+0000] {logging_mixin.py:190} INFO - [2026-05-31T09:54:46.284+0000] {dagbag.py:588} INFO - Filling up the DagBag from /opt/airflow/dags/health_check_kafka_server.py
[2026-05-31T09:54:46.292+0000] {processor.py:925} INFO - DAG(s) 'health_check_kafka_server' retrieved from /opt/airflow/dags/health_check_kafka_server.py
[2026-05-31T09:54:46.316+0000] {logging_mixin.py:190} INFO - [2026-05-31T09:54:46.316+0000] {dag.py:3239} INFO - Sync 1 DAGs
[2026-05-31T09:54:46.345+0000] {logging_mixin.py:190} INFO - [2026-05-31T09:54:46.344+0000] {dag.py:4180} INFO - Setting next_dagrun for health_check_kafka_server to 2026-05-31 09:52:00+00:00, run_after=2026-05-31 09:54:00+00:00
[2026-05-31T09:54:46.359+0000] {processor.py:208} INFO - Processing /opt/airflow/dags/health_check_kafka_server.py took 0.083 seconds
[2026-05-31T09:55:16.537+0000] {processor.py:186} INFO - Started process (PID=16073) to work on /opt/airflow/dags/health_check_kafka_server.py
[2026-05-31T09:55:16.539+0000] {processor.py:914} INFO - Processing file /opt/airflow/dags/health_check_kafka_server.py for tasks to queue
[2026-05-31T09:55:16.542+0000] {logging_mixin.py:190} INFO - [2026-05-31T09:55:16.541+0000] {dagbag.py:588} INFO - Filling up the DagBag from /opt/airflow/dags/health_check_kafka_server.py
[2026-05-31T09:55:16.553+0000] {processor.py:925} INFO - DAG(s) 'health_check_kafka_server' retrieved from /opt/airflow/dags/health_check_kafka_server.py
[2026-05-31T09:55:16.576+0000] {logging_mixin.py:190} INFO - [2026-05-31T09:55:16.576+0000] {dag.py:3239} INFO - Sync 1 DAGs
[2026-05-31T09:55:16.599+0000] {logging_mixin.py:190} INFO - [2026-05-31T09:55:16.599+0000] {dag.py:4180} INFO - Setting next_dagrun for health_check_kafka_server to 2026-05-31 09:52:00+00:00, run_after=2026-05-31 09:54:00+00:00
[2026-05-31T09:55:16.617+0000] {processor.py:208} INFO - Processing /opt/airflow/dags/health_check_kafka_server.py took 0.090 seconds
[2026-05-31T09:55:47.366+0000] {processor.py:186} INFO - Started process (PID=16097) to work on /opt/airflow/dags/health_check_kafka_server.py
[2026-05-31T09:55:47.367+0000] {processor.py:914} INFO - Processing file /opt/airflow/dags/health_check_kafka_server.py for tasks to queue
[2026-05-31T09:55:47.369+0000] {logging_mixin.py:190} INFO - [2026-05-31T09:55:47.369+0000] {dagbag.py:588} INFO - Filling up the DagBag from /opt/airflow/dags/health_check_kafka_server.py
[2026-05-31T09:55:47.378+0000] {processor.py:925} INFO - DAG(s) 'health_check_kafka_server' retrieved from /opt/airflow/dags/health_check_kafka_server.py
[2026-05-31T09:55:47.410+0000] {logging_mixin.py:190} INFO - [2026-05-31T09:55:47.410+0000] {dag.py:3239} INFO - Sync 1 DAGs
[2026-05-31T09:55:47.438+0000] {logging_mixin.py:190} INFO - [2026-05-31T09:55:47.438+0000] {dag.py:4180} INFO - Setting next_dagrun for health_check_kafka_server to 2026-05-31 09:52:00+00:00, run_after=2026-05-31 09:54:00+00:00
[2026-05-31T09:55:47.459+0000] {processor.py:208} INFO - Processing /opt/airflow/dags/health_check_kafka_server.py took 0.104 seconds
[2026-05-31T09:56:18.336+0000] {processor.py:186} INFO - Started process (PID=16121) to work on /opt/airflow/dags/health_check_kafka_server.py
[2026-05-31T09:56:18.338+0000] {processor.py:914} INFO - Processing file /opt/airflow/dags/health_check_kafka_server.py for tasks to queue
[2026-05-31T09:56:18.339+0000] {logging_mixin.py:190} INFO - [2026-05-31T09:56:18.339+0000] {dagbag.py:588} INFO - Filling up the DagBag from /opt/airflow/dags/health_check_kafka_server.py
[2026-05-31T09:56:18.348+0000] {processor.py:925} INFO - DAG(s) 'health_check_kafka_server' retrieved from /opt/airflow/dags/health_check_kafka_server.py
[2026-05-31T09:56:18.365+0000] {logging_mixin.py:190} INFO - [2026-05-31T09:56:18.365+0000] {dag.py:3239} INFO - Sync 1 DAGs
[2026-05-31T09:56:18.387+0000] {logging_mixin.py:190} INFO - [2026-05-31T09:56:18.386+0000] {dag.py:4180} INFO - Setting next_dagrun for health_check_kafka_server to 2026-05-31 09:54:00+00:00, run_after=2026-05-31 09:56:00+00:00
[2026-05-31T09:56:18.400+0000] {processor.py:208} INFO - Processing /opt/airflow/dags/health_check_kafka_server.py took 0.072 seconds
[2026-05-31T09:56:49.285+0000] {processor.py:186} INFO - Started process (PID=16144) to work on /opt/airflow/dags/health_check_kafka_server.py
[2026-05-31T09:56:49.286+0000] {processor.py:914} INFO - Processing file /opt/airflow/dags/health_check_kafka_server.py for tasks to queue
[2026-05-31T09:56:49.287+0000] {logging_mixin.py:190} INFO - [2026-05-31T09:56:49.287+0000] {dagbag.py:588} INFO - Filling up the DagBag from /opt/airflow/dags/health_check_kafka_server.py
[2026-05-31T09:56:49.296+0000] {processor.py:925} INFO - DAG(s) 'health_check_kafka_server' retrieved from /opt/airflow/dags/health_check_kafka_server.py
[2026-05-31T09:56:49.317+0000] {logging_mixin.py:190} INFO - [2026-05-31T09:56:49.317+0000] {dag.py:3239} INFO - Sync 1 DAGs
[2026-05-31T09:56:49.339+0000] {logging_mixin.py:190} INFO - [2026-05-31T09:56:49.338+0000] {dag.py:4180} INFO - Setting next_dagrun for health_check_kafka_server to 2026-05-31 09:54:00+00:00, run_after=2026-05-31 09:56:00+00:00
[2026-05-31T09:56:49.357+0000] {processor.py:208} INFO - Processing /opt/airflow/dags/health_check_kafka_server.py took 0.077 seconds
[2026-05-31T09:57:19.875+0000] {processor.py:186} INFO - Started process (PID=16168) to work on /opt/airflow/dags/health_check_kafka_server.py
[2026-05-31T09:57:19.876+0000] {processor.py:914} INFO - Processing file /opt/airflow/dags/health_check_kafka_server.py for tasks to queue
[2026-05-31T09:57:19.877+0000] {logging_mixin.py:190} INFO - [2026-05-31T09:57:19.877+0000] {dagbag.py:588} INFO - Filling up the DagBag from /opt/airflow/dags/health_check_kafka_server.py
[2026-05-31T09:57:19.885+0000] {processor.py:925} INFO - DAG(s) 'health_check_kafka_server' retrieved from /opt/airflow/dags/health_check_kafka_server.py
[2026-05-31T09:57:19.903+0000] {logging_mixin.py:190} INFO - [2026-05-31T09:57:19.903+0000] {dag.py:3239} INFO - Sync 1 DAGs
[2026-05-31T09:57:19.924+0000] {logging_mixin.py:190} INFO - [2026-05-31T09:57:19.924+0000] {dag.py:4180} INFO - Setting next_dagrun for health_check_kafka_server to 2026-05-31 09:54:00+00:00, run_after=2026-05-31 09:56:00+00:00
[2026-05-31T09:57:19.937+0000] {processor.py:208} INFO - Processing /opt/airflow/dags/health_check_kafka_server.py took 0.068 seconds
[2026-05-31T09:57:50.076+0000] {processor.py:186} INFO - Started process (PID=16192) to work on /opt/airflow/dags/health_check_kafka_server.py
[2026-05-31T09:57:50.077+0000] {processor.py:914} INFO - Processing file /opt/airflow/dags/health_check_kafka_server.py for tasks to queue
[2026-05-31T09:57:50.079+0000] {logging_mixin.py:190} INFO - [2026-05-31T09:57:50.079+0000] {dagbag.py:588} INFO - Filling up the DagBag from /opt/airflow/dags/health_check_kafka_server.py
[2026-05-31T09:57:50.087+0000] {processor.py:925} INFO - DAG(s) 'health_check_kafka_server' retrieved from /opt/airflow/dags/health_check_kafka_server.py
[2026-05-31T09:57:50.105+0000] {logging_mixin.py:190} INFO - [2026-05-31T09:57:50.105+0000] {dag.py:3239} INFO - Sync 1 DAGs
[2026-05-31T09:57:50.124+0000] {logging_mixin.py:190} INFO - [2026-05-31T09:57:50.124+0000] {dag.py:4180} INFO - Setting next_dagrun for health_check_kafka_server to 2026-05-31 09:54:00+00:00, run_after=2026-05-31 09:56:00+00:00
[2026-05-31T09:57:50.138+0000] {processor.py:208} INFO - Processing /opt/airflow/dags/health_check_kafka_server.py took 0.066 seconds
[2026-05-31T09:58:20.866+0000] {processor.py:186} INFO - Started process (PID=16215) to work on /opt/airflow/dags/health_check_kafka_server.py
[2026-05-31T09:58:20.867+0000] {processor.py:914} INFO - Processing file /opt/airflow/dags/health_check_kafka_server.py for tasks to queue
[2026-05-31T09:58:20.869+0000] {logging_mixin.py:190} INFO - [2026-05-31T09:58:20.869+0000] {dagbag.py:588} INFO - Filling up the DagBag from /opt/airflow/dags/health_check_kafka_server.py
[2026-05-31T09:58:20.877+0000] {processor.py:925} INFO - DAG(s) 'health_check_kafka_server' retrieved from /opt/airflow/dags/health_check_kafka_server.py
[2026-05-31T09:58:20.900+0000] {logging_mixin.py:190} INFO - [2026-05-31T09:58:20.900+0000] {dag.py:3239} INFO - Sync 1 DAGs
[2026-05-31T09:58:20.922+0000] {logging_mixin.py:190} INFO - [2026-05-31T09:58:20.922+0000] {dag.py:4180} INFO - Setting next_dagrun for health_check_kafka_server to 2026-05-31 09:56:00+00:00, run_after=2026-05-31 09:58:00+00:00
[2026-05-31T09:58:20.937+0000] {processor.py:208} INFO - Processing /opt/airflow/dags/health_check_kafka_server.py took 0.075 seconds
[2026-05-31T09:58:51.036+0000] {processor.py:186} INFO - Started process (PID=16240) to work on /opt/airflow/dags/health_check_kafka_server.py
[2026-05-31T09:58:51.037+0000] {processor.py:914} INFO - Processing file /opt/airflow/dags/health_check_kafka_server.py for tasks to queue
[2026-05-31T09:58:51.039+0000] {logging_mixin.py:190} INFO - [2026-05-31T09:58:51.038+0000] {dagbag.py:588} INFO - Filling up the DagBag from /opt/airflow/dags/health_check_kafka_server.py
[2026-05-31T09:58:51.048+0000] {processor.py:925} INFO - DAG(s) 'health_check_kafka_server' retrieved from /opt/airflow/dags/health_check_kafka_server.py
[2026-05-31T09:58:51.067+0000] {logging_mixin.py:190} INFO - [2026-05-31T09:58:51.067+0000] {dag.py:3239} INFO - Sync 1 DAGs
[2026-05-31T09:58:51.088+0000] {logging_mixin.py:190} INFO - [2026-05-31T09:58:51.088+0000] {dag.py:4180} INFO - Setting next_dagrun for health_check_kafka_server to 2026-05-31 09:56:00+00:00, run_after=2026-05-31 09:58:00+00:00
[2026-05-31T09:58:51.102+0000] {processor.py:208} INFO - Processing /opt/airflow/dags/health_check_kafka_server.py took 0.071 seconds
[2026-05-31T09:59:21.898+0000] {processor.py:186} INFO - Started process (PID=16263) to work on /opt/airflow/dags/health_check_kafka_server.py
[2026-05-31T09:59:21.899+0000] {processor.py:914} INFO - Processing file /opt/airflow/dags/health_check_kafka_server.py for tasks to queue
[2026-05-31T09:59:21.902+0000] {logging_mixin.py:190} INFO - [2026-05-31T09:59:21.902+0000] {dagbag.py:588} INFO - Filling up the DagBag from /opt/airflow/dags/health_check_kafka_server.py
[2026-05-31T09:59:21.911+0000] {processor.py:925} INFO - DAG(s) 'health_check_kafka_server' retrieved from /opt/airflow/dags/health_check_kafka_server.py
[2026-05-31T09:59:21.930+0000] {logging_mixin.py:190} INFO - [2026-05-31T09:59:21.930+0000] {dag.py:3239} INFO - Sync 1 DAGs
[2026-05-31T09:59:21.957+0000] {logging_mixin.py:190} INFO - [2026-05-31T09:59:21.957+0000] {dag.py:4180} INFO - Setting next_dagrun for health_check_kafka_server to 2026-05-31 09:56:00+00:00, run_after=2026-05-31 09:58:00+00:00
[2026-05-31T09:59:21.973+0000] {processor.py:208} INFO - Processing /opt/airflow/dags/health_check_kafka_server.py took 0.080 seconds
[2026-05-31T09:59:52.086+0000] {processor.py:186} INFO - Started process (PID=16282) to work on /opt/airflow/dags/health_check_kafka_server.py
[2026-05-31T09:59:52.087+0000] {processor.py:914} INFO - Processing file /opt/airflow/dags/health_check_kafka_server.py for tasks to queue
[2026-05-31T09:59:52.089+0000] {logging_mixin.py:190} INFO - [2026-05-31T09:59:52.089+0000] {dagbag.py:588} INFO - Filling up the DagBag from /opt/airflow/dags/health_check_kafka_server.py
[2026-05-31T09:59:52.097+0000] {processor.py:925} INFO - DAG(s) 'health_check_kafka_server' retrieved from /opt/airflow/dags/health_check_kafka_server.py
[2026-05-31T09:59:52.117+0000] {logging_mixin.py:190} INFO - [2026-05-31T09:59:52.116+0000] {dag.py:3239} INFO - Sync 1 DAGs
[2026-05-31T09:59:52.135+0000] {logging_mixin.py:190} INFO - [2026-05-31T09:59:52.135+0000] {dag.py:4180} INFO - Setting next_dagrun for health_check_kafka_server to 2026-05-31 09:56:00+00:00, run_after=2026-05-31 09:58:00+00:00
[2026-05-31T09:59:52.149+0000] {processor.py:208} INFO - Processing /opt/airflow/dags/health_check_kafka_server.py took 0.068 seconds
[2026-05-31T10:00:22.265+0000] {processor.py:186} INFO - Started process (PID=16306) to work on /opt/airflow/dags/health_check_kafka_server.py
[2026-05-31T10:00:22.266+0000] {processor.py:914} INFO - Processing file /opt/airflow/dags/health_check_kafka_server.py for tasks to queue
[2026-05-31T10:00:22.268+0000] {logging_mixin.py:190} INFO - [2026-05-31T10:00:22.268+0000] {dagbag.py:588} INFO - Filling up the DagBag from /opt/airflow/dags/health_check_kafka_server.py
[2026-05-31T10:00:22.276+0000] {processor.py:925} INFO - DAG(s) 'health_check_kafka_server' retrieved from /opt/airflow/dags/health_check_kafka_server.py
[2026-05-31T10:00:22.297+0000] {logging_mixin.py:190} INFO - [2026-05-31T10:00:22.297+0000] {dag.py:3239} INFO - Sync 1 DAGs
[2026-05-31T10:00:22.322+0000] {logging_mixin.py:190} INFO - [2026-05-31T10:00:22.322+0000] {dag.py:4180} INFO - Setting next_dagrun for health_check_kafka_server to 2026-05-31 09:58:00+00:00, run_after=2026-05-31 10:00:00+00:00
[2026-05-31T10:00:22.337+0000] {processor.py:208} INFO - Processing /opt/airflow/dags/health_check_kafka_server.py took 0.078 seconds
[2026-05-31T10:00:52.475+0000] {processor.py:186} INFO - Started process (PID=16330) to work on /opt/airflow/dags/health_check_kafka_server.py
[2026-05-31T10:00:52.476+0000] {processor.py:914} INFO - Processing file /opt/airflow/dags/health_check_kafka_server.py for tasks to queue
[2026-05-31T10:00:52.479+0000] {logging_mixin.py:190} INFO - [2026-05-31T10:00:52.479+0000] {dagbag.py:588} INFO - Filling up the DagBag from /opt/airflow/dags/health_check_kafka_server.py
[2026-05-31T10:00:52.488+0000] {processor.py:925} INFO - DAG(s) 'health_check_kafka_server' retrieved from /opt/airflow/dags/health_check_kafka_server.py
[2026-05-31T10:00:52.507+0000] {logging_mixin.py:190} INFO - [2026-05-31T10:00:52.507+0000] {dag.py:3239} INFO - Sync 1 DAGs
[2026-05-31T10:00:52.528+0000] {logging_mixin.py:190} INFO - [2026-05-31T10:00:52.527+0000] {dag.py:4180} INFO - Setting next_dagrun for health_check_kafka_server to 2026-05-31 09:58:00+00:00, run_after=2026-05-31 10:00:00+00:00
[2026-05-31T10:00:52.546+0000] {processor.py:208} INFO - Processing /opt/airflow/dags/health_check_kafka_server.py took 0.078 seconds
[2026-05-31T10:01:23.481+0000] {processor.py:186} INFO - Started process (PID=16354) to work on /opt/airflow/dags/health_check_kafka_server.py
[2026-05-31T10:01:23.482+0000] {processor.py:914} INFO - Processing file /opt/airflow/dags/health_check_kafka_server.py for tasks to queue
[2026-05-31T10:01:23.484+0000] {logging_mixin.py:190} INFO - [2026-05-31T10:01:23.484+0000] {dagbag.py:588} INFO - Filling up the DagBag from /opt/airflow/dags/health_check_kafka_server.py
[2026-05-31T10:01:23.492+0000] {processor.py:925} INFO - DAG(s) 'health_check_kafka_server' retrieved from /opt/airflow/dags/health_check_kafka_server.py
[2026-05-31T10:01:23.512+0000] {logging_mixin.py:190} INFO - [2026-05-31T10:01:23.512+0000] {dag.py:3239} INFO - Sync 1 DAGs
[2026-05-31T10:01:23.534+0000] {logging_mixin.py:190} INFO - [2026-05-31T10:01:23.534+0000] {dag.py:4180} INFO - Setting next_dagrun for health_check_kafka_server to 2026-05-31 09:58:00+00:00, run_after=2026-05-31 10:00:00+00:00
[2026-05-31T10:01:23.555+0000] {processor.py:208} INFO - Processing /opt/airflow/dags/health_check_kafka_server.py took 0.079 seconds
[2026-05-31T10:01:53.631+0000] {processor.py:186} INFO - Started process (PID=16379) to work on /opt/airflow/dags/health_check_kafka_server.py
[2026-05-31T10:01:53.632+0000] {processor.py:914} INFO - Processing file /opt/airflow/dags/health_check_kafka_server.py for tasks to queue
[2026-05-31T10:01:53.634+0000] {logging_mixin.py:190} INFO - [2026-05-31T10:01:53.634+0000] {dagbag.py:588} INFO - Filling up the DagBag from /opt/airflow/dags/health_check_kafka_server.py
[2026-05-31T10:01:53.642+0000] {processor.py:925} INFO - DAG(s) 'health_check_kafka_server' retrieved from /opt/airflow/dags/health_check_kafka_server.py
[2026-05-31T10:01:53.665+0000] {logging_mixin.py:190} INFO - [2026-05-31T10:01:53.664+0000] {dag.py:3239} INFO - Sync 1 DAGs
[2026-05-31T10:01:53.686+0000] {logging_mixin.py:190} INFO - [2026-05-31T10:01:53.686+0000] {dag.py:4180} INFO - Setting next_dagrun for health_check_kafka_server to 2026-05-31 09:58:00+00:00, run_after=2026-05-31 10:00:00+00:00
[2026-05-31T10:01:53.796+0000] {processor.py:208} INFO - Processing /opt/airflow/dags/health_check_kafka_server.py took 0.169 seconds
[2026-05-31T10:02:24.265+0000] {processor.py:186} INFO - Started process (PID=16404) to work on /opt/airflow/dags/health_check_kafka_server.py
[2026-05-31T10:02:24.266+0000] {processor.py:914} INFO - Processing file /opt/airflow/dags/health_check_kafka_server.py for tasks to queue
[2026-05-31T10:02:24.269+0000] {logging_mixin.py:190} INFO - [2026-05-31T10:02:24.269+0000] {dagbag.py:588} INFO - Filling up the DagBag from /opt/airflow/dags/health_check_kafka_server.py
[2026-05-31T10:02:24.279+0000] {processor.py:925} INFO - DAG(s) 'health_check_kafka_server' retrieved from /opt/airflow/dags/health_check_kafka_server.py
[2026-05-31T10:02:24.303+0000] {logging_mixin.py:190} INFO - [2026-05-31T10:02:24.303+0000] {dag.py:3239} INFO - Sync 1 DAGs
[2026-05-31T10:02:24.325+0000] {logging_mixin.py:190} INFO - [2026-05-31T10:02:24.325+0000] {dag.py:4180} INFO - Setting next_dagrun for health_check_kafka_server to 2026-05-31 10:00:00+00:00, run_after=2026-05-31 10:02:00+00:00
[2026-05-31T10:02:24.347+0000] {processor.py:208} INFO - Processing /opt/airflow/dags/health_check_kafka_server.py took 0.087 seconds
[2026-05-31T10:02:55.260+0000] {processor.py:186} INFO - Started process (PID=16428) to work on /opt/airflow/dags/health_check_kafka_server.py
[2026-05-31T10:02:55.261+0000] {processor.py:914} INFO - Processing file /opt/airflow/dags/health_check_kafka_server.py for tasks to queue
[2026-05-31T10:02:55.264+0000] {logging_mixin.py:190} INFO - [2026-05-31T10:02:55.263+0000] {dagbag.py:588} INFO - Filling up the DagBag from /opt/airflow/dags/health_check_kafka_server.py
[2026-05-31T10:02:55.274+0000] {processor.py:925} INFO - DAG(s) 'health_check_kafka_server' retrieved from /opt/airflow/dags/health_check_kafka_server.py
[2026-05-31T10:02:55.295+0000] {logging_mixin.py:190} INFO - [2026-05-31T10:02:55.295+0000] {dag.py:3239} INFO - Sync 1 DAGs
[2026-05-31T10:02:55.317+0000] {logging_mixin.py:190} INFO - [2026-05-31T10:02:55.317+0000] {dag.py:4180} INFO - Setting next_dagrun for health_check_kafka_server to 2026-05-31 10:00:00+00:00, run_after=2026-05-31 10:02:00+00:00
[2026-05-31T10:02:55.338+0000] {processor.py:208} INFO - Processing /opt/airflow/dags/health_check_kafka_server.py took 0.085 seconds
[2026-05-31T10:03:25.780+0000] {processor.py:186} INFO - Started process (PID=16452) to work on /opt/airflow/dags/health_check_kafka_server.py
[2026-05-31T10:03:25.782+0000] {processor.py:914} INFO - Processing file /opt/airflow/dags/health_check_kafka_server.py for tasks to queue
[2026-05-31T10:03:25.784+0000] {logging_mixin.py:190} INFO - [2026-05-31T10:03:25.783+0000] {dagbag.py:588} INFO - Filling up the DagBag from /opt/airflow/dags/health_check_kafka_server.py
[2026-05-31T10:03:25.792+0000] {processor.py:925} INFO - DAG(s) 'health_check_kafka_server' retrieved from /opt/airflow/dags/health_check_kafka_server.py
[2026-05-31T10:03:25.813+0000] {logging_mixin.py:190} INFO - [2026-05-31T10:03:25.813+0000] {dag.py:3239} INFO - Sync 1 DAGs
[2026-05-31T10:03:25.836+0000] {logging_mixin.py:190} INFO - [2026-05-31T10:03:25.836+0000] {dag.py:4180} INFO - Setting next_dagrun for health_check_kafka_server to 2026-05-31 10:00:00+00:00, run_after=2026-05-31 10:02:00+00:00
[2026-05-31T10:03:25.864+0000] {processor.py:208} INFO - Processing /opt/airflow/dags/health_check_kafka_server.py took 0.088 seconds
[2026-05-31T10:03:56.263+0000] {processor.py:186} INFO - Started process (PID=16477) to work on /opt/airflow/dags/health_check_kafka_server.py
[2026-05-31T10:03:56.265+0000] {processor.py:914} INFO - Processing file /opt/airflow/dags/health_check_kafka_server.py for tasks to queue
[2026-05-31T10:03:56.267+0000] {logging_mixin.py:190} INFO - [2026-05-31T10:03:56.267+0000] {dagbag.py:588} INFO - Filling up the DagBag from /opt/airflow/dags/health_check_kafka_server.py
[2026-05-31T10:03:56.275+0000] {processor.py:925} INFO - DAG(s) 'health_check_kafka_server' retrieved from /opt/airflow/dags/health_check_kafka_server.py
[2026-05-31T10:03:56.294+0000] {logging_mixin.py:190} INFO - [2026-05-31T10:03:56.294+0000] {dag.py:3239} INFO - Sync 1 DAGs
[2026-05-31T10:03:56.314+0000] {logging_mixin.py:190} INFO - [2026-05-31T10:03:56.314+0000] {dag.py:4180} INFO - Setting next_dagrun for health_check_kafka_server to 2026-05-31 10:00:00+00:00, run_after=2026-05-31 10:02:00+00:00
[2026-05-31T10:03:56.337+0000] {processor.py:208} INFO - Processing /opt/airflow/dags/health_check_kafka_server.py took 0.080 seconds
[2026-05-31T10:04:27.124+0000] {processor.py:186} INFO - Started process (PID=16508) to work on /opt/airflow/dags/health_check_kafka_server.py
[2026-05-31T10:04:27.146+0000] {processor.py:914} INFO - Processing file /opt/airflow/dags/health_check_kafka_server.py for tasks to queue
[2026-05-31T10:04:27.148+0000] {logging_mixin.py:190} INFO - [2026-05-31T10:04:27.148+0000] {dagbag.py:588} INFO - Filling up the DagBag from /opt/airflow/dags/health_check_kafka_server.py
[2026-05-31T10:04:27.157+0000] {processor.py:925} INFO - DAG(s) 'health_check_kafka_server' retrieved from /opt/airflow/dags/health_check_kafka_server.py
[2026-05-31T10:04:27.178+0000] {logging_mixin.py:190} INFO - [2026-05-31T10:04:27.177+0000] {dag.py:3239} INFO - Sync 1 DAGs
[2026-05-31T10:04:27.198+0000] {logging_mixin.py:190} INFO - [2026-05-31T10:04:27.198+0000] {dag.py:4180} INFO - Setting next_dagrun for health_check_kafka_server to 2026-05-31 10:02:00+00:00, run_after=2026-05-31 10:04:00+00:00
[2026-05-31T10:04:27.256+0000] {processor.py:208} INFO - Processing /opt/airflow/dags/health_check_kafka_server.py took 0.138 seconds
[2026-05-31T10:04:57.452+0000] {processor.py:186} INFO - Started process (PID=16532) to work on /opt/airflow/dags/health_check_kafka_server.py
[2026-05-31T10:04:57.453+0000] {processor.py:914} INFO - Processing file /opt/airflow/dags/health_check_kafka_server.py for tasks to queue
[2026-05-31T10:04:57.455+0000] {logging_mixin.py:190} INFO - [2026-05-31T10:04:57.455+0000] {dagbag.py:588} INFO - Filling up the DagBag from /opt/airflow/dags/health_check_kafka_server.py
[2026-05-31T10:04:57.471+0000] {processor.py:925} INFO - DAG(s) 'health_check_kafka_server' retrieved from /opt/airflow/dags/health_check_kafka_server.py
[2026-05-31T10:04:57.493+0000] {logging_mixin.py:190} INFO - [2026-05-31T10:04:57.492+0000] {dag.py:3239} INFO - Sync 1 DAGs
[2026-05-31T10:04:57.513+0000] {logging_mixin.py:190} INFO - [2026-05-31T10:04:57.513+0000] {dag.py:4180} INFO - Setting next_dagrun for health_check_kafka_server to 2026-05-31 10:02:00+00:00, run_after=2026-05-31 10:04:00+00:00
[2026-05-31T10:04:57.536+0000] {processor.py:208} INFO - Processing /opt/airflow/dags/health_check_kafka_server.py took 0.089 seconds
[2026-05-31T10:05:27.670+0000] {processor.py:186} INFO - Started process (PID=16556) to work on /opt/airflow/dags/health_check_kafka_server.py
[2026-05-31T10:05:27.671+0000] {processor.py:914} INFO - Processing file /opt/airflow/dags/health_check_kafka_server.py for tasks to queue
[2026-05-31T10:05:27.674+0000] {logging_mixin.py:190} INFO - [2026-05-31T10:05:27.673+0000] {dagbag.py:588} INFO - Filling up the DagBag from /opt/airflow/dags/health_check_kafka_server.py
[2026-05-31T10:05:27.683+0000] {processor.py:925} INFO - DAG(s) 'health_check_kafka_server' retrieved from /opt/airflow/dags/health_check_kafka_server.py
[2026-05-31T10:05:27.703+0000] {logging_mixin.py:190} INFO - [2026-05-31T10:05:27.703+0000] {dag.py:3239} INFO - Sync 1 DAGs
[2026-05-31T10:05:27.727+0000] {logging_mixin.py:190} INFO - [2026-05-31T10:05:27.727+0000] {dag.py:4180} INFO - Setting next_dagrun for health_check_kafka_server to 2026-05-31 10:02:00+00:00, run_after=2026-05-31 10:04:00+00:00
[2026-05-31T10:05:27.750+0000] {processor.py:208} INFO - Processing /opt/airflow/dags/health_check_kafka_server.py took 0.085 seconds
[2026-05-31T10:05:58.596+0000] {processor.py:186} INFO - Started process (PID=16575) to work on /opt/airflow/dags/health_check_kafka_server.py
[2026-05-31T10:05:58.599+0000] {processor.py:914} INFO - Processing file /opt/airflow/dags/health_check_kafka_server.py for tasks to queue
[2026-05-31T10:05:58.604+0000] {logging_mixin.py:190} INFO - [2026-05-31T10:05:58.603+0000] {dagbag.py:588} INFO - Filling up the DagBag from /opt/airflow/dags/health_check_kafka_server.py
[2026-05-31T10:05:58.625+0000] {processor.py:925} INFO - DAG(s) 'health_check_kafka_server' retrieved from /opt/airflow/dags/health_check_kafka_server.py
[2026-05-31T10:05:58.667+0000] {logging_mixin.py:190} INFO - [2026-05-31T10:05:58.667+0000] {dag.py:3239} INFO - Sync 1 DAGs
[2026-05-31T10:05:58.712+0000] {logging_mixin.py:190} INFO - [2026-05-31T10:05:58.710+0000] {dag.py:4180} INFO - Setting next_dagrun for health_check_kafka_server to 2026-05-31 10:02:00+00:00, run_after=2026-05-31 10:04:00+00:00
[2026-05-31T10:05:58.743+0000] {processor.py:208} INFO - Processing /opt/airflow/dags/health_check_kafka_server.py took 0.163 seconds
[2026-05-31T10:06:29.142+0000] {processor.py:186} INFO - Started process (PID=16599) to work on /opt/airflow/dags/health_check_kafka_server.py
[2026-05-31T10:06:29.144+0000] {processor.py:914} INFO - Processing file /opt/airflow/dags/health_check_kafka_server.py for tasks to queue
[2026-05-31T10:06:29.145+0000] {logging_mixin.py:190} INFO - [2026-05-31T10:06:29.145+0000] {dagbag.py:588} INFO - Filling up the DagBag from /opt/airflow/dags/health_check_kafka_server.py
[2026-05-31T10:06:29.154+0000] {processor.py:925} INFO - DAG(s) 'health_check_kafka_server' retrieved from /opt/airflow/dags/health_check_kafka_server.py
[2026-05-31T10:06:29.173+0000] {logging_mixin.py:190} INFO - [2026-05-31T10:06:29.173+0000] {dag.py:3239} INFO - Sync 1 DAGs
[2026-05-31T10:06:29.192+0000] {logging_mixin.py:190} INFO - [2026-05-31T10:06:29.192+0000] {dag.py:4180} INFO - Setting next_dagrun for health_check_kafka_server to 2026-05-31 10:04:00+00:00, run_after=2026-05-31 10:06:00+00:00
[2026-05-31T10:06:29.205+0000] {processor.py:208} INFO - Processing /opt/airflow/dags/health_check_kafka_server.py took 0.067 seconds
[2026-05-31T10:06:59.318+0000] {processor.py:186} INFO - Started process (PID=16624) to work on /opt/airflow/dags/health_check_kafka_server.py
[2026-05-31T10:06:59.319+0000] {processor.py:914} INFO - Processing file /opt/airflow/dags/health_check_kafka_server.py for tasks to queue
[2026-05-31T10:06:59.324+0000] {logging_mixin.py:190} INFO - [2026-05-31T10:06:59.324+0000] {dagbag.py:588} INFO - Filling up the DagBag from /opt/airflow/dags/health_check_kafka_server.py
[2026-05-31T10:06:59.334+0000] {processor.py:925} INFO - DAG(s) 'health_check_kafka_server' retrieved from /opt/airflow/dags/health_check_kafka_server.py
[2026-05-31T10:06:59.354+0000] {logging_mixin.py:190} INFO - [2026-05-31T10:06:59.354+0000] {dag.py:3239} INFO - Sync 1 DAGs
[2026-05-31T10:06:59.374+0000] {logging_mixin.py:190} INFO - [2026-05-31T10:06:59.374+0000] {dag.py:4180} INFO - Setting next_dagrun for health_check_kafka_server to 2026-05-31 10:04:00+00:00, run_after=2026-05-31 10:06:00+00:00
[2026-05-31T10:06:59.395+0000] {processor.py:208} INFO - Processing /opt/airflow/dags/health_check_kafka_server.py took 0.083 seconds
[2026-05-31T10:07:29.544+0000] {processor.py:186} INFO - Started process (PID=16649) to work on /opt/airflow/dags/health_check_kafka_server.py
[2026-05-31T10:07:29.545+0000] {processor.py:914} INFO - Processing file /opt/airflow/dags/health_check_kafka_server.py for tasks to queue
[2026-05-31T10:07:29.546+0000] {logging_mixin.py:190} INFO - [2026-05-31T10:07:29.546+0000] {dagbag.py:588} INFO - Filling up the DagBag from /opt/airflow/dags/health_check_kafka_server.py
[2026-05-31T10:07:29.555+0000] {processor.py:925} INFO - DAG(s) 'health_check_kafka_server' retrieved from /opt/airflow/dags/health_check_kafka_server.py
[2026-05-31T10:07:29.576+0000] {logging_mixin.py:190} INFO - [2026-05-31T10:07:29.575+0000] {dag.py:3239} INFO - Sync 1 DAGs
[2026-05-31T10:07:29.598+0000] {logging_mixin.py:190} INFO - [2026-05-31T10:07:29.598+0000] {dag.py:4180} INFO - Setting next_dagrun for health_check_kafka_server to 2026-05-31 10:04:00+00:00, run_after=2026-05-31 10:06:00+00:00
[2026-05-31T10:07:29.618+0000] {processor.py:208} INFO - Processing /opt/airflow/dags/health_check_kafka_server.py took 0.079 seconds
[2026-05-31T10:08:00.160+0000] {processor.py:186} INFO - Started process (PID=16673) to work on /opt/airflow/dags/health_check_kafka_server.py
[2026-05-31T10:08:00.161+0000] {processor.py:914} INFO - Processing file /opt/airflow/dags/health_check_kafka_server.py for tasks to queue
[2026-05-31T10:08:00.163+0000] {logging_mixin.py:190} INFO - [2026-05-31T10:08:00.162+0000] {dagbag.py:588} INFO - Filling up the DagBag from /opt/airflow/dags/health_check_kafka_server.py
[2026-05-31T10:08:00.172+0000] {processor.py:925} INFO - DAG(s) 'health_check_kafka_server' retrieved from /opt/airflow/dags/health_check_kafka_server.py
[2026-05-31T10:08:00.192+0000] {logging_mixin.py:190} INFO - [2026-05-31T10:08:00.192+0000] {dag.py:3239} INFO - Sync 1 DAGs
[2026-05-31T10:08:00.213+0000] {logging_mixin.py:190} INFO - [2026-05-31T10:08:00.213+0000] {dag.py:4180} INFO - Setting next_dagrun for health_check_kafka_server to 2026-05-31 10:06:00+00:00, run_after=2026-05-31 10:08:00+00:00
[2026-05-31T10:08:00.230+0000] {processor.py:208} INFO - Processing /opt/airflow/dags/health_check_kafka_server.py took 0.074 seconds
[2026-05-31T10:08:31.087+0000] {processor.py:186} INFO - Started process (PID=16697) to work on /opt/airflow/dags/health_check_kafka_server.py
[2026-05-31T10:08:31.088+0000] {processor.py:914} INFO - Processing file /opt/airflow/dags/health_check_kafka_server.py for tasks to queue
[2026-05-31T10:08:31.089+0000] {logging_mixin.py:190} INFO - [2026-05-31T10:08:31.089+0000] {dagbag.py:588} INFO - Filling up the DagBag from /opt/airflow/dags/health_check_kafka_server.py
[2026-05-31T10:08:31.098+0000] {processor.py:925} INFO - DAG(s) 'health_check_kafka_server' retrieved from /opt/airflow/dags/health_check_kafka_server.py
[2026-05-31T10:08:31.119+0000] {logging_mixin.py:190} INFO - [2026-05-31T10:08:31.118+0000] {dag.py:3239} INFO - Sync 1 DAGs
[2026-05-31T10:08:31.139+0000] {logging_mixin.py:190} INFO - [2026-05-31T10:08:31.139+0000] {dag.py:4180} INFO - Setting next_dagrun for health_check_kafka_server to 2026-05-31 10:06:00+00:00, run_after=2026-05-31 10:08:00+00:00
[2026-05-31T10:08:31.157+0000] {processor.py:208} INFO - Processing /opt/airflow/dags/health_check_kafka_server.py took 0.075 seconds
[2026-05-31T10:09:02.147+0000] {processor.py:186} INFO - Started process (PID=16721) to work on /opt/airflow/dags/health_check_kafka_server.py
[2026-05-31T10:09:02.148+0000] {processor.py:914} INFO - Processing file /opt/airflow/dags/health_check_kafka_server.py for tasks to queue
[2026-05-31T10:09:02.150+0000] {logging_mixin.py:190} INFO - [2026-05-31T10:09:02.149+0000] {dagbag.py:588} INFO - Filling up the DagBag from /opt/airflow/dags/health_check_kafka_server.py
[2026-05-31T10:09:02.158+0000] {processor.py:925} INFO - DAG(s) 'health_check_kafka_server' retrieved from /opt/airflow/dags/health_check_kafka_server.py
[2026-05-31T10:09:02.179+0000] {logging_mixin.py:190} INFO - [2026-05-31T10:09:02.179+0000] {dag.py:3239} INFO - Sync 1 DAGs
[2026-05-31T10:09:02.201+0000] {logging_mixin.py:190} INFO - [2026-05-31T10:09:02.201+0000] {dag.py:4180} INFO - Setting next_dagrun for health_check_kafka_server to 2026-05-31 10:06:00+00:00, run_after=2026-05-31 10:08:00+00:00
[2026-05-31T10:09:02.215+0000] {processor.py:208} INFO - Processing /opt/airflow/dags/health_check_kafka_server.py took 0.073 seconds
[2026-05-31T10:09:33.133+0000] {processor.py:186} INFO - Started process (PID=16746) to work on /opt/airflow/dags/health_check_kafka_server.py
[2026-05-31T10:09:33.135+0000] {processor.py:914} INFO - Processing file /opt/airflow/dags/health_check_kafka_server.py for tasks to queue
[2026-05-31T10:09:33.137+0000] {logging_mixin.py:190} INFO - [2026-05-31T10:09:33.137+0000] {dagbag.py:588} INFO - Filling up the DagBag from /opt/airflow/dags/health_check_kafka_server.py
[2026-05-31T10:09:33.146+0000] {processor.py:925} INFO - DAG(s) 'health_check_kafka_server' retrieved from /opt/airflow/dags/health_check_kafka_server.py
[2026-05-31T10:09:33.165+0000] {logging_mixin.py:190} INFO - [2026-05-31T10:09:33.165+0000] {dag.py:3239} INFO - Sync 1 DAGs
[2026-05-31T10:09:33.184+0000] {logging_mixin.py:190} INFO - [2026-05-31T10:09:33.184+0000] {dag.py:4180} INFO - Setting next_dagrun for health_check_kafka_server to 2026-05-31 10:06:00+00:00, run_after=2026-05-31 10:08:00+00:00
[2026-05-31T10:09:33.199+0000] {processor.py:208} INFO - Processing /opt/airflow/dags/health_check_kafka_server.py took 0.072 seconds
[2026-05-31T10:10:03.534+0000] {processor.py:186} INFO - Started process (PID=16770) to work on /opt/airflow/dags/health_check_kafka_server.py
[2026-05-31T10:10:03.535+0000] {processor.py:914} INFO - Processing file /opt/airflow/dags/health_check_kafka_server.py for tasks to queue
[2026-05-31T10:10:03.537+0000] {logging_mixin.py:190} INFO - [2026-05-31T10:10:03.536+0000] {dagbag.py:588} INFO - Filling up the DagBag from /opt/airflow/dags/health_check_kafka_server.py
[2026-05-31T10:10:03.545+0000] {processor.py:925} INFO - DAG(s) 'health_check_kafka_server' retrieved from /opt/airflow/dags/health_check_kafka_server.py
[2026-05-31T10:10:03.563+0000] {logging_mixin.py:190} INFO - [2026-05-31T10:10:03.563+0000] {dag.py:3239} INFO - Sync 1 DAGs
[2026-05-31T10:10:03.582+0000] {logging_mixin.py:190} INFO - [2026-05-31T10:10:03.582+0000] {dag.py:4180} INFO - Setting next_dagrun for health_check_kafka_server to 2026-05-31 10:08:00+00:00, run_after=2026-05-31 10:10:00+00:00
[2026-05-31T10:10:03.598+0000] {processor.py:208} INFO - Processing /opt/airflow/dags/health_check_kafka_server.py took 0.069 seconds
[2026-05-31T10:10:34.333+0000] {processor.py:186} INFO - Started process (PID=16793) to work on /opt/airflow/dags/health_check_kafka_server.py
[2026-05-31T10:10:34.337+0000] {processor.py:914} INFO - Processing file /opt/airflow/dags/health_check_kafka_server.py for tasks to queue
[2026-05-31T10:10:34.342+0000] {logging_mixin.py:190} INFO - [2026-05-31T10:10:34.341+0000] {dagbag.py:588} INFO - Filling up the DagBag from /opt/airflow/dags/health_check_kafka_server.py
[2026-05-31T10:10:34.364+0000] {processor.py:925} INFO - DAG(s) 'health_check_kafka_server' retrieved from /opt/airflow/dags/health_check_kafka_server.py
[2026-05-31T10:10:34.408+0000] {logging_mixin.py:190} INFO - [2026-05-31T10:10:34.408+0000] {dag.py:3239} INFO - Sync 1 DAGs
[2026-05-31T10:10:34.453+0000] {logging_mixin.py:190} INFO - [2026-05-31T10:10:34.453+0000] {dag.py:4180} INFO - Setting next_dagrun for health_check_kafka_server to 2026-05-31 10:08:00+00:00, run_after=2026-05-31 10:10:00+00:00
[2026-05-31T10:10:34.488+0000] {processor.py:208} INFO - Processing /opt/airflow/dags/health_check_kafka_server.py took 0.173 seconds
[2026-05-31T10:11:04.841+0000] {processor.py:186} INFO - Started process (PID=16817) to work on /opt/airflow/dags/health_check_kafka_server.py
[2026-05-31T10:11:04.841+0000] {processor.py:914} INFO - Processing file /opt/airflow/dags/health_check_kafka_server.py for tasks to queue
[2026-05-31T10:11:04.844+0000] {logging_mixin.py:190} INFO - [2026-05-31T10:11:04.843+0000] {dagbag.py:588} INFO - Filling up the DagBag from /opt/airflow/dags/health_check_kafka_server.py
[2026-05-31T10:11:04.853+0000] {processor.py:925} INFO - DAG(s) 'health_check_kafka_server' retrieved from /opt/airflow/dags/health_check_kafka_server.py
[2026-05-31T10:11:04.874+0000] {logging_mixin.py:190} INFO - [2026-05-31T10:11:04.873+0000] {dag.py:3239} INFO - Sync 1 DAGs
[2026-05-31T10:11:04.901+0000] {logging_mixin.py:190} INFO - [2026-05-31T10:11:04.901+0000] {dag.py:4180} INFO - Setting next_dagrun for health_check_kafka_server to 2026-05-31 10:08:00+00:00, run_after=2026-05-31 10:10:00+00:00
[2026-05-31T10:11:04.920+0000] {processor.py:208} INFO - Processing /opt/airflow/dags/health_check_kafka_server.py took 0.087 seconds
[2026-05-31T10:11:35.236+0000] {processor.py:186} INFO - Started process (PID=16840) to work on /opt/airflow/dags/health_check_kafka_server.py
[2026-05-31T10:11:35.237+0000] {processor.py:914} INFO - Processing file /opt/airflow/dags/health_check_kafka_server.py for tasks to queue
[2026-05-31T10:11:35.239+0000] {logging_mixin.py:190} INFO - [2026-05-31T10:11:35.239+0000] {dagbag.py:588} INFO - Filling up the DagBag from /opt/airflow/dags/health_check_kafka_server.py
[2026-05-31T10:11:35.248+0000] {processor.py:925} INFO - DAG(s) 'health_check_kafka_server' retrieved from /opt/airflow/dags/health_check_kafka_server.py
[2026-05-31T10:11:35.266+0000] {logging_mixin.py:190} INFO - [2026-05-31T10:11:35.265+0000] {dag.py:3239} INFO - Sync 1 DAGs
[2026-05-31T10:11:35.286+0000] {logging_mixin.py:190} INFO - [2026-05-31T10:11:35.286+0000] {dag.py:4180} INFO - Setting next_dagrun for health_check_kafka_server to 2026-05-31 10:08:00+00:00, run_after=2026-05-31 10:10:00+00:00
[2026-05-31T10:11:35.299+0000] {processor.py:208} INFO - Processing /opt/airflow/dags/health_check_kafka_server.py took 0.067 seconds
[2026-05-31T10:12:06.368+0000] {processor.py:186} INFO - Started process (PID=16866) to work on /opt/airflow/dags/health_check_kafka_server.py
[2026-05-31T10:12:06.369+0000] {processor.py:914} INFO - Processing file /opt/airflow/dags/health_check_kafka_server.py for tasks to queue
[2026-05-31T10:12:06.371+0000] {logging_mixin.py:190} INFO - [2026-05-31T10:12:06.371+0000] {dagbag.py:588} INFO - Filling up the DagBag from /opt/airflow/dags/health_check_kafka_server.py
[2026-05-31T10:12:06.379+0000] {processor.py:925} INFO - DAG(s) 'health_check_kafka_server' retrieved from /opt/airflow/dags/health_check_kafka_server.py
[2026-05-31T10:12:06.400+0000] {logging_mixin.py:190} INFO - [2026-05-31T10:12:06.400+0000] {dag.py:3239} INFO - Sync 1 DAGs
[2026-05-31T10:12:06.422+0000] {logging_mixin.py:190} INFO - [2026-05-31T10:12:06.422+0000] {dag.py:4180} INFO - Setting next_dagrun for health_check_kafka_server to 2026-05-31 10:10:00+00:00, run_after=2026-05-31 10:12:00+00:00
[2026-05-31T10:12:06.437+0000] {processor.py:208} INFO - Processing /opt/airflow/dags/health_check_kafka_server.py took 0.073 seconds
[2026-05-31T10:12:37.370+0000] {processor.py:186} INFO - Started process (PID=16890) to work on /opt/airflow/dags/health_check_kafka_server.py
[2026-05-31T10:12:37.371+0000] {processor.py:914} INFO - Processing file /opt/airflow/dags/health_check_kafka_server.py for tasks to queue
[2026-05-31T10:12:37.373+0000] {logging_mixin.py:190} INFO - [2026-05-31T10:12:37.373+0000] {dagbag.py:588} INFO - Filling up the DagBag from /opt/airflow/dags/health_check_kafka_server.py
[2026-05-31T10:12:37.383+0000] {processor.py:925} INFO - DAG(s) 'health_check_kafka_server' retrieved from /opt/airflow/dags/health_check_kafka_server.py
[2026-05-31T10:12:37.401+0000] {logging_mixin.py:190} INFO - [2026-05-31T10:12:37.401+0000] {dag.py:3239} INFO - Sync 1 DAGs
[2026-05-31T10:12:37.422+0000] {logging_mixin.py:190} INFO - [2026-05-31T10:12:37.422+0000] {dag.py:4180} INFO - Setting next_dagrun for health_check_kafka_server to 2026-05-31 10:10:00+00:00, run_after=2026-05-31 10:12:00+00:00
[2026-05-31T10:12:37.435+0000] {processor.py:208} INFO - Processing /opt/airflow/dags/health_check_kafka_server.py took 0.070 seconds
[2026-05-31T10:13:09.194+0000] {processor.py:186} INFO - Started process (PID=16912) to work on /opt/airflow/dags/health_check_kafka_server.py
[2026-05-31T10:13:09.194+0000] {processor.py:914} INFO - Processing file /opt/airflow/dags/health_check_kafka_server.py for tasks to queue
[2026-05-31T10:13:09.196+0000] {logging_mixin.py:190} INFO - [2026-05-31T10:13:09.196+0000] {dagbag.py:588} INFO - Filling up the DagBag from /opt/airflow/dags/health_check_kafka_server.py
[2026-05-31T10:13:09.205+0000] {processor.py:925} INFO - DAG(s) 'health_check_kafka_server' retrieved from /opt/airflow/dags/health_check_kafka_server.py
[2026-05-31T10:13:09.223+0000] {logging_mixin.py:190} INFO - [2026-05-31T10:13:09.223+0000] {dag.py:3239} INFO - Sync 1 DAGs
[2026-05-31T10:13:09.244+0000] {logging_mixin.py:190} INFO - [2026-05-31T10:13:09.243+0000] {dag.py:4180} INFO - Setting next_dagrun for health_check_kafka_server to 2026-05-31 10:10:00+00:00, run_after=2026-05-31 10:12:00+00:00
[2026-05-31T10:13:09.256+0000] {processor.py:208} INFO - Processing /opt/airflow/dags/health_check_kafka_server.py took 0.068 seconds
[2026-05-31T10:13:39.630+0000] {processor.py:186} INFO - Started process (PID=16932) to work on /opt/airflow/dags/health_check_kafka_server.py
[2026-05-31T10:13:39.632+0000] {processor.py:914} INFO - Processing file /opt/airflow/dags/health_check_kafka_server.py for tasks to queue
[2026-05-31T10:13:39.634+0000] {logging_mixin.py:190} INFO - [2026-05-31T10:13:39.634+0000] {dagbag.py:588} INFO - Filling up the DagBag from /opt/airflow/dags/health_check_kafka_server.py
[2026-05-31T10:13:39.649+0000] {processor.py:925} INFO - DAG(s) 'health_check_kafka_server' retrieved from /opt/airflow/dags/health_check_kafka_server.py
[2026-05-31T10:13:39.674+0000] {logging_mixin.py:190} INFO - [2026-05-31T10:13:39.674+0000] {dag.py:3239} INFO - Sync 1 DAGs
[2026-05-31T10:13:39.700+0000] {logging_mixin.py:190} INFO - [2026-05-31T10:13:39.700+0000] {dag.py:4180} INFO - Setting next_dagrun for health_check_kafka_server to 2026-05-31 10:10:00+00:00, run_after=2026-05-31 10:12:00+00:00
[2026-05-31T10:13:39.714+0000] {processor.py:208} INFO - Processing /opt/airflow/dags/health_check_kafka_server.py took 0.089 seconds
[2026-05-31T10:14:09.802+0000] {processor.py:186} INFO - Started process (PID=16955) to work on /opt/airflow/dags/health_check_kafka_server.py
[2026-05-31T10:14:09.803+0000] {processor.py:914} INFO - Processing file /opt/airflow/dags/health_check_kafka_server.py for tasks to queue
[2026-05-31T10:14:09.805+0000] {logging_mixin.py:190} INFO - [2026-05-31T10:14:09.804+0000] {dagbag.py:588} INFO - Filling up the DagBag from /opt/airflow/dags/health_check_kafka_server.py
[2026-05-31T10:14:09.813+0000] {processor.py:925} INFO - DAG(s) 'health_check_kafka_server' retrieved from /opt/airflow/dags/health_check_kafka_server.py
[2026-05-31T10:14:09.833+0000] {logging_mixin.py:190} INFO - [2026-05-31T10:14:09.833+0000] {dag.py:3239} INFO - Sync 1 DAGs
[2026-05-31T10:14:09.854+0000] {logging_mixin.py:190} INFO - [2026-05-31T10:14:09.854+0000] {dag.py:4180} INFO - Setting next_dagrun for health_check_kafka_server to 2026-05-31 10:12:00+00:00, run_after=2026-05-31 10:14:00+00:00
[2026-05-31T10:14:09.868+0000] {processor.py:208} INFO - Processing /opt/airflow/dags/health_check_kafka_server.py took 0.072 seconds
[2026-05-31T10:14:41.162+0000] {processor.py:186} INFO - Started process (PID=16980) to work on /opt/airflow/dags/health_check_kafka_server.py
[2026-05-31T10:14:41.163+0000] {processor.py:914} INFO - Processing file /opt/airflow/dags/health_check_kafka_server.py for tasks to queue
[2026-05-31T10:14:41.164+0000] {logging_mixin.py:190} INFO - [2026-05-31T10:14:41.164+0000] {dagbag.py:588} INFO - Filling up the DagBag from /opt/airflow/dags/health_check_kafka_server.py
[2026-05-31T10:14:41.172+0000] {processor.py:925} INFO - DAG(s) 'health_check_kafka_server' retrieved from /opt/airflow/dags/health_check_kafka_server.py
[2026-05-31T10:14:41.192+0000] {logging_mixin.py:190} INFO - [2026-05-31T10:14:41.192+0000] {dag.py:3239} INFO - Sync 1 DAGs
[2026-05-31T10:14:41.211+0000] {logging_mixin.py:190} INFO - [2026-05-31T10:14:41.211+0000] {dag.py:4180} INFO - Setting next_dagrun for health_check_kafka_server to 2026-05-31 10:12:00+00:00, run_after=2026-05-31 10:14:00+00:00
[2026-05-31T10:14:41.224+0000] {processor.py:208} INFO - Processing /opt/airflow/dags/health_check_kafka_server.py took 0.067 seconds
[2026-05-31T10:15:12.227+0000] {processor.py:186} INFO - Started process (PID=17004) to work on /opt/airflow/dags/health_check_kafka_server.py
[2026-05-31T10:15:12.228+0000] {processor.py:914} INFO - Processing file /opt/airflow/dags/health_check_kafka_server.py for tasks to queue
[2026-05-31T10:15:12.229+0000] {logging_mixin.py:190} INFO - [2026-05-31T10:15:12.229+0000] {dagbag.py:588} INFO - Filling up the DagBag from /opt/airflow/dags/health_check_kafka_server.py
[2026-05-31T10:15:12.238+0000] {processor.py:925} INFO - DAG(s) 'health_check_kafka_server' retrieved from /opt/airflow/dags/health_check_kafka_server.py
[2026-05-31T10:15:12.256+0000] {logging_mixin.py:190} INFO - [2026-05-31T10:15:12.256+0000] {dag.py:3239} INFO - Sync 1 DAGs
[2026-05-31T10:15:12.276+0000] {logging_mixin.py:190} INFO - [2026-05-31T10:15:12.276+0000] {dag.py:4180} INFO - Setting next_dagrun for health_check_kafka_server to 2026-05-31 10:12:00+00:00, run_after=2026-05-31 10:14:00+00:00
[2026-05-31T10:15:12.289+0000] {processor.py:208} INFO - Processing /opt/airflow/dags/health_check_kafka_server.py took 0.068 seconds
[2026-05-31T10:15:42.725+0000] {processor.py:186} INFO - Started process (PID=17029) to work on /opt/airflow/dags/health_check_kafka_server.py
[2026-05-31T10:15:42.726+0000] {processor.py:914} INFO - Processing file /opt/airflow/dags/health_check_kafka_server.py for tasks to queue
[2026-05-31T10:15:42.728+0000] {logging_mixin.py:190} INFO - [2026-05-31T10:15:42.728+0000] {dagbag.py:588} INFO - Filling up the DagBag from /opt/airflow/dags/health_check_kafka_server.py
[2026-05-31T10:15:42.738+0000] {processor.py:925} INFO - DAG(s) 'health_check_kafka_server' retrieved from /opt/airflow/dags/health_check_kafka_server.py
[2026-05-31T10:15:42.760+0000] {logging_mixin.py:190} INFO - [2026-05-31T10:15:42.760+0000] {dag.py:3239} INFO - Sync 1 DAGs
[2026-05-31T10:15:42.780+0000] {logging_mixin.py:190} INFO - [2026-05-31T10:15:42.780+0000] {dag.py:4180} INFO - Setting next_dagrun for health_check_kafka_server to 2026-05-31 10:12:00+00:00, run_after=2026-05-31 10:14:00+00:00
[2026-05-31T10:15:42.796+0000] {processor.py:208} INFO - Processing /opt/airflow/dags/health_check_kafka_server.py took 0.076 seconds
[2026-05-31T10:16:13.799+0000] {processor.py:186} INFO - Started process (PID=17052) to work on /opt/airflow/dags/health_check_kafka_server.py
[2026-05-31T10:16:13.800+0000] {processor.py:914} INFO - Processing file /opt/airflow/dags/health_check_kafka_server.py for tasks to queue
[2026-05-31T10:16:13.802+0000] {logging_mixin.py:190} INFO - [2026-05-31T10:16:13.801+0000] {dagbag.py:588} INFO - Filling up the DagBag from /opt/airflow/dags/health_check_kafka_server.py
[2026-05-31T10:16:13.811+0000] {processor.py:925} INFO - DAG(s) 'health_check_kafka_server' retrieved from /opt/airflow/dags/health_check_kafka_server.py
[2026-05-31T10:16:13.832+0000] {logging_mixin.py:190} INFO - [2026-05-31T10:16:13.832+0000] {dag.py:3239} INFO - Sync 1 DAGs
[2026-05-31T10:16:13.855+0000] {logging_mixin.py:190} INFO - [2026-05-31T10:16:13.855+0000] {dag.py:4180} INFO - Setting next_dagrun for health_check_kafka_server to 2026-05-31 10:14:00+00:00, run_after=2026-05-31 10:16:00+00:00
[2026-05-31T10:16:13.868+0000] {processor.py:208} INFO - Processing /opt/airflow/dags/health_check_kafka_server.py took 0.073 seconds
[2026-05-31T10:16:44.991+0000] {processor.py:186} INFO - Started process (PID=17078) to work on /opt/airflow/dags/health_check_kafka_server.py
[2026-05-31T10:16:44.993+0000] {processor.py:914} INFO - Processing file /opt/airflow/dags/health_check_kafka_server.py for tasks to queue
[2026-05-31T10:16:44.995+0000] {logging_mixin.py:190} INFO - [2026-05-31T10:16:44.995+0000] {dagbag.py:588} INFO - Filling up the DagBag from /opt/airflow/dags/health_check_kafka_server.py
[2026-05-31T10:16:45.003+0000] {processor.py:925} INFO - DAG(s) 'health_check_kafka_server' retrieved from /opt/airflow/dags/health_check_kafka_server.py
[2026-05-31T10:16:45.021+0000] {logging_mixin.py:190} INFO - [2026-05-31T10:16:45.021+0000] {dag.py:3239} INFO - Sync 1 DAGs
[2026-05-31T10:16:45.044+0000] {logging_mixin.py:190} INFO - [2026-05-31T10:16:45.044+0000] {dag.py:4180} INFO - Setting next_dagrun for health_check_kafka_server to 2026-05-31 10:14:00+00:00, run_after=2026-05-31 10:16:00+00:00
[2026-05-31T10:16:45.058+0000] {processor.py:208} INFO - Processing /opt/airflow/dags/health_check_kafka_server.py took 0.071 seconds
[2026-05-31T10:17:16.032+0000] {processor.py:186} INFO - Started process (PID=17105) to work on /opt/airflow/dags/health_check_kafka_server.py
[2026-05-31T10:17:16.032+0000] {processor.py:914} INFO - Processing file /opt/airflow/dags/health_check_kafka_server.py for tasks to queue
[2026-05-31T10:17:16.034+0000] {logging_mixin.py:190} INFO - [2026-05-31T10:17:16.034+0000] {dagbag.py:588} INFO - Filling up the DagBag from /opt/airflow/dags/health_check_kafka_server.py
[2026-05-31T10:17:16.051+0000] {processor.py:925} INFO - DAG(s) 'health_check_kafka_server' retrieved from /opt/airflow/dags/health_check_kafka_server.py
[2026-05-31T10:17:16.084+0000] {logging_mixin.py:190} INFO - [2026-05-31T10:17:16.084+0000] {dag.py:3239} INFO - Sync 1 DAGs
[2026-05-31T10:17:16.107+0000] {logging_mixin.py:190} INFO - [2026-05-31T10:17:16.107+0000] {dag.py:4180} INFO - Setting next_dagrun for health_check_kafka_server to 2026-05-31 10:14:00+00:00, run_after=2026-05-31 10:16:00+00:00
[2026-05-31T10:17:16.136+0000] {processor.py:208} INFO - Processing /opt/airflow/dags/health_check_kafka_server.py took 0.110 seconds
[2026-05-31T10:17:46.470+0000] {processor.py:186} INFO - Started process (PID=17127) to work on /opt/airflow/dags/health_check_kafka_server.py
[2026-05-31T10:17:46.471+0000] {processor.py:914} INFO - Processing file /opt/airflow/dags/health_check_kafka_server.py for tasks to queue
[2026-05-31T10:17:46.473+0000] {logging_mixin.py:190} INFO - [2026-05-31T10:17:46.473+0000] {dagbag.py:588} INFO - Filling up the DagBag from /opt/airflow/dags/health_check_kafka_server.py
[2026-05-31T10:17:46.482+0000] {processor.py:925} INFO - DAG(s) 'health_check_kafka_server' retrieved from /opt/airflow/dags/health_check_kafka_server.py
[2026-05-31T10:17:46.500+0000] {logging_mixin.py:190} INFO - [2026-05-31T10:17:46.500+0000] {dag.py:3239} INFO - Sync 1 DAGs
[2026-05-31T10:17:46.520+0000] {logging_mixin.py:190} INFO - [2026-05-31T10:17:46.520+0000] {dag.py:4180} INFO - Setting next_dagrun for health_check_kafka_server to 2026-05-31 10:14:00+00:00, run_after=2026-05-31 10:16:00+00:00
[2026-05-31T10:17:46.534+0000] {processor.py:208} INFO - Processing /opt/airflow/dags/health_check_kafka_server.py took 0.069 seconds
[2026-05-31T10:18:17.033+0000] {processor.py:186} INFO - Started process (PID=17151) to work on /opt/airflow/dags/health_check_kafka_server.py
[2026-05-31T10:18:17.036+0000] {processor.py:914} INFO - Processing file /opt/airflow/dags/health_check_kafka_server.py for tasks to queue
[2026-05-31T10:18:17.041+0000] {logging_mixin.py:190} INFO - [2026-05-31T10:18:17.041+0000] {dagbag.py:588} INFO - Filling up the DagBag from /opt/airflow/dags/health_check_kafka_server.py
[2026-05-31T10:18:17.063+0000] {processor.py:925} INFO - DAG(s) 'health_check_kafka_server' retrieved from /opt/airflow/dags/health_check_kafka_server.py
[2026-05-31T10:18:17.106+0000] {logging_mixin.py:190} INFO - [2026-05-31T10:18:17.106+0000] {dag.py:3239} INFO - Sync 1 DAGs
[2026-05-31T10:18:17.166+0000] {logging_mixin.py:190} INFO - [2026-05-31T10:18:17.166+0000] {dag.py:4180} INFO - Setting next_dagrun for health_check_kafka_server to 2026-05-31 10:16:00+00:00, run_after=2026-05-31 10:18:00+00:00
[2026-05-31T10:18:17.202+0000] {processor.py:208} INFO - Processing /opt/airflow/dags/health_check_kafka_server.py took 0.191 seconds
[2026-05-31T10:18:47.670+0000] {processor.py:186} INFO - Started process (PID=17174) to work on /opt/airflow/dags/health_check_kafka_server.py
[2026-05-31T10:18:47.671+0000] {processor.py:914} INFO - Processing file /opt/airflow/dags/health_check_kafka_server.py for tasks to queue
[2026-05-31T10:18:47.673+0000] {logging_mixin.py:190} INFO - [2026-05-31T10:18:47.673+0000] {dagbag.py:588} INFO - Filling up the DagBag from /opt/airflow/dags/health_check_kafka_server.py
[2026-05-31T10:18:47.682+0000] {processor.py:925} INFO - DAG(s) 'health_check_kafka_server' retrieved from /opt/airflow/dags/health_check_kafka_server.py
[2026-05-31T10:18:47.700+0000] {logging_mixin.py:190} INFO - [2026-05-31T10:18:47.700+0000] {dag.py:3239} INFO - Sync 1 DAGs
[2026-05-31T10:18:47.719+0000] {logging_mixin.py:190} INFO - [2026-05-31T10:18:47.719+0000] {dag.py:4180} INFO - Setting next_dagrun for health_check_kafka_server to 2026-05-31 10:16:00+00:00, run_after=2026-05-31 10:18:00+00:00
[2026-05-31T10:18:47.733+0000] {processor.py:208} INFO - Processing /opt/airflow/dags/health_check_kafka_server.py took 0.068 seconds
[2026-05-31T10:19:17.772+0000] {processor.py:186} INFO - Started process (PID=17196) to work on /opt/airflow/dags/health_check_kafka_server.py
[2026-05-31T10:19:17.773+0000] {processor.py:914} INFO - Processing file /opt/airflow/dags/health_check_kafka_server.py for tasks to queue
[2026-05-31T10:19:17.774+0000] {logging_mixin.py:190} INFO - [2026-05-31T10:19:17.774+0000] {dagbag.py:588} INFO - Filling up the DagBag from /opt/airflow/dags/health_check_kafka_server.py
[2026-05-31T10:19:17.783+0000] {processor.py:925} INFO - DAG(s) 'health_check_kafka_server' retrieved from /opt/airflow/dags/health_check_kafka_server.py
[2026-05-31T10:19:17.803+0000] {logging_mixin.py:190} INFO - [2026-05-31T10:19:17.803+0000] {dag.py:3239} INFO - Sync 1 DAGs
[2026-05-31T10:19:17.825+0000] {logging_mixin.py:190} INFO - [2026-05-31T10:19:17.824+0000] {dag.py:4180} INFO - Setting next_dagrun for health_check_kafka_server to 2026-05-31 10:16:00+00:00, run_after=2026-05-31 10:18:00+00:00
[2026-05-31T10:19:17.838+0000] {processor.py:208} INFO - Processing /opt/airflow/dags/health_check_kafka_server.py took 0.071 seconds
[2026-05-31T10:19:48.112+0000] {processor.py:186} INFO - Started process (PID=17220) to work on /opt/airflow/dags/health_check_kafka_server.py
[2026-05-31T10:19:48.113+0000] {processor.py:914} INFO - Processing file /opt/airflow/dags/health_check_kafka_server.py for tasks to queue
[2026-05-31T10:19:48.115+0000] {logging_mixin.py:190} INFO - [2026-05-31T10:19:48.115+0000] {dagbag.py:588} INFO - Filling up the DagBag from /opt/airflow/dags/health_check_kafka_server.py
[2026-05-31T10:19:48.123+0000] {processor.py:925} INFO - DAG(s) 'health_check_kafka_server' retrieved from /opt/airflow/dags/health_check_kafka_server.py
[2026-05-31T10:19:48.142+0000] {logging_mixin.py:190} INFO - [2026-05-31T10:19:48.142+0000] {dag.py:3239} INFO - Sync 1 DAGs
[2026-05-31T10:19:48.163+0000] {logging_mixin.py:190} INFO - [2026-05-31T10:19:48.163+0000] {dag.py:4180} INFO - Setting next_dagrun for health_check_kafka_server to 2026-05-31 10:16:00+00:00, run_after=2026-05-31 10:18:00+00:00
[2026-05-31T10:19:48.176+0000] {processor.py:208} INFO - Processing /opt/airflow/dags/health_check_kafka_server.py took 0.070 seconds
[2026-05-31T10:20:18.453+0000] {processor.py:186} INFO - Started process (PID=17245) to work on /opt/airflow/dags/health_check_kafka_server.py
[2026-05-31T10:20:18.454+0000] {processor.py:914} INFO - Processing file /opt/airflow/dags/health_check_kafka_server.py for tasks to queue
[2026-05-31T10:20:18.456+0000] {logging_mixin.py:190} INFO - [2026-05-31T10:20:18.456+0000] {dagbag.py:588} INFO - Filling up the DagBag from /opt/airflow/dags/health_check_kafka_server.py
[2026-05-31T10:20:18.464+0000] {processor.py:925} INFO - DAG(s) 'health_check_kafka_server' retrieved from /opt/airflow/dags/health_check_kafka_server.py
[2026-05-31T10:20:18.484+0000] {logging_mixin.py:190} INFO - [2026-05-31T10:20:18.484+0000] {dag.py:3239} INFO - Sync 1 DAGs
[2026-05-31T10:20:18.505+0000] {logging_mixin.py:190} INFO - [2026-05-31T10:20:18.505+0000] {dag.py:4180} INFO - Setting next_dagrun for health_check_kafka_server to 2026-05-31 10:18:00+00:00, run_after=2026-05-31 10:20:00+00:00
[2026-05-31T10:20:18.519+0000] {processor.py:208} INFO - Processing /opt/airflow/dags/health_check_kafka_server.py took 0.070 seconds
[2026-05-31T10:20:48.713+0000] {processor.py:186} INFO - Started process (PID=17269) to work on /opt/airflow/dags/health_check_kafka_server.py
[2026-05-31T10:20:48.714+0000] {processor.py:914} INFO - Processing file /opt/airflow/dags/health_check_kafka_server.py for tasks to queue
[2026-05-31T10:20:48.715+0000] {logging_mixin.py:190} INFO - [2026-05-31T10:20:48.715+0000] {dagbag.py:588} INFO - Filling up the DagBag from /opt/airflow/dags/health_check_kafka_server.py
[2026-05-31T10:20:48.725+0000] {processor.py:925} INFO - DAG(s) 'health_check_kafka_server' retrieved from /opt/airflow/dags/health_check_kafka_server.py
[2026-05-31T10:20:48.744+0000] {logging_mixin.py:190} INFO - [2026-05-31T10:20:48.744+0000] {dag.py:3239} INFO - Sync 1 DAGs
[2026-05-31T10:20:48.765+0000] {logging_mixin.py:190} INFO - [2026-05-31T10:20:48.765+0000] {dag.py:4180} INFO - Setting next_dagrun for health_check_kafka_server to 2026-05-31 10:18:00+00:00, run_after=2026-05-31 10:20:00+00:00
[2026-05-31T10:20:48.782+0000] {processor.py:208} INFO - Processing /opt/airflow/dags/health_check_kafka_server.py took 0.074 seconds
[2026-05-31T10:21:19.147+0000] {processor.py:186} INFO - Started process (PID=17290) to work on /opt/airflow/dags/health_check_kafka_server.py
[2026-05-31T10:21:19.148+0000] {processor.py:914} INFO - Processing file /opt/airflow/dags/health_check_kafka_server.py for tasks to queue
[2026-05-31T10:21:19.150+0000] {logging_mixin.py:190} INFO - [2026-05-31T10:21:19.150+0000] {dagbag.py:588} INFO - Filling up the DagBag from /opt/airflow/dags/health_check_kafka_server.py
[2026-05-31T10:21:19.160+0000] {processor.py:925} INFO - DAG(s) 'health_check_kafka_server' retrieved from /opt/airflow/dags/health_check_kafka_server.py
[2026-05-31T10:21:19.181+0000] {logging_mixin.py:190} INFO - [2026-05-31T10:21:19.181+0000] {dag.py:3239} INFO - Sync 1 DAGs
[2026-05-31T10:21:19.211+0000] {logging_mixin.py:190} INFO - [2026-05-31T10:21:19.211+0000] {dag.py:4180} INFO - Setting next_dagrun for health_check_kafka_server to 2026-05-31 10:18:00+00:00, run_after=2026-05-31 10:20:00+00:00
[2026-05-31T10:21:19.229+0000] {processor.py:208} INFO - Processing /opt/airflow/dags/health_check_kafka_server.py took 0.086 seconds
[2026-05-31T10:21:49.652+0000] {processor.py:186} INFO - Started process (PID=17312) to work on /opt/airflow/dags/health_check_kafka_server.py
[2026-05-31T10:21:49.653+0000] {processor.py:914} INFO - Processing file /opt/airflow/dags/health_check_kafka_server.py for tasks to queue
[2026-05-31T10:21:49.655+0000] {logging_mixin.py:190} INFO - [2026-05-31T10:21:49.655+0000] {dagbag.py:588} INFO - Filling up the DagBag from /opt/airflow/dags/health_check_kafka_server.py
[2026-05-31T10:21:49.664+0000] {processor.py:925} INFO - DAG(s) 'health_check_kafka_server' retrieved from /opt/airflow/dags/health_check_kafka_server.py
[2026-05-31T10:21:49.682+0000] {logging_mixin.py:190} INFO - [2026-05-31T10:21:49.682+0000] {dag.py:3239} INFO - Sync 1 DAGs
[2026-05-31T10:21:49.700+0000] {logging_mixin.py:190} INFO - [2026-05-31T10:21:49.700+0000] {dag.py:4180} INFO - Setting next_dagrun for health_check_kafka_server to 2026-05-31 10:18:00+00:00, run_after=2026-05-31 10:20:00+00:00
[2026-05-31T10:21:49.712+0000] {processor.py:208} INFO - Processing /opt/airflow/dags/health_check_kafka_server.py took 0.064 seconds
[2026-05-31T10:22:20.034+0000] {processor.py:186} INFO - Started process (PID=17336) to work on /opt/airflow/dags/health_check_kafka_server.py
[2026-05-31T10:22:20.035+0000] {processor.py:914} INFO - Processing file /opt/airflow/dags/health_check_kafka_server.py for tasks to queue
[2026-05-31T10:22:20.039+0000] {logging_mixin.py:190} INFO - [2026-05-31T10:22:20.038+0000] {dagbag.py:588} INFO - Filling up the DagBag from /opt/airflow/dags/health_check_kafka_server.py
[2026-05-31T10:22:20.051+0000] {processor.py:925} INFO - DAG(s) 'health_check_kafka_server' retrieved from /opt/airflow/dags/health_check_kafka_server.py
[2026-05-31T10:22:20.072+0000] {logging_mixin.py:190} INFO - [2026-05-31T10:22:20.070+0000] {dag.py:3239} INFO - Sync 1 DAGs
[2026-05-31T10:22:20.095+0000] {logging_mixin.py:190} INFO - [2026-05-31T10:22:20.095+0000] {dag.py:4180} INFO - Setting next_dagrun for health_check_kafka_server to 2026-05-31 10:20:00+00:00, run_after=2026-05-31 10:22:00+00:00
[2026-05-31T10:22:20.109+0000] {processor.py:208} INFO - Processing /opt/airflow/dags/health_check_kafka_server.py took 0.082 seconds
[2026-05-31T10:22:50.157+0000] {processor.py:186} INFO - Started process (PID=17360) to work on /opt/airflow/dags/health_check_kafka_server.py
[2026-05-31T10:22:50.158+0000] {processor.py:914} INFO - Processing file /opt/airflow/dags/health_check_kafka_server.py for tasks to queue
[2026-05-31T10:22:50.159+0000] {logging_mixin.py:190} INFO - [2026-05-31T10:22:50.159+0000] {dagbag.py:588} INFO - Filling up the DagBag from /opt/airflow/dags/health_check_kafka_server.py
[2026-05-31T10:22:50.167+0000] {processor.py:925} INFO - DAG(s) 'health_check_kafka_server' retrieved from /opt/airflow/dags/health_check_kafka_server.py
[2026-05-31T10:22:50.190+0000] {logging_mixin.py:190} INFO - [2026-05-31T10:22:50.190+0000] {dag.py:3239} INFO - Sync 1 DAGs
[2026-05-31T10:22:50.210+0000] {logging_mixin.py:190} INFO - [2026-05-31T10:22:50.210+0000] {dag.py:4180} INFO - Setting next_dagrun for health_check_kafka_server to 2026-05-31 10:20:00+00:00, run_after=2026-05-31 10:22:00+00:00
[2026-05-31T10:22:50.224+0000] {processor.py:208} INFO - Processing /opt/airflow/dags/health_check_kafka_server.py took 0.073 seconds
[2026-05-31T10:23:21.403+0000] {processor.py:186} INFO - Started process (PID=17385) to work on /opt/airflow/dags/health_check_kafka_server.py
[2026-05-31T10:23:21.404+0000] {processor.py:914} INFO - Processing file /opt/airflow/dags/health_check_kafka_server.py for tasks to queue
[2026-05-31T10:23:21.405+0000] {logging_mixin.py:190} INFO - [2026-05-31T10:23:21.405+0000] {dagbag.py:588} INFO - Filling up the DagBag from /opt/airflow/dags/health_check_kafka_server.py
[2026-05-31T10:23:21.414+0000] {processor.py:925} INFO - DAG(s) 'health_check_kafka_server' retrieved from /opt/airflow/dags/health_check_kafka_server.py
[2026-05-31T10:23:21.434+0000] {logging_mixin.py:190} INFO - [2026-05-31T10:23:21.434+0000] {dag.py:3239} INFO - Sync 1 DAGs
[2026-05-31T10:23:21.457+0000] {logging_mixin.py:190} INFO - [2026-05-31T10:23:21.457+0000] {dag.py:4180} INFO - Setting next_dagrun for health_check_kafka_server to 2026-05-31 10:20:00+00:00, run_after=2026-05-31 10:22:00+00:00
[2026-05-31T10:23:21.597+0000] {processor.py:208} INFO - Processing /opt/airflow/dags/health_check_kafka_server.py took 0.199 seconds
[2026-05-31T10:23:52.367+0000] {processor.py:186} INFO - Started process (PID=17409) to work on /opt/airflow/dags/health_check_kafka_server.py
[2026-05-31T10:23:52.369+0000] {processor.py:914} INFO - Processing file /opt/airflow/dags/health_check_kafka_server.py for tasks to queue
[2026-05-31T10:23:52.371+0000] {logging_mixin.py:190} INFO - [2026-05-31T10:23:52.371+0000] {dagbag.py:588} INFO - Filling up the DagBag from /opt/airflow/dags/health_check_kafka_server.py
[2026-05-31T10:23:52.389+0000] {processor.py:925} INFO - DAG(s) 'health_check_kafka_server' retrieved from /opt/airflow/dags/health_check_kafka_server.py
[2026-05-31T10:23:52.437+0000] {logging_mixin.py:190} INFO - [2026-05-31T10:23:52.437+0000] {dag.py:3239} INFO - Sync 1 DAGs
[2026-05-31T10:23:52.468+0000] {logging_mixin.py:190} INFO - [2026-05-31T10:23:52.468+0000] {dag.py:4180} INFO - Setting next_dagrun for health_check_kafka_server to 2026-05-31 10:20:00+00:00, run_after=2026-05-31 10:22:00+00:00
[2026-05-31T10:23:52.487+0000] {processor.py:208} INFO - Processing /opt/airflow/dags/health_check_kafka_server.py took 0.132 seconds
[2026-05-31T10:24:22.561+0000] {processor.py:186} INFO - Started process (PID=17433) to work on /opt/airflow/dags/health_check_kafka_server.py
[2026-05-31T10:24:22.562+0000] {processor.py:914} INFO - Processing file /opt/airflow/dags/health_check_kafka_server.py for tasks to queue
[2026-05-31T10:24:22.564+0000] {logging_mixin.py:190} INFO - [2026-05-31T10:24:22.563+0000] {dagbag.py:588} INFO - Filling up the DagBag from /opt/airflow/dags/health_check_kafka_server.py
[2026-05-31T10:24:22.572+0000] {processor.py:925} INFO - DAG(s) 'health_check_kafka_server' retrieved from /opt/airflow/dags/health_check_kafka_server.py
[2026-05-31T10:24:22.592+0000] {logging_mixin.py:190} INFO - [2026-05-31T10:24:22.592+0000] {dag.py:3239} INFO - Sync 1 DAGs
[2026-05-31T10:24:22.613+0000] {logging_mixin.py:190} INFO - [2026-05-31T10:24:22.613+0000] {dag.py:4180} INFO - Setting next_dagrun for health_check_kafka_server to 2026-05-31 10:22:00+00:00, run_after=2026-05-31 10:24:00+00:00
[2026-05-31T10:24:22.628+0000] {processor.py:208} INFO - Processing /opt/airflow/dags/health_check_kafka_server.py took 0.071 seconds
[2026-05-31T10:24:52.722+0000] {processor.py:186} INFO - Started process (PID=17458) to work on /opt/airflow/dags/health_check_kafka_server.py
[2026-05-31T10:24:52.724+0000] {processor.py:914} INFO - Processing file /opt/airflow/dags/health_check_kafka_server.py for tasks to queue
[2026-05-31T10:24:52.726+0000] {logging_mixin.py:190} INFO - [2026-05-31T10:24:52.726+0000] {dagbag.py:588} INFO - Filling up the DagBag from /opt/airflow/dags/health_check_kafka_server.py
[2026-05-31T10:24:52.736+0000] {processor.py:925} INFO - DAG(s) 'health_check_kafka_server' retrieved from /opt/airflow/dags/health_check_kafka_server.py
[2026-05-31T10:24:52.759+0000] {logging_mixin.py:190} INFO - [2026-05-31T10:24:52.758+0000] {dag.py:3239} INFO - Sync 1 DAGs
[2026-05-31T10:24:52.782+0000] {logging_mixin.py:190} INFO - [2026-05-31T10:24:52.782+0000] {dag.py:4180} INFO - Setting next_dagrun for health_check_kafka_server to 2026-05-31 10:22:00+00:00, run_after=2026-05-31 10:24:00+00:00
[2026-05-31T10:24:52.924+0000] {processor.py:208} INFO - Processing /opt/airflow/dags/health_check_kafka_server.py took 0.208 seconds
[2026-05-31T10:25:23.720+0000] {processor.py:186} INFO - Started process (PID=17482) to work on /opt/airflow/dags/health_check_kafka_server.py
[2026-05-31T10:25:23.721+0000] {processor.py:914} INFO - Processing file /opt/airflow/dags/health_check_kafka_server.py for tasks to queue
[2026-05-31T10:25:23.723+0000] {logging_mixin.py:190} INFO - [2026-05-31T10:25:23.723+0000] {dagbag.py:588} INFO - Filling up the DagBag from /opt/airflow/dags/health_check_kafka_server.py
[2026-05-31T10:25:23.734+0000] {processor.py:925} INFO - DAG(s) 'health_check_kafka_server' retrieved from /opt/airflow/dags/health_check_kafka_server.py
[2026-05-31T10:25:23.752+0000] {logging_mixin.py:190} INFO - [2026-05-31T10:25:23.752+0000] {dag.py:3239} INFO - Sync 1 DAGs
[2026-05-31T10:25:23.774+0000] {logging_mixin.py:190} INFO - [2026-05-31T10:25:23.774+0000] {dag.py:4180} INFO - Setting next_dagrun for health_check_kafka_server to 2026-05-31 10:22:00+00:00, run_after=2026-05-31 10:24:00+00:00
[2026-05-31T10:25:23.790+0000] {processor.py:208} INFO - Processing /opt/airflow/dags/health_check_kafka_server.py took 0.076 seconds
[2026-05-31T10:25:54.515+0000] {processor.py:186} INFO - Started process (PID=17505) to work on /opt/airflow/dags/health_check_kafka_server.py
[2026-05-31T10:25:54.515+0000] {processor.py:914} INFO - Processing file /opt/airflow/dags/health_check_kafka_server.py for tasks to queue
[2026-05-31T10:25:54.517+0000] {logging_mixin.py:190} INFO - [2026-05-31T10:25:54.517+0000] {dagbag.py:588} INFO - Filling up the DagBag from /opt/airflow/dags/health_check_kafka_server.py
[2026-05-31T10:25:54.525+0000] {processor.py:925} INFO - DAG(s) 'health_check_kafka_server' retrieved from /opt/airflow/dags/health_check_kafka_server.py
[2026-05-31T10:25:54.545+0000] {logging_mixin.py:190} INFO - [2026-05-31T10:25:54.545+0000] {dag.py:3239} INFO - Sync 1 DAGs
[2026-05-31T10:25:54.692+0000] {logging_mixin.py:190} INFO - [2026-05-31T10:25:54.692+0000] {dag.py:4180} INFO - Setting next_dagrun for health_check_kafka_server to 2026-05-31 10:22:00+00:00, run_after=2026-05-31 10:24:00+00:00
[2026-05-31T10:25:54.705+0000] {processor.py:208} INFO - Processing /opt/airflow/dags/health_check_kafka_server.py took 0.195 seconds
[2026-05-31T10:26:25.018+0000] {processor.py:186} INFO - Started process (PID=17530) to work on /opt/airflow/dags/health_check_kafka_server.py
[2026-05-31T10:26:25.020+0000] {processor.py:914} INFO - Processing file /opt/airflow/dags/health_check_kafka_server.py for tasks to queue
[2026-05-31T10:26:25.022+0000] {logging_mixin.py:190} INFO - [2026-05-31T10:26:25.021+0000] {dagbag.py:588} INFO - Filling up the DagBag from /opt/airflow/dags/health_check_kafka_server.py
[2026-05-31T10:26:25.030+0000] {processor.py:925} INFO - DAG(s) 'health_check_kafka_server' retrieved from /opt/airflow/dags/health_check_kafka_server.py
[2026-05-31T10:26:25.047+0000] {logging_mixin.py:190} INFO - [2026-05-31T10:26:25.047+0000] {dag.py:3239} INFO - Sync 1 DAGs
[2026-05-31T10:26:25.066+0000] {logging_mixin.py:190} INFO - [2026-05-31T10:26:25.066+0000] {dag.py:4180} INFO - Setting next_dagrun for health_check_kafka_server to 2026-05-31 10:24:00+00:00, run_after=2026-05-31 10:26:00+00:00
[2026-05-31T10:26:25.079+0000] {processor.py:208} INFO - Processing /opt/airflow/dags/health_check_kafka_server.py took 0.067 seconds
[2026-05-31T10:26:55.141+0000] {processor.py:186} INFO - Started process (PID=17554) to work on /opt/airflow/dags/health_check_kafka_server.py
[2026-05-31T10:26:55.142+0000] {processor.py:914} INFO - Processing file /opt/airflow/dags/health_check_kafka_server.py for tasks to queue
[2026-05-31T10:26:55.144+0000] {logging_mixin.py:190} INFO - [2026-05-31T10:26:55.144+0000] {dagbag.py:588} INFO - Filling up the DagBag from /opt/airflow/dags/health_check_kafka_server.py
[2026-05-31T10:26:55.155+0000] {processor.py:925} INFO - DAG(s) 'health_check_kafka_server' retrieved from /opt/airflow/dags/health_check_kafka_server.py
[2026-05-31T10:26:55.173+0000] {logging_mixin.py:190} INFO - [2026-05-31T10:26:55.173+0000] {dag.py:3239} INFO - Sync 1 DAGs
[2026-05-31T10:26:55.192+0000] {logging_mixin.py:190} INFO - [2026-05-31T10:26:55.192+0000] {dag.py:4180} INFO - Setting next_dagrun for health_check_kafka_server to 2026-05-31 10:24:00+00:00, run_after=2026-05-31 10:26:00+00:00
[2026-05-31T10:26:55.205+0000] {processor.py:208} INFO - Processing /opt/airflow/dags/health_check_kafka_server.py took 0.069 seconds
[2026-05-31T10:27:25.290+0000] {processor.py:186} INFO - Started process (PID=17578) to work on /opt/airflow/dags/health_check_kafka_server.py
[2026-05-31T10:27:25.291+0000] {processor.py:914} INFO - Processing file /opt/airflow/dags/health_check_kafka_server.py for tasks to queue
[2026-05-31T10:27:25.293+0000] {logging_mixin.py:190} INFO - [2026-05-31T10:27:25.293+0000] {dagbag.py:588} INFO - Filling up the DagBag from /opt/airflow/dags/health_check_kafka_server.py
[2026-05-31T10:27:25.301+0000] {processor.py:925} INFO - DAG(s) 'health_check_kafka_server' retrieved from /opt/airflow/dags/health_check_kafka_server.py
[2026-05-31T10:27:25.323+0000] {logging_mixin.py:190} INFO - [2026-05-31T10:27:25.323+0000] {dag.py:3239} INFO - Sync 1 DAGs
[2026-05-31T10:27:25.344+0000] {logging_mixin.py:190} INFO - [2026-05-31T10:27:25.344+0000] {dag.py:4180} INFO - Setting next_dagrun for health_check_kafka_server to 2026-05-31 10:24:00+00:00, run_after=2026-05-31 10:26:00+00:00
[2026-05-31T10:27:25.357+0000] {processor.py:208} INFO - Processing /opt/airflow/dags/health_check_kafka_server.py took 0.072 seconds
[2026-05-31T10:27:56.496+0000] {processor.py:186} INFO - Started process (PID=17602) to work on /opt/airflow/dags/health_check_kafka_server.py
[2026-05-31T10:27:56.497+0000] {processor.py:914} INFO - Processing file /opt/airflow/dags/health_check_kafka_server.py for tasks to queue
[2026-05-31T10:27:56.499+0000] {logging_mixin.py:190} INFO - [2026-05-31T10:27:56.499+0000] {dagbag.py:588} INFO - Filling up the DagBag from /opt/airflow/dags/health_check_kafka_server.py
[2026-05-31T10:27:56.508+0000] {processor.py:925} INFO - DAG(s) 'health_check_kafka_server' retrieved from /opt/airflow/dags/health_check_kafka_server.py
[2026-05-31T10:27:56.526+0000] {logging_mixin.py:190} INFO - [2026-05-31T10:27:56.526+0000] {dag.py:3239} INFO - Sync 1 DAGs
[2026-05-31T10:27:56.546+0000] {logging_mixin.py:190} INFO - [2026-05-31T10:27:56.546+0000] {dag.py:4180} INFO - Setting next_dagrun for health_check_kafka_server to 2026-05-31 10:24:00+00:00, run_after=2026-05-31 10:26:00+00:00
[2026-05-31T10:27:56.560+0000] {processor.py:208} INFO - Processing /opt/airflow/dags/health_check_kafka_server.py took 0.071 seconds
[2026-05-31T10:28:26.689+0000] {processor.py:186} INFO - Started process (PID=17620) to work on /opt/airflow/dags/health_check_kafka_server.py
[2026-05-31T10:28:26.690+0000] {processor.py:914} INFO - Processing file /opt/airflow/dags/health_check_kafka_server.py for tasks to queue
[2026-05-31T10:28:26.692+0000] {logging_mixin.py:190} INFO - [2026-05-31T10:28:26.691+0000] {dagbag.py:588} INFO - Filling up the DagBag from /opt/airflow/dags/health_check_kafka_server.py
[2026-05-31T10:28:26.700+0000] {processor.py:925} INFO - DAG(s) 'health_check_kafka_server' retrieved from /opt/airflow/dags/health_check_kafka_server.py
[2026-05-31T10:28:26.719+0000] {logging_mixin.py:190} INFO - [2026-05-31T10:28:26.719+0000] {dag.py:3239} INFO - Sync 1 DAGs
[2026-05-31T10:28:26.740+0000] {logging_mixin.py:190} INFO - [2026-05-31T10:28:26.740+0000] {dag.py:4180} INFO - Setting next_dagrun for health_check_kafka_server to 2026-05-31 10:26:00+00:00, run_after=2026-05-31 10:28:00+00:00
[2026-05-31T10:28:26.755+0000] {processor.py:208} INFO - Processing /opt/airflow/dags/health_check_kafka_server.py took 0.073 seconds
[2026-05-31T10:28:56.915+0000] {processor.py:186} INFO - Started process (PID=17644) to work on /opt/airflow/dags/health_check_kafka_server.py
[2026-05-31T10:28:56.915+0000] {processor.py:914} INFO - Processing file /opt/airflow/dags/health_check_kafka_server.py for tasks to queue
[2026-05-31T10:28:56.917+0000] {logging_mixin.py:190} INFO - [2026-05-31T10:28:56.917+0000] {dagbag.py:588} INFO - Filling up the DagBag from /opt/airflow/dags/health_check_kafka_server.py
[2026-05-31T10:28:56.925+0000] {processor.py:925} INFO - DAG(s) 'health_check_kafka_server' retrieved from /opt/airflow/dags/health_check_kafka_server.py
[2026-05-31T10:28:56.945+0000] {logging_mixin.py:190} INFO - [2026-05-31T10:28:56.945+0000] {dag.py:3239} INFO - Sync 1 DAGs
[2026-05-31T10:28:56.966+0000] {logging_mixin.py:190} INFO - [2026-05-31T10:28:56.966+0000] {dag.py:4180} INFO - Setting next_dagrun for health_check_kafka_server to 2026-05-31 10:26:00+00:00, run_after=2026-05-31 10:28:00+00:00
[2026-05-31T10:28:56.981+0000] {processor.py:208} INFO - Processing /opt/airflow/dags/health_check_kafka_server.py took 0.071 seconds
[2026-05-31T10:29:27.017+0000] {processor.py:186} INFO - Started process (PID=17668) to work on /opt/airflow/dags/health_check_kafka_server.py
[2026-05-31T10:29:27.018+0000] {processor.py:914} INFO - Processing file /opt/airflow/dags/health_check_kafka_server.py for tasks to queue
[2026-05-31T10:29:27.021+0000] {logging_mixin.py:190} INFO - [2026-05-31T10:29:27.020+0000] {dagbag.py:588} INFO - Filling up the DagBag from /opt/airflow/dags/health_check_kafka_server.py
[2026-05-31T10:29:27.031+0000] {processor.py:925} INFO - DAG(s) 'health_check_kafka_server' retrieved from /opt/airflow/dags/health_check_kafka_server.py
[2026-05-31T10:29:27.050+0000] {logging_mixin.py:190} INFO - [2026-05-31T10:29:27.050+0000] {dag.py:3239} INFO - Sync 1 DAGs
[2026-05-31T10:29:27.071+0000] {logging_mixin.py:190} INFO - [2026-05-31T10:29:27.071+0000] {dag.py:4180} INFO - Setting next_dagrun for health_check_kafka_server to 2026-05-31 10:26:00+00:00, run_after=2026-05-31 10:28:00+00:00
[2026-05-31T10:29:27.086+0000] {processor.py:208} INFO - Processing /opt/airflow/dags/health_check_kafka_server.py took 0.074 seconds
[2026-05-31T10:29:57.869+0000] {processor.py:186} INFO - Started process (PID=17693) to work on /opt/airflow/dags/health_check_kafka_server.py
[2026-05-31T10:29:57.870+0000] {processor.py:914} INFO - Processing file /opt/airflow/dags/health_check_kafka_server.py for tasks to queue
[2026-05-31T10:29:57.873+0000] {logging_mixin.py:190} INFO - [2026-05-31T10:29:57.872+0000] {dagbag.py:588} INFO - Filling up the DagBag from /opt/airflow/dags/health_check_kafka_server.py
[2026-05-31T10:29:57.883+0000] {processor.py:925} INFO - DAG(s) 'health_check_kafka_server' retrieved from /opt/airflow/dags/health_check_kafka_server.py
[2026-05-31T10:29:57.904+0000] {logging_mixin.py:190} INFO - [2026-05-31T10:29:57.904+0000] {dag.py:3239} INFO - Sync 1 DAGs
[2026-05-31T10:29:57.926+0000] {logging_mixin.py:190} INFO - [2026-05-31T10:29:57.925+0000] {dag.py:4180} INFO - Setting next_dagrun for health_check_kafka_server to 2026-05-31 10:26:00+00:00, run_after=2026-05-31 10:28:00+00:00
[2026-05-31T10:29:57.940+0000] {processor.py:208} INFO - Processing /opt/airflow/dags/health_check_kafka_server.py took 0.076 seconds
[2026-05-31T10:30:27.987+0000] {processor.py:186} INFO - Started process (PID=17717) to work on /opt/airflow/dags/health_check_kafka_server.py
[2026-05-31T10:30:27.987+0000] {processor.py:914} INFO - Processing file /opt/airflow/dags/health_check_kafka_server.py for tasks to queue
[2026-05-31T10:30:27.989+0000] {logging_mixin.py:190} INFO - [2026-05-31T10:30:27.989+0000] {dagbag.py:588} INFO - Filling up the DagBag from /opt/airflow/dags/health_check_kafka_server.py
[2026-05-31T10:30:27.997+0000] {processor.py:925} INFO - DAG(s) 'health_check_kafka_server' retrieved from /opt/airflow/dags/health_check_kafka_server.py
[2026-05-31T10:30:28.018+0000] {logging_mixin.py:190} INFO - [2026-05-31T10:30:28.017+0000] {dag.py:3239} INFO - Sync 1 DAGs
[2026-05-31T10:30:28.039+0000] {logging_mixin.py:190} INFO - [2026-05-31T10:30:28.039+0000] {dag.py:4180} INFO - Setting next_dagrun for health_check_kafka_server to 2026-05-31 10:28:00+00:00, run_after=2026-05-31 10:30:00+00:00
[2026-05-31T10:30:28.053+0000] {processor.py:208} INFO - Processing /opt/airflow/dags/health_check_kafka_server.py took 0.071 seconds
[2026-05-31T10:30:58.253+0000] {processor.py:186} INFO - Started process (PID=17741) to work on /opt/airflow/dags/health_check_kafka_server.py
[2026-05-31T10:30:58.254+0000] {processor.py:914} INFO - Processing file /opt/airflow/dags/health_check_kafka_server.py for tasks to queue
[2026-05-31T10:30:58.256+0000] {logging_mixin.py:190} INFO - [2026-05-31T10:30:58.255+0000] {dagbag.py:588} INFO - Filling up the DagBag from /opt/airflow/dags/health_check_kafka_server.py
[2026-05-31T10:30:58.264+0000] {processor.py:925} INFO - DAG(s) 'health_check_kafka_server' retrieved from /opt/airflow/dags/health_check_kafka_server.py
[2026-05-31T10:30:58.285+0000] {logging_mixin.py:190} INFO - [2026-05-31T10:30:58.285+0000] {dag.py:3239} INFO - Sync 1 DAGs
[2026-05-31T10:30:58.306+0000] {logging_mixin.py:190} INFO - [2026-05-31T10:30:58.306+0000] {dag.py:4180} INFO - Setting next_dagrun for health_check_kafka_server to 2026-05-31 10:28:00+00:00, run_after=2026-05-31 10:30:00+00:00
[2026-05-31T10:30:58.320+0000] {processor.py:208} INFO - Processing /opt/airflow/dags/health_check_kafka_server.py took 0.072 seconds
[2026-05-31T10:31:29.222+0000] {processor.py:186} INFO - Started process (PID=17771) to work on /opt/airflow/dags/health_check_kafka_server.py
[2026-05-31T10:31:29.222+0000] {processor.py:914} INFO - Processing file /opt/airflow/dags/health_check_kafka_server.py for tasks to queue
[2026-05-31T10:31:29.224+0000] {logging_mixin.py:190} INFO - [2026-05-31T10:31:29.224+0000] {dagbag.py:588} INFO - Filling up the DagBag from /opt/airflow/dags/health_check_kafka_server.py
[2026-05-31T10:31:29.232+0000] {processor.py:925} INFO - DAG(s) 'health_check_kafka_server' retrieved from /opt/airflow/dags/health_check_kafka_server.py
[2026-05-31T10:31:29.253+0000] {logging_mixin.py:190} INFO - [2026-05-31T10:31:29.252+0000] {dag.py:3239} INFO - Sync 1 DAGs
[2026-05-31T10:31:29.274+0000] {logging_mixin.py:190} INFO - [2026-05-31T10:31:29.274+0000] {dag.py:4180} INFO - Setting next_dagrun for health_check_kafka_server to 2026-05-31 10:28:00+00:00, run_after=2026-05-31 10:30:00+00:00
[2026-05-31T10:31:29.288+0000] {processor.py:208} INFO - Processing /opt/airflow/dags/health_check_kafka_server.py took 0.071 seconds
[2026-05-31T10:31:59.398+0000] {processor.py:186} INFO - Started process (PID=17795) to work on /opt/airflow/dags/health_check_kafka_server.py
[2026-05-31T10:31:59.399+0000] {processor.py:914} INFO - Processing file /opt/airflow/dags/health_check_kafka_server.py for tasks to queue
[2026-05-31T10:31:59.401+0000] {logging_mixin.py:190} INFO - [2026-05-31T10:31:59.400+0000] {dagbag.py:588} INFO - Filling up the DagBag from /opt/airflow/dags/health_check_kafka_server.py
[2026-05-31T10:31:59.409+0000] {processor.py:925} INFO - DAG(s) 'health_check_kafka_server' retrieved from /opt/airflow/dags/health_check_kafka_server.py
[2026-05-31T10:31:59.427+0000] {logging_mixin.py:190} INFO - [2026-05-31T10:31:59.427+0000] {dag.py:3239} INFO - Sync 1 DAGs
[2026-05-31T10:31:59.447+0000] {logging_mixin.py:190} INFO - [2026-05-31T10:31:59.446+0000] {dag.py:4180} INFO - Setting next_dagrun for health_check_kafka_server to 2026-05-31 10:28:00+00:00, run_after=2026-05-31 10:30:00+00:00
[2026-05-31T10:31:59.461+0000] {processor.py:208} INFO - Processing /opt/airflow/dags/health_check_kafka_server.py took 0.068 seconds
[2026-05-31T10:32:29.509+0000] {processor.py:186} INFO - Started process (PID=17820) to work on /opt/airflow/dags/health_check_kafka_server.py
[2026-05-31T10:32:29.510+0000] {processor.py:914} INFO - Processing file /opt/airflow/dags/health_check_kafka_server.py for tasks to queue
[2026-05-31T10:32:29.512+0000] {logging_mixin.py:190} INFO - [2026-05-31T10:32:29.512+0000] {dagbag.py:588} INFO - Filling up the DagBag from /opt/airflow/dags/health_check_kafka_server.py
[2026-05-31T10:32:29.521+0000] {processor.py:925} INFO - DAG(s) 'health_check_kafka_server' retrieved from /opt/airflow/dags/health_check_kafka_server.py
[2026-05-31T10:32:29.541+0000] {logging_mixin.py:190} INFO - [2026-05-31T10:32:29.541+0000] {dag.py:3239} INFO - Sync 1 DAGs
[2026-05-31T10:32:29.562+0000] {logging_mixin.py:190} INFO - [2026-05-31T10:32:29.562+0000] {dag.py:4180} INFO - Setting next_dagrun for health_check_kafka_server to 2026-05-31 10:30:00+00:00, run_after=2026-05-31 10:32:00+00:00
[2026-05-31T10:32:29.575+0000] {processor.py:208} INFO - Processing /opt/airflow/dags/health_check_kafka_server.py took 0.071 seconds
[2026-05-31T10:32:59.758+0000] {processor.py:186} INFO - Started process (PID=17845) to work on /opt/airflow/dags/health_check_kafka_server.py
[2026-05-31T10:32:59.759+0000] {processor.py:914} INFO - Processing file /opt/airflow/dags/health_check_kafka_server.py for tasks to queue
[2026-05-31T10:32:59.761+0000] {logging_mixin.py:190} INFO - [2026-05-31T10:32:59.761+0000] {dagbag.py:588} INFO - Filling up the DagBag from /opt/airflow/dags/health_check_kafka_server.py
[2026-05-31T10:32:59.770+0000] {processor.py:925} INFO - DAG(s) 'health_check_kafka_server' retrieved from /opt/airflow/dags/health_check_kafka_server.py
[2026-05-31T10:32:59.791+0000] {logging_mixin.py:190} INFO - [2026-05-31T10:32:59.791+0000] {dag.py:3239} INFO - Sync 1 DAGs
[2026-05-31T10:32:59.813+0000] {logging_mixin.py:190} INFO - [2026-05-31T10:32:59.812+0000] {dag.py:4180} INFO - Setting next_dagrun for health_check_kafka_server to 2026-05-31 10:30:00+00:00, run_after=2026-05-31 10:32:00+00:00
[2026-05-31T10:32:59.826+0000] {processor.py:208} INFO - Processing /opt/airflow/dags/health_check_kafka_server.py took 0.073 seconds
[2026-05-31T10:33:30.027+0000] {processor.py:186} INFO - Started process (PID=17870) to work on /opt/airflow/dags/health_check_kafka_server.py
[2026-05-31T10:33:30.028+0000] {processor.py:914} INFO - Processing file /opt/airflow/dags/health_check_kafka_server.py for tasks to queue
[2026-05-31T10:33:30.030+0000] {logging_mixin.py:190} INFO - [2026-05-31T10:33:30.030+0000] {dagbag.py:588} INFO - Filling up the DagBag from /opt/airflow/dags/health_check_kafka_server.py
[2026-05-31T10:33:30.038+0000] {processor.py:925} INFO - DAG(s) 'health_check_kafka_server' retrieved from /opt/airflow/dags/health_check_kafka_server.py
[2026-05-31T10:33:30.055+0000] {logging_mixin.py:190} INFO - [2026-05-31T10:33:30.055+0000] {dag.py:3239} INFO - Sync 1 DAGs
[2026-05-31T10:33:30.074+0000] {logging_mixin.py:190} INFO - [2026-05-31T10:33:30.074+0000] {dag.py:4180} INFO - Setting next_dagrun for health_check_kafka_server to 2026-05-31 10:30:00+00:00, run_after=2026-05-31 10:32:00+00:00
[2026-05-31T10:33:30.093+0000] {processor.py:208} INFO - Processing /opt/airflow/dags/health_check_kafka_server.py took 0.074 seconds
[2026-05-31T10:34:00.278+0000] {processor.py:186} INFO - Started process (PID=17894) to work on /opt/airflow/dags/health_check_kafka_server.py
[2026-05-31T10:34:00.279+0000] {processor.py:914} INFO - Processing file /opt/airflow/dags/health_check_kafka_server.py for tasks to queue
[2026-05-31T10:34:00.280+0000] {logging_mixin.py:190} INFO - [2026-05-31T10:34:00.280+0000] {dagbag.py:588} INFO - Filling up the DagBag from /opt/airflow/dags/health_check_kafka_server.py
[2026-05-31T10:34:00.288+0000] {processor.py:925} INFO - DAG(s) 'health_check_kafka_server' retrieved from /opt/airflow/dags/health_check_kafka_server.py
[2026-05-31T10:34:00.309+0000] {logging_mixin.py:190} INFO - [2026-05-31T10:34:00.309+0000] {dag.py:3239} INFO - Sync 1 DAGs
[2026-05-31T10:34:00.331+0000] {logging_mixin.py:190} INFO - [2026-05-31T10:34:00.330+0000] {dag.py:4180} INFO - Setting next_dagrun for health_check_kafka_server to 2026-05-31 10:32:00+00:00, run_after=2026-05-31 10:34:00+00:00
[2026-05-31T10:34:00.345+0000] {processor.py:208} INFO - Processing /opt/airflow/dags/health_check_kafka_server.py took 0.072 seconds
[2026-05-31T10:34:31.425+0000] {processor.py:186} INFO - Started process (PID=17919) to work on /opt/airflow/dags/health_check_kafka_server.py
[2026-05-31T10:34:31.426+0000] {processor.py:914} INFO - Processing file /opt/airflow/dags/health_check_kafka_server.py for tasks to queue
[2026-05-31T10:34:31.429+0000] {logging_mixin.py:190} INFO - [2026-05-31T10:34:31.429+0000] {dagbag.py:588} INFO - Filling up the DagBag from /opt/airflow/dags/health_check_kafka_server.py
[2026-05-31T10:34:31.437+0000] {processor.py:925} INFO - DAG(s) 'health_check_kafka_server' retrieved from /opt/airflow/dags/health_check_kafka_server.py
[2026-05-31T10:34:31.454+0000] {logging_mixin.py:190} INFO - [2026-05-31T10:34:31.454+0000] {dag.py:3239} INFO - Sync 1 DAGs
[2026-05-31T10:34:31.473+0000] {logging_mixin.py:190} INFO - [2026-05-31T10:34:31.472+0000] {dag.py:4180} INFO - Setting next_dagrun for health_check_kafka_server to 2026-05-31 10:32:00+00:00, run_after=2026-05-31 10:34:00+00:00
[2026-05-31T10:34:31.486+0000] {processor.py:208} INFO - Processing /opt/airflow/dags/health_check_kafka_server.py took 0.072 seconds
[2026-05-31T10:35:01.523+0000] {processor.py:186} INFO - Started process (PID=17938) to work on /opt/airflow/dags/health_check_kafka_server.py
[2026-05-31T10:35:01.524+0000] {processor.py:914} INFO - Processing file /opt/airflow/dags/health_check_kafka_server.py for tasks to queue
[2026-05-31T10:35:01.526+0000] {logging_mixin.py:190} INFO - [2026-05-31T10:35:01.526+0000] {dagbag.py:588} INFO - Filling up the DagBag from /opt/airflow/dags/health_check_kafka_server.py
[2026-05-31T10:35:01.535+0000] {processor.py:925} INFO - DAG(s) 'health_check_kafka_server' retrieved from /opt/airflow/dags/health_check_kafka_server.py
[2026-05-31T10:35:01.554+0000] {logging_mixin.py:190} INFO - [2026-05-31T10:35:01.554+0000] {dag.py:3239} INFO - Sync 1 DAGs
[2026-05-31T10:35:01.576+0000] {logging_mixin.py:190} INFO - [2026-05-31T10:35:01.576+0000] {dag.py:4180} INFO - Setting next_dagrun for health_check_kafka_server to 2026-05-31 10:32:00+00:00, run_after=2026-05-31 10:34:00+00:00
[2026-05-31T10:35:01.589+0000] {processor.py:208} INFO - Processing /opt/airflow/dags/health_check_kafka_server.py took 0.072 seconds
[2026-05-31T10:35:32.523+0000] {processor.py:186} INFO - Started process (PID=17961) to work on /opt/airflow/dags/health_check_kafka_server.py
[2026-05-31T10:35:32.525+0000] {processor.py:914} INFO - Processing file /opt/airflow/dags/health_check_kafka_server.py for tasks to queue
[2026-05-31T10:35:32.528+0000] {logging_mixin.py:190} INFO - [2026-05-31T10:35:32.528+0000] {dagbag.py:588} INFO - Filling up the DagBag from /opt/airflow/dags/health_check_kafka_server.py
[2026-05-31T10:35:32.538+0000] {processor.py:925} INFO - DAG(s) 'health_check_kafka_server' retrieved from /opt/airflow/dags/health_check_kafka_server.py
[2026-05-31T10:35:32.558+0000] {logging_mixin.py:190} INFO - [2026-05-31T10:35:32.558+0000] {dag.py:3239} INFO - Sync 1 DAGs
[2026-05-31T10:35:32.577+0000] {logging_mixin.py:190} INFO - [2026-05-31T10:35:32.577+0000] {dag.py:4180} INFO - Setting next_dagrun for health_check_kafka_server to 2026-05-31 10:32:00+00:00, run_after=2026-05-31 10:34:00+00:00
[2026-05-31T10:35:32.591+0000] {processor.py:208} INFO - Processing /opt/airflow/dags/health_check_kafka_server.py took 0.073 seconds
[2026-05-31T10:36:03.500+0000] {processor.py:186} INFO - Started process (PID=17985) to work on /opt/airflow/dags/health_check_kafka_server.py
[2026-05-31T10:36:03.501+0000] {processor.py:914} INFO - Processing file /opt/airflow/dags/health_check_kafka_server.py for tasks to queue
[2026-05-31T10:36:03.503+0000] {logging_mixin.py:190} INFO - [2026-05-31T10:36:03.502+0000] {dagbag.py:588} INFO - Filling up the DagBag from /opt/airflow/dags/health_check_kafka_server.py
[2026-05-31T10:36:03.511+0000] {processor.py:925} INFO - DAG(s) 'health_check_kafka_server' retrieved from /opt/airflow/dags/health_check_kafka_server.py
[2026-05-31T10:36:03.531+0000] {logging_mixin.py:190} INFO - [2026-05-31T10:36:03.531+0000] {dag.py:3239} INFO - Sync 1 DAGs
[2026-05-31T10:36:03.552+0000] {logging_mixin.py:190} INFO - [2026-05-31T10:36:03.552+0000] {dag.py:4180} INFO - Setting next_dagrun for health_check_kafka_server to 2026-05-31 10:34:00+00:00, run_after=2026-05-31 10:36:00+00:00
[2026-05-31T10:36:03.567+0000] {processor.py:208} INFO - Processing /opt/airflow/dags/health_check_kafka_server.py took 0.072 seconds
[2026-05-31T10:36:34.411+0000] {processor.py:186} INFO - Started process (PID=18009) to work on /opt/airflow/dags/health_check_kafka_server.py
[2026-05-31T10:36:34.412+0000] {processor.py:914} INFO - Processing file /opt/airflow/dags/health_check_kafka_server.py for tasks to queue
[2026-05-31T10:36:34.414+0000] {logging_mixin.py:190} INFO - [2026-05-31T10:36:34.413+0000] {dagbag.py:588} INFO - Filling up the DagBag from /opt/airflow/dags/health_check_kafka_server.py
[2026-05-31T10:36:34.425+0000] {processor.py:925} INFO - DAG(s) 'health_check_kafka_server' retrieved from /opt/airflow/dags/health_check_kafka_server.py
[2026-05-31T10:36:34.446+0000] {logging_mixin.py:190} INFO - [2026-05-31T10:36:34.446+0000] {dag.py:3239} INFO - Sync 1 DAGs
[2026-05-31T10:36:34.466+0000] {logging_mixin.py:190} INFO - [2026-05-31T10:36:34.466+0000] {dag.py:4180} INFO - Setting next_dagrun for health_check_kafka_server to 2026-05-31 10:34:00+00:00, run_after=2026-05-31 10:36:00+00:00
[2026-05-31T10:36:34.479+0000] {processor.py:208} INFO - Processing /opt/airflow/dags/health_check_kafka_server.py took 0.073 seconds
[2026-05-31T10:37:05.400+0000] {processor.py:186} INFO - Started process (PID=18034) to work on /opt/airflow/dags/health_check_kafka_server.py
[2026-05-31T10:37:05.403+0000] {processor.py:914} INFO - Processing file /opt/airflow/dags/health_check_kafka_server.py for tasks to queue
[2026-05-31T10:37:05.405+0000] {logging_mixin.py:190} INFO - [2026-05-31T10:37:05.404+0000] {dagbag.py:588} INFO - Filling up the DagBag from /opt/airflow/dags/health_check_kafka_server.py
[2026-05-31T10:37:05.412+0000] {processor.py:925} INFO - DAG(s) 'health_check_kafka_server' retrieved from /opt/airflow/dags/health_check_kafka_server.py
[2026-05-31T10:37:05.433+0000] {logging_mixin.py:190} INFO - [2026-05-31T10:37:05.432+0000] {dag.py:3239} INFO - Sync 1 DAGs
[2026-05-31T10:37:05.453+0000] {logging_mixin.py:190} INFO - [2026-05-31T10:37:05.453+0000] {dag.py:4180} INFO - Setting next_dagrun for health_check_kafka_server to 2026-05-31 10:34:00+00:00, run_after=2026-05-31 10:36:00+00:00
[2026-05-31T10:37:05.466+0000] {processor.py:208} INFO - Processing /opt/airflow/dags/health_check_kafka_server.py took 0.071 seconds
[2026-05-31T10:37:35.614+0000] {processor.py:186} INFO - Started process (PID=18058) to work on /opt/airflow/dags/health_check_kafka_server.py
[2026-05-31T10:37:35.614+0000] {processor.py:914} INFO - Processing file /opt/airflow/dags/health_check_kafka_server.py for tasks to queue
[2026-05-31T10:37:35.616+0000] {logging_mixin.py:190} INFO - [2026-05-31T10:37:35.616+0000] {dagbag.py:588} INFO - Filling up the DagBag from /opt/airflow/dags/health_check_kafka_server.py
[2026-05-31T10:37:35.626+0000] {processor.py:925} INFO - DAG(s) 'health_check_kafka_server' retrieved from /opt/airflow/dags/health_check_kafka_server.py
[2026-05-31T10:37:35.646+0000] {logging_mixin.py:190} INFO - [2026-05-31T10:37:35.645+0000] {dag.py:3239} INFO - Sync 1 DAGs
[2026-05-31T10:37:35.665+0000] {logging_mixin.py:190} INFO - [2026-05-31T10:37:35.664+0000] {dag.py:4180} INFO - Setting next_dagrun for health_check_kafka_server to 2026-05-31 10:34:00+00:00, run_after=2026-05-31 10:36:00+00:00
[2026-05-31T10:37:35.678+0000] {processor.py:208} INFO - Processing /opt/airflow/dags/health_check_kafka_server.py took 0.069 seconds
[2026-05-31T10:38:06.664+0000] {processor.py:186} INFO - Started process (PID=18083) to work on /opt/airflow/dags/health_check_kafka_server.py
[2026-05-31T10:38:06.665+0000] {processor.py:914} INFO - Processing file /opt/airflow/dags/health_check_kafka_server.py for tasks to queue
[2026-05-31T10:38:06.668+0000] {logging_mixin.py:190} INFO - [2026-05-31T10:38:06.668+0000] {dagbag.py:588} INFO - Filling up the DagBag from /opt/airflow/dags/health_check_kafka_server.py
[2026-05-31T10:38:06.678+0000] {processor.py:925} INFO - DAG(s) 'health_check_kafka_server' retrieved from /opt/airflow/dags/health_check_kafka_server.py
[2026-05-31T10:38:06.700+0000] {logging_mixin.py:190} INFO - [2026-05-31T10:38:06.700+0000] {dag.py:3239} INFO - Sync 1 DAGs
[2026-05-31T10:38:06.723+0000] {logging_mixin.py:190} INFO - [2026-05-31T10:38:06.723+0000] {dag.py:4180} INFO - Setting next_dagrun for health_check_kafka_server to 2026-05-31 10:36:00+00:00, run_after=2026-05-31 10:38:00+00:00
[2026-05-31T10:38:06.740+0000] {processor.py:208} INFO - Processing /opt/airflow/dags/health_check_kafka_server.py took 0.082 seconds
[2026-05-31T10:38:37.804+0000] {processor.py:186} INFO - Started process (PID=18107) to work on /opt/airflow/dags/health_check_kafka_server.py
[2026-05-31T10:38:37.805+0000] {processor.py:914} INFO - Processing file /opt/airflow/dags/health_check_kafka_server.py for tasks to queue
[2026-05-31T10:38:37.809+0000] {logging_mixin.py:190} INFO - [2026-05-31T10:38:37.808+0000] {dagbag.py:588} INFO - Filling up the DagBag from /opt/airflow/dags/health_check_kafka_server.py
[2026-05-31T10:38:37.826+0000] {processor.py:925} INFO - DAG(s) 'health_check_kafka_server' retrieved from /opt/airflow/dags/health_check_kafka_server.py
[2026-05-31T10:38:37.860+0000] {logging_mixin.py:190} INFO - [2026-05-31T10:38:37.860+0000] {dag.py:3239} INFO - Sync 1 DAGs
[2026-05-31T10:38:37.883+0000] {logging_mixin.py:190} INFO - [2026-05-31T10:38:37.883+0000] {dag.py:4180} INFO - Setting next_dagrun for health_check_kafka_server to 2026-05-31 10:36:00+00:00, run_after=2026-05-31 10:38:00+00:00
[2026-05-31T10:38:37.908+0000] {processor.py:208} INFO - Processing /opt/airflow/dags/health_check_kafka_server.py took 0.112 seconds
[2026-05-31T10:39:08.000+0000] {processor.py:186} INFO - Started process (PID=18131) to work on /opt/airflow/dags/health_check_kafka_server.py
[2026-05-31T10:39:08.001+0000] {processor.py:914} INFO - Processing file /opt/airflow/dags/health_check_kafka_server.py for tasks to queue
[2026-05-31T10:39:08.003+0000] {logging_mixin.py:190} INFO - [2026-05-31T10:39:08.003+0000] {dagbag.py:588} INFO - Filling up the DagBag from /opt/airflow/dags/health_check_kafka_server.py
[2026-05-31T10:39:08.011+0000] {processor.py:925} INFO - DAG(s) 'health_check_kafka_server' retrieved from /opt/airflow/dags/health_check_kafka_server.py
[2026-05-31T10:39:08.031+0000] {logging_mixin.py:190} INFO - [2026-05-31T10:39:08.030+0000] {dag.py:3239} INFO - Sync 1 DAGs
[2026-05-31T10:39:08.052+0000] {logging_mixin.py:190} INFO - [2026-05-31T10:39:08.052+0000] {dag.py:4180} INFO - Setting next_dagrun for health_check_kafka_server to 2026-05-31 10:36:00+00:00, run_after=2026-05-31 10:38:00+00:00
[2026-05-31T10:39:08.066+0000] {processor.py:208} INFO - Processing /opt/airflow/dags/health_check_kafka_server.py took 0.070 seconds
[2026-05-31T10:39:38.130+0000] {processor.py:186} INFO - Started process (PID=18155) to work on /opt/airflow/dags/health_check_kafka_server.py
[2026-05-31T10:39:38.131+0000] {processor.py:914} INFO - Processing file /opt/airflow/dags/health_check_kafka_server.py for tasks to queue
[2026-05-31T10:39:38.133+0000] {logging_mixin.py:190} INFO - [2026-05-31T10:39:38.132+0000] {dagbag.py:588} INFO - Filling up the DagBag from /opt/airflow/dags/health_check_kafka_server.py
[2026-05-31T10:39:38.141+0000] {processor.py:925} INFO - DAG(s) 'health_check_kafka_server' retrieved from /opt/airflow/dags/health_check_kafka_server.py
[2026-05-31T10:39:38.159+0000] {logging_mixin.py:190} INFO - [2026-05-31T10:39:38.159+0000] {dag.py:3239} INFO - Sync 1 DAGs
[2026-05-31T10:39:38.180+0000] {logging_mixin.py:190} INFO - [2026-05-31T10:39:38.179+0000] {dag.py:4180} INFO - Setting next_dagrun for health_check_kafka_server to 2026-05-31 10:36:00+00:00, run_after=2026-05-31 10:38:00+00:00
[2026-05-31T10:39:38.193+0000] {processor.py:208} INFO - Processing /opt/airflow/dags/health_check_kafka_server.py took 0.068 seconds
[2026-05-31T10:40:08.289+0000] {processor.py:186} INFO - Started process (PID=18179) to work on /opt/airflow/dags/health_check_kafka_server.py
[2026-05-31T10:40:08.291+0000] {processor.py:914} INFO - Processing file /opt/airflow/dags/health_check_kafka_server.py for tasks to queue
[2026-05-31T10:40:08.294+0000] {logging_mixin.py:190} INFO - [2026-05-31T10:40:08.294+0000] {dagbag.py:588} INFO - Filling up the DagBag from /opt/airflow/dags/health_check_kafka_server.py
[2026-05-31T10:40:08.308+0000] {processor.py:925} INFO - DAG(s) 'health_check_kafka_server' retrieved from /opt/airflow/dags/health_check_kafka_server.py
[2026-05-31T10:40:08.332+0000] {logging_mixin.py:190} INFO - [2026-05-31T10:40:08.332+0000] {dag.py:3239} INFO - Sync 1 DAGs
[2026-05-31T10:40:08.354+0000] {logging_mixin.py:190} INFO - [2026-05-31T10:40:08.354+0000] {dag.py:4180} INFO - Setting next_dagrun for health_check_kafka_server to 2026-05-31 10:38:00+00:00, run_after=2026-05-31 10:40:00+00:00
[2026-05-31T10:40:08.369+0000] {processor.py:208} INFO - Processing /opt/airflow/dags/health_check_kafka_server.py took 0.085 seconds
[2026-05-31T10:40:38.588+0000] {processor.py:186} INFO - Started process (PID=18203) to work on /opt/airflow/dags/health_check_kafka_server.py
[2026-05-31T10:40:38.588+0000] {processor.py:914} INFO - Processing file /opt/airflow/dags/health_check_kafka_server.py for tasks to queue
[2026-05-31T10:40:38.591+0000] {logging_mixin.py:190} INFO - [2026-05-31T10:40:38.591+0000] {dagbag.py:588} INFO - Filling up the DagBag from /opt/airflow/dags/health_check_kafka_server.py
[2026-05-31T10:40:38.600+0000] {processor.py:925} INFO - DAG(s) 'health_check_kafka_server' retrieved from /opt/airflow/dags/health_check_kafka_server.py
[2026-05-31T10:40:38.619+0000] {logging_mixin.py:190} INFO - [2026-05-31T10:40:38.619+0000] {dag.py:3239} INFO - Sync 1 DAGs
[2026-05-31T10:40:38.658+0000] {logging_mixin.py:190} INFO - [2026-05-31T10:40:38.658+0000] {dag.py:4180} INFO - Setting next_dagrun for health_check_kafka_server to 2026-05-31 10:38:00+00:00, run_after=2026-05-31 10:40:00+00:00
[2026-05-31T10:40:38.677+0000] {processor.py:208} INFO - Processing /opt/airflow/dags/health_check_kafka_server.py took 0.094 seconds
[2026-05-31T10:41:08.931+0000] {processor.py:186} INFO - Started process (PID=18227) to work on /opt/airflow/dags/health_check_kafka_server.py
[2026-05-31T10:41:08.932+0000] {processor.py:914} INFO - Processing file /opt/airflow/dags/health_check_kafka_server.py for tasks to queue
[2026-05-31T10:41:08.935+0000] {logging_mixin.py:190} INFO - [2026-05-31T10:41:08.935+0000] {dagbag.py:588} INFO - Filling up the DagBag from /opt/airflow/dags/health_check_kafka_server.py
[2026-05-31T10:41:08.946+0000] {processor.py:925} INFO - DAG(s) 'health_check_kafka_server' retrieved from /opt/airflow/dags/health_check_kafka_server.py
[2026-05-31T10:41:08.965+0000] {logging_mixin.py:190} INFO - [2026-05-31T10:41:08.965+0000] {dag.py:3239} INFO - Sync 1 DAGs
[2026-05-31T10:41:08.987+0000] {logging_mixin.py:190} INFO - [2026-05-31T10:41:08.987+0000] {dag.py:4180} INFO - Setting next_dagrun for health_check_kafka_server to 2026-05-31 10:38:00+00:00, run_after=2026-05-31 10:40:00+00:00
[2026-05-31T10:41:09.007+0000] {processor.py:208} INFO - Processing /opt/airflow/dags/health_check_kafka_server.py took 0.083 seconds
[2026-05-31T10:41:39.843+0000] {processor.py:186} INFO - Started process (PID=18252) to work on /opt/airflow/dags/health_check_kafka_server.py
[2026-05-31T10:41:39.844+0000] {processor.py:914} INFO - Processing file /opt/airflow/dags/health_check_kafka_server.py for tasks to queue
[2026-05-31T10:41:39.846+0000] {logging_mixin.py:190} INFO - [2026-05-31T10:41:39.846+0000] {dagbag.py:588} INFO - Filling up the DagBag from /opt/airflow/dags/health_check_kafka_server.py
[2026-05-31T10:41:39.856+0000] {processor.py:925} INFO - DAG(s) 'health_check_kafka_server' retrieved from /opt/airflow/dags/health_check_kafka_server.py
[2026-05-31T10:41:39.876+0000] {logging_mixin.py:190} INFO - [2026-05-31T10:41:39.876+0000] {dag.py:3239} INFO - Sync 1 DAGs
[2026-05-31T10:41:39.897+0000] {logging_mixin.py:190} INFO - [2026-05-31T10:41:39.896+0000] {dag.py:4180} INFO - Setting next_dagrun for health_check_kafka_server to 2026-05-31 10:38:00+00:00, run_after=2026-05-31 10:40:00+00:00
[2026-05-31T10:41:39.911+0000] {processor.py:208} INFO - Processing /opt/airflow/dags/health_check_kafka_server.py took 0.074 seconds
[2026-05-31T10:42:09.961+0000] {processor.py:186} INFO - Started process (PID=18271) to work on /opt/airflow/dags/health_check_kafka_server.py
[2026-05-31T10:42:09.962+0000] {processor.py:914} INFO - Processing file /opt/airflow/dags/health_check_kafka_server.py for tasks to queue
[2026-05-31T10:42:09.964+0000] {logging_mixin.py:190} INFO - [2026-05-31T10:42:09.964+0000] {dagbag.py:588} INFO - Filling up the DagBag from /opt/airflow/dags/health_check_kafka_server.py
[2026-05-31T10:42:09.973+0000] {processor.py:925} INFO - DAG(s) 'health_check_kafka_server' retrieved from /opt/airflow/dags/health_check_kafka_server.py
[2026-05-31T10:42:09.991+0000] {logging_mixin.py:190} INFO - [2026-05-31T10:42:09.990+0000] {dag.py:3239} INFO - Sync 1 DAGs
[2026-05-31T10:42:10.010+0000] {logging_mixin.py:190} INFO - [2026-05-31T10:42:10.010+0000] {dag.py:4180} INFO - Setting next_dagrun for health_check_kafka_server to 2026-05-31 10:40:00+00:00, run_after=2026-05-31 10:42:00+00:00
[2026-05-31T10:42:10.023+0000] {processor.py:208} INFO - Processing /opt/airflow/dags/health_check_kafka_server.py took 0.067 seconds
[2026-05-31T10:42:41.042+0000] {processor.py:186} INFO - Started process (PID=18294) to work on /opt/airflow/dags/health_check_kafka_server.py
[2026-05-31T10:42:41.042+0000] {processor.py:914} INFO - Processing file /opt/airflow/dags/health_check_kafka_server.py for tasks to queue
[2026-05-31T10:42:41.044+0000] {logging_mixin.py:190} INFO - [2026-05-31T10:42:41.044+0000] {dagbag.py:588} INFO - Filling up the DagBag from /opt/airflow/dags/health_check_kafka_server.py
[2026-05-31T10:42:41.054+0000] {processor.py:925} INFO - DAG(s) 'health_check_kafka_server' retrieved from /opt/airflow/dags/health_check_kafka_server.py
[2026-05-31T10:42:41.072+0000] {logging_mixin.py:190} INFO - [2026-05-31T10:42:41.072+0000] {dag.py:3239} INFO - Sync 1 DAGs
[2026-05-31T10:42:41.096+0000] {logging_mixin.py:190} INFO - [2026-05-31T10:42:41.096+0000] {dag.py:4180} INFO - Setting next_dagrun for health_check_kafka_server to 2026-05-31 10:40:00+00:00, run_after=2026-05-31 10:42:00+00:00
[2026-05-31T10:42:41.110+0000] {processor.py:208} INFO - Processing /opt/airflow/dags/health_check_kafka_server.py took 0.074 seconds
[2026-05-31T10:43:12.061+0000] {processor.py:186} INFO - Started process (PID=18318) to work on /opt/airflow/dags/health_check_kafka_server.py
[2026-05-31T10:43:12.062+0000] {processor.py:914} INFO - Processing file /opt/airflow/dags/health_check_kafka_server.py for tasks to queue
[2026-05-31T10:43:12.065+0000] {logging_mixin.py:190} INFO - [2026-05-31T10:43:12.065+0000] {dagbag.py:588} INFO - Filling up the DagBag from /opt/airflow/dags/health_check_kafka_server.py
[2026-05-31T10:43:12.075+0000] {processor.py:925} INFO - DAG(s) 'health_check_kafka_server' retrieved from /opt/airflow/dags/health_check_kafka_server.py
[2026-05-31T10:43:12.093+0000] {logging_mixin.py:190} INFO - [2026-05-31T10:43:12.093+0000] {dag.py:3239} INFO - Sync 1 DAGs
[2026-05-31T10:43:12.114+0000] {logging_mixin.py:190} INFO - [2026-05-31T10:43:12.113+0000] {dag.py:4180} INFO - Setting next_dagrun for health_check_kafka_server to 2026-05-31 10:40:00+00:00, run_after=2026-05-31 10:42:00+00:00
[2026-05-31T10:43:12.130+0000] {processor.py:208} INFO - Processing /opt/airflow/dags/health_check_kafka_server.py took 0.075 seconds
[2026-05-31T10:43:42.974+0000] {processor.py:186} INFO - Started process (PID=18341) to work on /opt/airflow/dags/health_check_kafka_server.py
[2026-05-31T10:43:42.975+0000] {processor.py:914} INFO - Processing file /opt/airflow/dags/health_check_kafka_server.py for tasks to queue
[2026-05-31T10:43:42.978+0000] {logging_mixin.py:190} INFO - [2026-05-31T10:43:42.978+0000] {dagbag.py:588} INFO - Filling up the DagBag from /opt/airflow/dags/health_check_kafka_server.py
[2026-05-31T10:43:42.990+0000] {processor.py:925} INFO - DAG(s) 'health_check_kafka_server' retrieved from /opt/airflow/dags/health_check_kafka_server.py
[2026-05-31T10:43:43.009+0000] {logging_mixin.py:190} INFO - [2026-05-31T10:43:43.009+0000] {dag.py:3239} INFO - Sync 1 DAGs
[2026-05-31T10:43:43.032+0000] {logging_mixin.py:190} INFO - [2026-05-31T10:43:43.031+0000] {dag.py:4180} INFO - Setting next_dagrun for health_check_kafka_server to 2026-05-31 10:40:00+00:00, run_after=2026-05-31 10:42:00+00:00
[2026-05-31T10:43:43.047+0000] {processor.py:208} INFO - Processing /opt/airflow/dags/health_check_kafka_server.py took 0.080 seconds
[2026-05-31T10:44:13.829+0000] {processor.py:186} INFO - Started process (PID=18365) to work on /opt/airflow/dags/health_check_kafka_server.py
[2026-05-31T10:44:13.830+0000] {processor.py:914} INFO - Processing file /opt/airflow/dags/health_check_kafka_server.py for tasks to queue
[2026-05-31T10:44:13.832+0000] {logging_mixin.py:190} INFO - [2026-05-31T10:44:13.832+0000] {dagbag.py:588} INFO - Filling up the DagBag from /opt/airflow/dags/health_check_kafka_server.py
[2026-05-31T10:44:13.841+0000] {processor.py:925} INFO - DAG(s) 'health_check_kafka_server' retrieved from /opt/airflow/dags/health_check_kafka_server.py
[2026-05-31T10:44:13.860+0000] {logging_mixin.py:190} INFO - [2026-05-31T10:44:13.860+0000] {dag.py:3239} INFO - Sync 1 DAGs
[2026-05-31T10:44:13.882+0000] {logging_mixin.py:190} INFO - [2026-05-31T10:44:13.882+0000] {dag.py:4180} INFO - Setting next_dagrun for health_check_kafka_server to 2026-05-31 10:42:00+00:00, run_after=2026-05-31 10:44:00+00:00
[2026-05-31T10:44:13.904+0000] {processor.py:208} INFO - Processing /opt/airflow/dags/health_check_kafka_server.py took 0.080 seconds
[2026-05-31T10:44:44.595+0000] {processor.py:186} INFO - Started process (PID=18389) to work on /opt/airflow/dags/health_check_kafka_server.py
[2026-05-31T10:44:44.596+0000] {processor.py:914} INFO - Processing file /opt/airflow/dags/health_check_kafka_server.py for tasks to queue
[2026-05-31T10:44:44.598+0000] {logging_mixin.py:190} INFO - [2026-05-31T10:44:44.598+0000] {dagbag.py:588} INFO - Filling up the DagBag from /opt/airflow/dags/health_check_kafka_server.py
[2026-05-31T10:44:44.609+0000] {processor.py:925} INFO - DAG(s) 'health_check_kafka_server' retrieved from /opt/airflow/dags/health_check_kafka_server.py
[2026-05-31T10:44:44.628+0000] {logging_mixin.py:190} INFO - [2026-05-31T10:44:44.628+0000] {dag.py:3239} INFO - Sync 1 DAGs
[2026-05-31T10:44:44.649+0000] {logging_mixin.py:190} INFO - [2026-05-31T10:44:44.649+0000] {dag.py:4180} INFO - Setting next_dagrun for health_check_kafka_server to 2026-05-31 10:42:00+00:00, run_after=2026-05-31 10:44:00+00:00
[2026-05-31T10:44:44.663+0000] {processor.py:208} INFO - Processing /opt/airflow/dags/health_check_kafka_server.py took 0.073 seconds
[2026-05-31T10:45:15.219+0000] {processor.py:186} INFO - Started process (PID=18412) to work on /opt/airflow/dags/health_check_kafka_server.py
[2026-05-31T10:45:15.223+0000] {processor.py:914} INFO - Processing file /opt/airflow/dags/health_check_kafka_server.py for tasks to queue
[2026-05-31T10:45:15.225+0000] {logging_mixin.py:190} INFO - [2026-05-31T10:45:15.225+0000] {dagbag.py:588} INFO - Filling up the DagBag from /opt/airflow/dags/health_check_kafka_server.py
[2026-05-31T10:45:15.237+0000] {processor.py:925} INFO - DAG(s) 'health_check_kafka_server' retrieved from /opt/airflow/dags/health_check_kafka_server.py
[2026-05-31T10:45:15.267+0000] {logging_mixin.py:190} INFO - [2026-05-31T10:45:15.267+0000] {dag.py:3239} INFO - Sync 1 DAGs
[2026-05-31T10:45:15.309+0000] {logging_mixin.py:190} INFO - [2026-05-31T10:45:15.309+0000] {dag.py:4180} INFO - Setting next_dagrun for health_check_kafka_server to 2026-05-31 10:42:00+00:00, run_after=2026-05-31 10:44:00+00:00
[2026-05-31T10:45:15.323+0000] {processor.py:208} INFO - Processing /opt/airflow/dags/health_check_kafka_server.py took 0.110 seconds
[2026-05-31T10:45:45.443+0000] {processor.py:186} INFO - Started process (PID=18437) to work on /opt/airflow/dags/health_check_kafka_server.py
[2026-05-31T10:45:45.444+0000] {processor.py:914} INFO - Processing file /opt/airflow/dags/health_check_kafka_server.py for tasks to queue
[2026-05-31T10:45:45.446+0000] {logging_mixin.py:190} INFO - [2026-05-31T10:45:45.446+0000] {dagbag.py:588} INFO - Filling up the DagBag from /opt/airflow/dags/health_check_kafka_server.py
[2026-05-31T10:45:45.455+0000] {processor.py:925} INFO - DAG(s) 'health_check_kafka_server' retrieved from /opt/airflow/dags/health_check_kafka_server.py
[2026-05-31T10:45:45.477+0000] {logging_mixin.py:190} INFO - [2026-05-31T10:45:45.477+0000] {dag.py:3239} INFO - Sync 1 DAGs
[2026-05-31T10:45:45.496+0000] {logging_mixin.py:190} INFO - [2026-05-31T10:45:45.496+0000] {dag.py:4180} INFO - Setting next_dagrun for health_check_kafka_server to 2026-05-31 10:42:00+00:00, run_after=2026-05-31 10:44:00+00:00
[2026-05-31T10:45:45.509+0000] {processor.py:208} INFO - Processing /opt/airflow/dags/health_check_kafka_server.py took 0.071 seconds
[2026-05-31T10:46:15.642+0000] {processor.py:186} INFO - Started process (PID=18460) to work on /opt/airflow/dags/health_check_kafka_server.py
[2026-05-31T10:46:15.645+0000] {processor.py:914} INFO - Processing file /opt/airflow/dags/health_check_kafka_server.py for tasks to queue
[2026-05-31T10:46:15.649+0000] {logging_mixin.py:190} INFO - [2026-05-31T10:46:15.648+0000] {dagbag.py:588} INFO - Filling up the DagBag from /opt/airflow/dags/health_check_kafka_server.py
[2026-05-31T10:46:15.659+0000] {processor.py:925} INFO - DAG(s) 'health_check_kafka_server' retrieved from /opt/airflow/dags/health_check_kafka_server.py
[2026-05-31T10:46:15.692+0000] {logging_mixin.py:190} INFO - [2026-05-31T10:46:15.688+0000] {dag.py:3239} INFO - Sync 1 DAGs
[2026-05-31T10:46:15.726+0000] {logging_mixin.py:190} INFO - [2026-05-31T10:46:15.726+0000] {dag.py:4180} INFO - Setting next_dagrun for health_check_kafka_server to 2026-05-31 10:44:00+00:00, run_after=2026-05-31 10:46:00+00:00
[2026-05-31T10:46:15.742+0000] {processor.py:208} INFO - Processing /opt/airflow/dags/health_check_kafka_server.py took 0.104 seconds
[2026-05-31T10:46:46.330+0000] {processor.py:186} INFO - Started process (PID=18485) to work on /opt/airflow/dags/health_check_kafka_server.py
[2026-05-31T10:46:46.332+0000] {processor.py:914} INFO - Processing file /opt/airflow/dags/health_check_kafka_server.py for tasks to queue
[2026-05-31T10:46:46.335+0000] {logging_mixin.py:190} INFO - [2026-05-31T10:46:46.335+0000] {dagbag.py:588} INFO - Filling up the DagBag from /opt/airflow/dags/health_check_kafka_server.py
[2026-05-31T10:46:46.345+0000] {processor.py:925} INFO - DAG(s) 'health_check_kafka_server' retrieved from /opt/airflow/dags/health_check_kafka_server.py
[2026-05-31T10:46:46.365+0000] {logging_mixin.py:190} INFO - [2026-05-31T10:46:46.365+0000] {dag.py:3239} INFO - Sync 1 DAGs
[2026-05-31T10:46:46.385+0000] {logging_mixin.py:190} INFO - [2026-05-31T10:46:46.385+0000] {dag.py:4180} INFO - Setting next_dagrun for health_check_kafka_server to 2026-05-31 10:44:00+00:00, run_after=2026-05-31 10:46:00+00:00
[2026-05-31T10:46:46.413+0000] {processor.py:208} INFO - Processing /opt/airflow/dags/health_check_kafka_server.py took 0.092 seconds
[2026-05-31T10:47:16.543+0000] {processor.py:186} INFO - Started process (PID=18509) to work on /opt/airflow/dags/health_check_kafka_server.py
[2026-05-31T10:47:16.548+0000] {processor.py:914} INFO - Processing file /opt/airflow/dags/health_check_kafka_server.py for tasks to queue
[2026-05-31T10:47:16.552+0000] {logging_mixin.py:190} INFO - [2026-05-31T10:47:16.551+0000] {dagbag.py:588} INFO - Filling up the DagBag from /opt/airflow/dags/health_check_kafka_server.py
[2026-05-31T10:47:16.572+0000] {processor.py:925} INFO - DAG(s) 'health_check_kafka_server' retrieved from /opt/airflow/dags/health_check_kafka_server.py
[2026-05-31T10:47:16.633+0000] {logging_mixin.py:190} INFO - [2026-05-31T10:47:16.631+0000] {dag.py:3239} INFO - Sync 1 DAGs
[2026-05-31T10:47:16.654+0000] {logging_mixin.py:190} INFO - [2026-05-31T10:47:16.654+0000] {dag.py:4180} INFO - Setting next_dagrun for health_check_kafka_server to 2026-05-31 10:44:00+00:00, run_after=2026-05-31 10:46:00+00:00
[2026-05-31T10:47:16.670+0000] {processor.py:208} INFO - Processing /opt/airflow/dags/health_check_kafka_server.py took 0.136 seconds
[2026-05-31T10:47:47.024+0000] {processor.py:186} INFO - Started process (PID=18533) to work on /opt/airflow/dags/health_check_kafka_server.py
[2026-05-31T10:47:47.028+0000] {processor.py:914} INFO - Processing file /opt/airflow/dags/health_check_kafka_server.py for tasks to queue
[2026-05-31T10:47:47.031+0000] {logging_mixin.py:190} INFO - [2026-05-31T10:47:47.031+0000] {dagbag.py:588} INFO - Filling up the DagBag from /opt/airflow/dags/health_check_kafka_server.py
[2026-05-31T10:47:47.040+0000] {processor.py:925} INFO - DAG(s) 'health_check_kafka_server' retrieved from /opt/airflow/dags/health_check_kafka_server.py
[2026-05-31T10:47:47.064+0000] {logging_mixin.py:190} INFO - [2026-05-31T10:47:47.064+0000] {dag.py:3239} INFO - Sync 1 DAGs
[2026-05-31T10:47:47.084+0000] {logging_mixin.py:190} INFO - [2026-05-31T10:47:47.084+0000] {dag.py:4180} INFO - Setting next_dagrun for health_check_kafka_server to 2026-05-31 10:44:00+00:00, run_after=2026-05-31 10:46:00+00:00
[2026-05-31T10:47:47.097+0000] {processor.py:208} INFO - Processing /opt/airflow/dags/health_check_kafka_server.py took 0.079 seconds
[2026-05-31T10:48:17.526+0000] {processor.py:186} INFO - Started process (PID=18556) to work on /opt/airflow/dags/health_check_kafka_server.py
[2026-05-31T10:48:17.533+0000] {processor.py:914} INFO - Processing file /opt/airflow/dags/health_check_kafka_server.py for tasks to queue
[2026-05-31T10:48:17.535+0000] {logging_mixin.py:190} INFO - [2026-05-31T10:48:17.535+0000] {dagbag.py:588} INFO - Filling up the DagBag from /opt/airflow/dags/health_check_kafka_server.py
[2026-05-31T10:48:17.558+0000] {processor.py:925} INFO - DAG(s) 'health_check_kafka_server' retrieved from /opt/airflow/dags/health_check_kafka_server.py
[2026-05-31T10:48:17.589+0000] {logging_mixin.py:190} INFO - [2026-05-31T10:48:17.589+0000] {dag.py:3239} INFO - Sync 1 DAGs
[2026-05-31T10:48:17.638+0000] {logging_mixin.py:190} INFO - [2026-05-31T10:48:17.638+0000] {dag.py:4180} INFO - Setting next_dagrun for health_check_kafka_server to 2026-05-31 10:46:00+00:00, run_after=2026-05-31 10:48:00+00:00
[2026-05-31T10:48:17.667+0000] {processor.py:208} INFO - Processing /opt/airflow/dags/health_check_kafka_server.py took 0.153 seconds
[2026-05-31T10:48:48.521+0000] {processor.py:186} INFO - Started process (PID=18579) to work on /opt/airflow/dags/health_check_kafka_server.py
[2026-05-31T10:48:48.522+0000] {processor.py:914} INFO - Processing file /opt/airflow/dags/health_check_kafka_server.py for tasks to queue
[2026-05-31T10:48:48.528+0000] {logging_mixin.py:190} INFO - [2026-05-31T10:48:48.528+0000] {dagbag.py:588} INFO - Filling up the DagBag from /opt/airflow/dags/health_check_kafka_server.py
[2026-05-31T10:48:48.572+0000] {processor.py:925} INFO - DAG(s) 'health_check_kafka_server' retrieved from /opt/airflow/dags/health_check_kafka_server.py
[2026-05-31T10:48:48.643+0000] {logging_mixin.py:190} INFO - [2026-05-31T10:48:48.642+0000] {dag.py:3239} INFO - Sync 1 DAGs
[2026-05-31T10:48:48.727+0000] {logging_mixin.py:190} INFO - [2026-05-31T10:48:48.727+0000] {dag.py:4180} INFO - Setting next_dagrun for health_check_kafka_server to 2026-05-31 10:46:00+00:00, run_after=2026-05-31 10:48:00+00:00
[2026-05-31T10:48:48.775+0000] {processor.py:208} INFO - Processing /opt/airflow/dags/health_check_kafka_server.py took 0.275 seconds
[2026-05-31T10:49:18.848+0000] {processor.py:186} INFO - Started process (PID=18597) to work on /opt/airflow/dags/health_check_kafka_server.py
[2026-05-31T10:49:18.849+0000] {processor.py:914} INFO - Processing file /opt/airflow/dags/health_check_kafka_server.py for tasks to queue
[2026-05-31T10:49:18.851+0000] {logging_mixin.py:190} INFO - [2026-05-31T10:49:18.851+0000] {dagbag.py:588} INFO - Filling up the DagBag from /opt/airflow/dags/health_check_kafka_server.py
[2026-05-31T10:49:18.860+0000] {processor.py:925} INFO - DAG(s) 'health_check_kafka_server' retrieved from /opt/airflow/dags/health_check_kafka_server.py
[2026-05-31T10:49:18.881+0000] {logging_mixin.py:190} INFO - [2026-05-31T10:49:18.881+0000] {dag.py:3239} INFO - Sync 1 DAGs
[2026-05-31T10:49:18.904+0000] {logging_mixin.py:190} INFO - [2026-05-31T10:49:18.904+0000] {dag.py:4180} INFO - Setting next_dagrun for health_check_kafka_server to 2026-05-31 10:46:00+00:00, run_after=2026-05-31 10:48:00+00:00
[2026-05-31T10:49:18.923+0000] {processor.py:208} INFO - Processing /opt/airflow/dags/health_check_kafka_server.py took 0.081 seconds
[2026-05-31T10:49:49.484+0000] {processor.py:186} INFO - Started process (PID=18621) to work on /opt/airflow/dags/health_check_kafka_server.py
[2026-05-31T10:49:49.485+0000] {processor.py:914} INFO - Processing file /opt/airflow/dags/health_check_kafka_server.py for tasks to queue
[2026-05-31T10:49:49.488+0000] {logging_mixin.py:190} INFO - [2026-05-31T10:49:49.487+0000] {dagbag.py:588} INFO - Filling up the DagBag from /opt/airflow/dags/health_check_kafka_server.py
[2026-05-31T10:49:49.499+0000] {processor.py:925} INFO - DAG(s) 'health_check_kafka_server' retrieved from /opt/airflow/dags/health_check_kafka_server.py
[2026-05-31T10:49:49.519+0000] {logging_mixin.py:190} INFO - [2026-05-31T10:49:49.519+0000] {dag.py:3239} INFO - Sync 1 DAGs
[2026-05-31T10:49:49.538+0000] {logging_mixin.py:190} INFO - [2026-05-31T10:49:49.538+0000] {dag.py:4180} INFO - Setting next_dagrun for health_check_kafka_server to 2026-05-31 10:46:00+00:00, run_after=2026-05-31 10:48:00+00:00
[2026-05-31T10:49:49.551+0000] {processor.py:208} INFO - Processing /opt/airflow/dags/health_check_kafka_server.py took 0.073 seconds
[2026-05-31T10:50:20.260+0000] {processor.py:186} INFO - Started process (PID=18645) to work on /opt/airflow/dags/health_check_kafka_server.py
[2026-05-31T10:50:20.261+0000] {processor.py:914} INFO - Processing file /opt/airflow/dags/health_check_kafka_server.py for tasks to queue
[2026-05-31T10:50:20.264+0000] {logging_mixin.py:190} INFO - [2026-05-31T10:50:20.264+0000] {dagbag.py:588} INFO - Filling up the DagBag from /opt/airflow/dags/health_check_kafka_server.py
[2026-05-31T10:50:20.278+0000] {processor.py:925} INFO - DAG(s) 'health_check_kafka_server' retrieved from /opt/airflow/dags/health_check_kafka_server.py
[2026-05-31T10:50:20.300+0000] {logging_mixin.py:190} INFO - [2026-05-31T10:50:20.299+0000] {dag.py:3239} INFO - Sync 1 DAGs
[2026-05-31T10:50:20.320+0000] {logging_mixin.py:190} INFO - [2026-05-31T10:50:20.320+0000] {dag.py:4180} INFO - Setting next_dagrun for health_check_kafka_server to 2026-05-31 10:48:00+00:00, run_after=2026-05-31 10:50:00+00:00
[2026-05-31T10:50:20.334+0000] {processor.py:208} INFO - Processing /opt/airflow/dags/health_check_kafka_server.py took 0.083 seconds
[2026-05-31T10:50:50.685+0000] {processor.py:186} INFO - Started process (PID=18670) to work on /opt/airflow/dags/health_check_kafka_server.py
[2026-05-31T10:50:50.685+0000] {processor.py:914} INFO - Processing file /opt/airflow/dags/health_check_kafka_server.py for tasks to queue
[2026-05-31T10:50:50.687+0000] {logging_mixin.py:190} INFO - [2026-05-31T10:50:50.687+0000] {dagbag.py:588} INFO - Filling up the DagBag from /opt/airflow/dags/health_check_kafka_server.py
[2026-05-31T10:50:50.695+0000] {processor.py:925} INFO - DAG(s) 'health_check_kafka_server' retrieved from /opt/airflow/dags/health_check_kafka_server.py
[2026-05-31T10:50:50.717+0000] {logging_mixin.py:190} INFO - [2026-05-31T10:50:50.717+0000] {dag.py:3239} INFO - Sync 1 DAGs
[2026-05-31T10:50:50.739+0000] {logging_mixin.py:190} INFO - [2026-05-31T10:50:50.739+0000] {dag.py:4180} INFO - Setting next_dagrun for health_check_kafka_server to 2026-05-31 10:48:00+00:00, run_after=2026-05-31 10:50:00+00:00
[2026-05-31T10:50:50.753+0000] {processor.py:208} INFO - Processing /opt/airflow/dags/health_check_kafka_server.py took 0.073 seconds
[2026-05-31T10:51:20.944+0000] {processor.py:186} INFO - Started process (PID=18693) to work on /opt/airflow/dags/health_check_kafka_server.py
[2026-05-31T10:51:20.946+0000] {processor.py:914} INFO - Processing file /opt/airflow/dags/health_check_kafka_server.py for tasks to queue
[2026-05-31T10:51:20.951+0000] {logging_mixin.py:190} INFO - [2026-05-31T10:51:20.947+0000] {dagbag.py:588} INFO - Filling up the DagBag from /opt/airflow/dags/health_check_kafka_server.py
[2026-05-31T10:51:20.964+0000] {processor.py:925} INFO - DAG(s) 'health_check_kafka_server' retrieved from /opt/airflow/dags/health_check_kafka_server.py
[2026-05-31T10:51:20.986+0000] {logging_mixin.py:190} INFO - [2026-05-31T10:51:20.986+0000] {dag.py:3239} INFO - Sync 1 DAGs
[2026-05-31T10:51:21.007+0000] {logging_mixin.py:190} INFO - [2026-05-31T10:51:21.007+0000] {dag.py:4180} INFO - Setting next_dagrun for health_check_kafka_server to 2026-05-31 10:48:00+00:00, run_after=2026-05-31 10:50:00+00:00
[2026-05-31T10:51:21.022+0000] {processor.py:208} INFO - Processing /opt/airflow/dags/health_check_kafka_server.py took 0.088 seconds
[2026-05-31T10:51:51.108+0000] {processor.py:186} INFO - Started process (PID=18717) to work on /opt/airflow/dags/health_check_kafka_server.py
[2026-05-31T10:51:51.109+0000] {processor.py:914} INFO - Processing file /opt/airflow/dags/health_check_kafka_server.py for tasks to queue
[2026-05-31T10:51:51.111+0000] {logging_mixin.py:190} INFO - [2026-05-31T10:51:51.111+0000] {dagbag.py:588} INFO - Filling up the DagBag from /opt/airflow/dags/health_check_kafka_server.py
[2026-05-31T10:51:51.119+0000] {processor.py:925} INFO - DAG(s) 'health_check_kafka_server' retrieved from /opt/airflow/dags/health_check_kafka_server.py
[2026-05-31T10:51:51.137+0000] {logging_mixin.py:190} INFO - [2026-05-31T10:51:51.137+0000] {dag.py:3239} INFO - Sync 1 DAGs
[2026-05-31T10:51:51.157+0000] {logging_mixin.py:190} INFO - [2026-05-31T10:51:51.157+0000] {dag.py:4180} INFO - Setting next_dagrun for health_check_kafka_server to 2026-05-31 10:48:00+00:00, run_after=2026-05-31 10:50:00+00:00
[2026-05-31T10:51:51.171+0000] {processor.py:208} INFO - Processing /opt/airflow/dags/health_check_kafka_server.py took 0.069 seconds
[2026-05-31T10:52:21.838+0000] {processor.py:186} INFO - Started process (PID=18741) to work on /opt/airflow/dags/health_check_kafka_server.py
[2026-05-31T10:52:21.839+0000] {processor.py:914} INFO - Processing file /opt/airflow/dags/health_check_kafka_server.py for tasks to queue
[2026-05-31T10:52:21.842+0000] {logging_mixin.py:190} INFO - [2026-05-31T10:52:21.841+0000] {dagbag.py:588} INFO - Filling up the DagBag from /opt/airflow/dags/health_check_kafka_server.py
[2026-05-31T10:52:21.854+0000] {processor.py:925} INFO - DAG(s) 'health_check_kafka_server' retrieved from /opt/airflow/dags/health_check_kafka_server.py
[2026-05-31T10:52:21.891+0000] {logging_mixin.py:190} INFO - [2026-05-31T10:52:21.891+0000] {dag.py:3239} INFO - Sync 1 DAGs
[2026-05-31T10:52:21.912+0000] {logging_mixin.py:190} INFO - [2026-05-31T10:52:21.912+0000] {dag.py:4180} INFO - Setting next_dagrun for health_check_kafka_server to 2026-05-31 10:50:00+00:00, run_after=2026-05-31 10:52:00+00:00
[2026-05-31T10:52:21.935+0000] {processor.py:208} INFO - Processing /opt/airflow/dags/health_check_kafka_server.py took 0.103 seconds
[2026-05-31T10:52:52.196+0000] {processor.py:186} INFO - Started process (PID=18765) to work on /opt/airflow/dags/health_check_kafka_server.py
[2026-05-31T10:52:52.197+0000] {processor.py:914} INFO - Processing file /opt/airflow/dags/health_check_kafka_server.py for tasks to queue
[2026-05-31T10:52:52.199+0000] {logging_mixin.py:190} INFO - [2026-05-31T10:52:52.199+0000] {dagbag.py:588} INFO - Filling up the DagBag from /opt/airflow/dags/health_check_kafka_server.py
[2026-05-31T10:52:52.207+0000] {processor.py:925} INFO - DAG(s) 'health_check_kafka_server' retrieved from /opt/airflow/dags/health_check_kafka_server.py
[2026-05-31T10:52:52.227+0000] {logging_mixin.py:190} INFO - [2026-05-31T10:52:52.227+0000] {dag.py:3239} INFO - Sync 1 DAGs
[2026-05-31T10:52:52.248+0000] {logging_mixin.py:190} INFO - [2026-05-31T10:52:52.248+0000] {dag.py:4180} INFO - Setting next_dagrun for health_check_kafka_server to 2026-05-31 10:50:00+00:00, run_after=2026-05-31 10:52:00+00:00
[2026-05-31T10:52:52.264+0000] {processor.py:208} INFO - Processing /opt/airflow/dags/health_check_kafka_server.py took 0.073 seconds
[2026-05-31T10:53:22.463+0000] {processor.py:186} INFO - Started process (PID=18790) to work on /opt/airflow/dags/health_check_kafka_server.py
[2026-05-31T10:53:22.464+0000] {processor.py:914} INFO - Processing file /opt/airflow/dags/health_check_kafka_server.py for tasks to queue
[2026-05-31T10:53:22.466+0000] {logging_mixin.py:190} INFO - [2026-05-31T10:53:22.466+0000] {dagbag.py:588} INFO - Filling up the DagBag from /opt/airflow/dags/health_check_kafka_server.py
[2026-05-31T10:53:22.474+0000] {processor.py:925} INFO - DAG(s) 'health_check_kafka_server' retrieved from /opt/airflow/dags/health_check_kafka_server.py
[2026-05-31T10:53:22.495+0000] {logging_mixin.py:190} INFO - [2026-05-31T10:53:22.495+0000] {dag.py:3239} INFO - Sync 1 DAGs
[2026-05-31T10:53:22.516+0000] {logging_mixin.py:190} INFO - [2026-05-31T10:53:22.516+0000] {dag.py:4180} INFO - Setting next_dagrun for health_check_kafka_server to 2026-05-31 10:50:00+00:00, run_after=2026-05-31 10:52:00+00:00
[2026-05-31T10:53:22.530+0000] {processor.py:208} INFO - Processing /opt/airflow/dags/health_check_kafka_server.py took 0.073 seconds
[2026-05-31T10:53:52.822+0000] {processor.py:186} INFO - Started process (PID=18814) to work on /opt/airflow/dags/health_check_kafka_server.py
[2026-05-31T10:53:52.823+0000] {processor.py:914} INFO - Processing file /opt/airflow/dags/health_check_kafka_server.py for tasks to queue
[2026-05-31T10:53:52.826+0000] {logging_mixin.py:190} INFO - [2026-05-31T10:53:52.826+0000] {dagbag.py:588} INFO - Filling up the DagBag from /opt/airflow/dags/health_check_kafka_server.py
[2026-05-31T10:53:52.837+0000] {processor.py:925} INFO - DAG(s) 'health_check_kafka_server' retrieved from /opt/airflow/dags/health_check_kafka_server.py
[2026-05-31T10:53:52.859+0000] {logging_mixin.py:190} INFO - [2026-05-31T10:53:52.859+0000] {dag.py:3239} INFO - Sync 1 DAGs
[2026-05-31T10:53:52.885+0000] {logging_mixin.py:190} INFO - [2026-05-31T10:53:52.885+0000] {dag.py:4180} INFO - Setting next_dagrun for health_check_kafka_server to 2026-05-31 10:50:00+00:00, run_after=2026-05-31 10:52:00+00:00
[2026-05-31T10:53:52.901+0000] {processor.py:208} INFO - Processing /opt/airflow/dags/health_check_kafka_server.py took 0.087 seconds
[2026-05-31T10:54:23.167+0000] {processor.py:186} INFO - Started process (PID=18838) to work on /opt/airflow/dags/health_check_kafka_server.py
[2026-05-31T10:54:23.168+0000] {processor.py:914} INFO - Processing file /opt/airflow/dags/health_check_kafka_server.py for tasks to queue
[2026-05-31T10:54:23.170+0000] {logging_mixin.py:190} INFO - [2026-05-31T10:54:23.169+0000] {dagbag.py:588} INFO - Filling up the DagBag from /opt/airflow/dags/health_check_kafka_server.py
[2026-05-31T10:54:23.178+0000] {processor.py:925} INFO - DAG(s) 'health_check_kafka_server' retrieved from /opt/airflow/dags/health_check_kafka_server.py
[2026-05-31T10:54:23.197+0000] {logging_mixin.py:190} INFO - [2026-05-31T10:54:23.197+0000] {dag.py:3239} INFO - Sync 1 DAGs
[2026-05-31T10:54:23.217+0000] {logging_mixin.py:190} INFO - [2026-05-31T10:54:23.217+0000] {dag.py:4180} INFO - Setting next_dagrun for health_check_kafka_server to 2026-05-31 10:52:00+00:00, run_after=2026-05-31 10:54:00+00:00
[2026-05-31T10:54:23.230+0000] {processor.py:208} INFO - Processing /opt/airflow/dags/health_check_kafka_server.py took 0.069 seconds
[2026-05-31T10:54:53.369+0000] {processor.py:186} INFO - Started process (PID=18862) to work on /opt/airflow/dags/health_check_kafka_server.py
[2026-05-31T10:54:53.372+0000] {processor.py:914} INFO - Processing file /opt/airflow/dags/health_check_kafka_server.py for tasks to queue
[2026-05-31T10:54:53.375+0000] {logging_mixin.py:190} INFO - [2026-05-31T10:54:53.375+0000] {dagbag.py:588} INFO - Filling up the DagBag from /opt/airflow/dags/health_check_kafka_server.py
[2026-05-31T10:54:53.387+0000] {processor.py:925} INFO - DAG(s) 'health_check_kafka_server' retrieved from /opt/airflow/dags/health_check_kafka_server.py
[2026-05-31T10:54:53.407+0000] {logging_mixin.py:190} INFO - [2026-05-31T10:54:53.407+0000] {dag.py:3239} INFO - Sync 1 DAGs
[2026-05-31T10:54:53.428+0000] {logging_mixin.py:190} INFO - [2026-05-31T10:54:53.428+0000] {dag.py:4180} INFO - Setting next_dagrun for health_check_kafka_server to 2026-05-31 10:52:00+00:00, run_after=2026-05-31 10:54:00+00:00
[2026-05-31T10:54:53.450+0000] {processor.py:208} INFO - Processing /opt/airflow/dags/health_check_kafka_server.py took 0.087 seconds
[2026-05-31T10:55:24.212+0000] {processor.py:186} INFO - Started process (PID=18882) to work on /opt/airflow/dags/health_check_kafka_server.py
[2026-05-31T10:55:24.213+0000] {processor.py:914} INFO - Processing file /opt/airflow/dags/health_check_kafka_server.py for tasks to queue
[2026-05-31T10:55:24.215+0000] {logging_mixin.py:190} INFO - [2026-05-31T10:55:24.214+0000] {dagbag.py:588} INFO - Filling up the DagBag from /opt/airflow/dags/health_check_kafka_server.py
[2026-05-31T10:55:24.223+0000] {processor.py:925} INFO - DAG(s) 'health_check_kafka_server' retrieved from /opt/airflow/dags/health_check_kafka_server.py
[2026-05-31T10:55:24.241+0000] {logging_mixin.py:190} INFO - [2026-05-31T10:55:24.241+0000] {dag.py:3239} INFO - Sync 1 DAGs
[2026-05-31T10:55:24.261+0000] {logging_mixin.py:190} INFO - [2026-05-31T10:55:24.261+0000] {dag.py:4180} INFO - Setting next_dagrun for health_check_kafka_server to 2026-05-31 10:52:00+00:00, run_after=2026-05-31 10:54:00+00:00
[2026-05-31T10:55:24.276+0000] {processor.py:208} INFO - Processing /opt/airflow/dags/health_check_kafka_server.py took 0.074 seconds
[2026-05-31T10:55:54.320+0000] {processor.py:186} INFO - Started process (PID=18906) to work on /opt/airflow/dags/health_check_kafka_server.py
[2026-05-31T10:55:54.321+0000] {processor.py:914} INFO - Processing file /opt/airflow/dags/health_check_kafka_server.py for tasks to queue
[2026-05-31T10:55:54.324+0000] {logging_mixin.py:190} INFO - [2026-05-31T10:55:54.323+0000] {dagbag.py:588} INFO - Filling up the DagBag from /opt/airflow/dags/health_check_kafka_server.py
[2026-05-31T10:55:54.334+0000] {processor.py:925} INFO - DAG(s) 'health_check_kafka_server' retrieved from /opt/airflow/dags/health_check_kafka_server.py
[2026-05-31T10:55:54.361+0000] {logging_mixin.py:190} INFO - [2026-05-31T10:55:54.360+0000] {dag.py:3239} INFO - Sync 1 DAGs
[2026-05-31T10:55:54.390+0000] {logging_mixin.py:190} INFO - [2026-05-31T10:55:54.390+0000] {dag.py:4180} INFO - Setting next_dagrun for health_check_kafka_server to 2026-05-31 10:52:00+00:00, run_after=2026-05-31 10:54:00+00:00
[2026-05-31T10:55:54.404+0000] {processor.py:208} INFO - Processing /opt/airflow/dags/health_check_kafka_server.py took 0.090 seconds
[2026-05-31T10:56:24.512+0000] {processor.py:186} INFO - Started process (PID=18931) to work on /opt/airflow/dags/health_check_kafka_server.py
[2026-05-31T10:56:24.515+0000] {processor.py:914} INFO - Processing file /opt/airflow/dags/health_check_kafka_server.py for tasks to queue
[2026-05-31T10:56:24.520+0000] {logging_mixin.py:190} INFO - [2026-05-31T10:56:24.517+0000] {dagbag.py:588} INFO - Filling up the DagBag from /opt/airflow/dags/health_check_kafka_server.py
[2026-05-31T10:56:24.541+0000] {processor.py:925} INFO - DAG(s) 'health_check_kafka_server' retrieved from /opt/airflow/dags/health_check_kafka_server.py
[2026-05-31T10:56:24.581+0000] {logging_mixin.py:190} INFO - [2026-05-31T10:56:24.581+0000] {dag.py:3239} INFO - Sync 1 DAGs
[2026-05-31T10:56:24.642+0000] {logging_mixin.py:190} INFO - [2026-05-31T10:56:24.642+0000] {dag.py:4180} INFO - Setting next_dagrun for health_check_kafka_server to 2026-05-31 10:54:00+00:00, run_after=2026-05-31 10:56:00+00:00
[2026-05-31T10:56:24.671+0000] {processor.py:208} INFO - Processing /opt/airflow/dags/health_check_kafka_server.py took 0.172 seconds
[2026-05-31T10:56:54.713+0000] {processor.py:186} INFO - Started process (PID=18956) to work on /opt/airflow/dags/health_check_kafka_server.py
[2026-05-31T10:56:54.714+0000] {processor.py:914} INFO - Processing file /opt/airflow/dags/health_check_kafka_server.py for tasks to queue
[2026-05-31T10:56:54.716+0000] {logging_mixin.py:190} INFO - [2026-05-31T10:56:54.716+0000] {dagbag.py:588} INFO - Filling up the DagBag from /opt/airflow/dags/health_check_kafka_server.py
[2026-05-31T10:56:54.725+0000] {processor.py:925} INFO - DAG(s) 'health_check_kafka_server' retrieved from /opt/airflow/dags/health_check_kafka_server.py
[2026-05-31T10:56:54.749+0000] {logging_mixin.py:190} INFO - [2026-05-31T10:56:54.749+0000] {dag.py:3239} INFO - Sync 1 DAGs
[2026-05-31T10:56:54.770+0000] {logging_mixin.py:190} INFO - [2026-05-31T10:56:54.770+0000] {dag.py:4180} INFO - Setting next_dagrun for health_check_kafka_server to 2026-05-31 10:54:00+00:00, run_after=2026-05-31 10:56:00+00:00
[2026-05-31T10:56:54.784+0000] {processor.py:208} INFO - Processing /opt/airflow/dags/health_check_kafka_server.py took 0.075 seconds
[2026-05-31T10:57:24.978+0000] {processor.py:186} INFO - Started process (PID=18980) to work on /opt/airflow/dags/health_check_kafka_server.py
[2026-05-31T10:57:24.978+0000] {processor.py:914} INFO - Processing file /opt/airflow/dags/health_check_kafka_server.py for tasks to queue
[2026-05-31T10:57:24.980+0000] {logging_mixin.py:190} INFO - [2026-05-31T10:57:24.980+0000] {dagbag.py:588} INFO - Filling up the DagBag from /opt/airflow/dags/health_check_kafka_server.py
[2026-05-31T10:57:24.990+0000] {processor.py:925} INFO - DAG(s) 'health_check_kafka_server' retrieved from /opt/airflow/dags/health_check_kafka_server.py
[2026-05-31T10:57:25.009+0000] {logging_mixin.py:190} INFO - [2026-05-31T10:57:25.009+0000] {dag.py:3239} INFO - Sync 1 DAGs
[2026-05-31T10:57:25.031+0000] {logging_mixin.py:190} INFO - [2026-05-31T10:57:25.031+0000] {dag.py:4180} INFO - Setting next_dagrun for health_check_kafka_server to 2026-05-31 10:54:00+00:00, run_after=2026-05-31 10:56:00+00:00
[2026-05-31T10:57:25.044+0000] {processor.py:208} INFO - Processing /opt/airflow/dags/health_check_kafka_server.py took 0.072 seconds
[2026-05-31T10:57:55.984+0000] {processor.py:186} INFO - Started process (PID=19004) to work on /opt/airflow/dags/health_check_kafka_server.py
[2026-05-31T10:57:55.985+0000] {processor.py:914} INFO - Processing file /opt/airflow/dags/health_check_kafka_server.py for tasks to queue
[2026-05-31T10:57:55.988+0000] {logging_mixin.py:190} INFO - [2026-05-31T10:57:55.987+0000] {dagbag.py:588} INFO - Filling up the DagBag from /opt/airflow/dags/health_check_kafka_server.py
[2026-05-31T10:57:55.998+0000] {processor.py:925} INFO - DAG(s) 'health_check_kafka_server' retrieved from /opt/airflow/dags/health_check_kafka_server.py
[2026-05-31T10:57:56.018+0000] {logging_mixin.py:190} INFO - [2026-05-31T10:57:56.017+0000] {dag.py:3239} INFO - Sync 1 DAGs
[2026-05-31T10:57:56.041+0000] {logging_mixin.py:190} INFO - [2026-05-31T10:57:56.041+0000] {dag.py:4180} INFO - Setting next_dagrun for health_check_kafka_server to 2026-05-31 10:54:00+00:00, run_after=2026-05-31 10:56:00+00:00
[2026-05-31T10:57:56.056+0000] {processor.py:208} INFO - Processing /opt/airflow/dags/health_check_kafka_server.py took 0.079 seconds
[2026-05-31T10:58:26.976+0000] {processor.py:186} INFO - Started process (PID=19029) to work on /opt/airflow/dags/health_check_kafka_server.py
[2026-05-31T10:58:26.976+0000] {processor.py:914} INFO - Processing file /opt/airflow/dags/health_check_kafka_server.py for tasks to queue
[2026-05-31T10:58:26.978+0000] {logging_mixin.py:190} INFO - [2026-05-31T10:58:26.978+0000] {dagbag.py:588} INFO - Filling up the DagBag from /opt/airflow/dags/health_check_kafka_server.py
[2026-05-31T10:58:26.986+0000] {processor.py:925} INFO - DAG(s) 'health_check_kafka_server' retrieved from /opt/airflow/dags/health_check_kafka_server.py
[2026-05-31T10:58:27.006+0000] {logging_mixin.py:190} INFO - [2026-05-31T10:58:27.006+0000] {dag.py:3239} INFO - Sync 1 DAGs
[2026-05-31T10:58:27.028+0000] {logging_mixin.py:190} INFO - [2026-05-31T10:58:27.028+0000] {dag.py:4180} INFO - Setting next_dagrun for health_check_kafka_server to 2026-05-31 10:56:00+00:00, run_after=2026-05-31 10:58:00+00:00
[2026-05-31T10:58:27.042+0000] {processor.py:208} INFO - Processing /opt/airflow/dags/health_check_kafka_server.py took 0.073 seconds
[2026-05-31T10:58:57.655+0000] {processor.py:186} INFO - Started process (PID=19053) to work on /opt/airflow/dags/health_check_kafka_server.py
[2026-05-31T10:58:57.660+0000] {processor.py:914} INFO - Processing file /opt/airflow/dags/health_check_kafka_server.py for tasks to queue
[2026-05-31T10:58:57.662+0000] {logging_mixin.py:190} INFO - [2026-05-31T10:58:57.661+0000] {dagbag.py:588} INFO - Filling up the DagBag from /opt/airflow/dags/health_check_kafka_server.py
[2026-05-31T10:58:57.672+0000] {processor.py:925} INFO - DAG(s) 'health_check_kafka_server' retrieved from /opt/airflow/dags/health_check_kafka_server.py
[2026-05-31T10:58:57.696+0000] {logging_mixin.py:190} INFO - [2026-05-31T10:58:57.696+0000] {dag.py:3239} INFO - Sync 1 DAGs
[2026-05-31T10:58:57.725+0000] {logging_mixin.py:190} INFO - [2026-05-31T10:58:57.725+0000] {dag.py:4180} INFO - Setting next_dagrun for health_check_kafka_server to 2026-05-31 10:56:00+00:00, run_after=2026-05-31 10:58:00+00:00
[2026-05-31T10:58:57.742+0000] {processor.py:208} INFO - Processing /opt/airflow/dags/health_check_kafka_server.py took 0.095 seconds
[2026-05-31T10:59:28.662+0000] {processor.py:186} INFO - Started process (PID=19083) to work on /opt/airflow/dags/health_check_kafka_server.py
[2026-05-31T10:59:28.662+0000] {processor.py:914} INFO - Processing file /opt/airflow/dags/health_check_kafka_server.py for tasks to queue
[2026-05-31T10:59:28.664+0000] {logging_mixin.py:190} INFO - [2026-05-31T10:59:28.664+0000] {dagbag.py:588} INFO - Filling up the DagBag from /opt/airflow/dags/health_check_kafka_server.py
[2026-05-31T10:59:28.672+0000] {processor.py:925} INFO - DAG(s) 'health_check_kafka_server' retrieved from /opt/airflow/dags/health_check_kafka_server.py
[2026-05-31T10:59:28.692+0000] {logging_mixin.py:190} INFO - [2026-05-31T10:59:28.692+0000] {dag.py:3239} INFO - Sync 1 DAGs
[2026-05-31T10:59:28.713+0000] {logging_mixin.py:190} INFO - [2026-05-31T10:59:28.713+0000] {dag.py:4180} INFO - Setting next_dagrun for health_check_kafka_server to 2026-05-31 10:56:00+00:00, run_after=2026-05-31 10:58:00+00:00
[2026-05-31T10:59:28.731+0000] {processor.py:208} INFO - Processing /opt/airflow/dags/health_check_kafka_server.py took 0.075 seconds
[2026-05-31T10:59:58.886+0000] {processor.py:186} INFO - Started process (PID=19107) to work on /opt/airflow/dags/health_check_kafka_server.py
[2026-05-31T10:59:58.887+0000] {processor.py:914} INFO - Processing file /opt/airflow/dags/health_check_kafka_server.py for tasks to queue
[2026-05-31T10:59:58.889+0000] {logging_mixin.py:190} INFO - [2026-05-31T10:59:58.889+0000] {dagbag.py:588} INFO - Filling up the DagBag from /opt/airflow/dags/health_check_kafka_server.py
[2026-05-31T10:59:58.897+0000] {processor.py:925} INFO - DAG(s) 'health_check_kafka_server' retrieved from /opt/airflow/dags/health_check_kafka_server.py
[2026-05-31T10:59:58.914+0000] {logging_mixin.py:190} INFO - [2026-05-31T10:59:58.914+0000] {dag.py:3239} INFO - Sync 1 DAGs
[2026-05-31T10:59:58.934+0000] {logging_mixin.py:190} INFO - [2026-05-31T10:59:58.933+0000] {dag.py:4180} INFO - Setting next_dagrun for health_check_kafka_server to 2026-05-31 10:56:00+00:00, run_after=2026-05-31 10:58:00+00:00
[2026-05-31T10:59:58.946+0000] {processor.py:208} INFO - Processing /opt/airflow/dags/health_check_kafka_server.py took 0.066 seconds
[2026-05-31T11:00:29.178+0000] {processor.py:186} INFO - Started process (PID=19131) to work on /opt/airflow/dags/health_check_kafka_server.py
[2026-05-31T11:00:29.179+0000] {processor.py:914} INFO - Processing file /opt/airflow/dags/health_check_kafka_server.py for tasks to queue
[2026-05-31T11:00:29.181+0000] {logging_mixin.py:190} INFO - [2026-05-31T11:00:29.181+0000] {dagbag.py:588} INFO - Filling up the DagBag from /opt/airflow/dags/health_check_kafka_server.py
[2026-05-31T11:00:29.189+0000] {processor.py:925} INFO - DAG(s) 'health_check_kafka_server' retrieved from /opt/airflow/dags/health_check_kafka_server.py
[2026-05-31T11:00:29.209+0000] {logging_mixin.py:190} INFO - [2026-05-31T11:00:29.209+0000] {dag.py:3239} INFO - Sync 1 DAGs
[2026-05-31T11:00:29.230+0000] {logging_mixin.py:190} INFO - [2026-05-31T11:00:29.230+0000] {dag.py:4180} INFO - Setting next_dagrun for health_check_kafka_server to 2026-05-31 10:58:00+00:00, run_after=2026-05-31 11:00:00+00:00
[2026-05-31T11:00:29.245+0000] {processor.py:208} INFO - Processing /opt/airflow/dags/health_check_kafka_server.py took 0.073 seconds
[2026-05-31T11:00:59.282+0000] {processor.py:186} INFO - Started process (PID=19156) to work on /opt/airflow/dags/health_check_kafka_server.py
[2026-05-31T11:00:59.283+0000] {processor.py:914} INFO - Processing file /opt/airflow/dags/health_check_kafka_server.py for tasks to queue
[2026-05-31T11:00:59.286+0000] {logging_mixin.py:190} INFO - [2026-05-31T11:00:59.286+0000] {dagbag.py:588} INFO - Filling up the DagBag from /opt/airflow/dags/health_check_kafka_server.py
[2026-05-31T11:00:59.297+0000] {processor.py:925} INFO - DAG(s) 'health_check_kafka_server' retrieved from /opt/airflow/dags/health_check_kafka_server.py
[2026-05-31T11:00:59.316+0000] {logging_mixin.py:190} INFO - [2026-05-31T11:00:59.316+0000] {dag.py:3239} INFO - Sync 1 DAGs
[2026-05-31T11:00:59.340+0000] {logging_mixin.py:190} INFO - [2026-05-31T11:00:59.340+0000] {dag.py:4180} INFO - Setting next_dagrun for health_check_kafka_server to 2026-05-31 10:58:00+00:00, run_after=2026-05-31 11:00:00+00:00
[2026-05-31T11:00:59.356+0000] {processor.py:208} INFO - Processing /opt/airflow/dags/health_check_kafka_server.py took 0.081 seconds
[2026-05-31T11:01:29.425+0000] {processor.py:186} INFO - Started process (PID=19180) to work on /opt/airflow/dags/health_check_kafka_server.py
[2026-05-31T11:01:29.426+0000] {processor.py:914} INFO - Processing file /opt/airflow/dags/health_check_kafka_server.py for tasks to queue
[2026-05-31T11:01:29.428+0000] {logging_mixin.py:190} INFO - [2026-05-31T11:01:29.428+0000] {dagbag.py:588} INFO - Filling up the DagBag from /opt/airflow/dags/health_check_kafka_server.py
[2026-05-31T11:01:29.437+0000] {processor.py:925} INFO - DAG(s) 'health_check_kafka_server' retrieved from /opt/airflow/dags/health_check_kafka_server.py
[2026-05-31T11:01:29.454+0000] {logging_mixin.py:190} INFO - [2026-05-31T11:01:29.454+0000] {dag.py:3239} INFO - Sync 1 DAGs
[2026-05-31T11:01:29.473+0000] {logging_mixin.py:190} INFO - [2026-05-31T11:01:29.473+0000] {dag.py:4180} INFO - Setting next_dagrun for health_check_kafka_server to 2026-05-31 10:58:00+00:00, run_after=2026-05-31 11:00:00+00:00
[2026-05-31T11:01:29.486+0000] {processor.py:208} INFO - Processing /opt/airflow/dags/health_check_kafka_server.py took 0.065 seconds
[2026-05-31T11:01:59.554+0000] {processor.py:186} INFO - Started process (PID=19198) to work on /opt/airflow/dags/health_check_kafka_server.py
[2026-05-31T11:01:59.555+0000] {processor.py:914} INFO - Processing file /opt/airflow/dags/health_check_kafka_server.py for tasks to queue
[2026-05-31T11:01:59.557+0000] {logging_mixin.py:190} INFO - [2026-05-31T11:01:59.557+0000] {dagbag.py:588} INFO - Filling up the DagBag from /opt/airflow/dags/health_check_kafka_server.py
[2026-05-31T11:01:59.566+0000] {processor.py:925} INFO - DAG(s) 'health_check_kafka_server' retrieved from /opt/airflow/dags/health_check_kafka_server.py
[2026-05-31T11:01:59.588+0000] {logging_mixin.py:190} INFO - [2026-05-31T11:01:59.587+0000] {dag.py:3239} INFO - Sync 1 DAGs
[2026-05-31T11:01:59.610+0000] {logging_mixin.py:190} INFO - [2026-05-31T11:01:59.610+0000] {dag.py:4180} INFO - Setting next_dagrun for health_check_kafka_server to 2026-05-31 10:58:00+00:00, run_after=2026-05-31 11:00:00+00:00
[2026-05-31T11:01:59.630+0000] {processor.py:208} INFO - Processing /opt/airflow/dags/health_check_kafka_server.py took 0.081 seconds
[2026-05-31T11:02:30.012+0000] {processor.py:186} INFO - Started process (PID=19222) to work on /opt/airflow/dags/health_check_kafka_server.py
[2026-05-31T11:02:30.013+0000] {processor.py:914} INFO - Processing file /opt/airflow/dags/health_check_kafka_server.py for tasks to queue
[2026-05-31T11:02:30.016+0000] {logging_mixin.py:190} INFO - [2026-05-31T11:02:30.015+0000] {dagbag.py:588} INFO - Filling up the DagBag from /opt/airflow/dags/health_check_kafka_server.py
[2026-05-31T11:02:30.026+0000] {processor.py:925} INFO - DAG(s) 'health_check_kafka_server' retrieved from /opt/airflow/dags/health_check_kafka_server.py
[2026-05-31T11:02:30.044+0000] {logging_mixin.py:190} INFO - [2026-05-31T11:02:30.044+0000] {dag.py:3239} INFO - Sync 1 DAGs
[2026-05-31T11:02:30.068+0000] {logging_mixin.py:190} INFO - [2026-05-31T11:02:30.068+0000] {dag.py:4180} INFO - Setting next_dagrun for health_check_kafka_server to 2026-05-31 11:00:00+00:00, run_after=2026-05-31 11:02:00+00:00
[2026-05-31T11:02:30.082+0000] {processor.py:208} INFO - Processing /opt/airflow/dags/health_check_kafka_server.py took 0.077 seconds
[2026-05-31T11:03:00.397+0000] {processor.py:186} INFO - Started process (PID=19246) to work on /opt/airflow/dags/health_check_kafka_server.py
[2026-05-31T11:03:00.398+0000] {processor.py:914} INFO - Processing file /opt/airflow/dags/health_check_kafka_server.py for tasks to queue
[2026-05-31T11:03:00.400+0000] {logging_mixin.py:190} INFO - [2026-05-31T11:03:00.400+0000] {dagbag.py:588} INFO - Filling up the DagBag from /opt/airflow/dags/health_check_kafka_server.py
[2026-05-31T11:03:00.409+0000] {processor.py:925} INFO - DAG(s) 'health_check_kafka_server' retrieved from /opt/airflow/dags/health_check_kafka_server.py
[2026-05-31T11:03:00.428+0000] {logging_mixin.py:190} INFO - [2026-05-31T11:03:00.428+0000] {dag.py:3239} INFO - Sync 1 DAGs
[2026-05-31T11:03:00.447+0000] {logging_mixin.py:190} INFO - [2026-05-31T11:03:00.447+0000] {dag.py:4180} INFO - Setting next_dagrun for health_check_kafka_server to 2026-05-31 11:00:00+00:00, run_after=2026-05-31 11:02:00+00:00
[2026-05-31T11:03:00.461+0000] {processor.py:208} INFO - Processing /opt/airflow/dags/health_check_kafka_server.py took 0.070 seconds
[2026-05-31T11:03:30.874+0000] {processor.py:186} INFO - Started process (PID=19270) to work on /opt/airflow/dags/health_check_kafka_server.py
[2026-05-31T11:03:30.875+0000] {processor.py:914} INFO - Processing file /opt/airflow/dags/health_check_kafka_server.py for tasks to queue
[2026-05-31T11:03:30.878+0000] {logging_mixin.py:190} INFO - [2026-05-31T11:03:30.878+0000] {dagbag.py:588} INFO - Filling up the DagBag from /opt/airflow/dags/health_check_kafka_server.py
[2026-05-31T11:03:30.888+0000] {processor.py:925} INFO - DAG(s) 'health_check_kafka_server' retrieved from /opt/airflow/dags/health_check_kafka_server.py
[2026-05-31T11:03:30.915+0000] {logging_mixin.py:190} INFO - [2026-05-31T11:03:30.915+0000] {dag.py:3239} INFO - Sync 1 DAGs
[2026-05-31T11:03:30.938+0000] {logging_mixin.py:190} INFO - [2026-05-31T11:03:30.938+0000] {dag.py:4180} INFO - Setting next_dagrun for health_check_kafka_server to 2026-05-31 11:00:00+00:00, run_after=2026-05-31 11:02:00+00:00
[2026-05-31T11:03:30.953+0000] {processor.py:208} INFO - Processing /opt/airflow/dags/health_check_kafka_server.py took 0.087 seconds
[2026-05-31T11:04:01.183+0000] {processor.py:186} INFO - Started process (PID=19294) to work on /opt/airflow/dags/health_check_kafka_server.py
[2026-05-31T11:04:01.185+0000] {processor.py:914} INFO - Processing file /opt/airflow/dags/health_check_kafka_server.py for tasks to queue
[2026-05-31T11:04:01.187+0000] {logging_mixin.py:190} INFO - [2026-05-31T11:04:01.187+0000] {dagbag.py:588} INFO - Filling up the DagBag from /opt/airflow/dags/health_check_kafka_server.py
[2026-05-31T11:04:01.195+0000] {processor.py:925} INFO - DAG(s) 'health_check_kafka_server' retrieved from /opt/airflow/dags/health_check_kafka_server.py
[2026-05-31T11:04:01.220+0000] {logging_mixin.py:190} INFO - [2026-05-31T11:04:01.219+0000] {dag.py:3239} INFO - Sync 1 DAGs
[2026-05-31T11:04:01.242+0000] {logging_mixin.py:190} INFO - [2026-05-31T11:04:01.241+0000] {dag.py:4180} INFO - Setting next_dagrun for health_check_kafka_server to 2026-05-31 11:02:00+00:00, run_after=2026-05-31 11:04:00+00:00
[2026-05-31T11:04:01.255+0000] {processor.py:208} INFO - Processing /opt/airflow/dags/health_check_kafka_server.py took 0.079 seconds
[2026-05-31T11:04:31.854+0000] {processor.py:186} INFO - Started process (PID=19336) to work on /opt/airflow/dags/health_check_kafka_server.py
[2026-05-31T11:04:31.855+0000] {processor.py:914} INFO - Processing file /opt/airflow/dags/health_check_kafka_server.py for tasks to queue
[2026-05-31T11:04:31.858+0000] {logging_mixin.py:190} INFO - [2026-05-31T11:04:31.858+0000] {dagbag.py:588} INFO - Filling up the DagBag from /opt/airflow/dags/health_check_kafka_server.py
[2026-05-31T11:04:31.868+0000] {processor.py:925} INFO - DAG(s) 'health_check_kafka_server' retrieved from /opt/airflow/dags/health_check_kafka_server.py
[2026-05-31T11:04:31.888+0000] {logging_mixin.py:190} INFO - [2026-05-31T11:04:31.888+0000] {dag.py:3239} INFO - Sync 1 DAGs
[2026-05-31T11:04:31.909+0000] {logging_mixin.py:190} INFO - [2026-05-31T11:04:31.909+0000] {dag.py:4180} INFO - Setting next_dagrun for health_check_kafka_server to 2026-05-31 11:02:00+00:00, run_after=2026-05-31 11:04:00+00:00
[2026-05-31T11:04:31.929+0000] {processor.py:208} INFO - Processing /opt/airflow/dags/health_check_kafka_server.py took 0.083 seconds
[2026-05-31T11:05:02.185+0000] {processor.py:186} INFO - Started process (PID=19366) to work on /opt/airflow/dags/health_check_kafka_server.py
[2026-05-31T11:05:02.186+0000] {processor.py:914} INFO - Processing file /opt/airflow/dags/health_check_kafka_server.py for tasks to queue
[2026-05-31T11:05:02.193+0000] {logging_mixin.py:190} INFO - [2026-05-31T11:05:02.193+0000] {dagbag.py:588} INFO - Filling up the DagBag from /opt/airflow/dags/health_check_kafka_server.py
[2026-05-31T11:05:02.210+0000] {processor.py:925} INFO - DAG(s) 'health_check_kafka_server' retrieved from /opt/airflow/dags/health_check_kafka_server.py
[2026-05-31T11:05:02.235+0000] {logging_mixin.py:190} INFO - [2026-05-31T11:05:02.234+0000] {dag.py:3239} INFO - Sync 1 DAGs
[2026-05-31T11:05:02.271+0000] {logging_mixin.py:190} INFO - [2026-05-31T11:05:02.271+0000] {dag.py:4180} INFO - Setting next_dagrun for health_check_kafka_server to 2026-05-31 11:02:00+00:00, run_after=2026-05-31 11:04:00+00:00
[2026-05-31T11:05:02.287+0000] {processor.py:208} INFO - Processing /opt/airflow/dags/health_check_kafka_server.py took 0.135 seconds
[2026-05-31T11:05:33.098+0000] {processor.py:186} INFO - Started process (PID=19395) to work on /opt/airflow/dags/health_check_kafka_server.py
[2026-05-31T11:05:33.099+0000] {processor.py:914} INFO - Processing file /opt/airflow/dags/health_check_kafka_server.py for tasks to queue
[2026-05-31T11:05:33.101+0000] {logging_mixin.py:190} INFO - [2026-05-31T11:05:33.101+0000] {dagbag.py:588} INFO - Filling up the DagBag from /opt/airflow/dags/health_check_kafka_server.py
[2026-05-31T11:05:33.110+0000] {processor.py:925} INFO - DAG(s) 'health_check_kafka_server' retrieved from /opt/airflow/dags/health_check_kafka_server.py
[2026-05-31T11:05:33.134+0000] {logging_mixin.py:190} INFO - [2026-05-31T11:05:33.134+0000] {dag.py:3239} INFO - Sync 1 DAGs
[2026-05-31T11:05:33.156+0000] {logging_mixin.py:190} INFO - [2026-05-31T11:05:33.156+0000] {dag.py:4180} INFO - Setting next_dagrun for health_check_kafka_server to 2026-05-31 11:02:00+00:00, run_after=2026-05-31 11:04:00+00:00
[2026-05-31T11:05:33.172+0000] {processor.py:208} INFO - Processing /opt/airflow/dags/health_check_kafka_server.py took 0.081 seconds
[2026-05-31T11:06:03.486+0000] {processor.py:186} INFO - Started process (PID=19419) to work on /opt/airflow/dags/health_check_kafka_server.py
[2026-05-31T11:06:03.487+0000] {processor.py:914} INFO - Processing file /opt/airflow/dags/health_check_kafka_server.py for tasks to queue
[2026-05-31T11:06:03.489+0000] {logging_mixin.py:190} INFO - [2026-05-31T11:06:03.489+0000] {dagbag.py:588} INFO - Filling up the DagBag from /opt/airflow/dags/health_check_kafka_server.py
[2026-05-31T11:06:03.502+0000] {processor.py:925} INFO - DAG(s) 'health_check_kafka_server' retrieved from /opt/airflow/dags/health_check_kafka_server.py
[2026-05-31T11:06:03.529+0000] {logging_mixin.py:190} INFO - [2026-05-31T11:06:03.529+0000] {dag.py:3239} INFO - Sync 1 DAGs
[2026-05-31T11:06:03.557+0000] {logging_mixin.py:190} INFO - [2026-05-31T11:06:03.557+0000] {dag.py:4180} INFO - Setting next_dagrun for health_check_kafka_server to 2026-05-31 11:04:00+00:00, run_after=2026-05-31 11:06:00+00:00
[2026-05-31T11:06:03.576+0000] {processor.py:208} INFO - Processing /opt/airflow/dags/health_check_kafka_server.py took 0.100 seconds
[2026-05-31T11:06:34.906+0000] {processor.py:186} INFO - Started process (PID=19443) to work on /opt/airflow/dags/health_check_kafka_server.py
[2026-05-31T11:06:34.907+0000] {processor.py:914} INFO - Processing file /opt/airflow/dags/health_check_kafka_server.py for tasks to queue
[2026-05-31T11:06:34.916+0000] {logging_mixin.py:190} INFO - [2026-05-31T11:06:34.916+0000] {dagbag.py:588} INFO - Filling up the DagBag from /opt/airflow/dags/health_check_kafka_server.py
[2026-05-31T11:06:34.935+0000] {processor.py:925} INFO - DAG(s) 'health_check_kafka_server' retrieved from /opt/airflow/dags/health_check_kafka_server.py
[2026-05-31T11:06:34.973+0000] {logging_mixin.py:190} INFO - [2026-05-31T11:06:34.973+0000] {dag.py:3239} INFO - Sync 1 DAGs
[2026-05-31T11:06:35.011+0000] {logging_mixin.py:190} INFO - [2026-05-31T11:06:35.011+0000] {dag.py:4180} INFO - Setting next_dagrun for health_check_kafka_server to 2026-05-31 11:04:00+00:00, run_after=2026-05-31 11:06:00+00:00
[2026-05-31T11:06:35.029+0000] {processor.py:208} INFO - Processing /opt/airflow/dags/health_check_kafka_server.py took 0.129 seconds
[2026-05-31T11:07:06.154+0000] {processor.py:186} INFO - Started process (PID=19469) to work on /opt/airflow/dags/health_check_kafka_server.py
[2026-05-31T11:07:06.156+0000] {processor.py:914} INFO - Processing file /opt/airflow/dags/health_check_kafka_server.py for tasks to queue
[2026-05-31T11:07:06.158+0000] {logging_mixin.py:190} INFO - [2026-05-31T11:07:06.158+0000] {dagbag.py:588} INFO - Filling up the DagBag from /opt/airflow/dags/health_check_kafka_server.py
[2026-05-31T11:07:06.167+0000] {processor.py:925} INFO - DAG(s) 'health_check_kafka_server' retrieved from /opt/airflow/dags/health_check_kafka_server.py
[2026-05-31T11:07:06.190+0000] {logging_mixin.py:190} INFO - [2026-05-31T11:07:06.189+0000] {dag.py:3239} INFO - Sync 1 DAGs
[2026-05-31T11:07:06.213+0000] {logging_mixin.py:190} INFO - [2026-05-31T11:07:06.213+0000] {dag.py:4180} INFO - Setting next_dagrun for health_check_kafka_server to 2026-05-31 11:04:00+00:00, run_after=2026-05-31 11:06:00+00:00
[2026-05-31T11:07:06.231+0000] {processor.py:208} INFO - Processing /opt/airflow/dags/health_check_kafka_server.py took 0.082 seconds
[2026-05-31T11:07:38.253+0000] {processor.py:186} INFO - Started process (PID=19493) to work on /opt/airflow/dags/health_check_kafka_server.py
[2026-05-31T11:07:38.258+0000] {processor.py:914} INFO - Processing file /opt/airflow/dags/health_check_kafka_server.py for tasks to queue
[2026-05-31T11:07:38.267+0000] {logging_mixin.py:190} INFO - [2026-05-31T11:07:38.264+0000] {dagbag.py:588} INFO - Filling up the DagBag from /opt/airflow/dags/health_check_kafka_server.py
[2026-05-31T11:07:38.299+0000] {processor.py:925} INFO - DAG(s) 'health_check_kafka_server' retrieved from /opt/airflow/dags/health_check_kafka_server.py
[2026-05-31T11:07:38.341+0000] {logging_mixin.py:190} INFO - [2026-05-31T11:07:38.341+0000] {dag.py:3239} INFO - Sync 1 DAGs
[2026-05-31T11:07:38.381+0000] {logging_mixin.py:190} INFO - [2026-05-31T11:07:38.381+0000] {dag.py:4180} INFO - Setting next_dagrun for health_check_kafka_server to 2026-05-31 11:04:00+00:00, run_after=2026-05-31 11:06:00+00:00
[2026-05-31T11:07:38.450+0000] {processor.py:208} INFO - Processing /opt/airflow/dags/health_check_kafka_server.py took 0.217 seconds
[2026-05-31T11:08:11.010+0000] {processor.py:186} INFO - Started process (PID=19523) to work on /opt/airflow/dags/health_check_kafka_server.py
[2026-05-31T11:08:11.018+0000] {processor.py:914} INFO - Processing file /opt/airflow/dags/health_check_kafka_server.py for tasks to queue
[2026-05-31T11:08:11.026+0000] {logging_mixin.py:190} INFO - [2026-05-31T11:08:11.025+0000] {dagbag.py:588} INFO - Filling up the DagBag from /opt/airflow/dags/health_check_kafka_server.py
[2026-05-31T11:08:11.049+0000] {processor.py:925} INFO - DAG(s) 'health_check_kafka_server' retrieved from /opt/airflow/dags/health_check_kafka_server.py
[2026-05-31T11:08:11.106+0000] {logging_mixin.py:190} INFO - [2026-05-31T11:08:11.106+0000] {dag.py:3239} INFO - Sync 1 DAGs
[2026-05-31T11:08:11.158+0000] {logging_mixin.py:190} INFO - [2026-05-31T11:08:11.158+0000] {dag.py:4180} INFO - Setting next_dagrun for health_check_kafka_server to 2026-05-31 11:06:00+00:00, run_after=2026-05-31 11:08:00+00:00
[2026-05-31T11:08:11.195+0000] {processor.py:208} INFO - Processing /opt/airflow/dags/health_check_kafka_server.py took 0.201 seconds
[2026-05-31T11:08:41.485+0000] {processor.py:186} INFO - Started process (PID=19540) to work on /opt/airflow/dags/health_check_kafka_server.py
[2026-05-31T11:08:41.486+0000] {processor.py:914} INFO - Processing file /opt/airflow/dags/health_check_kafka_server.py for tasks to queue
[2026-05-31T11:08:41.488+0000] {logging_mixin.py:190} INFO - [2026-05-31T11:08:41.488+0000] {dagbag.py:588} INFO - Filling up the DagBag from /opt/airflow/dags/health_check_kafka_server.py
[2026-05-31T11:08:41.497+0000] {processor.py:925} INFO - DAG(s) 'health_check_kafka_server' retrieved from /opt/airflow/dags/health_check_kafka_server.py
[2026-05-31T11:08:41.523+0000] {logging_mixin.py:190} INFO - [2026-05-31T11:08:41.522+0000] {dag.py:3239} INFO - Sync 1 DAGs
[2026-05-31T11:08:41.548+0000] {logging_mixin.py:190} INFO - [2026-05-31T11:08:41.548+0000] {dag.py:4180} INFO - Setting next_dagrun for health_check_kafka_server to 2026-05-31 11:06:00+00:00, run_after=2026-05-31 11:08:00+00:00
[2026-05-31T11:08:41.569+0000] {processor.py:208} INFO - Processing /opt/airflow/dags/health_check_kafka_server.py took 0.090 seconds
[2026-05-31T11:09:11.685+0000] {processor.py:186} INFO - Started process (PID=19565) to work on /opt/airflow/dags/health_check_kafka_server.py
[2026-05-31T11:09:11.686+0000] {processor.py:914} INFO - Processing file /opt/airflow/dags/health_check_kafka_server.py for tasks to queue
[2026-05-31T11:09:11.689+0000] {logging_mixin.py:190} INFO - [2026-05-31T11:09:11.688+0000] {dagbag.py:588} INFO - Filling up the DagBag from /opt/airflow/dags/health_check_kafka_server.py
[2026-05-31T11:09:11.710+0000] {processor.py:925} INFO - DAG(s) 'health_check_kafka_server' retrieved from /opt/airflow/dags/health_check_kafka_server.py
[2026-05-31T11:09:11.741+0000] {logging_mixin.py:190} INFO - [2026-05-31T11:09:11.741+0000] {dag.py:3239} INFO - Sync 1 DAGs
[2026-05-31T11:09:11.782+0000] {logging_mixin.py:190} INFO - [2026-05-31T11:09:11.781+0000] {dag.py:4180} INFO - Setting next_dagrun for health_check_kafka_server to 2026-05-31 11:06:00+00:00, run_after=2026-05-31 11:08:00+00:00
[2026-05-31T11:09:11.809+0000] {processor.py:208} INFO - Processing /opt/airflow/dags/health_check_kafka_server.py took 0.132 seconds
[2026-05-31T11:09:43.593+0000] {processor.py:186} INFO - Started process (PID=19596) to work on /opt/airflow/dags/health_check_kafka_server.py
[2026-05-31T11:09:43.594+0000] {processor.py:914} INFO - Processing file /opt/airflow/dags/health_check_kafka_server.py for tasks to queue
[2026-05-31T11:09:43.597+0000] {logging_mixin.py:190} INFO - [2026-05-31T11:09:43.597+0000] {dagbag.py:588} INFO - Filling up the DagBag from /opt/airflow/dags/health_check_kafka_server.py
[2026-05-31T11:09:43.618+0000] {processor.py:925} INFO - DAG(s) 'health_check_kafka_server' retrieved from /opt/airflow/dags/health_check_kafka_server.py
[2026-05-31T11:09:43.751+0000] {logging_mixin.py:190} INFO - [2026-05-31T11:09:43.751+0000] {dag.py:3239} INFO - Sync 1 DAGs
[2026-05-31T11:09:43.792+0000] {logging_mixin.py:190} INFO - [2026-05-31T11:09:43.792+0000] {dag.py:4180} INFO - Setting next_dagrun for health_check_kafka_server to 2026-05-31 11:06:00+00:00, run_after=2026-05-31 11:08:00+00:00
[2026-05-31T11:09:43.813+0000] {processor.py:208} INFO - Processing /opt/airflow/dags/health_check_kafka_server.py took 0.231 seconds
[2026-05-31T11:10:15.183+0000] {processor.py:186} INFO - Started process (PID=19620) to work on /opt/airflow/dags/health_check_kafka_server.py
[2026-05-31T11:10:15.185+0000] {processor.py:914} INFO - Processing file /opt/airflow/dags/health_check_kafka_server.py for tasks to queue
[2026-05-31T11:10:15.187+0000] {logging_mixin.py:190} INFO - [2026-05-31T11:10:15.186+0000] {dagbag.py:588} INFO - Filling up the DagBag from /opt/airflow/dags/health_check_kafka_server.py
[2026-05-31T11:10:15.198+0000] {processor.py:925} INFO - DAG(s) 'health_check_kafka_server' retrieved from /opt/airflow/dags/health_check_kafka_server.py
[2026-05-31T11:10:15.224+0000] {logging_mixin.py:190} INFO - [2026-05-31T11:10:15.223+0000] {dag.py:3239} INFO - Sync 1 DAGs
[2026-05-31T11:10:15.247+0000] {logging_mixin.py:190} INFO - [2026-05-31T11:10:15.246+0000] {dag.py:4180} INFO - Setting next_dagrun for health_check_kafka_server to 2026-05-31 11:08:00+00:00, run_after=2026-05-31 11:10:00+00:00
[2026-05-31T11:10:15.262+0000] {processor.py:208} INFO - Processing /opt/airflow/dags/health_check_kafka_server.py took 0.084 seconds
[2026-05-31T11:10:46.737+0000] {processor.py:186} INFO - Started process (PID=19643) to work on /opt/airflow/dags/health_check_kafka_server.py
[2026-05-31T11:10:46.739+0000] {processor.py:914} INFO - Processing file /opt/airflow/dags/health_check_kafka_server.py for tasks to queue
[2026-05-31T11:10:46.745+0000] {logging_mixin.py:190} INFO - [2026-05-31T11:10:46.745+0000] {dagbag.py:588} INFO - Filling up the DagBag from /opt/airflow/dags/health_check_kafka_server.py
[2026-05-31T11:10:46.763+0000] {processor.py:925} INFO - DAG(s) 'health_check_kafka_server' retrieved from /opt/airflow/dags/health_check_kafka_server.py
[2026-05-31T11:10:46.861+0000] {logging_mixin.py:190} INFO - [2026-05-31T11:10:46.861+0000] {dag.py:3239} INFO - Sync 1 DAGs
[2026-05-31T11:10:46.939+0000] {logging_mixin.py:190} INFO - [2026-05-31T11:10:46.939+0000] {dag.py:4180} INFO - Setting next_dagrun for health_check_kafka_server to 2026-05-31 11:08:00+00:00, run_after=2026-05-31 11:10:00+00:00
[2026-05-31T11:10:46.969+0000] {processor.py:208} INFO - Processing /opt/airflow/dags/health_check_kafka_server.py took 0.238 seconds
[2026-05-31T11:11:18.017+0000] {processor.py:186} INFO - Started process (PID=19667) to work on /opt/airflow/dags/health_check_kafka_server.py
[2026-05-31T11:11:18.027+0000] {processor.py:914} INFO - Processing file /opt/airflow/dags/health_check_kafka_server.py for tasks to queue
[2026-05-31T11:11:18.056+0000] {logging_mixin.py:190} INFO - [2026-05-31T11:11:18.031+0000] {dagbag.py:588} INFO - Filling up the DagBag from /opt/airflow/dags/health_check_kafka_server.py
[2026-05-31T11:11:18.131+0000] {processor.py:925} INFO - DAG(s) 'health_check_kafka_server' retrieved from /opt/airflow/dags/health_check_kafka_server.py
[2026-05-31T11:11:18.159+0000] {logging_mixin.py:190} INFO - [2026-05-31T11:11:18.159+0000] {dag.py:3239} INFO - Sync 1 DAGs
[2026-05-31T11:11:18.182+0000] {logging_mixin.py:190} INFO - [2026-05-31T11:11:18.182+0000] {dag.py:4180} INFO - Setting next_dagrun for health_check_kafka_server to 2026-05-31 11:08:00+00:00, run_after=2026-05-31 11:10:00+00:00
[2026-05-31T11:11:18.344+0000] {processor.py:208} INFO - Processing /opt/airflow/dags/health_check_kafka_server.py took 0.333 seconds
[2026-05-31T11:11:49.076+0000] {processor.py:186} INFO - Started process (PID=19690) to work on /opt/airflow/dags/health_check_kafka_server.py
[2026-05-31T11:11:49.078+0000] {processor.py:914} INFO - Processing file /opt/airflow/dags/health_check_kafka_server.py for tasks to queue
[2026-05-31T11:11:49.080+0000] {logging_mixin.py:190} INFO - [2026-05-31T11:11:49.079+0000] {dagbag.py:588} INFO - Filling up the DagBag from /opt/airflow/dags/health_check_kafka_server.py
[2026-05-31T11:11:49.089+0000] {processor.py:925} INFO - DAG(s) 'health_check_kafka_server' retrieved from /opt/airflow/dags/health_check_kafka_server.py
[2026-05-31T11:11:49.108+0000] {logging_mixin.py:190} INFO - [2026-05-31T11:11:49.107+0000] {dag.py:3239} INFO - Sync 1 DAGs
[2026-05-31T11:11:49.131+0000] {logging_mixin.py:190} INFO - [2026-05-31T11:11:49.131+0000] {dag.py:4180} INFO - Setting next_dagrun for health_check_kafka_server to 2026-05-31 11:08:00+00:00, run_after=2026-05-31 11:10:00+00:00
[2026-05-31T11:11:49.145+0000] {processor.py:208} INFO - Processing /opt/airflow/dags/health_check_kafka_server.py took 0.073 seconds
[2026-05-31T11:12:19.914+0000] {processor.py:186} INFO - Started process (PID=19746) to work on /opt/airflow/dags/health_check_kafka_server.py
[2026-05-31T11:12:19.919+0000] {processor.py:914} INFO - Processing file /opt/airflow/dags/health_check_kafka_server.py for tasks to queue
[2026-05-31T11:12:19.921+0000] {logging_mixin.py:190} INFO - [2026-05-31T11:12:19.921+0000] {dagbag.py:588} INFO - Filling up the DagBag from /opt/airflow/dags/health_check_kafka_server.py
[2026-05-31T11:12:19.932+0000] {processor.py:925} INFO - DAG(s) 'health_check_kafka_server' retrieved from /opt/airflow/dags/health_check_kafka_server.py
[2026-05-31T11:12:19.957+0000] {logging_mixin.py:190} INFO - [2026-05-31T11:12:19.957+0000] {dag.py:3239} INFO - Sync 1 DAGs
[2026-05-31T11:12:19.981+0000] {logging_mixin.py:190} INFO - [2026-05-31T11:12:19.981+0000] {dag.py:4180} INFO - Setting next_dagrun for health_check_kafka_server to 2026-05-31 11:10:00+00:00, run_after=2026-05-31 11:12:00+00:00
[2026-05-31T11:12:20.000+0000] {processor.py:208} INFO - Processing /opt/airflow/dags/health_check_kafka_server.py took 0.094 seconds
[2026-05-31T11:12:50.870+0000] {processor.py:186} INFO - Started process (PID=19770) to work on /opt/airflow/dags/health_check_kafka_server.py
[2026-05-31T11:12:50.871+0000] {processor.py:914} INFO - Processing file /opt/airflow/dags/health_check_kafka_server.py for tasks to queue
[2026-05-31T11:12:50.873+0000] {logging_mixin.py:190} INFO - [2026-05-31T11:12:50.873+0000] {dagbag.py:588} INFO - Filling up the DagBag from /opt/airflow/dags/health_check_kafka_server.py
[2026-05-31T11:12:50.885+0000] {processor.py:925} INFO - DAG(s) 'health_check_kafka_server' retrieved from /opt/airflow/dags/health_check_kafka_server.py
[2026-05-31T11:12:50.911+0000] {logging_mixin.py:190} INFO - [2026-05-31T11:12:50.911+0000] {dag.py:3239} INFO - Sync 1 DAGs
[2026-05-31T11:12:50.952+0000] {logging_mixin.py:190} INFO - [2026-05-31T11:12:50.952+0000] {dag.py:4180} INFO - Setting next_dagrun for health_check_kafka_server to 2026-05-31 11:10:00+00:00, run_after=2026-05-31 11:12:00+00:00
[2026-05-31T11:12:50.974+0000] {processor.py:208} INFO - Processing /opt/airflow/dags/health_check_kafka_server.py took 0.113 seconds
[2026-05-31T11:13:22.309+0000] {processor.py:186} INFO - Started process (PID=19819) to work on /opt/airflow/dags/health_check_kafka_server.py
[2026-05-31T11:13:22.310+0000] {processor.py:914} INFO - Processing file /opt/airflow/dags/health_check_kafka_server.py for tasks to queue
[2026-05-31T11:13:22.312+0000] {logging_mixin.py:190} INFO - [2026-05-31T11:13:22.312+0000] {dagbag.py:588} INFO - Filling up the DagBag from /opt/airflow/dags/health_check_kafka_server.py
[2026-05-31T11:13:22.324+0000] {processor.py:925} INFO - DAG(s) 'health_check_kafka_server' retrieved from /opt/airflow/dags/health_check_kafka_server.py
[2026-05-31T11:13:22.346+0000] {logging_mixin.py:190} INFO - [2026-05-31T11:13:22.345+0000] {dag.py:3239} INFO - Sync 1 DAGs
[2026-05-31T11:13:22.371+0000] {logging_mixin.py:190} INFO - [2026-05-31T11:13:22.371+0000] {dag.py:4180} INFO - Setting next_dagrun for health_check_kafka_server to 2026-05-31 11:10:00+00:00, run_after=2026-05-31 11:12:00+00:00
[2026-05-31T11:13:22.386+0000] {processor.py:208} INFO - Processing /opt/airflow/dags/health_check_kafka_server.py took 0.083 seconds
[2026-05-31T11:13:53.531+0000] {processor.py:186} INFO - Started process (PID=19850) to work on /opt/airflow/dags/health_check_kafka_server.py
[2026-05-31T11:13:53.532+0000] {processor.py:914} INFO - Processing file /opt/airflow/dags/health_check_kafka_server.py for tasks to queue
[2026-05-31T11:13:53.537+0000] {logging_mixin.py:190} INFO - [2026-05-31T11:13:53.535+0000] {dagbag.py:588} INFO - Filling up the DagBag from /opt/airflow/dags/health_check_kafka_server.py
[2026-05-31T11:13:53.557+0000] {processor.py:925} INFO - DAG(s) 'health_check_kafka_server' retrieved from /opt/airflow/dags/health_check_kafka_server.py
[2026-05-31T11:13:53.590+0000] {logging_mixin.py:190} INFO - [2026-05-31T11:13:53.590+0000] {dag.py:3239} INFO - Sync 1 DAGs
[2026-05-31T11:13:53.618+0000] {logging_mixin.py:190} INFO - [2026-05-31T11:13:53.618+0000] {dag.py:4180} INFO - Setting next_dagrun for health_check_kafka_server to 2026-05-31 11:10:00+00:00, run_after=2026-05-31 11:12:00+00:00
[2026-05-31T11:13:53.637+0000] {processor.py:208} INFO - Processing /opt/airflow/dags/health_check_kafka_server.py took 0.115 seconds
[2026-05-31T11:15:15.340+0000] {processor.py:186} INFO - Started process (PID=117) to work on /opt/airflow/dags/health_check_kafka_server.py
[2026-05-31T11:15:15.344+0000] {processor.py:914} INFO - Processing file /opt/airflow/dags/health_check_kafka_server.py for tasks to queue
[2026-05-31T11:15:15.349+0000] {logging_mixin.py:190} INFO - [2026-05-31T11:15:15.348+0000] {dagbag.py:588} INFO - Filling up the DagBag from /opt/airflow/dags/health_check_kafka_server.py
[2026-05-31T11:15:15.372+0000] {processor.py:925} INFO - DAG(s) 'health_check_kafka_server' retrieved from /opt/airflow/dags/health_check_kafka_server.py
[2026-05-31T11:15:15.422+0000] {logging_mixin.py:190} INFO - [2026-05-31T11:15:15.421+0000] {dag.py:3239} INFO - Sync 1 DAGs
[2026-05-31T11:15:15.502+0000] {logging_mixin.py:190} INFO - [2026-05-31T11:15:15.500+0000] {dag.py:4180} INFO - Setting next_dagrun for health_check_kafka_server to 2026-05-31 11:12:00+00:00, run_after=2026-05-31 11:14:00+00:00
[2026-05-31T11:15:15.546+0000] {processor.py:208} INFO - Processing /opt/airflow/dags/health_check_kafka_server.py took 0.224 seconds
[2026-05-31T11:15:46.134+0000] {processor.py:186} INFO - Started process (PID=161) to work on /opt/airflow/dags/health_check_kafka_server.py
[2026-05-31T11:15:46.136+0000] {processor.py:914} INFO - Processing file /opt/airflow/dags/health_check_kafka_server.py for tasks to queue
[2026-05-31T11:15:46.138+0000] {logging_mixin.py:190} INFO - [2026-05-31T11:15:46.137+0000] {dagbag.py:588} INFO - Filling up the DagBag from /opt/airflow/dags/health_check_kafka_server.py
[2026-05-31T11:15:46.146+0000] {processor.py:925} INFO - DAG(s) 'health_check_kafka_server' retrieved from /opt/airflow/dags/health_check_kafka_server.py
[2026-05-31T11:15:46.176+0000] {logging_mixin.py:190} INFO - [2026-05-31T11:15:46.175+0000] {dag.py:3239} INFO - Sync 1 DAGs
[2026-05-31T11:15:46.219+0000] {logging_mixin.py:190} INFO - [2026-05-31T11:15:46.218+0000] {dag.py:4180} INFO - Setting next_dagrun for health_check_kafka_server to 2026-05-31 11:12:00+00:00, run_after=2026-05-31 11:14:00+00:00
[2026-05-31T11:15:46.243+0000] {processor.py:208} INFO - Processing /opt/airflow/dags/health_check_kafka_server.py took 0.124 seconds
[2026-05-31T11:16:16.316+0000] {processor.py:186} INFO - Started process (PID=184) to work on /opt/airflow/dags/health_check_kafka_server.py
[2026-05-31T11:16:16.320+0000] {processor.py:914} INFO - Processing file /opt/airflow/dags/health_check_kafka_server.py for tasks to queue
[2026-05-31T11:16:16.323+0000] {logging_mixin.py:190} INFO - [2026-05-31T11:16:16.323+0000] {dagbag.py:588} INFO - Filling up the DagBag from /opt/airflow/dags/health_check_kafka_server.py
[2026-05-31T11:16:16.357+0000] {processor.py:925} INFO - DAG(s) 'health_check_kafka_server' retrieved from /opt/airflow/dags/health_check_kafka_server.py
[2026-05-31T11:16:16.706+0000] {logging_mixin.py:190} INFO - [2026-05-31T11:16:16.706+0000] {dag.py:3239} INFO - Sync 1 DAGs
[2026-05-31T11:16:16.760+0000] {logging_mixin.py:190} INFO - [2026-05-31T11:16:16.760+0000] {dag.py:4180} INFO - Setting next_dagrun for health_check_kafka_server to 2026-05-31 11:14:00+00:00, run_after=2026-05-31 11:16:00+00:00
[2026-05-31T11:16:17.066+0000] {processor.py:208} INFO - Processing /opt/airflow/dags/health_check_kafka_server.py took 0.759 seconds
[2026-05-31T11:16:47.203+0000] {processor.py:186} INFO - Started process (PID=232) to work on /opt/airflow/dags/health_check_kafka_server.py
[2026-05-31T11:16:47.204+0000] {processor.py:914} INFO - Processing file /opt/airflow/dags/health_check_kafka_server.py for tasks to queue
[2026-05-31T11:16:47.206+0000] {logging_mixin.py:190} INFO - [2026-05-31T11:16:47.206+0000] {dagbag.py:588} INFO - Filling up the DagBag from /opt/airflow/dags/health_check_kafka_server.py
[2026-05-31T11:16:47.216+0000] {processor.py:925} INFO - DAG(s) 'health_check_kafka_server' retrieved from /opt/airflow/dags/health_check_kafka_server.py
[2026-05-31T11:16:47.236+0000] {logging_mixin.py:190} INFO - [2026-05-31T11:16:47.236+0000] {dag.py:3239} INFO - Sync 1 DAGs
[2026-05-31T11:16:47.256+0000] {logging_mixin.py:190} INFO - [2026-05-31T11:16:47.255+0000] {dag.py:4180} INFO - Setting next_dagrun for health_check_kafka_server to 2026-05-31 11:14:00+00:00, run_after=2026-05-31 11:16:00+00:00
[2026-05-31T11:16:47.270+0000] {processor.py:208} INFO - Processing /opt/airflow/dags/health_check_kafka_server.py took 0.074 seconds
[2026-05-31T11:17:17.834+0000] {processor.py:186} INFO - Started process (PID=282) to work on /opt/airflow/dags/health_check_kafka_server.py
[2026-05-31T11:17:17.835+0000] {processor.py:914} INFO - Processing file /opt/airflow/dags/health_check_kafka_server.py for tasks to queue
[2026-05-31T11:17:17.837+0000] {logging_mixin.py:190} INFO - [2026-05-31T11:17:17.837+0000] {dagbag.py:588} INFO - Filling up the DagBag from /opt/airflow/dags/health_check_kafka_server.py
[2026-05-31T11:17:17.847+0000] {processor.py:925} INFO - DAG(s) 'health_check_kafka_server' retrieved from /opt/airflow/dags/health_check_kafka_server.py
[2026-05-31T11:17:17.869+0000] {logging_mixin.py:190} INFO - [2026-05-31T11:17:17.869+0000] {dag.py:3239} INFO - Sync 1 DAGs
[2026-05-31T11:17:17.891+0000] {logging_mixin.py:190} INFO - [2026-05-31T11:17:17.891+0000] {dag.py:4180} INFO - Setting next_dagrun for health_check_kafka_server to 2026-05-31 11:14:00+00:00, run_after=2026-05-31 11:16:00+00:00
[2026-05-31T11:17:17.906+0000] {processor.py:208} INFO - Processing /opt/airflow/dags/health_check_kafka_server.py took 0.080 seconds
[2026-05-31T11:17:48.000+0000] {processor.py:186} INFO - Started process (PID=320) to work on /opt/airflow/dags/health_check_kafka_server.py
[2026-05-31T11:17:48.001+0000] {processor.py:914} INFO - Processing file /opt/airflow/dags/health_check_kafka_server.py for tasks to queue
[2026-05-31T11:17:48.009+0000] {logging_mixin.py:190} INFO - [2026-05-31T11:17:48.009+0000] {dagbag.py:588} INFO - Filling up the DagBag from /opt/airflow/dags/health_check_kafka_server.py
[2026-05-31T11:17:48.019+0000] {processor.py:925} INFO - DAG(s) 'health_check_kafka_server' retrieved from /opt/airflow/dags/health_check_kafka_server.py
[2026-05-31T11:17:48.042+0000] {logging_mixin.py:190} INFO - [2026-05-31T11:17:48.042+0000] {dag.py:3239} INFO - Sync 1 DAGs
[2026-05-31T11:17:48.064+0000] {logging_mixin.py:190} INFO - [2026-05-31T11:17:48.064+0000] {dag.py:4180} INFO - Setting next_dagrun for health_check_kafka_server to 2026-05-31 11:14:00+00:00, run_after=2026-05-31 11:16:00+00:00
[2026-05-31T11:17:48.081+0000] {processor.py:208} INFO - Processing /opt/airflow/dags/health_check_kafka_server.py took 0.091 seconds
[2026-05-31T11:18:18.503+0000] {processor.py:186} INFO - Started process (PID=344) to work on /opt/airflow/dags/health_check_kafka_server.py
[2026-05-31T11:18:18.504+0000] {processor.py:914} INFO - Processing file /opt/airflow/dags/health_check_kafka_server.py for tasks to queue
[2026-05-31T11:18:18.519+0000] {logging_mixin.py:190} INFO - [2026-05-31T11:18:18.519+0000] {dagbag.py:588} INFO - Filling up the DagBag from /opt/airflow/dags/health_check_kafka_server.py
[2026-05-31T11:18:18.578+0000] {processor.py:925} INFO - DAG(s) 'health_check_kafka_server' retrieved from /opt/airflow/dags/health_check_kafka_server.py
[2026-05-31T11:18:18.986+0000] {logging_mixin.py:190} INFO - [2026-05-31T11:18:18.986+0000] {dag.py:3239} INFO - Sync 1 DAGs
[2026-05-31T11:18:19.010+0000] {logging_mixin.py:190} INFO - [2026-05-31T11:18:19.010+0000] {dag.py:4180} INFO - Setting next_dagrun for health_check_kafka_server to 2026-05-31 11:16:00+00:00, run_after=2026-05-31 11:18:00+00:00
[2026-05-31T11:18:19.033+0000] {processor.py:208} INFO - Processing /opt/airflow/dags/health_check_kafka_server.py took 0.550 seconds
[2026-05-31T11:18:49.472+0000] {processor.py:186} INFO - Started process (PID=366) to work on /opt/airflow/dags/health_check_kafka_server.py
[2026-05-31T11:18:49.480+0000] {processor.py:914} INFO - Processing file /opt/airflow/dags/health_check_kafka_server.py for tasks to queue
[2026-05-31T11:18:49.483+0000] {logging_mixin.py:190} INFO - [2026-05-31T11:18:49.483+0000] {dagbag.py:588} INFO - Filling up the DagBag from /opt/airflow/dags/health_check_kafka_server.py
[2026-05-31T11:18:49.491+0000] {processor.py:925} INFO - DAG(s) 'health_check_kafka_server' retrieved from /opt/airflow/dags/health_check_kafka_server.py
[2026-05-31T11:18:49.510+0000] {logging_mixin.py:190} INFO - [2026-05-31T11:18:49.510+0000] {dag.py:3239} INFO - Sync 1 DAGs
[2026-05-31T11:18:49.657+0000] {logging_mixin.py:190} INFO - [2026-05-31T11:18:49.657+0000] {dag.py:4180} INFO - Setting next_dagrun for health_check_kafka_server to 2026-05-31 11:16:00+00:00, run_after=2026-05-31 11:18:00+00:00
[2026-05-31T11:18:49.676+0000] {processor.py:208} INFO - Processing /opt/airflow/dags/health_check_kafka_server.py took 0.212 seconds
[2026-05-31T11:19:19.813+0000] {processor.py:186} INFO - Started process (PID=389) to work on /opt/airflow/dags/health_check_kafka_server.py
[2026-05-31T11:19:19.814+0000] {processor.py:914} INFO - Processing file /opt/airflow/dags/health_check_kafka_server.py for tasks to queue
[2026-05-31T11:19:19.817+0000] {logging_mixin.py:190} INFO - [2026-05-31T11:19:19.817+0000] {dagbag.py:588} INFO - Filling up the DagBag from /opt/airflow/dags/health_check_kafka_server.py
[2026-05-31T11:19:19.830+0000] {processor.py:925} INFO - DAG(s) 'health_check_kafka_server' retrieved from /opt/airflow/dags/health_check_kafka_server.py
[2026-05-31T11:19:19.850+0000] {logging_mixin.py:190} INFO - [2026-05-31T11:19:19.849+0000] {dag.py:3239} INFO - Sync 1 DAGs
[2026-05-31T11:19:19.870+0000] {logging_mixin.py:190} INFO - [2026-05-31T11:19:19.870+0000] {dag.py:4180} INFO - Setting next_dagrun for health_check_kafka_server to 2026-05-31 11:16:00+00:00, run_after=2026-05-31 11:18:00+00:00
[2026-05-31T11:19:19.884+0000] {processor.py:208} INFO - Processing /opt/airflow/dags/health_check_kafka_server.py took 0.076 seconds
[2026-05-31T11:19:50.793+0000] {processor.py:186} INFO - Started process (PID=414) to work on /opt/airflow/dags/health_check_kafka_server.py
[2026-05-31T11:19:50.796+0000] {processor.py:914} INFO - Processing file /opt/airflow/dags/health_check_kafka_server.py for tasks to queue
[2026-05-31T11:19:50.803+0000] {logging_mixin.py:190} INFO - [2026-05-31T11:19:50.801+0000] {dagbag.py:588} INFO - Filling up the DagBag from /opt/airflow/dags/health_check_kafka_server.py
[2026-05-31T11:19:50.825+0000] {processor.py:925} INFO - DAG(s) 'health_check_kafka_server' retrieved from /opt/airflow/dags/health_check_kafka_server.py
[2026-05-31T11:19:50.885+0000] {logging_mixin.py:190} INFO - [2026-05-31T11:19:50.885+0000] {dag.py:3239} INFO - Sync 1 DAGs
[2026-05-31T11:19:50.929+0000] {logging_mixin.py:190} INFO - [2026-05-31T11:19:50.928+0000] {dag.py:4180} INFO - Setting next_dagrun for health_check_kafka_server to 2026-05-31 11:16:00+00:00, run_after=2026-05-31 11:18:00+00:00
[2026-05-31T11:19:50.963+0000] {processor.py:208} INFO - Processing /opt/airflow/dags/health_check_kafka_server.py took 0.187 seconds
[2026-05-31T11:20:21.115+0000] {processor.py:186} INFO - Started process (PID=437) to work on /opt/airflow/dags/health_check_kafka_server.py
[2026-05-31T11:20:21.116+0000] {processor.py:914} INFO - Processing file /opt/airflow/dags/health_check_kafka_server.py for tasks to queue
[2026-05-31T11:20:21.119+0000] {logging_mixin.py:190} INFO - [2026-05-31T11:20:21.118+0000] {dagbag.py:588} INFO - Filling up the DagBag from /opt/airflow/dags/health_check_kafka_server.py
[2026-05-31T11:20:21.127+0000] {processor.py:925} INFO - DAG(s) 'health_check_kafka_server' retrieved from /opt/airflow/dags/health_check_kafka_server.py
[2026-05-31T11:20:21.150+0000] {logging_mixin.py:190} INFO - [2026-05-31T11:20:21.150+0000] {dag.py:3239} INFO - Sync 1 DAGs
[2026-05-31T11:20:21.197+0000] {logging_mixin.py:190} INFO - [2026-05-31T11:20:21.197+0000] {dag.py:4180} INFO - Setting next_dagrun for health_check_kafka_server to 2026-05-31 11:18:00+00:00, run_after=2026-05-31 11:20:00+00:00
[2026-05-31T11:20:21.210+0000] {processor.py:208} INFO - Processing /opt/airflow/dags/health_check_kafka_server.py took 0.102 seconds
[2026-05-31T11:20:51.349+0000] {processor.py:186} INFO - Started process (PID=461) to work on /opt/airflow/dags/health_check_kafka_server.py
[2026-05-31T11:20:51.350+0000] {processor.py:914} INFO - Processing file /opt/airflow/dags/health_check_kafka_server.py for tasks to queue
[2026-05-31T11:20:51.353+0000] {logging_mixin.py:190} INFO - [2026-05-31T11:20:51.353+0000] {dagbag.py:588} INFO - Filling up the DagBag from /opt/airflow/dags/health_check_kafka_server.py
[2026-05-31T11:20:51.362+0000] {processor.py:925} INFO - DAG(s) 'health_check_kafka_server' retrieved from /opt/airflow/dags/health_check_kafka_server.py
[2026-05-31T11:20:51.383+0000] {logging_mixin.py:190} INFO - [2026-05-31T11:20:51.383+0000] {dag.py:3239} INFO - Sync 1 DAGs
[2026-05-31T11:20:51.405+0000] {logging_mixin.py:190} INFO - [2026-05-31T11:20:51.405+0000] {dag.py:4180} INFO - Setting next_dagrun for health_check_kafka_server to 2026-05-31 11:18:00+00:00, run_after=2026-05-31 11:20:00+00:00
[2026-05-31T11:20:51.419+0000] {processor.py:208} INFO - Processing /opt/airflow/dags/health_check_kafka_server.py took 0.079 seconds
[2026-05-31T11:21:21.545+0000] {processor.py:186} INFO - Started process (PID=486) to work on /opt/airflow/dags/health_check_kafka_server.py
[2026-05-31T11:21:21.546+0000] {processor.py:914} INFO - Processing file /opt/airflow/dags/health_check_kafka_server.py for tasks to queue
[2026-05-31T11:21:21.548+0000] {logging_mixin.py:190} INFO - [2026-05-31T11:21:21.548+0000] {dagbag.py:588} INFO - Filling up the DagBag from /opt/airflow/dags/health_check_kafka_server.py
[2026-05-31T11:21:21.556+0000] {processor.py:925} INFO - DAG(s) 'health_check_kafka_server' retrieved from /opt/airflow/dags/health_check_kafka_server.py
[2026-05-31T11:21:21.578+0000] {logging_mixin.py:190} INFO - [2026-05-31T11:21:21.578+0000] {dag.py:3239} INFO - Sync 1 DAGs
[2026-05-31T11:21:21.598+0000] {logging_mixin.py:190} INFO - [2026-05-31T11:21:21.598+0000] {dag.py:4180} INFO - Setting next_dagrun for health_check_kafka_server to 2026-05-31 11:18:00+00:00, run_after=2026-05-31 11:20:00+00:00
[2026-05-31T11:21:21.613+0000] {processor.py:208} INFO - Processing /opt/airflow/dags/health_check_kafka_server.py took 0.073 seconds
[2026-05-31T11:21:51.700+0000] {processor.py:186} INFO - Started process (PID=511) to work on /opt/airflow/dags/health_check_kafka_server.py
[2026-05-31T11:21:51.701+0000] {processor.py:914} INFO - Processing file /opt/airflow/dags/health_check_kafka_server.py for tasks to queue
[2026-05-31T11:21:51.703+0000] {logging_mixin.py:190} INFO - [2026-05-31T11:21:51.703+0000] {dagbag.py:588} INFO - Filling up the DagBag from /opt/airflow/dags/health_check_kafka_server.py
[2026-05-31T11:21:51.715+0000] {processor.py:925} INFO - DAG(s) 'health_check_kafka_server' retrieved from /opt/airflow/dags/health_check_kafka_server.py
[2026-05-31T11:21:51.733+0000] {logging_mixin.py:190} INFO - [2026-05-31T11:21:51.733+0000] {dag.py:3239} INFO - Sync 1 DAGs
[2026-05-31T11:21:51.755+0000] {logging_mixin.py:190} INFO - [2026-05-31T11:21:51.755+0000] {dag.py:4180} INFO - Setting next_dagrun for health_check_kafka_server to 2026-05-31 11:18:00+00:00, run_after=2026-05-31 11:20:00+00:00
[2026-05-31T11:21:51.768+0000] {processor.py:208} INFO - Processing /opt/airflow/dags/health_check_kafka_server.py took 0.077 seconds
[2026-05-31T11:22:21.919+0000] {processor.py:186} INFO - Started process (PID=529) to work on /opt/airflow/dags/health_check_kafka_server.py
[2026-05-31T11:22:21.922+0000] {processor.py:914} INFO - Processing file /opt/airflow/dags/health_check_kafka_server.py for tasks to queue
[2026-05-31T11:22:21.924+0000] {logging_mixin.py:190} INFO - [2026-05-31T11:22:21.924+0000] {dagbag.py:588} INFO - Filling up the DagBag from /opt/airflow/dags/health_check_kafka_server.py
[2026-05-31T11:22:21.934+0000] {processor.py:925} INFO - DAG(s) 'health_check_kafka_server' retrieved from /opt/airflow/dags/health_check_kafka_server.py
[2026-05-31T11:22:21.957+0000] {logging_mixin.py:190} INFO - [2026-05-31T11:22:21.957+0000] {dag.py:3239} INFO - Sync 1 DAGs
[2026-05-31T11:22:21.978+0000] {logging_mixin.py:190} INFO - [2026-05-31T11:22:21.978+0000] {dag.py:4180} INFO - Setting next_dagrun for health_check_kafka_server to 2026-05-31 11:20:00+00:00, run_after=2026-05-31 11:22:00+00:00
[2026-05-31T11:22:21.994+0000] {processor.py:208} INFO - Processing /opt/airflow/dags/health_check_kafka_server.py took 0.080 seconds
[2026-05-31T11:22:52.750+0000] {processor.py:186} INFO - Started process (PID=553) to work on /opt/airflow/dags/health_check_kafka_server.py
[2026-05-31T11:22:52.750+0000] {processor.py:914} INFO - Processing file /opt/airflow/dags/health_check_kafka_server.py for tasks to queue
[2026-05-31T11:22:52.752+0000] {logging_mixin.py:190} INFO - [2026-05-31T11:22:52.752+0000] {dagbag.py:588} INFO - Filling up the DagBag from /opt/airflow/dags/health_check_kafka_server.py
[2026-05-31T11:22:52.760+0000] {processor.py:925} INFO - DAG(s) 'health_check_kafka_server' retrieved from /opt/airflow/dags/health_check_kafka_server.py
[2026-05-31T11:22:52.782+0000] {logging_mixin.py:190} INFO - [2026-05-31T11:22:52.782+0000] {dag.py:3239} INFO - Sync 1 DAGs
[2026-05-31T11:22:52.801+0000] {logging_mixin.py:190} INFO - [2026-05-31T11:22:52.801+0000] {dag.py:4180} INFO - Setting next_dagrun for health_check_kafka_server to 2026-05-31 11:20:00+00:00, run_after=2026-05-31 11:22:00+00:00
[2026-05-31T11:22:52.818+0000] {processor.py:208} INFO - Processing /opt/airflow/dags/health_check_kafka_server.py took 0.073 seconds
[2026-05-31T11:23:22.932+0000] {processor.py:186} INFO - Started process (PID=577) to work on /opt/airflow/dags/health_check_kafka_server.py
[2026-05-31T11:23:22.933+0000] {processor.py:914} INFO - Processing file /opt/airflow/dags/health_check_kafka_server.py for tasks to queue
[2026-05-31T11:23:22.935+0000] {logging_mixin.py:190} INFO - [2026-05-31T11:23:22.935+0000] {dagbag.py:588} INFO - Filling up the DagBag from /opt/airflow/dags/health_check_kafka_server.py
[2026-05-31T11:23:22.943+0000] {processor.py:925} INFO - DAG(s) 'health_check_kafka_server' retrieved from /opt/airflow/dags/health_check_kafka_server.py
[2026-05-31T11:23:22.965+0000] {logging_mixin.py:190} INFO - [2026-05-31T11:23:22.965+0000] {dag.py:3239} INFO - Sync 1 DAGs
[2026-05-31T11:23:22.986+0000] {logging_mixin.py:190} INFO - [2026-05-31T11:23:22.986+0000] {dag.py:4180} INFO - Setting next_dagrun for health_check_kafka_server to 2026-05-31 11:20:00+00:00, run_after=2026-05-31 11:22:00+00:00
[2026-05-31T11:23:23.001+0000] {processor.py:208} INFO - Processing /opt/airflow/dags/health_check_kafka_server.py took 0.074 seconds
[2026-05-31T11:23:53.166+0000] {processor.py:186} INFO - Started process (PID=601) to work on /opt/airflow/dags/health_check_kafka_server.py
[2026-05-31T11:23:53.167+0000] {processor.py:914} INFO - Processing file /opt/airflow/dags/health_check_kafka_server.py for tasks to queue
[2026-05-31T11:23:53.168+0000] {logging_mixin.py:190} INFO - [2026-05-31T11:23:53.168+0000] {dagbag.py:588} INFO - Filling up the DagBag from /opt/airflow/dags/health_check_kafka_server.py
[2026-05-31T11:23:53.180+0000] {processor.py:925} INFO - DAG(s) 'health_check_kafka_server' retrieved from /opt/airflow/dags/health_check_kafka_server.py
[2026-05-31T11:23:53.200+0000] {logging_mixin.py:190} INFO - [2026-05-31T11:23:53.200+0000] {dag.py:3239} INFO - Sync 1 DAGs
[2026-05-31T11:23:53.222+0000] {logging_mixin.py:190} INFO - [2026-05-31T11:23:53.222+0000] {dag.py:4180} INFO - Setting next_dagrun for health_check_kafka_server to 2026-05-31 11:20:00+00:00, run_after=2026-05-31 11:22:00+00:00
[2026-05-31T11:23:53.238+0000] {processor.py:208} INFO - Processing /opt/airflow/dags/health_check_kafka_server.py took 0.077 seconds
[2026-05-31T11:24:23.337+0000] {processor.py:186} INFO - Started process (PID=624) to work on /opt/airflow/dags/health_check_kafka_server.py
[2026-05-31T11:24:23.339+0000] {processor.py:914} INFO - Processing file /opt/airflow/dags/health_check_kafka_server.py for tasks to queue
[2026-05-31T11:24:23.343+0000] {logging_mixin.py:190} INFO - [2026-05-31T11:24:23.342+0000] {dagbag.py:588} INFO - Filling up the DagBag from /opt/airflow/dags/health_check_kafka_server.py
[2026-05-31T11:24:23.353+0000] {processor.py:925} INFO - DAG(s) 'health_check_kafka_server' retrieved from /opt/airflow/dags/health_check_kafka_server.py
[2026-05-31T11:24:23.373+0000] {logging_mixin.py:190} INFO - [2026-05-31T11:24:23.373+0000] {dag.py:3239} INFO - Sync 1 DAGs
[2026-05-31T11:24:23.396+0000] {logging_mixin.py:190} INFO - [2026-05-31T11:24:23.396+0000] {dag.py:4180} INFO - Setting next_dagrun for health_check_kafka_server to 2026-05-31 11:22:00+00:00, run_after=2026-05-31 11:24:00+00:00
[2026-05-31T11:24:23.411+0000] {processor.py:208} INFO - Processing /opt/airflow/dags/health_check_kafka_server.py took 0.082 seconds
[2026-05-31T11:24:53.535+0000] {processor.py:186} INFO - Started process (PID=648) to work on /opt/airflow/dags/health_check_kafka_server.py
[2026-05-31T11:24:53.536+0000] {processor.py:914} INFO - Processing file /opt/airflow/dags/health_check_kafka_server.py for tasks to queue
[2026-05-31T11:24:53.539+0000] {logging_mixin.py:190} INFO - [2026-05-31T11:24:53.539+0000] {dagbag.py:588} INFO - Filling up the DagBag from /opt/airflow/dags/health_check_kafka_server.py
[2026-05-31T11:24:53.549+0000] {processor.py:925} INFO - DAG(s) 'health_check_kafka_server' retrieved from /opt/airflow/dags/health_check_kafka_server.py
[2026-05-31T11:24:53.571+0000] {logging_mixin.py:190} INFO - [2026-05-31T11:24:53.571+0000] {dag.py:3239} INFO - Sync 1 DAGs
[2026-05-31T11:24:53.593+0000] {logging_mixin.py:190} INFO - [2026-05-31T11:24:53.592+0000] {dag.py:4180} INFO - Setting next_dagrun for health_check_kafka_server to 2026-05-31 11:22:00+00:00, run_after=2026-05-31 11:24:00+00:00
[2026-05-31T11:24:53.607+0000] {processor.py:208} INFO - Processing /opt/airflow/dags/health_check_kafka_server.py took 0.081 seconds
[2026-05-31T11:25:23.873+0000] {processor.py:186} INFO - Started process (PID=672) to work on /opt/airflow/dags/health_check_kafka_server.py
[2026-05-31T11:25:23.874+0000] {processor.py:914} INFO - Processing file /opt/airflow/dags/health_check_kafka_server.py for tasks to queue
[2026-05-31T11:25:23.876+0000] {logging_mixin.py:190} INFO - [2026-05-31T11:25:23.876+0000] {dagbag.py:588} INFO - Filling up the DagBag from /opt/airflow/dags/health_check_kafka_server.py
[2026-05-31T11:25:23.884+0000] {processor.py:925} INFO - DAG(s) 'health_check_kafka_server' retrieved from /opt/airflow/dags/health_check_kafka_server.py
[2026-05-31T11:25:23.906+0000] {logging_mixin.py:190} INFO - [2026-05-31T11:25:23.906+0000] {dag.py:3239} INFO - Sync 1 DAGs
[2026-05-31T11:25:23.926+0000] {logging_mixin.py:190} INFO - [2026-05-31T11:25:23.926+0000] {dag.py:4180} INFO - Setting next_dagrun for health_check_kafka_server to 2026-05-31 11:22:00+00:00, run_after=2026-05-31 11:24:00+00:00
[2026-05-31T11:25:23.942+0000] {processor.py:208} INFO - Processing /opt/airflow/dags/health_check_kafka_server.py took 0.074 seconds
[2026-05-31T11:25:54.187+0000] {processor.py:186} INFO - Started process (PID=696) to work on /opt/airflow/dags/health_check_kafka_server.py
[2026-05-31T11:25:54.187+0000] {processor.py:914} INFO - Processing file /opt/airflow/dags/health_check_kafka_server.py for tasks to queue
[2026-05-31T11:25:54.189+0000] {logging_mixin.py:190} INFO - [2026-05-31T11:25:54.189+0000] {dagbag.py:588} INFO - Filling up the DagBag from /opt/airflow/dags/health_check_kafka_server.py
[2026-05-31T11:25:54.197+0000] {processor.py:925} INFO - DAG(s) 'health_check_kafka_server' retrieved from /opt/airflow/dags/health_check_kafka_server.py
[2026-05-31T11:25:54.214+0000] {logging_mixin.py:190} INFO - [2026-05-31T11:25:54.214+0000] {dag.py:3239} INFO - Sync 1 DAGs
[2026-05-31T11:25:54.233+0000] {logging_mixin.py:190} INFO - [2026-05-31T11:25:54.233+0000] {dag.py:4180} INFO - Setting next_dagrun for health_check_kafka_server to 2026-05-31 11:22:00+00:00, run_after=2026-05-31 11:24:00+00:00
[2026-05-31T11:25:54.247+0000] {processor.py:208} INFO - Processing /opt/airflow/dags/health_check_kafka_server.py took 0.066 seconds
[2026-05-31T11:26:25.045+0000] {processor.py:186} INFO - Started process (PID=720) to work on /opt/airflow/dags/health_check_kafka_server.py
[2026-05-31T11:26:25.046+0000] {processor.py:914} INFO - Processing file /opt/airflow/dags/health_check_kafka_server.py for tasks to queue
[2026-05-31T11:26:25.049+0000] {logging_mixin.py:190} INFO - [2026-05-31T11:26:25.049+0000] {dagbag.py:588} INFO - Filling up the DagBag from /opt/airflow/dags/health_check_kafka_server.py
[2026-05-31T11:26:25.059+0000] {processor.py:925} INFO - DAG(s) 'health_check_kafka_server' retrieved from /opt/airflow/dags/health_check_kafka_server.py
[2026-05-31T11:26:25.080+0000] {logging_mixin.py:190} INFO - [2026-05-31T11:26:25.080+0000] {dag.py:3239} INFO - Sync 1 DAGs
[2026-05-31T11:26:25.101+0000] {logging_mixin.py:190} INFO - [2026-05-31T11:26:25.101+0000] {dag.py:4180} INFO - Setting next_dagrun for health_check_kafka_server to 2026-05-31 11:24:00+00:00, run_after=2026-05-31 11:26:00+00:00
[2026-05-31T11:26:25.114+0000] {processor.py:208} INFO - Processing /opt/airflow/dags/health_check_kafka_server.py took 0.077 seconds
[2026-05-31T11:26:55.697+0000] {processor.py:186} INFO - Started process (PID=745) to work on /opt/airflow/dags/health_check_kafka_server.py
[2026-05-31T11:26:55.699+0000] {processor.py:914} INFO - Processing file /opt/airflow/dags/health_check_kafka_server.py for tasks to queue
[2026-05-31T11:26:55.700+0000] {logging_mixin.py:190} INFO - [2026-05-31T11:26:55.700+0000] {dagbag.py:588} INFO - Filling up the DagBag from /opt/airflow/dags/health_check_kafka_server.py
[2026-05-31T11:26:55.708+0000] {processor.py:925} INFO - DAG(s) 'health_check_kafka_server' retrieved from /opt/airflow/dags/health_check_kafka_server.py
[2026-05-31T11:26:55.728+0000] {logging_mixin.py:190} INFO - [2026-05-31T11:26:55.728+0000] {dag.py:3239} INFO - Sync 1 DAGs
[2026-05-31T11:26:55.750+0000] {logging_mixin.py:190} INFO - [2026-05-31T11:26:55.750+0000] {dag.py:4180} INFO - Setting next_dagrun for health_check_kafka_server to 2026-05-31 11:24:00+00:00, run_after=2026-05-31 11:26:00+00:00
[2026-05-31T11:26:55.764+0000] {processor.py:208} INFO - Processing /opt/airflow/dags/health_check_kafka_server.py took 0.072 seconds
[2026-05-31T11:27:25.967+0000] {processor.py:186} INFO - Started process (PID=769) to work on /opt/airflow/dags/health_check_kafka_server.py
[2026-05-31T11:27:25.967+0000] {processor.py:914} INFO - Processing file /opt/airflow/dags/health_check_kafka_server.py for tasks to queue
[2026-05-31T11:27:25.969+0000] {logging_mixin.py:190} INFO - [2026-05-31T11:27:25.969+0000] {dagbag.py:588} INFO - Filling up the DagBag from /opt/airflow/dags/health_check_kafka_server.py
[2026-05-31T11:27:25.978+0000] {processor.py:925} INFO - DAG(s) 'health_check_kafka_server' retrieved from /opt/airflow/dags/health_check_kafka_server.py
[2026-05-31T11:27:25.999+0000] {logging_mixin.py:190} INFO - [2026-05-31T11:27:25.999+0000] {dag.py:3239} INFO - Sync 1 DAGs
[2026-05-31T11:27:26.020+0000] {logging_mixin.py:190} INFO - [2026-05-31T11:27:26.020+0000] {dag.py:4180} INFO - Setting next_dagrun for health_check_kafka_server to 2026-05-31 11:24:00+00:00, run_after=2026-05-31 11:26:00+00:00
[2026-05-31T11:27:26.035+0000] {processor.py:208} INFO - Processing /opt/airflow/dags/health_check_kafka_server.py took 0.073 seconds
[2026-05-31T11:27:56.112+0000] {processor.py:186} INFO - Started process (PID=793) to work on /opt/airflow/dags/health_check_kafka_server.py
[2026-05-31T11:27:56.113+0000] {processor.py:914} INFO - Processing file /opt/airflow/dags/health_check_kafka_server.py for tasks to queue
[2026-05-31T11:27:56.116+0000] {logging_mixin.py:190} INFO - [2026-05-31T11:27:56.115+0000] {dagbag.py:588} INFO - Filling up the DagBag from /opt/airflow/dags/health_check_kafka_server.py
[2026-05-31T11:27:56.124+0000] {processor.py:925} INFO - DAG(s) 'health_check_kafka_server' retrieved from /opt/airflow/dags/health_check_kafka_server.py
[2026-05-31T11:27:56.145+0000] {logging_mixin.py:190} INFO - [2026-05-31T11:27:56.145+0000] {dag.py:3239} INFO - Sync 1 DAGs
[2026-05-31T11:27:56.168+0000] {logging_mixin.py:190} INFO - [2026-05-31T11:27:56.168+0000] {dag.py:4180} INFO - Setting next_dagrun for health_check_kafka_server to 2026-05-31 11:24:00+00:00, run_after=2026-05-31 11:26:00+00:00
[2026-05-31T11:27:56.182+0000] {processor.py:208} INFO - Processing /opt/airflow/dags/health_check_kafka_server.py took 0.075 seconds
[2026-05-31T11:28:27.049+0000] {processor.py:186} INFO - Started process (PID=817) to work on /opt/airflow/dags/health_check_kafka_server.py
[2026-05-31T11:28:27.050+0000] {processor.py:914} INFO - Processing file /opt/airflow/dags/health_check_kafka_server.py for tasks to queue
[2026-05-31T11:28:27.052+0000] {logging_mixin.py:190} INFO - [2026-05-31T11:28:27.051+0000] {dagbag.py:588} INFO - Filling up the DagBag from /opt/airflow/dags/health_check_kafka_server.py
[2026-05-31T11:28:27.061+0000] {processor.py:925} INFO - DAG(s) 'health_check_kafka_server' retrieved from /opt/airflow/dags/health_check_kafka_server.py
[2026-05-31T11:28:27.080+0000] {logging_mixin.py:190} INFO - [2026-05-31T11:28:27.080+0000] {dag.py:3239} INFO - Sync 1 DAGs
[2026-05-31T11:28:27.101+0000] {logging_mixin.py:190} INFO - [2026-05-31T11:28:27.101+0000] {dag.py:4180} INFO - Setting next_dagrun for health_check_kafka_server to 2026-05-31 11:26:00+00:00, run_after=2026-05-31 11:28:00+00:00
[2026-05-31T11:28:27.117+0000] {processor.py:208} INFO - Processing /opt/airflow/dags/health_check_kafka_server.py took 0.073 seconds
[2026-05-31T11:28:57.152+0000] {processor.py:186} INFO - Started process (PID=835) to work on /opt/airflow/dags/health_check_kafka_server.py
[2026-05-31T11:28:57.153+0000] {processor.py:914} INFO - Processing file /opt/airflow/dags/health_check_kafka_server.py for tasks to queue
[2026-05-31T11:28:57.155+0000] {logging_mixin.py:190} INFO - [2026-05-31T11:28:57.155+0000] {dagbag.py:588} INFO - Filling up the DagBag from /opt/airflow/dags/health_check_kafka_server.py
[2026-05-31T11:28:57.164+0000] {processor.py:925} INFO - DAG(s) 'health_check_kafka_server' retrieved from /opt/airflow/dags/health_check_kafka_server.py
[2026-05-31T11:28:57.182+0000] {logging_mixin.py:190} INFO - [2026-05-31T11:28:57.182+0000] {dag.py:3239} INFO - Sync 1 DAGs
[2026-05-31T11:28:57.203+0000] {logging_mixin.py:190} INFO - [2026-05-31T11:28:57.203+0000] {dag.py:4180} INFO - Setting next_dagrun for health_check_kafka_server to 2026-05-31 11:26:00+00:00, run_after=2026-05-31 11:28:00+00:00
[2026-05-31T11:28:57.219+0000] {processor.py:208} INFO - Processing /opt/airflow/dags/health_check_kafka_server.py took 0.073 seconds
[2026-05-31T11:29:28.037+0000] {processor.py:186} INFO - Started process (PID=859) to work on /opt/airflow/dags/health_check_kafka_server.py
[2026-05-31T11:29:28.038+0000] {processor.py:914} INFO - Processing file /opt/airflow/dags/health_check_kafka_server.py for tasks to queue
[2026-05-31T11:29:28.040+0000] {logging_mixin.py:190} INFO - [2026-05-31T11:29:28.040+0000] {dagbag.py:588} INFO - Filling up the DagBag from /opt/airflow/dags/health_check_kafka_server.py
[2026-05-31T11:29:28.048+0000] {processor.py:925} INFO - DAG(s) 'health_check_kafka_server' retrieved from /opt/airflow/dags/health_check_kafka_server.py
[2026-05-31T11:29:28.067+0000] {logging_mixin.py:190} INFO - [2026-05-31T11:29:28.067+0000] {dag.py:3239} INFO - Sync 1 DAGs
[2026-05-31T11:29:28.087+0000] {logging_mixin.py:190} INFO - [2026-05-31T11:29:28.087+0000] {dag.py:4180} INFO - Setting next_dagrun for health_check_kafka_server to 2026-05-31 11:26:00+00:00, run_after=2026-05-31 11:28:00+00:00
[2026-05-31T11:29:28.102+0000] {processor.py:208} INFO - Processing /opt/airflow/dags/health_check_kafka_server.py took 0.070 seconds
[2026-05-31T11:29:58.930+0000] {processor.py:186} INFO - Started process (PID=883) to work on /opt/airflow/dags/health_check_kafka_server.py
[2026-05-31T11:29:58.930+0000] {processor.py:914} INFO - Processing file /opt/airflow/dags/health_check_kafka_server.py for tasks to queue
[2026-05-31T11:29:58.932+0000] {logging_mixin.py:190} INFO - [2026-05-31T11:29:58.932+0000] {dagbag.py:588} INFO - Filling up the DagBag from /opt/airflow/dags/health_check_kafka_server.py
[2026-05-31T11:29:58.940+0000] {processor.py:925} INFO - DAG(s) 'health_check_kafka_server' retrieved from /opt/airflow/dags/health_check_kafka_server.py
[2026-05-31T11:29:58.961+0000] {logging_mixin.py:190} INFO - [2026-05-31T11:29:58.961+0000] {dag.py:3239} INFO - Sync 1 DAGs
[2026-05-31T11:29:58.982+0000] {logging_mixin.py:190} INFO - [2026-05-31T11:29:58.982+0000] {dag.py:4180} INFO - Setting next_dagrun for health_check_kafka_server to 2026-05-31 11:26:00+00:00, run_after=2026-05-31 11:28:00+00:00
[2026-05-31T11:29:58.996+0000] {processor.py:208} INFO - Processing /opt/airflow/dags/health_check_kafka_server.py took 0.071 seconds
[2026-05-31T11:30:29.037+0000] {processor.py:186} INFO - Started process (PID=907) to work on /opt/airflow/dags/health_check_kafka_server.py
[2026-05-31T11:30:29.038+0000] {processor.py:914} INFO - Processing file /opt/airflow/dags/health_check_kafka_server.py for tasks to queue
[2026-05-31T11:30:29.040+0000] {logging_mixin.py:190} INFO - [2026-05-31T11:30:29.040+0000] {dagbag.py:588} INFO - Filling up the DagBag from /opt/airflow/dags/health_check_kafka_server.py
[2026-05-31T11:30:29.049+0000] {processor.py:925} INFO - DAG(s) 'health_check_kafka_server' retrieved from /opt/airflow/dags/health_check_kafka_server.py
[2026-05-31T11:30:29.070+0000] {logging_mixin.py:190} INFO - [2026-05-31T11:30:29.070+0000] {dag.py:3239} INFO - Sync 1 DAGs
[2026-05-31T11:30:29.090+0000] {logging_mixin.py:190} INFO - [2026-05-31T11:30:29.090+0000] {dag.py:4180} INFO - Setting next_dagrun for health_check_kafka_server to 2026-05-31 11:28:00+00:00, run_after=2026-05-31 11:30:00+00:00
[2026-05-31T11:30:29.115+0000] {processor.py:208} INFO - Processing /opt/airflow/dags/health_check_kafka_server.py took 0.083 seconds
[2026-05-31T11:31:00.023+0000] {processor.py:186} INFO - Started process (PID=931) to work on /opt/airflow/dags/health_check_kafka_server.py
[2026-05-31T11:31:00.024+0000] {processor.py:914} INFO - Processing file /opt/airflow/dags/health_check_kafka_server.py for tasks to queue
[2026-05-31T11:31:00.026+0000] {logging_mixin.py:190} INFO - [2026-05-31T11:31:00.026+0000] {dagbag.py:588} INFO - Filling up the DagBag from /opt/airflow/dags/health_check_kafka_server.py
[2026-05-31T11:31:00.035+0000] {processor.py:925} INFO - DAG(s) 'health_check_kafka_server' retrieved from /opt/airflow/dags/health_check_kafka_server.py
[2026-05-31T11:31:00.053+0000] {logging_mixin.py:190} INFO - [2026-05-31T11:31:00.053+0000] {dag.py:3239} INFO - Sync 1 DAGs
[2026-05-31T11:31:00.075+0000] {logging_mixin.py:190} INFO - [2026-05-31T11:31:00.075+0000] {dag.py:4180} INFO - Setting next_dagrun for health_check_kafka_server to 2026-05-31 11:28:00+00:00, run_after=2026-05-31 11:30:00+00:00
[2026-05-31T11:31:00.090+0000] {processor.py:208} INFO - Processing /opt/airflow/dags/health_check_kafka_server.py took 0.072 seconds
[2026-05-31T11:31:30.891+0000] {processor.py:186} INFO - Started process (PID=960) to work on /opt/airflow/dags/health_check_kafka_server.py
[2026-05-31T11:31:30.894+0000] {processor.py:914} INFO - Processing file /opt/airflow/dags/health_check_kafka_server.py for tasks to queue
[2026-05-31T11:31:30.896+0000] {logging_mixin.py:190} INFO - [2026-05-31T11:31:30.896+0000] {dagbag.py:588} INFO - Filling up the DagBag from /opt/airflow/dags/health_check_kafka_server.py
[2026-05-31T11:31:30.906+0000] {processor.py:925} INFO - DAG(s) 'health_check_kafka_server' retrieved from /opt/airflow/dags/health_check_kafka_server.py
[2026-05-31T11:31:30.925+0000] {logging_mixin.py:190} INFO - [2026-05-31T11:31:30.925+0000] {dag.py:3239} INFO - Sync 1 DAGs
[2026-05-31T11:31:30.945+0000] {logging_mixin.py:190} INFO - [2026-05-31T11:31:30.945+0000] {dag.py:4180} INFO - Setting next_dagrun for health_check_kafka_server to 2026-05-31 11:28:00+00:00, run_after=2026-05-31 11:30:00+00:00
[2026-05-31T11:31:30.961+0000] {processor.py:208} INFO - Processing /opt/airflow/dags/health_check_kafka_server.py took 0.076 seconds
[2026-05-31T11:32:01.072+0000] {processor.py:186} INFO - Started process (PID=984) to work on /opt/airflow/dags/health_check_kafka_server.py
[2026-05-31T11:32:01.072+0000] {processor.py:914} INFO - Processing file /opt/airflow/dags/health_check_kafka_server.py for tasks to queue
[2026-05-31T11:32:01.075+0000] {logging_mixin.py:190} INFO - [2026-05-31T11:32:01.074+0000] {dagbag.py:588} INFO - Filling up the DagBag from /opt/airflow/dags/health_check_kafka_server.py
[2026-05-31T11:32:01.082+0000] {processor.py:925} INFO - DAG(s) 'health_check_kafka_server' retrieved from /opt/airflow/dags/health_check_kafka_server.py
[2026-05-31T11:32:01.101+0000] {logging_mixin.py:190} INFO - [2026-05-31T11:32:01.100+0000] {dag.py:3239} INFO - Sync 1 DAGs
[2026-05-31T11:32:01.120+0000] {logging_mixin.py:190} INFO - [2026-05-31T11:32:01.120+0000] {dag.py:4180} INFO - Setting next_dagrun for health_check_kafka_server to 2026-05-31 11:30:00+00:00, run_after=2026-05-31 11:32:00+00:00
[2026-05-31T11:32:01.134+0000] {processor.py:208} INFO - Processing /opt/airflow/dags/health_check_kafka_server.py took 0.067 seconds
[2026-05-31T11:32:31.219+0000] {processor.py:186} INFO - Started process (PID=1008) to work on /opt/airflow/dags/health_check_kafka_server.py
[2026-05-31T11:32:31.221+0000] {processor.py:914} INFO - Processing file /opt/airflow/dags/health_check_kafka_server.py for tasks to queue
[2026-05-31T11:32:31.223+0000] {logging_mixin.py:190} INFO - [2026-05-31T11:32:31.223+0000] {dagbag.py:588} INFO - Filling up the DagBag from /opt/airflow/dags/health_check_kafka_server.py
[2026-05-31T11:32:31.233+0000] {processor.py:925} INFO - DAG(s) 'health_check_kafka_server' retrieved from /opt/airflow/dags/health_check_kafka_server.py
[2026-05-31T11:32:31.253+0000] {logging_mixin.py:190} INFO - [2026-05-31T11:32:31.253+0000] {dag.py:3239} INFO - Sync 1 DAGs
[2026-05-31T11:32:31.291+0000] {logging_mixin.py:190} INFO - [2026-05-31T11:32:31.291+0000] {dag.py:4180} INFO - Setting next_dagrun for health_check_kafka_server to 2026-05-31 11:30:00+00:00, run_after=2026-05-31 11:32:00+00:00
[2026-05-31T11:32:31.309+0000] {processor.py:208} INFO - Processing /opt/airflow/dags/health_check_kafka_server.py took 0.101 seconds
[2026-05-31T11:33:01.375+0000] {processor.py:186} INFO - Started process (PID=1031) to work on /opt/airflow/dags/health_check_kafka_server.py
[2026-05-31T11:33:01.376+0000] {processor.py:914} INFO - Processing file /opt/airflow/dags/health_check_kafka_server.py for tasks to queue
[2026-05-31T11:33:01.378+0000] {logging_mixin.py:190} INFO - [2026-05-31T11:33:01.377+0000] {dagbag.py:588} INFO - Filling up the DagBag from /opt/airflow/dags/health_check_kafka_server.py
[2026-05-31T11:33:01.386+0000] {processor.py:925} INFO - DAG(s) 'health_check_kafka_server' retrieved from /opt/airflow/dags/health_check_kafka_server.py
[2026-05-31T11:33:01.405+0000] {logging_mixin.py:190} INFO - [2026-05-31T11:33:01.405+0000] {dag.py:3239} INFO - Sync 1 DAGs
[2026-05-31T11:33:01.426+0000] {logging_mixin.py:190} INFO - [2026-05-31T11:33:01.426+0000] {dag.py:4180} INFO - Setting next_dagrun for health_check_kafka_server to 2026-05-31 11:30:00+00:00, run_after=2026-05-31 11:32:00+00:00
[2026-05-31T11:33:01.439+0000] {processor.py:208} INFO - Processing /opt/airflow/dags/health_check_kafka_server.py took 0.069 seconds
[2026-05-31T11:33:31.635+0000] {processor.py:186} INFO - Started process (PID=1056) to work on /opt/airflow/dags/health_check_kafka_server.py
[2026-05-31T11:33:31.638+0000] {processor.py:914} INFO - Processing file /opt/airflow/dags/health_check_kafka_server.py for tasks to queue
[2026-05-31T11:33:31.640+0000] {logging_mixin.py:190} INFO - [2026-05-31T11:33:31.640+0000] {dagbag.py:588} INFO - Filling up the DagBag from /opt/airflow/dags/health_check_kafka_server.py
[2026-05-31T11:33:31.649+0000] {processor.py:925} INFO - DAG(s) 'health_check_kafka_server' retrieved from /opt/airflow/dags/health_check_kafka_server.py
[2026-05-31T11:33:31.668+0000] {logging_mixin.py:190} INFO - [2026-05-31T11:33:31.668+0000] {dag.py:3239} INFO - Sync 1 DAGs
[2026-05-31T11:33:31.690+0000] {logging_mixin.py:190} INFO - [2026-05-31T11:33:31.690+0000] {dag.py:4180} INFO - Setting next_dagrun for health_check_kafka_server to 2026-05-31 11:30:00+00:00, run_after=2026-05-31 11:32:00+00:00
[2026-05-31T11:33:31.705+0000] {processor.py:208} INFO - Processing /opt/airflow/dags/health_check_kafka_server.py took 0.080 seconds
[2026-05-31T11:34:01.737+0000] {processor.py:186} INFO - Started process (PID=1079) to work on /opt/airflow/dags/health_check_kafka_server.py
[2026-05-31T11:34:01.737+0000] {processor.py:914} INFO - Processing file /opt/airflow/dags/health_check_kafka_server.py for tasks to queue
[2026-05-31T11:34:01.740+0000] {logging_mixin.py:190} INFO - [2026-05-31T11:34:01.740+0000] {dagbag.py:588} INFO - Filling up the DagBag from /opt/airflow/dags/health_check_kafka_server.py
[2026-05-31T11:34:01.749+0000] {processor.py:925} INFO - DAG(s) 'health_check_kafka_server' retrieved from /opt/airflow/dags/health_check_kafka_server.py
[2026-05-31T11:34:01.768+0000] {logging_mixin.py:190} INFO - [2026-05-31T11:34:01.768+0000] {dag.py:3239} INFO - Sync 1 DAGs
[2026-05-31T11:34:01.787+0000] {logging_mixin.py:190} INFO - [2026-05-31T11:34:01.787+0000] {dag.py:4180} INFO - Setting next_dagrun for health_check_kafka_server to 2026-05-31 11:32:00+00:00, run_after=2026-05-31 11:34:00+00:00
[2026-05-31T11:34:01.801+0000] {processor.py:208} INFO - Processing /opt/airflow/dags/health_check_kafka_server.py took 0.072 seconds
[2026-05-31T11:34:31.899+0000] {processor.py:186} INFO - Started process (PID=1103) to work on /opt/airflow/dags/health_check_kafka_server.py
[2026-05-31T11:34:31.901+0000] {processor.py:914} INFO - Processing file /opt/airflow/dags/health_check_kafka_server.py for tasks to queue
[2026-05-31T11:34:31.903+0000] {logging_mixin.py:190} INFO - [2026-05-31T11:34:31.902+0000] {dagbag.py:588} INFO - Filling up the DagBag from /opt/airflow/dags/health_check_kafka_server.py
[2026-05-31T11:34:31.911+0000] {processor.py:925} INFO - DAG(s) 'health_check_kafka_server' retrieved from /opt/airflow/dags/health_check_kafka_server.py
[2026-05-31T11:34:31.929+0000] {logging_mixin.py:190} INFO - [2026-05-31T11:34:31.929+0000] {dag.py:3239} INFO - Sync 1 DAGs
[2026-05-31T11:34:31.948+0000] {logging_mixin.py:190} INFO - [2026-05-31T11:34:31.948+0000] {dag.py:4180} INFO - Setting next_dagrun for health_check_kafka_server to 2026-05-31 11:32:00+00:00, run_after=2026-05-31 11:34:00+00:00
[2026-05-31T11:34:31.962+0000] {processor.py:208} INFO - Processing /opt/airflow/dags/health_check_kafka_server.py took 0.068 seconds
[2026-05-31T11:35:02.729+0000] {processor.py:186} INFO - Started process (PID=1127) to work on /opt/airflow/dags/health_check_kafka_server.py
[2026-05-31T11:35:02.733+0000] {processor.py:914} INFO - Processing file /opt/airflow/dags/health_check_kafka_server.py for tasks to queue
[2026-05-31T11:35:02.736+0000] {logging_mixin.py:190} INFO - [2026-05-31T11:35:02.736+0000] {dagbag.py:588} INFO - Filling up the DagBag from /opt/airflow/dags/health_check_kafka_server.py
[2026-05-31T11:35:02.746+0000] {processor.py:925} INFO - DAG(s) 'health_check_kafka_server' retrieved from /opt/airflow/dags/health_check_kafka_server.py
[2026-05-31T11:35:02.764+0000] {logging_mixin.py:190} INFO - [2026-05-31T11:35:02.764+0000] {dag.py:3239} INFO - Sync 1 DAGs
[2026-05-31T11:35:02.790+0000] {logging_mixin.py:190} INFO - [2026-05-31T11:35:02.790+0000] {dag.py:4180} INFO - Setting next_dagrun for health_check_kafka_server to 2026-05-31 11:32:00+00:00, run_after=2026-05-31 11:34:00+00:00
[2026-05-31T11:35:02.807+0000] {processor.py:208} INFO - Processing /opt/airflow/dags/health_check_kafka_server.py took 0.089 seconds
[2026-05-31T11:35:33.417+0000] {processor.py:186} INFO - Started process (PID=1146) to work on /opt/airflow/dags/health_check_kafka_server.py
[2026-05-31T11:35:33.418+0000] {processor.py:914} INFO - Processing file /opt/airflow/dags/health_check_kafka_server.py for tasks to queue
[2026-05-31T11:35:33.425+0000] {logging_mixin.py:190} INFO - [2026-05-31T11:35:33.424+0000] {dagbag.py:588} INFO - Filling up the DagBag from /opt/airflow/dags/health_check_kafka_server.py
[2026-05-31T11:35:33.442+0000] {processor.py:925} INFO - DAG(s) 'health_check_kafka_server' retrieved from /opt/airflow/dags/health_check_kafka_server.py
[2026-05-31T11:35:33.462+0000] {logging_mixin.py:190} INFO - [2026-05-31T11:35:33.461+0000] {dag.py:3239} INFO - Sync 1 DAGs
[2026-05-31T11:35:33.484+0000] {logging_mixin.py:190} INFO - [2026-05-31T11:35:33.484+0000] {dag.py:4180} INFO - Setting next_dagrun for health_check_kafka_server to 2026-05-31 11:32:00+00:00, run_after=2026-05-31 11:34:00+00:00
[2026-05-31T11:35:33.499+0000] {processor.py:208} INFO - Processing /opt/airflow/dags/health_check_kafka_server.py took 0.090 seconds
[2026-05-31T11:36:04.424+0000] {processor.py:186} INFO - Started process (PID=1169) to work on /opt/airflow/dags/health_check_kafka_server.py
[2026-05-31T11:36:04.425+0000] {processor.py:914} INFO - Processing file /opt/airflow/dags/health_check_kafka_server.py for tasks to queue
[2026-05-31T11:36:04.427+0000] {logging_mixin.py:190} INFO - [2026-05-31T11:36:04.427+0000] {dagbag.py:588} INFO - Filling up the DagBag from /opt/airflow/dags/health_check_kafka_server.py
[2026-05-31T11:36:04.437+0000] {processor.py:925} INFO - DAG(s) 'health_check_kafka_server' retrieved from /opt/airflow/dags/health_check_kafka_server.py
[2026-05-31T11:36:04.456+0000] {logging_mixin.py:190} INFO - [2026-05-31T11:36:04.456+0000] {dag.py:3239} INFO - Sync 1 DAGs
[2026-05-31T11:36:04.477+0000] {logging_mixin.py:190} INFO - [2026-05-31T11:36:04.476+0000] {dag.py:4180} INFO - Setting next_dagrun for health_check_kafka_server to 2026-05-31 11:34:00+00:00, run_after=2026-05-31 11:36:00+00:00
[2026-05-31T11:36:04.491+0000] {processor.py:208} INFO - Processing /opt/airflow/dags/health_check_kafka_server.py took 0.071 seconds
[2026-05-31T11:36:35.281+0000] {processor.py:186} INFO - Started process (PID=1192) to work on /opt/airflow/dags/health_check_kafka_server.py
[2026-05-31T11:36:35.283+0000] {processor.py:914} INFO - Processing file /opt/airflow/dags/health_check_kafka_server.py for tasks to queue
[2026-05-31T11:36:35.285+0000] {logging_mixin.py:190} INFO - [2026-05-31T11:36:35.285+0000] {dagbag.py:588} INFO - Filling up the DagBag from /opt/airflow/dags/health_check_kafka_server.py
[2026-05-31T11:36:35.293+0000] {processor.py:925} INFO - DAG(s) 'health_check_kafka_server' retrieved from /opt/airflow/dags/health_check_kafka_server.py
[2026-05-31T11:36:35.315+0000] {logging_mixin.py:190} INFO - [2026-05-31T11:36:35.315+0000] {dag.py:3239} INFO - Sync 1 DAGs
[2026-05-31T11:36:35.334+0000] {logging_mixin.py:190} INFO - [2026-05-31T11:36:35.334+0000] {dag.py:4180} INFO - Setting next_dagrun for health_check_kafka_server to 2026-05-31 11:34:00+00:00, run_after=2026-05-31 11:36:00+00:00
[2026-05-31T11:36:35.349+0000] {processor.py:208} INFO - Processing /opt/airflow/dags/health_check_kafka_server.py took 0.073 seconds
[2026-05-31T11:37:06.142+0000] {processor.py:186} INFO - Started process (PID=1216) to work on /opt/airflow/dags/health_check_kafka_server.py
[2026-05-31T11:37:06.142+0000] {processor.py:914} INFO - Processing file /opt/airflow/dags/health_check_kafka_server.py for tasks to queue
[2026-05-31T11:37:06.144+0000] {logging_mixin.py:190} INFO - [2026-05-31T11:37:06.144+0000] {dagbag.py:588} INFO - Filling up the DagBag from /opt/airflow/dags/health_check_kafka_server.py
[2026-05-31T11:37:06.152+0000] {processor.py:925} INFO - DAG(s) 'health_check_kafka_server' retrieved from /opt/airflow/dags/health_check_kafka_server.py
[2026-05-31T11:37:06.173+0000] {logging_mixin.py:190} INFO - [2026-05-31T11:37:06.173+0000] {dag.py:3239} INFO - Sync 1 DAGs
[2026-05-31T11:37:06.192+0000] {logging_mixin.py:190} INFO - [2026-05-31T11:37:06.192+0000] {dag.py:4180} INFO - Setting next_dagrun for health_check_kafka_server to 2026-05-31 11:34:00+00:00, run_after=2026-05-31 11:36:00+00:00
[2026-05-31T11:37:06.207+0000] {processor.py:208} INFO - Processing /opt/airflow/dags/health_check_kafka_server.py took 0.070 seconds
[2026-05-31T11:37:37.109+0000] {processor.py:186} INFO - Started process (PID=1240) to work on /opt/airflow/dags/health_check_kafka_server.py
[2026-05-31T11:37:37.111+0000] {processor.py:914} INFO - Processing file /opt/airflow/dags/health_check_kafka_server.py for tasks to queue
[2026-05-31T11:37:37.113+0000] {logging_mixin.py:190} INFO - [2026-05-31T11:37:37.113+0000] {dagbag.py:588} INFO - Filling up the DagBag from /opt/airflow/dags/health_check_kafka_server.py
[2026-05-31T11:37:37.121+0000] {processor.py:925} INFO - DAG(s) 'health_check_kafka_server' retrieved from /opt/airflow/dags/health_check_kafka_server.py
[2026-05-31T11:37:37.138+0000] {logging_mixin.py:190} INFO - [2026-05-31T11:37:37.138+0000] {dag.py:3239} INFO - Sync 1 DAGs
[2026-05-31T11:37:37.157+0000] {logging_mixin.py:190} INFO - [2026-05-31T11:37:37.157+0000] {dag.py:4180} INFO - Setting next_dagrun for health_check_kafka_server to 2026-05-31 11:34:00+00:00, run_after=2026-05-31 11:36:00+00:00
[2026-05-31T11:37:37.171+0000] {processor.py:208} INFO - Processing /opt/airflow/dags/health_check_kafka_server.py took 0.069 seconds
[2026-05-31T11:38:07.324+0000] {processor.py:186} INFO - Started process (PID=1264) to work on /opt/airflow/dags/health_check_kafka_server.py
[2026-05-31T11:38:07.325+0000] {processor.py:914} INFO - Processing file /opt/airflow/dags/health_check_kafka_server.py for tasks to queue
[2026-05-31T11:38:07.327+0000] {logging_mixin.py:190} INFO - [2026-05-31T11:38:07.327+0000] {dagbag.py:588} INFO - Filling up the DagBag from /opt/airflow/dags/health_check_kafka_server.py
[2026-05-31T11:38:07.335+0000] {processor.py:925} INFO - DAG(s) 'health_check_kafka_server' retrieved from /opt/airflow/dags/health_check_kafka_server.py
[2026-05-31T11:38:07.355+0000] {logging_mixin.py:190} INFO - [2026-05-31T11:38:07.355+0000] {dag.py:3239} INFO - Sync 1 DAGs
[2026-05-31T11:38:07.376+0000] {logging_mixin.py:190} INFO - [2026-05-31T11:38:07.376+0000] {dag.py:4180} INFO - Setting next_dagrun for health_check_kafka_server to 2026-05-31 11:36:00+00:00, run_after=2026-05-31 11:38:00+00:00
[2026-05-31T11:38:07.393+0000] {processor.py:208} INFO - Processing /opt/airflow/dags/health_check_kafka_server.py took 0.074 seconds
[2026-05-31T11:38:37.455+0000] {processor.py:186} INFO - Started process (PID=1289) to work on /opt/airflow/dags/health_check_kafka_server.py
[2026-05-31T11:38:37.457+0000] {processor.py:914} INFO - Processing file /opt/airflow/dags/health_check_kafka_server.py for tasks to queue
[2026-05-31T11:38:37.459+0000] {logging_mixin.py:190} INFO - [2026-05-31T11:38:37.459+0000] {dagbag.py:588} INFO - Filling up the DagBag from /opt/airflow/dags/health_check_kafka_server.py
[2026-05-31T11:38:37.470+0000] {processor.py:925} INFO - DAG(s) 'health_check_kafka_server' retrieved from /opt/airflow/dags/health_check_kafka_server.py
[2026-05-31T11:38:37.490+0000] {logging_mixin.py:190} INFO - [2026-05-31T11:38:37.489+0000] {dag.py:3239} INFO - Sync 1 DAGs
[2026-05-31T11:38:37.511+0000] {logging_mixin.py:190} INFO - [2026-05-31T11:38:37.511+0000] {dag.py:4180} INFO - Setting next_dagrun for health_check_kafka_server to 2026-05-31 11:36:00+00:00, run_after=2026-05-31 11:38:00+00:00
[2026-05-31T11:38:37.525+0000] {processor.py:208} INFO - Processing /opt/airflow/dags/health_check_kafka_server.py took 0.077 seconds
[2026-05-31T11:39:08.378+0000] {processor.py:186} INFO - Started process (PID=1313) to work on /opt/airflow/dags/health_check_kafka_server.py
[2026-05-31T11:39:08.380+0000] {processor.py:914} INFO - Processing file /opt/airflow/dags/health_check_kafka_server.py for tasks to queue
[2026-05-31T11:39:08.382+0000] {logging_mixin.py:190} INFO - [2026-05-31T11:39:08.381+0000] {dagbag.py:588} INFO - Filling up the DagBag from /opt/airflow/dags/health_check_kafka_server.py
[2026-05-31T11:39:08.391+0000] {processor.py:925} INFO - DAG(s) 'health_check_kafka_server' retrieved from /opt/airflow/dags/health_check_kafka_server.py
[2026-05-31T11:39:08.410+0000] {logging_mixin.py:190} INFO - [2026-05-31T11:39:08.410+0000] {dag.py:3239} INFO - Sync 1 DAGs
[2026-05-31T11:39:08.430+0000] {logging_mixin.py:190} INFO - [2026-05-31T11:39:08.430+0000] {dag.py:4180} INFO - Setting next_dagrun for health_check_kafka_server to 2026-05-31 11:36:00+00:00, run_after=2026-05-31 11:38:00+00:00
[2026-05-31T11:39:08.447+0000] {processor.py:208} INFO - Processing /opt/airflow/dags/health_check_kafka_server.py took 0.077 seconds
[2026-05-31T11:39:39.221+0000] {processor.py:186} INFO - Started process (PID=1337) to work on /opt/airflow/dags/health_check_kafka_server.py
[2026-05-31T11:39:39.223+0000] {processor.py:914} INFO - Processing file /opt/airflow/dags/health_check_kafka_server.py for tasks to queue
[2026-05-31T11:39:39.225+0000] {logging_mixin.py:190} INFO - [2026-05-31T11:39:39.224+0000] {dagbag.py:588} INFO - Filling up the DagBag from /opt/airflow/dags/health_check_kafka_server.py
[2026-05-31T11:39:39.234+0000] {processor.py:925} INFO - DAG(s) 'health_check_kafka_server' retrieved from /opt/airflow/dags/health_check_kafka_server.py
[2026-05-31T11:39:39.257+0000] {logging_mixin.py:190} INFO - [2026-05-31T11:39:39.257+0000] {dag.py:3239} INFO - Sync 1 DAGs
[2026-05-31T11:39:39.280+0000] {logging_mixin.py:190} INFO - [2026-05-31T11:39:39.280+0000] {dag.py:4180} INFO - Setting next_dagrun for health_check_kafka_server to 2026-05-31 11:36:00+00:00, run_after=2026-05-31 11:38:00+00:00
[2026-05-31T11:39:39.296+0000] {processor.py:208} INFO - Processing /opt/airflow/dags/health_check_kafka_server.py took 0.081 seconds
[2026-05-31T11:40:09.406+0000] {processor.py:186} INFO - Started process (PID=1361) to work on /opt/airflow/dags/health_check_kafka_server.py
[2026-05-31T11:40:09.407+0000] {processor.py:914} INFO - Processing file /opt/airflow/dags/health_check_kafka_server.py for tasks to queue
[2026-05-31T11:40:09.409+0000] {logging_mixin.py:190} INFO - [2026-05-31T11:40:09.408+0000] {dagbag.py:588} INFO - Filling up the DagBag from /opt/airflow/dags/health_check_kafka_server.py
[2026-05-31T11:40:09.417+0000] {processor.py:925} INFO - DAG(s) 'health_check_kafka_server' retrieved from /opt/airflow/dags/health_check_kafka_server.py
[2026-05-31T11:40:09.437+0000] {logging_mixin.py:190} INFO - [2026-05-31T11:40:09.436+0000] {dag.py:3239} INFO - Sync 1 DAGs
[2026-05-31T11:40:09.458+0000] {logging_mixin.py:190} INFO - [2026-05-31T11:40:09.458+0000] {dag.py:4180} INFO - Setting next_dagrun for health_check_kafka_server to 2026-05-31 11:38:00+00:00, run_after=2026-05-31 11:40:00+00:00
[2026-05-31T11:40:09.472+0000] {processor.py:208} INFO - Processing /opt/airflow/dags/health_check_kafka_server.py took 0.071 seconds
[2026-05-31T11:40:39.710+0000] {processor.py:186} INFO - Started process (PID=1384) to work on /opt/airflow/dags/health_check_kafka_server.py
[2026-05-31T11:40:39.713+0000] {processor.py:914} INFO - Processing file /opt/airflow/dags/health_check_kafka_server.py for tasks to queue
[2026-05-31T11:40:39.715+0000] {logging_mixin.py:190} INFO - [2026-05-31T11:40:39.715+0000] {dagbag.py:588} INFO - Filling up the DagBag from /opt/airflow/dags/health_check_kafka_server.py
[2026-05-31T11:40:39.723+0000] {processor.py:925} INFO - DAG(s) 'health_check_kafka_server' retrieved from /opt/airflow/dags/health_check_kafka_server.py
[2026-05-31T11:40:39.745+0000] {logging_mixin.py:190} INFO - [2026-05-31T11:40:39.744+0000] {dag.py:3239} INFO - Sync 1 DAGs
[2026-05-31T11:40:39.767+0000] {logging_mixin.py:190} INFO - [2026-05-31T11:40:39.767+0000] {dag.py:4180} INFO - Setting next_dagrun for health_check_kafka_server to 2026-05-31 11:38:00+00:00, run_after=2026-05-31 11:40:00+00:00
[2026-05-31T11:40:39.783+0000] {processor.py:208} INFO - Processing /opt/airflow/dags/health_check_kafka_server.py took 0.078 seconds
[2026-05-31T11:41:09.921+0000] {processor.py:186} INFO - Started process (PID=1408) to work on /opt/airflow/dags/health_check_kafka_server.py
[2026-05-31T11:41:09.922+0000] {processor.py:914} INFO - Processing file /opt/airflow/dags/health_check_kafka_server.py for tasks to queue
[2026-05-31T11:41:09.924+0000] {logging_mixin.py:190} INFO - [2026-05-31T11:41:09.924+0000] {dagbag.py:588} INFO - Filling up the DagBag from /opt/airflow/dags/health_check_kafka_server.py
[2026-05-31T11:41:09.934+0000] {processor.py:925} INFO - DAG(s) 'health_check_kafka_server' retrieved from /opt/airflow/dags/health_check_kafka_server.py
[2026-05-31T11:41:09.952+0000] {logging_mixin.py:190} INFO - [2026-05-31T11:41:09.952+0000] {dag.py:3239} INFO - Sync 1 DAGs
[2026-05-31T11:41:09.971+0000] {logging_mixin.py:190} INFO - [2026-05-31T11:41:09.971+0000] {dag.py:4180} INFO - Setting next_dagrun for health_check_kafka_server to 2026-05-31 11:38:00+00:00, run_after=2026-05-31 11:40:00+00:00
[2026-05-31T11:41:09.984+0000] {processor.py:208} INFO - Processing /opt/airflow/dags/health_check_kafka_server.py took 0.068 seconds
[2026-05-31T11:41:40.277+0000] {processor.py:186} INFO - Started process (PID=1432) to work on /opt/airflow/dags/health_check_kafka_server.py
[2026-05-31T11:41:40.279+0000] {processor.py:914} INFO - Processing file /opt/airflow/dags/health_check_kafka_server.py for tasks to queue
[2026-05-31T11:41:40.281+0000] {logging_mixin.py:190} INFO - [2026-05-31T11:41:40.281+0000] {dagbag.py:588} INFO - Filling up the DagBag from /opt/airflow/dags/health_check_kafka_server.py
[2026-05-31T11:41:40.289+0000] {processor.py:925} INFO - DAG(s) 'health_check_kafka_server' retrieved from /opt/airflow/dags/health_check_kafka_server.py
[2026-05-31T11:41:40.310+0000] {logging_mixin.py:190} INFO - [2026-05-31T11:41:40.310+0000] {dag.py:3239} INFO - Sync 1 DAGs
[2026-05-31T11:41:40.334+0000] {logging_mixin.py:190} INFO - [2026-05-31T11:41:40.334+0000] {dag.py:4180} INFO - Setting next_dagrun for health_check_kafka_server to 2026-05-31 11:38:00+00:00, run_after=2026-05-31 11:40:00+00:00
[2026-05-31T11:41:40.348+0000] {processor.py:208} INFO - Processing /opt/airflow/dags/health_check_kafka_server.py took 0.076 seconds
[2026-05-31T11:42:10.648+0000] {processor.py:186} INFO - Started process (PID=1456) to work on /opt/airflow/dags/health_check_kafka_server.py
[2026-05-31T11:42:10.649+0000] {processor.py:914} INFO - Processing file /opt/airflow/dags/health_check_kafka_server.py for tasks to queue
[2026-05-31T11:42:10.651+0000] {logging_mixin.py:190} INFO - [2026-05-31T11:42:10.651+0000] {dagbag.py:588} INFO - Filling up the DagBag from /opt/airflow/dags/health_check_kafka_server.py
[2026-05-31T11:42:10.659+0000] {processor.py:925} INFO - DAG(s) 'health_check_kafka_server' retrieved from /opt/airflow/dags/health_check_kafka_server.py
[2026-05-31T11:42:10.680+0000] {logging_mixin.py:190} INFO - [2026-05-31T11:42:10.680+0000] {dag.py:3239} INFO - Sync 1 DAGs
[2026-05-31T11:42:10.702+0000] {logging_mixin.py:190} INFO - [2026-05-31T11:42:10.702+0000] {dag.py:4180} INFO - Setting next_dagrun for health_check_kafka_server to 2026-05-31 11:40:00+00:00, run_after=2026-05-31 11:42:00+00:00
[2026-05-31T11:42:10.716+0000] {processor.py:208} INFO - Processing /opt/airflow/dags/health_check_kafka_server.py took 0.073 seconds
[2026-05-31T11:42:40.827+0000] {processor.py:186} INFO - Started process (PID=1476) to work on /opt/airflow/dags/health_check_kafka_server.py
[2026-05-31T11:42:40.830+0000] {processor.py:914} INFO - Processing file /opt/airflow/dags/health_check_kafka_server.py for tasks to queue
[2026-05-31T11:42:40.834+0000] {logging_mixin.py:190} INFO - [2026-05-31T11:42:40.834+0000] {dagbag.py:588} INFO - Filling up the DagBag from /opt/airflow/dags/health_check_kafka_server.py
[2026-05-31T11:42:40.864+0000] {processor.py:925} INFO - DAG(s) 'health_check_kafka_server' retrieved from /opt/airflow/dags/health_check_kafka_server.py
[2026-05-31T11:42:40.920+0000] {logging_mixin.py:190} INFO - [2026-05-31T11:42:40.920+0000] {dag.py:3239} INFO - Sync 1 DAGs
[2026-05-31T11:42:40.964+0000] {logging_mixin.py:190} INFO - [2026-05-31T11:42:40.964+0000] {dag.py:4180} INFO - Setting next_dagrun for health_check_kafka_server to 2026-05-31 11:40:00+00:00, run_after=2026-05-31 11:42:00+00:00
[2026-05-31T11:42:40.993+0000] {processor.py:208} INFO - Processing /opt/airflow/dags/health_check_kafka_server.py took 0.186 seconds
[2026-05-31T11:43:11.857+0000] {processor.py:186} INFO - Started process (PID=1498) to work on /opt/airflow/dags/health_check_kafka_server.py
[2026-05-31T11:43:11.858+0000] {processor.py:914} INFO - Processing file /opt/airflow/dags/health_check_kafka_server.py for tasks to queue
[2026-05-31T11:43:11.860+0000] {logging_mixin.py:190} INFO - [2026-05-31T11:43:11.860+0000] {dagbag.py:588} INFO - Filling up the DagBag from /opt/airflow/dags/health_check_kafka_server.py
[2026-05-31T11:43:11.867+0000] {processor.py:925} INFO - DAG(s) 'health_check_kafka_server' retrieved from /opt/airflow/dags/health_check_kafka_server.py
[2026-05-31T11:43:11.888+0000] {logging_mixin.py:190} INFO - [2026-05-31T11:43:11.888+0000] {dag.py:3239} INFO - Sync 1 DAGs
[2026-05-31T11:43:11.909+0000] {logging_mixin.py:190} INFO - [2026-05-31T11:43:11.909+0000] {dag.py:4180} INFO - Setting next_dagrun for health_check_kafka_server to 2026-05-31 11:40:00+00:00, run_after=2026-05-31 11:42:00+00:00
[2026-05-31T11:43:11.921+0000] {processor.py:208} INFO - Processing /opt/airflow/dags/health_check_kafka_server.py took 0.069 seconds
[2026-05-31T11:43:42.066+0000] {processor.py:186} INFO - Started process (PID=1522) to work on /opt/airflow/dags/health_check_kafka_server.py
[2026-05-31T11:43:42.066+0000] {processor.py:914} INFO - Processing file /opt/airflow/dags/health_check_kafka_server.py for tasks to queue
[2026-05-31T11:43:42.069+0000] {logging_mixin.py:190} INFO - [2026-05-31T11:43:42.069+0000] {dagbag.py:588} INFO - Filling up the DagBag from /opt/airflow/dags/health_check_kafka_server.py
[2026-05-31T11:43:42.079+0000] {processor.py:925} INFO - DAG(s) 'health_check_kafka_server' retrieved from /opt/airflow/dags/health_check_kafka_server.py
[2026-05-31T11:43:42.099+0000] {logging_mixin.py:190} INFO - [2026-05-31T11:43:42.098+0000] {dag.py:3239} INFO - Sync 1 DAGs
[2026-05-31T11:43:42.121+0000] {logging_mixin.py:190} INFO - [2026-05-31T11:43:42.121+0000] {dag.py:4180} INFO - Setting next_dagrun for health_check_kafka_server to 2026-05-31 11:40:00+00:00, run_after=2026-05-31 11:42:00+00:00
[2026-05-31T11:43:42.136+0000] {processor.py:208} INFO - Processing /opt/airflow/dags/health_check_kafka_server.py took 0.075 seconds
[2026-05-31T11:44:12.790+0000] {processor.py:186} INFO - Started process (PID=1546) to work on /opt/airflow/dags/health_check_kafka_server.py
[2026-05-31T11:44:12.791+0000] {processor.py:914} INFO - Processing file /opt/airflow/dags/health_check_kafka_server.py for tasks to queue
[2026-05-31T11:44:12.793+0000] {logging_mixin.py:190} INFO - [2026-05-31T11:44:12.792+0000] {dagbag.py:588} INFO - Filling up the DagBag from /opt/airflow/dags/health_check_kafka_server.py
[2026-05-31T11:44:12.800+0000] {processor.py:925} INFO - DAG(s) 'health_check_kafka_server' retrieved from /opt/airflow/dags/health_check_kafka_server.py
[2026-05-31T11:44:12.820+0000] {logging_mixin.py:190} INFO - [2026-05-31T11:44:12.820+0000] {dag.py:3239} INFO - Sync 1 DAGs
[2026-05-31T11:44:12.840+0000] {logging_mixin.py:190} INFO - [2026-05-31T11:44:12.840+0000] {dag.py:4180} INFO - Setting next_dagrun for health_check_kafka_server to 2026-05-31 11:42:00+00:00, run_after=2026-05-31 11:44:00+00:00
[2026-05-31T11:44:12.854+0000] {processor.py:208} INFO - Processing /opt/airflow/dags/health_check_kafka_server.py took 0.070 seconds
[2026-05-31T11:44:43.713+0000] {processor.py:186} INFO - Started process (PID=1570) to work on /opt/airflow/dags/health_check_kafka_server.py
[2026-05-31T11:44:43.714+0000] {processor.py:914} INFO - Processing file /opt/airflow/dags/health_check_kafka_server.py for tasks to queue
[2026-05-31T11:44:43.716+0000] {logging_mixin.py:190} INFO - [2026-05-31T11:44:43.716+0000] {dagbag.py:588} INFO - Filling up the DagBag from /opt/airflow/dags/health_check_kafka_server.py
[2026-05-31T11:44:43.724+0000] {processor.py:925} INFO - DAG(s) 'health_check_kafka_server' retrieved from /opt/airflow/dags/health_check_kafka_server.py
[2026-05-31T11:44:43.740+0000] {logging_mixin.py:190} INFO - [2026-05-31T11:44:43.740+0000] {dag.py:3239} INFO - Sync 1 DAGs
[2026-05-31T11:44:43.759+0000] {logging_mixin.py:190} INFO - [2026-05-31T11:44:43.758+0000] {dag.py:4180} INFO - Setting next_dagrun for health_check_kafka_server to 2026-05-31 11:42:00+00:00, run_after=2026-05-31 11:44:00+00:00
[2026-05-31T11:44:43.773+0000] {processor.py:208} INFO - Processing /opt/airflow/dags/health_check_kafka_server.py took 0.066 seconds
[2026-05-31T11:45:13.806+0000] {processor.py:186} INFO - Started process (PID=1594) to work on /opt/airflow/dags/health_check_kafka_server.py
[2026-05-31T11:45:13.807+0000] {processor.py:914} INFO - Processing file /opt/airflow/dags/health_check_kafka_server.py for tasks to queue
[2026-05-31T11:45:13.809+0000] {logging_mixin.py:190} INFO - [2026-05-31T11:45:13.809+0000] {dagbag.py:588} INFO - Filling up the DagBag from /opt/airflow/dags/health_check_kafka_server.py
[2026-05-31T11:45:13.817+0000] {processor.py:925} INFO - DAG(s) 'health_check_kafka_server' retrieved from /opt/airflow/dags/health_check_kafka_server.py
[2026-05-31T11:45:13.838+0000] {logging_mixin.py:190} INFO - [2026-05-31T11:45:13.838+0000] {dag.py:3239} INFO - Sync 1 DAGs
[2026-05-31T11:45:13.860+0000] {logging_mixin.py:190} INFO - [2026-05-31T11:45:13.860+0000] {dag.py:4180} INFO - Setting next_dagrun for health_check_kafka_server to 2026-05-31 11:42:00+00:00, run_after=2026-05-31 11:44:00+00:00
[2026-05-31T11:45:13.874+0000] {processor.py:208} INFO - Processing /opt/airflow/dags/health_check_kafka_server.py took 0.073 seconds
[2026-05-31T11:45:43.943+0000] {processor.py:186} INFO - Started process (PID=1618) to work on /opt/airflow/dags/health_check_kafka_server.py
[2026-05-31T11:45:43.944+0000] {processor.py:914} INFO - Processing file /opt/airflow/dags/health_check_kafka_server.py for tasks to queue
[2026-05-31T11:45:43.946+0000] {logging_mixin.py:190} INFO - [2026-05-31T11:45:43.946+0000] {dagbag.py:588} INFO - Filling up the DagBag from /opt/airflow/dags/health_check_kafka_server.py
[2026-05-31T11:45:43.954+0000] {processor.py:925} INFO - DAG(s) 'health_check_kafka_server' retrieved from /opt/airflow/dags/health_check_kafka_server.py
[2026-05-31T11:45:43.972+0000] {logging_mixin.py:190} INFO - [2026-05-31T11:45:43.972+0000] {dag.py:3239} INFO - Sync 1 DAGs
[2026-05-31T11:45:43.991+0000] {logging_mixin.py:190} INFO - [2026-05-31T11:45:43.991+0000] {dag.py:4180} INFO - Setting next_dagrun for health_check_kafka_server to 2026-05-31 11:42:00+00:00, run_after=2026-05-31 11:44:00+00:00
[2026-05-31T11:45:44.004+0000] {processor.py:208} INFO - Processing /opt/airflow/dags/health_check_kafka_server.py took 0.067 seconds
[2026-05-31T11:46:14.615+0000] {processor.py:186} INFO - Started process (PID=1642) to work on /opt/airflow/dags/health_check_kafka_server.py
[2026-05-31T11:46:14.615+0000] {processor.py:914} INFO - Processing file /opt/airflow/dags/health_check_kafka_server.py for tasks to queue
[2026-05-31T11:46:14.618+0000] {logging_mixin.py:190} INFO - [2026-05-31T11:46:14.618+0000] {dagbag.py:588} INFO - Filling up the DagBag from /opt/airflow/dags/health_check_kafka_server.py
[2026-05-31T11:46:14.626+0000] {processor.py:925} INFO - DAG(s) 'health_check_kafka_server' retrieved from /opt/airflow/dags/health_check_kafka_server.py
[2026-05-31T11:46:14.647+0000] {logging_mixin.py:190} INFO - [2026-05-31T11:46:14.647+0000] {dag.py:3239} INFO - Sync 1 DAGs
[2026-05-31T11:46:14.670+0000] {logging_mixin.py:190} INFO - [2026-05-31T11:46:14.669+0000] {dag.py:4180} INFO - Setting next_dagrun for health_check_kafka_server to 2026-05-31 11:44:00+00:00, run_after=2026-05-31 11:46:00+00:00
[2026-05-31T11:46:14.684+0000] {processor.py:208} INFO - Processing /opt/airflow/dags/health_check_kafka_server.py took 0.075 seconds
[2026-05-31T11:46:45.684+0000] {processor.py:186} INFO - Started process (PID=1666) to work on /opt/airflow/dags/health_check_kafka_server.py
[2026-05-31T11:46:45.685+0000] {processor.py:914} INFO - Processing file /opt/airflow/dags/health_check_kafka_server.py for tasks to queue
[2026-05-31T11:46:45.689+0000] {logging_mixin.py:190} INFO - [2026-05-31T11:46:45.689+0000] {dagbag.py:588} INFO - Filling up the DagBag from /opt/airflow/dags/health_check_kafka_server.py
[2026-05-31T11:46:45.701+0000] {processor.py:925} INFO - DAG(s) 'health_check_kafka_server' retrieved from /opt/airflow/dags/health_check_kafka_server.py
[2026-05-31T11:46:45.721+0000] {logging_mixin.py:190} INFO - [2026-05-31T11:46:45.721+0000] {dag.py:3239} INFO - Sync 1 DAGs
[2026-05-31T11:46:45.743+0000] {logging_mixin.py:190} INFO - [2026-05-31T11:46:45.743+0000] {dag.py:4180} INFO - Setting next_dagrun for health_check_kafka_server to 2026-05-31 11:44:00+00:00, run_after=2026-05-31 11:46:00+00:00
[2026-05-31T11:46:45.758+0000] {processor.py:208} INFO - Processing /opt/airflow/dags/health_check_kafka_server.py took 0.080 seconds
[2026-05-31T11:47:15.795+0000] {processor.py:186} INFO - Started process (PID=1690) to work on /opt/airflow/dags/health_check_kafka_server.py
[2026-05-31T11:47:15.796+0000] {processor.py:914} INFO - Processing file /opt/airflow/dags/health_check_kafka_server.py for tasks to queue
[2026-05-31T11:47:15.799+0000] {logging_mixin.py:190} INFO - [2026-05-31T11:47:15.799+0000] {dagbag.py:588} INFO - Filling up the DagBag from /opt/airflow/dags/health_check_kafka_server.py
[2026-05-31T11:47:15.807+0000] {processor.py:925} INFO - DAG(s) 'health_check_kafka_server' retrieved from /opt/airflow/dags/health_check_kafka_server.py
[2026-05-31T11:47:15.826+0000] {logging_mixin.py:190} INFO - [2026-05-31T11:47:15.826+0000] {dag.py:3239} INFO - Sync 1 DAGs
[2026-05-31T11:47:15.847+0000] {logging_mixin.py:190} INFO - [2026-05-31T11:47:15.847+0000] {dag.py:4180} INFO - Setting next_dagrun for health_check_kafka_server to 2026-05-31 11:44:00+00:00, run_after=2026-05-31 11:46:00+00:00
[2026-05-31T11:47:15.864+0000] {processor.py:208} INFO - Processing /opt/airflow/dags/health_check_kafka_server.py took 0.074 seconds
[2026-05-31T11:47:46.746+0000] {processor.py:186} INFO - Started process (PID=1715) to work on /opt/airflow/dags/health_check_kafka_server.py
[2026-05-31T11:47:46.747+0000] {processor.py:914} INFO - Processing file /opt/airflow/dags/health_check_kafka_server.py for tasks to queue
[2026-05-31T11:47:46.750+0000] {logging_mixin.py:190} INFO - [2026-05-31T11:47:46.750+0000] {dagbag.py:588} INFO - Filling up the DagBag from /opt/airflow/dags/health_check_kafka_server.py
[2026-05-31T11:47:46.758+0000] {processor.py:925} INFO - DAG(s) 'health_check_kafka_server' retrieved from /opt/airflow/dags/health_check_kafka_server.py
[2026-05-31T11:47:46.779+0000] {logging_mixin.py:190} INFO - [2026-05-31T11:47:46.779+0000] {dag.py:3239} INFO - Sync 1 DAGs
[2026-05-31T11:47:46.803+0000] {logging_mixin.py:190} INFO - [2026-05-31T11:47:46.803+0000] {dag.py:4180} INFO - Setting next_dagrun for health_check_kafka_server to 2026-05-31 11:44:00+00:00, run_after=2026-05-31 11:46:00+00:00
[2026-05-31T11:47:46.819+0000] {processor.py:208} INFO - Processing /opt/airflow/dags/health_check_kafka_server.py took 0.078 seconds
[2026-05-31T11:48:17.040+0000] {processor.py:186} INFO - Started process (PID=1739) to work on /opt/airflow/dags/health_check_kafka_server.py
[2026-05-31T11:48:17.041+0000] {processor.py:914} INFO - Processing file /opt/airflow/dags/health_check_kafka_server.py for tasks to queue
[2026-05-31T11:48:17.043+0000] {logging_mixin.py:190} INFO - [2026-05-31T11:48:17.043+0000] {dagbag.py:588} INFO - Filling up the DagBag from /opt/airflow/dags/health_check_kafka_server.py
[2026-05-31T11:48:17.052+0000] {processor.py:925} INFO - DAG(s) 'health_check_kafka_server' retrieved from /opt/airflow/dags/health_check_kafka_server.py
[2026-05-31T11:48:17.074+0000] {logging_mixin.py:190} INFO - [2026-05-31T11:48:17.074+0000] {dag.py:3239} INFO - Sync 1 DAGs
[2026-05-31T11:48:17.096+0000] {logging_mixin.py:190} INFO - [2026-05-31T11:48:17.096+0000] {dag.py:4180} INFO - Setting next_dagrun for health_check_kafka_server to 2026-05-31 11:46:00+00:00, run_after=2026-05-31 11:48:00+00:00
[2026-05-31T11:48:17.113+0000] {processor.py:208} INFO - Processing /opt/airflow/dags/health_check_kafka_server.py took 0.077 seconds
[2026-05-31T11:48:47.401+0000] {processor.py:186} INFO - Started process (PID=1763) to work on /opt/airflow/dags/health_check_kafka_server.py
[2026-05-31T11:48:47.402+0000] {processor.py:914} INFO - Processing file /opt/airflow/dags/health_check_kafka_server.py for tasks to queue
[2026-05-31T11:48:47.404+0000] {logging_mixin.py:190} INFO - [2026-05-31T11:48:47.404+0000] {dagbag.py:588} INFO - Filling up the DagBag from /opt/airflow/dags/health_check_kafka_server.py
[2026-05-31T11:48:47.417+0000] {processor.py:925} INFO - DAG(s) 'health_check_kafka_server' retrieved from /opt/airflow/dags/health_check_kafka_server.py
[2026-05-31T11:48:47.437+0000] {logging_mixin.py:190} INFO - [2026-05-31T11:48:47.437+0000] {dag.py:3239} INFO - Sync 1 DAGs
[2026-05-31T11:48:47.459+0000] {logging_mixin.py:190} INFO - [2026-05-31T11:48:47.459+0000] {dag.py:4180} INFO - Setting next_dagrun for health_check_kafka_server to 2026-05-31 11:46:00+00:00, run_after=2026-05-31 11:48:00+00:00
[2026-05-31T11:48:47.473+0000] {processor.py:208} INFO - Processing /opt/airflow/dags/health_check_kafka_server.py took 0.079 seconds
[2026-05-31T11:49:17.979+0000] {processor.py:186} INFO - Started process (PID=1787) to work on /opt/airflow/dags/health_check_kafka_server.py
[2026-05-31T11:49:17.980+0000] {processor.py:914} INFO - Processing file /opt/airflow/dags/health_check_kafka_server.py for tasks to queue
[2026-05-31T11:49:17.987+0000] {logging_mixin.py:190} INFO - [2026-05-31T11:49:17.986+0000] {dagbag.py:588} INFO - Filling up the DagBag from /opt/airflow/dags/health_check_kafka_server.py
[2026-05-31T11:49:18.012+0000] {processor.py:925} INFO - DAG(s) 'health_check_kafka_server' retrieved from /opt/airflow/dags/health_check_kafka_server.py
[2026-05-31T11:49:18.054+0000] {logging_mixin.py:190} INFO - [2026-05-31T11:49:18.053+0000] {dag.py:3239} INFO - Sync 1 DAGs
[2026-05-31T11:49:18.096+0000] {logging_mixin.py:190} INFO - [2026-05-31T11:49:18.095+0000] {dag.py:4180} INFO - Setting next_dagrun for health_check_kafka_server to 2026-05-31 11:46:00+00:00, run_after=2026-05-31 11:48:00+00:00
[2026-05-31T11:49:18.142+0000] {processor.py:208} INFO - Processing /opt/airflow/dags/health_check_kafka_server.py took 0.187 seconds
[2026-05-31T11:49:49.119+0000] {processor.py:186} INFO - Started process (PID=1806) to work on /opt/airflow/dags/health_check_kafka_server.py
[2026-05-31T11:49:49.121+0000] {processor.py:914} INFO - Processing file /opt/airflow/dags/health_check_kafka_server.py for tasks to queue
[2026-05-31T11:49:49.123+0000] {logging_mixin.py:190} INFO - [2026-05-31T11:49:49.123+0000] {dagbag.py:588} INFO - Filling up the DagBag from /opt/airflow/dags/health_check_kafka_server.py
[2026-05-31T11:49:49.138+0000] {processor.py:925} INFO - DAG(s) 'health_check_kafka_server' retrieved from /opt/airflow/dags/health_check_kafka_server.py
[2026-05-31T11:49:49.165+0000] {logging_mixin.py:190} INFO - [2026-05-31T11:49:49.164+0000] {dag.py:3239} INFO - Sync 1 DAGs
[2026-05-31T11:49:49.190+0000] {logging_mixin.py:190} INFO - [2026-05-31T11:49:49.190+0000] {dag.py:4180} INFO - Setting next_dagrun for health_check_kafka_server to 2026-05-31 11:46:00+00:00, run_after=2026-05-31 11:48:00+00:00
[2026-05-31T11:49:49.207+0000] {processor.py:208} INFO - Processing /opt/airflow/dags/health_check_kafka_server.py took 0.097 seconds
[2026-05-31T11:50:19.784+0000] {processor.py:186} INFO - Started process (PID=1831) to work on /opt/airflow/dags/health_check_kafka_server.py
[2026-05-31T11:50:19.786+0000] {processor.py:914} INFO - Processing file /opt/airflow/dags/health_check_kafka_server.py for tasks to queue
[2026-05-31T11:50:19.789+0000] {logging_mixin.py:190} INFO - [2026-05-31T11:50:19.789+0000] {dagbag.py:588} INFO - Filling up the DagBag from /opt/airflow/dags/health_check_kafka_server.py
[2026-05-31T11:50:19.802+0000] {processor.py:925} INFO - DAG(s) 'health_check_kafka_server' retrieved from /opt/airflow/dags/health_check_kafka_server.py
[2026-05-31T11:50:19.822+0000] {logging_mixin.py:190} INFO - [2026-05-31T11:50:19.821+0000] {dag.py:3239} INFO - Sync 1 DAGs
[2026-05-31T11:50:19.855+0000] {logging_mixin.py:190} INFO - [2026-05-31T11:50:19.855+0000] {dag.py:4180} INFO - Setting next_dagrun for health_check_kafka_server to 2026-05-31 11:48:00+00:00, run_after=2026-05-31 11:50:00+00:00
[2026-05-31T11:50:19.871+0000] {processor.py:208} INFO - Processing /opt/airflow/dags/health_check_kafka_server.py took 0.095 seconds
[2026-05-31T11:50:49.906+0000] {processor.py:186} INFO - Started process (PID=1856) to work on /opt/airflow/dags/health_check_kafka_server.py
[2026-05-31T11:50:49.908+0000] {processor.py:914} INFO - Processing file /opt/airflow/dags/health_check_kafka_server.py for tasks to queue
[2026-05-31T11:50:49.911+0000] {logging_mixin.py:190} INFO - [2026-05-31T11:50:49.911+0000] {dagbag.py:588} INFO - Filling up the DagBag from /opt/airflow/dags/health_check_kafka_server.py
[2026-05-31T11:50:49.923+0000] {processor.py:925} INFO - DAG(s) 'health_check_kafka_server' retrieved from /opt/airflow/dags/health_check_kafka_server.py
[2026-05-31T11:50:49.952+0000] {logging_mixin.py:190} INFO - [2026-05-31T11:50:49.952+0000] {dag.py:3239} INFO - Sync 1 DAGs
[2026-05-31T11:50:49.974+0000] {logging_mixin.py:190} INFO - [2026-05-31T11:50:49.974+0000] {dag.py:4180} INFO - Setting next_dagrun for health_check_kafka_server to 2026-05-31 11:48:00+00:00, run_after=2026-05-31 11:50:00+00:00
[2026-05-31T11:50:49.989+0000] {processor.py:208} INFO - Processing /opt/airflow/dags/health_check_kafka_server.py took 0.088 seconds
[2026-05-31T11:51:20.358+0000] {processor.py:186} INFO - Started process (PID=1880) to work on /opt/airflow/dags/health_check_kafka_server.py
[2026-05-31T11:51:20.358+0000] {processor.py:914} INFO - Processing file /opt/airflow/dags/health_check_kafka_server.py for tasks to queue
[2026-05-31T11:51:20.364+0000] {logging_mixin.py:190} INFO - [2026-05-31T11:51:20.363+0000] {dagbag.py:588} INFO - Filling up the DagBag from /opt/airflow/dags/health_check_kafka_server.py
[2026-05-31T11:51:20.373+0000] {processor.py:925} INFO - DAG(s) 'health_check_kafka_server' retrieved from /opt/airflow/dags/health_check_kafka_server.py
[2026-05-31T11:51:20.399+0000] {logging_mixin.py:190} INFO - [2026-05-31T11:51:20.398+0000] {dag.py:3239} INFO - Sync 1 DAGs
[2026-05-31T11:51:20.423+0000] {logging_mixin.py:190} INFO - [2026-05-31T11:51:20.422+0000] {dag.py:4180} INFO - Setting next_dagrun for health_check_kafka_server to 2026-05-31 11:48:00+00:00, run_after=2026-05-31 11:50:00+00:00
[2026-05-31T11:51:20.446+0000] {processor.py:208} INFO - Processing /opt/airflow/dags/health_check_kafka_server.py took 0.119 seconds
[2026-05-31T11:51:51.588+0000] {processor.py:186} INFO - Started process (PID=1905) to work on /opt/airflow/dags/health_check_kafka_server.py
[2026-05-31T11:51:51.589+0000] {processor.py:914} INFO - Processing file /opt/airflow/dags/health_check_kafka_server.py for tasks to queue
[2026-05-31T11:51:51.591+0000] {logging_mixin.py:190} INFO - [2026-05-31T11:51:51.591+0000] {dagbag.py:588} INFO - Filling up the DagBag from /opt/airflow/dags/health_check_kafka_server.py
[2026-05-31T11:51:51.601+0000] {processor.py:925} INFO - DAG(s) 'health_check_kafka_server' retrieved from /opt/airflow/dags/health_check_kafka_server.py
[2026-05-31T11:51:51.621+0000] {logging_mixin.py:190} INFO - [2026-05-31T11:51:51.620+0000] {dag.py:3239} INFO - Sync 1 DAGs
[2026-05-31T11:51:51.643+0000] {logging_mixin.py:190} INFO - [2026-05-31T11:51:51.643+0000] {dag.py:4180} INFO - Setting next_dagrun for health_check_kafka_server to 2026-05-31 11:48:00+00:00, run_after=2026-05-31 11:50:00+00:00
[2026-05-31T11:51:51.656+0000] {processor.py:208} INFO - Processing /opt/airflow/dags/health_check_kafka_server.py took 0.074 seconds
[2026-05-31T11:52:22.996+0000] {processor.py:186} INFO - Started process (PID=1929) to work on /opt/airflow/dags/health_check_kafka_server.py
[2026-05-31T11:52:22.996+0000] {processor.py:914} INFO - Processing file /opt/airflow/dags/health_check_kafka_server.py for tasks to queue
[2026-05-31T11:52:23.001+0000] {logging_mixin.py:190} INFO - [2026-05-31T11:52:23.001+0000] {dagbag.py:588} INFO - Filling up the DagBag from /opt/airflow/dags/health_check_kafka_server.py
[2026-05-31T11:52:23.015+0000] {processor.py:925} INFO - DAG(s) 'health_check_kafka_server' retrieved from /opt/airflow/dags/health_check_kafka_server.py
[2026-05-31T11:52:23.144+0000] {logging_mixin.py:190} INFO - [2026-05-31T11:52:23.144+0000] {dag.py:3239} INFO - Sync 1 DAGs
[2026-05-31T11:52:23.173+0000] {logging_mixin.py:190} INFO - [2026-05-31T11:52:23.171+0000] {dag.py:4180} INFO - Setting next_dagrun for health_check_kafka_server to 2026-05-31 11:50:00+00:00, run_after=2026-05-31 11:52:00+00:00
[2026-05-31T11:52:23.193+0000] {processor.py:208} INFO - Processing /opt/airflow/dags/health_check_kafka_server.py took 0.203 seconds
[2026-05-31T11:52:54.167+0000] {processor.py:186} INFO - Started process (PID=1955) to work on /opt/airflow/dags/health_check_kafka_server.py
[2026-05-31T11:52:54.168+0000] {processor.py:914} INFO - Processing file /opt/airflow/dags/health_check_kafka_server.py for tasks to queue
[2026-05-31T11:52:54.170+0000] {logging_mixin.py:190} INFO - [2026-05-31T11:52:54.169+0000] {dagbag.py:588} INFO - Filling up the DagBag from /opt/airflow/dags/health_check_kafka_server.py
[2026-05-31T11:52:54.179+0000] {processor.py:925} INFO - DAG(s) 'health_check_kafka_server' retrieved from /opt/airflow/dags/health_check_kafka_server.py
[2026-05-31T11:52:54.197+0000] {logging_mixin.py:190} INFO - [2026-05-31T11:52:54.197+0000] {dag.py:3239} INFO - Sync 1 DAGs
[2026-05-31T11:52:54.217+0000] {logging_mixin.py:190} INFO - [2026-05-31T11:52:54.217+0000] {dag.py:4180} INFO - Setting next_dagrun for health_check_kafka_server to 2026-05-31 11:50:00+00:00, run_after=2026-05-31 11:52:00+00:00
[2026-05-31T11:52:54.232+0000] {processor.py:208} INFO - Processing /opt/airflow/dags/health_check_kafka_server.py took 0.070 seconds
[2026-05-31T11:53:24.369+0000] {processor.py:186} INFO - Started process (PID=1977) to work on /opt/airflow/dags/health_check_kafka_server.py
[2026-05-31T11:53:24.370+0000] {processor.py:914} INFO - Processing file /opt/airflow/dags/health_check_kafka_server.py for tasks to queue
[2026-05-31T11:53:24.373+0000] {logging_mixin.py:190} INFO - [2026-05-31T11:53:24.372+0000] {dagbag.py:588} INFO - Filling up the DagBag from /opt/airflow/dags/health_check_kafka_server.py
[2026-05-31T11:53:24.382+0000] {processor.py:925} INFO - DAG(s) 'health_check_kafka_server' retrieved from /opt/airflow/dags/health_check_kafka_server.py
[2026-05-31T11:53:24.400+0000] {logging_mixin.py:190} INFO - [2026-05-31T11:53:24.400+0000] {dag.py:3239} INFO - Sync 1 DAGs
[2026-05-31T11:53:24.422+0000] {logging_mixin.py:190} INFO - [2026-05-31T11:53:24.422+0000] {dag.py:4180} INFO - Setting next_dagrun for health_check_kafka_server to 2026-05-31 11:50:00+00:00, run_after=2026-05-31 11:52:00+00:00
[2026-05-31T11:53:24.436+0000] {processor.py:208} INFO - Processing /opt/airflow/dags/health_check_kafka_server.py took 0.073 seconds
[2026-05-31T11:53:54.766+0000] {processor.py:186} INFO - Started process (PID=2000) to work on /opt/airflow/dags/health_check_kafka_server.py
[2026-05-31T11:53:54.770+0000] {processor.py:914} INFO - Processing file /opt/airflow/dags/health_check_kafka_server.py for tasks to queue
[2026-05-31T11:53:54.773+0000] {logging_mixin.py:190} INFO - [2026-05-31T11:53:54.772+0000] {dagbag.py:588} INFO - Filling up the DagBag from /opt/airflow/dags/health_check_kafka_server.py
[2026-05-31T11:53:54.784+0000] {processor.py:925} INFO - DAG(s) 'health_check_kafka_server' retrieved from /opt/airflow/dags/health_check_kafka_server.py
[2026-05-31T11:53:54.803+0000] {logging_mixin.py:190} INFO - [2026-05-31T11:53:54.802+0000] {dag.py:3239} INFO - Sync 1 DAGs
[2026-05-31T11:53:54.823+0000] {logging_mixin.py:190} INFO - [2026-05-31T11:53:54.823+0000] {dag.py:4180} INFO - Setting next_dagrun for health_check_kafka_server to 2026-05-31 11:50:00+00:00, run_after=2026-05-31 11:52:00+00:00
[2026-05-31T11:53:54.836+0000] {processor.py:208} INFO - Processing /opt/airflow/dags/health_check_kafka_server.py took 0.083 seconds
[2026-05-31T11:54:26.273+0000] {processor.py:186} INFO - Started process (PID=2029) to work on /opt/airflow/dags/health_check_kafka_server.py
[2026-05-31T11:54:26.274+0000] {processor.py:914} INFO - Processing file /opt/airflow/dags/health_check_kafka_server.py for tasks to queue
[2026-05-31T11:54:26.277+0000] {logging_mixin.py:190} INFO - [2026-05-31T11:54:26.277+0000] {dagbag.py:588} INFO - Filling up the DagBag from /opt/airflow/dags/health_check_kafka_server.py
[2026-05-31T11:54:26.287+0000] {processor.py:925} INFO - DAG(s) 'health_check_kafka_server' retrieved from /opt/airflow/dags/health_check_kafka_server.py
[2026-05-31T11:54:26.308+0000] {logging_mixin.py:190} INFO - [2026-05-31T11:54:26.307+0000] {dag.py:3239} INFO - Sync 1 DAGs
[2026-05-31T11:54:26.330+0000] {logging_mixin.py:190} INFO - [2026-05-31T11:54:26.330+0000] {dag.py:4180} INFO - Setting next_dagrun for health_check_kafka_server to 2026-05-31 11:52:00+00:00, run_after=2026-05-31 11:54:00+00:00
[2026-05-31T11:54:26.347+0000] {processor.py:208} INFO - Processing /opt/airflow/dags/health_check_kafka_server.py took 0.079 seconds
[2026-05-31T11:54:57.870+0000] {processor.py:186} INFO - Started process (PID=2054) to work on /opt/airflow/dags/health_check_kafka_server.py
[2026-05-31T11:54:57.873+0000] {processor.py:914} INFO - Processing file /opt/airflow/dags/health_check_kafka_server.py for tasks to queue
[2026-05-31T11:54:57.881+0000] {logging_mixin.py:190} INFO - [2026-05-31T11:54:57.875+0000] {dagbag.py:588} INFO - Filling up the DagBag from /opt/airflow/dags/health_check_kafka_server.py
[2026-05-31T11:54:57.912+0000] {processor.py:925} INFO - DAG(s) 'health_check_kafka_server' retrieved from /opt/airflow/dags/health_check_kafka_server.py
[2026-05-31T11:54:57.977+0000] {logging_mixin.py:190} INFO - [2026-05-31T11:54:57.977+0000] {dag.py:3239} INFO - Sync 1 DAGs
[2026-05-31T11:54:58.026+0000] {logging_mixin.py:190} INFO - [2026-05-31T11:54:58.026+0000] {dag.py:4180} INFO - Setting next_dagrun for health_check_kafka_server to 2026-05-31 11:52:00+00:00, run_after=2026-05-31 11:54:00+00:00
[2026-05-31T11:54:58.071+0000] {processor.py:208} INFO - Processing /opt/airflow/dags/health_check_kafka_server.py took 0.220 seconds
[2026-05-31T11:55:29.179+0000] {processor.py:186} INFO - Started process (PID=2078) to work on /opt/airflow/dags/health_check_kafka_server.py
[2026-05-31T11:55:29.179+0000] {processor.py:914} INFO - Processing file /opt/airflow/dags/health_check_kafka_server.py for tasks to queue
[2026-05-31T11:55:29.186+0000] {logging_mixin.py:190} INFO - [2026-05-31T11:55:29.186+0000] {dagbag.py:588} INFO - Filling up the DagBag from /opt/airflow/dags/health_check_kafka_server.py
[2026-05-31T11:55:29.209+0000] {processor.py:925} INFO - DAG(s) 'health_check_kafka_server' retrieved from /opt/airflow/dags/health_check_kafka_server.py
[2026-05-31T11:55:29.255+0000] {logging_mixin.py:190} INFO - [2026-05-31T11:55:29.255+0000] {dag.py:3239} INFO - Sync 1 DAGs
[2026-05-31T11:55:29.314+0000] {logging_mixin.py:190} INFO - [2026-05-31T11:55:29.314+0000] {dag.py:4180} INFO - Setting next_dagrun for health_check_kafka_server to 2026-05-31 11:52:00+00:00, run_after=2026-05-31 11:54:00+00:00
[2026-05-31T11:55:29.333+0000] {processor.py:208} INFO - Processing /opt/airflow/dags/health_check_kafka_server.py took 0.175 seconds
[2026-05-31T11:55:59.580+0000] {processor.py:186} INFO - Started process (PID=2100) to work on /opt/airflow/dags/health_check_kafka_server.py
[2026-05-31T11:55:59.581+0000] {processor.py:914} INFO - Processing file /opt/airflow/dags/health_check_kafka_server.py for tasks to queue
[2026-05-31T11:55:59.583+0000] {logging_mixin.py:190} INFO - [2026-05-31T11:55:59.582+0000] {dagbag.py:588} INFO - Filling up the DagBag from /opt/airflow/dags/health_check_kafka_server.py
[2026-05-31T11:55:59.592+0000] {processor.py:925} INFO - DAG(s) 'health_check_kafka_server' retrieved from /opt/airflow/dags/health_check_kafka_server.py
[2026-05-31T11:55:59.610+0000] {logging_mixin.py:190} INFO - [2026-05-31T11:55:59.610+0000] {dag.py:3239} INFO - Sync 1 DAGs
[2026-05-31T11:55:59.631+0000] {logging_mixin.py:190} INFO - [2026-05-31T11:55:59.631+0000] {dag.py:4180} INFO - Setting next_dagrun for health_check_kafka_server to 2026-05-31 11:52:00+00:00, run_after=2026-05-31 11:54:00+00:00
[2026-05-31T11:55:59.645+0000] {processor.py:208} INFO - Processing /opt/airflow/dags/health_check_kafka_server.py took 0.071 seconds
[2026-05-31T11:56:30.774+0000] {processor.py:186} INFO - Started process (PID=2125) to work on /opt/airflow/dags/health_check_kafka_server.py
[2026-05-31T11:56:30.775+0000] {processor.py:914} INFO - Processing file /opt/airflow/dags/health_check_kafka_server.py for tasks to queue
[2026-05-31T11:56:30.777+0000] {logging_mixin.py:190} INFO - [2026-05-31T11:56:30.776+0000] {dagbag.py:588} INFO - Filling up the DagBag from /opt/airflow/dags/health_check_kafka_server.py
[2026-05-31T11:56:30.785+0000] {processor.py:925} INFO - DAG(s) 'health_check_kafka_server' retrieved from /opt/airflow/dags/health_check_kafka_server.py
[2026-05-31T11:56:30.805+0000] {logging_mixin.py:190} INFO - [2026-05-31T11:56:30.805+0000] {dag.py:3239} INFO - Sync 1 DAGs
[2026-05-31T11:56:30.827+0000] {logging_mixin.py:190} INFO - [2026-05-31T11:56:30.827+0000] {dag.py:4180} INFO - Setting next_dagrun for health_check_kafka_server to 2026-05-31 11:54:00+00:00, run_after=2026-05-31 11:56:00+00:00
[2026-05-31T11:56:30.842+0000] {processor.py:208} INFO - Processing /opt/airflow/dags/health_check_kafka_server.py took 0.073 seconds
[2026-05-31T11:57:01.974+0000] {processor.py:186} INFO - Started process (PID=2150) to work on /opt/airflow/dags/health_check_kafka_server.py
[2026-05-31T11:57:01.975+0000] {processor.py:914} INFO - Processing file /opt/airflow/dags/health_check_kafka_server.py for tasks to queue
[2026-05-31T11:57:01.977+0000] {logging_mixin.py:190} INFO - [2026-05-31T11:57:01.976+0000] {dagbag.py:588} INFO - Filling up the DagBag from /opt/airflow/dags/health_check_kafka_server.py
[2026-05-31T11:57:01.985+0000] {processor.py:925} INFO - DAG(s) 'health_check_kafka_server' retrieved from /opt/airflow/dags/health_check_kafka_server.py
[2026-05-31T11:57:02.006+0000] {logging_mixin.py:190} INFO - [2026-05-31T11:57:02.006+0000] {dag.py:3239} INFO - Sync 1 DAGs
[2026-05-31T11:57:02.025+0000] {logging_mixin.py:190} INFO - [2026-05-31T11:57:02.025+0000] {dag.py:4180} INFO - Setting next_dagrun for health_check_kafka_server to 2026-05-31 11:54:00+00:00, run_after=2026-05-31 11:56:00+00:00
[2026-05-31T11:57:02.040+0000] {processor.py:208} INFO - Processing /opt/airflow/dags/health_check_kafka_server.py took 0.071 seconds
[2026-05-31T11:57:33.218+0000] {processor.py:186} INFO - Started process (PID=2174) to work on /opt/airflow/dags/health_check_kafka_server.py
[2026-05-31T11:57:33.219+0000] {processor.py:914} INFO - Processing file /opt/airflow/dags/health_check_kafka_server.py for tasks to queue
[2026-05-31T11:57:33.226+0000] {logging_mixin.py:190} INFO - [2026-05-31T11:57:33.224+0000] {dagbag.py:588} INFO - Filling up the DagBag from /opt/airflow/dags/health_check_kafka_server.py
[2026-05-31T11:57:33.252+0000] {processor.py:925} INFO - DAG(s) 'health_check_kafka_server' retrieved from /opt/airflow/dags/health_check_kafka_server.py
[2026-05-31T11:57:33.277+0000] {logging_mixin.py:190} INFO - [2026-05-31T11:57:33.277+0000] {dag.py:3239} INFO - Sync 1 DAGs
[2026-05-31T11:57:33.299+0000] {logging_mixin.py:190} INFO - [2026-05-31T11:57:33.299+0000] {dag.py:4180} INFO - Setting next_dagrun for health_check_kafka_server to 2026-05-31 11:54:00+00:00, run_after=2026-05-31 11:56:00+00:00
[2026-05-31T11:57:33.313+0000] {processor.py:208} INFO - Processing /opt/airflow/dags/health_check_kafka_server.py took 0.102 seconds
[2026-05-31T11:58:03.485+0000] {processor.py:186} INFO - Started process (PID=2191) to work on /opt/airflow/dags/health_check_kafka_server.py
[2026-05-31T11:58:03.486+0000] {processor.py:914} INFO - Processing file /opt/airflow/dags/health_check_kafka_server.py for tasks to queue
[2026-05-31T11:58:03.489+0000] {logging_mixin.py:190} INFO - [2026-05-31T11:58:03.488+0000] {dagbag.py:588} INFO - Filling up the DagBag from /opt/airflow/dags/health_check_kafka_server.py
[2026-05-31T11:58:03.499+0000] {processor.py:925} INFO - DAG(s) 'health_check_kafka_server' retrieved from /opt/airflow/dags/health_check_kafka_server.py
[2026-05-31T11:58:03.551+0000] {logging_mixin.py:190} INFO - [2026-05-31T11:58:03.551+0000] {dag.py:3239} INFO - Sync 1 DAGs
[2026-05-31T11:58:03.628+0000] {logging_mixin.py:190} INFO - [2026-05-31T11:58:03.625+0000] {dag.py:4180} INFO - Setting next_dagrun for health_check_kafka_server to 2026-05-31 11:56:00+00:00, run_after=2026-05-31 11:58:00+00:00
[2026-05-31T11:58:03.680+0000] {processor.py:208} INFO - Processing /opt/airflow/dags/health_check_kafka_server.py took 0.201 seconds
[2026-05-31T11:58:33.854+0000] {processor.py:186} INFO - Started process (PID=2215) to work on /opt/airflow/dags/health_check_kafka_server.py
[2026-05-31T11:58:33.855+0000] {processor.py:914} INFO - Processing file /opt/airflow/dags/health_check_kafka_server.py for tasks to queue
[2026-05-31T11:58:33.856+0000] {logging_mixin.py:190} INFO - [2026-05-31T11:58:33.856+0000] {dagbag.py:588} INFO - Filling up the DagBag from /opt/airflow/dags/health_check_kafka_server.py
[2026-05-31T11:58:33.865+0000] {processor.py:925} INFO - DAG(s) 'health_check_kafka_server' retrieved from /opt/airflow/dags/health_check_kafka_server.py
[2026-05-31T11:58:33.884+0000] {logging_mixin.py:190} INFO - [2026-05-31T11:58:33.884+0000] {dag.py:3239} INFO - Sync 1 DAGs
[2026-05-31T11:58:33.906+0000] {logging_mixin.py:190} INFO - [2026-05-31T11:58:33.906+0000] {dag.py:4180} INFO - Setting next_dagrun for health_check_kafka_server to 2026-05-31 11:56:00+00:00, run_after=2026-05-31 11:58:00+00:00
[2026-05-31T11:58:33.920+0000] {processor.py:208} INFO - Processing /opt/airflow/dags/health_check_kafka_server.py took 0.071 seconds
[2026-05-31T11:59:04.721+0000] {processor.py:186} INFO - Started process (PID=2243) to work on /opt/airflow/dags/health_check_kafka_server.py
[2026-05-31T11:59:04.723+0000] {processor.py:914} INFO - Processing file /opt/airflow/dags/health_check_kafka_server.py for tasks to queue
[2026-05-31T11:59:04.726+0000] {logging_mixin.py:190} INFO - [2026-05-31T11:59:04.725+0000] {dagbag.py:588} INFO - Filling up the DagBag from /opt/airflow/dags/health_check_kafka_server.py
[2026-05-31T11:59:04.735+0000] {processor.py:925} INFO - DAG(s) 'health_check_kafka_server' retrieved from /opt/airflow/dags/health_check_kafka_server.py
[2026-05-31T11:59:04.758+0000] {logging_mixin.py:190} INFO - [2026-05-31T11:59:04.758+0000] {dag.py:3239} INFO - Sync 1 DAGs
[2026-05-31T11:59:04.783+0000] {logging_mixin.py:190} INFO - [2026-05-31T11:59:04.782+0000] {dag.py:4180} INFO - Setting next_dagrun for health_check_kafka_server to 2026-05-31 11:56:00+00:00, run_after=2026-05-31 11:58:00+00:00
[2026-05-31T11:59:04.797+0000] {processor.py:208} INFO - Processing /opt/airflow/dags/health_check_kafka_server.py took 0.084 seconds
[2026-05-31T11:59:34.923+0000] {processor.py:186} INFO - Started process (PID=2266) to work on /opt/airflow/dags/health_check_kafka_server.py
[2026-05-31T11:59:34.924+0000] {processor.py:914} INFO - Processing file /opt/airflow/dags/health_check_kafka_server.py for tasks to queue
[2026-05-31T11:59:34.926+0000] {logging_mixin.py:190} INFO - [2026-05-31T11:59:34.926+0000] {dagbag.py:588} INFO - Filling up the DagBag from /opt/airflow/dags/health_check_kafka_server.py
[2026-05-31T11:59:34.933+0000] {processor.py:925} INFO - DAG(s) 'health_check_kafka_server' retrieved from /opt/airflow/dags/health_check_kafka_server.py
[2026-05-31T11:59:34.952+0000] {logging_mixin.py:190} INFO - [2026-05-31T11:59:34.952+0000] {dag.py:3239} INFO - Sync 1 DAGs
[2026-05-31T11:59:34.971+0000] {logging_mixin.py:190} INFO - [2026-05-31T11:59:34.971+0000] {dag.py:4180} INFO - Setting next_dagrun for health_check_kafka_server to 2026-05-31 11:56:00+00:00, run_after=2026-05-31 11:58:00+00:00
[2026-05-31T11:59:34.984+0000] {processor.py:208} INFO - Processing /opt/airflow/dags/health_check_kafka_server.py took 0.066 seconds
[2026-05-31T12:00:05.249+0000] {processor.py:186} INFO - Started process (PID=2290) to work on /opt/airflow/dags/health_check_kafka_server.py
[2026-05-31T12:00:05.252+0000] {processor.py:914} INFO - Processing file /opt/airflow/dags/health_check_kafka_server.py for tasks to queue
[2026-05-31T12:00:05.257+0000] {logging_mixin.py:190} INFO - [2026-05-31T12:00:05.256+0000] {dagbag.py:588} INFO - Filling up the DagBag from /opt/airflow/dags/health_check_kafka_server.py
[2026-05-31T12:00:05.278+0000] {processor.py:925} INFO - DAG(s) 'health_check_kafka_server' retrieved from /opt/airflow/dags/health_check_kafka_server.py
[2026-05-31T12:00:05.346+0000] {logging_mixin.py:190} INFO - [2026-05-31T12:00:05.346+0000] {dag.py:3239} INFO - Sync 1 DAGs
[2026-05-31T12:00:05.442+0000] {logging_mixin.py:190} INFO - [2026-05-31T12:00:05.442+0000] {dag.py:4180} INFO - Setting next_dagrun for health_check_kafka_server to 2026-05-31 11:58:00+00:00, run_after=2026-05-31 12:00:00+00:00
[2026-05-31T12:00:05.492+0000] {processor.py:208} INFO - Processing /opt/airflow/dags/health_check_kafka_server.py took 0.258 seconds
[2026-05-31T12:00:35.789+0000] {processor.py:186} INFO - Started process (PID=2314) to work on /opt/airflow/dags/health_check_kafka_server.py
[2026-05-31T12:00:35.797+0000] {processor.py:914} INFO - Processing file /opt/airflow/dags/health_check_kafka_server.py for tasks to queue
[2026-05-31T12:00:35.814+0000] {logging_mixin.py:190} INFO - [2026-05-31T12:00:35.807+0000] {dagbag.py:588} INFO - Filling up the DagBag from /opt/airflow/dags/health_check_kafka_server.py
[2026-05-31T12:00:35.865+0000] {processor.py:925} INFO - DAG(s) 'health_check_kafka_server' retrieved from /opt/airflow/dags/health_check_kafka_server.py
[2026-05-31T12:00:35.910+0000] {logging_mixin.py:190} INFO - [2026-05-31T12:00:35.910+0000] {dag.py:3239} INFO - Sync 1 DAGs
[2026-05-31T12:00:35.960+0000] {logging_mixin.py:190} INFO - [2026-05-31T12:00:35.960+0000] {dag.py:4180} INFO - Setting next_dagrun for health_check_kafka_server to 2026-05-31 11:58:00+00:00, run_after=2026-05-31 12:00:00+00:00
[2026-05-31T12:00:35.978+0000] {processor.py:208} INFO - Processing /opt/airflow/dags/health_check_kafka_server.py took 0.196 seconds
[2026-05-31T12:01:06.112+0000] {processor.py:186} INFO - Started process (PID=2338) to work on /opt/airflow/dags/health_check_kafka_server.py
[2026-05-31T12:01:06.122+0000] {processor.py:914} INFO - Processing file /opt/airflow/dags/health_check_kafka_server.py for tasks to queue
[2026-05-31T12:01:06.125+0000] {logging_mixin.py:190} INFO - [2026-05-31T12:01:06.125+0000] {dagbag.py:588} INFO - Filling up the DagBag from /opt/airflow/dags/health_check_kafka_server.py
[2026-05-31T12:01:06.140+0000] {processor.py:925} INFO - DAG(s) 'health_check_kafka_server' retrieved from /opt/airflow/dags/health_check_kafka_server.py
[2026-05-31T12:01:06.166+0000] {logging_mixin.py:190} INFO - [2026-05-31T12:01:06.166+0000] {dag.py:3239} INFO - Sync 1 DAGs
[2026-05-31T12:01:06.191+0000] {logging_mixin.py:190} INFO - [2026-05-31T12:01:06.191+0000] {dag.py:4180} INFO - Setting next_dagrun for health_check_kafka_server to 2026-05-31 11:58:00+00:00, run_after=2026-05-31 12:00:00+00:00
[2026-05-31T12:01:06.208+0000] {processor.py:208} INFO - Processing /opt/airflow/dags/health_check_kafka_server.py took 0.103 seconds
[2026-05-31T12:01:36.256+0000] {processor.py:186} INFO - Started process (PID=2362) to work on /opt/airflow/dags/health_check_kafka_server.py
[2026-05-31T12:01:36.257+0000] {processor.py:914} INFO - Processing file /opt/airflow/dags/health_check_kafka_server.py for tasks to queue
[2026-05-31T12:01:36.259+0000] {logging_mixin.py:190} INFO - [2026-05-31T12:01:36.258+0000] {dagbag.py:588} INFO - Filling up the DagBag from /opt/airflow/dags/health_check_kafka_server.py
[2026-05-31T12:01:36.267+0000] {processor.py:925} INFO - DAG(s) 'health_check_kafka_server' retrieved from /opt/airflow/dags/health_check_kafka_server.py
[2026-05-31T12:01:36.286+0000] {logging_mixin.py:190} INFO - [2026-05-31T12:01:36.286+0000] {dag.py:3239} INFO - Sync 1 DAGs
[2026-05-31T12:01:36.306+0000] {logging_mixin.py:190} INFO - [2026-05-31T12:01:36.305+0000] {dag.py:4180} INFO - Setting next_dagrun for health_check_kafka_server to 2026-05-31 11:58:00+00:00, run_after=2026-05-31 12:00:00+00:00
[2026-05-31T12:01:36.324+0000] {processor.py:208} INFO - Processing /opt/airflow/dags/health_check_kafka_server.py took 0.072 seconds
[2026-05-31T12:02:06.829+0000] {processor.py:186} INFO - Started process (PID=2386) to work on /opt/airflow/dags/health_check_kafka_server.py
[2026-05-31T12:02:06.830+0000] {processor.py:914} INFO - Processing file /opt/airflow/dags/health_check_kafka_server.py for tasks to queue
[2026-05-31T12:02:06.834+0000] {logging_mixin.py:190} INFO - [2026-05-31T12:02:06.833+0000] {dagbag.py:588} INFO - Filling up the DagBag from /opt/airflow/dags/health_check_kafka_server.py
[2026-05-31T12:02:06.848+0000] {processor.py:925} INFO - DAG(s) 'health_check_kafka_server' retrieved from /opt/airflow/dags/health_check_kafka_server.py
[2026-05-31T12:02:06.872+0000] {logging_mixin.py:190} INFO - [2026-05-31T12:02:06.871+0000] {dag.py:3239} INFO - Sync 1 DAGs
[2026-05-31T12:02:06.901+0000] {logging_mixin.py:190} INFO - [2026-05-31T12:02:06.900+0000] {dag.py:4180} INFO - Setting next_dagrun for health_check_kafka_server to 2026-05-31 12:00:00+00:00, run_after=2026-05-31 12:02:00+00:00
[2026-05-31T12:02:06.925+0000] {processor.py:208} INFO - Processing /opt/airflow/dags/health_check_kafka_server.py took 0.102 seconds
[2026-05-31T12:02:37.312+0000] {processor.py:186} INFO - Started process (PID=2410) to work on /opt/airflow/dags/health_check_kafka_server.py
[2026-05-31T12:02:37.315+0000] {processor.py:914} INFO - Processing file /opt/airflow/dags/health_check_kafka_server.py for tasks to queue
[2026-05-31T12:02:37.324+0000] {logging_mixin.py:190} INFO - [2026-05-31T12:02:37.321+0000] {dagbag.py:588} INFO - Filling up the DagBag from /opt/airflow/dags/health_check_kafka_server.py
[2026-05-31T12:02:37.350+0000] {processor.py:925} INFO - DAG(s) 'health_check_kafka_server' retrieved from /opt/airflow/dags/health_check_kafka_server.py
[2026-05-31T12:02:37.411+0000] {logging_mixin.py:190} INFO - [2026-05-31T12:02:37.411+0000] {dag.py:3239} INFO - Sync 1 DAGs
[2026-05-31T12:02:37.456+0000] {logging_mixin.py:190} INFO - [2026-05-31T12:02:37.455+0000] {dag.py:4180} INFO - Setting next_dagrun for health_check_kafka_server to 2026-05-31 12:00:00+00:00, run_after=2026-05-31 12:02:00+00:00
[2026-05-31T12:02:37.474+0000] {processor.py:208} INFO - Processing /opt/airflow/dags/health_check_kafka_server.py took 0.178 seconds
[2026-05-31T12:03:07.601+0000] {processor.py:186} INFO - Started process (PID=2429) to work on /opt/airflow/dags/health_check_kafka_server.py
[2026-05-31T12:03:07.602+0000] {processor.py:914} INFO - Processing file /opt/airflow/dags/health_check_kafka_server.py for tasks to queue
[2026-05-31T12:03:07.605+0000] {logging_mixin.py:190} INFO - [2026-05-31T12:03:07.605+0000] {dagbag.py:588} INFO - Filling up the DagBag from /opt/airflow/dags/health_check_kafka_server.py
[2026-05-31T12:03:07.625+0000] {processor.py:925} INFO - DAG(s) 'health_check_kafka_server' retrieved from /opt/airflow/dags/health_check_kafka_server.py
[2026-05-31T12:03:07.678+0000] {logging_mixin.py:190} INFO - [2026-05-31T12:03:07.678+0000] {dag.py:3239} INFO - Sync 1 DAGs
[2026-05-31T12:03:07.729+0000] {logging_mixin.py:190} INFO - [2026-05-31T12:03:07.729+0000] {dag.py:4180} INFO - Setting next_dagrun for health_check_kafka_server to 2026-05-31 12:00:00+00:00, run_after=2026-05-31 12:02:00+00:00
[2026-05-31T12:03:07.764+0000] {processor.py:208} INFO - Processing /opt/airflow/dags/health_check_kafka_server.py took 0.174 seconds
[2026-05-31T12:03:38.357+0000] {processor.py:186} INFO - Started process (PID=2451) to work on /opt/airflow/dags/health_check_kafka_server.py
[2026-05-31T12:03:38.430+0000] {processor.py:914} INFO - Processing file /opt/airflow/dags/health_check_kafka_server.py for tasks to queue
[2026-05-31T12:03:38.438+0000] {logging_mixin.py:190} INFO - [2026-05-31T12:03:38.437+0000] {dagbag.py:588} INFO - Filling up the DagBag from /opt/airflow/dags/health_check_kafka_server.py
[2026-05-31T12:03:38.446+0000] {processor.py:925} INFO - DAG(s) 'health_check_kafka_server' retrieved from /opt/airflow/dags/health_check_kafka_server.py
[2026-05-31T12:03:38.468+0000] {logging_mixin.py:190} INFO - [2026-05-31T12:03:38.467+0000] {dag.py:3239} INFO - Sync 1 DAGs
[2026-05-31T12:03:38.491+0000] {logging_mixin.py:190} INFO - [2026-05-31T12:03:38.491+0000] {dag.py:4180} INFO - Setting next_dagrun for health_check_kafka_server to 2026-05-31 12:00:00+00:00, run_after=2026-05-31 12:02:00+00:00
[2026-05-31T12:03:38.506+0000] {processor.py:208} INFO - Processing /opt/airflow/dags/health_check_kafka_server.py took 0.157 seconds
[2026-05-31T12:04:09.074+0000] {processor.py:186} INFO - Started process (PID=2475) to work on /opt/airflow/dags/health_check_kafka_server.py
[2026-05-31T12:04:09.076+0000] {processor.py:914} INFO - Processing file /opt/airflow/dags/health_check_kafka_server.py for tasks to queue
[2026-05-31T12:04:09.084+0000] {logging_mixin.py:190} INFO - [2026-05-31T12:04:09.084+0000] {dagbag.py:588} INFO - Filling up the DagBag from /opt/airflow/dags/health_check_kafka_server.py
[2026-05-31T12:04:09.094+0000] {processor.py:925} INFO - DAG(s) 'health_check_kafka_server' retrieved from /opt/airflow/dags/health_check_kafka_server.py
[2026-05-31T12:04:09.135+0000] {logging_mixin.py:190} INFO - [2026-05-31T12:04:09.135+0000] {dag.py:3239} INFO - Sync 1 DAGs
[2026-05-31T12:04:09.179+0000] {logging_mixin.py:190} INFO - [2026-05-31T12:04:09.178+0000] {dag.py:4180} INFO - Setting next_dagrun for health_check_kafka_server to 2026-05-31 12:02:00+00:00, run_after=2026-05-31 12:04:00+00:00
[2026-05-31T12:04:09.204+0000] {processor.py:208} INFO - Processing /opt/airflow/dags/health_check_kafka_server.py took 0.136 seconds
[2026-05-31T12:04:39.260+0000] {processor.py:186} INFO - Started process (PID=2498) to work on /opt/airflow/dags/health_check_kafka_server.py
[2026-05-31T12:04:39.261+0000] {processor.py:914} INFO - Processing file /opt/airflow/dags/health_check_kafka_server.py for tasks to queue
[2026-05-31T12:04:39.264+0000] {logging_mixin.py:190} INFO - [2026-05-31T12:04:39.263+0000] {dagbag.py:588} INFO - Filling up the DagBag from /opt/airflow/dags/health_check_kafka_server.py
[2026-05-31T12:04:39.272+0000] {processor.py:925} INFO - DAG(s) 'health_check_kafka_server' retrieved from /opt/airflow/dags/health_check_kafka_server.py
[2026-05-31T12:04:39.294+0000] {logging_mixin.py:190} INFO - [2026-05-31T12:04:39.294+0000] {dag.py:3239} INFO - Sync 1 DAGs
[2026-05-31T12:04:39.315+0000] {logging_mixin.py:190} INFO - [2026-05-31T12:04:39.315+0000] {dag.py:4180} INFO - Setting next_dagrun for health_check_kafka_server to 2026-05-31 12:02:00+00:00, run_after=2026-05-31 12:04:00+00:00
[2026-05-31T12:04:39.329+0000] {processor.py:208} INFO - Processing /opt/airflow/dags/health_check_kafka_server.py took 0.076 seconds
[2026-05-31T12:05:09.391+0000] {processor.py:186} INFO - Started process (PID=2522) to work on /opt/airflow/dags/health_check_kafka_server.py
[2026-05-31T12:05:09.392+0000] {processor.py:914} INFO - Processing file /opt/airflow/dags/health_check_kafka_server.py for tasks to queue
[2026-05-31T12:05:09.394+0000] {logging_mixin.py:190} INFO - [2026-05-31T12:05:09.394+0000] {dagbag.py:588} INFO - Filling up the DagBag from /opt/airflow/dags/health_check_kafka_server.py
[2026-05-31T12:05:09.405+0000] {processor.py:925} INFO - DAG(s) 'health_check_kafka_server' retrieved from /opt/airflow/dags/health_check_kafka_server.py
[2026-05-31T12:05:09.429+0000] {logging_mixin.py:190} INFO - [2026-05-31T12:05:09.429+0000] {dag.py:3239} INFO - Sync 1 DAGs
[2026-05-31T12:05:09.456+0000] {logging_mixin.py:190} INFO - [2026-05-31T12:05:09.456+0000] {dag.py:4180} INFO - Setting next_dagrun for health_check_kafka_server to 2026-05-31 12:02:00+00:00, run_after=2026-05-31 12:04:00+00:00
[2026-05-31T12:05:09.471+0000] {processor.py:208} INFO - Processing /opt/airflow/dags/health_check_kafka_server.py took 0.086 seconds
[2026-05-31T12:05:39.874+0000] {processor.py:186} INFO - Started process (PID=2546) to work on /opt/airflow/dags/health_check_kafka_server.py
[2026-05-31T12:05:39.875+0000] {processor.py:914} INFO - Processing file /opt/airflow/dags/health_check_kafka_server.py for tasks to queue
[2026-05-31T12:05:39.877+0000] {logging_mixin.py:190} INFO - [2026-05-31T12:05:39.876+0000] {dagbag.py:588} INFO - Filling up the DagBag from /opt/airflow/dags/health_check_kafka_server.py
[2026-05-31T12:05:39.887+0000] {processor.py:925} INFO - DAG(s) 'health_check_kafka_server' retrieved from /opt/airflow/dags/health_check_kafka_server.py
[2026-05-31T12:05:39.908+0000] {logging_mixin.py:190} INFO - [2026-05-31T12:05:39.908+0000] {dag.py:3239} INFO - Sync 1 DAGs
[2026-05-31T12:05:39.929+0000] {logging_mixin.py:190} INFO - [2026-05-31T12:05:39.929+0000] {dag.py:4180} INFO - Setting next_dagrun for health_check_kafka_server to 2026-05-31 12:02:00+00:00, run_after=2026-05-31 12:04:00+00:00
[2026-05-31T12:05:39.946+0000] {processor.py:208} INFO - Processing /opt/airflow/dags/health_check_kafka_server.py took 0.077 seconds
[2026-05-31T12:06:10.489+0000] {processor.py:186} INFO - Started process (PID=2570) to work on /opt/airflow/dags/health_check_kafka_server.py
[2026-05-31T12:06:10.490+0000] {processor.py:914} INFO - Processing file /opt/airflow/dags/health_check_kafka_server.py for tasks to queue
[2026-05-31T12:06:10.492+0000] {logging_mixin.py:190} INFO - [2026-05-31T12:06:10.492+0000] {dagbag.py:588} INFO - Filling up the DagBag from /opt/airflow/dags/health_check_kafka_server.py
[2026-05-31T12:06:10.503+0000] {processor.py:925} INFO - DAG(s) 'health_check_kafka_server' retrieved from /opt/airflow/dags/health_check_kafka_server.py
[2026-05-31T12:06:10.524+0000] {logging_mixin.py:190} INFO - [2026-05-31T12:06:10.524+0000] {dag.py:3239} INFO - Sync 1 DAGs
[2026-05-31T12:06:10.547+0000] {logging_mixin.py:190} INFO - [2026-05-31T12:06:10.547+0000] {dag.py:4180} INFO - Setting next_dagrun for health_check_kafka_server to 2026-05-31 12:04:00+00:00, run_after=2026-05-31 12:06:00+00:00
[2026-05-31T12:06:10.561+0000] {processor.py:208} INFO - Processing /opt/airflow/dags/health_check_kafka_server.py took 0.077 seconds
[2026-05-31T12:06:41.114+0000] {processor.py:186} INFO - Started process (PID=2594) to work on /opt/airflow/dags/health_check_kafka_server.py
[2026-05-31T12:06:41.115+0000] {processor.py:914} INFO - Processing file /opt/airflow/dags/health_check_kafka_server.py for tasks to queue
[2026-05-31T12:06:41.118+0000] {logging_mixin.py:190} INFO - [2026-05-31T12:06:41.117+0000] {dagbag.py:588} INFO - Filling up the DagBag from /opt/airflow/dags/health_check_kafka_server.py
[2026-05-31T12:06:41.130+0000] {processor.py:925} INFO - DAG(s) 'health_check_kafka_server' retrieved from /opt/airflow/dags/health_check_kafka_server.py
[2026-05-31T12:06:41.153+0000] {logging_mixin.py:190} INFO - [2026-05-31T12:06:41.153+0000] {dag.py:3239} INFO - Sync 1 DAGs
[2026-05-31T12:06:41.176+0000] {logging_mixin.py:190} INFO - [2026-05-31T12:06:41.176+0000] {dag.py:4180} INFO - Setting next_dagrun for health_check_kafka_server to 2026-05-31 12:04:00+00:00, run_after=2026-05-31 12:06:00+00:00
[2026-05-31T12:06:41.191+0000] {processor.py:208} INFO - Processing /opt/airflow/dags/health_check_kafka_server.py took 0.084 seconds
[2026-05-31T12:07:11.869+0000] {processor.py:186} INFO - Started process (PID=2618) to work on /opt/airflow/dags/health_check_kafka_server.py
[2026-05-31T12:07:11.879+0000] {processor.py:914} INFO - Processing file /opt/airflow/dags/health_check_kafka_server.py for tasks to queue
[2026-05-31T12:07:11.884+0000] {logging_mixin.py:190} INFO - [2026-05-31T12:07:11.884+0000] {dagbag.py:588} INFO - Filling up the DagBag from /opt/airflow/dags/health_check_kafka_server.py
[2026-05-31T12:07:11.912+0000] {processor.py:925} INFO - DAG(s) 'health_check_kafka_server' retrieved from /opt/airflow/dags/health_check_kafka_server.py
[2026-05-31T12:07:11.946+0000] {logging_mixin.py:190} INFO - [2026-05-31T12:07:11.946+0000] {dag.py:3239} INFO - Sync 1 DAGs
[2026-05-31T12:07:11.972+0000] {logging_mixin.py:190} INFO - [2026-05-31T12:07:11.972+0000] {dag.py:4180} INFO - Setting next_dagrun for health_check_kafka_server to 2026-05-31 12:04:00+00:00, run_after=2026-05-31 12:06:00+00:00
[2026-05-31T12:07:11.993+0000] {processor.py:208} INFO - Processing /opt/airflow/dags/health_check_kafka_server.py took 0.129 seconds
[2026-05-31T12:07:42.167+0000] {processor.py:186} INFO - Started process (PID=2642) to work on /opt/airflow/dags/health_check_kafka_server.py
[2026-05-31T12:07:42.171+0000] {processor.py:914} INFO - Processing file /opt/airflow/dags/health_check_kafka_server.py for tasks to queue
[2026-05-31T12:07:42.177+0000] {logging_mixin.py:190} INFO - [2026-05-31T12:07:42.176+0000] {dagbag.py:588} INFO - Filling up the DagBag from /opt/airflow/dags/health_check_kafka_server.py
[2026-05-31T12:07:42.201+0000] {processor.py:925} INFO - DAG(s) 'health_check_kafka_server' retrieved from /opt/airflow/dags/health_check_kafka_server.py
[2026-05-31T12:07:42.229+0000] {logging_mixin.py:190} INFO - [2026-05-31T12:07:42.228+0000] {dag.py:3239} INFO - Sync 1 DAGs
[2026-05-31T12:07:42.252+0000] {logging_mixin.py:190} INFO - [2026-05-31T12:07:42.251+0000] {dag.py:4180} INFO - Setting next_dagrun for health_check_kafka_server to 2026-05-31 12:04:00+00:00, run_after=2026-05-31 12:06:00+00:00
[2026-05-31T12:07:42.280+0000] {processor.py:208} INFO - Processing /opt/airflow/dags/health_check_kafka_server.py took 0.121 seconds
[2026-05-31T12:08:12.829+0000] {processor.py:186} INFO - Started process (PID=2666) to work on /opt/airflow/dags/health_check_kafka_server.py
[2026-05-31T12:08:12.832+0000] {processor.py:914} INFO - Processing file /opt/airflow/dags/health_check_kafka_server.py for tasks to queue
[2026-05-31T12:08:12.834+0000] {logging_mixin.py:190} INFO - [2026-05-31T12:08:12.834+0000] {dagbag.py:588} INFO - Filling up the DagBag from /opt/airflow/dags/health_check_kafka_server.py
[2026-05-31T12:08:12.844+0000] {processor.py:925} INFO - DAG(s) 'health_check_kafka_server' retrieved from /opt/airflow/dags/health_check_kafka_server.py
[2026-05-31T12:08:12.867+0000] {logging_mixin.py:190} INFO - [2026-05-31T12:08:12.867+0000] {dag.py:3239} INFO - Sync 1 DAGs
[2026-05-31T12:08:12.889+0000] {logging_mixin.py:190} INFO - [2026-05-31T12:08:12.889+0000] {dag.py:4180} INFO - Setting next_dagrun for health_check_kafka_server to 2026-05-31 12:06:00+00:00, run_after=2026-05-31 12:08:00+00:00
[2026-05-31T12:08:13.059+0000] {processor.py:208} INFO - Processing /opt/airflow/dags/health_check_kafka_server.py took 0.239 seconds
[2026-05-31T12:08:44.037+0000] {processor.py:186} INFO - Started process (PID=2688) to work on /opt/airflow/dags/health_check_kafka_server.py
[2026-05-31T12:08:44.039+0000] {processor.py:914} INFO - Processing file /opt/airflow/dags/health_check_kafka_server.py for tasks to queue
[2026-05-31T12:08:44.041+0000] {logging_mixin.py:190} INFO - [2026-05-31T12:08:44.041+0000] {dagbag.py:588} INFO - Filling up the DagBag from /opt/airflow/dags/health_check_kafka_server.py
[2026-05-31T12:08:44.052+0000] {processor.py:925} INFO - DAG(s) 'health_check_kafka_server' retrieved from /opt/airflow/dags/health_check_kafka_server.py
[2026-05-31T12:08:44.072+0000] {logging_mixin.py:190} INFO - [2026-05-31T12:08:44.072+0000] {dag.py:3239} INFO - Sync 1 DAGs
[2026-05-31T12:08:44.094+0000] {logging_mixin.py:190} INFO - [2026-05-31T12:08:44.094+0000] {dag.py:4180} INFO - Setting next_dagrun for health_check_kafka_server to 2026-05-31 12:06:00+00:00, run_after=2026-05-31 12:08:00+00:00
[2026-05-31T12:08:44.118+0000] {processor.py:208} INFO - Processing /opt/airflow/dags/health_check_kafka_server.py took 0.086 seconds
[2026-05-31T12:09:14.429+0000] {processor.py:186} INFO - Started process (PID=2708) to work on /opt/airflow/dags/health_check_kafka_server.py
[2026-05-31T12:09:14.431+0000] {processor.py:914} INFO - Processing file /opt/airflow/dags/health_check_kafka_server.py for tasks to queue
[2026-05-31T12:09:14.434+0000] {logging_mixin.py:190} INFO - [2026-05-31T12:09:14.433+0000] {dagbag.py:588} INFO - Filling up the DagBag from /opt/airflow/dags/health_check_kafka_server.py
[2026-05-31T12:09:14.443+0000] {processor.py:925} INFO - DAG(s) 'health_check_kafka_server' retrieved from /opt/airflow/dags/health_check_kafka_server.py
[2026-05-31T12:09:14.466+0000] {logging_mixin.py:190} INFO - [2026-05-31T12:09:14.466+0000] {dag.py:3239} INFO - Sync 1 DAGs
[2026-05-31T12:09:14.488+0000] {logging_mixin.py:190} INFO - [2026-05-31T12:09:14.488+0000] {dag.py:4180} INFO - Setting next_dagrun for health_check_kafka_server to 2026-05-31 12:06:00+00:00, run_after=2026-05-31 12:08:00+00:00
[2026-05-31T12:09:14.504+0000] {processor.py:208} INFO - Processing /opt/airflow/dags/health_check_kafka_server.py took 0.082 seconds
[2026-05-31T12:09:44.788+0000] {processor.py:186} INFO - Started process (PID=2733) to work on /opt/airflow/dags/health_check_kafka_server.py
[2026-05-31T12:09:44.789+0000] {processor.py:914} INFO - Processing file /opt/airflow/dags/health_check_kafka_server.py for tasks to queue
[2026-05-31T12:09:44.793+0000] {logging_mixin.py:190} INFO - [2026-05-31T12:09:44.792+0000] {dagbag.py:588} INFO - Filling up the DagBag from /opt/airflow/dags/health_check_kafka_server.py
[2026-05-31T12:09:44.805+0000] {processor.py:925} INFO - DAG(s) 'health_check_kafka_server' retrieved from /opt/airflow/dags/health_check_kafka_server.py
[2026-05-31T12:09:44.984+0000] {logging_mixin.py:190} INFO - [2026-05-31T12:09:44.983+0000] {dag.py:3239} INFO - Sync 1 DAGs
[2026-05-31T12:09:45.003+0000] {logging_mixin.py:190} INFO - [2026-05-31T12:09:45.003+0000] {dag.py:4180} INFO - Setting next_dagrun for health_check_kafka_server to 2026-05-31 12:06:00+00:00, run_after=2026-05-31 12:08:00+00:00
[2026-05-31T12:09:45.015+0000] {processor.py:208} INFO - Processing /opt/airflow/dags/health_check_kafka_server.py took 0.235 seconds
[2026-05-31T12:10:15.043+0000] {processor.py:186} INFO - Started process (PID=2758) to work on /opt/airflow/dags/health_check_kafka_server.py
[2026-05-31T12:10:15.045+0000] {processor.py:914} INFO - Processing file /opt/airflow/dags/health_check_kafka_server.py for tasks to queue
[2026-05-31T12:10:15.046+0000] {logging_mixin.py:190} INFO - [2026-05-31T12:10:15.046+0000] {dagbag.py:588} INFO - Filling up the DagBag from /opt/airflow/dags/health_check_kafka_server.py
[2026-05-31T12:10:15.055+0000] {processor.py:925} INFO - DAG(s) 'health_check_kafka_server' retrieved from /opt/airflow/dags/health_check_kafka_server.py
[2026-05-31T12:10:15.079+0000] {logging_mixin.py:190} INFO - [2026-05-31T12:10:15.078+0000] {dag.py:3239} INFO - Sync 1 DAGs
[2026-05-31T12:10:15.102+0000] {logging_mixin.py:190} INFO - [2026-05-31T12:10:15.102+0000] {dag.py:4180} INFO - Setting next_dagrun for health_check_kafka_server to 2026-05-31 12:08:00+00:00, run_after=2026-05-31 12:10:00+00:00
[2026-05-31T12:10:15.118+0000] {processor.py:208} INFO - Processing /opt/airflow/dags/health_check_kafka_server.py took 0.080 seconds
[2026-05-31T12:10:45.603+0000] {processor.py:186} INFO - Started process (PID=2782) to work on /opt/airflow/dags/health_check_kafka_server.py
[2026-05-31T12:10:45.604+0000] {processor.py:914} INFO - Processing file /opt/airflow/dags/health_check_kafka_server.py for tasks to queue
[2026-05-31T12:10:45.607+0000] {logging_mixin.py:190} INFO - [2026-05-31T12:10:45.607+0000] {dagbag.py:588} INFO - Filling up the DagBag from /opt/airflow/dags/health_check_kafka_server.py
[2026-05-31T12:10:45.618+0000] {processor.py:925} INFO - DAG(s) 'health_check_kafka_server' retrieved from /opt/airflow/dags/health_check_kafka_server.py
[2026-05-31T12:10:45.636+0000] {logging_mixin.py:190} INFO - [2026-05-31T12:10:45.636+0000] {dag.py:3239} INFO - Sync 1 DAGs
[2026-05-31T12:10:45.657+0000] {logging_mixin.py:190} INFO - [2026-05-31T12:10:45.657+0000] {dag.py:4180} INFO - Setting next_dagrun for health_check_kafka_server to 2026-05-31 12:08:00+00:00, run_after=2026-05-31 12:10:00+00:00
[2026-05-31T12:10:45.673+0000] {processor.py:208} INFO - Processing /opt/airflow/dags/health_check_kafka_server.py took 0.077 seconds
[2026-05-31T12:11:16.120+0000] {processor.py:186} INFO - Started process (PID=2806) to work on /opt/airflow/dags/health_check_kafka_server.py
[2026-05-31T12:11:16.123+0000] {processor.py:914} INFO - Processing file /opt/airflow/dags/health_check_kafka_server.py for tasks to queue
[2026-05-31T12:11:16.127+0000] {logging_mixin.py:190} INFO - [2026-05-31T12:11:16.127+0000] {dagbag.py:588} INFO - Filling up the DagBag from /opt/airflow/dags/health_check_kafka_server.py
[2026-05-31T12:11:16.141+0000] {processor.py:925} INFO - DAG(s) 'health_check_kafka_server' retrieved from /opt/airflow/dags/health_check_kafka_server.py
[2026-05-31T12:11:16.160+0000] {logging_mixin.py:190} INFO - [2026-05-31T12:11:16.160+0000] {dag.py:3239} INFO - Sync 1 DAGs
[2026-05-31T12:11:16.181+0000] {logging_mixin.py:190} INFO - [2026-05-31T12:11:16.181+0000] {dag.py:4180} INFO - Setting next_dagrun for health_check_kafka_server to 2026-05-31 12:08:00+00:00, run_after=2026-05-31 12:10:00+00:00
[2026-05-31T12:11:16.200+0000] {processor.py:208} INFO - Processing /opt/airflow/dags/health_check_kafka_server.py took 0.093 seconds
[2026-05-31T12:11:46.763+0000] {processor.py:186} INFO - Started process (PID=2830) to work on /opt/airflow/dags/health_check_kafka_server.py
[2026-05-31T12:11:46.764+0000] {processor.py:914} INFO - Processing file /opt/airflow/dags/health_check_kafka_server.py for tasks to queue
[2026-05-31T12:11:46.767+0000] {logging_mixin.py:190} INFO - [2026-05-31T12:11:46.766+0000] {dagbag.py:588} INFO - Filling up the DagBag from /opt/airflow/dags/health_check_kafka_server.py
[2026-05-31T12:11:46.779+0000] {processor.py:925} INFO - DAG(s) 'health_check_kafka_server' retrieved from /opt/airflow/dags/health_check_kafka_server.py
[2026-05-31T12:11:46.799+0000] {logging_mixin.py:190} INFO - [2026-05-31T12:11:46.799+0000] {dag.py:3239} INFO - Sync 1 DAGs
[2026-05-31T12:11:46.820+0000] {logging_mixin.py:190} INFO - [2026-05-31T12:11:46.820+0000] {dag.py:4180} INFO - Setting next_dagrun for health_check_kafka_server to 2026-05-31 12:08:00+00:00, run_after=2026-05-31 12:10:00+00:00
[2026-05-31T12:11:46.844+0000] {processor.py:208} INFO - Processing /opt/airflow/dags/health_check_kafka_server.py took 0.091 seconds
[2026-05-31T12:12:17.078+0000] {processor.py:186} INFO - Started process (PID=2854) to work on /opt/airflow/dags/health_check_kafka_server.py
[2026-05-31T12:12:17.083+0000] {processor.py:914} INFO - Processing file /opt/airflow/dags/health_check_kafka_server.py for tasks to queue
[2026-05-31T12:12:17.092+0000] {logging_mixin.py:190} INFO - [2026-05-31T12:12:17.091+0000] {dagbag.py:588} INFO - Filling up the DagBag from /opt/airflow/dags/health_check_kafka_server.py
[2026-05-31T12:12:17.130+0000] {processor.py:925} INFO - DAG(s) 'health_check_kafka_server' retrieved from /opt/airflow/dags/health_check_kafka_server.py
[2026-05-31T12:12:17.181+0000] {logging_mixin.py:190} INFO - [2026-05-31T12:12:17.181+0000] {dag.py:3239} INFO - Sync 1 DAGs
[2026-05-31T12:12:17.226+0000] {logging_mixin.py:190} INFO - [2026-05-31T12:12:17.226+0000] {dag.py:4180} INFO - Setting next_dagrun for health_check_kafka_server to 2026-05-31 12:10:00+00:00, run_after=2026-05-31 12:12:00+00:00
[2026-05-31T12:12:17.243+0000] {processor.py:208} INFO - Processing /opt/airflow/dags/health_check_kafka_server.py took 0.183 seconds
[2026-05-31T12:12:47.296+0000] {processor.py:186} INFO - Started process (PID=2879) to work on /opt/airflow/dags/health_check_kafka_server.py
[2026-05-31T12:12:47.297+0000] {processor.py:914} INFO - Processing file /opt/airflow/dags/health_check_kafka_server.py for tasks to queue
[2026-05-31T12:12:47.299+0000] {logging_mixin.py:190} INFO - [2026-05-31T12:12:47.299+0000] {dagbag.py:588} INFO - Filling up the DagBag from /opt/airflow/dags/health_check_kafka_server.py
[2026-05-31T12:12:47.310+0000] {processor.py:925} INFO - DAG(s) 'health_check_kafka_server' retrieved from /opt/airflow/dags/health_check_kafka_server.py
[2026-05-31T12:12:47.332+0000] {logging_mixin.py:190} INFO - [2026-05-31T12:12:47.332+0000] {dag.py:3239} INFO - Sync 1 DAGs
[2026-05-31T12:12:47.360+0000] {logging_mixin.py:190} INFO - [2026-05-31T12:12:47.359+0000] {dag.py:4180} INFO - Setting next_dagrun for health_check_kafka_server to 2026-05-31 12:10:00+00:00, run_after=2026-05-31 12:12:00+00:00
[2026-05-31T12:12:47.377+0000] {processor.py:208} INFO - Processing /opt/airflow/dags/health_check_kafka_server.py took 0.086 seconds
[2026-05-31T12:13:18.164+0000] {processor.py:186} INFO - Started process (PID=2903) to work on /opt/airflow/dags/health_check_kafka_server.py
[2026-05-31T12:13:18.166+0000] {processor.py:914} INFO - Processing file /opt/airflow/dags/health_check_kafka_server.py for tasks to queue
[2026-05-31T12:13:18.173+0000] {logging_mixin.py:190} INFO - [2026-05-31T12:13:18.172+0000] {dagbag.py:588} INFO - Filling up the DagBag from /opt/airflow/dags/health_check_kafka_server.py
[2026-05-31T12:13:18.187+0000] {processor.py:925} INFO - DAG(s) 'health_check_kafka_server' retrieved from /opt/airflow/dags/health_check_kafka_server.py
[2026-05-31T12:13:18.207+0000] {logging_mixin.py:190} INFO - [2026-05-31T12:13:18.207+0000] {dag.py:3239} INFO - Sync 1 DAGs
[2026-05-31T12:13:18.230+0000] {logging_mixin.py:190} INFO - [2026-05-31T12:13:18.230+0000] {dag.py:4180} INFO - Setting next_dagrun for health_check_kafka_server to 2026-05-31 12:10:00+00:00, run_after=2026-05-31 12:12:00+00:00
[2026-05-31T12:13:18.246+0000] {processor.py:208} INFO - Processing /opt/airflow/dags/health_check_kafka_server.py took 0.087 seconds
[2026-05-31T12:13:49.139+0000] {processor.py:186} INFO - Started process (PID=2927) to work on /opt/airflow/dags/health_check_kafka_server.py
[2026-05-31T12:13:49.140+0000] {processor.py:914} INFO - Processing file /opt/airflow/dags/health_check_kafka_server.py for tasks to queue
[2026-05-31T12:13:49.143+0000] {logging_mixin.py:190} INFO - [2026-05-31T12:13:49.143+0000] {dagbag.py:588} INFO - Filling up the DagBag from /opt/airflow/dags/health_check_kafka_server.py
[2026-05-31T12:13:49.163+0000] {processor.py:925} INFO - DAG(s) 'health_check_kafka_server' retrieved from /opt/airflow/dags/health_check_kafka_server.py
[2026-05-31T12:13:49.188+0000] {logging_mixin.py:190} INFO - [2026-05-31T12:13:49.188+0000] {dag.py:3239} INFO - Sync 1 DAGs
[2026-05-31T12:13:49.213+0000] {logging_mixin.py:190} INFO - [2026-05-31T12:13:49.212+0000] {dag.py:4180} INFO - Setting next_dagrun for health_check_kafka_server to 2026-05-31 12:10:00+00:00, run_after=2026-05-31 12:12:00+00:00
[2026-05-31T12:13:49.228+0000] {processor.py:208} INFO - Processing /opt/airflow/dags/health_check_kafka_server.py took 0.102 seconds
[2026-05-31T12:14:19.307+0000] {processor.py:186} INFO - Started process (PID=2951) to work on /opt/airflow/dags/health_check_kafka_server.py
[2026-05-31T12:14:19.309+0000] {processor.py:914} INFO - Processing file /opt/airflow/dags/health_check_kafka_server.py for tasks to queue
[2026-05-31T12:14:19.311+0000] {logging_mixin.py:190} INFO - [2026-05-31T12:14:19.311+0000] {dagbag.py:588} INFO - Filling up the DagBag from /opt/airflow/dags/health_check_kafka_server.py
[2026-05-31T12:14:19.322+0000] {processor.py:925} INFO - DAG(s) 'health_check_kafka_server' retrieved from /opt/airflow/dags/health_check_kafka_server.py
[2026-05-31T12:14:19.343+0000] {logging_mixin.py:190} INFO - [2026-05-31T12:14:19.343+0000] {dag.py:3239} INFO - Sync 1 DAGs
[2026-05-31T12:14:19.368+0000] {logging_mixin.py:190} INFO - [2026-05-31T12:14:19.368+0000] {dag.py:4180} INFO - Setting next_dagrun for health_check_kafka_server to 2026-05-31 12:12:00+00:00, run_after=2026-05-31 12:14:00+00:00
[2026-05-31T12:14:19.384+0000] {processor.py:208} INFO - Processing /opt/airflow/dags/health_check_kafka_server.py took 0.081 seconds
[2026-05-31T12:14:49.649+0000] {processor.py:186} INFO - Started process (PID=2976) to work on /opt/airflow/dags/health_check_kafka_server.py
[2026-05-31T12:14:49.651+0000] {processor.py:914} INFO - Processing file /opt/airflow/dags/health_check_kafka_server.py for tasks to queue
[2026-05-31T12:14:49.653+0000] {logging_mixin.py:190} INFO - [2026-05-31T12:14:49.652+0000] {dagbag.py:588} INFO - Filling up the DagBag from /opt/airflow/dags/health_check_kafka_server.py
[2026-05-31T12:14:49.662+0000] {processor.py:925} INFO - DAG(s) 'health_check_kafka_server' retrieved from /opt/airflow/dags/health_check_kafka_server.py
[2026-05-31T12:14:49.687+0000] {logging_mixin.py:190} INFO - [2026-05-31T12:14:49.687+0000] {dag.py:3239} INFO - Sync 1 DAGs
[2026-05-31T12:14:49.709+0000] {logging_mixin.py:190} INFO - [2026-05-31T12:14:49.709+0000] {dag.py:4180} INFO - Setting next_dagrun for health_check_kafka_server to 2026-05-31 12:12:00+00:00, run_after=2026-05-31 12:14:00+00:00
[2026-05-31T12:14:49.726+0000] {processor.py:208} INFO - Processing /opt/airflow/dags/health_check_kafka_server.py took 0.084 seconds
[2026-05-31T12:15:20.687+0000] {processor.py:186} INFO - Started process (PID=2998) to work on /opt/airflow/dags/health_check_kafka_server.py
[2026-05-31T12:15:20.688+0000] {processor.py:914} INFO - Processing file /opt/airflow/dags/health_check_kafka_server.py for tasks to queue
[2026-05-31T12:15:20.690+0000] {logging_mixin.py:190} INFO - [2026-05-31T12:15:20.690+0000] {dagbag.py:588} INFO - Filling up the DagBag from /opt/airflow/dags/health_check_kafka_server.py
[2026-05-31T12:15:20.705+0000] {processor.py:925} INFO - DAG(s) 'health_check_kafka_server' retrieved from /opt/airflow/dags/health_check_kafka_server.py
[2026-05-31T12:15:20.727+0000] {logging_mixin.py:190} INFO - [2026-05-31T12:15:20.727+0000] {dag.py:3239} INFO - Sync 1 DAGs
[2026-05-31T12:15:20.752+0000] {logging_mixin.py:190} INFO - [2026-05-31T12:15:20.752+0000] {dag.py:4180} INFO - Setting next_dagrun for health_check_kafka_server to 2026-05-31 12:12:00+00:00, run_after=2026-05-31 12:14:00+00:00
[2026-05-31T12:15:20.768+0000] {processor.py:208} INFO - Processing /opt/airflow/dags/health_check_kafka_server.py took 0.092 seconds
[2026-05-31T12:15:51.702+0000] {processor.py:186} INFO - Started process (PID=3018) to work on /opt/airflow/dags/health_check_kafka_server.py
[2026-05-31T12:15:51.703+0000] {processor.py:914} INFO - Processing file /opt/airflow/dags/health_check_kafka_server.py for tasks to queue
[2026-05-31T12:15:51.706+0000] {logging_mixin.py:190} INFO - [2026-05-31T12:15:51.705+0000] {dagbag.py:588} INFO - Filling up the DagBag from /opt/airflow/dags/health_check_kafka_server.py
[2026-05-31T12:15:51.716+0000] {processor.py:925} INFO - DAG(s) 'health_check_kafka_server' retrieved from /opt/airflow/dags/health_check_kafka_server.py
[2026-05-31T12:15:51.737+0000] {logging_mixin.py:190} INFO - [2026-05-31T12:15:51.737+0000] {dag.py:3239} INFO - Sync 1 DAGs
[2026-05-31T12:15:51.759+0000] {logging_mixin.py:190} INFO - [2026-05-31T12:15:51.759+0000] {dag.py:4180} INFO - Setting next_dagrun for health_check_kafka_server to 2026-05-31 12:12:00+00:00, run_after=2026-05-31 12:14:00+00:00
[2026-05-31T12:15:51.774+0000] {processor.py:208} INFO - Processing /opt/airflow/dags/health_check_kafka_server.py took 0.079 seconds
[2026-05-31T12:16:22.722+0000] {processor.py:186} INFO - Started process (PID=3043) to work on /opt/airflow/dags/health_check_kafka_server.py
[2026-05-31T12:16:22.723+0000] {processor.py:914} INFO - Processing file /opt/airflow/dags/health_check_kafka_server.py for tasks to queue
[2026-05-31T12:16:22.725+0000] {logging_mixin.py:190} INFO - [2026-05-31T12:16:22.725+0000] {dagbag.py:588} INFO - Filling up the DagBag from /opt/airflow/dags/health_check_kafka_server.py
[2026-05-31T12:16:22.736+0000] {processor.py:925} INFO - DAG(s) 'health_check_kafka_server' retrieved from /opt/airflow/dags/health_check_kafka_server.py
[2026-05-31T12:16:22.759+0000] {logging_mixin.py:190} INFO - [2026-05-31T12:16:22.759+0000] {dag.py:3239} INFO - Sync 1 DAGs
[2026-05-31T12:16:22.788+0000] {logging_mixin.py:190} INFO - [2026-05-31T12:16:22.788+0000] {dag.py:4180} INFO - Setting next_dagrun for health_check_kafka_server to 2026-05-31 12:14:00+00:00, run_after=2026-05-31 12:16:00+00:00
[2026-05-31T12:16:22.804+0000] {processor.py:208} INFO - Processing /opt/airflow/dags/health_check_kafka_server.py took 0.089 seconds
[2026-05-31T12:16:52.891+0000] {processor.py:186} INFO - Started process (PID=3068) to work on /opt/airflow/dags/health_check_kafka_server.py
[2026-05-31T12:16:52.892+0000] {processor.py:914} INFO - Processing file /opt/airflow/dags/health_check_kafka_server.py for tasks to queue
[2026-05-31T12:16:52.895+0000] {logging_mixin.py:190} INFO - [2026-05-31T12:16:52.894+0000] {dagbag.py:588} INFO - Filling up the DagBag from /opt/airflow/dags/health_check_kafka_server.py
[2026-05-31T12:16:52.903+0000] {processor.py:925} INFO - DAG(s) 'health_check_kafka_server' retrieved from /opt/airflow/dags/health_check_kafka_server.py
[2026-05-31T12:16:52.922+0000] {logging_mixin.py:190} INFO - [2026-05-31T12:16:52.921+0000] {dag.py:3239} INFO - Sync 1 DAGs
[2026-05-31T12:16:52.942+0000] {logging_mixin.py:190} INFO - [2026-05-31T12:16:52.941+0000] {dag.py:4180} INFO - Setting next_dagrun for health_check_kafka_server to 2026-05-31 12:14:00+00:00, run_after=2026-05-31 12:16:00+00:00
[2026-05-31T12:16:52.956+0000] {processor.py:208} INFO - Processing /opt/airflow/dags/health_check_kafka_server.py took 0.071 seconds
[2026-05-31T12:17:23.221+0000] {processor.py:186} INFO - Started process (PID=3092) to work on /opt/airflow/dags/health_check_kafka_server.py
[2026-05-31T12:17:23.222+0000] {processor.py:914} INFO - Processing file /opt/airflow/dags/health_check_kafka_server.py for tasks to queue
[2026-05-31T12:17:23.229+0000] {logging_mixin.py:190} INFO - [2026-05-31T12:17:23.228+0000] {dagbag.py:588} INFO - Filling up the DagBag from /opt/airflow/dags/health_check_kafka_server.py
[2026-05-31T12:17:23.244+0000] {processor.py:925} INFO - DAG(s) 'health_check_kafka_server' retrieved from /opt/airflow/dags/health_check_kafka_server.py
[2026-05-31T12:17:23.284+0000] {logging_mixin.py:190} INFO - [2026-05-31T12:17:23.284+0000] {dag.py:3239} INFO - Sync 1 DAGs
[2026-05-31T12:17:23.348+0000] {logging_mixin.py:190} INFO - [2026-05-31T12:17:23.348+0000] {dag.py:4180} INFO - Setting next_dagrun for health_check_kafka_server to 2026-05-31 12:14:00+00:00, run_after=2026-05-31 12:16:00+00:00
[2026-05-31T12:17:23.383+0000] {processor.py:208} INFO - Processing /opt/airflow/dags/health_check_kafka_server.py took 0.174 seconds
[2026-05-31T12:17:53.619+0000] {processor.py:186} INFO - Started process (PID=3115) to work on /opt/airflow/dags/health_check_kafka_server.py
[2026-05-31T12:17:53.622+0000] {processor.py:914} INFO - Processing file /opt/airflow/dags/health_check_kafka_server.py for tasks to queue
[2026-05-31T12:17:53.629+0000] {logging_mixin.py:190} INFO - [2026-05-31T12:17:53.628+0000] {dagbag.py:588} INFO - Filling up the DagBag from /opt/airflow/dags/health_check_kafka_server.py
[2026-05-31T12:17:53.641+0000] {processor.py:925} INFO - DAG(s) 'health_check_kafka_server' retrieved from /opt/airflow/dags/health_check_kafka_server.py
[2026-05-31T12:17:53.666+0000] {logging_mixin.py:190} INFO - [2026-05-31T12:17:53.666+0000] {dag.py:3239} INFO - Sync 1 DAGs
[2026-05-31T12:17:53.691+0000] {logging_mixin.py:190} INFO - [2026-05-31T12:17:53.691+0000] {dag.py:4180} INFO - Setting next_dagrun for health_check_kafka_server to 2026-05-31 12:14:00+00:00, run_after=2026-05-31 12:16:00+00:00
[2026-05-31T12:17:53.707+0000] {processor.py:208} INFO - Processing /opt/airflow/dags/health_check_kafka_server.py took 0.094 seconds
[2026-05-31T12:18:23.736+0000] {processor.py:186} INFO - Started process (PID=3140) to work on /opt/airflow/dags/health_check_kafka_server.py
[2026-05-31T12:18:23.736+0000] {processor.py:914} INFO - Processing file /opt/airflow/dags/health_check_kafka_server.py for tasks to queue
[2026-05-31T12:18:23.740+0000] {logging_mixin.py:190} INFO - [2026-05-31T12:18:23.740+0000] {dagbag.py:588} INFO - Filling up the DagBag from /opt/airflow/dags/health_check_kafka_server.py
[2026-05-31T12:18:23.748+0000] {processor.py:925} INFO - DAG(s) 'health_check_kafka_server' retrieved from /opt/airflow/dags/health_check_kafka_server.py
[2026-05-31T12:18:23.768+0000] {logging_mixin.py:190} INFO - [2026-05-31T12:18:23.768+0000] {dag.py:3239} INFO - Sync 1 DAGs
[2026-05-31T12:18:23.792+0000] {logging_mixin.py:190} INFO - [2026-05-31T12:18:23.792+0000] {dag.py:4180} INFO - Setting next_dagrun for health_check_kafka_server to 2026-05-31 12:16:00+00:00, run_after=2026-05-31 12:18:00+00:00
[2026-05-31T12:18:23.807+0000] {processor.py:208} INFO - Processing /opt/airflow/dags/health_check_kafka_server.py took 0.077 seconds
[2026-05-31T12:18:54.401+0000] {processor.py:186} INFO - Started process (PID=3164) to work on /opt/airflow/dags/health_check_kafka_server.py
[2026-05-31T12:18:54.404+0000] {processor.py:914} INFO - Processing file /opt/airflow/dags/health_check_kafka_server.py for tasks to queue
[2026-05-31T12:18:54.408+0000] {logging_mixin.py:190} INFO - [2026-05-31T12:18:54.408+0000] {dagbag.py:588} INFO - Filling up the DagBag from /opt/airflow/dags/health_check_kafka_server.py
[2026-05-31T12:18:54.422+0000] {processor.py:925} INFO - DAG(s) 'health_check_kafka_server' retrieved from /opt/airflow/dags/health_check_kafka_server.py
[2026-05-31T12:18:54.449+0000] {logging_mixin.py:190} INFO - [2026-05-31T12:18:54.449+0000] {dag.py:3239} INFO - Sync 1 DAGs
[2026-05-31T12:18:54.473+0000] {logging_mixin.py:190} INFO - [2026-05-31T12:18:54.473+0000] {dag.py:4180} INFO - Setting next_dagrun for health_check_kafka_server to 2026-05-31 12:16:00+00:00, run_after=2026-05-31 12:18:00+00:00
[2026-05-31T12:18:54.492+0000] {processor.py:208} INFO - Processing /opt/airflow/dags/health_check_kafka_server.py took 0.096 seconds
[2026-05-31T12:19:25.139+0000] {processor.py:186} INFO - Started process (PID=3188) to work on /opt/airflow/dags/health_check_kafka_server.py
[2026-05-31T12:19:25.140+0000] {processor.py:914} INFO - Processing file /opt/airflow/dags/health_check_kafka_server.py for tasks to queue
[2026-05-31T12:19:25.143+0000] {logging_mixin.py:190} INFO - [2026-05-31T12:19:25.143+0000] {dagbag.py:588} INFO - Filling up the DagBag from /opt/airflow/dags/health_check_kafka_server.py
[2026-05-31T12:19:25.155+0000] {processor.py:925} INFO - DAG(s) 'health_check_kafka_server' retrieved from /opt/airflow/dags/health_check_kafka_server.py
[2026-05-31T12:19:25.176+0000] {logging_mixin.py:190} INFO - [2026-05-31T12:19:25.176+0000] {dag.py:3239} INFO - Sync 1 DAGs
[2026-05-31T12:19:25.198+0000] {logging_mixin.py:190} INFO - [2026-05-31T12:19:25.198+0000] {dag.py:4180} INFO - Setting next_dagrun for health_check_kafka_server to 2026-05-31 12:16:00+00:00, run_after=2026-05-31 12:18:00+00:00
[2026-05-31T12:19:25.212+0000] {processor.py:208} INFO - Processing /opt/airflow/dags/health_check_kafka_server.py took 0.080 seconds
[2026-05-31T12:19:55.459+0000] {processor.py:186} INFO - Started process (PID=3212) to work on /opt/airflow/dags/health_check_kafka_server.py
[2026-05-31T12:19:55.462+0000] {processor.py:914} INFO - Processing file /opt/airflow/dags/health_check_kafka_server.py for tasks to queue
[2026-05-31T12:19:55.469+0000] {logging_mixin.py:190} INFO - [2026-05-31T12:19:55.469+0000] {dagbag.py:588} INFO - Filling up the DagBag from /opt/airflow/dags/health_check_kafka_server.py
[2026-05-31T12:19:55.486+0000] {processor.py:925} INFO - DAG(s) 'health_check_kafka_server' retrieved from /opt/airflow/dags/health_check_kafka_server.py
[2026-05-31T12:19:55.510+0000] {logging_mixin.py:190} INFO - [2026-05-31T12:19:55.510+0000] {dag.py:3239} INFO - Sync 1 DAGs
[2026-05-31T12:19:55.539+0000] {logging_mixin.py:190} INFO - [2026-05-31T12:19:55.539+0000] {dag.py:4180} INFO - Setting next_dagrun for health_check_kafka_server to 2026-05-31 12:16:00+00:00, run_after=2026-05-31 12:18:00+00:00
[2026-05-31T12:19:55.555+0000] {processor.py:208} INFO - Processing /opt/airflow/dags/health_check_kafka_server.py took 0.108 seconds
[2026-05-31T12:20:25.732+0000] {processor.py:186} INFO - Started process (PID=3237) to work on /opt/airflow/dags/health_check_kafka_server.py
[2026-05-31T12:20:25.736+0000] {processor.py:914} INFO - Processing file /opt/airflow/dags/health_check_kafka_server.py for tasks to queue
[2026-05-31T12:20:25.739+0000] {logging_mixin.py:190} INFO - [2026-05-31T12:20:25.738+0000] {dagbag.py:588} INFO - Filling up the DagBag from /opt/airflow/dags/health_check_kafka_server.py
[2026-05-31T12:20:25.748+0000] {processor.py:925} INFO - DAG(s) 'health_check_kafka_server' retrieved from /opt/airflow/dags/health_check_kafka_server.py
[2026-05-31T12:20:25.774+0000] {logging_mixin.py:190} INFO - [2026-05-31T12:20:25.774+0000] {dag.py:3239} INFO - Sync 1 DAGs
[2026-05-31T12:20:25.798+0000] {logging_mixin.py:190} INFO - [2026-05-31T12:20:25.798+0000] {dag.py:4180} INFO - Setting next_dagrun for health_check_kafka_server to 2026-05-31 12:18:00+00:00, run_after=2026-05-31 12:20:00+00:00
[2026-05-31T12:20:25.815+0000] {processor.py:208} INFO - Processing /opt/airflow/dags/health_check_kafka_server.py took 0.091 seconds
[2026-05-31T12:20:55.973+0000] {processor.py:186} INFO - Started process (PID=3261) to work on /opt/airflow/dags/health_check_kafka_server.py
[2026-05-31T12:20:55.974+0000] {processor.py:914} INFO - Processing file /opt/airflow/dags/health_check_kafka_server.py for tasks to queue
[2026-05-31T12:20:55.978+0000] {logging_mixin.py:190} INFO - [2026-05-31T12:20:55.977+0000] {dagbag.py:588} INFO - Filling up the DagBag from /opt/airflow/dags/health_check_kafka_server.py
[2026-05-31T12:20:55.991+0000] {processor.py:925} INFO - DAG(s) 'health_check_kafka_server' retrieved from /opt/airflow/dags/health_check_kafka_server.py
[2026-05-31T12:20:56.018+0000] {logging_mixin.py:190} INFO - [2026-05-31T12:20:56.018+0000] {dag.py:3239} INFO - Sync 1 DAGs
[2026-05-31T12:20:56.044+0000] {logging_mixin.py:190} INFO - [2026-05-31T12:20:56.044+0000] {dag.py:4180} INFO - Setting next_dagrun for health_check_kafka_server to 2026-05-31 12:18:00+00:00, run_after=2026-05-31 12:20:00+00:00
[2026-05-31T12:20:56.061+0000] {processor.py:208} INFO - Processing /opt/airflow/dags/health_check_kafka_server.py took 0.097 seconds
[2026-05-31T12:21:26.193+0000] {processor.py:186} INFO - Started process (PID=3285) to work on /opt/airflow/dags/health_check_kafka_server.py
[2026-05-31T12:21:26.194+0000] {processor.py:914} INFO - Processing file /opt/airflow/dags/health_check_kafka_server.py for tasks to queue
[2026-05-31T12:21:26.198+0000] {logging_mixin.py:190} INFO - [2026-05-31T12:21:26.197+0000] {dagbag.py:588} INFO - Filling up the DagBag from /opt/airflow/dags/health_check_kafka_server.py
[2026-05-31T12:21:26.211+0000] {processor.py:925} INFO - DAG(s) 'health_check_kafka_server' retrieved from /opt/airflow/dags/health_check_kafka_server.py
[2026-05-31T12:21:26.236+0000] {logging_mixin.py:190} INFO - [2026-05-31T12:21:26.236+0000] {dag.py:3239} INFO - Sync 1 DAGs
[2026-05-31T12:21:26.260+0000] {logging_mixin.py:190} INFO - [2026-05-31T12:21:26.260+0000] {dag.py:4180} INFO - Setting next_dagrun for health_check_kafka_server to 2026-05-31 12:18:00+00:00, run_after=2026-05-31 12:20:00+00:00
[2026-05-31T12:21:26.278+0000] {processor.py:208} INFO - Processing /opt/airflow/dags/health_check_kafka_server.py took 0.091 seconds
[2026-05-31T12:21:57.153+0000] {processor.py:186} INFO - Started process (PID=3304) to work on /opt/airflow/dags/health_check_kafka_server.py
[2026-05-31T12:21:57.154+0000] {processor.py:914} INFO - Processing file /opt/airflow/dags/health_check_kafka_server.py for tasks to queue
[2026-05-31T12:21:57.156+0000] {logging_mixin.py:190} INFO - [2026-05-31T12:21:57.156+0000] {dagbag.py:588} INFO - Filling up the DagBag from /opt/airflow/dags/health_check_kafka_server.py
[2026-05-31T12:21:57.165+0000] {processor.py:925} INFO - DAG(s) 'health_check_kafka_server' retrieved from /opt/airflow/dags/health_check_kafka_server.py
[2026-05-31T12:21:57.188+0000] {logging_mixin.py:190} INFO - [2026-05-31T12:21:57.188+0000] {dag.py:3239} INFO - Sync 1 DAGs
[2026-05-31T12:21:57.218+0000] {logging_mixin.py:190} INFO - [2026-05-31T12:21:57.218+0000] {dag.py:4180} INFO - Setting next_dagrun for health_check_kafka_server to 2026-05-31 12:18:00+00:00, run_after=2026-05-31 12:20:00+00:00
[2026-05-31T12:21:57.235+0000] {processor.py:208} INFO - Processing /opt/airflow/dags/health_check_kafka_server.py took 0.094 seconds
[2026-05-31T12:22:27.341+0000] {processor.py:186} INFO - Started process (PID=3327) to work on /opt/airflow/dags/health_check_kafka_server.py
[2026-05-31T12:22:27.342+0000] {processor.py:914} INFO - Processing file /opt/airflow/dags/health_check_kafka_server.py for tasks to queue
[2026-05-31T12:22:27.344+0000] {logging_mixin.py:190} INFO - [2026-05-31T12:22:27.344+0000] {dagbag.py:588} INFO - Filling up the DagBag from /opt/airflow/dags/health_check_kafka_server.py
[2026-05-31T12:22:27.354+0000] {processor.py:925} INFO - DAG(s) 'health_check_kafka_server' retrieved from /opt/airflow/dags/health_check_kafka_server.py
[2026-05-31T12:22:27.374+0000] {logging_mixin.py:190} INFO - [2026-05-31T12:22:27.374+0000] {dag.py:3239} INFO - Sync 1 DAGs
[2026-05-31T12:22:27.396+0000] {logging_mixin.py:190} INFO - [2026-05-31T12:22:27.396+0000] {dag.py:4180} INFO - Setting next_dagrun for health_check_kafka_server to 2026-05-31 12:20:00+00:00, run_after=2026-05-31 12:22:00+00:00
[2026-05-31T12:22:27.411+0000] {processor.py:208} INFO - Processing /opt/airflow/dags/health_check_kafka_server.py took 0.075 seconds
[2026-05-31T12:22:57.558+0000] {processor.py:186} INFO - Started process (PID=3351) to work on /opt/airflow/dags/health_check_kafka_server.py
[2026-05-31T12:22:57.560+0000] {processor.py:914} INFO - Processing file /opt/airflow/dags/health_check_kafka_server.py for tasks to queue
[2026-05-31T12:22:57.563+0000] {logging_mixin.py:190} INFO - [2026-05-31T12:22:57.563+0000] {dagbag.py:588} INFO - Filling up the DagBag from /opt/airflow/dags/health_check_kafka_server.py
[2026-05-31T12:22:57.574+0000] {processor.py:925} INFO - DAG(s) 'health_check_kafka_server' retrieved from /opt/airflow/dags/health_check_kafka_server.py
[2026-05-31T12:22:57.602+0000] {logging_mixin.py:190} INFO - [2026-05-31T12:22:57.602+0000] {dag.py:3239} INFO - Sync 1 DAGs
[2026-05-31T12:22:57.626+0000] {logging_mixin.py:190} INFO - [2026-05-31T12:22:57.626+0000] {dag.py:4180} INFO - Setting next_dagrun for health_check_kafka_server to 2026-05-31 12:20:00+00:00, run_after=2026-05-31 12:22:00+00:00
[2026-05-31T12:22:57.642+0000] {processor.py:208} INFO - Processing /opt/airflow/dags/health_check_kafka_server.py took 0.091 seconds
[2026-05-31T12:23:27.789+0000] {processor.py:186} INFO - Started process (PID=3375) to work on /opt/airflow/dags/health_check_kafka_server.py
[2026-05-31T12:23:27.790+0000] {processor.py:914} INFO - Processing file /opt/airflow/dags/health_check_kafka_server.py for tasks to queue
[2026-05-31T12:23:27.797+0000] {logging_mixin.py:190} INFO - [2026-05-31T12:23:27.796+0000] {dagbag.py:588} INFO - Filling up the DagBag from /opt/airflow/dags/health_check_kafka_server.py
[2026-05-31T12:23:27.851+0000] {processor.py:925} INFO - DAG(s) 'health_check_kafka_server' retrieved from /opt/airflow/dags/health_check_kafka_server.py
[2026-05-31T12:23:27.914+0000] {logging_mixin.py:190} INFO - [2026-05-31T12:23:27.914+0000] {dag.py:3239} INFO - Sync 1 DAGs
[2026-05-31T12:23:27.967+0000] {logging_mixin.py:190} INFO - [2026-05-31T12:23:27.967+0000] {dag.py:4180} INFO - Setting next_dagrun for health_check_kafka_server to 2026-05-31 12:20:00+00:00, run_after=2026-05-31 12:22:00+00:00
[2026-05-31T12:23:28.049+0000] {processor.py:208} INFO - Processing /opt/airflow/dags/health_check_kafka_server.py took 0.297 seconds
[2026-05-31T12:23:58.212+0000] {processor.py:186} INFO - Started process (PID=3399) to work on /opt/airflow/dags/health_check_kafka_server.py
[2026-05-31T12:23:58.214+0000] {processor.py:914} INFO - Processing file /opt/airflow/dags/health_check_kafka_server.py for tasks to queue
[2026-05-31T12:23:58.217+0000] {logging_mixin.py:190} INFO - [2026-05-31T12:23:58.217+0000] {dagbag.py:588} INFO - Filling up the DagBag from /opt/airflow/dags/health_check_kafka_server.py
[2026-05-31T12:23:58.230+0000] {processor.py:925} INFO - DAG(s) 'health_check_kafka_server' retrieved from /opt/airflow/dags/health_check_kafka_server.py
[2026-05-31T12:23:58.254+0000] {logging_mixin.py:190} INFO - [2026-05-31T12:23:58.254+0000] {dag.py:3239} INFO - Sync 1 DAGs
[2026-05-31T12:23:58.281+0000] {logging_mixin.py:190} INFO - [2026-05-31T12:23:58.281+0000] {dag.py:4180} INFO - Setting next_dagrun for health_check_kafka_server to 2026-05-31 12:20:00+00:00, run_after=2026-05-31 12:22:00+00:00
[2026-05-31T12:23:58.298+0000] {processor.py:208} INFO - Processing /opt/airflow/dags/health_check_kafka_server.py took 0.092 seconds
[2026-05-31T12:24:28.968+0000] {processor.py:186} INFO - Started process (PID=3424) to work on /opt/airflow/dags/health_check_kafka_server.py
[2026-05-31T12:24:28.970+0000] {processor.py:914} INFO - Processing file /opt/airflow/dags/health_check_kafka_server.py for tasks to queue
[2026-05-31T12:24:28.972+0000] {logging_mixin.py:190} INFO - [2026-05-31T12:24:28.972+0000] {dagbag.py:588} INFO - Filling up the DagBag from /opt/airflow/dags/health_check_kafka_server.py
[2026-05-31T12:24:28.982+0000] {processor.py:925} INFO - DAG(s) 'health_check_kafka_server' retrieved from /opt/airflow/dags/health_check_kafka_server.py
[2026-05-31T12:24:29.000+0000] {logging_mixin.py:190} INFO - [2026-05-31T12:24:29.000+0000] {dag.py:3239} INFO - Sync 1 DAGs
[2026-05-31T12:24:29.032+0000] {logging_mixin.py:190} INFO - [2026-05-31T12:24:29.032+0000] {dag.py:4180} INFO - Setting next_dagrun for health_check_kafka_server to 2026-05-31 12:22:00+00:00, run_after=2026-05-31 12:24:00+00:00
[2026-05-31T12:24:29.048+0000] {processor.py:208} INFO - Processing /opt/airflow/dags/health_check_kafka_server.py took 0.086 seconds
[2026-05-31T12:24:59.704+0000] {processor.py:186} INFO - Started process (PID=3448) to work on /opt/airflow/dags/health_check_kafka_server.py
[2026-05-31T12:24:59.705+0000] {processor.py:914} INFO - Processing file /opt/airflow/dags/health_check_kafka_server.py for tasks to queue
[2026-05-31T12:24:59.710+0000] {logging_mixin.py:190} INFO - [2026-05-31T12:24:59.710+0000] {dagbag.py:588} INFO - Filling up the DagBag from /opt/airflow/dags/health_check_kafka_server.py
[2026-05-31T12:24:59.718+0000] {processor.py:925} INFO - DAG(s) 'health_check_kafka_server' retrieved from /opt/airflow/dags/health_check_kafka_server.py
[2026-05-31T12:24:59.738+0000] {logging_mixin.py:190} INFO - [2026-05-31T12:24:59.738+0000] {dag.py:3239} INFO - Sync 1 DAGs
[2026-05-31T12:24:59.761+0000] {logging_mixin.py:190} INFO - [2026-05-31T12:24:59.761+0000] {dag.py:4180} INFO - Setting next_dagrun for health_check_kafka_server to 2026-05-31 12:22:00+00:00, run_after=2026-05-31 12:24:00+00:00
[2026-05-31T12:24:59.776+0000] {processor.py:208} INFO - Processing /opt/airflow/dags/health_check_kafka_server.py took 0.077 seconds
[2026-05-31T12:25:29.872+0000] {processor.py:186} INFO - Started process (PID=3472) to work on /opt/airflow/dags/health_check_kafka_server.py
[2026-05-31T12:25:29.873+0000] {processor.py:914} INFO - Processing file /opt/airflow/dags/health_check_kafka_server.py for tasks to queue
[2026-05-31T12:25:29.877+0000] {logging_mixin.py:190} INFO - [2026-05-31T12:25:29.876+0000] {dagbag.py:588} INFO - Filling up the DagBag from /opt/airflow/dags/health_check_kafka_server.py
[2026-05-31T12:25:29.887+0000] {processor.py:925} INFO - DAG(s) 'health_check_kafka_server' retrieved from /opt/airflow/dags/health_check_kafka_server.py
[2026-05-31T12:25:29.906+0000] {logging_mixin.py:190} INFO - [2026-05-31T12:25:29.906+0000] {dag.py:3239} INFO - Sync 1 DAGs
[2026-05-31T12:25:29.927+0000] {logging_mixin.py:190} INFO - [2026-05-31T12:25:29.927+0000] {dag.py:4180} INFO - Setting next_dagrun for health_check_kafka_server to 2026-05-31 12:22:00+00:00, run_after=2026-05-31 12:24:00+00:00
[2026-05-31T12:25:29.941+0000] {processor.py:208} INFO - Processing /opt/airflow/dags/health_check_kafka_server.py took 0.076 seconds
[2026-05-31T12:26:00.245+0000] {processor.py:186} INFO - Started process (PID=3495) to work on /opt/airflow/dags/health_check_kafka_server.py
[2026-05-31T12:26:00.246+0000] {processor.py:914} INFO - Processing file /opt/airflow/dags/health_check_kafka_server.py for tasks to queue
[2026-05-31T12:26:00.248+0000] {logging_mixin.py:190} INFO - [2026-05-31T12:26:00.248+0000] {dagbag.py:588} INFO - Filling up the DagBag from /opt/airflow/dags/health_check_kafka_server.py
[2026-05-31T12:26:00.259+0000] {processor.py:925} INFO - DAG(s) 'health_check_kafka_server' retrieved from /opt/airflow/dags/health_check_kafka_server.py
[2026-05-31T12:26:00.279+0000] {logging_mixin.py:190} INFO - [2026-05-31T12:26:00.279+0000] {dag.py:3239} INFO - Sync 1 DAGs
[2026-05-31T12:26:00.301+0000] {logging_mixin.py:190} INFO - [2026-05-31T12:26:00.301+0000] {dag.py:4180} INFO - Setting next_dagrun for health_check_kafka_server to 2026-05-31 12:24:00+00:00, run_after=2026-05-31 12:26:00+00:00
[2026-05-31T12:26:00.315+0000] {processor.py:208} INFO - Processing /opt/airflow/dags/health_check_kafka_server.py took 0.078 seconds
[2026-05-31T12:26:31.193+0000] {processor.py:186} INFO - Started process (PID=3519) to work on /opt/airflow/dags/health_check_kafka_server.py
[2026-05-31T12:26:31.195+0000] {processor.py:914} INFO - Processing file /opt/airflow/dags/health_check_kafka_server.py for tasks to queue
[2026-05-31T12:26:31.199+0000] {logging_mixin.py:190} INFO - [2026-05-31T12:26:31.198+0000] {dagbag.py:588} INFO - Filling up the DagBag from /opt/airflow/dags/health_check_kafka_server.py
[2026-05-31T12:26:31.215+0000] {processor.py:925} INFO - DAG(s) 'health_check_kafka_server' retrieved from /opt/airflow/dags/health_check_kafka_server.py
[2026-05-31T12:26:31.254+0000] {logging_mixin.py:190} INFO - [2026-05-31T12:26:31.254+0000] {dag.py:3239} INFO - Sync 1 DAGs
[2026-05-31T12:26:31.308+0000] {logging_mixin.py:190} INFO - [2026-05-31T12:26:31.308+0000] {dag.py:4180} INFO - Setting next_dagrun for health_check_kafka_server to 2026-05-31 12:24:00+00:00, run_after=2026-05-31 12:26:00+00:00
[2026-05-31T12:26:31.345+0000] {processor.py:208} INFO - Processing /opt/airflow/dags/health_check_kafka_server.py took 0.165 seconds
[2026-05-31T12:27:02.090+0000] {processor.py:186} INFO - Started process (PID=3543) to work on /opt/airflow/dags/health_check_kafka_server.py
[2026-05-31T12:27:02.092+0000] {processor.py:914} INFO - Processing file /opt/airflow/dags/health_check_kafka_server.py for tasks to queue
[2026-05-31T12:27:02.096+0000] {logging_mixin.py:190} INFO - [2026-05-31T12:27:02.095+0000] {dagbag.py:588} INFO - Filling up the DagBag from /opt/airflow/dags/health_check_kafka_server.py
[2026-05-31T12:27:02.107+0000] {processor.py:925} INFO - DAG(s) 'health_check_kafka_server' retrieved from /opt/airflow/dags/health_check_kafka_server.py
[2026-05-31T12:27:02.128+0000] {logging_mixin.py:190} INFO - [2026-05-31T12:27:02.128+0000] {dag.py:3239} INFO - Sync 1 DAGs
[2026-05-31T12:27:02.153+0000] {logging_mixin.py:190} INFO - [2026-05-31T12:27:02.153+0000] {dag.py:4180} INFO - Setting next_dagrun for health_check_kafka_server to 2026-05-31 12:24:00+00:00, run_after=2026-05-31 12:26:00+00:00
[2026-05-31T12:27:02.172+0000] {processor.py:208} INFO - Processing /opt/airflow/dags/health_check_kafka_server.py took 0.098 seconds
[2026-05-31T12:27:33.073+0000] {processor.py:186} INFO - Started process (PID=3567) to work on /opt/airflow/dags/health_check_kafka_server.py
[2026-05-31T12:27:33.074+0000] {processor.py:914} INFO - Processing file /opt/airflow/dags/health_check_kafka_server.py for tasks to queue
[2026-05-31T12:27:33.076+0000] {logging_mixin.py:190} INFO - [2026-05-31T12:27:33.076+0000] {dagbag.py:588} INFO - Filling up the DagBag from /opt/airflow/dags/health_check_kafka_server.py
[2026-05-31T12:27:33.090+0000] {processor.py:925} INFO - DAG(s) 'health_check_kafka_server' retrieved from /opt/airflow/dags/health_check_kafka_server.py
[2026-05-31T12:27:33.116+0000] {logging_mixin.py:190} INFO - [2026-05-31T12:27:33.115+0000] {dag.py:3239} INFO - Sync 1 DAGs
[2026-05-31T12:27:33.143+0000] {logging_mixin.py:190} INFO - [2026-05-31T12:27:33.143+0000] {dag.py:4180} INFO - Setting next_dagrun for health_check_kafka_server to 2026-05-31 12:24:00+00:00, run_after=2026-05-31 12:26:00+00:00
[2026-05-31T12:27:33.159+0000] {processor.py:208} INFO - Processing /opt/airflow/dags/health_check_kafka_server.py took 0.098 seconds
[2026-05-31T12:28:03.392+0000] {processor.py:186} INFO - Started process (PID=3590) to work on /opt/airflow/dags/health_check_kafka_server.py
[2026-05-31T12:28:03.393+0000] {processor.py:914} INFO - Processing file /opt/airflow/dags/health_check_kafka_server.py for tasks to queue
[2026-05-31T12:28:03.395+0000] {logging_mixin.py:190} INFO - [2026-05-31T12:28:03.395+0000] {dagbag.py:588} INFO - Filling up the DagBag from /opt/airflow/dags/health_check_kafka_server.py
[2026-05-31T12:28:03.407+0000] {processor.py:925} INFO - DAG(s) 'health_check_kafka_server' retrieved from /opt/airflow/dags/health_check_kafka_server.py
[2026-05-31T12:28:03.430+0000] {logging_mixin.py:190} INFO - [2026-05-31T12:28:03.430+0000] {dag.py:3239} INFO - Sync 1 DAGs
[2026-05-31T12:28:03.455+0000] {logging_mixin.py:190} INFO - [2026-05-31T12:28:03.455+0000] {dag.py:4180} INFO - Setting next_dagrun for health_check_kafka_server to 2026-05-31 12:26:00+00:00, run_after=2026-05-31 12:28:00+00:00
[2026-05-31T12:28:03.470+0000] {processor.py:208} INFO - Processing /opt/airflow/dags/health_check_kafka_server.py took 0.090 seconds
[2026-05-31T12:28:33.660+0000] {processor.py:186} INFO - Started process (PID=3613) to work on /opt/airflow/dags/health_check_kafka_server.py
[2026-05-31T12:28:33.661+0000] {processor.py:914} INFO - Processing file /opt/airflow/dags/health_check_kafka_server.py for tasks to queue
[2026-05-31T12:28:33.663+0000] {logging_mixin.py:190} INFO - [2026-05-31T12:28:33.662+0000] {dagbag.py:588} INFO - Filling up the DagBag from /opt/airflow/dags/health_check_kafka_server.py
[2026-05-31T12:28:33.672+0000] {processor.py:925} INFO - DAG(s) 'health_check_kafka_server' retrieved from /opt/airflow/dags/health_check_kafka_server.py
[2026-05-31T12:28:33.690+0000] {logging_mixin.py:190} INFO - [2026-05-31T12:28:33.690+0000] {dag.py:3239} INFO - Sync 1 DAGs
[2026-05-31T12:28:33.712+0000] {logging_mixin.py:190} INFO - [2026-05-31T12:28:33.712+0000] {dag.py:4180} INFO - Setting next_dagrun for health_check_kafka_server to 2026-05-31 12:26:00+00:00, run_after=2026-05-31 12:28:00+00:00
[2026-05-31T12:28:33.730+0000] {processor.py:208} INFO - Processing /opt/airflow/dags/health_check_kafka_server.py took 0.076 seconds
[2026-05-31T12:29:04.459+0000] {processor.py:186} INFO - Started process (PID=3632) to work on /opt/airflow/dags/health_check_kafka_server.py
[2026-05-31T12:29:04.463+0000] {processor.py:914} INFO - Processing file /opt/airflow/dags/health_check_kafka_server.py for tasks to queue
[2026-05-31T12:29:04.467+0000] {logging_mixin.py:190} INFO - [2026-05-31T12:29:04.467+0000] {dagbag.py:588} INFO - Filling up the DagBag from /opt/airflow/dags/health_check_kafka_server.py
[2026-05-31T12:29:04.477+0000] {processor.py:925} INFO - DAG(s) 'health_check_kafka_server' retrieved from /opt/airflow/dags/health_check_kafka_server.py
[2026-05-31T12:29:04.503+0000] {logging_mixin.py:190} INFO - [2026-05-31T12:29:04.503+0000] {dag.py:3239} INFO - Sync 1 DAGs
[2026-05-31T12:29:04.535+0000] {logging_mixin.py:190} INFO - [2026-05-31T12:29:04.535+0000] {dag.py:4180} INFO - Setting next_dagrun for health_check_kafka_server to 2026-05-31 12:26:00+00:00, run_after=2026-05-31 12:28:00+00:00
[2026-05-31T12:29:04.551+0000] {processor.py:208} INFO - Processing /opt/airflow/dags/health_check_kafka_server.py took 0.101 seconds
[2026-05-31T12:29:35.239+0000] {processor.py:186} INFO - Started process (PID=3656) to work on /opt/airflow/dags/health_check_kafka_server.py
[2026-05-31T12:29:35.240+0000] {processor.py:914} INFO - Processing file /opt/airflow/dags/health_check_kafka_server.py for tasks to queue
[2026-05-31T12:29:35.243+0000] {logging_mixin.py:190} INFO - [2026-05-31T12:29:35.242+0000] {dagbag.py:588} INFO - Filling up the DagBag from /opt/airflow/dags/health_check_kafka_server.py
[2026-05-31T12:29:35.252+0000] {processor.py:925} INFO - DAG(s) 'health_check_kafka_server' retrieved from /opt/airflow/dags/health_check_kafka_server.py
[2026-05-31T12:29:35.273+0000] {logging_mixin.py:190} INFO - [2026-05-31T12:29:35.273+0000] {dag.py:3239} INFO - Sync 1 DAGs
[2026-05-31T12:29:35.296+0000] {logging_mixin.py:190} INFO - [2026-05-31T12:29:35.296+0000] {dag.py:4180} INFO - Setting next_dagrun for health_check_kafka_server to 2026-05-31 12:26:00+00:00, run_after=2026-05-31 12:28:00+00:00
[2026-05-31T12:29:35.310+0000] {processor.py:208} INFO - Processing /opt/airflow/dags/health_check_kafka_server.py took 0.077 seconds
[2026-05-31T12:30:05.345+0000] {processor.py:186} INFO - Started process (PID=3680) to work on /opt/airflow/dags/health_check_kafka_server.py
[2026-05-31T12:30:05.346+0000] {processor.py:914} INFO - Processing file /opt/airflow/dags/health_check_kafka_server.py for tasks to queue
[2026-05-31T12:30:05.347+0000] {logging_mixin.py:190} INFO - [2026-05-31T12:30:05.347+0000] {dagbag.py:588} INFO - Filling up the DagBag from /opt/airflow/dags/health_check_kafka_server.py
[2026-05-31T12:30:05.356+0000] {processor.py:925} INFO - DAG(s) 'health_check_kafka_server' retrieved from /opt/airflow/dags/health_check_kafka_server.py
[2026-05-31T12:30:05.376+0000] {logging_mixin.py:190} INFO - [2026-05-31T12:30:05.376+0000] {dag.py:3239} INFO - Sync 1 DAGs
[2026-05-31T12:30:05.398+0000] {logging_mixin.py:190} INFO - [2026-05-31T12:30:05.398+0000] {dag.py:4180} INFO - Setting next_dagrun for health_check_kafka_server to 2026-05-31 12:28:00+00:00, run_after=2026-05-31 12:30:00+00:00
[2026-05-31T12:30:05.411+0000] {processor.py:208} INFO - Processing /opt/airflow/dags/health_check_kafka_server.py took 0.071 seconds
[2026-05-31T12:30:35.636+0000] {processor.py:186} INFO - Started process (PID=3704) to work on /opt/airflow/dags/health_check_kafka_server.py
[2026-05-31T12:30:35.637+0000] {processor.py:914} INFO - Processing file /opt/airflow/dags/health_check_kafka_server.py for tasks to queue
[2026-05-31T12:30:35.639+0000] {logging_mixin.py:190} INFO - [2026-05-31T12:30:35.639+0000] {dagbag.py:588} INFO - Filling up the DagBag from /opt/airflow/dags/health_check_kafka_server.py
[2026-05-31T12:30:35.653+0000] {processor.py:925} INFO - DAG(s) 'health_check_kafka_server' retrieved from /opt/airflow/dags/health_check_kafka_server.py
[2026-05-31T12:30:35.677+0000] {logging_mixin.py:190} INFO - [2026-05-31T12:30:35.676+0000] {dag.py:3239} INFO - Sync 1 DAGs
[2026-05-31T12:30:35.704+0000] {logging_mixin.py:190} INFO - [2026-05-31T12:30:35.704+0000] {dag.py:4180} INFO - Setting next_dagrun for health_check_kafka_server to 2026-05-31 12:28:00+00:00, run_after=2026-05-31 12:30:00+00:00
[2026-05-31T12:30:35.722+0000] {processor.py:208} INFO - Processing /opt/airflow/dags/health_check_kafka_server.py took 0.091 seconds
[2026-05-31T12:31:06.492+0000] {processor.py:186} INFO - Started process (PID=3727) to work on /opt/airflow/dags/health_check_kafka_server.py
[2026-05-31T12:31:06.494+0000] {processor.py:914} INFO - Processing file /opt/airflow/dags/health_check_kafka_server.py for tasks to queue
[2026-05-31T12:31:06.497+0000] {logging_mixin.py:190} INFO - [2026-05-31T12:31:06.497+0000] {dagbag.py:588} INFO - Filling up the DagBag from /opt/airflow/dags/health_check_kafka_server.py
[2026-05-31T12:31:06.509+0000] {processor.py:925} INFO - DAG(s) 'health_check_kafka_server' retrieved from /opt/airflow/dags/health_check_kafka_server.py
[2026-05-31T12:31:06.528+0000] {logging_mixin.py:190} INFO - [2026-05-31T12:31:06.528+0000] {dag.py:3239} INFO - Sync 1 DAGs
[2026-05-31T12:31:06.548+0000] {logging_mixin.py:190} INFO - [2026-05-31T12:31:06.548+0000] {dag.py:4180} INFO - Setting next_dagrun for health_check_kafka_server to 2026-05-31 12:28:00+00:00, run_after=2026-05-31 12:30:00+00:00
[2026-05-31T12:31:06.563+0000] {processor.py:208} INFO - Processing /opt/airflow/dags/health_check_kafka_server.py took 0.079 seconds
[2026-05-31T12:31:36.598+0000] {processor.py:186} INFO - Started process (PID=3750) to work on /opt/airflow/dags/health_check_kafka_server.py
[2026-05-31T12:31:36.600+0000] {processor.py:914} INFO - Processing file /opt/airflow/dags/health_check_kafka_server.py for tasks to queue
[2026-05-31T12:31:36.602+0000] {logging_mixin.py:190} INFO - [2026-05-31T12:31:36.602+0000] {dagbag.py:588} INFO - Filling up the DagBag from /opt/airflow/dags/health_check_kafka_server.py
[2026-05-31T12:31:36.610+0000] {processor.py:925} INFO - DAG(s) 'health_check_kafka_server' retrieved from /opt/airflow/dags/health_check_kafka_server.py
[2026-05-31T12:31:36.631+0000] {logging_mixin.py:190} INFO - [2026-05-31T12:31:36.630+0000] {dag.py:3239} INFO - Sync 1 DAGs
[2026-05-31T12:31:36.652+0000] {logging_mixin.py:190} INFO - [2026-05-31T12:31:36.652+0000] {dag.py:4180} INFO - Setting next_dagrun for health_check_kafka_server to 2026-05-31 12:28:00+00:00, run_after=2026-05-31 12:30:00+00:00
[2026-05-31T12:31:36.668+0000] {processor.py:208} INFO - Processing /opt/airflow/dags/health_check_kafka_server.py took 0.077 seconds
[2026-05-31T12:32:07.185+0000] {processor.py:186} INFO - Started process (PID=3774) to work on /opt/airflow/dags/health_check_kafka_server.py
[2026-05-31T12:32:07.186+0000] {processor.py:914} INFO - Processing file /opt/airflow/dags/health_check_kafka_server.py for tasks to queue
[2026-05-31T12:32:07.191+0000] {logging_mixin.py:190} INFO - [2026-05-31T12:32:07.188+0000] {dagbag.py:588} INFO - Filling up the DagBag from /opt/airflow/dags/health_check_kafka_server.py
[2026-05-31T12:32:07.200+0000] {processor.py:925} INFO - DAG(s) 'health_check_kafka_server' retrieved from /opt/airflow/dags/health_check_kafka_server.py
[2026-05-31T12:32:07.221+0000] {logging_mixin.py:190} INFO - [2026-05-31T12:32:07.221+0000] {dag.py:3239} INFO - Sync 1 DAGs
[2026-05-31T12:32:07.247+0000] {logging_mixin.py:190} INFO - [2026-05-31T12:32:07.247+0000] {dag.py:4180} INFO - Setting next_dagrun for health_check_kafka_server to 2026-05-31 12:30:00+00:00, run_after=2026-05-31 12:32:00+00:00
[2026-05-31T12:32:07.262+0000] {processor.py:208} INFO - Processing /opt/airflow/dags/health_check_kafka_server.py took 0.082 seconds
[2026-05-31T12:32:37.725+0000] {processor.py:186} INFO - Started process (PID=3798) to work on /opt/airflow/dags/health_check_kafka_server.py
[2026-05-31T12:32:37.728+0000] {processor.py:914} INFO - Processing file /opt/airflow/dags/health_check_kafka_server.py for tasks to queue
[2026-05-31T12:32:37.732+0000] {logging_mixin.py:190} INFO - [2026-05-31T12:32:37.732+0000] {dagbag.py:588} INFO - Filling up the DagBag from /opt/airflow/dags/health_check_kafka_server.py
[2026-05-31T12:32:37.744+0000] {processor.py:925} INFO - DAG(s) 'health_check_kafka_server' retrieved from /opt/airflow/dags/health_check_kafka_server.py
[2026-05-31T12:32:37.763+0000] {logging_mixin.py:190} INFO - [2026-05-31T12:32:37.763+0000] {dag.py:3239} INFO - Sync 1 DAGs
[2026-05-31T12:32:37.787+0000] {logging_mixin.py:190} INFO - [2026-05-31T12:32:37.787+0000] {dag.py:4180} INFO - Setting next_dagrun for health_check_kafka_server to 2026-05-31 12:30:00+00:00, run_after=2026-05-31 12:32:00+00:00
[2026-05-31T12:32:37.805+0000] {processor.py:208} INFO - Processing /opt/airflow/dags/health_check_kafka_server.py took 0.088 seconds
[2026-05-31T12:33:08.512+0000] {processor.py:186} INFO - Started process (PID=3828) to work on /opt/airflow/dags/health_check_kafka_server.py
[2026-05-31T12:33:08.513+0000] {processor.py:914} INFO - Processing file /opt/airflow/dags/health_check_kafka_server.py for tasks to queue
[2026-05-31T12:33:08.515+0000] {logging_mixin.py:190} INFO - [2026-05-31T12:33:08.515+0000] {dagbag.py:588} INFO - Filling up the DagBag from /opt/airflow/dags/health_check_kafka_server.py
[2026-05-31T12:33:08.528+0000] {processor.py:925} INFO - DAG(s) 'health_check_kafka_server' retrieved from /opt/airflow/dags/health_check_kafka_server.py
[2026-05-31T12:33:08.556+0000] {logging_mixin.py:190} INFO - [2026-05-31T12:33:08.556+0000] {dag.py:3239} INFO - Sync 1 DAGs
[2026-05-31T12:33:08.581+0000] {logging_mixin.py:190} INFO - [2026-05-31T12:33:08.581+0000] {dag.py:4180} INFO - Setting next_dagrun for health_check_kafka_server to 2026-05-31 12:30:00+00:00, run_after=2026-05-31 12:32:00+00:00
[2026-05-31T12:33:08.600+0000] {processor.py:208} INFO - Processing /opt/airflow/dags/health_check_kafka_server.py took 0.100 seconds
[2026-05-31T12:33:39.463+0000] {processor.py:186} INFO - Started process (PID=3852) to work on /opt/airflow/dags/health_check_kafka_server.py
[2026-05-31T12:33:39.465+0000] {processor.py:914} INFO - Processing file /opt/airflow/dags/health_check_kafka_server.py for tasks to queue
[2026-05-31T12:33:39.467+0000] {logging_mixin.py:190} INFO - [2026-05-31T12:33:39.467+0000] {dagbag.py:588} INFO - Filling up the DagBag from /opt/airflow/dags/health_check_kafka_server.py
[2026-05-31T12:33:39.478+0000] {processor.py:925} INFO - DAG(s) 'health_check_kafka_server' retrieved from /opt/airflow/dags/health_check_kafka_server.py
[2026-05-31T12:33:39.500+0000] {logging_mixin.py:190} INFO - [2026-05-31T12:33:39.500+0000] {dag.py:3239} INFO - Sync 1 DAGs
[2026-05-31T12:33:39.526+0000] {logging_mixin.py:190} INFO - [2026-05-31T12:33:39.526+0000] {dag.py:4180} INFO - Setting next_dagrun for health_check_kafka_server to 2026-05-31 12:30:00+00:00, run_after=2026-05-31 12:32:00+00:00
[2026-05-31T12:33:39.540+0000] {processor.py:208} INFO - Processing /opt/airflow/dags/health_check_kafka_server.py took 0.082 seconds
[2026-05-31T12:34:09.854+0000] {processor.py:186} INFO - Started process (PID=3876) to work on /opt/airflow/dags/health_check_kafka_server.py
[2026-05-31T12:34:09.856+0000] {processor.py:914} INFO - Processing file /opt/airflow/dags/health_check_kafka_server.py for tasks to queue
[2026-05-31T12:34:09.859+0000] {logging_mixin.py:190} INFO - [2026-05-31T12:34:09.858+0000] {dagbag.py:588} INFO - Filling up the DagBag from /opt/airflow/dags/health_check_kafka_server.py
[2026-05-31T12:34:09.870+0000] {processor.py:925} INFO - DAG(s) 'health_check_kafka_server' retrieved from /opt/airflow/dags/health_check_kafka_server.py
[2026-05-31T12:34:09.891+0000] {logging_mixin.py:190} INFO - [2026-05-31T12:34:09.891+0000] {dag.py:3239} INFO - Sync 1 DAGs
[2026-05-31T12:34:09.923+0000] {logging_mixin.py:190} INFO - [2026-05-31T12:34:09.923+0000] {dag.py:4180} INFO - Setting next_dagrun for health_check_kafka_server to 2026-05-31 12:32:00+00:00, run_after=2026-05-31 12:34:00+00:00
[2026-05-31T12:34:09.941+0000] {processor.py:208} INFO - Processing /opt/airflow/dags/health_check_kafka_server.py took 0.093 seconds
[2026-05-31T12:34:40.173+0000] {processor.py:186} INFO - Started process (PID=3900) to work on /opt/airflow/dags/health_check_kafka_server.py
[2026-05-31T12:34:40.174+0000] {processor.py:914} INFO - Processing file /opt/airflow/dags/health_check_kafka_server.py for tasks to queue
[2026-05-31T12:34:40.177+0000] {logging_mixin.py:190} INFO - [2026-05-31T12:34:40.176+0000] {dagbag.py:588} INFO - Filling up the DagBag from /opt/airflow/dags/health_check_kafka_server.py
[2026-05-31T12:34:40.187+0000] {processor.py:925} INFO - DAG(s) 'health_check_kafka_server' retrieved from /opt/airflow/dags/health_check_kafka_server.py
[2026-05-31T12:34:40.207+0000] {logging_mixin.py:190} INFO - [2026-05-31T12:34:40.207+0000] {dag.py:3239} INFO - Sync 1 DAGs
[2026-05-31T12:34:40.229+0000] {logging_mixin.py:190} INFO - [2026-05-31T12:34:40.228+0000] {dag.py:4180} INFO - Setting next_dagrun for health_check_kafka_server to 2026-05-31 12:32:00+00:00, run_after=2026-05-31 12:34:00+00:00
[2026-05-31T12:34:40.246+0000] {processor.py:208} INFO - Processing /opt/airflow/dags/health_check_kafka_server.py took 0.081 seconds
[2026-05-31T12:35:10.319+0000] {processor.py:186} INFO - Started process (PID=3923) to work on /opt/airflow/dags/health_check_kafka_server.py
[2026-05-31T12:35:10.322+0000] {processor.py:914} INFO - Processing file /opt/airflow/dags/health_check_kafka_server.py for tasks to queue
[2026-05-31T12:35:10.327+0000] {logging_mixin.py:190} INFO - [2026-05-31T12:35:10.326+0000] {dagbag.py:588} INFO - Filling up the DagBag from /opt/airflow/dags/health_check_kafka_server.py
[2026-05-31T12:35:10.347+0000] {processor.py:925} INFO - DAG(s) 'health_check_kafka_server' retrieved from /opt/airflow/dags/health_check_kafka_server.py
[2026-05-31T12:35:10.389+0000] {logging_mixin.py:190} INFO - [2026-05-31T12:35:10.389+0000] {dag.py:3239} INFO - Sync 1 DAGs
[2026-05-31T12:35:10.435+0000] {logging_mixin.py:190} INFO - [2026-05-31T12:35:10.435+0000] {dag.py:4180} INFO - Setting next_dagrun for health_check_kafka_server to 2026-05-31 12:32:00+00:00, run_after=2026-05-31 12:34:00+00:00
[2026-05-31T12:35:10.463+0000] {processor.py:208} INFO - Processing /opt/airflow/dags/health_check_kafka_server.py took 0.161 seconds
[2026-05-31T12:35:40.588+0000] {processor.py:186} INFO - Started process (PID=3941) to work on /opt/airflow/dags/health_check_kafka_server.py
[2026-05-31T12:35:40.589+0000] {processor.py:914} INFO - Processing file /opt/airflow/dags/health_check_kafka_server.py for tasks to queue
[2026-05-31T12:35:40.592+0000] {logging_mixin.py:190} INFO - [2026-05-31T12:35:40.592+0000] {dagbag.py:588} INFO - Filling up the DagBag from /opt/airflow/dags/health_check_kafka_server.py
[2026-05-31T12:35:40.601+0000] {processor.py:925} INFO - DAG(s) 'health_check_kafka_server' retrieved from /opt/airflow/dags/health_check_kafka_server.py
[2026-05-31T12:35:40.626+0000] {logging_mixin.py:190} INFO - [2026-05-31T12:35:40.625+0000] {dag.py:3239} INFO - Sync 1 DAGs
[2026-05-31T12:35:40.647+0000] {logging_mixin.py:190} INFO - [2026-05-31T12:35:40.647+0000] {dag.py:4180} INFO - Setting next_dagrun for health_check_kafka_server to 2026-05-31 12:32:00+00:00, run_after=2026-05-31 12:34:00+00:00
[2026-05-31T12:35:40.662+0000] {processor.py:208} INFO - Processing /opt/airflow/dags/health_check_kafka_server.py took 0.080 seconds
[2026-05-31T12:36:11.632+0000] {processor.py:186} INFO - Started process (PID=3965) to work on /opt/airflow/dags/health_check_kafka_server.py
[2026-05-31T12:36:11.636+0000] {processor.py:914} INFO - Processing file /opt/airflow/dags/health_check_kafka_server.py for tasks to queue
[2026-05-31T12:36:11.641+0000] {logging_mixin.py:190} INFO - [2026-05-31T12:36:11.640+0000] {dagbag.py:588} INFO - Filling up the DagBag from /opt/airflow/dags/health_check_kafka_server.py
[2026-05-31T12:36:11.658+0000] {processor.py:925} INFO - DAG(s) 'health_check_kafka_server' retrieved from /opt/airflow/dags/health_check_kafka_server.py
[2026-05-31T12:36:11.686+0000] {logging_mixin.py:190} INFO - [2026-05-31T12:36:11.686+0000] {dag.py:3239} INFO - Sync 1 DAGs
[2026-05-31T12:36:11.713+0000] {logging_mixin.py:190} INFO - [2026-05-31T12:36:11.713+0000] {dag.py:4180} INFO - Setting next_dagrun for health_check_kafka_server to 2026-05-31 12:34:00+00:00, run_after=2026-05-31 12:36:00+00:00
[2026-05-31T12:36:11.765+0000] {processor.py:208} INFO - Processing /opt/airflow/dags/health_check_kafka_server.py took 0.147 seconds
[2026-05-31T12:36:41.848+0000] {processor.py:186} INFO - Started process (PID=3989) to work on /opt/airflow/dags/health_check_kafka_server.py
[2026-05-31T12:36:41.849+0000] {processor.py:914} INFO - Processing file /opt/airflow/dags/health_check_kafka_server.py for tasks to queue
[2026-05-31T12:36:41.851+0000] {logging_mixin.py:190} INFO - [2026-05-31T12:36:41.850+0000] {dagbag.py:588} INFO - Filling up the DagBag from /opt/airflow/dags/health_check_kafka_server.py
[2026-05-31T12:36:41.858+0000] {processor.py:925} INFO - DAG(s) 'health_check_kafka_server' retrieved from /opt/airflow/dags/health_check_kafka_server.py
[2026-05-31T12:36:41.879+0000] {logging_mixin.py:190} INFO - [2026-05-31T12:36:41.879+0000] {dag.py:3239} INFO - Sync 1 DAGs
[2026-05-31T12:36:41.900+0000] {logging_mixin.py:190} INFO - [2026-05-31T12:36:41.900+0000] {dag.py:4180} INFO - Setting next_dagrun for health_check_kafka_server to 2026-05-31 12:34:00+00:00, run_after=2026-05-31 12:36:00+00:00
[2026-05-31T12:36:41.914+0000] {processor.py:208} INFO - Processing /opt/airflow/dags/health_check_kafka_server.py took 0.073 seconds
[2026-05-31T12:37:12.146+0000] {processor.py:186} INFO - Started process (PID=4013) to work on /opt/airflow/dags/health_check_kafka_server.py
[2026-05-31T12:37:12.147+0000] {processor.py:914} INFO - Processing file /opt/airflow/dags/health_check_kafka_server.py for tasks to queue
[2026-05-31T12:37:12.150+0000] {logging_mixin.py:190} INFO - [2026-05-31T12:37:12.149+0000] {dagbag.py:588} INFO - Filling up the DagBag from /opt/airflow/dags/health_check_kafka_server.py
[2026-05-31T12:37:12.159+0000] {processor.py:925} INFO - DAG(s) 'health_check_kafka_server' retrieved from /opt/airflow/dags/health_check_kafka_server.py
[2026-05-31T12:37:12.180+0000] {logging_mixin.py:190} INFO - [2026-05-31T12:37:12.180+0000] {dag.py:3239} INFO - Sync 1 DAGs
[2026-05-31T12:37:12.202+0000] {logging_mixin.py:190} INFO - [2026-05-31T12:37:12.201+0000] {dag.py:4180} INFO - Setting next_dagrun for health_check_kafka_server to 2026-05-31 12:34:00+00:00, run_after=2026-05-31 12:36:00+00:00
[2026-05-31T12:37:12.216+0000] {processor.py:208} INFO - Processing /opt/airflow/dags/health_check_kafka_server.py took 0.079 seconds
[2026-05-31T12:37:42.366+0000] {processor.py:186} INFO - Started process (PID=4037) to work on /opt/airflow/dags/health_check_kafka_server.py
[2026-05-31T12:37:42.367+0000] {processor.py:914} INFO - Processing file /opt/airflow/dags/health_check_kafka_server.py for tasks to queue
[2026-05-31T12:37:42.369+0000] {logging_mixin.py:190} INFO - [2026-05-31T12:37:42.369+0000] {dagbag.py:588} INFO - Filling up the DagBag from /opt/airflow/dags/health_check_kafka_server.py
[2026-05-31T12:37:42.378+0000] {processor.py:925} INFO - DAG(s) 'health_check_kafka_server' retrieved from /opt/airflow/dags/health_check_kafka_server.py
[2026-05-31T12:37:42.397+0000] {logging_mixin.py:190} INFO - [2026-05-31T12:37:42.397+0000] {dag.py:3239} INFO - Sync 1 DAGs
[2026-05-31T12:37:42.421+0000] {logging_mixin.py:190} INFO - [2026-05-31T12:37:42.421+0000] {dag.py:4180} INFO - Setting next_dagrun for health_check_kafka_server to 2026-05-31 12:34:00+00:00, run_after=2026-05-31 12:36:00+00:00
[2026-05-31T12:37:42.435+0000] {processor.py:208} INFO - Processing /opt/airflow/dags/health_check_kafka_server.py took 0.074 seconds
[2026-05-31T12:38:13.005+0000] {processor.py:186} INFO - Started process (PID=4061) to work on /opt/airflow/dags/health_check_kafka_server.py
[2026-05-31T12:38:13.006+0000] {processor.py:914} INFO - Processing file /opt/airflow/dags/health_check_kafka_server.py for tasks to queue
[2026-05-31T12:38:13.007+0000] {logging_mixin.py:190} INFO - [2026-05-31T12:38:13.007+0000] {dagbag.py:588} INFO - Filling up the DagBag from /opt/airflow/dags/health_check_kafka_server.py
[2026-05-31T12:38:13.017+0000] {processor.py:925} INFO - DAG(s) 'health_check_kafka_server' retrieved from /opt/airflow/dags/health_check_kafka_server.py
[2026-05-31T12:38:13.037+0000] {logging_mixin.py:190} INFO - [2026-05-31T12:38:13.036+0000] {dag.py:3239} INFO - Sync 1 DAGs
[2026-05-31T12:38:13.060+0000] {logging_mixin.py:190} INFO - [2026-05-31T12:38:13.060+0000] {dag.py:4180} INFO - Setting next_dagrun for health_check_kafka_server to 2026-05-31 12:36:00+00:00, run_after=2026-05-31 12:38:00+00:00
[2026-05-31T12:38:13.078+0000] {processor.py:208} INFO - Processing /opt/airflow/dags/health_check_kafka_server.py took 0.079 seconds
[2026-05-31T12:38:43.357+0000] {processor.py:186} INFO - Started process (PID=4086) to work on /opt/airflow/dags/health_check_kafka_server.py
[2026-05-31T12:38:43.358+0000] {processor.py:914} INFO - Processing file /opt/airflow/dags/health_check_kafka_server.py for tasks to queue
[2026-05-31T12:38:43.360+0000] {logging_mixin.py:190} INFO - [2026-05-31T12:38:43.360+0000] {dagbag.py:588} INFO - Filling up the DagBag from /opt/airflow/dags/health_check_kafka_server.py
[2026-05-31T12:38:43.368+0000] {processor.py:925} INFO - DAG(s) 'health_check_kafka_server' retrieved from /opt/airflow/dags/health_check_kafka_server.py
[2026-05-31T12:38:43.388+0000] {logging_mixin.py:190} INFO - [2026-05-31T12:38:43.388+0000] {dag.py:3239} INFO - Sync 1 DAGs
[2026-05-31T12:38:43.409+0000] {logging_mixin.py:190} INFO - [2026-05-31T12:38:43.409+0000] {dag.py:4180} INFO - Setting next_dagrun for health_check_kafka_server to 2026-05-31 12:36:00+00:00, run_after=2026-05-31 12:38:00+00:00
[2026-05-31T12:38:43.425+0000] {processor.py:208} INFO - Processing /opt/airflow/dags/health_check_kafka_server.py took 0.073 seconds
[2026-05-31T12:39:13.961+0000] {processor.py:186} INFO - Started process (PID=4110) to work on /opt/airflow/dags/health_check_kafka_server.py
[2026-05-31T12:39:13.964+0000] {processor.py:914} INFO - Processing file /opt/airflow/dags/health_check_kafka_server.py for tasks to queue
[2026-05-31T12:39:13.966+0000] {logging_mixin.py:190} INFO - [2026-05-31T12:39:13.965+0000] {dagbag.py:588} INFO - Filling up the DagBag from /opt/airflow/dags/health_check_kafka_server.py
[2026-05-31T12:39:13.976+0000] {processor.py:925} INFO - DAG(s) 'health_check_kafka_server' retrieved from /opt/airflow/dags/health_check_kafka_server.py
[2026-05-31T12:39:13.995+0000] {logging_mixin.py:190} INFO - [2026-05-31T12:39:13.995+0000] {dag.py:3239} INFO - Sync 1 DAGs
[2026-05-31T12:39:14.015+0000] {logging_mixin.py:190} INFO - [2026-05-31T12:39:14.015+0000] {dag.py:4180} INFO - Setting next_dagrun for health_check_kafka_server to 2026-05-31 12:36:00+00:00, run_after=2026-05-31 12:38:00+00:00
[2026-05-31T12:39:14.029+0000] {processor.py:208} INFO - Processing /opt/airflow/dags/health_check_kafka_server.py took 0.079 seconds
[2026-05-31T12:39:44.452+0000] {processor.py:186} INFO - Started process (PID=4135) to work on /opt/airflow/dags/health_check_kafka_server.py
[2026-05-31T12:39:44.454+0000] {processor.py:914} INFO - Processing file /opt/airflow/dags/health_check_kafka_server.py for tasks to queue
[2026-05-31T12:39:44.456+0000] {logging_mixin.py:190} INFO - [2026-05-31T12:39:44.456+0000] {dagbag.py:588} INFO - Filling up the DagBag from /opt/airflow/dags/health_check_kafka_server.py
[2026-05-31T12:39:44.465+0000] {processor.py:925} INFO - DAG(s) 'health_check_kafka_server' retrieved from /opt/airflow/dags/health_check_kafka_server.py
[2026-05-31T12:39:44.483+0000] {logging_mixin.py:190} INFO - [2026-05-31T12:39:44.483+0000] {dag.py:3239} INFO - Sync 1 DAGs
[2026-05-31T12:39:44.503+0000] {logging_mixin.py:190} INFO - [2026-05-31T12:39:44.503+0000] {dag.py:4180} INFO - Setting next_dagrun for health_check_kafka_server to 2026-05-31 12:36:00+00:00, run_after=2026-05-31 12:38:00+00:00
[2026-05-31T12:39:44.516+0000] {processor.py:208} INFO - Processing /opt/airflow/dags/health_check_kafka_server.py took 0.073 seconds
[2026-05-31T12:40:14.922+0000] {processor.py:186} INFO - Started process (PID=4160) to work on /opt/airflow/dags/health_check_kafka_server.py
[2026-05-31T12:40:14.923+0000] {processor.py:914} INFO - Processing file /opt/airflow/dags/health_check_kafka_server.py for tasks to queue
[2026-05-31T12:40:14.925+0000] {logging_mixin.py:190} INFO - [2026-05-31T12:40:14.925+0000] {dagbag.py:588} INFO - Filling up the DagBag from /opt/airflow/dags/health_check_kafka_server.py
[2026-05-31T12:40:14.933+0000] {processor.py:925} INFO - DAG(s) 'health_check_kafka_server' retrieved from /opt/airflow/dags/health_check_kafka_server.py
[2026-05-31T12:40:14.951+0000] {logging_mixin.py:190} INFO - [2026-05-31T12:40:14.951+0000] {dag.py:3239} INFO - Sync 1 DAGs
[2026-05-31T12:40:14.969+0000] {logging_mixin.py:190} INFO - [2026-05-31T12:40:14.969+0000] {dag.py:4180} INFO - Setting next_dagrun for health_check_kafka_server to 2026-05-31 12:38:00+00:00, run_after=2026-05-31 12:40:00+00:00
[2026-05-31T12:40:14.983+0000] {processor.py:208} INFO - Processing /opt/airflow/dags/health_check_kafka_server.py took 0.066 seconds
[2026-05-31T12:40:45.419+0000] {processor.py:186} INFO - Started process (PID=4184) to work on /opt/airflow/dags/health_check_kafka_server.py
[2026-05-31T12:40:45.420+0000] {processor.py:914} INFO - Processing file /opt/airflow/dags/health_check_kafka_server.py for tasks to queue
[2026-05-31T12:40:45.422+0000] {logging_mixin.py:190} INFO - [2026-05-31T12:40:45.421+0000] {dagbag.py:588} INFO - Filling up the DagBag from /opt/airflow/dags/health_check_kafka_server.py
[2026-05-31T12:40:45.430+0000] {processor.py:925} INFO - DAG(s) 'health_check_kafka_server' retrieved from /opt/airflow/dags/health_check_kafka_server.py
[2026-05-31T12:40:45.451+0000] {logging_mixin.py:190} INFO - [2026-05-31T12:40:45.451+0000] {dag.py:3239} INFO - Sync 1 DAGs
[2026-05-31T12:40:45.473+0000] {logging_mixin.py:190} INFO - [2026-05-31T12:40:45.472+0000] {dag.py:4180} INFO - Setting next_dagrun for health_check_kafka_server to 2026-05-31 12:38:00+00:00, run_after=2026-05-31 12:40:00+00:00
[2026-05-31T12:40:45.488+0000] {processor.py:208} INFO - Processing /opt/airflow/dags/health_check_kafka_server.py took 0.074 seconds
[2026-05-31T12:41:16.361+0000] {processor.py:186} INFO - Started process (PID=4227) to work on /opt/airflow/dags/health_check_kafka_server.py
[2026-05-31T12:41:16.363+0000] {processor.py:914} INFO - Processing file /opt/airflow/dags/health_check_kafka_server.py for tasks to queue
[2026-05-31T12:41:16.366+0000] {logging_mixin.py:190} INFO - [2026-05-31T12:41:16.366+0000] {dagbag.py:588} INFO - Filling up the DagBag from /opt/airflow/dags/health_check_kafka_server.py
[2026-05-31T12:41:16.377+0000] {processor.py:925} INFO - DAG(s) 'health_check_kafka_server' retrieved from /opt/airflow/dags/health_check_kafka_server.py
[2026-05-31T12:41:16.400+0000] {logging_mixin.py:190} INFO - [2026-05-31T12:41:16.400+0000] {dag.py:3239} INFO - Sync 1 DAGs
[2026-05-31T12:41:16.427+0000] {logging_mixin.py:190} INFO - [2026-05-31T12:41:16.426+0000] {dag.py:4180} INFO - Setting next_dagrun for health_check_kafka_server to 2026-05-31 12:38:00+00:00, run_after=2026-05-31 12:40:00+00:00
[2026-05-31T12:41:16.448+0000] {processor.py:208} INFO - Processing /opt/airflow/dags/health_check_kafka_server.py took 0.094 seconds
[2026-05-31T12:41:46.985+0000] {processor.py:186} INFO - Started process (PID=4263) to work on /opt/airflow/dags/health_check_kafka_server.py
[2026-05-31T12:41:46.986+0000] {processor.py:914} INFO - Processing file /opt/airflow/dags/health_check_kafka_server.py for tasks to queue
[2026-05-31T12:41:46.989+0000] {logging_mixin.py:190} INFO - [2026-05-31T12:41:46.989+0000] {dagbag.py:588} INFO - Filling up the DagBag from /opt/airflow/dags/health_check_kafka_server.py
[2026-05-31T12:41:46.997+0000] {processor.py:925} INFO - DAG(s) 'health_check_kafka_server' retrieved from /opt/airflow/dags/health_check_kafka_server.py
[2026-05-31T12:41:47.023+0000] {logging_mixin.py:190} INFO - [2026-05-31T12:41:47.023+0000] {dag.py:3239} INFO - Sync 1 DAGs
[2026-05-31T12:41:47.048+0000] {logging_mixin.py:190} INFO - [2026-05-31T12:41:47.048+0000] {dag.py:4180} INFO - Setting next_dagrun for health_check_kafka_server to 2026-05-31 12:38:00+00:00, run_after=2026-05-31 12:40:00+00:00
[2026-05-31T12:41:47.065+0000] {processor.py:208} INFO - Processing /opt/airflow/dags/health_check_kafka_server.py took 0.090 seconds
[2026-05-31T12:42:17.267+0000] {processor.py:186} INFO - Started process (PID=4318) to work on /opt/airflow/dags/health_check_kafka_server.py
[2026-05-31T12:42:17.269+0000] {processor.py:914} INFO - Processing file /opt/airflow/dags/health_check_kafka_server.py for tasks to queue
[2026-05-31T12:42:17.273+0000] {logging_mixin.py:190} INFO - [2026-05-31T12:42:17.273+0000] {dagbag.py:588} INFO - Filling up the DagBag from /opt/airflow/dags/health_check_kafka_server.py
[2026-05-31T12:42:17.285+0000] {processor.py:925} INFO - DAG(s) 'health_check_kafka_server' retrieved from /opt/airflow/dags/health_check_kafka_server.py
[2026-05-31T12:42:17.306+0000] {logging_mixin.py:190} INFO - [2026-05-31T12:42:17.306+0000] {dag.py:3239} INFO - Sync 1 DAGs
[2026-05-31T12:42:17.328+0000] {logging_mixin.py:190} INFO - [2026-05-31T12:42:17.328+0000] {dag.py:4180} INFO - Setting next_dagrun for health_check_kafka_server to 2026-05-31 12:40:00+00:00, run_after=2026-05-31 12:42:00+00:00
[2026-05-31T12:42:17.343+0000] {processor.py:208} INFO - Processing /opt/airflow/dags/health_check_kafka_server.py took 0.086 seconds
[2026-05-31T12:42:47.470+0000] {processor.py:186} INFO - Started process (PID=4342) to work on /opt/airflow/dags/health_check_kafka_server.py
[2026-05-31T12:42:47.471+0000] {processor.py:914} INFO - Processing file /opt/airflow/dags/health_check_kafka_server.py for tasks to queue
[2026-05-31T12:42:47.475+0000] {logging_mixin.py:190} INFO - [2026-05-31T12:42:47.475+0000] {dagbag.py:588} INFO - Filling up the DagBag from /opt/airflow/dags/health_check_kafka_server.py
[2026-05-31T12:42:47.485+0000] {processor.py:925} INFO - DAG(s) 'health_check_kafka_server' retrieved from /opt/airflow/dags/health_check_kafka_server.py
[2026-05-31T12:42:47.505+0000] {logging_mixin.py:190} INFO - [2026-05-31T12:42:47.505+0000] {dag.py:3239} INFO - Sync 1 DAGs
[2026-05-31T12:42:47.524+0000] {logging_mixin.py:190} INFO - [2026-05-31T12:42:47.524+0000] {dag.py:4180} INFO - Setting next_dagrun for health_check_kafka_server to 2026-05-31 12:40:00+00:00, run_after=2026-05-31 12:42:00+00:00
[2026-05-31T12:42:47.538+0000] {processor.py:208} INFO - Processing /opt/airflow/dags/health_check_kafka_server.py took 0.073 seconds
[2026-05-31T12:43:18.205+0000] {processor.py:186} INFO - Started process (PID=4366) to work on /opt/airflow/dags/health_check_kafka_server.py
[2026-05-31T12:43:18.206+0000] {processor.py:914} INFO - Processing file /opt/airflow/dags/health_check_kafka_server.py for tasks to queue
[2026-05-31T12:43:18.209+0000] {logging_mixin.py:190} INFO - [2026-05-31T12:43:18.208+0000] {dagbag.py:588} INFO - Filling up the DagBag from /opt/airflow/dags/health_check_kafka_server.py
[2026-05-31T12:43:18.217+0000] {processor.py:925} INFO - DAG(s) 'health_check_kafka_server' retrieved from /opt/airflow/dags/health_check_kafka_server.py
[2026-05-31T12:43:18.238+0000] {logging_mixin.py:190} INFO - [2026-05-31T12:43:18.238+0000] {dag.py:3239} INFO - Sync 1 DAGs
[2026-05-31T12:43:18.260+0000] {logging_mixin.py:190} INFO - [2026-05-31T12:43:18.260+0000] {dag.py:4180} INFO - Setting next_dagrun for health_check_kafka_server to 2026-05-31 12:40:00+00:00, run_after=2026-05-31 12:42:00+00:00
[2026-05-31T12:43:18.274+0000] {processor.py:208} INFO - Processing /opt/airflow/dags/health_check_kafka_server.py took 0.074 seconds
[2026-05-31T12:43:48.366+0000] {processor.py:186} INFO - Started process (PID=4392) to work on /opt/airflow/dags/health_check_kafka_server.py
[2026-05-31T12:43:48.367+0000] {processor.py:914} INFO - Processing file /opt/airflow/dags/health_check_kafka_server.py for tasks to queue
[2026-05-31T12:43:48.369+0000] {logging_mixin.py:190} INFO - [2026-05-31T12:43:48.369+0000] {dagbag.py:588} INFO - Filling up the DagBag from /opt/airflow/dags/health_check_kafka_server.py
[2026-05-31T12:43:48.378+0000] {processor.py:925} INFO - DAG(s) 'health_check_kafka_server' retrieved from /opt/airflow/dags/health_check_kafka_server.py
[2026-05-31T12:43:48.400+0000] {logging_mixin.py:190} INFO - [2026-05-31T12:43:48.399+0000] {dag.py:3239} INFO - Sync 1 DAGs
[2026-05-31T12:43:48.426+0000] {logging_mixin.py:190} INFO - [2026-05-31T12:43:48.425+0000] {dag.py:4180} INFO - Setting next_dagrun for health_check_kafka_server to 2026-05-31 12:40:00+00:00, run_after=2026-05-31 12:42:00+00:00
[2026-05-31T12:43:48.445+0000] {processor.py:208} INFO - Processing /opt/airflow/dags/health_check_kafka_server.py took 0.084 seconds
[2026-05-31T12:44:18.686+0000] {processor.py:186} INFO - Started process (PID=4417) to work on /opt/airflow/dags/health_check_kafka_server.py
[2026-05-31T12:44:18.689+0000] {processor.py:914} INFO - Processing file /opt/airflow/dags/health_check_kafka_server.py for tasks to queue
[2026-05-31T12:44:18.691+0000] {logging_mixin.py:190} INFO - [2026-05-31T12:44:18.691+0000] {dagbag.py:588} INFO - Filling up the DagBag from /opt/airflow/dags/health_check_kafka_server.py
[2026-05-31T12:44:18.703+0000] {processor.py:925} INFO - DAG(s) 'health_check_kafka_server' retrieved from /opt/airflow/dags/health_check_kafka_server.py
[2026-05-31T12:44:18.724+0000] {logging_mixin.py:190} INFO - [2026-05-31T12:44:18.724+0000] {dag.py:3239} INFO - Sync 1 DAGs
[2026-05-31T12:44:18.780+0000] {logging_mixin.py:190} INFO - [2026-05-31T12:44:18.780+0000] {dag.py:4180} INFO - Setting next_dagrun for health_check_kafka_server to 2026-05-31 12:42:00+00:00, run_after=2026-05-31 12:44:00+00:00
[2026-05-31T12:44:18.805+0000] {processor.py:208} INFO - Processing /opt/airflow/dags/health_check_kafka_server.py took 0.124 seconds
[2026-05-31T12:44:49.317+0000] {processor.py:186} INFO - Started process (PID=4440) to work on /opt/airflow/dags/health_check_kafka_server.py
[2026-05-31T12:44:49.318+0000] {processor.py:914} INFO - Processing file /opt/airflow/dags/health_check_kafka_server.py for tasks to queue
[2026-05-31T12:44:49.320+0000] {logging_mixin.py:190} INFO - [2026-05-31T12:44:49.320+0000] {dagbag.py:588} INFO - Filling up the DagBag from /opt/airflow/dags/health_check_kafka_server.py
[2026-05-31T12:44:49.329+0000] {processor.py:925} INFO - DAG(s) 'health_check_kafka_server' retrieved from /opt/airflow/dags/health_check_kafka_server.py
[2026-05-31T12:44:49.351+0000] {logging_mixin.py:190} INFO - [2026-05-31T12:44:49.351+0000] {dag.py:3239} INFO - Sync 1 DAGs
[2026-05-31T12:44:49.372+0000] {logging_mixin.py:190} INFO - [2026-05-31T12:44:49.372+0000] {dag.py:4180} INFO - Setting next_dagrun for health_check_kafka_server to 2026-05-31 12:42:00+00:00, run_after=2026-05-31 12:44:00+00:00
[2026-05-31T12:44:49.385+0000] {processor.py:208} INFO - Processing /opt/airflow/dags/health_check_kafka_server.py took 0.073 seconds
[2026-05-31T12:45:19.806+0000] {processor.py:186} INFO - Started process (PID=4464) to work on /opt/airflow/dags/health_check_kafka_server.py
[2026-05-31T12:45:19.807+0000] {processor.py:914} INFO - Processing file /opt/airflow/dags/health_check_kafka_server.py for tasks to queue
[2026-05-31T12:45:19.809+0000] {logging_mixin.py:190} INFO - [2026-05-31T12:45:19.809+0000] {dagbag.py:588} INFO - Filling up the DagBag from /opt/airflow/dags/health_check_kafka_server.py
[2026-05-31T12:45:19.818+0000] {processor.py:925} INFO - DAG(s) 'health_check_kafka_server' retrieved from /opt/airflow/dags/health_check_kafka_server.py
[2026-05-31T12:45:19.836+0000] {logging_mixin.py:190} INFO - [2026-05-31T12:45:19.836+0000] {dag.py:3239} INFO - Sync 1 DAGs
[2026-05-31T12:45:19.856+0000] {logging_mixin.py:190} INFO - [2026-05-31T12:45:19.856+0000] {dag.py:4180} INFO - Setting next_dagrun for health_check_kafka_server to 2026-05-31 12:42:00+00:00, run_after=2026-05-31 12:44:00+00:00
[2026-05-31T12:45:19.872+0000] {processor.py:208} INFO - Processing /opt/airflow/dags/health_check_kafka_server.py took 0.075 seconds
[2026-05-31T12:45:49.920+0000] {processor.py:186} INFO - Started process (PID=4488) to work on /opt/airflow/dags/health_check_kafka_server.py
[2026-05-31T12:45:49.920+0000] {processor.py:914} INFO - Processing file /opt/airflow/dags/health_check_kafka_server.py for tasks to queue
[2026-05-31T12:45:49.922+0000] {logging_mixin.py:190} INFO - [2026-05-31T12:45:49.922+0000] {dagbag.py:588} INFO - Filling up the DagBag from /opt/airflow/dags/health_check_kafka_server.py
[2026-05-31T12:45:49.931+0000] {processor.py:925} INFO - DAG(s) 'health_check_kafka_server' retrieved from /opt/airflow/dags/health_check_kafka_server.py
[2026-05-31T12:45:49.963+0000] {logging_mixin.py:190} INFO - [2026-05-31T12:45:49.962+0000] {dag.py:3239} INFO - Sync 1 DAGs
[2026-05-31T12:45:49.987+0000] {logging_mixin.py:190} INFO - [2026-05-31T12:45:49.987+0000] {dag.py:4180} INFO - Setting next_dagrun for health_check_kafka_server to 2026-05-31 12:42:00+00:00, run_after=2026-05-31 12:44:00+00:00
[2026-05-31T12:45:50.001+0000] {processor.py:208} INFO - Processing /opt/airflow/dags/health_check_kafka_server.py took 0.087 seconds
[2026-05-31T12:46:20.033+0000] {processor.py:186} INFO - Started process (PID=4512) to work on /opt/airflow/dags/health_check_kafka_server.py
[2026-05-31T12:46:20.034+0000] {processor.py:914} INFO - Processing file /opt/airflow/dags/health_check_kafka_server.py for tasks to queue
[2026-05-31T12:46:20.036+0000] {logging_mixin.py:190} INFO - [2026-05-31T12:46:20.036+0000] {dagbag.py:588} INFO - Filling up the DagBag from /opt/airflow/dags/health_check_kafka_server.py
[2026-05-31T12:46:20.044+0000] {processor.py:925} INFO - DAG(s) 'health_check_kafka_server' retrieved from /opt/airflow/dags/health_check_kafka_server.py
[2026-05-31T12:46:20.064+0000] {logging_mixin.py:190} INFO - [2026-05-31T12:46:20.064+0000] {dag.py:3239} INFO - Sync 1 DAGs
[2026-05-31T12:46:20.084+0000] {logging_mixin.py:190} INFO - [2026-05-31T12:46:20.084+0000] {dag.py:4180} INFO - Setting next_dagrun for health_check_kafka_server to 2026-05-31 12:44:00+00:00, run_after=2026-05-31 12:46:00+00:00
[2026-05-31T12:46:20.099+0000] {processor.py:208} INFO - Processing /opt/airflow/dags/health_check_kafka_server.py took 0.072 seconds
[2026-05-31T12:46:50.475+0000] {processor.py:186} INFO - Started process (PID=4536) to work on /opt/airflow/dags/health_check_kafka_server.py
[2026-05-31T12:46:50.476+0000] {processor.py:914} INFO - Processing file /opt/airflow/dags/health_check_kafka_server.py for tasks to queue
[2026-05-31T12:46:50.478+0000] {logging_mixin.py:190} INFO - [2026-05-31T12:46:50.478+0000] {dagbag.py:588} INFO - Filling up the DagBag from /opt/airflow/dags/health_check_kafka_server.py
[2026-05-31T12:46:50.487+0000] {processor.py:925} INFO - DAG(s) 'health_check_kafka_server' retrieved from /opt/airflow/dags/health_check_kafka_server.py
[2026-05-31T12:46:50.505+0000] {logging_mixin.py:190} INFO - [2026-05-31T12:46:50.505+0000] {dag.py:3239} INFO - Sync 1 DAGs
[2026-05-31T12:46:50.526+0000] {logging_mixin.py:190} INFO - [2026-05-31T12:46:50.526+0000] {dag.py:4180} INFO - Setting next_dagrun for health_check_kafka_server to 2026-05-31 12:44:00+00:00, run_after=2026-05-31 12:46:00+00:00
[2026-05-31T12:46:50.541+0000] {processor.py:208} INFO - Processing /opt/airflow/dags/health_check_kafka_server.py took 0.072 seconds
[2026-05-31T12:47:20.846+0000] {processor.py:186} INFO - Started process (PID=4560) to work on /opt/airflow/dags/health_check_kafka_server.py
[2026-05-31T12:47:20.847+0000] {processor.py:914} INFO - Processing file /opt/airflow/dags/health_check_kafka_server.py for tasks to queue
[2026-05-31T12:47:20.850+0000] {logging_mixin.py:190} INFO - [2026-05-31T12:47:20.849+0000] {dagbag.py:588} INFO - Filling up the DagBag from /opt/airflow/dags/health_check_kafka_server.py
[2026-05-31T12:47:20.859+0000] {processor.py:925} INFO - DAG(s) 'health_check_kafka_server' retrieved from /opt/airflow/dags/health_check_kafka_server.py
[2026-05-31T12:47:20.880+0000] {logging_mixin.py:190} INFO - [2026-05-31T12:47:20.880+0000] {dag.py:3239} INFO - Sync 1 DAGs
[2026-05-31T12:47:20.902+0000] {logging_mixin.py:190} INFO - [2026-05-31T12:47:20.902+0000] {dag.py:4180} INFO - Setting next_dagrun for health_check_kafka_server to 2026-05-31 12:44:00+00:00, run_after=2026-05-31 12:46:00+00:00
[2026-05-31T12:47:20.919+0000] {processor.py:208} INFO - Processing /opt/airflow/dags/health_check_kafka_server.py took 0.078 seconds
[2026-05-31T12:47:51.034+0000] {processor.py:186} INFO - Started process (PID=4579) to work on /opt/airflow/dags/health_check_kafka_server.py
[2026-05-31T12:47:51.035+0000] {processor.py:914} INFO - Processing file /opt/airflow/dags/health_check_kafka_server.py for tasks to queue
[2026-05-31T12:47:51.036+0000] {logging_mixin.py:190} INFO - [2026-05-31T12:47:51.036+0000] {dagbag.py:588} INFO - Filling up the DagBag from /opt/airflow/dags/health_check_kafka_server.py
[2026-05-31T12:47:51.045+0000] {processor.py:925} INFO - DAG(s) 'health_check_kafka_server' retrieved from /opt/airflow/dags/health_check_kafka_server.py
[2026-05-31T12:47:51.062+0000] {logging_mixin.py:190} INFO - [2026-05-31T12:47:51.062+0000] {dag.py:3239} INFO - Sync 1 DAGs
[2026-05-31T12:47:51.087+0000] {logging_mixin.py:190} INFO - [2026-05-31T12:47:51.087+0000] {dag.py:4180} INFO - Setting next_dagrun for health_check_kafka_server to 2026-05-31 12:44:00+00:00, run_after=2026-05-31 12:46:00+00:00
[2026-05-31T12:47:51.100+0000] {processor.py:208} INFO - Processing /opt/airflow/dags/health_check_kafka_server.py took 0.072 seconds
[2026-05-31T12:48:21.296+0000] {processor.py:186} INFO - Started process (PID=4602) to work on /opt/airflow/dags/health_check_kafka_server.py
[2026-05-31T12:48:21.297+0000] {processor.py:914} INFO - Processing file /opt/airflow/dags/health_check_kafka_server.py for tasks to queue
[2026-05-31T12:48:21.299+0000] {logging_mixin.py:190} INFO - [2026-05-31T12:48:21.299+0000] {dagbag.py:588} INFO - Filling up the DagBag from /opt/airflow/dags/health_check_kafka_server.py
[2026-05-31T12:48:21.307+0000] {processor.py:925} INFO - DAG(s) 'health_check_kafka_server' retrieved from /opt/airflow/dags/health_check_kafka_server.py
[2026-05-31T12:48:21.327+0000] {logging_mixin.py:190} INFO - [2026-05-31T12:48:21.327+0000] {dag.py:3239} INFO - Sync 1 DAGs
[2026-05-31T12:48:21.348+0000] {logging_mixin.py:190} INFO - [2026-05-31T12:48:21.348+0000] {dag.py:4180} INFO - Setting next_dagrun for health_check_kafka_server to 2026-05-31 12:46:00+00:00, run_after=2026-05-31 12:48:00+00:00
[2026-05-31T12:48:21.493+0000] {processor.py:208} INFO - Processing /opt/airflow/dags/health_check_kafka_server.py took 0.203 seconds
[2026-05-31T12:48:51.764+0000] {processor.py:186} INFO - Started process (PID=4626) to work on /opt/airflow/dags/health_check_kafka_server.py
[2026-05-31T12:48:51.764+0000] {processor.py:914} INFO - Processing file /opt/airflow/dags/health_check_kafka_server.py for tasks to queue
[2026-05-31T12:48:51.766+0000] {logging_mixin.py:190} INFO - [2026-05-31T12:48:51.766+0000] {dagbag.py:588} INFO - Filling up the DagBag from /opt/airflow/dags/health_check_kafka_server.py
[2026-05-31T12:48:51.775+0000] {processor.py:925} INFO - DAG(s) 'health_check_kafka_server' retrieved from /opt/airflow/dags/health_check_kafka_server.py
[2026-05-31T12:48:51.796+0000] {logging_mixin.py:190} INFO - [2026-05-31T12:48:51.796+0000] {dag.py:3239} INFO - Sync 1 DAGs
[2026-05-31T12:48:51.818+0000] {logging_mixin.py:190} INFO - [2026-05-31T12:48:51.818+0000] {dag.py:4180} INFO - Setting next_dagrun for health_check_kafka_server to 2026-05-31 12:46:00+00:00, run_after=2026-05-31 12:48:00+00:00
[2026-05-31T12:48:51.833+0000] {processor.py:208} INFO - Processing /opt/airflow/dags/health_check_kafka_server.py took 0.077 seconds
[2026-05-31T12:49:22.278+0000] {processor.py:186} INFO - Started process (PID=4650) to work on /opt/airflow/dags/health_check_kafka_server.py
[2026-05-31T12:49:22.279+0000] {processor.py:914} INFO - Processing file /opt/airflow/dags/health_check_kafka_server.py for tasks to queue
[2026-05-31T12:49:22.281+0000] {logging_mixin.py:190} INFO - [2026-05-31T12:49:22.281+0000] {dagbag.py:588} INFO - Filling up the DagBag from /opt/airflow/dags/health_check_kafka_server.py
[2026-05-31T12:49:22.290+0000] {processor.py:925} INFO - DAG(s) 'health_check_kafka_server' retrieved from /opt/airflow/dags/health_check_kafka_server.py
[2026-05-31T12:49:22.311+0000] {logging_mixin.py:190} INFO - [2026-05-31T12:49:22.311+0000] {dag.py:3239} INFO - Sync 1 DAGs
[2026-05-31T12:49:22.333+0000] {logging_mixin.py:190} INFO - [2026-05-31T12:49:22.332+0000] {dag.py:4180} INFO - Setting next_dagrun for health_check_kafka_server to 2026-05-31 12:46:00+00:00, run_after=2026-05-31 12:48:00+00:00
[2026-05-31T12:49:22.348+0000] {processor.py:208} INFO - Processing /opt/airflow/dags/health_check_kafka_server.py took 0.075 seconds
[2026-05-31T12:49:52.613+0000] {processor.py:186} INFO - Started process (PID=4674) to work on /opt/airflow/dags/health_check_kafka_server.py
[2026-05-31T12:49:52.613+0000] {processor.py:914} INFO - Processing file /opt/airflow/dags/health_check_kafka_server.py for tasks to queue
[2026-05-31T12:49:52.615+0000] {logging_mixin.py:190} INFO - [2026-05-31T12:49:52.615+0000] {dagbag.py:588} INFO - Filling up the DagBag from /opt/airflow/dags/health_check_kafka_server.py
[2026-05-31T12:49:52.623+0000] {processor.py:925} INFO - DAG(s) 'health_check_kafka_server' retrieved from /opt/airflow/dags/health_check_kafka_server.py
[2026-05-31T12:49:52.643+0000] {logging_mixin.py:190} INFO - [2026-05-31T12:49:52.643+0000] {dag.py:3239} INFO - Sync 1 DAGs
[2026-05-31T12:49:52.664+0000] {logging_mixin.py:190} INFO - [2026-05-31T12:49:52.664+0000] {dag.py:4180} INFO - Setting next_dagrun for health_check_kafka_server to 2026-05-31 12:46:00+00:00, run_after=2026-05-31 12:48:00+00:00
[2026-05-31T12:49:52.679+0000] {processor.py:208} INFO - Processing /opt/airflow/dags/health_check_kafka_server.py took 0.072 seconds
[2026-05-31T12:50:23.581+0000] {processor.py:186} INFO - Started process (PID=4697) to work on /opt/airflow/dags/health_check_kafka_server.py
[2026-05-31T12:50:23.582+0000] {processor.py:914} INFO - Processing file /opt/airflow/dags/health_check_kafka_server.py for tasks to queue
[2026-05-31T12:50:23.585+0000] {logging_mixin.py:190} INFO - [2026-05-31T12:50:23.584+0000] {dagbag.py:588} INFO - Filling up the DagBag from /opt/airflow/dags/health_check_kafka_server.py
[2026-05-31T12:50:23.594+0000] {processor.py:925} INFO - DAG(s) 'health_check_kafka_server' retrieved from /opt/airflow/dags/health_check_kafka_server.py
[2026-05-31T12:50:23.614+0000] {logging_mixin.py:190} INFO - [2026-05-31T12:50:23.614+0000] {dag.py:3239} INFO - Sync 1 DAGs
[2026-05-31T12:50:23.635+0000] {logging_mixin.py:190} INFO - [2026-05-31T12:50:23.635+0000] {dag.py:4180} INFO - Setting next_dagrun for health_check_kafka_server to 2026-05-31 12:48:00+00:00, run_after=2026-05-31 12:50:00+00:00
[2026-05-31T12:50:23.649+0000] {processor.py:208} INFO - Processing /opt/airflow/dags/health_check_kafka_server.py took 0.075 seconds
[2026-05-31T12:50:53.691+0000] {processor.py:186} INFO - Started process (PID=4721) to work on /opt/airflow/dags/health_check_kafka_server.py
[2026-05-31T12:50:53.692+0000] {processor.py:914} INFO - Processing file /opt/airflow/dags/health_check_kafka_server.py for tasks to queue
[2026-05-31T12:50:53.693+0000] {logging_mixin.py:190} INFO - [2026-05-31T12:50:53.693+0000] {dagbag.py:588} INFO - Filling up the DagBag from /opt/airflow/dags/health_check_kafka_server.py
[2026-05-31T12:50:53.701+0000] {processor.py:925} INFO - DAG(s) 'health_check_kafka_server' retrieved from /opt/airflow/dags/health_check_kafka_server.py
[2026-05-31T12:50:53.720+0000] {logging_mixin.py:190} INFO - [2026-05-31T12:50:53.719+0000] {dag.py:3239} INFO - Sync 1 DAGs
[2026-05-31T12:50:53.853+0000] {logging_mixin.py:190} INFO - [2026-05-31T12:50:53.853+0000] {dag.py:4180} INFO - Setting next_dagrun for health_check_kafka_server to 2026-05-31 12:48:00+00:00, run_after=2026-05-31 12:50:00+00:00
[2026-05-31T12:50:53.869+0000] {processor.py:208} INFO - Processing /opt/airflow/dags/health_check_kafka_server.py took 0.183 seconds
[2026-05-31T12:51:24.153+0000] {processor.py:186} INFO - Started process (PID=4745) to work on /opt/airflow/dags/health_check_kafka_server.py
[2026-05-31T12:51:24.156+0000] {processor.py:914} INFO - Processing file /opt/airflow/dags/health_check_kafka_server.py for tasks to queue
[2026-05-31T12:51:24.158+0000] {logging_mixin.py:190} INFO - [2026-05-31T12:51:24.158+0000] {dagbag.py:588} INFO - Filling up the DagBag from /opt/airflow/dags/health_check_kafka_server.py
[2026-05-31T12:51:24.167+0000] {processor.py:925} INFO - DAG(s) 'health_check_kafka_server' retrieved from /opt/airflow/dags/health_check_kafka_server.py
[2026-05-31T12:51:24.189+0000] {logging_mixin.py:190} INFO - [2026-05-31T12:51:24.188+0000] {dag.py:3239} INFO - Sync 1 DAGs
[2026-05-31T12:51:24.211+0000] {logging_mixin.py:190} INFO - [2026-05-31T12:51:24.211+0000] {dag.py:4180} INFO - Setting next_dagrun for health_check_kafka_server to 2026-05-31 12:48:00+00:00, run_after=2026-05-31 12:50:00+00:00
[2026-05-31T12:51:24.225+0000] {processor.py:208} INFO - Processing /opt/airflow/dags/health_check_kafka_server.py took 0.078 seconds
[2026-05-31T12:51:55.004+0000] {processor.py:186} INFO - Started process (PID=4770) to work on /opt/airflow/dags/health_check_kafka_server.py
[2026-05-31T12:51:55.005+0000] {processor.py:914} INFO - Processing file /opt/airflow/dags/health_check_kafka_server.py for tasks to queue
[2026-05-31T12:51:55.007+0000] {logging_mixin.py:190} INFO - [2026-05-31T12:51:55.006+0000] {dagbag.py:588} INFO - Filling up the DagBag from /opt/airflow/dags/health_check_kafka_server.py
[2026-05-31T12:51:55.014+0000] {processor.py:925} INFO - DAG(s) 'health_check_kafka_server' retrieved from /opt/airflow/dags/health_check_kafka_server.py
[2026-05-31T12:51:55.034+0000] {logging_mixin.py:190} INFO - [2026-05-31T12:51:55.034+0000] {dag.py:3239} INFO - Sync 1 DAGs
[2026-05-31T12:51:55.055+0000] {logging_mixin.py:190} INFO - [2026-05-31T12:51:55.055+0000] {dag.py:4180} INFO - Setting next_dagrun for health_check_kafka_server to 2026-05-31 12:48:00+00:00, run_after=2026-05-31 12:50:00+00:00
[2026-05-31T12:51:55.070+0000] {processor.py:208} INFO - Processing /opt/airflow/dags/health_check_kafka_server.py took 0.072 seconds
[2026-05-31T12:52:25.246+0000] {processor.py:186} INFO - Started process (PID=4793) to work on /opt/airflow/dags/health_check_kafka_server.py
[2026-05-31T12:52:25.247+0000] {processor.py:914} INFO - Processing file /opt/airflow/dags/health_check_kafka_server.py for tasks to queue
[2026-05-31T12:52:25.249+0000] {logging_mixin.py:190} INFO - [2026-05-31T12:52:25.248+0000] {dagbag.py:588} INFO - Filling up the DagBag from /opt/airflow/dags/health_check_kafka_server.py
[2026-05-31T12:52:25.256+0000] {processor.py:925} INFO - DAG(s) 'health_check_kafka_server' retrieved from /opt/airflow/dags/health_check_kafka_server.py
[2026-05-31T12:52:25.278+0000] {logging_mixin.py:190} INFO - [2026-05-31T12:52:25.278+0000] {dag.py:3239} INFO - Sync 1 DAGs
[2026-05-31T12:52:25.300+0000] {logging_mixin.py:190} INFO - [2026-05-31T12:52:25.300+0000] {dag.py:4180} INFO - Setting next_dagrun for health_check_kafka_server to 2026-05-31 12:50:00+00:00, run_after=2026-05-31 12:52:00+00:00
[2026-05-31T12:52:25.317+0000] {processor.py:208} INFO - Processing /opt/airflow/dags/health_check_kafka_server.py took 0.078 seconds
