[2026-05-31T06:21:53.139+0000] {processor.py:186} INFO - Started process (PID=6105) to work on /opt/airflow/dags/hello_airflow.py
[2026-05-31T06:21:53.139+0000] {processor.py:914} INFO - Processing file /opt/airflow/dags/hello_airflow.py for tasks to queue
[2026-05-31T06:21:53.141+0000] {logging_mixin.py:190} INFO - [2026-05-31T06:21:53.141+0000] {dagbag.py:588} INFO - Filling up the DagBag from /opt/airflow/dags/hello_airflow.py
[2026-05-31T06:21:53.150+0000] {processor.py:925} INFO - DAG(s) 'hello_airflow' retrieved from /opt/airflow/dags/hello_airflow.py
[2026-05-31T06:21:53.170+0000] {logging_mixin.py:190} INFO - [2026-05-31T06:21:53.170+0000] {dag.py:3239} INFO - Sync 1 DAGs
[2026-05-31T06:21:53.190+0000] {logging_mixin.py:190} INFO - [2026-05-31T06:21:53.190+0000] {dag.py:4180} INFO - Setting next_dagrun for hello_airflow to 2026-05-31 06:20:00+00:00, run_after=2026-05-31 06:21:00+00:00
[2026-05-31T06:21:53.501+0000] {processor.py:208} INFO - Processing /opt/airflow/dags/hello_airflow.py took 0.367 seconds
[2026-05-31T06:22:24.791+0000] {processor.py:186} INFO - Started process (PID=6130) to work on /opt/airflow/dags/hello_airflow.py
[2026-05-31T06:22:24.792+0000] {processor.py:914} INFO - Processing file /opt/airflow/dags/hello_airflow.py for tasks to queue
[2026-05-31T06:22:24.794+0000] {logging_mixin.py:190} INFO - [2026-05-31T06:22:24.794+0000] {dagbag.py:588} INFO - Filling up the DagBag from /opt/airflow/dags/hello_airflow.py
[2026-05-31T06:22:24.801+0000] {processor.py:925} INFO - DAG(s) 'hello_airflow' retrieved from /opt/airflow/dags/hello_airflow.py
[2026-05-31T06:22:24.829+0000] {logging_mixin.py:190} INFO - [2026-05-31T06:22:24.829+0000] {dag.py:3239} INFO - Sync 1 DAGs
[2026-05-31T06:22:24.851+0000] {logging_mixin.py:190} INFO - [2026-05-31T06:22:24.851+0000] {dag.py:4180} INFO - Setting next_dagrun for hello_airflow to 2026-05-31 06:21:00+00:00, run_after=2026-05-31 06:22:00+00:00
[2026-05-31T06:22:24.999+0000] {processor.py:208} INFO - Processing /opt/airflow/dags/hello_airflow.py took 0.212 seconds
[2026-05-31T06:22:58.273+0000] {processor.py:186} INFO - Started process (PID=6151) to work on /opt/airflow/dags/hello_airflow.py
[2026-05-31T06:22:58.290+0000] {processor.py:914} INFO - Processing file /opt/airflow/dags/hello_airflow.py for tasks to queue
[2026-05-31T06:22:58.293+0000] {logging_mixin.py:190} INFO - [2026-05-31T06:22:58.293+0000] {dagbag.py:588} INFO - Filling up the DagBag from /opt/airflow/dags/hello_airflow.py
[2026-05-31T06:22:58.303+0000] {processor.py:925} INFO - DAG(s) 'hello_airflow' retrieved from /opt/airflow/dags/hello_airflow.py
[2026-05-31T06:22:58.320+0000] {logging_mixin.py:190} INFO - [2026-05-31T06:22:58.320+0000] {dag.py:3239} INFO - Sync 1 DAGs
[2026-05-31T06:22:58.347+0000] {logging_mixin.py:190} INFO - [2026-05-31T06:22:58.347+0000] {dag.py:4180} INFO - Setting next_dagrun for hello_airflow to 2026-05-31 06:21:00+00:00, run_after=2026-05-31 06:22:00+00:00
[2026-05-31T06:22:58.465+0000] {processor.py:208} INFO - Processing /opt/airflow/dags/hello_airflow.py took 0.197 seconds
[2026-05-31T06:23:28.941+0000] {processor.py:186} INFO - Started process (PID=6171) to work on /opt/airflow/dags/hello_airflow.py
[2026-05-31T06:23:28.941+0000] {processor.py:914} INFO - Processing file /opt/airflow/dags/hello_airflow.py for tasks to queue
[2026-05-31T06:23:28.943+0000] {logging_mixin.py:190} INFO - [2026-05-31T06:23:28.943+0000] {dagbag.py:588} INFO - Filling up the DagBag from /opt/airflow/dags/hello_airflow.py
[2026-05-31T06:23:29.007+0000] {processor.py:925} INFO - DAG(s) 'hello_airflow' retrieved from /opt/airflow/dags/hello_airflow.py
[2026-05-31T06:23:29.027+0000] {logging_mixin.py:190} INFO - [2026-05-31T06:23:29.027+0000] {dag.py:3239} INFO - Sync 1 DAGs
[2026-05-31T06:23:29.047+0000] {logging_mixin.py:190} INFO - [2026-05-31T06:23:29.047+0000] {dag.py:4180} INFO - Setting next_dagrun for hello_airflow to 2026-05-31 06:22:00+00:00, run_after=2026-05-31 06:23:00+00:00
[2026-05-31T06:23:29.062+0000] {processor.py:208} INFO - Processing /opt/airflow/dags/hello_airflow.py took 0.126 seconds
[2026-05-31T06:23:59.378+0000] {processor.py:186} INFO - Started process (PID=6195) to work on /opt/airflow/dags/hello_airflow.py
[2026-05-31T06:23:59.379+0000] {processor.py:914} INFO - Processing file /opt/airflow/dags/hello_airflow.py for tasks to queue
[2026-05-31T06:23:59.381+0000] {logging_mixin.py:190} INFO - [2026-05-31T06:23:59.381+0000] {dagbag.py:588} INFO - Filling up the DagBag from /opt/airflow/dags/hello_airflow.py
[2026-05-31T06:23:59.393+0000] {processor.py:925} INFO - DAG(s) 'hello_airflow' retrieved from /opt/airflow/dags/hello_airflow.py
[2026-05-31T06:23:59.413+0000] {logging_mixin.py:190} INFO - [2026-05-31T06:23:59.413+0000] {dag.py:3239} INFO - Sync 1 DAGs
[2026-05-31T06:23:59.446+0000] {logging_mixin.py:190} INFO - [2026-05-31T06:23:59.446+0000] {dag.py:4180} INFO - Setting next_dagrun for hello_airflow to 2026-05-31 06:22:00+00:00, run_after=2026-05-31 06:23:00+00:00
[2026-05-31T06:23:59.508+0000] {processor.py:208} INFO - Processing /opt/airflow/dags/hello_airflow.py took 0.135 seconds
[2026-05-31T06:24:29.616+0000] {processor.py:186} INFO - Started process (PID=6220) to work on /opt/airflow/dags/hello_airflow.py
[2026-05-31T06:24:29.616+0000] {processor.py:914} INFO - Processing file /opt/airflow/dags/hello_airflow.py for tasks to queue
[2026-05-31T06:24:29.618+0000] {logging_mixin.py:190} INFO - [2026-05-31T06:24:29.618+0000] {dagbag.py:588} INFO - Filling up the DagBag from /opt/airflow/dags/hello_airflow.py
[2026-05-31T06:24:29.626+0000] {processor.py:925} INFO - DAG(s) 'hello_airflow' retrieved from /opt/airflow/dags/hello_airflow.py
[2026-05-31T06:24:29.645+0000] {logging_mixin.py:190} INFO - [2026-05-31T06:24:29.645+0000] {dag.py:3239} INFO - Sync 1 DAGs
[2026-05-31T06:24:29.671+0000] {logging_mixin.py:190} INFO - [2026-05-31T06:24:29.671+0000] {dag.py:4180} INFO - Setting next_dagrun for hello_airflow to 2026-05-31 06:23:00+00:00, run_after=2026-05-31 06:24:00+00:00
[2026-05-31T06:24:29.684+0000] {processor.py:208} INFO - Processing /opt/airflow/dags/hello_airflow.py took 0.073 seconds
[2026-05-31T06:24:59.814+0000] {processor.py:186} INFO - Started process (PID=6244) to work on /opt/airflow/dags/hello_airflow.py
[2026-05-31T06:24:59.816+0000] {processor.py:914} INFO - Processing file /opt/airflow/dags/hello_airflow.py for tasks to queue
[2026-05-31T06:24:59.818+0000] {logging_mixin.py:190} INFO - [2026-05-31T06:24:59.817+0000] {dagbag.py:588} INFO - Filling up the DagBag from /opt/airflow/dags/hello_airflow.py
[2026-05-31T06:24:59.827+0000] {processor.py:925} INFO - DAG(s) 'hello_airflow' retrieved from /opt/airflow/dags/hello_airflow.py
[2026-05-31T06:24:59.844+0000] {logging_mixin.py:190} INFO - [2026-05-31T06:24:59.844+0000] {dag.py:3239} INFO - Sync 1 DAGs
[2026-05-31T06:24:59.865+0000] {logging_mixin.py:190} INFO - [2026-05-31T06:24:59.865+0000] {dag.py:4180} INFO - Setting next_dagrun for hello_airflow to 2026-05-31 06:23:00+00:00, run_after=2026-05-31 06:24:00+00:00
[2026-05-31T06:24:59.880+0000] {processor.py:208} INFO - Processing /opt/airflow/dags/hello_airflow.py took 0.071 seconds
[2026-05-31T06:25:30.046+0000] {processor.py:186} INFO - Started process (PID=6268) to work on /opt/airflow/dags/hello_airflow.py
[2026-05-31T06:25:30.047+0000] {processor.py:914} INFO - Processing file /opt/airflow/dags/hello_airflow.py for tasks to queue
[2026-05-31T06:25:30.049+0000] {logging_mixin.py:190} INFO - [2026-05-31T06:25:30.049+0000] {dagbag.py:588} INFO - Filling up the DagBag from /opt/airflow/dags/hello_airflow.py
[2026-05-31T06:25:30.057+0000] {processor.py:925} INFO - DAG(s) 'hello_airflow' retrieved from /opt/airflow/dags/hello_airflow.py
[2026-05-31T06:25:30.074+0000] {logging_mixin.py:190} INFO - [2026-05-31T06:25:30.074+0000] {dag.py:3239} INFO - Sync 1 DAGs
[2026-05-31T06:25:30.097+0000] {logging_mixin.py:190} INFO - [2026-05-31T06:25:30.097+0000] {dag.py:4180} INFO - Setting next_dagrun for hello_airflow to 2026-05-31 06:24:00+00:00, run_after=2026-05-31 06:25:00+00:00
[2026-05-31T06:25:30.112+0000] {processor.py:208} INFO - Processing /opt/airflow/dags/hello_airflow.py took 0.071 seconds
[2026-05-31T06:26:00.140+0000] {processor.py:186} INFO - Started process (PID=6290) to work on /opt/airflow/dags/hello_airflow.py
[2026-05-31T06:26:00.141+0000] {processor.py:914} INFO - Processing file /opt/airflow/dags/hello_airflow.py for tasks to queue
[2026-05-31T06:26:00.143+0000] {logging_mixin.py:190} INFO - [2026-05-31T06:26:00.143+0000] {dagbag.py:588} INFO - Filling up the DagBag from /opt/airflow/dags/hello_airflow.py
[2026-05-31T06:26:00.152+0000] {processor.py:925} INFO - DAG(s) 'hello_airflow' retrieved from /opt/airflow/dags/hello_airflow.py
[2026-05-31T06:26:00.169+0000] {logging_mixin.py:190} INFO - [2026-05-31T06:26:00.169+0000] {dag.py:3239} INFO - Sync 1 DAGs
[2026-05-31T06:26:00.191+0000] {logging_mixin.py:190} INFO - [2026-05-31T06:26:00.191+0000] {dag.py:4180} INFO - Setting next_dagrun for hello_airflow to 2026-05-31 06:25:00+00:00, run_after=2026-05-31 06:26:00+00:00
[2026-05-31T06:26:00.209+0000] {processor.py:208} INFO - Processing /opt/airflow/dags/hello_airflow.py took 0.075 seconds
[2026-05-31T06:26:30.598+0000] {processor.py:186} INFO - Started process (PID=6315) to work on /opt/airflow/dags/hello_airflow.py
[2026-05-31T06:26:30.598+0000] {processor.py:914} INFO - Processing file /opt/airflow/dags/hello_airflow.py for tasks to queue
[2026-05-31T06:26:30.601+0000] {logging_mixin.py:190} INFO - [2026-05-31T06:26:30.600+0000] {dagbag.py:588} INFO - Filling up the DagBag from /opt/airflow/dags/hello_airflow.py
[2026-05-31T06:26:30.609+0000] {processor.py:925} INFO - DAG(s) 'hello_airflow' retrieved from /opt/airflow/dags/hello_airflow.py
[2026-05-31T06:26:30.627+0000] {logging_mixin.py:190} INFO - [2026-05-31T06:26:30.627+0000] {dag.py:3239} INFO - Sync 1 DAGs
[2026-05-31T06:26:30.648+0000] {logging_mixin.py:190} INFO - [2026-05-31T06:26:30.648+0000] {dag.py:4180} INFO - Setting next_dagrun for hello_airflow to 2026-05-31 06:25:00+00:00, run_after=2026-05-31 06:26:00+00:00
[2026-05-31T06:26:30.666+0000] {processor.py:208} INFO - Processing /opt/airflow/dags/hello_airflow.py took 0.074 seconds
[2026-05-31T06:27:01.067+0000] {processor.py:186} INFO - Started process (PID=6339) to work on /opt/airflow/dags/hello_airflow.py
[2026-05-31T06:27:01.069+0000] {processor.py:914} INFO - Processing file /opt/airflow/dags/hello_airflow.py for tasks to queue
[2026-05-31T06:27:01.076+0000] {logging_mixin.py:190} INFO - [2026-05-31T06:27:01.074+0000] {dagbag.py:588} INFO - Filling up the DagBag from /opt/airflow/dags/hello_airflow.py
[2026-05-31T06:27:01.102+0000] {processor.py:925} INFO - DAG(s) 'hello_airflow' retrieved from /opt/airflow/dags/hello_airflow.py
[2026-05-31T06:27:01.155+0000] {logging_mixin.py:190} INFO - [2026-05-31T06:27:01.154+0000] {dag.py:3239} INFO - Sync 1 DAGs
[2026-05-31T06:27:01.208+0000] {logging_mixin.py:190} INFO - [2026-05-31T06:27:01.206+0000] {dag.py:4180} INFO - Setting next_dagrun for hello_airflow to 2026-05-31 06:26:00+00:00, run_after=2026-05-31 06:27:00+00:00
[2026-05-31T06:27:01.237+0000] {processor.py:208} INFO - Processing /opt/airflow/dags/hello_airflow.py took 0.191 seconds
[2026-05-31T06:27:31.329+0000] {processor.py:186} INFO - Started process (PID=6362) to work on /opt/airflow/dags/hello_airflow.py
[2026-05-31T06:27:31.330+0000] {processor.py:914} INFO - Processing file /opt/airflow/dags/hello_airflow.py for tasks to queue
[2026-05-31T06:27:31.332+0000] {logging_mixin.py:190} INFO - [2026-05-31T06:27:31.332+0000] {dagbag.py:588} INFO - Filling up the DagBag from /opt/airflow/dags/hello_airflow.py
[2026-05-31T06:27:31.340+0000] {processor.py:925} INFO - DAG(s) 'hello_airflow' retrieved from /opt/airflow/dags/hello_airflow.py
[2026-05-31T06:27:31.358+0000] {logging_mixin.py:190} INFO - [2026-05-31T06:27:31.358+0000] {dag.py:3239} INFO - Sync 1 DAGs
[2026-05-31T06:27:31.379+0000] {logging_mixin.py:190} INFO - [2026-05-31T06:27:31.379+0000] {dag.py:4180} INFO - Setting next_dagrun for hello_airflow to 2026-05-31 06:26:00+00:00, run_after=2026-05-31 06:27:00+00:00
[2026-05-31T06:27:31.393+0000] {processor.py:208} INFO - Processing /opt/airflow/dags/hello_airflow.py took 0.069 seconds
[2026-05-31T06:28:01.514+0000] {processor.py:186} INFO - Started process (PID=6386) to work on /opt/airflow/dags/hello_airflow.py
[2026-05-31T06:28:01.517+0000] {processor.py:914} INFO - Processing file /opt/airflow/dags/hello_airflow.py for tasks to queue
[2026-05-31T06:28:01.520+0000] {logging_mixin.py:190} INFO - [2026-05-31T06:28:01.520+0000] {dagbag.py:588} INFO - Filling up the DagBag from /opt/airflow/dags/hello_airflow.py
[2026-05-31T06:28:01.533+0000] {processor.py:925} INFO - DAG(s) 'hello_airflow' retrieved from /opt/airflow/dags/hello_airflow.py
[2026-05-31T06:28:01.554+0000] {logging_mixin.py:190} INFO - [2026-05-31T06:28:01.554+0000] {dag.py:3239} INFO - Sync 1 DAGs
[2026-05-31T06:28:01.579+0000] {logging_mixin.py:190} INFO - [2026-05-31T06:28:01.578+0000] {dag.py:4180} INFO - Setting next_dagrun for hello_airflow to 2026-05-31 06:27:00+00:00, run_after=2026-05-31 06:28:00+00:00
[2026-05-31T06:28:01.594+0000] {processor.py:208} INFO - Processing /opt/airflow/dags/hello_airflow.py took 0.086 seconds
[2026-05-31T06:28:31.730+0000] {processor.py:186} INFO - Started process (PID=6405) to work on /opt/airflow/dags/hello_airflow.py
[2026-05-31T06:28:31.731+0000] {processor.py:914} INFO - Processing file /opt/airflow/dags/hello_airflow.py for tasks to queue
[2026-05-31T06:28:31.734+0000] {logging_mixin.py:190} INFO - [2026-05-31T06:28:31.734+0000] {dagbag.py:588} INFO - Filling up the DagBag from /opt/airflow/dags/hello_airflow.py
[2026-05-31T06:28:31.742+0000] {processor.py:925} INFO - DAG(s) 'hello_airflow' retrieved from /opt/airflow/dags/hello_airflow.py
[2026-05-31T06:28:31.779+0000] {logging_mixin.py:190} INFO - [2026-05-31T06:28:31.779+0000] {dag.py:3239} INFO - Sync 1 DAGs
[2026-05-31T06:28:31.825+0000] {logging_mixin.py:190} INFO - [2026-05-31T06:28:31.825+0000] {dag.py:4180} INFO - Setting next_dagrun for hello_airflow to 2026-05-31 06:27:00+00:00, run_after=2026-05-31 06:28:00+00:00
[2026-05-31T06:28:31.862+0000] {processor.py:208} INFO - Processing /opt/airflow/dags/hello_airflow.py took 0.137 seconds
[2026-05-31T06:29:01.959+0000] {processor.py:186} INFO - Started process (PID=6427) to work on /opt/airflow/dags/hello_airflow.py
[2026-05-31T06:29:01.960+0000] {processor.py:914} INFO - Processing file /opt/airflow/dags/hello_airflow.py for tasks to queue
[2026-05-31T06:29:01.963+0000] {logging_mixin.py:190} INFO - [2026-05-31T06:29:01.962+0000] {dagbag.py:588} INFO - Filling up the DagBag from /opt/airflow/dags/hello_airflow.py
[2026-05-31T06:29:01.970+0000] {processor.py:925} INFO - DAG(s) 'hello_airflow' retrieved from /opt/airflow/dags/hello_airflow.py
[2026-05-31T06:29:01.989+0000] {logging_mixin.py:190} INFO - [2026-05-31T06:29:01.989+0000] {dag.py:3239} INFO - Sync 1 DAGs
[2026-05-31T06:29:02.010+0000] {logging_mixin.py:190} INFO - [2026-05-31T06:29:02.010+0000] {dag.py:4180} INFO - Setting next_dagrun for hello_airflow to 2026-05-31 06:28:00+00:00, run_after=2026-05-31 06:29:00+00:00
[2026-05-31T06:29:02.025+0000] {processor.py:208} INFO - Processing /opt/airflow/dags/hello_airflow.py took 0.071 seconds
[2026-05-31T06:29:32.382+0000] {processor.py:186} INFO - Started process (PID=6451) to work on /opt/airflow/dags/hello_airflow.py
[2026-05-31T06:29:32.383+0000] {processor.py:914} INFO - Processing file /opt/airflow/dags/hello_airflow.py for tasks to queue
[2026-05-31T06:29:32.385+0000] {logging_mixin.py:190} INFO - [2026-05-31T06:29:32.385+0000] {dagbag.py:588} INFO - Filling up the DagBag from /opt/airflow/dags/hello_airflow.py
[2026-05-31T06:29:32.392+0000] {processor.py:925} INFO - DAG(s) 'hello_airflow' retrieved from /opt/airflow/dags/hello_airflow.py
[2026-05-31T06:29:32.409+0000] {logging_mixin.py:190} INFO - [2026-05-31T06:29:32.408+0000] {dag.py:3239} INFO - Sync 1 DAGs
[2026-05-31T06:29:32.430+0000] {logging_mixin.py:190} INFO - [2026-05-31T06:29:32.429+0000] {dag.py:4180} INFO - Setting next_dagrun for hello_airflow to 2026-05-31 06:28:00+00:00, run_after=2026-05-31 06:29:00+00:00
[2026-05-31T06:29:32.445+0000] {processor.py:208} INFO - Processing /opt/airflow/dags/hello_airflow.py took 0.071 seconds
[2026-05-31T06:30:02.734+0000] {processor.py:186} INFO - Started process (PID=6475) to work on /opt/airflow/dags/hello_airflow.py
[2026-05-31T06:30:02.735+0000] {processor.py:914} INFO - Processing file /opt/airflow/dags/hello_airflow.py for tasks to queue
[2026-05-31T06:30:02.738+0000] {logging_mixin.py:190} INFO - [2026-05-31T06:30:02.738+0000] {dagbag.py:588} INFO - Filling up the DagBag from /opt/airflow/dags/hello_airflow.py
[2026-05-31T06:30:02.746+0000] {processor.py:925} INFO - DAG(s) 'hello_airflow' retrieved from /opt/airflow/dags/hello_airflow.py
[2026-05-31T06:30:02.765+0000] {logging_mixin.py:190} INFO - [2026-05-31T06:30:02.765+0000] {dag.py:3239} INFO - Sync 1 DAGs
[2026-05-31T06:30:02.788+0000] {logging_mixin.py:190} INFO - [2026-05-31T06:30:02.788+0000] {dag.py:4180} INFO - Setting next_dagrun for hello_airflow to 2026-05-31 06:29:00+00:00, run_after=2026-05-31 06:30:00+00:00
[2026-05-31T06:30:02.815+0000] {processor.py:208} INFO - Processing /opt/airflow/dags/hello_airflow.py took 0.089 seconds
[2026-05-31T06:30:33.170+0000] {processor.py:186} INFO - Started process (PID=6500) to work on /opt/airflow/dags/hello_airflow.py
[2026-05-31T06:30:33.171+0000] {processor.py:914} INFO - Processing file /opt/airflow/dags/hello_airflow.py for tasks to queue
[2026-05-31T06:30:33.173+0000] {logging_mixin.py:190} INFO - [2026-05-31T06:30:33.173+0000] {dagbag.py:588} INFO - Filling up the DagBag from /opt/airflow/dags/hello_airflow.py
[2026-05-31T06:30:33.180+0000] {processor.py:925} INFO - DAG(s) 'hello_airflow' retrieved from /opt/airflow/dags/hello_airflow.py
[2026-05-31T06:30:33.197+0000] {logging_mixin.py:190} INFO - [2026-05-31T06:30:33.197+0000] {dag.py:3239} INFO - Sync 1 DAGs
[2026-05-31T06:30:33.217+0000] {logging_mixin.py:190} INFO - [2026-05-31T06:30:33.217+0000] {dag.py:4180} INFO - Setting next_dagrun for hello_airflow to 2026-05-31 06:29:00+00:00, run_after=2026-05-31 06:30:00+00:00
[2026-05-31T06:30:33.230+0000] {processor.py:208} INFO - Processing /opt/airflow/dags/hello_airflow.py took 0.071 seconds
[2026-05-31T06:31:03.796+0000] {processor.py:186} INFO - Started process (PID=6531) to work on /opt/airflow/dags/hello_airflow.py
[2026-05-31T06:31:03.797+0000] {processor.py:914} INFO - Processing file /opt/airflow/dags/hello_airflow.py for tasks to queue
[2026-05-31T06:31:03.802+0000] {logging_mixin.py:190} INFO - [2026-05-31T06:31:03.802+0000] {dagbag.py:588} INFO - Filling up the DagBag from /opt/airflow/dags/hello_airflow.py
[2026-05-31T06:31:03.812+0000] {processor.py:925} INFO - DAG(s) 'hello_airflow' retrieved from /opt/airflow/dags/hello_airflow.py
[2026-05-31T06:31:03.834+0000] {logging_mixin.py:190} INFO - [2026-05-31T06:31:03.834+0000] {dag.py:3239} INFO - Sync 1 DAGs
[2026-05-31T06:31:03.863+0000] {logging_mixin.py:190} INFO - [2026-05-31T06:31:03.862+0000] {dag.py:4180} INFO - Setting next_dagrun for hello_airflow to 2026-05-31 06:30:00+00:00, run_after=2026-05-31 06:31:00+00:00
[2026-05-31T06:31:03.881+0000] {processor.py:208} INFO - Processing /opt/airflow/dags/hello_airflow.py took 0.091 seconds
[2026-05-31T06:31:33.997+0000] {processor.py:186} INFO - Started process (PID=6555) to work on /opt/airflow/dags/hello_airflow.py
[2026-05-31T06:31:33.998+0000] {processor.py:914} INFO - Processing file /opt/airflow/dags/hello_airflow.py for tasks to queue
[2026-05-31T06:31:34.001+0000] {logging_mixin.py:190} INFO - [2026-05-31T06:31:34.001+0000] {dagbag.py:588} INFO - Filling up the DagBag from /opt/airflow/dags/hello_airflow.py
[2026-05-31T06:31:34.008+0000] {processor.py:925} INFO - DAG(s) 'hello_airflow' retrieved from /opt/airflow/dags/hello_airflow.py
[2026-05-31T06:31:34.025+0000] {logging_mixin.py:190} INFO - [2026-05-31T06:31:34.025+0000] {dag.py:3239} INFO - Sync 1 DAGs
[2026-05-31T06:31:34.046+0000] {logging_mixin.py:190} INFO - [2026-05-31T06:31:34.045+0000] {dag.py:4180} INFO - Setting next_dagrun for hello_airflow to 2026-05-31 06:30:00+00:00, run_after=2026-05-31 06:31:00+00:00
[2026-05-31T06:31:34.067+0000] {processor.py:208} INFO - Processing /opt/airflow/dags/hello_airflow.py took 0.078 seconds
[2026-05-31T06:32:04.973+0000] {processor.py:186} INFO - Started process (PID=6580) to work on /opt/airflow/dags/hello_airflow.py
[2026-05-31T06:32:04.974+0000] {processor.py:914} INFO - Processing file /opt/airflow/dags/hello_airflow.py for tasks to queue
[2026-05-31T06:32:04.977+0000] {logging_mixin.py:190} INFO - [2026-05-31T06:32:04.977+0000] {dagbag.py:588} INFO - Filling up the DagBag from /opt/airflow/dags/hello_airflow.py
[2026-05-31T06:32:04.987+0000] {processor.py:925} INFO - DAG(s) 'hello_airflow' retrieved from /opt/airflow/dags/hello_airflow.py
[2026-05-31T06:32:05.013+0000] {logging_mixin.py:190} INFO - [2026-05-31T06:32:05.013+0000] {dag.py:3239} INFO - Sync 1 DAGs
[2026-05-31T06:32:05.047+0000] {logging_mixin.py:190} INFO - [2026-05-31T06:32:05.047+0000] {dag.py:4180} INFO - Setting next_dagrun for hello_airflow to 2026-05-31 06:31:00+00:00, run_after=2026-05-31 06:32:00+00:00
[2026-05-31T06:32:05.066+0000] {processor.py:208} INFO - Processing /opt/airflow/dags/hello_airflow.py took 0.100 seconds
[2026-05-31T06:32:35.278+0000] {processor.py:186} INFO - Started process (PID=6604) to work on /opt/airflow/dags/hello_airflow.py
[2026-05-31T06:32:35.280+0000] {processor.py:914} INFO - Processing file /opt/airflow/dags/hello_airflow.py for tasks to queue
[2026-05-31T06:32:35.283+0000] {logging_mixin.py:190} INFO - [2026-05-31T06:32:35.283+0000] {dagbag.py:588} INFO - Filling up the DagBag from /opt/airflow/dags/hello_airflow.py
[2026-05-31T06:32:35.295+0000] {processor.py:925} INFO - DAG(s) 'hello_airflow' retrieved from /opt/airflow/dags/hello_airflow.py
[2026-05-31T06:32:35.310+0000] {logging_mixin.py:190} INFO - [2026-05-31T06:32:35.310+0000] {dag.py:3239} INFO - Sync 1 DAGs
[2026-05-31T06:32:35.331+0000] {logging_mixin.py:190} INFO - [2026-05-31T06:32:35.331+0000] {dag.py:4180} INFO - Setting next_dagrun for hello_airflow to 2026-05-31 06:31:00+00:00, run_after=2026-05-31 06:32:00+00:00
[2026-05-31T06:32:35.345+0000] {processor.py:208} INFO - Processing /opt/airflow/dags/hello_airflow.py took 0.072 seconds
[2026-05-31T06:33:05.702+0000] {processor.py:186} INFO - Started process (PID=6628) to work on /opt/airflow/dags/hello_airflow.py
[2026-05-31T06:33:05.703+0000] {processor.py:914} INFO - Processing file /opt/airflow/dags/hello_airflow.py for tasks to queue
[2026-05-31T06:33:05.706+0000] {logging_mixin.py:190} INFO - [2026-05-31T06:33:05.706+0000] {dagbag.py:588} INFO - Filling up the DagBag from /opt/airflow/dags/hello_airflow.py
[2026-05-31T06:33:05.718+0000] {processor.py:925} INFO - DAG(s) 'hello_airflow' retrieved from /opt/airflow/dags/hello_airflow.py
[2026-05-31T06:33:05.742+0000] {logging_mixin.py:190} INFO - [2026-05-31T06:33:05.742+0000] {dag.py:3239} INFO - Sync 1 DAGs
[2026-05-31T06:33:05.765+0000] {logging_mixin.py:190} INFO - [2026-05-31T06:33:05.765+0000] {dag.py:4180} INFO - Setting next_dagrun for hello_airflow to 2026-05-31 06:32:00+00:00, run_after=2026-05-31 06:33:00+00:00
[2026-05-31T06:33:05.781+0000] {processor.py:208} INFO - Processing /opt/airflow/dags/hello_airflow.py took 0.087 seconds
[2026-05-31T06:33:36.134+0000] {processor.py:186} INFO - Started process (PID=6651) to work on /opt/airflow/dags/hello_airflow.py
[2026-05-31T06:33:36.135+0000] {processor.py:914} INFO - Processing file /opt/airflow/dags/hello_airflow.py for tasks to queue
[2026-05-31T06:33:36.138+0000] {logging_mixin.py:190} INFO - [2026-05-31T06:33:36.138+0000] {dagbag.py:588} INFO - Filling up the DagBag from /opt/airflow/dags/hello_airflow.py
[2026-05-31T06:33:36.146+0000] {processor.py:925} INFO - DAG(s) 'hello_airflow' retrieved from /opt/airflow/dags/hello_airflow.py
[2026-05-31T06:33:36.163+0000] {logging_mixin.py:190} INFO - [2026-05-31T06:33:36.163+0000] {dag.py:3239} INFO - Sync 1 DAGs
[2026-05-31T06:33:36.184+0000] {logging_mixin.py:190} INFO - [2026-05-31T06:33:36.184+0000] {dag.py:4180} INFO - Setting next_dagrun for hello_airflow to 2026-05-31 06:32:00+00:00, run_after=2026-05-31 06:33:00+00:00
[2026-05-31T06:33:36.198+0000] {processor.py:208} INFO - Processing /opt/airflow/dags/hello_airflow.py took 0.072 seconds
[2026-05-31T06:34:06.585+0000] {processor.py:186} INFO - Started process (PID=6676) to work on /opt/airflow/dags/hello_airflow.py
[2026-05-31T06:34:06.587+0000] {processor.py:914} INFO - Processing file /opt/airflow/dags/hello_airflow.py for tasks to queue
[2026-05-31T06:34:06.591+0000] {logging_mixin.py:190} INFO - [2026-05-31T06:34:06.588+0000] {dagbag.py:588} INFO - Filling up the DagBag from /opt/airflow/dags/hello_airflow.py
[2026-05-31T06:34:06.599+0000] {processor.py:925} INFO - DAG(s) 'hello_airflow' retrieved from /opt/airflow/dags/hello_airflow.py
[2026-05-31T06:34:06.622+0000] {logging_mixin.py:190} INFO - [2026-05-31T06:34:06.622+0000] {dag.py:3239} INFO - Sync 1 DAGs
[2026-05-31T06:34:06.647+0000] {logging_mixin.py:190} INFO - [2026-05-31T06:34:06.647+0000] {dag.py:4180} INFO - Setting next_dagrun for hello_airflow to 2026-05-31 06:33:00+00:00, run_after=2026-05-31 06:34:00+00:00
[2026-05-31T06:34:06.720+0000] {processor.py:208} INFO - Processing /opt/airflow/dags/hello_airflow.py took 0.140 seconds
[2026-05-31T06:34:36.927+0000] {processor.py:186} INFO - Started process (PID=6701) to work on /opt/airflow/dags/hello_airflow.py
[2026-05-31T06:34:36.928+0000] {processor.py:914} INFO - Processing file /opt/airflow/dags/hello_airflow.py for tasks to queue
[2026-05-31T06:34:36.930+0000] {logging_mixin.py:190} INFO - [2026-05-31T06:34:36.930+0000] {dagbag.py:588} INFO - Filling up the DagBag from /opt/airflow/dags/hello_airflow.py
[2026-05-31T06:34:36.939+0000] {processor.py:925} INFO - DAG(s) 'hello_airflow' retrieved from /opt/airflow/dags/hello_airflow.py
[2026-05-31T06:34:36.977+0000] {logging_mixin.py:190} INFO - [2026-05-31T06:34:36.977+0000] {dag.py:3239} INFO - Sync 1 DAGs
[2026-05-31T06:34:37.005+0000] {logging_mixin.py:190} INFO - [2026-05-31T06:34:37.005+0000] {dag.py:4180} INFO - Setting next_dagrun for hello_airflow to 2026-05-31 06:33:00+00:00, run_after=2026-05-31 06:34:00+00:00
[2026-05-31T06:34:37.023+0000] {processor.py:208} INFO - Processing /opt/airflow/dags/hello_airflow.py took 0.101 seconds
[2026-05-31T06:35:07.950+0000] {processor.py:186} INFO - Started process (PID=6723) to work on /opt/airflow/dags/hello_airflow.py
[2026-05-31T06:35:07.951+0000] {processor.py:914} INFO - Processing file /opt/airflow/dags/hello_airflow.py for tasks to queue
[2026-05-31T06:35:07.953+0000] {logging_mixin.py:190} INFO - [2026-05-31T06:35:07.953+0000] {dagbag.py:588} INFO - Filling up the DagBag from /opt/airflow/dags/hello_airflow.py
[2026-05-31T06:35:07.962+0000] {processor.py:925} INFO - DAG(s) 'hello_airflow' retrieved from /opt/airflow/dags/hello_airflow.py
[2026-05-31T06:35:07.986+0000] {logging_mixin.py:190} INFO - [2026-05-31T06:35:07.986+0000] {dag.py:3239} INFO - Sync 1 DAGs
[2026-05-31T06:35:08.009+0000] {logging_mixin.py:190} INFO - [2026-05-31T06:35:08.008+0000] {dag.py:4180} INFO - Setting next_dagrun for hello_airflow to 2026-05-31 06:34:00+00:00, run_after=2026-05-31 06:35:00+00:00
[2026-05-31T06:35:08.023+0000] {processor.py:208} INFO - Processing /opt/airflow/dags/hello_airflow.py took 0.078 seconds
[2026-05-31T06:35:38.604+0000] {processor.py:186} INFO - Started process (PID=6743) to work on /opt/airflow/dags/hello_airflow.py
[2026-05-31T06:35:38.604+0000] {processor.py:914} INFO - Processing file /opt/airflow/dags/hello_airflow.py for tasks to queue
[2026-05-31T06:35:38.606+0000] {logging_mixin.py:190} INFO - [2026-05-31T06:35:38.606+0000] {dagbag.py:588} INFO - Filling up the DagBag from /opt/airflow/dags/hello_airflow.py
[2026-05-31T06:35:38.614+0000] {processor.py:925} INFO - DAG(s) 'hello_airflow' retrieved from /opt/airflow/dags/hello_airflow.py
[2026-05-31T06:35:38.633+0000] {logging_mixin.py:190} INFO - [2026-05-31T06:35:38.633+0000] {dag.py:3239} INFO - Sync 1 DAGs
[2026-05-31T06:35:38.654+0000] {logging_mixin.py:190} INFO - [2026-05-31T06:35:38.653+0000] {dag.py:4180} INFO - Setting next_dagrun for hello_airflow to 2026-05-31 06:34:00+00:00, run_after=2026-05-31 06:35:00+00:00
[2026-05-31T06:35:38.668+0000] {processor.py:208} INFO - Processing /opt/airflow/dags/hello_airflow.py took 0.069 seconds
[2026-05-31T06:36:08.923+0000] {processor.py:186} INFO - Started process (PID=6767) to work on /opt/airflow/dags/hello_airflow.py
[2026-05-31T06:36:08.924+0000] {processor.py:914} INFO - Processing file /opt/airflow/dags/hello_airflow.py for tasks to queue
[2026-05-31T06:36:08.926+0000] {logging_mixin.py:190} INFO - [2026-05-31T06:36:08.925+0000] {dagbag.py:588} INFO - Filling up the DagBag from /opt/airflow/dags/hello_airflow.py
[2026-05-31T06:36:08.934+0000] {processor.py:925} INFO - DAG(s) 'hello_airflow' retrieved from /opt/airflow/dags/hello_airflow.py
[2026-05-31T06:36:08.952+0000] {logging_mixin.py:190} INFO - [2026-05-31T06:36:08.952+0000] {dag.py:3239} INFO - Sync 1 DAGs
[2026-05-31T06:36:08.975+0000] {logging_mixin.py:190} INFO - [2026-05-31T06:36:08.974+0000] {dag.py:4180} INFO - Setting next_dagrun for hello_airflow to 2026-05-31 06:35:00+00:00, run_after=2026-05-31 06:36:00+00:00
[2026-05-31T06:36:08.990+0000] {processor.py:208} INFO - Processing /opt/airflow/dags/hello_airflow.py took 0.074 seconds
[2026-05-31T06:36:39.220+0000] {processor.py:186} INFO - Started process (PID=6791) to work on /opt/airflow/dags/hello_airflow.py
[2026-05-31T06:36:39.220+0000] {processor.py:914} INFO - Processing file /opt/airflow/dags/hello_airflow.py for tasks to queue
[2026-05-31T06:36:39.222+0000] {logging_mixin.py:190} INFO - [2026-05-31T06:36:39.222+0000] {dagbag.py:588} INFO - Filling up the DagBag from /opt/airflow/dags/hello_airflow.py
[2026-05-31T06:36:39.230+0000] {processor.py:925} INFO - DAG(s) 'hello_airflow' retrieved from /opt/airflow/dags/hello_airflow.py
[2026-05-31T06:36:39.249+0000] {logging_mixin.py:190} INFO - [2026-05-31T06:36:39.249+0000] {dag.py:3239} INFO - Sync 1 DAGs
[2026-05-31T06:36:39.271+0000] {logging_mixin.py:190} INFO - [2026-05-31T06:36:39.271+0000] {dag.py:4180} INFO - Setting next_dagrun for hello_airflow to 2026-05-31 06:35:00+00:00, run_after=2026-05-31 06:36:00+00:00
[2026-05-31T06:36:39.287+0000] {processor.py:208} INFO - Processing /opt/airflow/dags/hello_airflow.py took 0.072 seconds
[2026-05-31T06:37:09.320+0000] {processor.py:186} INFO - Started process (PID=6815) to work on /opt/airflow/dags/hello_airflow.py
[2026-05-31T06:37:09.321+0000] {processor.py:914} INFO - Processing file /opt/airflow/dags/hello_airflow.py for tasks to queue
[2026-05-31T06:37:09.324+0000] {logging_mixin.py:190} INFO - [2026-05-31T06:37:09.324+0000] {dagbag.py:588} INFO - Filling up the DagBag from /opt/airflow/dags/hello_airflow.py
[2026-05-31T06:37:09.332+0000] {processor.py:925} INFO - DAG(s) 'hello_airflow' retrieved from /opt/airflow/dags/hello_airflow.py
[2026-05-31T06:37:09.350+0000] {logging_mixin.py:190} INFO - [2026-05-31T06:37:09.349+0000] {dag.py:3239} INFO - Sync 1 DAGs
[2026-05-31T06:37:09.371+0000] {logging_mixin.py:190} INFO - [2026-05-31T06:37:09.371+0000] {dag.py:4180} INFO - Setting next_dagrun for hello_airflow to 2026-05-31 06:36:00+00:00, run_after=2026-05-31 06:37:00+00:00
[2026-05-31T06:37:09.384+0000] {processor.py:208} INFO - Processing /opt/airflow/dags/hello_airflow.py took 0.068 seconds
[2026-05-31T06:37:40.254+0000] {processor.py:186} INFO - Started process (PID=6840) to work on /opt/airflow/dags/hello_airflow.py
[2026-05-31T06:37:40.255+0000] {processor.py:914} INFO - Processing file /opt/airflow/dags/hello_airflow.py for tasks to queue
[2026-05-31T06:37:40.260+0000] {logging_mixin.py:190} INFO - [2026-05-31T06:37:40.258+0000] {dagbag.py:588} INFO - Filling up the DagBag from /opt/airflow/dags/hello_airflow.py
[2026-05-31T06:37:40.270+0000] {processor.py:925} INFO - DAG(s) 'hello_airflow' retrieved from /opt/airflow/dags/hello_airflow.py
[2026-05-31T06:37:40.286+0000] {logging_mixin.py:190} INFO - [2026-05-31T06:37:40.286+0000] {dag.py:3239} INFO - Sync 1 DAGs
[2026-05-31T06:37:40.307+0000] {logging_mixin.py:190} INFO - [2026-05-31T06:37:40.306+0000] {dag.py:4180} INFO - Setting next_dagrun for hello_airflow to 2026-05-31 06:36:00+00:00, run_after=2026-05-31 06:37:00+00:00
[2026-05-31T06:37:40.319+0000] {processor.py:208} INFO - Processing /opt/airflow/dags/hello_airflow.py took 0.070 seconds
[2026-05-31T06:38:10.397+0000] {processor.py:186} INFO - Started process (PID=6864) to work on /opt/airflow/dags/hello_airflow.py
[2026-05-31T06:38:10.401+0000] {processor.py:914} INFO - Processing file /opt/airflow/dags/hello_airflow.py for tasks to queue
[2026-05-31T06:38:10.408+0000] {logging_mixin.py:190} INFO - [2026-05-31T06:38:10.408+0000] {dagbag.py:588} INFO - Filling up the DagBag from /opt/airflow/dags/hello_airflow.py
[2026-05-31T06:38:10.429+0000] {processor.py:925} INFO - DAG(s) 'hello_airflow' retrieved from /opt/airflow/dags/hello_airflow.py
[2026-05-31T06:38:10.450+0000] {logging_mixin.py:190} INFO - [2026-05-31T06:38:10.450+0000] {dag.py:3239} INFO - Sync 1 DAGs
[2026-05-31T06:38:10.469+0000] {logging_mixin.py:190} INFO - [2026-05-31T06:38:10.469+0000] {dag.py:4180} INFO - Setting next_dagrun for hello_airflow to 2026-05-31 06:37:00+00:00, run_after=2026-05-31 06:38:00+00:00
[2026-05-31T06:38:10.483+0000] {processor.py:208} INFO - Processing /opt/airflow/dags/hello_airflow.py took 0.099 seconds
[2026-05-31T06:38:40.562+0000] {processor.py:186} INFO - Started process (PID=6888) to work on /opt/airflow/dags/hello_airflow.py
[2026-05-31T06:38:40.563+0000] {processor.py:914} INFO - Processing file /opt/airflow/dags/hello_airflow.py for tasks to queue
[2026-05-31T06:38:40.565+0000] {logging_mixin.py:190} INFO - [2026-05-31T06:38:40.565+0000] {dagbag.py:588} INFO - Filling up the DagBag from /opt/airflow/dags/hello_airflow.py
[2026-05-31T06:38:40.572+0000] {processor.py:925} INFO - DAG(s) 'hello_airflow' retrieved from /opt/airflow/dags/hello_airflow.py
[2026-05-31T06:38:40.591+0000] {logging_mixin.py:190} INFO - [2026-05-31T06:38:40.590+0000] {dag.py:3239} INFO - Sync 1 DAGs
[2026-05-31T06:38:40.613+0000] {logging_mixin.py:190} INFO - [2026-05-31T06:38:40.613+0000] {dag.py:4180} INFO - Setting next_dagrun for hello_airflow to 2026-05-31 06:37:00+00:00, run_after=2026-05-31 06:38:00+00:00
[2026-05-31T06:38:40.625+0000] {processor.py:208} INFO - Processing /opt/airflow/dags/hello_airflow.py took 0.068 seconds
[2026-05-31T06:39:11.486+0000] {processor.py:186} INFO - Started process (PID=6912) to work on /opt/airflow/dags/hello_airflow.py
[2026-05-31T06:39:11.487+0000] {processor.py:914} INFO - Processing file /opt/airflow/dags/hello_airflow.py for tasks to queue
[2026-05-31T06:39:11.489+0000] {logging_mixin.py:190} INFO - [2026-05-31T06:39:11.489+0000] {dagbag.py:588} INFO - Filling up the DagBag from /opt/airflow/dags/hello_airflow.py
[2026-05-31T06:39:11.496+0000] {processor.py:925} INFO - DAG(s) 'hello_airflow' retrieved from /opt/airflow/dags/hello_airflow.py
[2026-05-31T06:39:11.513+0000] {logging_mixin.py:190} INFO - [2026-05-31T06:39:11.513+0000] {dag.py:3239} INFO - Sync 1 DAGs
[2026-05-31T06:39:11.533+0000] {logging_mixin.py:190} INFO - [2026-05-31T06:39:11.533+0000] {dag.py:4180} INFO - Setting next_dagrun for hello_airflow to 2026-05-31 06:38:00+00:00, run_after=2026-05-31 06:39:00+00:00
[2026-05-31T06:39:11.547+0000] {processor.py:208} INFO - Processing /opt/airflow/dags/hello_airflow.py took 0.067 seconds
[2026-05-31T06:39:42.634+0000] {processor.py:186} INFO - Started process (PID=6936) to work on /opt/airflow/dags/hello_airflow.py
[2026-05-31T06:39:42.635+0000] {processor.py:914} INFO - Processing file /opt/airflow/dags/hello_airflow.py for tasks to queue
[2026-05-31T06:39:42.636+0000] {logging_mixin.py:190} INFO - [2026-05-31T06:39:42.636+0000] {dagbag.py:588} INFO - Filling up the DagBag from /opt/airflow/dags/hello_airflow.py
[2026-05-31T06:39:42.644+0000] {processor.py:925} INFO - DAG(s) 'hello_airflow' retrieved from /opt/airflow/dags/hello_airflow.py
[2026-05-31T06:39:42.661+0000] {logging_mixin.py:190} INFO - [2026-05-31T06:39:42.660+0000] {dag.py:3239} INFO - Sync 1 DAGs
[2026-05-31T06:39:42.681+0000] {logging_mixin.py:190} INFO - [2026-05-31T06:39:42.681+0000] {dag.py:4180} INFO - Setting next_dagrun for hello_airflow to 2026-05-31 06:38:00+00:00, run_after=2026-05-31 06:39:00+00:00
[2026-05-31T06:39:42.695+0000] {processor.py:208} INFO - Processing /opt/airflow/dags/hello_airflow.py took 0.066 seconds
[2026-05-31T06:40:12.949+0000] {processor.py:186} INFO - Started process (PID=6960) to work on /opt/airflow/dags/hello_airflow.py
[2026-05-31T06:40:12.950+0000] {processor.py:914} INFO - Processing file /opt/airflow/dags/hello_airflow.py for tasks to queue
[2026-05-31T06:40:12.952+0000] {logging_mixin.py:190} INFO - [2026-05-31T06:40:12.952+0000] {dagbag.py:588} INFO - Filling up the DagBag from /opt/airflow/dags/hello_airflow.py
[2026-05-31T06:40:12.960+0000] {processor.py:925} INFO - DAG(s) 'hello_airflow' retrieved from /opt/airflow/dags/hello_airflow.py
[2026-05-31T06:40:12.981+0000] {logging_mixin.py:190} INFO - [2026-05-31T06:40:12.981+0000] {dag.py:3239} INFO - Sync 1 DAGs
[2026-05-31T06:40:13.006+0000] {logging_mixin.py:190} INFO - [2026-05-31T06:40:13.006+0000] {dag.py:4180} INFO - Setting next_dagrun for hello_airflow to 2026-05-31 06:39:00+00:00, run_after=2026-05-31 06:40:00+00:00
[2026-05-31T06:40:13.022+0000] {processor.py:208} INFO - Processing /opt/airflow/dags/hello_airflow.py took 0.079 seconds
[2026-05-31T06:40:43.403+0000] {processor.py:186} INFO - Started process (PID=6984) to work on /opt/airflow/dags/hello_airflow.py
[2026-05-31T06:40:43.403+0000] {processor.py:914} INFO - Processing file /opt/airflow/dags/hello_airflow.py for tasks to queue
[2026-05-31T06:40:43.406+0000] {logging_mixin.py:190} INFO - [2026-05-31T06:40:43.406+0000] {dagbag.py:588} INFO - Filling up the DagBag from /opt/airflow/dags/hello_airflow.py
[2026-05-31T06:40:43.413+0000] {processor.py:925} INFO - DAG(s) 'hello_airflow' retrieved from /opt/airflow/dags/hello_airflow.py
[2026-05-31T06:40:43.434+0000] {logging_mixin.py:190} INFO - [2026-05-31T06:40:43.434+0000] {dag.py:3239} INFO - Sync 1 DAGs
[2026-05-31T06:40:43.457+0000] {logging_mixin.py:190} INFO - [2026-05-31T06:40:43.457+0000] {dag.py:4180} INFO - Setting next_dagrun for hello_airflow to 2026-05-31 06:39:00+00:00, run_after=2026-05-31 06:40:00+00:00
[2026-05-31T06:40:43.472+0000] {processor.py:208} INFO - Processing /opt/airflow/dags/hello_airflow.py took 0.074 seconds
[2026-05-31T06:41:13.720+0000] {processor.py:186} INFO - Started process (PID=7009) to work on /opt/airflow/dags/hello_airflow.py
[2026-05-31T06:41:13.721+0000] {processor.py:914} INFO - Processing file /opt/airflow/dags/hello_airflow.py for tasks to queue
[2026-05-31T06:41:13.723+0000] {logging_mixin.py:190} INFO - [2026-05-31T06:41:13.723+0000] {dagbag.py:588} INFO - Filling up the DagBag from /opt/airflow/dags/hello_airflow.py
[2026-05-31T06:41:13.730+0000] {processor.py:925} INFO - DAG(s) 'hello_airflow' retrieved from /opt/airflow/dags/hello_airflow.py
[2026-05-31T06:41:13.750+0000] {logging_mixin.py:190} INFO - [2026-05-31T06:41:13.750+0000] {dag.py:3239} INFO - Sync 1 DAGs
[2026-05-31T06:41:13.773+0000] {logging_mixin.py:190} INFO - [2026-05-31T06:41:13.773+0000] {dag.py:4180} INFO - Setting next_dagrun for hello_airflow to 2026-05-31 06:40:00+00:00, run_after=2026-05-31 06:41:00+00:00
[2026-05-31T06:41:13.788+0000] {processor.py:208} INFO - Processing /opt/airflow/dags/hello_airflow.py took 0.072 seconds
[2026-05-31T06:41:44.359+0000] {processor.py:186} INFO - Started process (PID=7033) to work on /opt/airflow/dags/hello_airflow.py
[2026-05-31T06:41:44.360+0000] {processor.py:914} INFO - Processing file /opt/airflow/dags/hello_airflow.py for tasks to queue
[2026-05-31T06:41:44.363+0000] {logging_mixin.py:190} INFO - [2026-05-31T06:41:44.362+0000] {dagbag.py:588} INFO - Filling up the DagBag from /opt/airflow/dags/hello_airflow.py
[2026-05-31T06:41:44.374+0000] {processor.py:925} INFO - DAG(s) 'hello_airflow' retrieved from /opt/airflow/dags/hello_airflow.py
[2026-05-31T06:41:44.394+0000] {logging_mixin.py:190} INFO - [2026-05-31T06:41:44.394+0000] {dag.py:3239} INFO - Sync 1 DAGs
[2026-05-31T06:41:44.416+0000] {logging_mixin.py:190} INFO - [2026-05-31T06:41:44.416+0000] {dag.py:4180} INFO - Setting next_dagrun for hello_airflow to 2026-05-31 06:40:00+00:00, run_after=2026-05-31 06:41:00+00:00
[2026-05-31T06:41:44.442+0000] {processor.py:208} INFO - Processing /opt/airflow/dags/hello_airflow.py took 0.088 seconds
[2026-05-31T06:42:15.190+0000] {processor.py:186} INFO - Started process (PID=7055) to work on /opt/airflow/dags/hello_airflow.py
[2026-05-31T06:42:15.192+0000] {processor.py:914} INFO - Processing file /opt/airflow/dags/hello_airflow.py for tasks to queue
[2026-05-31T06:42:15.194+0000] {logging_mixin.py:190} INFO - [2026-05-31T06:42:15.194+0000] {dagbag.py:588} INFO - Filling up the DagBag from /opt/airflow/dags/hello_airflow.py
[2026-05-31T06:42:15.203+0000] {processor.py:925} INFO - DAG(s) 'hello_airflow' retrieved from /opt/airflow/dags/hello_airflow.py
[2026-05-31T06:42:15.220+0000] {logging_mixin.py:190} INFO - [2026-05-31T06:42:15.220+0000] {dag.py:3239} INFO - Sync 1 DAGs
[2026-05-31T06:42:15.241+0000] {logging_mixin.py:190} INFO - [2026-05-31T06:42:15.241+0000] {dag.py:4180} INFO - Setting next_dagrun for hello_airflow to 2026-05-31 06:41:00+00:00, run_after=2026-05-31 06:42:00+00:00
[2026-05-31T06:42:15.255+0000] {processor.py:208} INFO - Processing /opt/airflow/dags/hello_airflow.py took 0.070 seconds
[2026-05-31T06:42:45.620+0000] {processor.py:186} INFO - Started process (PID=7075) to work on /opt/airflow/dags/hello_airflow.py
[2026-05-31T06:42:45.621+0000] {processor.py:914} INFO - Processing file /opt/airflow/dags/hello_airflow.py for tasks to queue
[2026-05-31T06:42:45.623+0000] {logging_mixin.py:190} INFO - [2026-05-31T06:42:45.623+0000] {dagbag.py:588} INFO - Filling up the DagBag from /opt/airflow/dags/hello_airflow.py
[2026-05-31T06:42:45.631+0000] {processor.py:925} INFO - DAG(s) 'hello_airflow' retrieved from /opt/airflow/dags/hello_airflow.py
[2026-05-31T06:42:45.653+0000] {logging_mixin.py:190} INFO - [2026-05-31T06:42:45.652+0000] {dag.py:3239} INFO - Sync 1 DAGs
[2026-05-31T06:42:45.675+0000] {logging_mixin.py:190} INFO - [2026-05-31T06:42:45.675+0000] {dag.py:4180} INFO - Setting next_dagrun for hello_airflow to 2026-05-31 06:41:00+00:00, run_after=2026-05-31 06:42:00+00:00
[2026-05-31T06:42:45.689+0000] {processor.py:208} INFO - Processing /opt/airflow/dags/hello_airflow.py took 0.075 seconds
[2026-05-31T06:43:16.256+0000] {processor.py:186} INFO - Started process (PID=7099) to work on /opt/airflow/dags/hello_airflow.py
[2026-05-31T06:43:16.257+0000] {processor.py:914} INFO - Processing file /opt/airflow/dags/hello_airflow.py for tasks to queue
[2026-05-31T06:43:16.258+0000] {logging_mixin.py:190} INFO - [2026-05-31T06:43:16.258+0000] {dagbag.py:588} INFO - Filling up the DagBag from /opt/airflow/dags/hello_airflow.py
[2026-05-31T06:43:16.268+0000] {processor.py:925} INFO - DAG(s) 'hello_airflow' retrieved from /opt/airflow/dags/hello_airflow.py
[2026-05-31T06:43:16.286+0000] {logging_mixin.py:190} INFO - [2026-05-31T06:43:16.286+0000] {dag.py:3239} INFO - Sync 1 DAGs
[2026-05-31T06:43:16.310+0000] {logging_mixin.py:190} INFO - [2026-05-31T06:43:16.309+0000] {dag.py:4180} INFO - Setting next_dagrun for hello_airflow to 2026-05-31 06:42:00+00:00, run_after=2026-05-31 06:43:00+00:00
[2026-05-31T06:43:16.325+0000] {processor.py:208} INFO - Processing /opt/airflow/dags/hello_airflow.py took 0.074 seconds
[2026-05-31T06:43:47.332+0000] {processor.py:186} INFO - Started process (PID=7124) to work on /opt/airflow/dags/hello_airflow.py
[2026-05-31T06:43:47.333+0000] {processor.py:914} INFO - Processing file /opt/airflow/dags/hello_airflow.py for tasks to queue
[2026-05-31T06:43:47.335+0000] {logging_mixin.py:190} INFO - [2026-05-31T06:43:47.335+0000] {dagbag.py:588} INFO - Filling up the DagBag from /opt/airflow/dags/hello_airflow.py
[2026-05-31T06:43:47.344+0000] {processor.py:925} INFO - DAG(s) 'hello_airflow' retrieved from /opt/airflow/dags/hello_airflow.py
[2026-05-31T06:43:47.364+0000] {logging_mixin.py:190} INFO - [2026-05-31T06:43:47.363+0000] {dag.py:3239} INFO - Sync 1 DAGs
[2026-05-31T06:43:47.390+0000] {logging_mixin.py:190} INFO - [2026-05-31T06:43:47.390+0000] {dag.py:4180} INFO - Setting next_dagrun for hello_airflow to 2026-05-31 06:42:00+00:00, run_after=2026-05-31 06:43:00+00:00
[2026-05-31T06:43:47.406+0000] {processor.py:208} INFO - Processing /opt/airflow/dags/hello_airflow.py took 0.079 seconds
[2026-05-31T06:44:18.334+0000] {processor.py:186} INFO - Started process (PID=7148) to work on /opt/airflow/dags/hello_airflow.py
[2026-05-31T06:44:18.336+0000] {processor.py:914} INFO - Processing file /opt/airflow/dags/hello_airflow.py for tasks to queue
[2026-05-31T06:44:18.338+0000] {logging_mixin.py:190} INFO - [2026-05-31T06:44:18.338+0000] {dagbag.py:588} INFO - Filling up the DagBag from /opt/airflow/dags/hello_airflow.py
[2026-05-31T06:44:18.347+0000] {processor.py:925} INFO - DAG(s) 'hello_airflow' retrieved from /opt/airflow/dags/hello_airflow.py
[2026-05-31T06:44:18.369+0000] {logging_mixin.py:190} INFO - [2026-05-31T06:44:18.369+0000] {dag.py:3239} INFO - Sync 1 DAGs
[2026-05-31T06:44:18.398+0000] {logging_mixin.py:190} INFO - [2026-05-31T06:44:18.398+0000] {dag.py:4180} INFO - Setting next_dagrun for hello_airflow to 2026-05-31 06:43:00+00:00, run_after=2026-05-31 06:44:00+00:00
[2026-05-31T06:44:18.416+0000] {processor.py:208} INFO - Processing /opt/airflow/dags/hello_airflow.py took 0.089 seconds
[2026-05-31T06:44:49.457+0000] {processor.py:186} INFO - Started process (PID=7172) to work on /opt/airflow/dags/hello_airflow.py
[2026-05-31T06:44:49.458+0000] {processor.py:914} INFO - Processing file /opt/airflow/dags/hello_airflow.py for tasks to queue
[2026-05-31T06:44:49.461+0000] {logging_mixin.py:190} INFO - [2026-05-31T06:44:49.461+0000] {dagbag.py:588} INFO - Filling up the DagBag from /opt/airflow/dags/hello_airflow.py
[2026-05-31T06:44:49.470+0000] {processor.py:925} INFO - DAG(s) 'hello_airflow' retrieved from /opt/airflow/dags/hello_airflow.py
[2026-05-31T06:44:49.490+0000] {logging_mixin.py:190} INFO - [2026-05-31T06:44:49.490+0000] {dag.py:3239} INFO - Sync 1 DAGs
[2026-05-31T06:44:49.516+0000] {logging_mixin.py:190} INFO - [2026-05-31T06:44:49.516+0000] {dag.py:4180} INFO - Setting next_dagrun for hello_airflow to 2026-05-31 06:43:00+00:00, run_after=2026-05-31 06:44:00+00:00
[2026-05-31T06:44:49.531+0000] {processor.py:208} INFO - Processing /opt/airflow/dags/hello_airflow.py took 0.084 seconds
[2026-05-31T06:45:19.822+0000] {processor.py:186} INFO - Started process (PID=7196) to work on /opt/airflow/dags/hello_airflow.py
[2026-05-31T06:45:19.833+0000] {processor.py:914} INFO - Processing file /opt/airflow/dags/hello_airflow.py for tasks to queue
[2026-05-31T06:45:19.835+0000] {logging_mixin.py:190} INFO - [2026-05-31T06:45:19.835+0000] {dagbag.py:588} INFO - Filling up the DagBag from /opt/airflow/dags/hello_airflow.py
[2026-05-31T06:45:19.842+0000] {processor.py:925} INFO - DAG(s) 'hello_airflow' retrieved from /opt/airflow/dags/hello_airflow.py
[2026-05-31T06:45:19.861+0000] {logging_mixin.py:190} INFO - [2026-05-31T06:45:19.861+0000] {dag.py:3239} INFO - Sync 1 DAGs
[2026-05-31T06:45:19.883+0000] {logging_mixin.py:190} INFO - [2026-05-31T06:45:19.883+0000] {dag.py:4180} INFO - Setting next_dagrun for hello_airflow to 2026-05-31 06:44:00+00:00, run_after=2026-05-31 06:45:00+00:00
[2026-05-31T06:45:19.896+0000] {processor.py:208} INFO - Processing /opt/airflow/dags/hello_airflow.py took 0.085 seconds
[2026-05-31T06:45:50.260+0000] {processor.py:186} INFO - Started process (PID=7220) to work on /opt/airflow/dags/hello_airflow.py
[2026-05-31T06:45:50.264+0000] {processor.py:914} INFO - Processing file /opt/airflow/dags/hello_airflow.py for tasks to queue
[2026-05-31T06:45:50.268+0000] {logging_mixin.py:190} INFO - [2026-05-31T06:45:50.267+0000] {dagbag.py:588} INFO - Filling up the DagBag from /opt/airflow/dags/hello_airflow.py
[2026-05-31T06:45:50.291+0000] {processor.py:925} INFO - DAG(s) 'hello_airflow' retrieved from /opt/airflow/dags/hello_airflow.py
[2026-05-31T06:45:50.331+0000] {logging_mixin.py:190} INFO - [2026-05-31T06:45:50.331+0000] {dag.py:3239} INFO - Sync 1 DAGs
[2026-05-31T06:45:50.357+0000] {logging_mixin.py:190} INFO - [2026-05-31T06:45:50.357+0000] {dag.py:4180} INFO - Setting next_dagrun for hello_airflow to 2026-05-31 06:44:00+00:00, run_after=2026-05-31 06:45:00+00:00
[2026-05-31T06:45:50.376+0000] {processor.py:208} INFO - Processing /opt/airflow/dags/hello_airflow.py took 0.140 seconds
[2026-05-31T06:46:20.797+0000] {processor.py:186} INFO - Started process (PID=7244) to work on /opt/airflow/dags/hello_airflow.py
[2026-05-31T06:46:20.798+0000] {processor.py:914} INFO - Processing file /opt/airflow/dags/hello_airflow.py for tasks to queue
[2026-05-31T06:46:20.801+0000] {logging_mixin.py:190} INFO - [2026-05-31T06:46:20.801+0000] {dagbag.py:588} INFO - Filling up the DagBag from /opt/airflow/dags/hello_airflow.py
[2026-05-31T06:46:20.810+0000] {processor.py:925} INFO - DAG(s) 'hello_airflow' retrieved from /opt/airflow/dags/hello_airflow.py
[2026-05-31T06:46:20.830+0000] {logging_mixin.py:190} INFO - [2026-05-31T06:46:20.830+0000] {dag.py:3239} INFO - Sync 1 DAGs
[2026-05-31T06:46:20.854+0000] {logging_mixin.py:190} INFO - [2026-05-31T06:46:20.854+0000] {dag.py:4180} INFO - Setting next_dagrun for hello_airflow to 2026-05-31 06:45:00+00:00, run_after=2026-05-31 06:46:00+00:00
[2026-05-31T06:46:20.869+0000] {processor.py:208} INFO - Processing /opt/airflow/dags/hello_airflow.py took 0.082 seconds
[2026-05-31T06:46:51.251+0000] {processor.py:186} INFO - Started process (PID=7269) to work on /opt/airflow/dags/hello_airflow.py
[2026-05-31T06:46:51.253+0000] {processor.py:914} INFO - Processing file /opt/airflow/dags/hello_airflow.py for tasks to queue
[2026-05-31T06:46:51.257+0000] {logging_mixin.py:190} INFO - [2026-05-31T06:46:51.255+0000] {dagbag.py:588} INFO - Filling up the DagBag from /opt/airflow/dags/hello_airflow.py
[2026-05-31T06:46:51.266+0000] {processor.py:925} INFO - DAG(s) 'hello_airflow' retrieved from /opt/airflow/dags/hello_airflow.py
[2026-05-31T06:46:51.283+0000] {logging_mixin.py:190} INFO - [2026-05-31T06:46:51.283+0000] {dag.py:3239} INFO - Sync 1 DAGs
[2026-05-31T06:46:51.303+0000] {logging_mixin.py:190} INFO - [2026-05-31T06:46:51.303+0000] {dag.py:4180} INFO - Setting next_dagrun for hello_airflow to 2026-05-31 06:45:00+00:00, run_after=2026-05-31 06:46:00+00:00
[2026-05-31T06:46:51.317+0000] {processor.py:208} INFO - Processing /opt/airflow/dags/hello_airflow.py took 0.074 seconds
[2026-05-31T06:47:21.726+0000] {processor.py:186} INFO - Started process (PID=7293) to work on /opt/airflow/dags/hello_airflow.py
[2026-05-31T06:47:21.728+0000] {processor.py:914} INFO - Processing file /opt/airflow/dags/hello_airflow.py for tasks to queue
[2026-05-31T06:47:21.730+0000] {logging_mixin.py:190} INFO - [2026-05-31T06:47:21.730+0000] {dagbag.py:588} INFO - Filling up the DagBag from /opt/airflow/dags/hello_airflow.py
[2026-05-31T06:47:21.740+0000] {processor.py:925} INFO - DAG(s) 'hello_airflow' retrieved from /opt/airflow/dags/hello_airflow.py
[2026-05-31T06:47:21.763+0000] {logging_mixin.py:190} INFO - [2026-05-31T06:47:21.763+0000] {dag.py:3239} INFO - Sync 1 DAGs
[2026-05-31T06:47:21.792+0000] {logging_mixin.py:190} INFO - [2026-05-31T06:47:21.792+0000] {dag.py:4180} INFO - Setting next_dagrun for hello_airflow to 2026-05-31 06:46:00+00:00, run_after=2026-05-31 06:47:00+00:00
[2026-05-31T06:47:21.809+0000] {processor.py:208} INFO - Processing /opt/airflow/dags/hello_airflow.py took 0.091 seconds
[2026-05-31T06:47:52.482+0000] {processor.py:186} INFO - Started process (PID=7318) to work on /opt/airflow/dags/hello_airflow.py
[2026-05-31T06:47:52.483+0000] {processor.py:914} INFO - Processing file /opt/airflow/dags/hello_airflow.py for tasks to queue
[2026-05-31T06:47:52.486+0000] {logging_mixin.py:190} INFO - [2026-05-31T06:47:52.486+0000] {dagbag.py:588} INFO - Filling up the DagBag from /opt/airflow/dags/hello_airflow.py
[2026-05-31T06:47:52.496+0000] {processor.py:925} INFO - DAG(s) 'hello_airflow' retrieved from /opt/airflow/dags/hello_airflow.py
[2026-05-31T06:47:52.517+0000] {logging_mixin.py:190} INFO - [2026-05-31T06:47:52.516+0000] {dag.py:3239} INFO - Sync 1 DAGs
[2026-05-31T06:47:52.540+0000] {logging_mixin.py:190} INFO - [2026-05-31T06:47:52.540+0000] {dag.py:4180} INFO - Setting next_dagrun for hello_airflow to 2026-05-31 06:46:00+00:00, run_after=2026-05-31 06:47:00+00:00
[2026-05-31T06:47:52.555+0000] {processor.py:208} INFO - Processing /opt/airflow/dags/hello_airflow.py took 0.078 seconds
[2026-05-31T06:48:22.680+0000] {processor.py:186} INFO - Started process (PID=7341) to work on /opt/airflow/dags/hello_airflow.py
[2026-05-31T06:48:22.685+0000] {processor.py:914} INFO - Processing file /opt/airflow/dags/hello_airflow.py for tasks to queue
[2026-05-31T06:48:22.690+0000] {logging_mixin.py:190} INFO - [2026-05-31T06:48:22.690+0000] {dagbag.py:588} INFO - Filling up the DagBag from /opt/airflow/dags/hello_airflow.py
[2026-05-31T06:48:22.707+0000] {processor.py:925} INFO - DAG(s) 'hello_airflow' retrieved from /opt/airflow/dags/hello_airflow.py
[2026-05-31T06:48:22.750+0000] {logging_mixin.py:190} INFO - [2026-05-31T06:48:22.750+0000] {dag.py:3239} INFO - Sync 1 DAGs
[2026-05-31T06:48:22.800+0000] {logging_mixin.py:190} INFO - [2026-05-31T06:48:22.800+0000] {dag.py:4180} INFO - Setting next_dagrun for hello_airflow to 2026-05-31 06:47:00+00:00, run_after=2026-05-31 06:48:00+00:00
[2026-05-31T06:48:22.829+0000] {processor.py:208} INFO - Processing /opt/airflow/dags/hello_airflow.py took 0.158 seconds
[2026-05-31T06:48:53.231+0000] {processor.py:186} INFO - Started process (PID=7365) to work on /opt/airflow/dags/hello_airflow.py
[2026-05-31T06:48:53.232+0000] {processor.py:914} INFO - Processing file /opt/airflow/dags/hello_airflow.py for tasks to queue
[2026-05-31T06:48:53.236+0000] {logging_mixin.py:190} INFO - [2026-05-31T06:48:53.235+0000] {dagbag.py:588} INFO - Filling up the DagBag from /opt/airflow/dags/hello_airflow.py
[2026-05-31T06:48:53.245+0000] {processor.py:925} INFO - DAG(s) 'hello_airflow' retrieved from /opt/airflow/dags/hello_airflow.py
[2026-05-31T06:48:53.262+0000] {logging_mixin.py:190} INFO - [2026-05-31T06:48:53.262+0000] {dag.py:3239} INFO - Sync 1 DAGs
[2026-05-31T06:48:53.283+0000] {logging_mixin.py:190} INFO - [2026-05-31T06:48:53.283+0000] {dag.py:4180} INFO - Setting next_dagrun for hello_airflow to 2026-05-31 06:47:00+00:00, run_after=2026-05-31 06:48:00+00:00
[2026-05-31T06:48:53.303+0000] {processor.py:208} INFO - Processing /opt/airflow/dags/hello_airflow.py took 0.080 seconds
[2026-05-31T06:49:23.435+0000] {processor.py:186} INFO - Started process (PID=7389) to work on /opt/airflow/dags/hello_airflow.py
[2026-05-31T06:49:23.435+0000] {processor.py:914} INFO - Processing file /opt/airflow/dags/hello_airflow.py for tasks to queue
[2026-05-31T06:49:23.437+0000] {logging_mixin.py:190} INFO - [2026-05-31T06:49:23.437+0000] {dagbag.py:588} INFO - Filling up the DagBag from /opt/airflow/dags/hello_airflow.py
[2026-05-31T06:49:23.464+0000] {processor.py:925} INFO - DAG(s) 'hello_airflow' retrieved from /opt/airflow/dags/hello_airflow.py
[2026-05-31T06:49:23.482+0000] {logging_mixin.py:190} INFO - [2026-05-31T06:49:23.482+0000] {dag.py:3239} INFO - Sync 1 DAGs
[2026-05-31T06:49:23.518+0000] {logging_mixin.py:190} INFO - [2026-05-31T06:49:23.517+0000] {dag.py:4180} INFO - Setting next_dagrun for hello_airflow to 2026-05-31 06:48:00+00:00, run_after=2026-05-31 06:49:00+00:00
[2026-05-31T06:49:23.531+0000] {processor.py:208} INFO - Processing /opt/airflow/dags/hello_airflow.py took 0.101 seconds
[2026-05-31T06:49:53.566+0000] {processor.py:186} INFO - Started process (PID=7407) to work on /opt/airflow/dags/hello_airflow.py
[2026-05-31T06:49:53.567+0000] {processor.py:914} INFO - Processing file /opt/airflow/dags/hello_airflow.py for tasks to queue
[2026-05-31T06:49:53.570+0000] {logging_mixin.py:190} INFO - [2026-05-31T06:49:53.569+0000] {dagbag.py:588} INFO - Filling up the DagBag from /opt/airflow/dags/hello_airflow.py
[2026-05-31T06:49:53.580+0000] {processor.py:925} INFO - DAG(s) 'hello_airflow' retrieved from /opt/airflow/dags/hello_airflow.py
[2026-05-31T06:49:53.600+0000] {logging_mixin.py:190} INFO - [2026-05-31T06:49:53.600+0000] {dag.py:3239} INFO - Sync 1 DAGs
[2026-05-31T06:49:53.622+0000] {logging_mixin.py:190} INFO - [2026-05-31T06:49:53.622+0000] {dag.py:4180} INFO - Setting next_dagrun for hello_airflow to 2026-05-31 06:48:00+00:00, run_after=2026-05-31 06:49:00+00:00
[2026-05-31T06:49:53.637+0000] {processor.py:208} INFO - Processing /opt/airflow/dags/hello_airflow.py took 0.077 seconds
[2026-05-31T06:50:23.984+0000] {processor.py:186} INFO - Started process (PID=7431) to work on /opt/airflow/dags/hello_airflow.py
[2026-05-31T06:50:23.985+0000] {processor.py:914} INFO - Processing file /opt/airflow/dags/hello_airflow.py for tasks to queue
[2026-05-31T06:50:23.986+0000] {logging_mixin.py:190} INFO - [2026-05-31T06:50:23.986+0000] {dagbag.py:588} INFO - Filling up the DagBag from /opt/airflow/dags/hello_airflow.py
[2026-05-31T06:50:24.009+0000] {processor.py:925} INFO - DAG(s) 'hello_airflow' retrieved from /opt/airflow/dags/hello_airflow.py
[2026-05-31T06:50:24.043+0000] {logging_mixin.py:190} INFO - [2026-05-31T06:50:24.043+0000] {dag.py:3239} INFO - Sync 1 DAGs
[2026-05-31T06:50:24.069+0000] {logging_mixin.py:190} INFO - [2026-05-31T06:50:24.069+0000] {dag.py:4180} INFO - Setting next_dagrun for hello_airflow to 2026-05-31 06:49:00+00:00, run_after=2026-05-31 06:50:00+00:00
[2026-05-31T06:50:24.082+0000] {processor.py:208} INFO - Processing /opt/airflow/dags/hello_airflow.py took 0.104 seconds
[2026-05-31T06:50:54.221+0000] {processor.py:186} INFO - Started process (PID=7456) to work on /opt/airflow/dags/hello_airflow.py
[2026-05-31T06:50:54.221+0000] {processor.py:914} INFO - Processing file /opt/airflow/dags/hello_airflow.py for tasks to queue
[2026-05-31T06:50:54.224+0000] {logging_mixin.py:190} INFO - [2026-05-31T06:50:54.224+0000] {dagbag.py:588} INFO - Filling up the DagBag from /opt/airflow/dags/hello_airflow.py
[2026-05-31T06:50:54.232+0000] {processor.py:925} INFO - DAG(s) 'hello_airflow' retrieved from /opt/airflow/dags/hello_airflow.py
[2026-05-31T06:50:54.250+0000] {logging_mixin.py:190} INFO - [2026-05-31T06:50:54.249+0000] {dag.py:3239} INFO - Sync 1 DAGs
[2026-05-31T06:50:54.270+0000] {logging_mixin.py:190} INFO - [2026-05-31T06:50:54.270+0000] {dag.py:4180} INFO - Setting next_dagrun for hello_airflow to 2026-05-31 06:49:00+00:00, run_after=2026-05-31 06:50:00+00:00
[2026-05-31T06:50:54.283+0000] {processor.py:208} INFO - Processing /opt/airflow/dags/hello_airflow.py took 0.067 seconds
[2026-05-31T06:51:24.548+0000] {processor.py:186} INFO - Started process (PID=7480) to work on /opt/airflow/dags/hello_airflow.py
[2026-05-31T06:51:24.549+0000] {processor.py:914} INFO - Processing file /opt/airflow/dags/hello_airflow.py for tasks to queue
[2026-05-31T06:51:24.550+0000] {logging_mixin.py:190} INFO - [2026-05-31T06:51:24.550+0000] {dagbag.py:588} INFO - Filling up the DagBag from /opt/airflow/dags/hello_airflow.py
[2026-05-31T06:51:24.559+0000] {processor.py:925} INFO - DAG(s) 'hello_airflow' retrieved from /opt/airflow/dags/hello_airflow.py
[2026-05-31T06:51:24.576+0000] {logging_mixin.py:190} INFO - [2026-05-31T06:51:24.576+0000] {dag.py:3239} INFO - Sync 1 DAGs
[2026-05-31T06:51:24.713+0000] {logging_mixin.py:190} INFO - [2026-05-31T06:51:24.712+0000] {dag.py:4180} INFO - Setting next_dagrun for hello_airflow to 2026-05-31 06:50:00+00:00, run_after=2026-05-31 06:51:00+00:00
[2026-05-31T06:51:24.724+0000] {processor.py:208} INFO - Processing /opt/airflow/dags/hello_airflow.py took 0.182 seconds
[2026-05-31T06:51:55.329+0000] {processor.py:186} INFO - Started process (PID=7504) to work on /opt/airflow/dags/hello_airflow.py
[2026-05-31T06:51:55.330+0000] {processor.py:914} INFO - Processing file /opt/airflow/dags/hello_airflow.py for tasks to queue
[2026-05-31T06:51:55.332+0000] {logging_mixin.py:190} INFO - [2026-05-31T06:51:55.332+0000] {dagbag.py:588} INFO - Filling up the DagBag from /opt/airflow/dags/hello_airflow.py
[2026-05-31T06:51:55.340+0000] {processor.py:925} INFO - DAG(s) 'hello_airflow' retrieved from /opt/airflow/dags/hello_airflow.py
[2026-05-31T06:51:55.358+0000] {logging_mixin.py:190} INFO - [2026-05-31T06:51:55.358+0000] {dag.py:3239} INFO - Sync 1 DAGs
[2026-05-31T06:51:55.379+0000] {logging_mixin.py:190} INFO - [2026-05-31T06:51:55.379+0000] {dag.py:4180} INFO - Setting next_dagrun for hello_airflow to 2026-05-31 06:50:00+00:00, run_after=2026-05-31 06:51:00+00:00
[2026-05-31T06:51:55.512+0000] {processor.py:208} INFO - Processing /opt/airflow/dags/hello_airflow.py took 0.189 seconds
[2026-05-31T06:52:25.883+0000] {processor.py:186} INFO - Started process (PID=7528) to work on /opt/airflow/dags/hello_airflow.py
[2026-05-31T06:52:25.884+0000] {processor.py:914} INFO - Processing file /opt/airflow/dags/hello_airflow.py for tasks to queue
[2026-05-31T06:52:25.885+0000] {logging_mixin.py:190} INFO - [2026-05-31T06:52:25.885+0000] {dagbag.py:588} INFO - Filling up the DagBag from /opt/airflow/dags/hello_airflow.py
[2026-05-31T06:52:25.893+0000] {processor.py:925} INFO - DAG(s) 'hello_airflow' retrieved from /opt/airflow/dags/hello_airflow.py
[2026-05-31T06:52:26.026+0000] {logging_mixin.py:190} INFO - [2026-05-31T06:52:26.026+0000] {dag.py:3239} INFO - Sync 1 DAGs
[2026-05-31T06:52:26.045+0000] {logging_mixin.py:190} INFO - [2026-05-31T06:52:26.044+0000] {dag.py:4180} INFO - Setting next_dagrun for hello_airflow to 2026-05-31 06:51:00+00:00, run_after=2026-05-31 06:52:00+00:00
[2026-05-31T06:52:26.058+0000] {processor.py:208} INFO - Processing /opt/airflow/dags/hello_airflow.py took 0.184 seconds
[2026-05-31T06:52:56.405+0000] {processor.py:186} INFO - Started process (PID=7553) to work on /opt/airflow/dags/hello_airflow.py
[2026-05-31T06:52:56.406+0000] {processor.py:914} INFO - Processing file /opt/airflow/dags/hello_airflow.py for tasks to queue
[2026-05-31T06:52:56.408+0000] {logging_mixin.py:190} INFO - [2026-05-31T06:52:56.408+0000] {dagbag.py:588} INFO - Filling up the DagBag from /opt/airflow/dags/hello_airflow.py
[2026-05-31T06:52:56.417+0000] {processor.py:925} INFO - DAG(s) 'hello_airflow' retrieved from /opt/airflow/dags/hello_airflow.py
[2026-05-31T06:52:56.440+0000] {logging_mixin.py:190} INFO - [2026-05-31T06:52:56.440+0000] {dag.py:3239} INFO - Sync 1 DAGs
[2026-05-31T06:52:56.618+0000] {logging_mixin.py:190} INFO - [2026-05-31T06:52:56.617+0000] {dag.py:4180} INFO - Setting next_dagrun for hello_airflow to 2026-05-31 06:51:00+00:00, run_after=2026-05-31 06:52:00+00:00
[2026-05-31T06:52:56.634+0000] {processor.py:208} INFO - Processing /opt/airflow/dags/hello_airflow.py took 0.234 seconds
[2026-05-31T06:53:26.858+0000] {processor.py:186} INFO - Started process (PID=7578) to work on /opt/airflow/dags/hello_airflow.py
[2026-05-31T06:53:26.859+0000] {processor.py:914} INFO - Processing file /opt/airflow/dags/hello_airflow.py for tasks to queue
[2026-05-31T06:53:26.861+0000] {logging_mixin.py:190} INFO - [2026-05-31T06:53:26.861+0000] {dagbag.py:588} INFO - Filling up the DagBag from /opt/airflow/dags/hello_airflow.py
[2026-05-31T06:53:26.870+0000] {processor.py:925} INFO - DAG(s) 'hello_airflow' retrieved from /opt/airflow/dags/hello_airflow.py
[2026-05-31T06:53:27.028+0000] {logging_mixin.py:190} INFO - [2026-05-31T06:53:27.028+0000] {dag.py:3239} INFO - Sync 1 DAGs
[2026-05-31T06:53:27.070+0000] {logging_mixin.py:190} INFO - [2026-05-31T06:53:27.070+0000] {dag.py:4180} INFO - Setting next_dagrun for hello_airflow to 2026-05-31 06:52:00+00:00, run_after=2026-05-31 06:53:00+00:00
[2026-05-31T06:53:27.088+0000] {processor.py:208} INFO - Processing /opt/airflow/dags/hello_airflow.py took 0.235 seconds
[2026-05-31T06:53:57.633+0000] {processor.py:186} INFO - Started process (PID=7603) to work on /opt/airflow/dags/hello_airflow.py
[2026-05-31T06:53:57.634+0000] {processor.py:914} INFO - Processing file /opt/airflow/dags/hello_airflow.py for tasks to queue
[2026-05-31T06:53:57.635+0000] {logging_mixin.py:190} INFO - [2026-05-31T06:53:57.635+0000] {dagbag.py:588} INFO - Filling up the DagBag from /opt/airflow/dags/hello_airflow.py
[2026-05-31T06:53:57.643+0000] {processor.py:925} INFO - DAG(s) 'hello_airflow' retrieved from /opt/airflow/dags/hello_airflow.py
[2026-05-31T06:53:57.662+0000] {logging_mixin.py:190} INFO - [2026-05-31T06:53:57.661+0000] {dag.py:3239} INFO - Sync 1 DAGs
[2026-05-31T06:53:57.684+0000] {logging_mixin.py:190} INFO - [2026-05-31T06:53:57.684+0000] {dag.py:4180} INFO - Setting next_dagrun for hello_airflow to 2026-05-31 06:52:00+00:00, run_after=2026-05-31 06:53:00+00:00
[2026-05-31T06:53:57.698+0000] {processor.py:208} INFO - Processing /opt/airflow/dags/hello_airflow.py took 0.071 seconds
[2026-05-31T06:54:28.129+0000] {processor.py:186} INFO - Started process (PID=7628) to work on /opt/airflow/dags/hello_airflow.py
[2026-05-31T06:54:28.130+0000] {processor.py:914} INFO - Processing file /opt/airflow/dags/hello_airflow.py for tasks to queue
[2026-05-31T06:54:28.134+0000] {logging_mixin.py:190} INFO - [2026-05-31T06:54:28.133+0000] {dagbag.py:588} INFO - Filling up the DagBag from /opt/airflow/dags/hello_airflow.py
[2026-05-31T06:54:28.143+0000] {processor.py:925} INFO - DAG(s) 'hello_airflow' retrieved from /opt/airflow/dags/hello_airflow.py
[2026-05-31T06:54:28.169+0000] {logging_mixin.py:190} INFO - [2026-05-31T06:54:28.169+0000] {dag.py:3239} INFO - Sync 1 DAGs
[2026-05-31T06:54:28.193+0000] {logging_mixin.py:190} INFO - [2026-05-31T06:54:28.192+0000] {dag.py:4180} INFO - Setting next_dagrun for hello_airflow to 2026-05-31 06:53:00+00:00, run_after=2026-05-31 06:54:00+00:00
[2026-05-31T06:54:28.208+0000] {processor.py:208} INFO - Processing /opt/airflow/dags/hello_airflow.py took 0.087 seconds
[2026-05-31T06:54:58.278+0000] {processor.py:186} INFO - Started process (PID=7652) to work on /opt/airflow/dags/hello_airflow.py
[2026-05-31T06:54:58.279+0000] {processor.py:914} INFO - Processing file /opt/airflow/dags/hello_airflow.py for tasks to queue
[2026-05-31T06:54:58.281+0000] {logging_mixin.py:190} INFO - [2026-05-31T06:54:58.281+0000] {dagbag.py:588} INFO - Filling up the DagBag from /opt/airflow/dags/hello_airflow.py
[2026-05-31T06:54:58.289+0000] {processor.py:925} INFO - DAG(s) 'hello_airflow' retrieved from /opt/airflow/dags/hello_airflow.py
[2026-05-31T06:54:58.307+0000] {logging_mixin.py:190} INFO - [2026-05-31T06:54:58.306+0000] {dag.py:3239} INFO - Sync 1 DAGs
[2026-05-31T06:54:58.328+0000] {logging_mixin.py:190} INFO - [2026-05-31T06:54:58.328+0000] {dag.py:4180} INFO - Setting next_dagrun for hello_airflow to 2026-05-31 06:53:00+00:00, run_after=2026-05-31 06:54:00+00:00
[2026-05-31T06:54:58.344+0000] {processor.py:208} INFO - Processing /opt/airflow/dags/hello_airflow.py took 0.071 seconds
[2026-05-31T06:55:28.376+0000] {processor.py:186} INFO - Started process (PID=7676) to work on /opt/airflow/dags/hello_airflow.py
[2026-05-31T06:55:28.377+0000] {processor.py:914} INFO - Processing file /opt/airflow/dags/hello_airflow.py for tasks to queue
[2026-05-31T06:55:28.380+0000] {logging_mixin.py:190} INFO - [2026-05-31T06:55:28.380+0000] {dagbag.py:588} INFO - Filling up the DagBag from /opt/airflow/dags/hello_airflow.py
[2026-05-31T06:55:28.392+0000] {processor.py:925} INFO - DAG(s) 'hello_airflow' retrieved from /opt/airflow/dags/hello_airflow.py
[2026-05-31T06:55:28.414+0000] {logging_mixin.py:190} INFO - [2026-05-31T06:55:28.414+0000] {dag.py:3239} INFO - Sync 1 DAGs
[2026-05-31T06:55:28.437+0000] {logging_mixin.py:190} INFO - [2026-05-31T06:55:28.437+0000] {dag.py:4180} INFO - Setting next_dagrun for hello_airflow to 2026-05-31 06:54:00+00:00, run_after=2026-05-31 06:55:00+00:00
[2026-05-31T06:55:28.451+0000] {processor.py:208} INFO - Processing /opt/airflow/dags/hello_airflow.py took 0.083 seconds
[2026-05-31T06:55:58.796+0000] {processor.py:186} INFO - Started process (PID=7700) to work on /opt/airflow/dags/hello_airflow.py
[2026-05-31T06:55:58.797+0000] {processor.py:914} INFO - Processing file /opt/airflow/dags/hello_airflow.py for tasks to queue
[2026-05-31T06:55:58.800+0000] {logging_mixin.py:190} INFO - [2026-05-31T06:55:58.800+0000] {dagbag.py:588} INFO - Filling up the DagBag from /opt/airflow/dags/hello_airflow.py
[2026-05-31T06:55:58.813+0000] {processor.py:925} INFO - DAG(s) 'hello_airflow' retrieved from /opt/airflow/dags/hello_airflow.py
[2026-05-31T06:55:58.840+0000] {logging_mixin.py:190} INFO - [2026-05-31T06:55:58.840+0000] {dag.py:3239} INFO - Sync 1 DAGs
[2026-05-31T06:55:58.865+0000] {logging_mixin.py:190} INFO - [2026-05-31T06:55:58.865+0000] {dag.py:4180} INFO - Setting next_dagrun for hello_airflow to 2026-05-31 06:54:00+00:00, run_after=2026-05-31 06:55:00+00:00
[2026-05-31T06:55:58.880+0000] {processor.py:208} INFO - Processing /opt/airflow/dags/hello_airflow.py took 0.095 seconds
[2026-05-31T06:56:29.050+0000] {processor.py:186} INFO - Started process (PID=7719) to work on /opt/airflow/dags/hello_airflow.py
[2026-05-31T06:56:29.052+0000] {processor.py:914} INFO - Processing file /opt/airflow/dags/hello_airflow.py for tasks to queue
[2026-05-31T06:56:29.054+0000] {logging_mixin.py:190} INFO - [2026-05-31T06:56:29.054+0000] {dagbag.py:588} INFO - Filling up the DagBag from /opt/airflow/dags/hello_airflow.py
[2026-05-31T06:56:29.062+0000] {processor.py:925} INFO - DAG(s) 'hello_airflow' retrieved from /opt/airflow/dags/hello_airflow.py
[2026-05-31T06:56:29.080+0000] {logging_mixin.py:190} INFO - [2026-05-31T06:56:29.080+0000] {dag.py:3239} INFO - Sync 1 DAGs
[2026-05-31T06:56:29.101+0000] {logging_mixin.py:190} INFO - [2026-05-31T06:56:29.100+0000] {dag.py:4180} INFO - Setting next_dagrun for hello_airflow to 2026-05-31 06:55:00+00:00, run_after=2026-05-31 06:56:00+00:00
[2026-05-31T06:56:29.114+0000] {processor.py:208} INFO - Processing /opt/airflow/dags/hello_airflow.py took 0.069 seconds
[2026-05-31T06:56:59.409+0000] {processor.py:186} INFO - Started process (PID=7743) to work on /opt/airflow/dags/hello_airflow.py
[2026-05-31T06:56:59.410+0000] {processor.py:914} INFO - Processing file /opt/airflow/dags/hello_airflow.py for tasks to queue
[2026-05-31T06:56:59.412+0000] {logging_mixin.py:190} INFO - [2026-05-31T06:56:59.412+0000] {dagbag.py:588} INFO - Filling up the DagBag from /opt/airflow/dags/hello_airflow.py
[2026-05-31T06:56:59.420+0000] {processor.py:925} INFO - DAG(s) 'hello_airflow' retrieved from /opt/airflow/dags/hello_airflow.py
[2026-05-31T06:56:59.437+0000] {logging_mixin.py:190} INFO - [2026-05-31T06:56:59.436+0000] {dag.py:3239} INFO - Sync 1 DAGs
[2026-05-31T06:56:59.457+0000] {logging_mixin.py:190} INFO - [2026-05-31T06:56:59.457+0000] {dag.py:4180} INFO - Setting next_dagrun for hello_airflow to 2026-05-31 06:55:00+00:00, run_after=2026-05-31 06:56:00+00:00
[2026-05-31T06:56:59.469+0000] {processor.py:208} INFO - Processing /opt/airflow/dags/hello_airflow.py took 0.066 seconds
[2026-05-31T06:57:29.511+0000] {processor.py:186} INFO - Started process (PID=7767) to work on /opt/airflow/dags/hello_airflow.py
[2026-05-31T06:57:29.512+0000] {processor.py:914} INFO - Processing file /opt/airflow/dags/hello_airflow.py for tasks to queue
[2026-05-31T06:57:29.514+0000] {logging_mixin.py:190} INFO - [2026-05-31T06:57:29.514+0000] {dagbag.py:588} INFO - Filling up the DagBag from /opt/airflow/dags/hello_airflow.py
[2026-05-31T06:57:29.522+0000] {processor.py:925} INFO - DAG(s) 'hello_airflow' retrieved from /opt/airflow/dags/hello_airflow.py
[2026-05-31T06:57:29.541+0000] {logging_mixin.py:190} INFO - [2026-05-31T06:57:29.541+0000] {dag.py:3239} INFO - Sync 1 DAGs
[2026-05-31T06:57:29.565+0000] {logging_mixin.py:190} INFO - [2026-05-31T06:57:29.564+0000] {dag.py:4180} INFO - Setting next_dagrun for hello_airflow to 2026-05-31 06:56:00+00:00, run_after=2026-05-31 06:57:00+00:00
[2026-05-31T06:57:29.579+0000] {processor.py:208} INFO - Processing /opt/airflow/dags/hello_airflow.py took 0.075 seconds
[2026-05-31T06:58:00.214+0000] {processor.py:186} INFO - Started process (PID=7791) to work on /opt/airflow/dags/hello_airflow.py
[2026-05-31T06:58:00.214+0000] {processor.py:914} INFO - Processing file /opt/airflow/dags/hello_airflow.py for tasks to queue
[2026-05-31T06:58:00.217+0000] {logging_mixin.py:190} INFO - [2026-05-31T06:58:00.217+0000] {dagbag.py:588} INFO - Filling up the DagBag from /opt/airflow/dags/hello_airflow.py
[2026-05-31T06:58:00.227+0000] {processor.py:925} INFO - DAG(s) 'hello_airflow' retrieved from /opt/airflow/dags/hello_airflow.py
[2026-05-31T06:58:00.248+0000] {logging_mixin.py:190} INFO - [2026-05-31T06:58:00.247+0000] {dag.py:3239} INFO - Sync 1 DAGs
[2026-05-31T06:58:00.269+0000] {logging_mixin.py:190} INFO - [2026-05-31T06:58:00.269+0000] {dag.py:4180} INFO - Setting next_dagrun for hello_airflow to 2026-05-31 06:57:00+00:00, run_after=2026-05-31 06:58:00+00:00
[2026-05-31T06:58:00.283+0000] {processor.py:208} INFO - Processing /opt/airflow/dags/hello_airflow.py took 0.075 seconds
[2026-05-31T06:58:31.353+0000] {processor.py:186} INFO - Started process (PID=7815) to work on /opt/airflow/dags/hello_airflow.py
[2026-05-31T06:58:31.356+0000] {processor.py:914} INFO - Processing file /opt/airflow/dags/hello_airflow.py for tasks to queue
[2026-05-31T06:58:31.361+0000] {logging_mixin.py:190} INFO - [2026-05-31T06:58:31.361+0000] {dagbag.py:588} INFO - Filling up the DagBag from /opt/airflow/dags/hello_airflow.py
[2026-05-31T06:58:31.378+0000] {processor.py:925} INFO - DAG(s) 'hello_airflow' retrieved from /opt/airflow/dags/hello_airflow.py
[2026-05-31T06:58:31.407+0000] {logging_mixin.py:190} INFO - [2026-05-31T06:58:31.407+0000] {dag.py:3239} INFO - Sync 1 DAGs
[2026-05-31T06:58:31.429+0000] {logging_mixin.py:190} INFO - [2026-05-31T06:58:31.429+0000] {dag.py:4180} INFO - Setting next_dagrun for hello_airflow to 2026-05-31 06:57:00+00:00, run_after=2026-05-31 06:58:00+00:00
[2026-05-31T06:58:31.442+0000] {processor.py:208} INFO - Processing /opt/airflow/dags/hello_airflow.py took 0.101 seconds
[2026-05-31T06:59:02.500+0000] {processor.py:186} INFO - Started process (PID=7839) to work on /opt/airflow/dags/hello_airflow.py
[2026-05-31T06:59:02.505+0000] {processor.py:914} INFO - Processing file /opt/airflow/dags/hello_airflow.py for tasks to queue
[2026-05-31T06:59:02.510+0000] {logging_mixin.py:190} INFO - [2026-05-31T06:59:02.510+0000] {dagbag.py:588} INFO - Filling up the DagBag from /opt/airflow/dags/hello_airflow.py
[2026-05-31T06:59:02.523+0000] {processor.py:925} INFO - DAG(s) 'hello_airflow' retrieved from /opt/airflow/dags/hello_airflow.py
[2026-05-31T06:59:02.547+0000] {logging_mixin.py:190} INFO - [2026-05-31T06:59:02.546+0000] {dag.py:3239} INFO - Sync 1 DAGs
[2026-05-31T06:59:02.569+0000] {logging_mixin.py:190} INFO - [2026-05-31T06:59:02.569+0000] {dag.py:4180} INFO - Setting next_dagrun for hello_airflow to 2026-05-31 06:58:00+00:00, run_after=2026-05-31 06:59:00+00:00
[2026-05-31T06:59:02.582+0000] {processor.py:208} INFO - Processing /opt/airflow/dags/hello_airflow.py took 0.091 seconds
[2026-05-31T06:59:33.212+0000] {processor.py:186} INFO - Started process (PID=7864) to work on /opt/airflow/dags/hello_airflow.py
[2026-05-31T06:59:33.213+0000] {processor.py:914} INFO - Processing file /opt/airflow/dags/hello_airflow.py for tasks to queue
[2026-05-31T06:59:33.216+0000] {logging_mixin.py:190} INFO - [2026-05-31T06:59:33.215+0000] {dagbag.py:588} INFO - Filling up the DagBag from /opt/airflow/dags/hello_airflow.py
[2026-05-31T06:59:33.223+0000] {processor.py:925} INFO - DAG(s) 'hello_airflow' retrieved from /opt/airflow/dags/hello_airflow.py
[2026-05-31T06:59:33.239+0000] {logging_mixin.py:190} INFO - [2026-05-31T06:59:33.238+0000] {dag.py:3239} INFO - Sync 1 DAGs
[2026-05-31T06:59:33.259+0000] {logging_mixin.py:190} INFO - [2026-05-31T06:59:33.259+0000] {dag.py:4180} INFO - Setting next_dagrun for hello_airflow to 2026-05-31 06:58:00+00:00, run_after=2026-05-31 06:59:00+00:00
[2026-05-31T06:59:33.271+0000] {processor.py:208} INFO - Processing /opt/airflow/dags/hello_airflow.py took 0.064 seconds
[2026-05-31T07:00:04.172+0000] {processor.py:186} INFO - Started process (PID=7889) to work on /opt/airflow/dags/hello_airflow.py
[2026-05-31T07:00:04.173+0000] {processor.py:914} INFO - Processing file /opt/airflow/dags/hello_airflow.py for tasks to queue
[2026-05-31T07:00:04.175+0000] {logging_mixin.py:190} INFO - [2026-05-31T07:00:04.175+0000] {dagbag.py:588} INFO - Filling up the DagBag from /opt/airflow/dags/hello_airflow.py
[2026-05-31T07:00:04.184+0000] {processor.py:925} INFO - DAG(s) 'hello_airflow' retrieved from /opt/airflow/dags/hello_airflow.py
[2026-05-31T07:00:04.201+0000] {logging_mixin.py:190} INFO - [2026-05-31T07:00:04.200+0000] {dag.py:3239} INFO - Sync 1 DAGs
[2026-05-31T07:00:04.221+0000] {logging_mixin.py:190} INFO - [2026-05-31T07:00:04.221+0000] {dag.py:4180} INFO - Setting next_dagrun for hello_airflow to 2026-05-31 06:59:00+00:00, run_after=2026-05-31 07:00:00+00:00
[2026-05-31T07:00:04.234+0000] {processor.py:208} INFO - Processing /opt/airflow/dags/hello_airflow.py took 0.067 seconds
[2026-05-31T07:00:34.978+0000] {processor.py:186} INFO - Started process (PID=7913) to work on /opt/airflow/dags/hello_airflow.py
[2026-05-31T07:00:34.979+0000] {processor.py:914} INFO - Processing file /opt/airflow/dags/hello_airflow.py for tasks to queue
[2026-05-31T07:00:34.982+0000] {logging_mixin.py:190} INFO - [2026-05-31T07:00:34.981+0000] {dagbag.py:588} INFO - Filling up the DagBag from /opt/airflow/dags/hello_airflow.py
[2026-05-31T07:00:34.993+0000] {processor.py:925} INFO - DAG(s) 'hello_airflow' retrieved from /opt/airflow/dags/hello_airflow.py
[2026-05-31T07:00:35.022+0000] {logging_mixin.py:190} INFO - [2026-05-31T07:00:35.022+0000] {dag.py:3239} INFO - Sync 1 DAGs
[2026-05-31T07:00:35.047+0000] {logging_mixin.py:190} INFO - [2026-05-31T07:00:35.047+0000] {dag.py:4180} INFO - Setting next_dagrun for hello_airflow to 2026-05-31 06:59:00+00:00, run_after=2026-05-31 07:00:00+00:00
[2026-05-31T07:00:35.066+0000] {processor.py:208} INFO - Processing /opt/airflow/dags/hello_airflow.py took 0.097 seconds
[2026-05-31T07:01:05.766+0000] {processor.py:186} INFO - Started process (PID=7937) to work on /opt/airflow/dags/hello_airflow.py
[2026-05-31T07:01:05.772+0000] {processor.py:914} INFO - Processing file /opt/airflow/dags/hello_airflow.py for tasks to queue
[2026-05-31T07:01:05.775+0000] {logging_mixin.py:190} INFO - [2026-05-31T07:01:05.774+0000] {dagbag.py:588} INFO - Filling up the DagBag from /opt/airflow/dags/hello_airflow.py
[2026-05-31T07:01:05.786+0000] {processor.py:925} INFO - DAG(s) 'hello_airflow' retrieved from /opt/airflow/dags/hello_airflow.py
[2026-05-31T07:01:05.839+0000] {logging_mixin.py:190} INFO - [2026-05-31T07:01:05.837+0000] {dag.py:3239} INFO - Sync 1 DAGs
[2026-05-31T07:01:05.868+0000] {logging_mixin.py:190} INFO - [2026-05-31T07:01:05.868+0000] {dag.py:4180} INFO - Setting next_dagrun for hello_airflow to 2026-05-31 07:00:00+00:00, run_after=2026-05-31 07:01:00+00:00
[2026-05-31T07:01:05.883+0000] {processor.py:208} INFO - Processing /opt/airflow/dags/hello_airflow.py took 0.127 seconds
[2026-05-31T07:01:36.787+0000] {processor.py:186} INFO - Started process (PID=7961) to work on /opt/airflow/dags/hello_airflow.py
[2026-05-31T07:01:36.796+0000] {processor.py:914} INFO - Processing file /opt/airflow/dags/hello_airflow.py for tasks to queue
[2026-05-31T07:01:36.799+0000] {logging_mixin.py:190} INFO - [2026-05-31T07:01:36.798+0000] {dagbag.py:588} INFO - Filling up the DagBag from /opt/airflow/dags/hello_airflow.py
[2026-05-31T07:01:36.815+0000] {processor.py:925} INFO - DAG(s) 'hello_airflow' retrieved from /opt/airflow/dags/hello_airflow.py
[2026-05-31T07:01:36.861+0000] {logging_mixin.py:190} INFO - [2026-05-31T07:01:36.860+0000] {dag.py:3239} INFO - Sync 1 DAGs
[2026-05-31T07:01:36.898+0000] {logging_mixin.py:190} INFO - [2026-05-31T07:01:36.898+0000] {dag.py:4180} INFO - Setting next_dagrun for hello_airflow to 2026-05-31 07:00:00+00:00, run_after=2026-05-31 07:01:00+00:00
[2026-05-31T07:01:36.925+0000] {processor.py:208} INFO - Processing /opt/airflow/dags/hello_airflow.py took 0.144 seconds
[2026-05-31T07:02:07.160+0000] {processor.py:186} INFO - Started process (PID=7984) to work on /opt/airflow/dags/hello_airflow.py
[2026-05-31T07:02:07.161+0000] {processor.py:914} INFO - Processing file /opt/airflow/dags/hello_airflow.py for tasks to queue
[2026-05-31T07:02:07.196+0000] {logging_mixin.py:190} INFO - [2026-05-31T07:02:07.195+0000] {dagbag.py:588} INFO - Filling up the DagBag from /opt/airflow/dags/hello_airflow.py
[2026-05-31T07:02:07.261+0000] {processor.py:925} INFO - DAG(s) 'hello_airflow' retrieved from /opt/airflow/dags/hello_airflow.py
[2026-05-31T07:02:07.332+0000] {logging_mixin.py:190} INFO - [2026-05-31T07:02:07.332+0000] {dag.py:3239} INFO - Sync 1 DAGs
[2026-05-31T07:02:07.360+0000] {logging_mixin.py:190} INFO - [2026-05-31T07:02:07.360+0000] {dag.py:4180} INFO - Setting next_dagrun for hello_airflow to 2026-05-31 07:01:00+00:00, run_after=2026-05-31 07:02:00+00:00
[2026-05-31T07:02:07.378+0000] {processor.py:208} INFO - Processing /opt/airflow/dags/hello_airflow.py took 0.249 seconds
[2026-05-31T07:02:38.197+0000] {processor.py:186} INFO - Started process (PID=8013) to work on /opt/airflow/dags/hello_airflow.py
[2026-05-31T07:02:38.198+0000] {processor.py:914} INFO - Processing file /opt/airflow/dags/hello_airflow.py for tasks to queue
[2026-05-31T07:02:38.201+0000] {logging_mixin.py:190} INFO - [2026-05-31T07:02:38.200+0000] {dagbag.py:588} INFO - Filling up the DagBag from /opt/airflow/dags/hello_airflow.py
[2026-05-31T07:02:38.208+0000] {processor.py:925} INFO - DAG(s) 'hello_airflow' retrieved from /opt/airflow/dags/hello_airflow.py
[2026-05-31T07:02:38.229+0000] {logging_mixin.py:190} INFO - [2026-05-31T07:02:38.229+0000] {dag.py:3239} INFO - Sync 1 DAGs
[2026-05-31T07:02:38.252+0000] {logging_mixin.py:190} INFO - [2026-05-31T07:02:38.252+0000] {dag.py:4180} INFO - Setting next_dagrun for hello_airflow to 2026-05-31 07:01:00+00:00, run_after=2026-05-31 07:02:00+00:00
[2026-05-31T07:02:38.270+0000] {processor.py:208} INFO - Processing /opt/airflow/dags/hello_airflow.py took 0.077 seconds
[2026-05-31T07:03:08.475+0000] {processor.py:186} INFO - Started process (PID=8037) to work on /opt/airflow/dags/hello_airflow.py
[2026-05-31T07:03:08.476+0000] {processor.py:914} INFO - Processing file /opt/airflow/dags/hello_airflow.py for tasks to queue
[2026-05-31T07:03:08.478+0000] {logging_mixin.py:190} INFO - [2026-05-31T07:03:08.478+0000] {dagbag.py:588} INFO - Filling up the DagBag from /opt/airflow/dags/hello_airflow.py
[2026-05-31T07:03:08.487+0000] {processor.py:925} INFO - DAG(s) 'hello_airflow' retrieved from /opt/airflow/dags/hello_airflow.py
[2026-05-31T07:03:08.504+0000] {logging_mixin.py:190} INFO - [2026-05-31T07:03:08.504+0000] {dag.py:3239} INFO - Sync 1 DAGs
[2026-05-31T07:03:08.525+0000] {logging_mixin.py:190} INFO - [2026-05-31T07:03:08.525+0000] {dag.py:4180} INFO - Setting next_dagrun for hello_airflow to 2026-05-31 07:02:00+00:00, run_after=2026-05-31 07:03:00+00:00
[2026-05-31T07:03:08.544+0000] {processor.py:208} INFO - Processing /opt/airflow/dags/hello_airflow.py took 0.074 seconds
[2026-05-31T07:03:39.512+0000] {processor.py:186} INFO - Started process (PID=8061) to work on /opt/airflow/dags/hello_airflow.py
[2026-05-31T07:03:39.516+0000] {processor.py:914} INFO - Processing file /opt/airflow/dags/hello_airflow.py for tasks to queue
[2026-05-31T07:03:39.518+0000] {logging_mixin.py:190} INFO - [2026-05-31T07:03:39.517+0000] {dagbag.py:588} INFO - Filling up the DagBag from /opt/airflow/dags/hello_airflow.py
[2026-05-31T07:03:39.526+0000] {processor.py:925} INFO - DAG(s) 'hello_airflow' retrieved from /opt/airflow/dags/hello_airflow.py
[2026-05-31T07:03:39.543+0000] {logging_mixin.py:190} INFO - [2026-05-31T07:03:39.543+0000] {dag.py:3239} INFO - Sync 1 DAGs
[2026-05-31T07:03:39.565+0000] {logging_mixin.py:190} INFO - [2026-05-31T07:03:39.565+0000] {dag.py:4180} INFO - Setting next_dagrun for hello_airflow to 2026-05-31 07:02:00+00:00, run_after=2026-05-31 07:03:00+00:00
[2026-05-31T07:03:39.578+0000] {processor.py:208} INFO - Processing /opt/airflow/dags/hello_airflow.py took 0.071 seconds
[2026-05-31T07:04:10.346+0000] {processor.py:186} INFO - Started process (PID=8080) to work on /opt/airflow/dags/hello_airflow.py
[2026-05-31T07:04:10.347+0000] {processor.py:914} INFO - Processing file /opt/airflow/dags/hello_airflow.py for tasks to queue
[2026-05-31T07:04:10.349+0000] {logging_mixin.py:190} INFO - [2026-05-31T07:04:10.349+0000] {dagbag.py:588} INFO - Filling up the DagBag from /opt/airflow/dags/hello_airflow.py
[2026-05-31T07:04:10.358+0000] {processor.py:925} INFO - DAG(s) 'hello_airflow' retrieved from /opt/airflow/dags/hello_airflow.py
[2026-05-31T07:04:10.375+0000] {logging_mixin.py:190} INFO - [2026-05-31T07:04:10.375+0000] {dag.py:3239} INFO - Sync 1 DAGs
[2026-05-31T07:04:10.396+0000] {logging_mixin.py:190} INFO - [2026-05-31T07:04:10.395+0000] {dag.py:4180} INFO - Setting next_dagrun for hello_airflow to 2026-05-31 07:03:00+00:00, run_after=2026-05-31 07:04:00+00:00
[2026-05-31T07:04:10.411+0000] {processor.py:208} INFO - Processing /opt/airflow/dags/hello_airflow.py took 0.070 seconds
[2026-05-31T07:04:40.492+0000] {processor.py:186} INFO - Started process (PID=8104) to work on /opt/airflow/dags/hello_airflow.py
[2026-05-31T07:04:40.492+0000] {processor.py:914} INFO - Processing file /opt/airflow/dags/hello_airflow.py for tasks to queue
[2026-05-31T07:04:40.494+0000] {logging_mixin.py:190} INFO - [2026-05-31T07:04:40.494+0000] {dagbag.py:588} INFO - Filling up the DagBag from /opt/airflow/dags/hello_airflow.py
[2026-05-31T07:04:40.503+0000] {processor.py:925} INFO - DAG(s) 'hello_airflow' retrieved from /opt/airflow/dags/hello_airflow.py
[2026-05-31T07:04:40.519+0000] {logging_mixin.py:190} INFO - [2026-05-31T07:04:40.519+0000] {dag.py:3239} INFO - Sync 1 DAGs
[2026-05-31T07:04:40.542+0000] {logging_mixin.py:190} INFO - [2026-05-31T07:04:40.542+0000] {dag.py:4180} INFO - Setting next_dagrun for hello_airflow to 2026-05-31 07:03:00+00:00, run_after=2026-05-31 07:04:00+00:00
[2026-05-31T07:04:40.555+0000] {processor.py:208} INFO - Processing /opt/airflow/dags/hello_airflow.py took 0.070 seconds
[2026-05-31T07:05:10.663+0000] {processor.py:186} INFO - Started process (PID=8129) to work on /opt/airflow/dags/hello_airflow.py
[2026-05-31T07:05:10.663+0000] {processor.py:914} INFO - Processing file /opt/airflow/dags/hello_airflow.py for tasks to queue
[2026-05-31T07:05:10.665+0000] {logging_mixin.py:190} INFO - [2026-05-31T07:05:10.665+0000] {dagbag.py:588} INFO - Filling up the DagBag from /opt/airflow/dags/hello_airflow.py
[2026-05-31T07:05:10.706+0000] {processor.py:925} INFO - DAG(s) 'hello_airflow' retrieved from /opt/airflow/dags/hello_airflow.py
[2026-05-31T07:05:10.734+0000] {logging_mixin.py:190} INFO - [2026-05-31T07:05:10.734+0000] {dag.py:3239} INFO - Sync 1 DAGs
[2026-05-31T07:05:10.770+0000] {logging_mixin.py:190} INFO - [2026-05-31T07:05:10.770+0000] {dag.py:4180} INFO - Setting next_dagrun for hello_airflow to 2026-05-31 07:04:00+00:00, run_after=2026-05-31 07:05:00+00:00
[2026-05-31T07:05:10.785+0000] {processor.py:208} INFO - Processing /opt/airflow/dags/hello_airflow.py took 0.127 seconds
[2026-05-31T07:05:40.879+0000] {processor.py:186} INFO - Started process (PID=8154) to work on /opt/airflow/dags/hello_airflow.py
[2026-05-31T07:05:40.880+0000] {processor.py:914} INFO - Processing file /opt/airflow/dags/hello_airflow.py for tasks to queue
[2026-05-31T07:05:40.882+0000] {logging_mixin.py:190} INFO - [2026-05-31T07:05:40.881+0000] {dagbag.py:588} INFO - Filling up the DagBag from /opt/airflow/dags/hello_airflow.py
[2026-05-31T07:05:40.891+0000] {processor.py:925} INFO - DAG(s) 'hello_airflow' retrieved from /opt/airflow/dags/hello_airflow.py
[2026-05-31T07:05:40.912+0000] {logging_mixin.py:190} INFO - [2026-05-31T07:05:40.911+0000] {dag.py:3239} INFO - Sync 1 DAGs
[2026-05-31T07:05:40.937+0000] {logging_mixin.py:190} INFO - [2026-05-31T07:05:40.937+0000] {dag.py:4180} INFO - Setting next_dagrun for hello_airflow to 2026-05-31 07:04:00+00:00, run_after=2026-05-31 07:05:00+00:00
[2026-05-31T07:05:40.953+0000] {processor.py:208} INFO - Processing /opt/airflow/dags/hello_airflow.py took 0.079 seconds
[2026-05-31T07:06:11.803+0000] {processor.py:186} INFO - Started process (PID=8177) to work on /opt/airflow/dags/hello_airflow.py
[2026-05-31T07:06:11.804+0000] {processor.py:914} INFO - Processing file /opt/airflow/dags/hello_airflow.py for tasks to queue
[2026-05-31T07:06:11.805+0000] {logging_mixin.py:190} INFO - [2026-05-31T07:06:11.805+0000] {dagbag.py:588} INFO - Filling up the DagBag from /opt/airflow/dags/hello_airflow.py
[2026-05-31T07:06:11.813+0000] {processor.py:925} INFO - DAG(s) 'hello_airflow' retrieved from /opt/airflow/dags/hello_airflow.py
[2026-05-31T07:06:11.832+0000] {logging_mixin.py:190} INFO - [2026-05-31T07:06:11.832+0000] {dag.py:3239} INFO - Sync 1 DAGs
[2026-05-31T07:06:11.852+0000] {logging_mixin.py:190} INFO - [2026-05-31T07:06:11.852+0000] {dag.py:4180} INFO - Setting next_dagrun for hello_airflow to 2026-05-31 07:05:00+00:00, run_after=2026-05-31 07:06:00+00:00
[2026-05-31T07:06:11.864+0000] {processor.py:208} INFO - Processing /opt/airflow/dags/hello_airflow.py took 0.066 seconds
[2026-05-31T07:06:42.638+0000] {processor.py:186} INFO - Started process (PID=8200) to work on /opt/airflow/dags/hello_airflow.py
[2026-05-31T07:06:42.639+0000] {processor.py:914} INFO - Processing file /opt/airflow/dags/hello_airflow.py for tasks to queue
[2026-05-31T07:06:42.641+0000] {logging_mixin.py:190} INFO - [2026-05-31T07:06:42.641+0000] {dagbag.py:588} INFO - Filling up the DagBag from /opt/airflow/dags/hello_airflow.py
[2026-05-31T07:06:42.651+0000] {processor.py:925} INFO - DAG(s) 'hello_airflow' retrieved from /opt/airflow/dags/hello_airflow.py
[2026-05-31T07:06:42.670+0000] {logging_mixin.py:190} INFO - [2026-05-31T07:06:42.670+0000] {dag.py:3239} INFO - Sync 1 DAGs
[2026-05-31T07:06:42.692+0000] {logging_mixin.py:190} INFO - [2026-05-31T07:06:42.692+0000] {dag.py:4180} INFO - Setting next_dagrun for hello_airflow to 2026-05-31 07:05:00+00:00, run_after=2026-05-31 07:06:00+00:00
[2026-05-31T07:06:42.705+0000] {processor.py:208} INFO - Processing /opt/airflow/dags/hello_airflow.py took 0.072 seconds
[2026-05-31T07:07:13.425+0000] {processor.py:186} INFO - Started process (PID=8224) to work on /opt/airflow/dags/hello_airflow.py
[2026-05-31T07:07:13.425+0000] {processor.py:914} INFO - Processing file /opt/airflow/dags/hello_airflow.py for tasks to queue
[2026-05-31T07:07:13.427+0000] {logging_mixin.py:190} INFO - [2026-05-31T07:07:13.427+0000] {dagbag.py:588} INFO - Filling up the DagBag from /opt/airflow/dags/hello_airflow.py
[2026-05-31T07:07:13.435+0000] {processor.py:925} INFO - DAG(s) 'hello_airflow' retrieved from /opt/airflow/dags/hello_airflow.py
[2026-05-31T07:07:13.454+0000] {logging_mixin.py:190} INFO - [2026-05-31T07:07:13.454+0000] {dag.py:3239} INFO - Sync 1 DAGs
[2026-05-31T07:07:13.476+0000] {logging_mixin.py:190} INFO - [2026-05-31T07:07:13.476+0000] {dag.py:4180} INFO - Setting next_dagrun for hello_airflow to 2026-05-31 07:06:00+00:00, run_after=2026-05-31 07:07:00+00:00
[2026-05-31T07:07:13.490+0000] {processor.py:208} INFO - Processing /opt/airflow/dags/hello_airflow.py took 0.071 seconds
[2026-05-31T07:07:44.546+0000] {processor.py:186} INFO - Started process (PID=8248) to work on /opt/airflow/dags/hello_airflow.py
[2026-05-31T07:07:44.551+0000] {processor.py:914} INFO - Processing file /opt/airflow/dags/hello_airflow.py for tasks to queue
[2026-05-31T07:07:44.555+0000] {logging_mixin.py:190} INFO - [2026-05-31T07:07:44.555+0000] {dagbag.py:588} INFO - Filling up the DagBag from /opt/airflow/dags/hello_airflow.py
[2026-05-31T07:07:44.573+0000] {processor.py:925} INFO - DAG(s) 'hello_airflow' retrieved from /opt/airflow/dags/hello_airflow.py
[2026-05-31T07:07:44.594+0000] {logging_mixin.py:190} INFO - [2026-05-31T07:07:44.594+0000] {dag.py:3239} INFO - Sync 1 DAGs
[2026-05-31T07:07:44.618+0000] {logging_mixin.py:190} INFO - [2026-05-31T07:07:44.617+0000] {dag.py:4180} INFO - Setting next_dagrun for hello_airflow to 2026-05-31 07:06:00+00:00, run_after=2026-05-31 07:07:00+00:00
[2026-05-31T07:07:44.631+0000] {processor.py:208} INFO - Processing /opt/airflow/dags/hello_airflow.py took 0.106 seconds
[2026-05-31T07:08:15.360+0000] {processor.py:186} INFO - Started process (PID=8272) to work on /opt/airflow/dags/hello_airflow.py
[2026-05-31T07:08:15.361+0000] {processor.py:914} INFO - Processing file /opt/airflow/dags/hello_airflow.py for tasks to queue
[2026-05-31T07:08:15.363+0000] {logging_mixin.py:190} INFO - [2026-05-31T07:08:15.363+0000] {dagbag.py:588} INFO - Filling up the DagBag from /opt/airflow/dags/hello_airflow.py
[2026-05-31T07:08:15.379+0000] {processor.py:925} INFO - DAG(s) 'hello_airflow' retrieved from /opt/airflow/dags/hello_airflow.py
[2026-05-31T07:08:15.412+0000] {logging_mixin.py:190} INFO - [2026-05-31T07:08:15.412+0000] {dag.py:3239} INFO - Sync 1 DAGs
[2026-05-31T07:08:15.458+0000] {logging_mixin.py:190} INFO - [2026-05-31T07:08:15.456+0000] {dag.py:4180} INFO - Setting next_dagrun for hello_airflow to 2026-05-31 07:07:00+00:00, run_after=2026-05-31 07:08:00+00:00
[2026-05-31T07:08:15.483+0000] {processor.py:208} INFO - Processing /opt/airflow/dags/hello_airflow.py took 0.135 seconds
[2026-05-31T07:08:45.899+0000] {processor.py:186} INFO - Started process (PID=8296) to work on /opt/airflow/dags/hello_airflow.py
[2026-05-31T07:08:45.901+0000] {processor.py:914} INFO - Processing file /opt/airflow/dags/hello_airflow.py for tasks to queue
[2026-05-31T07:08:45.903+0000] {logging_mixin.py:190} INFO - [2026-05-31T07:08:45.903+0000] {dagbag.py:588} INFO - Filling up the DagBag from /opt/airflow/dags/hello_airflow.py
[2026-05-31T07:08:45.911+0000] {processor.py:925} INFO - DAG(s) 'hello_airflow' retrieved from /opt/airflow/dags/hello_airflow.py
[2026-05-31T07:08:45.932+0000] {logging_mixin.py:190} INFO - [2026-05-31T07:08:45.931+0000] {dag.py:3239} INFO - Sync 1 DAGs
[2026-05-31T07:08:45.956+0000] {logging_mixin.py:190} INFO - [2026-05-31T07:08:45.956+0000] {dag.py:4180} INFO - Setting next_dagrun for hello_airflow to 2026-05-31 07:07:00+00:00, run_after=2026-05-31 07:08:00+00:00
[2026-05-31T07:08:45.972+0000] {processor.py:208} INFO - Processing /opt/airflow/dags/hello_airflow.py took 0.084 seconds
[2026-05-31T07:09:16.047+0000] {processor.py:186} INFO - Started process (PID=8321) to work on /opt/airflow/dags/hello_airflow.py
[2026-05-31T07:09:16.048+0000] {processor.py:914} INFO - Processing file /opt/airflow/dags/hello_airflow.py for tasks to queue
[2026-05-31T07:09:16.051+0000] {logging_mixin.py:190} INFO - [2026-05-31T07:09:16.050+0000] {dagbag.py:588} INFO - Filling up the DagBag from /opt/airflow/dags/hello_airflow.py
[2026-05-31T07:09:16.060+0000] {processor.py:925} INFO - DAG(s) 'hello_airflow' retrieved from /opt/airflow/dags/hello_airflow.py
[2026-05-31T07:09:16.079+0000] {logging_mixin.py:190} INFO - [2026-05-31T07:09:16.079+0000] {dag.py:3239} INFO - Sync 1 DAGs
[2026-05-31T07:09:16.102+0000] {logging_mixin.py:190} INFO - [2026-05-31T07:09:16.102+0000] {dag.py:4180} INFO - Setting next_dagrun for hello_airflow to 2026-05-31 07:08:00+00:00, run_after=2026-05-31 07:09:00+00:00
[2026-05-31T07:09:16.118+0000] {processor.py:208} INFO - Processing /opt/airflow/dags/hello_airflow.py took 0.075 seconds
[2026-05-31T07:09:46.337+0000] {processor.py:186} INFO - Started process (PID=8343) to work on /opt/airflow/dags/hello_airflow.py
[2026-05-31T07:09:46.338+0000] {processor.py:914} INFO - Processing file /opt/airflow/dags/hello_airflow.py for tasks to queue
[2026-05-31T07:09:46.341+0000] {logging_mixin.py:190} INFO - [2026-05-31T07:09:46.340+0000] {dagbag.py:588} INFO - Filling up the DagBag from /opt/airflow/dags/hello_airflow.py
[2026-05-31T07:09:46.351+0000] {processor.py:925} INFO - DAG(s) 'hello_airflow' retrieved from /opt/airflow/dags/hello_airflow.py
[2026-05-31T07:09:46.371+0000] {logging_mixin.py:190} INFO - [2026-05-31T07:09:46.371+0000] {dag.py:3239} INFO - Sync 1 DAGs
[2026-05-31T07:09:46.398+0000] {logging_mixin.py:190} INFO - [2026-05-31T07:09:46.398+0000] {dag.py:4180} INFO - Setting next_dagrun for hello_airflow to 2026-05-31 07:08:00+00:00, run_after=2026-05-31 07:09:00+00:00
[2026-05-31T07:09:46.415+0000] {processor.py:208} INFO - Processing /opt/airflow/dags/hello_airflow.py took 0.084 seconds
[2026-05-31T07:10:16.743+0000] {processor.py:186} INFO - Started process (PID=8368) to work on /opt/airflow/dags/hello_airflow.py
[2026-05-31T07:10:16.744+0000] {processor.py:914} INFO - Processing file /opt/airflow/dags/hello_airflow.py for tasks to queue
[2026-05-31T07:10:16.747+0000] {logging_mixin.py:190} INFO - [2026-05-31T07:10:16.747+0000] {dagbag.py:588} INFO - Filling up the DagBag from /opt/airflow/dags/hello_airflow.py
[2026-05-31T07:10:16.755+0000] {processor.py:925} INFO - DAG(s) 'hello_airflow' retrieved from /opt/airflow/dags/hello_airflow.py
[2026-05-31T07:10:16.773+0000] {logging_mixin.py:190} INFO - [2026-05-31T07:10:16.773+0000] {dag.py:3239} INFO - Sync 1 DAGs
[2026-05-31T07:10:16.794+0000] {logging_mixin.py:190} INFO - [2026-05-31T07:10:16.794+0000] {dag.py:4180} INFO - Setting next_dagrun for hello_airflow to 2026-05-31 07:09:00+00:00, run_after=2026-05-31 07:10:00+00:00
[2026-05-31T07:10:16.807+0000] {processor.py:208} INFO - Processing /opt/airflow/dags/hello_airflow.py took 0.069 seconds
[2026-05-31T07:10:48.196+0000] {processor.py:186} INFO - Started process (PID=8390) to work on /opt/airflow/dags/hello_airflow.py
[2026-05-31T07:10:48.197+0000] {processor.py:914} INFO - Processing file /opt/airflow/dags/hello_airflow.py for tasks to queue
[2026-05-31T07:10:48.198+0000] {logging_mixin.py:190} INFO - [2026-05-31T07:10:48.198+0000] {dagbag.py:588} INFO - Filling up the DagBag from /opt/airflow/dags/hello_airflow.py
[2026-05-31T07:10:48.206+0000] {processor.py:925} INFO - DAG(s) 'hello_airflow' retrieved from /opt/airflow/dags/hello_airflow.py
[2026-05-31T07:10:48.229+0000] {logging_mixin.py:190} INFO - [2026-05-31T07:10:48.229+0000] {dag.py:3239} INFO - Sync 1 DAGs
[2026-05-31T07:10:48.255+0000] {logging_mixin.py:190} INFO - [2026-05-31T07:10:48.255+0000] {dag.py:4180} INFO - Setting next_dagrun for hello_airflow to 2026-05-31 07:09:00+00:00, run_after=2026-05-31 07:10:00+00:00
[2026-05-31T07:10:48.268+0000] {processor.py:208} INFO - Processing /opt/airflow/dags/hello_airflow.py took 0.077 seconds
[2026-05-31T07:11:18.724+0000] {processor.py:186} INFO - Started process (PID=8410) to work on /opt/airflow/dags/hello_airflow.py
[2026-05-31T07:11:18.727+0000] {processor.py:914} INFO - Processing file /opt/airflow/dags/hello_airflow.py for tasks to queue
[2026-05-31T07:11:18.730+0000] {logging_mixin.py:190} INFO - [2026-05-31T07:11:18.730+0000] {dagbag.py:588} INFO - Filling up the DagBag from /opt/airflow/dags/hello_airflow.py
[2026-05-31T07:11:18.753+0000] {processor.py:925} INFO - DAG(s) 'hello_airflow' retrieved from /opt/airflow/dags/hello_airflow.py
[2026-05-31T07:11:18.787+0000] {logging_mixin.py:190} INFO - [2026-05-31T07:11:18.787+0000] {dag.py:3239} INFO - Sync 1 DAGs
[2026-05-31T07:11:18.813+0000] {logging_mixin.py:190} INFO - [2026-05-31T07:11:18.813+0000] {dag.py:4180} INFO - Setting next_dagrun for hello_airflow to 2026-05-31 07:10:00+00:00, run_after=2026-05-31 07:11:00+00:00
[2026-05-31T07:11:18.829+0000] {processor.py:208} INFO - Processing /opt/airflow/dags/hello_airflow.py took 0.119 seconds
[2026-05-31T07:11:49.120+0000] {processor.py:186} INFO - Started process (PID=8434) to work on /opt/airflow/dags/hello_airflow.py
[2026-05-31T07:11:49.121+0000] {processor.py:914} INFO - Processing file /opt/airflow/dags/hello_airflow.py for tasks to queue
[2026-05-31T07:11:49.123+0000] {logging_mixin.py:190} INFO - [2026-05-31T07:11:49.123+0000] {dagbag.py:588} INFO - Filling up the DagBag from /opt/airflow/dags/hello_airflow.py
[2026-05-31T07:11:49.133+0000] {processor.py:925} INFO - DAG(s) 'hello_airflow' retrieved from /opt/airflow/dags/hello_airflow.py
[2026-05-31T07:11:49.154+0000] {logging_mixin.py:190} INFO - [2026-05-31T07:11:49.154+0000] {dag.py:3239} INFO - Sync 1 DAGs
[2026-05-31T07:11:49.177+0000] {logging_mixin.py:190} INFO - [2026-05-31T07:11:49.177+0000] {dag.py:4180} INFO - Setting next_dagrun for hello_airflow to 2026-05-31 07:10:00+00:00, run_after=2026-05-31 07:11:00+00:00
[2026-05-31T07:11:49.192+0000] {processor.py:208} INFO - Processing /opt/airflow/dags/hello_airflow.py took 0.080 seconds
[2026-05-31T07:12:19.452+0000] {processor.py:186} INFO - Started process (PID=8458) to work on /opt/airflow/dags/hello_airflow.py
[2026-05-31T07:12:19.453+0000] {processor.py:914} INFO - Processing file /opt/airflow/dags/hello_airflow.py for tasks to queue
[2026-05-31T07:12:19.455+0000] {logging_mixin.py:190} INFO - [2026-05-31T07:12:19.455+0000] {dagbag.py:588} INFO - Filling up the DagBag from /opt/airflow/dags/hello_airflow.py
[2026-05-31T07:12:19.466+0000] {processor.py:925} INFO - DAG(s) 'hello_airflow' retrieved from /opt/airflow/dags/hello_airflow.py
[2026-05-31T07:12:19.486+0000] {logging_mixin.py:190} INFO - [2026-05-31T07:12:19.486+0000] {dag.py:3239} INFO - Sync 1 DAGs
[2026-05-31T07:12:19.508+0000] {logging_mixin.py:190} INFO - [2026-05-31T07:12:19.508+0000] {dag.py:4180} INFO - Setting next_dagrun for hello_airflow to 2026-05-31 07:11:00+00:00, run_after=2026-05-31 07:12:00+00:00
[2026-05-31T07:12:19.523+0000] {processor.py:208} INFO - Processing /opt/airflow/dags/hello_airflow.py took 0.078 seconds
[2026-05-31T07:12:50.613+0000] {processor.py:186} INFO - Started process (PID=8484) to work on /opt/airflow/dags/hello_airflow.py
[2026-05-31T07:12:50.614+0000] {processor.py:914} INFO - Processing file /opt/airflow/dags/hello_airflow.py for tasks to queue
[2026-05-31T07:12:50.616+0000] {logging_mixin.py:190} INFO - [2026-05-31T07:12:50.616+0000] {dagbag.py:588} INFO - Filling up the DagBag from /opt/airflow/dags/hello_airflow.py
[2026-05-31T07:12:50.625+0000] {processor.py:925} INFO - DAG(s) 'hello_airflow' retrieved from /opt/airflow/dags/hello_airflow.py
[2026-05-31T07:12:50.645+0000] {logging_mixin.py:190} INFO - [2026-05-31T07:12:50.645+0000] {dag.py:3239} INFO - Sync 1 DAGs
[2026-05-31T07:12:50.668+0000] {logging_mixin.py:190} INFO - [2026-05-31T07:12:50.668+0000] {dag.py:4180} INFO - Setting next_dagrun for hello_airflow to 2026-05-31 07:11:00+00:00, run_after=2026-05-31 07:12:00+00:00
[2026-05-31T07:12:50.682+0000] {processor.py:208} INFO - Processing /opt/airflow/dags/hello_airflow.py took 0.075 seconds
[2026-05-31T07:13:21.767+0000] {processor.py:186} INFO - Started process (PID=8507) to work on /opt/airflow/dags/hello_airflow.py
[2026-05-31T07:13:21.768+0000] {processor.py:914} INFO - Processing file /opt/airflow/dags/hello_airflow.py for tasks to queue
[2026-05-31T07:13:21.770+0000] {logging_mixin.py:190} INFO - [2026-05-31T07:13:21.770+0000] {dagbag.py:588} INFO - Filling up the DagBag from /opt/airflow/dags/hello_airflow.py
[2026-05-31T07:13:21.779+0000] {processor.py:925} INFO - DAG(s) 'hello_airflow' retrieved from /opt/airflow/dags/hello_airflow.py
[2026-05-31T07:13:21.801+0000] {logging_mixin.py:190} INFO - [2026-05-31T07:13:21.801+0000] {dag.py:3239} INFO - Sync 1 DAGs
[2026-05-31T07:13:21.823+0000] {logging_mixin.py:190} INFO - [2026-05-31T07:13:21.823+0000] {dag.py:4180} INFO - Setting next_dagrun for hello_airflow to 2026-05-31 07:12:00+00:00, run_after=2026-05-31 07:13:00+00:00
[2026-05-31T07:13:21.837+0000] {processor.py:208} INFO - Processing /opt/airflow/dags/hello_airflow.py took 0.074 seconds
[2026-05-31T07:13:52.968+0000] {processor.py:186} INFO - Started process (PID=8531) to work on /opt/airflow/dags/hello_airflow.py
[2026-05-31T07:13:52.969+0000] {processor.py:914} INFO - Processing file /opt/airflow/dags/hello_airflow.py for tasks to queue
[2026-05-31T07:13:52.976+0000] {logging_mixin.py:190} INFO - [2026-05-31T07:13:52.975+0000] {dagbag.py:588} INFO - Filling up the DagBag from /opt/airflow/dags/hello_airflow.py
[2026-05-31T07:13:52.991+0000] {processor.py:925} INFO - DAG(s) 'hello_airflow' retrieved from /opt/airflow/dags/hello_airflow.py
[2026-05-31T07:13:53.017+0000] {logging_mixin.py:190} INFO - [2026-05-31T07:13:53.017+0000] {dag.py:3239} INFO - Sync 1 DAGs
[2026-05-31T07:13:53.071+0000] {logging_mixin.py:190} INFO - [2026-05-31T07:13:53.071+0000] {dag.py:4180} INFO - Setting next_dagrun for hello_airflow to 2026-05-31 07:12:00+00:00, run_after=2026-05-31 07:13:00+00:00
[2026-05-31T07:13:53.088+0000] {processor.py:208} INFO - Processing /opt/airflow/dags/hello_airflow.py took 0.125 seconds
[2026-05-31T07:14:24.248+0000] {processor.py:186} INFO - Started process (PID=8555) to work on /opt/airflow/dags/hello_airflow.py
[2026-05-31T07:14:24.250+0000] {processor.py:914} INFO - Processing file /opt/airflow/dags/hello_airflow.py for tasks to queue
[2026-05-31T07:14:24.253+0000] {logging_mixin.py:190} INFO - [2026-05-31T07:14:24.252+0000] {dagbag.py:588} INFO - Filling up the DagBag from /opt/airflow/dags/hello_airflow.py
[2026-05-31T07:14:24.261+0000] {processor.py:925} INFO - DAG(s) 'hello_airflow' retrieved from /opt/airflow/dags/hello_airflow.py
[2026-05-31T07:14:24.280+0000] {logging_mixin.py:190} INFO - [2026-05-31T07:14:24.280+0000] {dag.py:3239} INFO - Sync 1 DAGs
[2026-05-31T07:14:24.303+0000] {logging_mixin.py:190} INFO - [2026-05-31T07:14:24.303+0000] {dag.py:4180} INFO - Setting next_dagrun for hello_airflow to 2026-05-31 07:13:00+00:00, run_after=2026-05-31 07:14:00+00:00
[2026-05-31T07:14:24.318+0000] {processor.py:208} INFO - Processing /opt/airflow/dags/hello_airflow.py took 0.074 seconds
[2026-05-31T07:14:55.582+0000] {processor.py:186} INFO - Started process (PID=8580) to work on /opt/airflow/dags/hello_airflow.py
[2026-05-31T07:14:55.583+0000] {processor.py:914} INFO - Processing file /opt/airflow/dags/hello_airflow.py for tasks to queue
[2026-05-31T07:14:55.585+0000] {logging_mixin.py:190} INFO - [2026-05-31T07:14:55.585+0000] {dagbag.py:588} INFO - Filling up the DagBag from /opt/airflow/dags/hello_airflow.py
[2026-05-31T07:14:55.594+0000] {processor.py:925} INFO - DAG(s) 'hello_airflow' retrieved from /opt/airflow/dags/hello_airflow.py
[2026-05-31T07:14:55.616+0000] {logging_mixin.py:190} INFO - [2026-05-31T07:14:55.616+0000] {dag.py:3239} INFO - Sync 1 DAGs
[2026-05-31T07:14:55.642+0000] {logging_mixin.py:190} INFO - [2026-05-31T07:14:55.642+0000] {dag.py:4180} INFO - Setting next_dagrun for hello_airflow to 2026-05-31 07:13:00+00:00, run_after=2026-05-31 07:14:00+00:00
[2026-05-31T07:14:55.660+0000] {processor.py:208} INFO - Processing /opt/airflow/dags/hello_airflow.py took 0.084 seconds
[2026-05-31T07:15:26.695+0000] {processor.py:186} INFO - Started process (PID=8605) to work on /opt/airflow/dags/hello_airflow.py
[2026-05-31T07:15:26.696+0000] {processor.py:914} INFO - Processing file /opt/airflow/dags/hello_airflow.py for tasks to queue
[2026-05-31T07:15:26.699+0000] {logging_mixin.py:190} INFO - [2026-05-31T07:15:26.698+0000] {dagbag.py:588} INFO - Filling up the DagBag from /opt/airflow/dags/hello_airflow.py
[2026-05-31T07:15:26.707+0000] {processor.py:925} INFO - DAG(s) 'hello_airflow' retrieved from /opt/airflow/dags/hello_airflow.py
[2026-05-31T07:15:26.726+0000] {logging_mixin.py:190} INFO - [2026-05-31T07:15:26.725+0000] {dag.py:3239} INFO - Sync 1 DAGs
[2026-05-31T07:15:26.747+0000] {logging_mixin.py:190} INFO - [2026-05-31T07:15:26.747+0000] {dag.py:4180} INFO - Setting next_dagrun for hello_airflow to 2026-05-31 07:14:00+00:00, run_after=2026-05-31 07:15:00+00:00
[2026-05-31T07:15:26.760+0000] {processor.py:208} INFO - Processing /opt/airflow/dags/hello_airflow.py took 0.071 seconds
[2026-05-31T07:15:57.292+0000] {processor.py:186} INFO - Started process (PID=8629) to work on /opt/airflow/dags/hello_airflow.py
[2026-05-31T07:15:57.293+0000] {processor.py:914} INFO - Processing file /opt/airflow/dags/hello_airflow.py for tasks to queue
[2026-05-31T07:15:57.295+0000] {logging_mixin.py:190} INFO - [2026-05-31T07:15:57.295+0000] {dagbag.py:588} INFO - Filling up the DagBag from /opt/airflow/dags/hello_airflow.py
[2026-05-31T07:15:57.302+0000] {processor.py:925} INFO - DAG(s) 'hello_airflow' retrieved from /opt/airflow/dags/hello_airflow.py
[2026-05-31T07:15:57.319+0000] {logging_mixin.py:190} INFO - [2026-05-31T07:15:57.319+0000] {dag.py:3239} INFO - Sync 1 DAGs
[2026-05-31T07:15:57.340+0000] {logging_mixin.py:190} INFO - [2026-05-31T07:15:57.340+0000] {dag.py:4180} INFO - Setting next_dagrun for hello_airflow to 2026-05-31 07:14:00+00:00, run_after=2026-05-31 07:15:00+00:00
[2026-05-31T07:15:57.352+0000] {processor.py:208} INFO - Processing /opt/airflow/dags/hello_airflow.py took 0.064 seconds
[2026-05-31T07:16:28.357+0000] {processor.py:186} INFO - Started process (PID=8653) to work on /opt/airflow/dags/hello_airflow.py
[2026-05-31T07:16:28.358+0000] {processor.py:914} INFO - Processing file /opt/airflow/dags/hello_airflow.py for tasks to queue
[2026-05-31T07:16:28.359+0000] {logging_mixin.py:190} INFO - [2026-05-31T07:16:28.359+0000] {dagbag.py:588} INFO - Filling up the DagBag from /opt/airflow/dags/hello_airflow.py
[2026-05-31T07:16:28.375+0000] {processor.py:925} INFO - DAG(s) 'hello_airflow' retrieved from /opt/airflow/dags/hello_airflow.py
[2026-05-31T07:16:28.393+0000] {logging_mixin.py:190} INFO - [2026-05-31T07:16:28.392+0000] {dag.py:3239} INFO - Sync 1 DAGs
[2026-05-31T07:16:28.414+0000] {logging_mixin.py:190} INFO - [2026-05-31T07:16:28.414+0000] {dag.py:4180} INFO - Setting next_dagrun for hello_airflow to 2026-05-31 07:15:00+00:00, run_after=2026-05-31 07:16:00+00:00
[2026-05-31T07:16:28.428+0000] {processor.py:208} INFO - Processing /opt/airflow/dags/hello_airflow.py took 0.076 seconds
[2026-05-31T07:16:58.796+0000] {processor.py:186} INFO - Started process (PID=8676) to work on /opt/airflow/dags/hello_airflow.py
[2026-05-31T07:16:58.797+0000] {processor.py:914} INFO - Processing file /opt/airflow/dags/hello_airflow.py for tasks to queue
[2026-05-31T07:16:58.798+0000] {logging_mixin.py:190} INFO - [2026-05-31T07:16:58.798+0000] {dagbag.py:588} INFO - Filling up the DagBag from /opt/airflow/dags/hello_airflow.py
[2026-05-31T07:16:58.808+0000] {processor.py:925} INFO - DAG(s) 'hello_airflow' retrieved from /opt/airflow/dags/hello_airflow.py
[2026-05-31T07:16:58.832+0000] {logging_mixin.py:190} INFO - [2026-05-31T07:16:58.832+0000] {dag.py:3239} INFO - Sync 1 DAGs
[2026-05-31T07:16:58.854+0000] {logging_mixin.py:190} INFO - [2026-05-31T07:16:58.854+0000] {dag.py:4180} INFO - Setting next_dagrun for hello_airflow to 2026-05-31 07:15:00+00:00, run_after=2026-05-31 07:16:00+00:00
[2026-05-31T07:16:58.869+0000] {processor.py:208} INFO - Processing /opt/airflow/dags/hello_airflow.py took 0.077 seconds
[2026-05-31T07:17:29.105+0000] {processor.py:186} INFO - Started process (PID=8700) to work on /opt/airflow/dags/hello_airflow.py
[2026-05-31T07:17:29.106+0000] {processor.py:914} INFO - Processing file /opt/airflow/dags/hello_airflow.py for tasks to queue
[2026-05-31T07:17:29.111+0000] {logging_mixin.py:190} INFO - [2026-05-31T07:17:29.111+0000] {dagbag.py:588} INFO - Filling up the DagBag from /opt/airflow/dags/hello_airflow.py
[2026-05-31T07:17:29.119+0000] {processor.py:925} INFO - DAG(s) 'hello_airflow' retrieved from /opt/airflow/dags/hello_airflow.py
[2026-05-31T07:17:29.137+0000] {logging_mixin.py:190} INFO - [2026-05-31T07:17:29.136+0000] {dag.py:3239} INFO - Sync 1 DAGs
[2026-05-31T07:17:29.157+0000] {logging_mixin.py:190} INFO - [2026-05-31T07:17:29.157+0000] {dag.py:4180} INFO - Setting next_dagrun for hello_airflow to 2026-05-31 07:16:00+00:00, run_after=2026-05-31 07:17:00+00:00
[2026-05-31T07:17:29.170+0000] {processor.py:208} INFO - Processing /opt/airflow/dags/hello_airflow.py took 0.070 seconds
[2026-05-31T07:17:59.462+0000] {processor.py:186} INFO - Started process (PID=8723) to work on /opt/airflow/dags/hello_airflow.py
[2026-05-31T07:17:59.463+0000] {processor.py:914} INFO - Processing file /opt/airflow/dags/hello_airflow.py for tasks to queue
[2026-05-31T07:17:59.465+0000] {logging_mixin.py:190} INFO - [2026-05-31T07:17:59.465+0000] {dagbag.py:588} INFO - Filling up the DagBag from /opt/airflow/dags/hello_airflow.py
[2026-05-31T07:17:59.474+0000] {processor.py:925} INFO - DAG(s) 'hello_airflow' retrieved from /opt/airflow/dags/hello_airflow.py
[2026-05-31T07:17:59.493+0000] {logging_mixin.py:190} INFO - [2026-05-31T07:17:59.493+0000] {dag.py:3239} INFO - Sync 1 DAGs
[2026-05-31T07:17:59.518+0000] {logging_mixin.py:190} INFO - [2026-05-31T07:17:59.517+0000] {dag.py:4180} INFO - Setting next_dagrun for hello_airflow to 2026-05-31 07:16:00+00:00, run_after=2026-05-31 07:17:00+00:00
[2026-05-31T07:17:59.531+0000] {processor.py:208} INFO - Processing /opt/airflow/dags/hello_airflow.py took 0.074 seconds
[2026-05-31T07:18:31.376+0000] {processor.py:186} INFO - Started process (PID=8746) to work on /opt/airflow/dags/hello_airflow.py
[2026-05-31T07:18:31.377+0000] {processor.py:914} INFO - Processing file /opt/airflow/dags/hello_airflow.py for tasks to queue
[2026-05-31T07:18:31.383+0000] {logging_mixin.py:190} INFO - [2026-05-31T07:18:31.382+0000] {dagbag.py:588} INFO - Filling up the DagBag from /opt/airflow/dags/hello_airflow.py
[2026-05-31T07:18:31.399+0000] {processor.py:925} INFO - DAG(s) 'hello_airflow' retrieved from /opt/airflow/dags/hello_airflow.py
[2026-05-31T07:18:31.434+0000] {logging_mixin.py:190} INFO - [2026-05-31T07:18:31.434+0000] {dag.py:3239} INFO - Sync 1 DAGs
[2026-05-31T07:18:31.466+0000] {logging_mixin.py:190} INFO - [2026-05-31T07:18:31.466+0000] {dag.py:4180} INFO - Setting next_dagrun for hello_airflow to 2026-05-31 07:17:00+00:00, run_after=2026-05-31 07:18:00+00:00
[2026-05-31T07:18:31.479+0000] {processor.py:208} INFO - Processing /opt/airflow/dags/hello_airflow.py took 0.108 seconds
[2026-05-31T07:19:01.821+0000] {processor.py:186} INFO - Started process (PID=8768) to work on /opt/airflow/dags/hello_airflow.py
[2026-05-31T07:19:01.822+0000] {processor.py:914} INFO - Processing file /opt/airflow/dags/hello_airflow.py for tasks to queue
[2026-05-31T07:19:01.826+0000] {logging_mixin.py:190} INFO - [2026-05-31T07:19:01.825+0000] {dagbag.py:588} INFO - Filling up the DagBag from /opt/airflow/dags/hello_airflow.py
[2026-05-31T07:19:01.848+0000] {processor.py:925} INFO - DAG(s) 'hello_airflow' retrieved from /opt/airflow/dags/hello_airflow.py
[2026-05-31T07:19:01.891+0000] {logging_mixin.py:190} INFO - [2026-05-31T07:19:01.891+0000] {dag.py:3239} INFO - Sync 1 DAGs
[2026-05-31T07:19:01.954+0000] {logging_mixin.py:190} INFO - [2026-05-31T07:19:01.952+0000] {dag.py:4180} INFO - Setting next_dagrun for hello_airflow to 2026-05-31 07:18:00+00:00, run_after=2026-05-31 07:19:00+00:00
[2026-05-31T07:19:01.982+0000] {processor.py:208} INFO - Processing /opt/airflow/dags/hello_airflow.py took 0.179 seconds
[2026-05-31T07:19:32.052+0000] {processor.py:186} INFO - Started process (PID=8790) to work on /opt/airflow/dags/hello_airflow.py
[2026-05-31T07:19:32.053+0000] {processor.py:914} INFO - Processing file /opt/airflow/dags/hello_airflow.py for tasks to queue
[2026-05-31T07:19:32.056+0000] {logging_mixin.py:190} INFO - [2026-05-31T07:19:32.056+0000] {dagbag.py:588} INFO - Filling up the DagBag from /opt/airflow/dags/hello_airflow.py
[2026-05-31T07:19:32.066+0000] {processor.py:925} INFO - DAG(s) 'hello_airflow' retrieved from /opt/airflow/dags/hello_airflow.py
[2026-05-31T07:19:32.086+0000] {logging_mixin.py:190} INFO - [2026-05-31T07:19:32.086+0000] {dag.py:3239} INFO - Sync 1 DAGs
[2026-05-31T07:19:32.109+0000] {logging_mixin.py:190} INFO - [2026-05-31T07:19:32.109+0000] {dag.py:4180} INFO - Setting next_dagrun for hello_airflow to 2026-05-31 07:18:00+00:00, run_after=2026-05-31 07:19:00+00:00
[2026-05-31T07:19:32.125+0000] {processor.py:208} INFO - Processing /opt/airflow/dags/hello_airflow.py took 0.078 seconds
[2026-05-31T07:20:02.893+0000] {processor.py:186} INFO - Started process (PID=8816) to work on /opt/airflow/dags/hello_airflow.py
[2026-05-31T07:20:02.894+0000] {processor.py:914} INFO - Processing file /opt/airflow/dags/hello_airflow.py for tasks to queue
[2026-05-31T07:20:02.898+0000] {logging_mixin.py:190} INFO - [2026-05-31T07:20:02.898+0000] {dagbag.py:588} INFO - Filling up the DagBag from /opt/airflow/dags/hello_airflow.py
[2026-05-31T07:20:02.907+0000] {processor.py:925} INFO - DAG(s) 'hello_airflow' retrieved from /opt/airflow/dags/hello_airflow.py
[2026-05-31T07:20:02.930+0000] {logging_mixin.py:190} INFO - [2026-05-31T07:20:02.930+0000] {dag.py:3239} INFO - Sync 1 DAGs
[2026-05-31T07:20:02.953+0000] {logging_mixin.py:190} INFO - [2026-05-31T07:20:02.952+0000] {dag.py:4180} INFO - Setting next_dagrun for hello_airflow to 2026-05-31 07:19:00+00:00, run_after=2026-05-31 07:20:00+00:00
[2026-05-31T07:20:02.968+0000] {processor.py:208} INFO - Processing /opt/airflow/dags/hello_airflow.py took 0.080 seconds
[2026-05-31T07:20:33.266+0000] {processor.py:186} INFO - Started process (PID=8844) to work on /opt/airflow/dags/hello_airflow.py
[2026-05-31T07:20:33.268+0000] {processor.py:914} INFO - Processing file /opt/airflow/dags/hello_airflow.py for tasks to queue
[2026-05-31T07:20:33.273+0000] {logging_mixin.py:190} INFO - [2026-05-31T07:20:33.272+0000] {dagbag.py:588} INFO - Filling up the DagBag from /opt/airflow/dags/hello_airflow.py
[2026-05-31T07:20:33.291+0000] {processor.py:925} INFO - DAG(s) 'hello_airflow' retrieved from /opt/airflow/dags/hello_airflow.py
[2026-05-31T07:20:33.328+0000] {logging_mixin.py:190} INFO - [2026-05-31T07:20:33.328+0000] {dag.py:3239} INFO - Sync 1 DAGs
[2026-05-31T07:20:33.375+0000] {logging_mixin.py:190} INFO - [2026-05-31T07:20:33.374+0000] {dag.py:4180} INFO - Setting next_dagrun for hello_airflow to 2026-05-31 07:19:00+00:00, run_after=2026-05-31 07:20:00+00:00
[2026-05-31T07:20:33.404+0000] {processor.py:208} INFO - Processing /opt/airflow/dags/hello_airflow.py took 0.147 seconds
[2026-05-31T07:21:03.649+0000] {processor.py:186} INFO - Started process (PID=8869) to work on /opt/airflow/dags/hello_airflow.py
[2026-05-31T07:21:03.650+0000] {processor.py:914} INFO - Processing file /opt/airflow/dags/hello_airflow.py for tasks to queue
[2026-05-31T07:21:03.652+0000] {logging_mixin.py:190} INFO - [2026-05-31T07:21:03.652+0000] {dagbag.py:588} INFO - Filling up the DagBag from /opt/airflow/dags/hello_airflow.py
[2026-05-31T07:21:03.661+0000] {processor.py:925} INFO - DAG(s) 'hello_airflow' retrieved from /opt/airflow/dags/hello_airflow.py
[2026-05-31T07:21:03.679+0000] {logging_mixin.py:190} INFO - [2026-05-31T07:21:03.678+0000] {dag.py:3239} INFO - Sync 1 DAGs
[2026-05-31T07:21:03.699+0000] {logging_mixin.py:190} INFO - [2026-05-31T07:21:03.699+0000] {dag.py:4180} INFO - Setting next_dagrun for hello_airflow to 2026-05-31 07:20:00+00:00, run_after=2026-05-31 07:21:00+00:00
[2026-05-31T07:21:03.712+0000] {processor.py:208} INFO - Processing /opt/airflow/dags/hello_airflow.py took 0.075 seconds
[2026-05-31T07:21:34.354+0000] {processor.py:186} INFO - Started process (PID=8892) to work on /opt/airflow/dags/hello_airflow.py
[2026-05-31T07:21:34.355+0000] {processor.py:914} INFO - Processing file /opt/airflow/dags/hello_airflow.py for tasks to queue
[2026-05-31T07:21:34.357+0000] {logging_mixin.py:190} INFO - [2026-05-31T07:21:34.357+0000] {dagbag.py:588} INFO - Filling up the DagBag from /opt/airflow/dags/hello_airflow.py
[2026-05-31T07:21:34.366+0000] {processor.py:925} INFO - DAG(s) 'hello_airflow' retrieved from /opt/airflow/dags/hello_airflow.py
[2026-05-31T07:21:34.385+0000] {logging_mixin.py:190} INFO - [2026-05-31T07:21:34.384+0000] {dag.py:3239} INFO - Sync 1 DAGs
[2026-05-31T07:21:34.406+0000] {logging_mixin.py:190} INFO - [2026-05-31T07:21:34.406+0000] {dag.py:4180} INFO - Setting next_dagrun for hello_airflow to 2026-05-31 07:20:00+00:00, run_after=2026-05-31 07:21:00+00:00
[2026-05-31T07:21:34.420+0000] {processor.py:208} INFO - Processing /opt/airflow/dags/hello_airflow.py took 0.071 seconds
[2026-05-31T07:22:04.559+0000] {processor.py:186} INFO - Started process (PID=8915) to work on /opt/airflow/dags/hello_airflow.py
[2026-05-31T07:22:04.560+0000] {processor.py:914} INFO - Processing file /opt/airflow/dags/hello_airflow.py for tasks to queue
[2026-05-31T07:22:04.563+0000] {logging_mixin.py:190} INFO - [2026-05-31T07:22:04.562+0000] {dagbag.py:588} INFO - Filling up the DagBag from /opt/airflow/dags/hello_airflow.py
[2026-05-31T07:22:04.572+0000] {processor.py:925} INFO - DAG(s) 'hello_airflow' retrieved from /opt/airflow/dags/hello_airflow.py
[2026-05-31T07:22:04.590+0000] {logging_mixin.py:190} INFO - [2026-05-31T07:22:04.589+0000] {dag.py:3239} INFO - Sync 1 DAGs
[2026-05-31T07:22:04.610+0000] {logging_mixin.py:190} INFO - [2026-05-31T07:22:04.609+0000] {dag.py:4180} INFO - Setting next_dagrun for hello_airflow to 2026-05-31 07:21:00+00:00, run_after=2026-05-31 07:22:00+00:00
[2026-05-31T07:22:04.624+0000] {processor.py:208} INFO - Processing /opt/airflow/dags/hello_airflow.py took 0.070 seconds
[2026-05-31T07:22:34.987+0000] {processor.py:186} INFO - Started process (PID=8939) to work on /opt/airflow/dags/hello_airflow.py
[2026-05-31T07:22:34.988+0000] {processor.py:914} INFO - Processing file /opt/airflow/dags/hello_airflow.py for tasks to queue
[2026-05-31T07:22:34.990+0000] {logging_mixin.py:190} INFO - [2026-05-31T07:22:34.990+0000] {dagbag.py:588} INFO - Filling up the DagBag from /opt/airflow/dags/hello_airflow.py
[2026-05-31T07:22:34.998+0000] {processor.py:925} INFO - DAG(s) 'hello_airflow' retrieved from /opt/airflow/dags/hello_airflow.py
[2026-05-31T07:22:35.024+0000] {logging_mixin.py:190} INFO - [2026-05-31T07:22:35.023+0000] {dag.py:3239} INFO - Sync 1 DAGs
[2026-05-31T07:22:35.047+0000] {logging_mixin.py:190} INFO - [2026-05-31T07:22:35.047+0000] {dag.py:4180} INFO - Setting next_dagrun for hello_airflow to 2026-05-31 07:21:00+00:00, run_after=2026-05-31 07:22:00+00:00
[2026-05-31T07:22:35.060+0000] {processor.py:208} INFO - Processing /opt/airflow/dags/hello_airflow.py took 0.078 seconds
[2026-05-31T07:23:06.130+0000] {processor.py:186} INFO - Started process (PID=8963) to work on /opt/airflow/dags/hello_airflow.py
[2026-05-31T07:23:06.131+0000] {processor.py:914} INFO - Processing file /opt/airflow/dags/hello_airflow.py for tasks to queue
[2026-05-31T07:23:06.133+0000] {logging_mixin.py:190} INFO - [2026-05-31T07:23:06.133+0000] {dagbag.py:588} INFO - Filling up the DagBag from /opt/airflow/dags/hello_airflow.py
[2026-05-31T07:23:06.141+0000] {processor.py:925} INFO - DAG(s) 'hello_airflow' retrieved from /opt/airflow/dags/hello_airflow.py
[2026-05-31T07:23:06.160+0000] {logging_mixin.py:190} INFO - [2026-05-31T07:23:06.160+0000] {dag.py:3239} INFO - Sync 1 DAGs
[2026-05-31T07:23:06.181+0000] {logging_mixin.py:190} INFO - [2026-05-31T07:23:06.181+0000] {dag.py:4180} INFO - Setting next_dagrun for hello_airflow to 2026-05-31 07:22:00+00:00, run_after=2026-05-31 07:23:00+00:00
[2026-05-31T07:23:06.197+0000] {processor.py:208} INFO - Processing /opt/airflow/dags/hello_airflow.py took 0.075 seconds
[2026-05-31T07:23:36.242+0000] {processor.py:186} INFO - Started process (PID=8985) to work on /opt/airflow/dags/hello_airflow.py
[2026-05-31T07:23:36.242+0000] {processor.py:914} INFO - Processing file /opt/airflow/dags/hello_airflow.py for tasks to queue
[2026-05-31T07:23:36.246+0000] {logging_mixin.py:190} INFO - [2026-05-31T07:23:36.245+0000] {dagbag.py:588} INFO - Filling up the DagBag from /opt/airflow/dags/hello_airflow.py
[2026-05-31T07:23:36.255+0000] {processor.py:925} INFO - DAG(s) 'hello_airflow' retrieved from /opt/airflow/dags/hello_airflow.py
[2026-05-31T07:23:36.274+0000] {logging_mixin.py:190} INFO - [2026-05-31T07:23:36.274+0000] {dag.py:3239} INFO - Sync 1 DAGs
[2026-05-31T07:23:36.296+0000] {logging_mixin.py:190} INFO - [2026-05-31T07:23:36.296+0000] {dag.py:4180} INFO - Setting next_dagrun for hello_airflow to 2026-05-31 07:22:00+00:00, run_after=2026-05-31 07:23:00+00:00
[2026-05-31T07:23:36.310+0000] {processor.py:208} INFO - Processing /opt/airflow/dags/hello_airflow.py took 0.073 seconds
[2026-05-31T07:24:06.828+0000] {processor.py:186} INFO - Started process (PID=9010) to work on /opt/airflow/dags/hello_airflow.py
[2026-05-31T07:24:06.829+0000] {processor.py:914} INFO - Processing file /opt/airflow/dags/hello_airflow.py for tasks to queue
[2026-05-31T07:24:06.832+0000] {logging_mixin.py:190} INFO - [2026-05-31T07:24:06.831+0000] {dagbag.py:588} INFO - Filling up the DagBag from /opt/airflow/dags/hello_airflow.py
[2026-05-31T07:24:06.840+0000] {processor.py:925} INFO - DAG(s) 'hello_airflow' retrieved from /opt/airflow/dags/hello_airflow.py
[2026-05-31T07:24:06.858+0000] {logging_mixin.py:190} INFO - [2026-05-31T07:24:06.858+0000] {dag.py:3239} INFO - Sync 1 DAGs
[2026-05-31T07:24:06.880+0000] {logging_mixin.py:190} INFO - [2026-05-31T07:24:06.880+0000] {dag.py:4180} INFO - Setting next_dagrun for hello_airflow to 2026-05-31 07:23:00+00:00, run_after=2026-05-31 07:24:00+00:00
[2026-05-31T07:24:06.897+0000] {processor.py:208} INFO - Processing /opt/airflow/dags/hello_airflow.py took 0.073 seconds
[2026-05-31T07:24:37.239+0000] {processor.py:186} INFO - Started process (PID=9034) to work on /opt/airflow/dags/hello_airflow.py
[2026-05-31T07:24:37.241+0000] {processor.py:914} INFO - Processing file /opt/airflow/dags/hello_airflow.py for tasks to queue
[2026-05-31T07:24:37.244+0000] {logging_mixin.py:190} INFO - [2026-05-31T07:24:37.243+0000] {dagbag.py:588} INFO - Filling up the DagBag from /opt/airflow/dags/hello_airflow.py
[2026-05-31T07:24:37.254+0000] {processor.py:925} INFO - DAG(s) 'hello_airflow' retrieved from /opt/airflow/dags/hello_airflow.py
[2026-05-31T07:24:37.272+0000] {logging_mixin.py:190} INFO - [2026-05-31T07:24:37.272+0000] {dag.py:3239} INFO - Sync 1 DAGs
[2026-05-31T07:24:37.294+0000] {logging_mixin.py:190} INFO - [2026-05-31T07:24:37.294+0000] {dag.py:4180} INFO - Setting next_dagrun for hello_airflow to 2026-05-31 07:23:00+00:00, run_after=2026-05-31 07:24:00+00:00
[2026-05-31T07:24:37.308+0000] {processor.py:208} INFO - Processing /opt/airflow/dags/hello_airflow.py took 0.074 seconds
[2026-05-31T07:25:07.733+0000] {processor.py:186} INFO - Started process (PID=9058) to work on /opt/airflow/dags/hello_airflow.py
[2026-05-31T07:25:07.734+0000] {processor.py:914} INFO - Processing file /opt/airflow/dags/hello_airflow.py for tasks to queue
[2026-05-31T07:25:07.736+0000] {logging_mixin.py:190} INFO - [2026-05-31T07:25:07.736+0000] {dagbag.py:588} INFO - Filling up the DagBag from /opt/airflow/dags/hello_airflow.py
[2026-05-31T07:25:07.744+0000] {processor.py:925} INFO - DAG(s) 'hello_airflow' retrieved from /opt/airflow/dags/hello_airflow.py
[2026-05-31T07:25:07.762+0000] {logging_mixin.py:190} INFO - [2026-05-31T07:25:07.761+0000] {dag.py:3239} INFO - Sync 1 DAGs
[2026-05-31T07:25:07.786+0000] {logging_mixin.py:190} INFO - [2026-05-31T07:25:07.786+0000] {dag.py:4180} INFO - Setting next_dagrun for hello_airflow to 2026-05-31 07:24:00+00:00, run_after=2026-05-31 07:25:00+00:00
[2026-05-31T07:25:07.803+0000] {processor.py:208} INFO - Processing /opt/airflow/dags/hello_airflow.py took 0.075 seconds
[2026-05-31T07:25:38.166+0000] {processor.py:186} INFO - Started process (PID=9082) to work on /opt/airflow/dags/hello_airflow.py
[2026-05-31T07:25:38.168+0000] {processor.py:914} INFO - Processing file /opt/airflow/dags/hello_airflow.py for tasks to queue
[2026-05-31T07:25:38.170+0000] {logging_mixin.py:190} INFO - [2026-05-31T07:25:38.169+0000] {dagbag.py:588} INFO - Filling up the DagBag from /opt/airflow/dags/hello_airflow.py
[2026-05-31T07:25:38.178+0000] {processor.py:925} INFO - DAG(s) 'hello_airflow' retrieved from /opt/airflow/dags/hello_airflow.py
[2026-05-31T07:25:38.200+0000] {logging_mixin.py:190} INFO - [2026-05-31T07:25:38.200+0000] {dag.py:3239} INFO - Sync 1 DAGs
[2026-05-31T07:25:38.223+0000] {logging_mixin.py:190} INFO - [2026-05-31T07:25:38.222+0000] {dag.py:4180} INFO - Setting next_dagrun for hello_airflow to 2026-05-31 07:24:00+00:00, run_after=2026-05-31 07:25:00+00:00
[2026-05-31T07:25:38.237+0000] {processor.py:208} INFO - Processing /opt/airflow/dags/hello_airflow.py took 0.076 seconds
[2026-05-31T07:26:08.651+0000] {processor.py:186} INFO - Started process (PID=9106) to work on /opt/airflow/dags/hello_airflow.py
[2026-05-31T07:26:08.652+0000] {processor.py:914} INFO - Processing file /opt/airflow/dags/hello_airflow.py for tasks to queue
[2026-05-31T07:26:08.654+0000] {logging_mixin.py:190} INFO - [2026-05-31T07:26:08.653+0000] {dagbag.py:588} INFO - Filling up the DagBag from /opt/airflow/dags/hello_airflow.py
[2026-05-31T07:26:08.663+0000] {processor.py:925} INFO - DAG(s) 'hello_airflow' retrieved from /opt/airflow/dags/hello_airflow.py
[2026-05-31T07:26:08.681+0000] {logging_mixin.py:190} INFO - [2026-05-31T07:26:08.680+0000] {dag.py:3239} INFO - Sync 1 DAGs
[2026-05-31T07:26:08.703+0000] {logging_mixin.py:190} INFO - [2026-05-31T07:26:08.703+0000] {dag.py:4180} INFO - Setting next_dagrun for hello_airflow to 2026-05-31 07:25:00+00:00, run_after=2026-05-31 07:26:00+00:00
[2026-05-31T07:26:08.719+0000] {processor.py:208} INFO - Processing /opt/airflow/dags/hello_airflow.py took 0.074 seconds
[2026-05-31T07:26:39.011+0000] {processor.py:186} INFO - Started process (PID=9129) to work on /opt/airflow/dags/hello_airflow.py
[2026-05-31T07:26:39.012+0000] {processor.py:914} INFO - Processing file /opt/airflow/dags/hello_airflow.py for tasks to queue
[2026-05-31T07:26:39.014+0000] {logging_mixin.py:190} INFO - [2026-05-31T07:26:39.014+0000] {dagbag.py:588} INFO - Filling up the DagBag from /opt/airflow/dags/hello_airflow.py
[2026-05-31T07:26:39.022+0000] {processor.py:925} INFO - DAG(s) 'hello_airflow' retrieved from /opt/airflow/dags/hello_airflow.py
[2026-05-31T07:26:39.041+0000] {logging_mixin.py:190} INFO - [2026-05-31T07:26:39.041+0000] {dag.py:3239} INFO - Sync 1 DAGs
[2026-05-31T07:26:39.062+0000] {logging_mixin.py:190} INFO - [2026-05-31T07:26:39.061+0000] {dag.py:4180} INFO - Setting next_dagrun for hello_airflow to 2026-05-31 07:25:00+00:00, run_after=2026-05-31 07:26:00+00:00
[2026-05-31T07:26:39.074+0000] {processor.py:208} INFO - Processing /opt/airflow/dags/hello_airflow.py took 0.067 seconds
[2026-05-31T07:27:09.134+0000] {processor.py:186} INFO - Started process (PID=9153) to work on /opt/airflow/dags/hello_airflow.py
[2026-05-31T07:27:09.134+0000] {processor.py:914} INFO - Processing file /opt/airflow/dags/hello_airflow.py for tasks to queue
[2026-05-31T07:27:09.137+0000] {logging_mixin.py:190} INFO - [2026-05-31T07:27:09.137+0000] {dagbag.py:588} INFO - Filling up the DagBag from /opt/airflow/dags/hello_airflow.py
[2026-05-31T07:27:09.145+0000] {processor.py:925} INFO - DAG(s) 'hello_airflow' retrieved from /opt/airflow/dags/hello_airflow.py
[2026-05-31T07:27:09.163+0000] {logging_mixin.py:190} INFO - [2026-05-31T07:27:09.163+0000] {dag.py:3239} INFO - Sync 1 DAGs
[2026-05-31T07:27:09.183+0000] {logging_mixin.py:190} INFO - [2026-05-31T07:27:09.183+0000] {dag.py:4180} INFO - Setting next_dagrun for hello_airflow to 2026-05-31 07:26:00+00:00, run_after=2026-05-31 07:27:00+00:00
[2026-05-31T07:27:09.196+0000] {processor.py:208} INFO - Processing /opt/airflow/dags/hello_airflow.py took 0.068 seconds
[2026-05-31T07:27:39.741+0000] {processor.py:186} INFO - Started process (PID=9178) to work on /opt/airflow/dags/hello_airflow.py
[2026-05-31T07:27:39.748+0000] {processor.py:914} INFO - Processing file /opt/airflow/dags/hello_airflow.py for tasks to queue
[2026-05-31T07:27:39.770+0000] {logging_mixin.py:190} INFO - [2026-05-31T07:27:39.770+0000] {dagbag.py:588} INFO - Filling up the DagBag from /opt/airflow/dags/hello_airflow.py
[2026-05-31T07:27:39.817+0000] {processor.py:925} INFO - DAG(s) 'hello_airflow' retrieved from /opt/airflow/dags/hello_airflow.py
[2026-05-31T07:27:39.856+0000] {logging_mixin.py:190} INFO - [2026-05-31T07:27:39.856+0000] {dag.py:3239} INFO - Sync 1 DAGs
[2026-05-31T07:27:39.896+0000] {logging_mixin.py:190} INFO - [2026-05-31T07:27:39.895+0000] {dag.py:4180} INFO - Setting next_dagrun for hello_airflow to 2026-05-31 07:26:00+00:00, run_after=2026-05-31 07:27:00+00:00
[2026-05-31T07:27:39.925+0000] {processor.py:208} INFO - Processing /opt/airflow/dags/hello_airflow.py took 0.202 seconds
[2026-05-31T07:28:10.489+0000] {processor.py:186} INFO - Started process (PID=9202) to work on /opt/airflow/dags/hello_airflow.py
[2026-05-31T07:28:10.490+0000] {processor.py:914} INFO - Processing file /opt/airflow/dags/hello_airflow.py for tasks to queue
[2026-05-31T07:28:10.494+0000] {logging_mixin.py:190} INFO - [2026-05-31T07:28:10.494+0000] {dagbag.py:588} INFO - Filling up the DagBag from /opt/airflow/dags/hello_airflow.py
[2026-05-31T07:28:10.510+0000] {processor.py:925} INFO - DAG(s) 'hello_airflow' retrieved from /opt/airflow/dags/hello_airflow.py
[2026-05-31T07:28:10.552+0000] {logging_mixin.py:190} INFO - [2026-05-31T07:28:10.551+0000] {dag.py:3239} INFO - Sync 1 DAGs
[2026-05-31T07:28:10.592+0000] {logging_mixin.py:190} INFO - [2026-05-31T07:28:10.592+0000] {dag.py:4180} INFO - Setting next_dagrun for hello_airflow to 2026-05-31 07:27:00+00:00, run_after=2026-05-31 07:28:00+00:00
[2026-05-31T07:28:10.628+0000] {processor.py:208} INFO - Processing /opt/airflow/dags/hello_airflow.py took 0.151 seconds
[2026-05-31T07:28:40.772+0000] {processor.py:186} INFO - Started process (PID=9226) to work on /opt/airflow/dags/hello_airflow.py
[2026-05-31T07:28:40.773+0000] {processor.py:914} INFO - Processing file /opt/airflow/dags/hello_airflow.py for tasks to queue
[2026-05-31T07:28:40.775+0000] {logging_mixin.py:190} INFO - [2026-05-31T07:28:40.775+0000] {dagbag.py:588} INFO - Filling up the DagBag from /opt/airflow/dags/hello_airflow.py
[2026-05-31T07:28:40.783+0000] {processor.py:925} INFO - DAG(s) 'hello_airflow' retrieved from /opt/airflow/dags/hello_airflow.py
[2026-05-31T07:28:40.800+0000] {logging_mixin.py:190} INFO - [2026-05-31T07:28:40.800+0000] {dag.py:3239} INFO - Sync 1 DAGs
[2026-05-31T07:28:40.825+0000] {logging_mixin.py:190} INFO - [2026-05-31T07:28:40.825+0000] {dag.py:4180} INFO - Setting next_dagrun for hello_airflow to 2026-05-31 07:27:00+00:00, run_after=2026-05-31 07:28:00+00:00
[2026-05-31T07:28:40.838+0000] {processor.py:208} INFO - Processing /opt/airflow/dags/hello_airflow.py took 0.070 seconds
[2026-05-31T07:29:11.113+0000] {processor.py:186} INFO - Started process (PID=9250) to work on /opt/airflow/dags/hello_airflow.py
[2026-05-31T07:29:11.114+0000] {processor.py:914} INFO - Processing file /opt/airflow/dags/hello_airflow.py for tasks to queue
[2026-05-31T07:29:11.117+0000] {logging_mixin.py:190} INFO - [2026-05-31T07:29:11.116+0000] {dagbag.py:588} INFO - Filling up the DagBag from /opt/airflow/dags/hello_airflow.py
[2026-05-31T07:29:11.127+0000] {processor.py:925} INFO - DAG(s) 'hello_airflow' retrieved from /opt/airflow/dags/hello_airflow.py
[2026-05-31T07:29:11.152+0000] {logging_mixin.py:190} INFO - [2026-05-31T07:29:11.151+0000] {dag.py:3239} INFO - Sync 1 DAGs
[2026-05-31T07:29:11.174+0000] {logging_mixin.py:190} INFO - [2026-05-31T07:29:11.174+0000] {dag.py:4180} INFO - Setting next_dagrun for hello_airflow to 2026-05-31 07:28:00+00:00, run_after=2026-05-31 07:29:00+00:00
[2026-05-31T07:29:11.192+0000] {processor.py:208} INFO - Processing /opt/airflow/dags/hello_airflow.py took 0.086 seconds
[2026-05-31T07:29:41.615+0000] {processor.py:186} INFO - Started process (PID=9273) to work on /opt/airflow/dags/hello_airflow.py
[2026-05-31T07:29:41.616+0000] {processor.py:914} INFO - Processing file /opt/airflow/dags/hello_airflow.py for tasks to queue
[2026-05-31T07:29:41.618+0000] {logging_mixin.py:190} INFO - [2026-05-31T07:29:41.618+0000] {dagbag.py:588} INFO - Filling up the DagBag from /opt/airflow/dags/hello_airflow.py
[2026-05-31T07:29:41.626+0000] {processor.py:925} INFO - DAG(s) 'hello_airflow' retrieved from /opt/airflow/dags/hello_airflow.py
[2026-05-31T07:29:41.644+0000] {logging_mixin.py:190} INFO - [2026-05-31T07:29:41.644+0000] {dag.py:3239} INFO - Sync 1 DAGs
[2026-05-31T07:29:41.669+0000] {logging_mixin.py:190} INFO - [2026-05-31T07:29:41.669+0000] {dag.py:4180} INFO - Setting next_dagrun for hello_airflow to 2026-05-31 07:28:00+00:00, run_after=2026-05-31 07:29:00+00:00
[2026-05-31T07:29:41.681+0000] {processor.py:208} INFO - Processing /opt/airflow/dags/hello_airflow.py took 0.072 seconds
[2026-05-31T07:30:12.065+0000] {processor.py:186} INFO - Started process (PID=9297) to work on /opt/airflow/dags/hello_airflow.py
[2026-05-31T07:30:12.066+0000] {processor.py:914} INFO - Processing file /opt/airflow/dags/hello_airflow.py for tasks to queue
[2026-05-31T07:30:12.068+0000] {logging_mixin.py:190} INFO - [2026-05-31T07:30:12.068+0000] {dagbag.py:588} INFO - Filling up the DagBag from /opt/airflow/dags/hello_airflow.py
[2026-05-31T07:30:12.076+0000] {processor.py:925} INFO - DAG(s) 'hello_airflow' retrieved from /opt/airflow/dags/hello_airflow.py
[2026-05-31T07:30:12.099+0000] {logging_mixin.py:190} INFO - [2026-05-31T07:30:12.099+0000] {dag.py:3239} INFO - Sync 1 DAGs
[2026-05-31T07:30:12.127+0000] {logging_mixin.py:190} INFO - [2026-05-31T07:30:12.127+0000] {dag.py:4180} INFO - Setting next_dagrun for hello_airflow to 2026-05-31 07:29:00+00:00, run_after=2026-05-31 07:30:00+00:00
[2026-05-31T07:30:12.142+0000] {processor.py:208} INFO - Processing /opt/airflow/dags/hello_airflow.py took 0.082 seconds
[2026-05-31T07:30:42.502+0000] {processor.py:186} INFO - Started process (PID=9322) to work on /opt/airflow/dags/hello_airflow.py
[2026-05-31T07:30:42.503+0000] {processor.py:914} INFO - Processing file /opt/airflow/dags/hello_airflow.py for tasks to queue
[2026-05-31T07:30:42.505+0000] {logging_mixin.py:190} INFO - [2026-05-31T07:30:42.505+0000] {dagbag.py:588} INFO - Filling up the DagBag from /opt/airflow/dags/hello_airflow.py
[2026-05-31T07:30:42.513+0000] {processor.py:925} INFO - DAG(s) 'hello_airflow' retrieved from /opt/airflow/dags/hello_airflow.py
[2026-05-31T07:30:42.531+0000] {logging_mixin.py:190} INFO - [2026-05-31T07:30:42.531+0000] {dag.py:3239} INFO - Sync 1 DAGs
[2026-05-31T07:30:42.556+0000] {logging_mixin.py:190} INFO - [2026-05-31T07:30:42.556+0000] {dag.py:4180} INFO - Setting next_dagrun for hello_airflow to 2026-05-31 07:29:00+00:00, run_after=2026-05-31 07:30:00+00:00
[2026-05-31T07:30:42.569+0000] {processor.py:208} INFO - Processing /opt/airflow/dags/hello_airflow.py took 0.073 seconds
[2026-05-31T07:31:12.779+0000] {processor.py:186} INFO - Started process (PID=9346) to work on /opt/airflow/dags/hello_airflow.py
[2026-05-31T07:31:12.780+0000] {processor.py:914} INFO - Processing file /opt/airflow/dags/hello_airflow.py for tasks to queue
[2026-05-31T07:31:12.783+0000] {logging_mixin.py:190} INFO - [2026-05-31T07:31:12.782+0000] {dagbag.py:588} INFO - Filling up the DagBag from /opt/airflow/dags/hello_airflow.py
[2026-05-31T07:31:12.791+0000] {processor.py:925} INFO - DAG(s) 'hello_airflow' retrieved from /opt/airflow/dags/hello_airflow.py
[2026-05-31T07:31:12.809+0000] {logging_mixin.py:190} INFO - [2026-05-31T07:31:12.809+0000] {dag.py:3239} INFO - Sync 1 DAGs
[2026-05-31T07:31:12.833+0000] {logging_mixin.py:190} INFO - [2026-05-31T07:31:12.833+0000] {dag.py:4180} INFO - Setting next_dagrun for hello_airflow to 2026-05-31 07:30:00+00:00, run_after=2026-05-31 07:31:00+00:00
[2026-05-31T07:31:12.847+0000] {processor.py:208} INFO - Processing /opt/airflow/dags/hello_airflow.py took 0.073 seconds
[2026-05-31T07:31:43.057+0000] {processor.py:186} INFO - Started process (PID=9370) to work on /opt/airflow/dags/hello_airflow.py
[2026-05-31T07:31:43.058+0000] {processor.py:914} INFO - Processing file /opt/airflow/dags/hello_airflow.py for tasks to queue
[2026-05-31T07:31:43.060+0000] {logging_mixin.py:190} INFO - [2026-05-31T07:31:43.059+0000] {dagbag.py:588} INFO - Filling up the DagBag from /opt/airflow/dags/hello_airflow.py
[2026-05-31T07:31:43.067+0000] {processor.py:925} INFO - DAG(s) 'hello_airflow' retrieved from /opt/airflow/dags/hello_airflow.py
[2026-05-31T07:31:43.085+0000] {logging_mixin.py:190} INFO - [2026-05-31T07:31:43.085+0000] {dag.py:3239} INFO - Sync 1 DAGs
[2026-05-31T07:31:43.111+0000] {logging_mixin.py:190} INFO - [2026-05-31T07:31:43.110+0000] {dag.py:4180} INFO - Setting next_dagrun for hello_airflow to 2026-05-31 07:30:00+00:00, run_after=2026-05-31 07:31:00+00:00
[2026-05-31T07:31:43.123+0000] {processor.py:208} INFO - Processing /opt/airflow/dags/hello_airflow.py took 0.071 seconds
[2026-05-31T07:32:13.383+0000] {processor.py:186} INFO - Started process (PID=9394) to work on /opt/airflow/dags/hello_airflow.py
[2026-05-31T07:32:13.384+0000] {processor.py:914} INFO - Processing file /opt/airflow/dags/hello_airflow.py for tasks to queue
[2026-05-31T07:32:13.386+0000] {logging_mixin.py:190} INFO - [2026-05-31T07:32:13.386+0000] {dagbag.py:588} INFO - Filling up the DagBag from /opt/airflow/dags/hello_airflow.py
[2026-05-31T07:32:13.393+0000] {processor.py:925} INFO - DAG(s) 'hello_airflow' retrieved from /opt/airflow/dags/hello_airflow.py
[2026-05-31T07:32:13.411+0000] {logging_mixin.py:190} INFO - [2026-05-31T07:32:13.411+0000] {dag.py:3239} INFO - Sync 1 DAGs
[2026-05-31T07:32:13.433+0000] {logging_mixin.py:190} INFO - [2026-05-31T07:32:13.433+0000] {dag.py:4180} INFO - Setting next_dagrun for hello_airflow to 2026-05-31 07:31:00+00:00, run_after=2026-05-31 07:32:00+00:00
[2026-05-31T07:32:13.446+0000] {processor.py:208} INFO - Processing /opt/airflow/dags/hello_airflow.py took 0.069 seconds
[2026-05-31T07:32:43.620+0000] {processor.py:186} INFO - Started process (PID=9418) to work on /opt/airflow/dags/hello_airflow.py
[2026-05-31T07:32:43.621+0000] {processor.py:914} INFO - Processing file /opt/airflow/dags/hello_airflow.py for tasks to queue
[2026-05-31T07:32:43.622+0000] {logging_mixin.py:190} INFO - [2026-05-31T07:32:43.622+0000] {dagbag.py:588} INFO - Filling up the DagBag from /opt/airflow/dags/hello_airflow.py
[2026-05-31T07:32:43.631+0000] {processor.py:925} INFO - DAG(s) 'hello_airflow' retrieved from /opt/airflow/dags/hello_airflow.py
[2026-05-31T07:32:43.649+0000] {logging_mixin.py:190} INFO - [2026-05-31T07:32:43.649+0000] {dag.py:3239} INFO - Sync 1 DAGs
[2026-05-31T07:32:43.669+0000] {logging_mixin.py:190} INFO - [2026-05-31T07:32:43.669+0000] {dag.py:4180} INFO - Setting next_dagrun for hello_airflow to 2026-05-31 07:31:00+00:00, run_after=2026-05-31 07:32:00+00:00
[2026-05-31T07:32:43.683+0000] {processor.py:208} INFO - Processing /opt/airflow/dags/hello_airflow.py took 0.067 seconds
[2026-05-31T07:33:14.038+0000] {processor.py:186} INFO - Started process (PID=9441) to work on /opt/airflow/dags/hello_airflow.py
[2026-05-31T07:33:14.039+0000] {processor.py:914} INFO - Processing file /opt/airflow/dags/hello_airflow.py for tasks to queue
[2026-05-31T07:33:14.041+0000] {logging_mixin.py:190} INFO - [2026-05-31T07:33:14.041+0000] {dagbag.py:588} INFO - Filling up the DagBag from /opt/airflow/dags/hello_airflow.py
[2026-05-31T07:33:14.048+0000] {processor.py:925} INFO - DAG(s) 'hello_airflow' retrieved from /opt/airflow/dags/hello_airflow.py
[2026-05-31T07:33:14.066+0000] {logging_mixin.py:190} INFO - [2026-05-31T07:33:14.065+0000] {dag.py:3239} INFO - Sync 1 DAGs
[2026-05-31T07:33:14.086+0000] {logging_mixin.py:190} INFO - [2026-05-31T07:33:14.086+0000] {dag.py:4180} INFO - Setting next_dagrun for hello_airflow to 2026-05-31 07:32:00+00:00, run_after=2026-05-31 07:33:00+00:00
[2026-05-31T07:33:14.099+0000] {processor.py:208} INFO - Processing /opt/airflow/dags/hello_airflow.py took 0.066 seconds
[2026-05-31T07:33:44.311+0000] {processor.py:186} INFO - Started process (PID=9465) to work on /opt/airflow/dags/hello_airflow.py
[2026-05-31T07:33:44.312+0000] {processor.py:914} INFO - Processing file /opt/airflow/dags/hello_airflow.py for tasks to queue
[2026-05-31T07:33:44.315+0000] {logging_mixin.py:190} INFO - [2026-05-31T07:33:44.315+0000] {dagbag.py:588} INFO - Filling up the DagBag from /opt/airflow/dags/hello_airflow.py
[2026-05-31T07:33:44.325+0000] {processor.py:925} INFO - DAG(s) 'hello_airflow' retrieved from /opt/airflow/dags/hello_airflow.py
[2026-05-31T07:33:44.348+0000] {logging_mixin.py:190} INFO - [2026-05-31T07:33:44.347+0000] {dag.py:3239} INFO - Sync 1 DAGs
[2026-05-31T07:33:44.368+0000] {logging_mixin.py:190} INFO - [2026-05-31T07:33:44.368+0000] {dag.py:4180} INFO - Setting next_dagrun for hello_airflow to 2026-05-31 07:32:00+00:00, run_after=2026-05-31 07:33:00+00:00
[2026-05-31T07:33:44.383+0000] {processor.py:208} INFO - Processing /opt/airflow/dags/hello_airflow.py took 0.077 seconds
[2026-05-31T07:34:15.071+0000] {processor.py:186} INFO - Started process (PID=9485) to work on /opt/airflow/dags/hello_airflow.py
[2026-05-31T07:34:15.078+0000] {processor.py:914} INFO - Processing file /opt/airflow/dags/hello_airflow.py for tasks to queue
[2026-05-31T07:34:15.085+0000] {logging_mixin.py:190} INFO - [2026-05-31T07:34:15.084+0000] {dagbag.py:588} INFO - Filling up the DagBag from /opt/airflow/dags/hello_airflow.py
[2026-05-31T07:34:15.102+0000] {processor.py:925} INFO - DAG(s) 'hello_airflow' retrieved from /opt/airflow/dags/hello_airflow.py
[2026-05-31T07:34:15.154+0000] {logging_mixin.py:190} INFO - [2026-05-31T07:34:15.153+0000] {dag.py:3239} INFO - Sync 1 DAGs
[2026-05-31T07:34:15.220+0000] {logging_mixin.py:190} INFO - [2026-05-31T07:34:15.220+0000] {dag.py:4180} INFO - Setting next_dagrun for hello_airflow to 2026-05-31 07:33:00+00:00, run_after=2026-05-31 07:34:00+00:00
[2026-05-31T07:34:15.262+0000] {processor.py:208} INFO - Processing /opt/airflow/dags/hello_airflow.py took 0.202 seconds
[2026-05-31T07:34:45.952+0000] {processor.py:186} INFO - Started process (PID=9508) to work on /opt/airflow/dags/hello_airflow.py
[2026-05-31T07:34:45.955+0000] {processor.py:914} INFO - Processing file /opt/airflow/dags/hello_airflow.py for tasks to queue
[2026-05-31T07:34:45.959+0000] {logging_mixin.py:190} INFO - [2026-05-31T07:34:45.959+0000] {dagbag.py:588} INFO - Filling up the DagBag from /opt/airflow/dags/hello_airflow.py
[2026-05-31T07:34:45.975+0000] {processor.py:925} INFO - DAG(s) 'hello_airflow' retrieved from /opt/airflow/dags/hello_airflow.py
[2026-05-31T07:34:46.016+0000] {logging_mixin.py:190} INFO - [2026-05-31T07:34:46.015+0000] {dag.py:3239} INFO - Sync 1 DAGs
[2026-05-31T07:34:46.057+0000] {logging_mixin.py:190} INFO - [2026-05-31T07:34:46.057+0000] {dag.py:4180} INFO - Setting next_dagrun for hello_airflow to 2026-05-31 07:33:00+00:00, run_after=2026-05-31 07:34:00+00:00
[2026-05-31T07:34:46.083+0000] {processor.py:208} INFO - Processing /opt/airflow/dags/hello_airflow.py took 0.141 seconds
[2026-05-31T07:35:16.170+0000] {processor.py:186} INFO - Started process (PID=9531) to work on /opt/airflow/dags/hello_airflow.py
[2026-05-31T07:35:16.171+0000] {processor.py:914} INFO - Processing file /opt/airflow/dags/hello_airflow.py for tasks to queue
[2026-05-31T07:35:16.172+0000] {logging_mixin.py:190} INFO - [2026-05-31T07:35:16.172+0000] {dagbag.py:588} INFO - Filling up the DagBag from /opt/airflow/dags/hello_airflow.py
[2026-05-31T07:35:16.180+0000] {processor.py:925} INFO - DAG(s) 'hello_airflow' retrieved from /opt/airflow/dags/hello_airflow.py
[2026-05-31T07:35:16.201+0000] {logging_mixin.py:190} INFO - [2026-05-31T07:35:16.200+0000] {dag.py:3239} INFO - Sync 1 DAGs
[2026-05-31T07:35:16.222+0000] {logging_mixin.py:190} INFO - [2026-05-31T07:35:16.222+0000] {dag.py:4180} INFO - Setting next_dagrun for hello_airflow to 2026-05-31 07:34:00+00:00, run_after=2026-05-31 07:35:00+00:00
[2026-05-31T07:35:16.238+0000] {processor.py:208} INFO - Processing /opt/airflow/dags/hello_airflow.py took 0.073 seconds
[2026-05-31T07:35:46.264+0000] {processor.py:186} INFO - Started process (PID=9555) to work on /opt/airflow/dags/hello_airflow.py
[2026-05-31T07:35:46.264+0000] {processor.py:914} INFO - Processing file /opt/airflow/dags/hello_airflow.py for tasks to queue
[2026-05-31T07:35:46.266+0000] {logging_mixin.py:190} INFO - [2026-05-31T07:35:46.266+0000] {dagbag.py:588} INFO - Filling up the DagBag from /opt/airflow/dags/hello_airflow.py
[2026-05-31T07:35:46.274+0000] {processor.py:925} INFO - DAG(s) 'hello_airflow' retrieved from /opt/airflow/dags/hello_airflow.py
[2026-05-31T07:35:46.294+0000] {logging_mixin.py:190} INFO - [2026-05-31T07:35:46.294+0000] {dag.py:3239} INFO - Sync 1 DAGs
[2026-05-31T07:35:46.316+0000] {logging_mixin.py:190} INFO - [2026-05-31T07:35:46.316+0000] {dag.py:4180} INFO - Setting next_dagrun for hello_airflow to 2026-05-31 07:34:00+00:00, run_after=2026-05-31 07:35:00+00:00
[2026-05-31T07:35:46.331+0000] {processor.py:208} INFO - Processing /opt/airflow/dags/hello_airflow.py took 0.072 seconds
[2026-05-31T07:36:16.387+0000] {processor.py:186} INFO - Started process (PID=9579) to work on /opt/airflow/dags/hello_airflow.py
[2026-05-31T07:36:16.388+0000] {processor.py:914} INFO - Processing file /opt/airflow/dags/hello_airflow.py for tasks to queue
[2026-05-31T07:36:16.390+0000] {logging_mixin.py:190} INFO - [2026-05-31T07:36:16.390+0000] {dagbag.py:588} INFO - Filling up the DagBag from /opt/airflow/dags/hello_airflow.py
[2026-05-31T07:36:16.398+0000] {processor.py:925} INFO - DAG(s) 'hello_airflow' retrieved from /opt/airflow/dags/hello_airflow.py
[2026-05-31T07:36:16.418+0000] {logging_mixin.py:190} INFO - [2026-05-31T07:36:16.417+0000] {dag.py:3239} INFO - Sync 1 DAGs
[2026-05-31T07:36:16.440+0000] {logging_mixin.py:190} INFO - [2026-05-31T07:36:16.440+0000] {dag.py:4180} INFO - Setting next_dagrun for hello_airflow to 2026-05-31 07:35:00+00:00, run_after=2026-05-31 07:36:00+00:00
[2026-05-31T07:36:16.455+0000] {processor.py:208} INFO - Processing /opt/airflow/dags/hello_airflow.py took 0.073 seconds
[2026-05-31T07:36:47.288+0000] {processor.py:186} INFO - Started process (PID=9604) to work on /opt/airflow/dags/hello_airflow.py
[2026-05-31T07:36:47.288+0000] {processor.py:914} INFO - Processing file /opt/airflow/dags/hello_airflow.py for tasks to queue
[2026-05-31T07:36:47.290+0000] {logging_mixin.py:190} INFO - [2026-05-31T07:36:47.290+0000] {dagbag.py:588} INFO - Filling up the DagBag from /opt/airflow/dags/hello_airflow.py
[2026-05-31T07:36:47.298+0000] {processor.py:925} INFO - DAG(s) 'hello_airflow' retrieved from /opt/airflow/dags/hello_airflow.py
[2026-05-31T07:36:47.318+0000] {logging_mixin.py:190} INFO - [2026-05-31T07:36:47.318+0000] {dag.py:3239} INFO - Sync 1 DAGs
[2026-05-31T07:36:47.341+0000] {logging_mixin.py:190} INFO - [2026-05-31T07:36:47.341+0000] {dag.py:4180} INFO - Setting next_dagrun for hello_airflow to 2026-05-31 07:35:00+00:00, run_after=2026-05-31 07:36:00+00:00
[2026-05-31T07:36:47.355+0000] {processor.py:208} INFO - Processing /opt/airflow/dags/hello_airflow.py took 0.072 seconds
[2026-05-31T07:37:17.558+0000] {processor.py:186} INFO - Started process (PID=9629) to work on /opt/airflow/dags/hello_airflow.py
[2026-05-31T07:37:17.558+0000] {processor.py:914} INFO - Processing file /opt/airflow/dags/hello_airflow.py for tasks to queue
[2026-05-31T07:37:17.560+0000] {logging_mixin.py:190} INFO - [2026-05-31T07:37:17.560+0000] {dagbag.py:588} INFO - Filling up the DagBag from /opt/airflow/dags/hello_airflow.py
[2026-05-31T07:37:17.569+0000] {processor.py:925} INFO - DAG(s) 'hello_airflow' retrieved from /opt/airflow/dags/hello_airflow.py
[2026-05-31T07:37:17.588+0000] {logging_mixin.py:190} INFO - [2026-05-31T07:37:17.588+0000] {dag.py:3239} INFO - Sync 1 DAGs
[2026-05-31T07:37:17.612+0000] {logging_mixin.py:190} INFO - [2026-05-31T07:37:17.612+0000] {dag.py:4180} INFO - Setting next_dagrun for hello_airflow to 2026-05-31 07:36:00+00:00, run_after=2026-05-31 07:37:00+00:00
[2026-05-31T07:37:17.624+0000] {processor.py:208} INFO - Processing /opt/airflow/dags/hello_airflow.py took 0.072 seconds
[2026-05-31T07:37:47.742+0000] {processor.py:186} INFO - Started process (PID=9653) to work on /opt/airflow/dags/hello_airflow.py
[2026-05-31T07:37:47.743+0000] {processor.py:914} INFO - Processing file /opt/airflow/dags/hello_airflow.py for tasks to queue
[2026-05-31T07:37:47.745+0000] {logging_mixin.py:190} INFO - [2026-05-31T07:37:47.744+0000] {dagbag.py:588} INFO - Filling up the DagBag from /opt/airflow/dags/hello_airflow.py
[2026-05-31T07:37:47.753+0000] {processor.py:925} INFO - DAG(s) 'hello_airflow' retrieved from /opt/airflow/dags/hello_airflow.py
[2026-05-31T07:37:47.773+0000] {logging_mixin.py:190} INFO - [2026-05-31T07:37:47.773+0000] {dag.py:3239} INFO - Sync 1 DAGs
[2026-05-31T07:37:47.799+0000] {logging_mixin.py:190} INFO - [2026-05-31T07:37:47.799+0000] {dag.py:4180} INFO - Setting next_dagrun for hello_airflow to 2026-05-31 07:36:00+00:00, run_after=2026-05-31 07:37:00+00:00
[2026-05-31T07:37:47.815+0000] {processor.py:208} INFO - Processing /opt/airflow/dags/hello_airflow.py took 0.078 seconds
[2026-05-31T07:38:18.614+0000] {processor.py:186} INFO - Started process (PID=9677) to work on /opt/airflow/dags/hello_airflow.py
[2026-05-31T07:38:18.615+0000] {processor.py:914} INFO - Processing file /opt/airflow/dags/hello_airflow.py for tasks to queue
[2026-05-31T07:38:18.617+0000] {logging_mixin.py:190} INFO - [2026-05-31T07:38:18.616+0000] {dagbag.py:588} INFO - Filling up the DagBag from /opt/airflow/dags/hello_airflow.py
[2026-05-31T07:38:18.624+0000] {processor.py:925} INFO - DAG(s) 'hello_airflow' retrieved from /opt/airflow/dags/hello_airflow.py
[2026-05-31T07:38:18.644+0000] {logging_mixin.py:190} INFO - [2026-05-31T07:38:18.644+0000] {dag.py:3239} INFO - Sync 1 DAGs
[2026-05-31T07:38:18.666+0000] {logging_mixin.py:190} INFO - [2026-05-31T07:38:18.666+0000] {dag.py:4180} INFO - Setting next_dagrun for hello_airflow to 2026-05-31 07:37:00+00:00, run_after=2026-05-31 07:38:00+00:00
[2026-05-31T07:38:18.680+0000] {processor.py:208} INFO - Processing /opt/airflow/dags/hello_airflow.py took 0.071 seconds
[2026-05-31T07:38:48.777+0000] {processor.py:186} INFO - Started process (PID=9702) to work on /opt/airflow/dags/hello_airflow.py
[2026-05-31T07:38:48.778+0000] {processor.py:914} INFO - Processing file /opt/airflow/dags/hello_airflow.py for tasks to queue
[2026-05-31T07:38:48.780+0000] {logging_mixin.py:190} INFO - [2026-05-31T07:38:48.780+0000] {dagbag.py:588} INFO - Filling up the DagBag from /opt/airflow/dags/hello_airflow.py
[2026-05-31T07:38:48.788+0000] {processor.py:925} INFO - DAG(s) 'hello_airflow' retrieved from /opt/airflow/dags/hello_airflow.py
[2026-05-31T07:38:48.808+0000] {logging_mixin.py:190} INFO - [2026-05-31T07:38:48.808+0000] {dag.py:3239} INFO - Sync 1 DAGs
[2026-05-31T07:38:48.830+0000] {logging_mixin.py:190} INFO - [2026-05-31T07:38:48.830+0000] {dag.py:4180} INFO - Setting next_dagrun for hello_airflow to 2026-05-31 07:37:00+00:00, run_after=2026-05-31 07:38:00+00:00
[2026-05-31T07:38:48.845+0000] {processor.py:208} INFO - Processing /opt/airflow/dags/hello_airflow.py took 0.073 seconds
[2026-05-31T07:39:19.207+0000] {processor.py:186} INFO - Started process (PID=9726) to work on /opt/airflow/dags/hello_airflow.py
[2026-05-31T07:39:19.208+0000] {processor.py:914} INFO - Processing file /opt/airflow/dags/hello_airflow.py for tasks to queue
[2026-05-31T07:39:19.210+0000] {logging_mixin.py:190} INFO - [2026-05-31T07:39:19.209+0000] {dagbag.py:588} INFO - Filling up the DagBag from /opt/airflow/dags/hello_airflow.py
[2026-05-31T07:39:19.217+0000] {processor.py:925} INFO - DAG(s) 'hello_airflow' retrieved from /opt/airflow/dags/hello_airflow.py
[2026-05-31T07:39:19.237+0000] {logging_mixin.py:190} INFO - [2026-05-31T07:39:19.237+0000] {dag.py:3239} INFO - Sync 1 DAGs
[2026-05-31T07:39:19.258+0000] {logging_mixin.py:190} INFO - [2026-05-31T07:39:19.258+0000] {dag.py:4180} INFO - Setting next_dagrun for hello_airflow to 2026-05-31 07:38:00+00:00, run_after=2026-05-31 07:39:00+00:00
[2026-05-31T07:39:19.273+0000] {processor.py:208} INFO - Processing /opt/airflow/dags/hello_airflow.py took 0.070 seconds
[2026-05-31T07:39:49.554+0000] {processor.py:186} INFO - Started process (PID=9751) to work on /opt/airflow/dags/hello_airflow.py
[2026-05-31T07:39:49.554+0000] {processor.py:914} INFO - Processing file /opt/airflow/dags/hello_airflow.py for tasks to queue
[2026-05-31T07:39:49.557+0000] {logging_mixin.py:190} INFO - [2026-05-31T07:39:49.556+0000] {dagbag.py:588} INFO - Filling up the DagBag from /opt/airflow/dags/hello_airflow.py
[2026-05-31T07:39:49.564+0000] {processor.py:925} INFO - DAG(s) 'hello_airflow' retrieved from /opt/airflow/dags/hello_airflow.py
[2026-05-31T07:39:49.584+0000] {logging_mixin.py:190} INFO - [2026-05-31T07:39:49.584+0000] {dag.py:3239} INFO - Sync 1 DAGs
[2026-05-31T07:39:49.606+0000] {logging_mixin.py:190} INFO - [2026-05-31T07:39:49.605+0000] {dag.py:4180} INFO - Setting next_dagrun for hello_airflow to 2026-05-31 07:38:00+00:00, run_after=2026-05-31 07:39:00+00:00
[2026-05-31T07:39:49.620+0000] {processor.py:208} INFO - Processing /opt/airflow/dags/hello_airflow.py took 0.071 seconds
[2026-05-31T07:40:19.759+0000] {processor.py:186} INFO - Started process (PID=9775) to work on /opt/airflow/dags/hello_airflow.py
[2026-05-31T07:40:19.760+0000] {processor.py:914} INFO - Processing file /opt/airflow/dags/hello_airflow.py for tasks to queue
[2026-05-31T07:40:19.762+0000] {logging_mixin.py:190} INFO - [2026-05-31T07:40:19.761+0000] {dagbag.py:588} INFO - Filling up the DagBag from /opt/airflow/dags/hello_airflow.py
[2026-05-31T07:40:19.769+0000] {processor.py:925} INFO - DAG(s) 'hello_airflow' retrieved from /opt/airflow/dags/hello_airflow.py
[2026-05-31T07:40:19.787+0000] {logging_mixin.py:190} INFO - [2026-05-31T07:40:19.787+0000] {dag.py:3239} INFO - Sync 1 DAGs
[2026-05-31T07:40:19.808+0000] {logging_mixin.py:190} INFO - [2026-05-31T07:40:19.808+0000] {dag.py:4180} INFO - Setting next_dagrun for hello_airflow to 2026-05-31 07:39:00+00:00, run_after=2026-05-31 07:40:00+00:00
[2026-05-31T07:40:19.822+0000] {processor.py:208} INFO - Processing /opt/airflow/dags/hello_airflow.py took 0.068 seconds
[2026-05-31T07:40:50.019+0000] {processor.py:186} INFO - Started process (PID=9795) to work on /opt/airflow/dags/hello_airflow.py
[2026-05-31T07:40:50.019+0000] {processor.py:914} INFO - Processing file /opt/airflow/dags/hello_airflow.py for tasks to queue
[2026-05-31T07:40:50.021+0000] {logging_mixin.py:190} INFO - [2026-05-31T07:40:50.021+0000] {dagbag.py:588} INFO - Filling up the DagBag from /opt/airflow/dags/hello_airflow.py
[2026-05-31T07:40:50.030+0000] {processor.py:925} INFO - DAG(s) 'hello_airflow' retrieved from /opt/airflow/dags/hello_airflow.py
[2026-05-31T07:40:50.048+0000] {logging_mixin.py:190} INFO - [2026-05-31T07:40:50.048+0000] {dag.py:3239} INFO - Sync 1 DAGs
[2026-05-31T07:40:50.070+0000] {logging_mixin.py:190} INFO - [2026-05-31T07:40:50.070+0000] {dag.py:4180} INFO - Setting next_dagrun for hello_airflow to 2026-05-31 07:39:00+00:00, run_after=2026-05-31 07:40:00+00:00
[2026-05-31T07:40:50.084+0000] {processor.py:208} INFO - Processing /opt/airflow/dags/hello_airflow.py took 0.071 seconds
[2026-05-31T07:41:20.175+0000] {processor.py:186} INFO - Started process (PID=9816) to work on /opt/airflow/dags/hello_airflow.py
[2026-05-31T07:41:20.176+0000] {processor.py:914} INFO - Processing file /opt/airflow/dags/hello_airflow.py for tasks to queue
[2026-05-31T07:41:20.178+0000] {logging_mixin.py:190} INFO - [2026-05-31T07:41:20.178+0000] {dagbag.py:588} INFO - Filling up the DagBag from /opt/airflow/dags/hello_airflow.py
[2026-05-31T07:41:20.187+0000] {processor.py:925} INFO - DAG(s) 'hello_airflow' retrieved from /opt/airflow/dags/hello_airflow.py
[2026-05-31T07:41:20.205+0000] {logging_mixin.py:190} INFO - [2026-05-31T07:41:20.204+0000] {dag.py:3239} INFO - Sync 1 DAGs
[2026-05-31T07:41:20.225+0000] {logging_mixin.py:190} INFO - [2026-05-31T07:41:20.224+0000] {dag.py:4180} INFO - Setting next_dagrun for hello_airflow to 2026-05-31 07:40:00+00:00, run_after=2026-05-31 07:41:00+00:00
[2026-05-31T07:41:20.238+0000] {processor.py:208} INFO - Processing /opt/airflow/dags/hello_airflow.py took 0.068 seconds
[2026-05-31T07:41:50.300+0000] {processor.py:186} INFO - Started process (PID=9840) to work on /opt/airflow/dags/hello_airflow.py
[2026-05-31T07:41:50.301+0000] {processor.py:914} INFO - Processing file /opt/airflow/dags/hello_airflow.py for tasks to queue
[2026-05-31T07:41:50.304+0000] {logging_mixin.py:190} INFO - [2026-05-31T07:41:50.303+0000] {dagbag.py:588} INFO - Filling up the DagBag from /opt/airflow/dags/hello_airflow.py
[2026-05-31T07:41:50.312+0000] {processor.py:925} INFO - DAG(s) 'hello_airflow' retrieved from /opt/airflow/dags/hello_airflow.py
[2026-05-31T07:41:50.330+0000] {logging_mixin.py:190} INFO - [2026-05-31T07:41:50.330+0000] {dag.py:3239} INFO - Sync 1 DAGs
[2026-05-31T07:41:50.353+0000] {logging_mixin.py:190} INFO - [2026-05-31T07:41:50.352+0000] {dag.py:4180} INFO - Setting next_dagrun for hello_airflow to 2026-05-31 07:40:00+00:00, run_after=2026-05-31 07:41:00+00:00
[2026-05-31T07:41:50.366+0000] {processor.py:208} INFO - Processing /opt/airflow/dags/hello_airflow.py took 0.071 seconds
[2026-05-31T07:42:20.831+0000] {processor.py:186} INFO - Started process (PID=9864) to work on /opt/airflow/dags/hello_airflow.py
[2026-05-31T07:42:20.832+0000] {processor.py:914} INFO - Processing file /opt/airflow/dags/hello_airflow.py for tasks to queue
[2026-05-31T07:42:20.834+0000] {logging_mixin.py:190} INFO - [2026-05-31T07:42:20.834+0000] {dagbag.py:588} INFO - Filling up the DagBag from /opt/airflow/dags/hello_airflow.py
[2026-05-31T07:42:20.843+0000] {processor.py:925} INFO - DAG(s) 'hello_airflow' retrieved from /opt/airflow/dags/hello_airflow.py
[2026-05-31T07:42:20.862+0000] {logging_mixin.py:190} INFO - [2026-05-31T07:42:20.861+0000] {dag.py:3239} INFO - Sync 1 DAGs
[2026-05-31T07:42:20.885+0000] {logging_mixin.py:190} INFO - [2026-05-31T07:42:20.884+0000] {dag.py:4180} INFO - Setting next_dagrun for hello_airflow to 2026-05-31 07:41:00+00:00, run_after=2026-05-31 07:42:00+00:00
[2026-05-31T07:42:20.901+0000] {processor.py:208} INFO - Processing /opt/airflow/dags/hello_airflow.py took 0.075 seconds
[2026-05-31T07:42:51.415+0000] {processor.py:186} INFO - Started process (PID=9888) to work on /opt/airflow/dags/hello_airflow.py
[2026-05-31T07:42:51.415+0000] {processor.py:914} INFO - Processing file /opt/airflow/dags/hello_airflow.py for tasks to queue
[2026-05-31T07:42:51.418+0000] {logging_mixin.py:190} INFO - [2026-05-31T07:42:51.417+0000] {dagbag.py:588} INFO - Filling up the DagBag from /opt/airflow/dags/hello_airflow.py
[2026-05-31T07:42:51.426+0000] {processor.py:925} INFO - DAG(s) 'hello_airflow' retrieved from /opt/airflow/dags/hello_airflow.py
[2026-05-31T07:42:51.444+0000] {logging_mixin.py:190} INFO - [2026-05-31T07:42:51.444+0000] {dag.py:3239} INFO - Sync 1 DAGs
[2026-05-31T07:42:51.465+0000] {logging_mixin.py:190} INFO - [2026-05-31T07:42:51.465+0000] {dag.py:4180} INFO - Setting next_dagrun for hello_airflow to 2026-05-31 07:41:00+00:00, run_after=2026-05-31 07:42:00+00:00
[2026-05-31T07:42:51.477+0000] {processor.py:208} INFO - Processing /opt/airflow/dags/hello_airflow.py took 0.067 seconds
[2026-05-31T07:43:21.791+0000] {processor.py:186} INFO - Started process (PID=9912) to work on /opt/airflow/dags/hello_airflow.py
[2026-05-31T07:43:21.793+0000] {processor.py:914} INFO - Processing file /opt/airflow/dags/hello_airflow.py for tasks to queue
[2026-05-31T07:43:21.794+0000] {logging_mixin.py:190} INFO - [2026-05-31T07:43:21.794+0000] {dagbag.py:588} INFO - Filling up the DagBag from /opt/airflow/dags/hello_airflow.py
[2026-05-31T07:43:21.802+0000] {processor.py:925} INFO - DAG(s) 'hello_airflow' retrieved from /opt/airflow/dags/hello_airflow.py
[2026-05-31T07:43:21.819+0000] {logging_mixin.py:190} INFO - [2026-05-31T07:43:21.819+0000] {dag.py:3239} INFO - Sync 1 DAGs
[2026-05-31T07:43:21.840+0000] {logging_mixin.py:190} INFO - [2026-05-31T07:43:21.840+0000] {dag.py:4180} INFO - Setting next_dagrun for hello_airflow to 2026-05-31 07:42:00+00:00, run_after=2026-05-31 07:43:00+00:00
[2026-05-31T07:43:21.853+0000] {processor.py:208} INFO - Processing /opt/airflow/dags/hello_airflow.py took 0.066 seconds
[2026-05-31T07:43:52.482+0000] {processor.py:186} INFO - Started process (PID=9936) to work on /opt/airflow/dags/hello_airflow.py
[2026-05-31T07:43:52.483+0000] {processor.py:914} INFO - Processing file /opt/airflow/dags/hello_airflow.py for tasks to queue
[2026-05-31T07:43:52.485+0000] {logging_mixin.py:190} INFO - [2026-05-31T07:43:52.485+0000] {dagbag.py:588} INFO - Filling up the DagBag from /opt/airflow/dags/hello_airflow.py
[2026-05-31T07:43:52.494+0000] {processor.py:925} INFO - DAG(s) 'hello_airflow' retrieved from /opt/airflow/dags/hello_airflow.py
[2026-05-31T07:43:52.513+0000] {logging_mixin.py:190} INFO - [2026-05-31T07:43:52.513+0000] {dag.py:3239} INFO - Sync 1 DAGs
[2026-05-31T07:43:52.536+0000] {logging_mixin.py:190} INFO - [2026-05-31T07:43:52.536+0000] {dag.py:4180} INFO - Setting next_dagrun for hello_airflow to 2026-05-31 07:42:00+00:00, run_after=2026-05-31 07:43:00+00:00
[2026-05-31T07:43:52.551+0000] {processor.py:208} INFO - Processing /opt/airflow/dags/hello_airflow.py took 0.075 seconds
[2026-05-31T07:44:23.077+0000] {processor.py:186} INFO - Started process (PID=9960) to work on /opt/airflow/dags/hello_airflow.py
[2026-05-31T07:44:23.078+0000] {processor.py:914} INFO - Processing file /opt/airflow/dags/hello_airflow.py for tasks to queue
[2026-05-31T07:44:23.080+0000] {logging_mixin.py:190} INFO - [2026-05-31T07:44:23.080+0000] {dagbag.py:588} INFO - Filling up the DagBag from /opt/airflow/dags/hello_airflow.py
[2026-05-31T07:44:23.089+0000] {processor.py:925} INFO - DAG(s) 'hello_airflow' retrieved from /opt/airflow/dags/hello_airflow.py
[2026-05-31T07:44:23.106+0000] {logging_mixin.py:190} INFO - [2026-05-31T07:44:23.106+0000] {dag.py:3239} INFO - Sync 1 DAGs
[2026-05-31T07:44:23.129+0000] {logging_mixin.py:190} INFO - [2026-05-31T07:44:23.129+0000] {dag.py:4180} INFO - Setting next_dagrun for hello_airflow to 2026-05-31 07:43:00+00:00, run_after=2026-05-31 07:44:00+00:00
[2026-05-31T07:44:23.145+0000] {processor.py:208} INFO - Processing /opt/airflow/dags/hello_airflow.py took 0.074 seconds
[2026-05-31T07:44:53.646+0000] {processor.py:186} INFO - Started process (PID=9986) to work on /opt/airflow/dags/hello_airflow.py
[2026-05-31T07:44:53.646+0000] {processor.py:914} INFO - Processing file /opt/airflow/dags/hello_airflow.py for tasks to queue
[2026-05-31T07:44:53.652+0000] {logging_mixin.py:190} INFO - [2026-05-31T07:44:53.652+0000] {dagbag.py:588} INFO - Filling up the DagBag from /opt/airflow/dags/hello_airflow.py
[2026-05-31T07:44:53.676+0000] {processor.py:925} INFO - DAG(s) 'hello_airflow' retrieved from /opt/airflow/dags/hello_airflow.py
[2026-05-31T07:44:53.715+0000] {logging_mixin.py:190} INFO - [2026-05-31T07:44:53.715+0000] {dag.py:3239} INFO - Sync 1 DAGs
[2026-05-31T07:44:53.761+0000] {logging_mixin.py:190} INFO - [2026-05-31T07:44:53.761+0000] {dag.py:4180} INFO - Setting next_dagrun for hello_airflow to 2026-05-31 07:43:00+00:00, run_after=2026-05-31 07:44:00+00:00
[2026-05-31T07:44:53.776+0000] {processor.py:208} INFO - Processing /opt/airflow/dags/hello_airflow.py took 0.152 seconds
[2026-05-31T07:45:24.128+0000] {processor.py:186} INFO - Started process (PID=10010) to work on /opt/airflow/dags/hello_airflow.py
[2026-05-31T07:45:24.129+0000] {processor.py:914} INFO - Processing file /opt/airflow/dags/hello_airflow.py for tasks to queue
[2026-05-31T07:45:24.131+0000] {logging_mixin.py:190} INFO - [2026-05-31T07:45:24.131+0000] {dagbag.py:588} INFO - Filling up the DagBag from /opt/airflow/dags/hello_airflow.py
[2026-05-31T07:45:24.140+0000] {processor.py:925} INFO - DAG(s) 'hello_airflow' retrieved from /opt/airflow/dags/hello_airflow.py
[2026-05-31T07:45:24.161+0000] {logging_mixin.py:190} INFO - [2026-05-31T07:45:24.160+0000] {dag.py:3239} INFO - Sync 1 DAGs
[2026-05-31T07:45:24.194+0000] {logging_mixin.py:190} INFO - [2026-05-31T07:45:24.194+0000] {dag.py:4180} INFO - Setting next_dagrun for hello_airflow to 2026-05-31 07:44:00+00:00, run_after=2026-05-31 07:45:00+00:00
[2026-05-31T07:45:24.355+0000] {processor.py:208} INFO - Processing /opt/airflow/dags/hello_airflow.py took 0.232 seconds
[2026-05-31T07:45:54.398+0000] {processor.py:186} INFO - Started process (PID=10034) to work on /opt/airflow/dags/hello_airflow.py
[2026-05-31T07:45:54.399+0000] {processor.py:914} INFO - Processing file /opt/airflow/dags/hello_airflow.py for tasks to queue
[2026-05-31T07:45:54.400+0000] {logging_mixin.py:190} INFO - [2026-05-31T07:45:54.400+0000] {dagbag.py:588} INFO - Filling up the DagBag from /opt/airflow/dags/hello_airflow.py
[2026-05-31T07:45:54.408+0000] {processor.py:925} INFO - DAG(s) 'hello_airflow' retrieved from /opt/airflow/dags/hello_airflow.py
[2026-05-31T07:45:54.429+0000] {logging_mixin.py:190} INFO - [2026-05-31T07:45:54.429+0000] {dag.py:3239} INFO - Sync 1 DAGs
[2026-05-31T07:45:54.451+0000] {logging_mixin.py:190} INFO - [2026-05-31T07:45:54.451+0000] {dag.py:4180} INFO - Setting next_dagrun for hello_airflow to 2026-05-31 07:44:00+00:00, run_after=2026-05-31 07:45:00+00:00
[2026-05-31T07:45:54.466+0000] {processor.py:208} INFO - Processing /opt/airflow/dags/hello_airflow.py took 0.073 seconds
[2026-05-31T07:46:24.763+0000] {processor.py:186} INFO - Started process (PID=10058) to work on /opt/airflow/dags/hello_airflow.py
[2026-05-31T07:46:24.767+0000] {processor.py:914} INFO - Processing file /opt/airflow/dags/hello_airflow.py for tasks to queue
[2026-05-31T07:46:24.774+0000] {logging_mixin.py:190} INFO - [2026-05-31T07:46:24.774+0000] {dagbag.py:588} INFO - Filling up the DagBag from /opt/airflow/dags/hello_airflow.py
[2026-05-31T07:46:24.798+0000] {processor.py:925} INFO - DAG(s) 'hello_airflow' retrieved from /opt/airflow/dags/hello_airflow.py
[2026-05-31T07:46:24.844+0000] {logging_mixin.py:190} INFO - [2026-05-31T07:46:24.844+0000] {dag.py:3239} INFO - Sync 1 DAGs
[2026-05-31T07:46:25.038+0000] {logging_mixin.py:190} INFO - [2026-05-31T07:46:25.037+0000] {dag.py:4180} INFO - Setting next_dagrun for hello_airflow to 2026-05-31 07:45:00+00:00, run_after=2026-05-31 07:46:00+00:00
[2026-05-31T07:46:25.066+0000] {processor.py:208} INFO - Processing /opt/airflow/dags/hello_airflow.py took 0.325 seconds
[2026-05-31T07:46:55.619+0000] {processor.py:186} INFO - Started process (PID=10083) to work on /opt/airflow/dags/hello_airflow.py
[2026-05-31T07:46:55.621+0000] {processor.py:914} INFO - Processing file /opt/airflow/dags/hello_airflow.py for tasks to queue
[2026-05-31T07:46:55.623+0000] {logging_mixin.py:190} INFO - [2026-05-31T07:46:55.623+0000] {dagbag.py:588} INFO - Filling up the DagBag from /opt/airflow/dags/hello_airflow.py
[2026-05-31T07:46:55.632+0000] {processor.py:925} INFO - DAG(s) 'hello_airflow' retrieved from /opt/airflow/dags/hello_airflow.py
[2026-05-31T07:46:55.651+0000] {logging_mixin.py:190} INFO - [2026-05-31T07:46:55.650+0000] {dag.py:3239} INFO - Sync 1 DAGs
[2026-05-31T07:46:55.685+0000] {logging_mixin.py:190} INFO - [2026-05-31T07:46:55.685+0000] {dag.py:4180} INFO - Setting next_dagrun for hello_airflow to 2026-05-31 07:45:00+00:00, run_after=2026-05-31 07:46:00+00:00
[2026-05-31T07:46:55.700+0000] {processor.py:208} INFO - Processing /opt/airflow/dags/hello_airflow.py took 0.086 seconds
[2026-05-31T07:47:25.918+0000] {processor.py:186} INFO - Started process (PID=10108) to work on /opt/airflow/dags/hello_airflow.py
[2026-05-31T07:47:25.919+0000] {processor.py:914} INFO - Processing file /opt/airflow/dags/hello_airflow.py for tasks to queue
[2026-05-31T07:47:25.921+0000] {logging_mixin.py:190} INFO - [2026-05-31T07:47:25.921+0000] {dagbag.py:588} INFO - Filling up the DagBag from /opt/airflow/dags/hello_airflow.py
[2026-05-31T07:47:25.929+0000] {processor.py:925} INFO - DAG(s) 'hello_airflow' retrieved from /opt/airflow/dags/hello_airflow.py
[2026-05-31T07:47:25.948+0000] {logging_mixin.py:190} INFO - [2026-05-31T07:47:25.948+0000] {dag.py:3239} INFO - Sync 1 DAGs
[2026-05-31T07:47:26.120+0000] {logging_mixin.py:190} INFO - [2026-05-31T07:47:26.120+0000] {dag.py:4180} INFO - Setting next_dagrun for hello_airflow to 2026-05-31 07:46:00+00:00, run_after=2026-05-31 07:47:00+00:00
[2026-05-31T07:47:26.134+0000] {processor.py:208} INFO - Processing /opt/airflow/dags/hello_airflow.py took 0.221 seconds
[2026-05-31T07:47:56.279+0000] {processor.py:186} INFO - Started process (PID=10126) to work on /opt/airflow/dags/hello_airflow.py
[2026-05-31T07:47:56.280+0000] {processor.py:914} INFO - Processing file /opt/airflow/dags/hello_airflow.py for tasks to queue
[2026-05-31T07:47:56.283+0000] {logging_mixin.py:190} INFO - [2026-05-31T07:47:56.282+0000] {dagbag.py:588} INFO - Filling up the DagBag from /opt/airflow/dags/hello_airflow.py
[2026-05-31T07:47:56.294+0000] {processor.py:925} INFO - DAG(s) 'hello_airflow' retrieved from /opt/airflow/dags/hello_airflow.py
[2026-05-31T07:47:56.443+0000] {logging_mixin.py:190} INFO - [2026-05-31T07:47:56.443+0000] {dag.py:3239} INFO - Sync 1 DAGs
[2026-05-31T07:47:56.460+0000] {logging_mixin.py:190} INFO - [2026-05-31T07:47:56.460+0000] {dag.py:4180} INFO - Setting next_dagrun for hello_airflow to 2026-05-31 07:46:00+00:00, run_after=2026-05-31 07:47:00+00:00
[2026-05-31T07:47:56.473+0000] {processor.py:208} INFO - Processing /opt/airflow/dags/hello_airflow.py took 0.200 seconds
[2026-05-31T07:48:27.215+0000] {processor.py:186} INFO - Started process (PID=10150) to work on /opt/airflow/dags/hello_airflow.py
[2026-05-31T07:48:27.217+0000] {processor.py:914} INFO - Processing file /opt/airflow/dags/hello_airflow.py for tasks to queue
[2026-05-31T07:48:27.219+0000] {logging_mixin.py:190} INFO - [2026-05-31T07:48:27.219+0000] {dagbag.py:588} INFO - Filling up the DagBag from /opt/airflow/dags/hello_airflow.py
[2026-05-31T07:48:27.228+0000] {processor.py:925} INFO - DAG(s) 'hello_airflow' retrieved from /opt/airflow/dags/hello_airflow.py
[2026-05-31T07:48:27.248+0000] {logging_mixin.py:190} INFO - [2026-05-31T07:48:27.248+0000] {dag.py:3239} INFO - Sync 1 DAGs
[2026-05-31T07:48:27.271+0000] {logging_mixin.py:190} INFO - [2026-05-31T07:48:27.271+0000] {dag.py:4180} INFO - Setting next_dagrun for hello_airflow to 2026-05-31 07:47:00+00:00, run_after=2026-05-31 07:48:00+00:00
[2026-05-31T07:48:27.285+0000] {processor.py:208} INFO - Processing /opt/airflow/dags/hello_airflow.py took 0.075 seconds
[2026-05-31T07:48:57.897+0000] {processor.py:186} INFO - Started process (PID=10173) to work on /opt/airflow/dags/hello_airflow.py
[2026-05-31T07:48:57.898+0000] {processor.py:914} INFO - Processing file /opt/airflow/dags/hello_airflow.py for tasks to queue
[2026-05-31T07:48:57.900+0000] {logging_mixin.py:190} INFO - [2026-05-31T07:48:57.900+0000] {dagbag.py:588} INFO - Filling up the DagBag from /opt/airflow/dags/hello_airflow.py
[2026-05-31T07:48:57.909+0000] {processor.py:925} INFO - DAG(s) 'hello_airflow' retrieved from /opt/airflow/dags/hello_airflow.py
[2026-05-31T07:48:57.927+0000] {logging_mixin.py:190} INFO - [2026-05-31T07:48:57.927+0000] {dag.py:3239} INFO - Sync 1 DAGs
[2026-05-31T07:48:57.948+0000] {logging_mixin.py:190} INFO - [2026-05-31T07:48:57.948+0000] {dag.py:4180} INFO - Setting next_dagrun for hello_airflow to 2026-05-31 07:47:00+00:00, run_after=2026-05-31 07:48:00+00:00
[2026-05-31T07:48:57.962+0000] {processor.py:208} INFO - Processing /opt/airflow/dags/hello_airflow.py took 0.070 seconds
[2026-05-31T07:49:28.783+0000] {processor.py:186} INFO - Started process (PID=10198) to work on /opt/airflow/dags/hello_airflow.py
[2026-05-31T07:49:28.784+0000] {processor.py:914} INFO - Processing file /opt/airflow/dags/hello_airflow.py for tasks to queue
[2026-05-31T07:49:28.786+0000] {logging_mixin.py:190} INFO - [2026-05-31T07:49:28.786+0000] {dagbag.py:588} INFO - Filling up the DagBag from /opt/airflow/dags/hello_airflow.py
[2026-05-31T07:49:28.794+0000] {processor.py:925} INFO - DAG(s) 'hello_airflow' retrieved from /opt/airflow/dags/hello_airflow.py
[2026-05-31T07:49:28.810+0000] {logging_mixin.py:190} INFO - [2026-05-31T07:49:28.810+0000] {dag.py:3239} INFO - Sync 1 DAGs
[2026-05-31T07:49:28.833+0000] {logging_mixin.py:190} INFO - [2026-05-31T07:49:28.833+0000] {dag.py:4180} INFO - Setting next_dagrun for hello_airflow to 2026-05-31 07:48:00+00:00, run_after=2026-05-31 07:49:00+00:00
[2026-05-31T07:49:28.846+0000] {processor.py:208} INFO - Processing /opt/airflow/dags/hello_airflow.py took 0.068 seconds
[2026-05-31T07:49:58.940+0000] {processor.py:186} INFO - Started process (PID=10222) to work on /opt/airflow/dags/hello_airflow.py
[2026-05-31T07:49:58.941+0000] {processor.py:914} INFO - Processing file /opt/airflow/dags/hello_airflow.py for tasks to queue
[2026-05-31T07:49:58.944+0000] {logging_mixin.py:190} INFO - [2026-05-31T07:49:58.943+0000] {dagbag.py:588} INFO - Filling up the DagBag from /opt/airflow/dags/hello_airflow.py
[2026-05-31T07:49:58.953+0000] {processor.py:925} INFO - DAG(s) 'hello_airflow' retrieved from /opt/airflow/dags/hello_airflow.py
[2026-05-31T07:49:58.983+0000] {logging_mixin.py:190} INFO - [2026-05-31T07:49:58.983+0000] {dag.py:3239} INFO - Sync 1 DAGs
[2026-05-31T07:49:59.012+0000] {logging_mixin.py:190} INFO - [2026-05-31T07:49:59.012+0000] {dag.py:4180} INFO - Setting next_dagrun for hello_airflow to 2026-05-31 07:48:00+00:00, run_after=2026-05-31 07:49:00+00:00
[2026-05-31T07:49:59.030+0000] {processor.py:208} INFO - Processing /opt/airflow/dags/hello_airflow.py took 0.098 seconds
[2026-05-31T07:50:29.775+0000] {processor.py:186} INFO - Started process (PID=10247) to work on /opt/airflow/dags/hello_airflow.py
[2026-05-31T07:50:29.776+0000] {processor.py:914} INFO - Processing file /opt/airflow/dags/hello_airflow.py for tasks to queue
[2026-05-31T07:50:29.778+0000] {logging_mixin.py:190} INFO - [2026-05-31T07:50:29.777+0000] {dagbag.py:588} INFO - Filling up the DagBag from /opt/airflow/dags/hello_airflow.py
[2026-05-31T07:50:29.786+0000] {processor.py:925} INFO - DAG(s) 'hello_airflow' retrieved from /opt/airflow/dags/hello_airflow.py
[2026-05-31T07:50:29.805+0000] {logging_mixin.py:190} INFO - [2026-05-31T07:50:29.805+0000] {dag.py:3239} INFO - Sync 1 DAGs
[2026-05-31T07:50:29.833+0000] {logging_mixin.py:190} INFO - [2026-05-31T07:50:29.832+0000] {dag.py:4180} INFO - Setting next_dagrun for hello_airflow to 2026-05-31 07:49:00+00:00, run_after=2026-05-31 07:50:00+00:00
[2026-05-31T07:50:29.850+0000] {processor.py:208} INFO - Processing /opt/airflow/dags/hello_airflow.py took 0.081 seconds
[2026-05-31T07:51:00.659+0000] {processor.py:186} INFO - Started process (PID=10271) to work on /opt/airflow/dags/hello_airflow.py
[2026-05-31T07:51:00.660+0000] {processor.py:914} INFO - Processing file /opt/airflow/dags/hello_airflow.py for tasks to queue
[2026-05-31T07:51:00.662+0000] {logging_mixin.py:190} INFO - [2026-05-31T07:51:00.661+0000] {dagbag.py:588} INFO - Filling up the DagBag from /opt/airflow/dags/hello_airflow.py
[2026-05-31T07:51:00.671+0000] {processor.py:925} INFO - DAG(s) 'hello_airflow' retrieved from /opt/airflow/dags/hello_airflow.py
[2026-05-31T07:51:00.693+0000] {logging_mixin.py:190} INFO - [2026-05-31T07:51:00.693+0000] {dag.py:3239} INFO - Sync 1 DAGs
[2026-05-31T07:51:00.718+0000] {logging_mixin.py:190} INFO - [2026-05-31T07:51:00.718+0000] {dag.py:4180} INFO - Setting next_dagrun for hello_airflow to 2026-05-31 07:50:00+00:00, run_after=2026-05-31 07:51:00+00:00
[2026-05-31T07:51:00.733+0000] {processor.py:208} INFO - Processing /opt/airflow/dags/hello_airflow.py took 0.080 seconds
[2026-05-31T07:51:31.250+0000] {processor.py:186} INFO - Started process (PID=10295) to work on /opt/airflow/dags/hello_airflow.py
[2026-05-31T07:51:31.251+0000] {processor.py:914} INFO - Processing file /opt/airflow/dags/hello_airflow.py for tasks to queue
[2026-05-31T07:51:31.252+0000] {logging_mixin.py:190} INFO - [2026-05-31T07:51:31.252+0000] {dagbag.py:588} INFO - Filling up the DagBag from /opt/airflow/dags/hello_airflow.py
[2026-05-31T07:51:31.260+0000] {processor.py:925} INFO - DAG(s) 'hello_airflow' retrieved from /opt/airflow/dags/hello_airflow.py
[2026-05-31T07:51:31.278+0000] {logging_mixin.py:190} INFO - [2026-05-31T07:51:31.278+0000] {dag.py:3239} INFO - Sync 1 DAGs
[2026-05-31T07:51:31.299+0000] {logging_mixin.py:190} INFO - [2026-05-31T07:51:31.298+0000] {dag.py:4180} INFO - Setting next_dagrun for hello_airflow to 2026-05-31 07:50:00+00:00, run_after=2026-05-31 07:51:00+00:00
[2026-05-31T07:51:31.310+0000] {processor.py:208} INFO - Processing /opt/airflow/dags/hello_airflow.py took 0.066 seconds
[2026-05-31T07:52:02.086+0000] {processor.py:186} INFO - Started process (PID=10320) to work on /opt/airflow/dags/hello_airflow.py
[2026-05-31T07:52:02.087+0000] {processor.py:914} INFO - Processing file /opt/airflow/dags/hello_airflow.py for tasks to queue
[2026-05-31T07:52:02.089+0000] {logging_mixin.py:190} INFO - [2026-05-31T07:52:02.089+0000] {dagbag.py:588} INFO - Filling up the DagBag from /opt/airflow/dags/hello_airflow.py
[2026-05-31T07:52:02.097+0000] {processor.py:925} INFO - DAG(s) 'hello_airflow' retrieved from /opt/airflow/dags/hello_airflow.py
[2026-05-31T07:52:02.114+0000] {logging_mixin.py:190} INFO - [2026-05-31T07:52:02.114+0000] {dag.py:3239} INFO - Sync 1 DAGs
[2026-05-31T07:52:02.134+0000] {logging_mixin.py:190} INFO - [2026-05-31T07:52:02.134+0000] {dag.py:4180} INFO - Setting next_dagrun for hello_airflow to 2026-05-31 07:51:00+00:00, run_after=2026-05-31 07:52:00+00:00
[2026-05-31T07:52:02.146+0000] {processor.py:208} INFO - Processing /opt/airflow/dags/hello_airflow.py took 0.065 seconds
[2026-05-31T07:52:32.490+0000] {processor.py:186} INFO - Started process (PID=10344) to work on /opt/airflow/dags/hello_airflow.py
[2026-05-31T07:52:32.491+0000] {processor.py:914} INFO - Processing file /opt/airflow/dags/hello_airflow.py for tasks to queue
[2026-05-31T07:52:32.494+0000] {logging_mixin.py:190} INFO - [2026-05-31T07:52:32.494+0000] {dagbag.py:588} INFO - Filling up the DagBag from /opt/airflow/dags/hello_airflow.py
[2026-05-31T07:52:32.502+0000] {processor.py:925} INFO - DAG(s) 'hello_airflow' retrieved from /opt/airflow/dags/hello_airflow.py
[2026-05-31T07:52:32.521+0000] {logging_mixin.py:190} INFO - [2026-05-31T07:52:32.520+0000] {dag.py:3239} INFO - Sync 1 DAGs
[2026-05-31T07:52:32.542+0000] {logging_mixin.py:190} INFO - [2026-05-31T07:52:32.542+0000] {dag.py:4180} INFO - Setting next_dagrun for hello_airflow to 2026-05-31 07:51:00+00:00, run_after=2026-05-31 07:52:00+00:00
[2026-05-31T07:52:32.555+0000] {processor.py:208} INFO - Processing /opt/airflow/dags/hello_airflow.py took 0.070 seconds
[2026-05-31T07:53:03.224+0000] {processor.py:186} INFO - Started process (PID=10367) to work on /opt/airflow/dags/hello_airflow.py
[2026-05-31T07:53:03.225+0000] {processor.py:914} INFO - Processing file /opt/airflow/dags/hello_airflow.py for tasks to queue
[2026-05-31T07:53:03.227+0000] {logging_mixin.py:190} INFO - [2026-05-31T07:53:03.227+0000] {dagbag.py:588} INFO - Filling up the DagBag from /opt/airflow/dags/hello_airflow.py
[2026-05-31T07:53:03.235+0000] {processor.py:925} INFO - DAG(s) 'hello_airflow' retrieved from /opt/airflow/dags/hello_airflow.py
[2026-05-31T07:53:03.256+0000] {logging_mixin.py:190} INFO - [2026-05-31T07:53:03.256+0000] {dag.py:3239} INFO - Sync 1 DAGs
[2026-05-31T07:53:03.277+0000] {logging_mixin.py:190} INFO - [2026-05-31T07:53:03.276+0000] {dag.py:4180} INFO - Setting next_dagrun for hello_airflow to 2026-05-31 07:52:00+00:00, run_after=2026-05-31 07:53:00+00:00
[2026-05-31T07:53:03.289+0000] {processor.py:208} INFO - Processing /opt/airflow/dags/hello_airflow.py took 0.071 seconds
[2026-05-31T07:53:33.342+0000] {processor.py:186} INFO - Started process (PID=10385) to work on /opt/airflow/dags/hello_airflow.py
[2026-05-31T07:53:33.343+0000] {processor.py:914} INFO - Processing file /opt/airflow/dags/hello_airflow.py for tasks to queue
[2026-05-31T07:53:33.345+0000] {logging_mixin.py:190} INFO - [2026-05-31T07:53:33.345+0000] {dagbag.py:588} INFO - Filling up the DagBag from /opt/airflow/dags/hello_airflow.py
[2026-05-31T07:53:33.353+0000] {processor.py:925} INFO - DAG(s) 'hello_airflow' retrieved from /opt/airflow/dags/hello_airflow.py
[2026-05-31T07:53:33.386+0000] {logging_mixin.py:190} INFO - [2026-05-31T07:53:33.385+0000] {dag.py:3239} INFO - Sync 1 DAGs
[2026-05-31T07:53:33.416+0000] {logging_mixin.py:190} INFO - [2026-05-31T07:53:33.415+0000] {dag.py:4180} INFO - Setting next_dagrun for hello_airflow to 2026-05-31 07:52:00+00:00, run_after=2026-05-31 07:53:00+00:00
[2026-05-31T07:53:33.436+0000] {processor.py:208} INFO - Processing /opt/airflow/dags/hello_airflow.py took 0.100 seconds
[2026-05-31T07:54:03.680+0000] {processor.py:186} INFO - Started process (PID=10409) to work on /opt/airflow/dags/hello_airflow.py
[2026-05-31T07:54:03.683+0000] {processor.py:914} INFO - Processing file /opt/airflow/dags/hello_airflow.py for tasks to queue
[2026-05-31T07:54:03.692+0000] {logging_mixin.py:190} INFO - [2026-05-31T07:54:03.689+0000] {dagbag.py:588} INFO - Filling up the DagBag from /opt/airflow/dags/hello_airflow.py
[2026-05-31T07:54:03.714+0000] {processor.py:925} INFO - DAG(s) 'hello_airflow' retrieved from /opt/airflow/dags/hello_airflow.py
[2026-05-31T07:54:03.762+0000] {logging_mixin.py:190} INFO - [2026-05-31T07:54:03.762+0000] {dag.py:3239} INFO - Sync 1 DAGs
[2026-05-31T07:54:03.825+0000] {logging_mixin.py:190} INFO - [2026-05-31T07:54:03.825+0000] {dag.py:4180} INFO - Setting next_dagrun for hello_airflow to 2026-05-31 07:53:00+00:00, run_after=2026-05-31 07:54:00+00:00
[2026-05-31T07:54:03.871+0000] {processor.py:208} INFO - Processing /opt/airflow/dags/hello_airflow.py took 0.206 seconds
[2026-05-31T07:54:33.925+0000] {processor.py:186} INFO - Started process (PID=10433) to work on /opt/airflow/dags/hello_airflow.py
[2026-05-31T07:54:33.926+0000] {processor.py:914} INFO - Processing file /opt/airflow/dags/hello_airflow.py for tasks to queue
[2026-05-31T07:54:33.928+0000] {logging_mixin.py:190} INFO - [2026-05-31T07:54:33.928+0000] {dagbag.py:588} INFO - Filling up the DagBag from /opt/airflow/dags/hello_airflow.py
[2026-05-31T07:54:33.936+0000] {processor.py:925} INFO - DAG(s) 'hello_airflow' retrieved from /opt/airflow/dags/hello_airflow.py
[2026-05-31T07:54:33.956+0000] {logging_mixin.py:190} INFO - [2026-05-31T07:54:33.956+0000] {dag.py:3239} INFO - Sync 1 DAGs
[2026-05-31T07:54:33.977+0000] {logging_mixin.py:190} INFO - [2026-05-31T07:54:33.977+0000] {dag.py:4180} INFO - Setting next_dagrun for hello_airflow to 2026-05-31 07:53:00+00:00, run_after=2026-05-31 07:54:00+00:00
[2026-05-31T07:54:33.997+0000] {processor.py:208} INFO - Processing /opt/airflow/dags/hello_airflow.py took 0.078 seconds
[2026-05-31T07:55:04.598+0000] {processor.py:186} INFO - Started process (PID=10457) to work on /opt/airflow/dags/hello_airflow.py
[2026-05-31T07:55:04.600+0000] {processor.py:914} INFO - Processing file /opt/airflow/dags/hello_airflow.py for tasks to queue
[2026-05-31T07:55:04.602+0000] {logging_mixin.py:190} INFO - [2026-05-31T07:55:04.602+0000] {dagbag.py:588} INFO - Filling up the DagBag from /opt/airflow/dags/hello_airflow.py
[2026-05-31T07:55:04.628+0000] {processor.py:925} INFO - DAG(s) 'hello_airflow' retrieved from /opt/airflow/dags/hello_airflow.py
[2026-05-31T07:55:04.684+0000] {logging_mixin.py:190} INFO - [2026-05-31T07:55:04.684+0000] {dag.py:3239} INFO - Sync 1 DAGs
[2026-05-31T07:55:04.728+0000] {logging_mixin.py:190} INFO - [2026-05-31T07:55:04.727+0000] {dag.py:4180} INFO - Setting next_dagrun for hello_airflow to 2026-05-31 07:54:00+00:00, run_after=2026-05-31 07:55:00+00:00
[2026-05-31T07:55:04.759+0000] {processor.py:208} INFO - Processing /opt/airflow/dags/hello_airflow.py took 0.167 seconds
[2026-05-31T07:55:34.824+0000] {processor.py:186} INFO - Started process (PID=10481) to work on /opt/airflow/dags/hello_airflow.py
[2026-05-31T07:55:34.825+0000] {processor.py:914} INFO - Processing file /opt/airflow/dags/hello_airflow.py for tasks to queue
[2026-05-31T07:55:34.828+0000] {logging_mixin.py:190} INFO - [2026-05-31T07:55:34.827+0000] {dagbag.py:588} INFO - Filling up the DagBag from /opt/airflow/dags/hello_airflow.py
[2026-05-31T07:55:34.837+0000] {processor.py:925} INFO - DAG(s) 'hello_airflow' retrieved from /opt/airflow/dags/hello_airflow.py
[2026-05-31T07:55:34.856+0000] {logging_mixin.py:190} INFO - [2026-05-31T07:55:34.855+0000] {dag.py:3239} INFO - Sync 1 DAGs
[2026-05-31T07:55:34.877+0000] {logging_mixin.py:190} INFO - [2026-05-31T07:55:34.877+0000] {dag.py:4180} INFO - Setting next_dagrun for hello_airflow to 2026-05-31 07:54:00+00:00, run_after=2026-05-31 07:55:00+00:00
[2026-05-31T07:55:34.919+0000] {processor.py:208} INFO - Processing /opt/airflow/dags/hello_airflow.py took 0.101 seconds
[2026-05-31T07:56:05.727+0000] {processor.py:186} INFO - Started process (PID=10505) to work on /opt/airflow/dags/hello_airflow.py
[2026-05-31T07:56:05.729+0000] {processor.py:914} INFO - Processing file /opt/airflow/dags/hello_airflow.py for tasks to queue
[2026-05-31T07:56:05.731+0000] {logging_mixin.py:190} INFO - [2026-05-31T07:56:05.731+0000] {dagbag.py:588} INFO - Filling up the DagBag from /opt/airflow/dags/hello_airflow.py
[2026-05-31T07:56:05.740+0000] {processor.py:925} INFO - DAG(s) 'hello_airflow' retrieved from /opt/airflow/dags/hello_airflow.py
[2026-05-31T07:56:05.767+0000] {logging_mixin.py:190} INFO - [2026-05-31T07:56:05.767+0000] {dag.py:3239} INFO - Sync 1 DAGs
[2026-05-31T07:56:05.794+0000] {logging_mixin.py:190} INFO - [2026-05-31T07:56:05.793+0000] {dag.py:4180} INFO - Setting next_dagrun for hello_airflow to 2026-05-31 07:55:00+00:00, run_after=2026-05-31 07:56:00+00:00
[2026-05-31T07:56:05.808+0000] {processor.py:208} INFO - Processing /opt/airflow/dags/hello_airflow.py took 0.086 seconds
[2026-05-31T07:56:35.886+0000] {processor.py:186} INFO - Started process (PID=10529) to work on /opt/airflow/dags/hello_airflow.py
[2026-05-31T07:56:35.887+0000] {processor.py:914} INFO - Processing file /opt/airflow/dags/hello_airflow.py for tasks to queue
[2026-05-31T07:56:35.889+0000] {logging_mixin.py:190} INFO - [2026-05-31T07:56:35.889+0000] {dagbag.py:588} INFO - Filling up the DagBag from /opt/airflow/dags/hello_airflow.py
[2026-05-31T07:56:35.897+0000] {processor.py:925} INFO - DAG(s) 'hello_airflow' retrieved from /opt/airflow/dags/hello_airflow.py
[2026-05-31T07:56:35.914+0000] {logging_mixin.py:190} INFO - [2026-05-31T07:56:35.914+0000] {dag.py:3239} INFO - Sync 1 DAGs
[2026-05-31T07:56:35.934+0000] {logging_mixin.py:190} INFO - [2026-05-31T07:56:35.934+0000] {dag.py:4180} INFO - Setting next_dagrun for hello_airflow to 2026-05-31 07:55:00+00:00, run_after=2026-05-31 07:56:00+00:00
[2026-05-31T07:56:35.948+0000] {processor.py:208} INFO - Processing /opt/airflow/dags/hello_airflow.py took 0.067 seconds
[2026-05-31T07:57:06.119+0000] {processor.py:186} INFO - Started process (PID=10553) to work on /opt/airflow/dags/hello_airflow.py
[2026-05-31T07:57:06.120+0000] {processor.py:914} INFO - Processing file /opt/airflow/dags/hello_airflow.py for tasks to queue
[2026-05-31T07:57:06.123+0000] {logging_mixin.py:190} INFO - [2026-05-31T07:57:06.122+0000] {dagbag.py:588} INFO - Filling up the DagBag from /opt/airflow/dags/hello_airflow.py
[2026-05-31T07:57:06.130+0000] {processor.py:925} INFO - DAG(s) 'hello_airflow' retrieved from /opt/airflow/dags/hello_airflow.py
[2026-05-31T07:57:06.147+0000] {logging_mixin.py:190} INFO - [2026-05-31T07:57:06.146+0000] {dag.py:3239} INFO - Sync 1 DAGs
[2026-05-31T07:57:06.166+0000] {logging_mixin.py:190} INFO - [2026-05-31T07:57:06.166+0000] {dag.py:4180} INFO - Setting next_dagrun for hello_airflow to 2026-05-31 07:56:00+00:00, run_after=2026-05-31 07:57:00+00:00
[2026-05-31T07:57:06.182+0000] {processor.py:208} INFO - Processing /opt/airflow/dags/hello_airflow.py took 0.067 seconds
[2026-05-31T07:57:36.260+0000] {processor.py:186} INFO - Started process (PID=10578) to work on /opt/airflow/dags/hello_airflow.py
[2026-05-31T07:57:36.261+0000] {processor.py:914} INFO - Processing file /opt/airflow/dags/hello_airflow.py for tasks to queue
[2026-05-31T07:57:36.267+0000] {logging_mixin.py:190} INFO - [2026-05-31T07:57:36.266+0000] {dagbag.py:588} INFO - Filling up the DagBag from /opt/airflow/dags/hello_airflow.py
[2026-05-31T07:57:36.284+0000] {processor.py:925} INFO - DAG(s) 'hello_airflow' retrieved from /opt/airflow/dags/hello_airflow.py
[2026-05-31T07:57:36.307+0000] {logging_mixin.py:190} INFO - [2026-05-31T07:57:36.307+0000] {dag.py:3239} INFO - Sync 1 DAGs
[2026-05-31T07:57:36.330+0000] {logging_mixin.py:190} INFO - [2026-05-31T07:57:36.330+0000] {dag.py:4180} INFO - Setting next_dagrun for hello_airflow to 2026-05-31 07:56:00+00:00, run_after=2026-05-31 07:57:00+00:00
[2026-05-31T07:57:36.345+0000] {processor.py:208} INFO - Processing /opt/airflow/dags/hello_airflow.py took 0.093 seconds
[2026-05-31T07:58:07.257+0000] {processor.py:186} INFO - Started process (PID=10602) to work on /opt/airflow/dags/hello_airflow.py
[2026-05-31T07:58:07.258+0000] {processor.py:914} INFO - Processing file /opt/airflow/dags/hello_airflow.py for tasks to queue
[2026-05-31T07:58:07.260+0000] {logging_mixin.py:190} INFO - [2026-05-31T07:58:07.260+0000] {dagbag.py:588} INFO - Filling up the DagBag from /opt/airflow/dags/hello_airflow.py
[2026-05-31T07:58:07.272+0000] {processor.py:925} INFO - DAG(s) 'hello_airflow' retrieved from /opt/airflow/dags/hello_airflow.py
[2026-05-31T07:58:07.296+0000] {logging_mixin.py:190} INFO - [2026-05-31T07:58:07.296+0000] {dag.py:3239} INFO - Sync 1 DAGs
[2026-05-31T07:58:07.324+0000] {logging_mixin.py:190} INFO - [2026-05-31T07:58:07.324+0000] {dag.py:4180} INFO - Setting next_dagrun for hello_airflow to 2026-05-31 07:57:00+00:00, run_after=2026-05-31 07:58:00+00:00
[2026-05-31T07:58:07.340+0000] {processor.py:208} INFO - Processing /opt/airflow/dags/hello_airflow.py took 0.087 seconds
[2026-05-31T07:58:38.114+0000] {processor.py:186} INFO - Started process (PID=10626) to work on /opt/airflow/dags/hello_airflow.py
[2026-05-31T07:58:38.115+0000] {processor.py:914} INFO - Processing file /opt/airflow/dags/hello_airflow.py for tasks to queue
[2026-05-31T07:58:38.116+0000] {logging_mixin.py:190} INFO - [2026-05-31T07:58:38.116+0000] {dagbag.py:588} INFO - Filling up the DagBag from /opt/airflow/dags/hello_airflow.py
[2026-05-31T07:58:38.124+0000] {processor.py:925} INFO - DAG(s) 'hello_airflow' retrieved from /opt/airflow/dags/hello_airflow.py
[2026-05-31T07:58:38.141+0000] {logging_mixin.py:190} INFO - [2026-05-31T07:58:38.141+0000] {dag.py:3239} INFO - Sync 1 DAGs
[2026-05-31T07:58:38.162+0000] {logging_mixin.py:190} INFO - [2026-05-31T07:58:38.161+0000] {dag.py:4180} INFO - Setting next_dagrun for hello_airflow to 2026-05-31 07:57:00+00:00, run_after=2026-05-31 07:58:00+00:00
[2026-05-31T07:58:38.176+0000] {processor.py:208} INFO - Processing /opt/airflow/dags/hello_airflow.py took 0.067 seconds
[2026-05-31T07:59:09.004+0000] {processor.py:186} INFO - Started process (PID=10650) to work on /opt/airflow/dags/hello_airflow.py
[2026-05-31T07:59:09.006+0000] {processor.py:914} INFO - Processing file /opt/airflow/dags/hello_airflow.py for tasks to queue
[2026-05-31T07:59:09.008+0000] {logging_mixin.py:190} INFO - [2026-05-31T07:59:09.007+0000] {dagbag.py:588} INFO - Filling up the DagBag from /opt/airflow/dags/hello_airflow.py
[2026-05-31T07:59:09.016+0000] {processor.py:925} INFO - DAG(s) 'hello_airflow' retrieved from /opt/airflow/dags/hello_airflow.py
[2026-05-31T07:59:09.035+0000] {logging_mixin.py:190} INFO - [2026-05-31T07:59:09.035+0000] {dag.py:3239} INFO - Sync 1 DAGs
[2026-05-31T07:59:09.058+0000] {logging_mixin.py:190} INFO - [2026-05-31T07:59:09.058+0000] {dag.py:4180} INFO - Setting next_dagrun for hello_airflow to 2026-05-31 07:58:00+00:00, run_after=2026-05-31 07:59:00+00:00
[2026-05-31T07:59:09.073+0000] {processor.py:208} INFO - Processing /opt/airflow/dags/hello_airflow.py took 0.074 seconds
[2026-05-31T07:59:39.924+0000] {processor.py:186} INFO - Started process (PID=10675) to work on /opt/airflow/dags/hello_airflow.py
[2026-05-31T07:59:39.926+0000] {processor.py:914} INFO - Processing file /opt/airflow/dags/hello_airflow.py for tasks to queue
[2026-05-31T07:59:39.929+0000] {logging_mixin.py:190} INFO - [2026-05-31T07:59:39.928+0000] {dagbag.py:588} INFO - Filling up the DagBag from /opt/airflow/dags/hello_airflow.py
[2026-05-31T07:59:39.940+0000] {processor.py:925} INFO - DAG(s) 'hello_airflow' retrieved from /opt/airflow/dags/hello_airflow.py
[2026-05-31T07:59:39.969+0000] {logging_mixin.py:190} INFO - [2026-05-31T07:59:39.969+0000] {dag.py:3239} INFO - Sync 1 DAGs
[2026-05-31T07:59:39.994+0000] {logging_mixin.py:190} INFO - [2026-05-31T07:59:39.994+0000] {dag.py:4180} INFO - Setting next_dagrun for hello_airflow to 2026-05-31 07:58:00+00:00, run_after=2026-05-31 07:59:00+00:00
[2026-05-31T07:59:40.027+0000] {processor.py:208} INFO - Processing /opt/airflow/dags/hello_airflow.py took 0.111 seconds
[2026-05-31T08:00:10.479+0000] {processor.py:186} INFO - Started process (PID=10697) to work on /opt/airflow/dags/hello_airflow.py
[2026-05-31T08:00:10.480+0000] {processor.py:914} INFO - Processing file /opt/airflow/dags/hello_airflow.py for tasks to queue
[2026-05-31T08:00:10.482+0000] {logging_mixin.py:190} INFO - [2026-05-31T08:00:10.482+0000] {dagbag.py:588} INFO - Filling up the DagBag from /opt/airflow/dags/hello_airflow.py
[2026-05-31T08:00:10.490+0000] {processor.py:925} INFO - DAG(s) 'hello_airflow' retrieved from /opt/airflow/dags/hello_airflow.py
[2026-05-31T08:00:10.507+0000] {logging_mixin.py:190} INFO - [2026-05-31T08:00:10.507+0000] {dag.py:3239} INFO - Sync 1 DAGs
[2026-05-31T08:00:10.528+0000] {logging_mixin.py:190} INFO - [2026-05-31T08:00:10.527+0000] {dag.py:4180} INFO - Setting next_dagrun for hello_airflow to 2026-05-31 07:59:00+00:00, run_after=2026-05-31 08:00:00+00:00
[2026-05-31T08:00:10.541+0000] {processor.py:208} INFO - Processing /opt/airflow/dags/hello_airflow.py took 0.068 seconds
[2026-05-31T08:00:41.255+0000] {processor.py:186} INFO - Started process (PID=10718) to work on /opt/airflow/dags/hello_airflow.py
[2026-05-31T08:00:41.255+0000] {processor.py:914} INFO - Processing file /opt/airflow/dags/hello_airflow.py for tasks to queue
[2026-05-31T08:00:41.257+0000] {logging_mixin.py:190} INFO - [2026-05-31T08:00:41.257+0000] {dagbag.py:588} INFO - Filling up the DagBag from /opt/airflow/dags/hello_airflow.py
[2026-05-31T08:00:41.265+0000] {processor.py:925} INFO - DAG(s) 'hello_airflow' retrieved from /opt/airflow/dags/hello_airflow.py
[2026-05-31T08:00:41.282+0000] {logging_mixin.py:190} INFO - [2026-05-31T08:00:41.281+0000] {dag.py:3239} INFO - Sync 1 DAGs
[2026-05-31T08:00:41.303+0000] {logging_mixin.py:190} INFO - [2026-05-31T08:00:41.303+0000] {dag.py:4180} INFO - Setting next_dagrun for hello_airflow to 2026-05-31 07:59:00+00:00, run_after=2026-05-31 08:00:00+00:00
[2026-05-31T08:00:41.321+0000] {processor.py:208} INFO - Processing /opt/airflow/dags/hello_airflow.py took 0.071 seconds
[2026-05-31T08:01:12.054+0000] {processor.py:186} INFO - Started process (PID=10743) to work on /opt/airflow/dags/hello_airflow.py
[2026-05-31T08:01:12.056+0000] {processor.py:914} INFO - Processing file /opt/airflow/dags/hello_airflow.py for tasks to queue
[2026-05-31T08:01:12.057+0000] {logging_mixin.py:190} INFO - [2026-05-31T08:01:12.057+0000] {dagbag.py:588} INFO - Filling up the DagBag from /opt/airflow/dags/hello_airflow.py
[2026-05-31T08:01:12.066+0000] {processor.py:925} INFO - DAG(s) 'hello_airflow' retrieved from /opt/airflow/dags/hello_airflow.py
[2026-05-31T08:01:12.086+0000] {logging_mixin.py:190} INFO - [2026-05-31T08:01:12.086+0000] {dag.py:3239} INFO - Sync 1 DAGs
[2026-05-31T08:01:12.109+0000] {logging_mixin.py:190} INFO - [2026-05-31T08:01:12.109+0000] {dag.py:4180} INFO - Setting next_dagrun for hello_airflow to 2026-05-31 08:00:00+00:00, run_after=2026-05-31 08:01:00+00:00
[2026-05-31T08:01:12.124+0000] {processor.py:208} INFO - Processing /opt/airflow/dags/hello_airflow.py took 0.074 seconds
[2026-05-31T08:01:42.751+0000] {processor.py:186} INFO - Started process (PID=10767) to work on /opt/airflow/dags/hello_airflow.py
[2026-05-31T08:01:42.753+0000] {processor.py:914} INFO - Processing file /opt/airflow/dags/hello_airflow.py for tasks to queue
[2026-05-31T08:01:42.755+0000] {logging_mixin.py:190} INFO - [2026-05-31T08:01:42.754+0000] {dagbag.py:588} INFO - Filling up the DagBag from /opt/airflow/dags/hello_airflow.py
[2026-05-31T08:01:42.768+0000] {processor.py:925} INFO - DAG(s) 'hello_airflow' retrieved from /opt/airflow/dags/hello_airflow.py
[2026-05-31T08:01:42.786+0000] {logging_mixin.py:190} INFO - [2026-05-31T08:01:42.786+0000] {dag.py:3239} INFO - Sync 1 DAGs
[2026-05-31T08:01:42.808+0000] {logging_mixin.py:190} INFO - [2026-05-31T08:01:42.808+0000] {dag.py:4180} INFO - Setting next_dagrun for hello_airflow to 2026-05-31 08:00:00+00:00, run_after=2026-05-31 08:01:00+00:00
[2026-05-31T08:01:42.822+0000] {processor.py:208} INFO - Processing /opt/airflow/dags/hello_airflow.py took 0.076 seconds
[2026-05-31T08:02:13.473+0000] {processor.py:186} INFO - Started process (PID=10791) to work on /opt/airflow/dags/hello_airflow.py
[2026-05-31T08:02:13.474+0000] {processor.py:914} INFO - Processing file /opt/airflow/dags/hello_airflow.py for tasks to queue
[2026-05-31T08:02:13.477+0000] {logging_mixin.py:190} INFO - [2026-05-31T08:02:13.476+0000] {dagbag.py:588} INFO - Filling up the DagBag from /opt/airflow/dags/hello_airflow.py
[2026-05-31T08:02:13.507+0000] {processor.py:925} INFO - DAG(s) 'hello_airflow' retrieved from /opt/airflow/dags/hello_airflow.py
[2026-05-31T08:02:13.528+0000] {logging_mixin.py:190} INFO - [2026-05-31T08:02:13.528+0000] {dag.py:3239} INFO - Sync 1 DAGs
[2026-05-31T08:02:13.554+0000] {logging_mixin.py:190} INFO - [2026-05-31T08:02:13.554+0000] {dag.py:4180} INFO - Setting next_dagrun for hello_airflow to 2026-05-31 08:01:00+00:00, run_after=2026-05-31 08:02:00+00:00
[2026-05-31T08:02:13.567+0000] {processor.py:208} INFO - Processing /opt/airflow/dags/hello_airflow.py took 0.099 seconds
[2026-05-31T08:02:44.333+0000] {processor.py:186} INFO - Started process (PID=10821) to work on /opt/airflow/dags/hello_airflow.py
[2026-05-31T08:02:44.334+0000] {processor.py:914} INFO - Processing file /opt/airflow/dags/hello_airflow.py for tasks to queue
[2026-05-31T08:02:44.336+0000] {logging_mixin.py:190} INFO - [2026-05-31T08:02:44.336+0000] {dagbag.py:588} INFO - Filling up the DagBag from /opt/airflow/dags/hello_airflow.py
[2026-05-31T08:02:44.345+0000] {processor.py:925} INFO - DAG(s) 'hello_airflow' retrieved from /opt/airflow/dags/hello_airflow.py
[2026-05-31T08:02:44.365+0000] {logging_mixin.py:190} INFO - [2026-05-31T08:02:44.365+0000] {dag.py:3239} INFO - Sync 1 DAGs
[2026-05-31T08:02:44.388+0000] {logging_mixin.py:190} INFO - [2026-05-31T08:02:44.388+0000] {dag.py:4180} INFO - Setting next_dagrun for hello_airflow to 2026-05-31 08:01:00+00:00, run_after=2026-05-31 08:02:00+00:00
[2026-05-31T08:02:44.402+0000] {processor.py:208} INFO - Processing /opt/airflow/dags/hello_airflow.py took 0.074 seconds
[2026-05-31T08:03:15.522+0000] {processor.py:186} INFO - Started process (PID=10845) to work on /opt/airflow/dags/hello_airflow.py
[2026-05-31T08:03:15.525+0000] {processor.py:914} INFO - Processing file /opt/airflow/dags/hello_airflow.py for tasks to queue
[2026-05-31T08:03:15.532+0000] {logging_mixin.py:190} INFO - [2026-05-31T08:03:15.530+0000] {dagbag.py:588} INFO - Filling up the DagBag from /opt/airflow/dags/hello_airflow.py
[2026-05-31T08:03:15.553+0000] {processor.py:925} INFO - DAG(s) 'hello_airflow' retrieved from /opt/airflow/dags/hello_airflow.py
[2026-05-31T08:03:15.575+0000] {logging_mixin.py:190} INFO - [2026-05-31T08:03:15.574+0000] {dag.py:3239} INFO - Sync 1 DAGs
[2026-05-31T08:03:15.599+0000] {logging_mixin.py:190} INFO - [2026-05-31T08:03:15.599+0000] {dag.py:4180} INFO - Setting next_dagrun for hello_airflow to 2026-05-31 08:02:00+00:00, run_after=2026-05-31 08:03:00+00:00
[2026-05-31T08:03:15.618+0000] {processor.py:208} INFO - Processing /opt/airflow/dags/hello_airflow.py took 0.117 seconds
[2026-05-31T08:03:45.904+0000] {processor.py:186} INFO - Started process (PID=10869) to work on /opt/airflow/dags/hello_airflow.py
[2026-05-31T08:03:45.905+0000] {processor.py:914} INFO - Processing file /opt/airflow/dags/hello_airflow.py for tasks to queue
[2026-05-31T08:03:45.907+0000] {logging_mixin.py:190} INFO - [2026-05-31T08:03:45.907+0000] {dagbag.py:588} INFO - Filling up the DagBag from /opt/airflow/dags/hello_airflow.py
[2026-05-31T08:03:45.917+0000] {processor.py:925} INFO - DAG(s) 'hello_airflow' retrieved from /opt/airflow/dags/hello_airflow.py
[2026-05-31T08:03:45.936+0000] {logging_mixin.py:190} INFO - [2026-05-31T08:03:45.936+0000] {dag.py:3239} INFO - Sync 1 DAGs
[2026-05-31T08:03:45.957+0000] {logging_mixin.py:190} INFO - [2026-05-31T08:03:45.957+0000] {dag.py:4180} INFO - Setting next_dagrun for hello_airflow to 2026-05-31 08:02:00+00:00, run_after=2026-05-31 08:03:00+00:00
[2026-05-31T08:03:45.973+0000] {processor.py:208} INFO - Processing /opt/airflow/dags/hello_airflow.py took 0.076 seconds
[2026-05-31T08:04:16.024+0000] {processor.py:186} INFO - Started process (PID=10892) to work on /opt/airflow/dags/hello_airflow.py
[2026-05-31T08:04:16.025+0000] {processor.py:914} INFO - Processing file /opt/airflow/dags/hello_airflow.py for tasks to queue
[2026-05-31T08:04:16.027+0000] {logging_mixin.py:190} INFO - [2026-05-31T08:04:16.026+0000] {dagbag.py:588} INFO - Filling up the DagBag from /opt/airflow/dags/hello_airflow.py
[2026-05-31T08:04:16.036+0000] {processor.py:925} INFO - DAG(s) 'hello_airflow' retrieved from /opt/airflow/dags/hello_airflow.py
[2026-05-31T08:04:16.056+0000] {logging_mixin.py:190} INFO - [2026-05-31T08:04:16.055+0000] {dag.py:3239} INFO - Sync 1 DAGs
[2026-05-31T08:04:16.078+0000] {logging_mixin.py:190} INFO - [2026-05-31T08:04:16.078+0000] {dag.py:4180} INFO - Setting next_dagrun for hello_airflow to 2026-05-31 08:03:00+00:00, run_after=2026-05-31 08:04:00+00:00
[2026-05-31T08:04:16.095+0000] {processor.py:208} INFO - Processing /opt/airflow/dags/hello_airflow.py took 0.076 seconds
[2026-05-31T08:04:46.567+0000] {processor.py:186} INFO - Started process (PID=10917) to work on /opt/airflow/dags/hello_airflow.py
[2026-05-31T08:04:46.570+0000] {processor.py:914} INFO - Processing file /opt/airflow/dags/hello_airflow.py for tasks to queue
[2026-05-31T08:04:46.581+0000] {logging_mixin.py:190} INFO - [2026-05-31T08:04:46.580+0000] {dagbag.py:588} INFO - Filling up the DagBag from /opt/airflow/dags/hello_airflow.py
[2026-05-31T08:04:46.599+0000] {processor.py:925} INFO - DAG(s) 'hello_airflow' retrieved from /opt/airflow/dags/hello_airflow.py
[2026-05-31T08:04:46.636+0000] {logging_mixin.py:190} INFO - [2026-05-31T08:04:46.636+0000] {dag.py:3239} INFO - Sync 1 DAGs
[2026-05-31T08:04:46.674+0000] {logging_mixin.py:190} INFO - [2026-05-31T08:04:46.674+0000] {dag.py:4180} INFO - Setting next_dagrun for hello_airflow to 2026-05-31 08:03:00+00:00, run_after=2026-05-31 08:04:00+00:00
[2026-05-31T08:04:46.702+0000] {processor.py:208} INFO - Processing /opt/airflow/dags/hello_airflow.py took 0.147 seconds
[2026-05-31T08:05:17.906+0000] {processor.py:186} INFO - Started process (PID=10941) to work on /opt/airflow/dags/hello_airflow.py
[2026-05-31T08:05:17.907+0000] {processor.py:914} INFO - Processing file /opt/airflow/dags/hello_airflow.py for tasks to queue
[2026-05-31T08:05:17.909+0000] {logging_mixin.py:190} INFO - [2026-05-31T08:05:17.909+0000] {dagbag.py:588} INFO - Filling up the DagBag from /opt/airflow/dags/hello_airflow.py
[2026-05-31T08:05:17.918+0000] {processor.py:925} INFO - DAG(s) 'hello_airflow' retrieved from /opt/airflow/dags/hello_airflow.py
[2026-05-31T08:05:17.937+0000] {logging_mixin.py:190} INFO - [2026-05-31T08:05:17.937+0000] {dag.py:3239} INFO - Sync 1 DAGs
[2026-05-31T08:05:17.959+0000] {logging_mixin.py:190} INFO - [2026-05-31T08:05:17.959+0000] {dag.py:4180} INFO - Setting next_dagrun for hello_airflow to 2026-05-31 08:04:00+00:00, run_after=2026-05-31 08:05:00+00:00
[2026-05-31T08:05:17.973+0000] {processor.py:208} INFO - Processing /opt/airflow/dags/hello_airflow.py took 0.072 seconds
[2026-05-31T08:05:48.829+0000] {processor.py:186} INFO - Started process (PID=10966) to work on /opt/airflow/dags/hello_airflow.py
[2026-05-31T08:05:48.830+0000] {processor.py:914} INFO - Processing file /opt/airflow/dags/hello_airflow.py for tasks to queue
[2026-05-31T08:05:48.832+0000] {logging_mixin.py:190} INFO - [2026-05-31T08:05:48.832+0000] {dagbag.py:588} INFO - Filling up the DagBag from /opt/airflow/dags/hello_airflow.py
[2026-05-31T08:05:48.840+0000] {processor.py:925} INFO - DAG(s) 'hello_airflow' retrieved from /opt/airflow/dags/hello_airflow.py
[2026-05-31T08:05:48.858+0000] {logging_mixin.py:190} INFO - [2026-05-31T08:05:48.858+0000] {dag.py:3239} INFO - Sync 1 DAGs
[2026-05-31T08:05:48.878+0000] {logging_mixin.py:190} INFO - [2026-05-31T08:05:48.878+0000] {dag.py:4180} INFO - Setting next_dagrun for hello_airflow to 2026-05-31 08:04:00+00:00, run_after=2026-05-31 08:05:00+00:00
[2026-05-31T08:05:48.892+0000] {processor.py:208} INFO - Processing /opt/airflow/dags/hello_airflow.py took 0.068 seconds
[2026-05-31T08:06:19.191+0000] {processor.py:186} INFO - Started process (PID=10990) to work on /opt/airflow/dags/hello_airflow.py
[2026-05-31T08:06:19.192+0000] {processor.py:914} INFO - Processing file /opt/airflow/dags/hello_airflow.py for tasks to queue
[2026-05-31T08:06:19.194+0000] {logging_mixin.py:190} INFO - [2026-05-31T08:06:19.194+0000] {dagbag.py:588} INFO - Filling up the DagBag from /opt/airflow/dags/hello_airflow.py
[2026-05-31T08:06:19.202+0000] {processor.py:925} INFO - DAG(s) 'hello_airflow' retrieved from /opt/airflow/dags/hello_airflow.py
[2026-05-31T08:06:19.219+0000] {logging_mixin.py:190} INFO - [2026-05-31T08:06:19.219+0000] {dag.py:3239} INFO - Sync 1 DAGs
[2026-05-31T08:06:19.239+0000] {logging_mixin.py:190} INFO - [2026-05-31T08:06:19.239+0000] {dag.py:4180} INFO - Setting next_dagrun for hello_airflow to 2026-05-31 08:05:00+00:00, run_after=2026-05-31 08:06:00+00:00
[2026-05-31T08:06:19.252+0000] {processor.py:208} INFO - Processing /opt/airflow/dags/hello_airflow.py took 0.066 seconds
[2026-05-31T08:06:50.168+0000] {processor.py:186} INFO - Started process (PID=11015) to work on /opt/airflow/dags/hello_airflow.py
[2026-05-31T08:06:50.169+0000] {processor.py:914} INFO - Processing file /opt/airflow/dags/hello_airflow.py for tasks to queue
[2026-05-31T08:06:50.172+0000] {logging_mixin.py:190} INFO - [2026-05-31T08:06:50.171+0000] {dagbag.py:588} INFO - Filling up the DagBag from /opt/airflow/dags/hello_airflow.py
[2026-05-31T08:06:50.181+0000] {processor.py:925} INFO - DAG(s) 'hello_airflow' retrieved from /opt/airflow/dags/hello_airflow.py
[2026-05-31T08:06:50.201+0000] {logging_mixin.py:190} INFO - [2026-05-31T08:06:50.201+0000] {dag.py:3239} INFO - Sync 1 DAGs
[2026-05-31T08:06:50.222+0000] {logging_mixin.py:190} INFO - [2026-05-31T08:06:50.222+0000] {dag.py:4180} INFO - Setting next_dagrun for hello_airflow to 2026-05-31 08:05:00+00:00, run_after=2026-05-31 08:06:00+00:00
[2026-05-31T08:06:50.236+0000] {processor.py:208} INFO - Processing /opt/airflow/dags/hello_airflow.py took 0.074 seconds
[2026-05-31T08:07:21.134+0000] {processor.py:186} INFO - Started process (PID=11040) to work on /opt/airflow/dags/hello_airflow.py
[2026-05-31T08:07:21.135+0000] {processor.py:914} INFO - Processing file /opt/airflow/dags/hello_airflow.py for tasks to queue
[2026-05-31T08:07:21.137+0000] {logging_mixin.py:190} INFO - [2026-05-31T08:07:21.137+0000] {dagbag.py:588} INFO - Filling up the DagBag from /opt/airflow/dags/hello_airflow.py
[2026-05-31T08:07:21.145+0000] {processor.py:925} INFO - DAG(s) 'hello_airflow' retrieved from /opt/airflow/dags/hello_airflow.py
[2026-05-31T08:07:21.164+0000] {logging_mixin.py:190} INFO - [2026-05-31T08:07:21.164+0000] {dag.py:3239} INFO - Sync 1 DAGs
[2026-05-31T08:07:21.188+0000] {logging_mixin.py:190} INFO - [2026-05-31T08:07:21.188+0000] {dag.py:4180} INFO - Setting next_dagrun for hello_airflow to 2026-05-31 08:06:00+00:00, run_after=2026-05-31 08:07:00+00:00
[2026-05-31T08:07:21.201+0000] {processor.py:208} INFO - Processing /opt/airflow/dags/hello_airflow.py took 0.071 seconds
[2026-05-31T08:07:52.483+0000] {processor.py:186} INFO - Started process (PID=11061) to work on /opt/airflow/dags/hello_airflow.py
[2026-05-31T08:07:52.484+0000] {processor.py:914} INFO - Processing file /opt/airflow/dags/hello_airflow.py for tasks to queue
[2026-05-31T08:07:52.486+0000] {logging_mixin.py:190} INFO - [2026-05-31T08:07:52.486+0000] {dagbag.py:588} INFO - Filling up the DagBag from /opt/airflow/dags/hello_airflow.py
[2026-05-31T08:07:52.494+0000] {processor.py:925} INFO - DAG(s) 'hello_airflow' retrieved from /opt/airflow/dags/hello_airflow.py
[2026-05-31T08:07:52.512+0000] {logging_mixin.py:190} INFO - [2026-05-31T08:07:52.511+0000] {dag.py:3239} INFO - Sync 1 DAGs
[2026-05-31T08:07:52.533+0000] {logging_mixin.py:190} INFO - [2026-05-31T08:07:52.532+0000] {dag.py:4180} INFO - Setting next_dagrun for hello_airflow to 2026-05-31 08:06:00+00:00, run_after=2026-05-31 08:07:00+00:00
[2026-05-31T08:07:52.555+0000] {processor.py:208} INFO - Processing /opt/airflow/dags/hello_airflow.py took 0.077 seconds
[2026-05-31T08:08:23.197+0000] {processor.py:186} INFO - Started process (PID=11082) to work on /opt/airflow/dags/hello_airflow.py
[2026-05-31T08:08:23.199+0000] {processor.py:914} INFO - Processing file /opt/airflow/dags/hello_airflow.py for tasks to queue
[2026-05-31T08:08:23.203+0000] {logging_mixin.py:190} INFO - [2026-05-31T08:08:23.203+0000] {dagbag.py:588} INFO - Filling up the DagBag from /opt/airflow/dags/hello_airflow.py
[2026-05-31T08:08:23.220+0000] {processor.py:925} INFO - DAG(s) 'hello_airflow' retrieved from /opt/airflow/dags/hello_airflow.py
[2026-05-31T08:08:23.237+0000] {logging_mixin.py:190} INFO - [2026-05-31T08:08:23.236+0000] {dag.py:3239} INFO - Sync 1 DAGs
[2026-05-31T08:08:23.259+0000] {logging_mixin.py:190} INFO - [2026-05-31T08:08:23.259+0000] {dag.py:4180} INFO - Setting next_dagrun for hello_airflow to 2026-05-31 08:07:00+00:00, run_after=2026-05-31 08:08:00+00:00
[2026-05-31T08:08:23.272+0000] {processor.py:208} INFO - Processing /opt/airflow/dags/hello_airflow.py took 0.081 seconds
[2026-05-31T08:08:53.912+0000] {processor.py:186} INFO - Started process (PID=11106) to work on /opt/airflow/dags/hello_airflow.py
[2026-05-31T08:08:53.913+0000] {processor.py:914} INFO - Processing file /opt/airflow/dags/hello_airflow.py for tasks to queue
[2026-05-31T08:08:53.916+0000] {logging_mixin.py:190} INFO - [2026-05-31T08:08:53.915+0000] {dagbag.py:588} INFO - Filling up the DagBag from /opt/airflow/dags/hello_airflow.py
[2026-05-31T08:08:53.926+0000] {processor.py:925} INFO - DAG(s) 'hello_airflow' retrieved from /opt/airflow/dags/hello_airflow.py
[2026-05-31T08:08:53.949+0000] {logging_mixin.py:190} INFO - [2026-05-31T08:08:53.948+0000] {dag.py:3239} INFO - Sync 1 DAGs
[2026-05-31T08:08:53.972+0000] {logging_mixin.py:190} INFO - [2026-05-31T08:08:53.972+0000] {dag.py:4180} INFO - Setting next_dagrun for hello_airflow to 2026-05-31 08:07:00+00:00, run_after=2026-05-31 08:08:00+00:00
[2026-05-31T08:08:53.987+0000] {processor.py:208} INFO - Processing /opt/airflow/dags/hello_airflow.py took 0.082 seconds
[2026-05-31T08:09:24.562+0000] {processor.py:186} INFO - Started process (PID=11130) to work on /opt/airflow/dags/hello_airflow.py
[2026-05-31T08:09:24.563+0000] {processor.py:914} INFO - Processing file /opt/airflow/dags/hello_airflow.py for tasks to queue
[2026-05-31T08:09:24.565+0000] {logging_mixin.py:190} INFO - [2026-05-31T08:09:24.565+0000] {dagbag.py:588} INFO - Filling up the DagBag from /opt/airflow/dags/hello_airflow.py
[2026-05-31T08:09:24.573+0000] {processor.py:925} INFO - DAG(s) 'hello_airflow' retrieved from /opt/airflow/dags/hello_airflow.py
[2026-05-31T08:09:24.613+0000] {logging_mixin.py:190} INFO - [2026-05-31T08:09:24.613+0000] {dag.py:3239} INFO - Sync 1 DAGs
[2026-05-31T08:09:24.650+0000] {logging_mixin.py:190} INFO - [2026-05-31T08:09:24.650+0000] {dag.py:4180} INFO - Setting next_dagrun for hello_airflow to 2026-05-31 08:08:00+00:00, run_after=2026-05-31 08:09:00+00:00
[2026-05-31T08:09:24.678+0000] {processor.py:208} INFO - Processing /opt/airflow/dags/hello_airflow.py took 0.121 seconds
[2026-05-31T08:09:55.326+0000] {processor.py:186} INFO - Started process (PID=11154) to work on /opt/airflow/dags/hello_airflow.py
[2026-05-31T08:09:55.327+0000] {processor.py:914} INFO - Processing file /opt/airflow/dags/hello_airflow.py for tasks to queue
[2026-05-31T08:09:55.329+0000] {logging_mixin.py:190} INFO - [2026-05-31T08:09:55.329+0000] {dagbag.py:588} INFO - Filling up the DagBag from /opt/airflow/dags/hello_airflow.py
[2026-05-31T08:09:55.336+0000] {processor.py:925} INFO - DAG(s) 'hello_airflow' retrieved from /opt/airflow/dags/hello_airflow.py
[2026-05-31T08:09:55.353+0000] {logging_mixin.py:190} INFO - [2026-05-31T08:09:55.353+0000] {dag.py:3239} INFO - Sync 1 DAGs
[2026-05-31T08:09:55.374+0000] {logging_mixin.py:190} INFO - [2026-05-31T08:09:55.374+0000] {dag.py:4180} INFO - Setting next_dagrun for hello_airflow to 2026-05-31 08:08:00+00:00, run_after=2026-05-31 08:09:00+00:00
[2026-05-31T08:09:55.387+0000] {processor.py:208} INFO - Processing /opt/airflow/dags/hello_airflow.py took 0.066 seconds
[2026-05-31T08:10:26.174+0000] {processor.py:186} INFO - Started process (PID=11178) to work on /opt/airflow/dags/hello_airflow.py
[2026-05-31T08:10:26.175+0000] {processor.py:914} INFO - Processing file /opt/airflow/dags/hello_airflow.py for tasks to queue
[2026-05-31T08:10:26.177+0000] {logging_mixin.py:190} INFO - [2026-05-31T08:10:26.177+0000] {dagbag.py:588} INFO - Filling up the DagBag from /opt/airflow/dags/hello_airflow.py
[2026-05-31T08:10:26.186+0000] {processor.py:925} INFO - DAG(s) 'hello_airflow' retrieved from /opt/airflow/dags/hello_airflow.py
[2026-05-31T08:10:26.205+0000] {logging_mixin.py:190} INFO - [2026-05-31T08:10:26.205+0000] {dag.py:3239} INFO - Sync 1 DAGs
[2026-05-31T08:10:26.229+0000] {logging_mixin.py:190} INFO - [2026-05-31T08:10:26.229+0000] {dag.py:4180} INFO - Setting next_dagrun for hello_airflow to 2026-05-31 08:09:00+00:00, run_after=2026-05-31 08:10:00+00:00
[2026-05-31T08:10:26.246+0000] {processor.py:208} INFO - Processing /opt/airflow/dags/hello_airflow.py took 0.078 seconds
[2026-05-31T08:10:57.252+0000] {processor.py:186} INFO - Started process (PID=11202) to work on /opt/airflow/dags/hello_airflow.py
[2026-05-31T08:10:57.252+0000] {processor.py:914} INFO - Processing file /opt/airflow/dags/hello_airflow.py for tasks to queue
[2026-05-31T08:10:57.254+0000] {logging_mixin.py:190} INFO - [2026-05-31T08:10:57.254+0000] {dagbag.py:588} INFO - Filling up the DagBag from /opt/airflow/dags/hello_airflow.py
[2026-05-31T08:10:57.262+0000] {processor.py:925} INFO - DAG(s) 'hello_airflow' retrieved from /opt/airflow/dags/hello_airflow.py
[2026-05-31T08:10:57.281+0000] {logging_mixin.py:190} INFO - [2026-05-31T08:10:57.281+0000] {dag.py:3239} INFO - Sync 1 DAGs
[2026-05-31T08:10:57.303+0000] {logging_mixin.py:190} INFO - [2026-05-31T08:10:57.303+0000] {dag.py:4180} INFO - Setting next_dagrun for hello_airflow to 2026-05-31 08:09:00+00:00, run_after=2026-05-31 08:10:00+00:00
[2026-05-31T08:10:57.316+0000] {processor.py:208} INFO - Processing /opt/airflow/dags/hello_airflow.py took 0.069 seconds
[2026-05-31T08:11:28.296+0000] {processor.py:186} INFO - Started process (PID=11226) to work on /opt/airflow/dags/hello_airflow.py
[2026-05-31T08:11:28.297+0000] {processor.py:914} INFO - Processing file /opt/airflow/dags/hello_airflow.py for tasks to queue
[2026-05-31T08:11:28.299+0000] {logging_mixin.py:190} INFO - [2026-05-31T08:11:28.299+0000] {dagbag.py:588} INFO - Filling up the DagBag from /opt/airflow/dags/hello_airflow.py
[2026-05-31T08:11:28.307+0000] {processor.py:925} INFO - DAG(s) 'hello_airflow' retrieved from /opt/airflow/dags/hello_airflow.py
[2026-05-31T08:11:28.326+0000] {logging_mixin.py:190} INFO - [2026-05-31T08:11:28.326+0000] {dag.py:3239} INFO - Sync 1 DAGs
[2026-05-31T08:11:28.350+0000] {logging_mixin.py:190} INFO - [2026-05-31T08:11:28.350+0000] {dag.py:4180} INFO - Setting next_dagrun for hello_airflow to 2026-05-31 08:10:00+00:00, run_after=2026-05-31 08:11:00+00:00
[2026-05-31T08:11:28.363+0000] {processor.py:208} INFO - Processing /opt/airflow/dags/hello_airflow.py took 0.073 seconds
[2026-05-31T08:11:59.570+0000] {processor.py:186} INFO - Started process (PID=11250) to work on /opt/airflow/dags/hello_airflow.py
[2026-05-31T08:11:59.570+0000] {processor.py:914} INFO - Processing file /opt/airflow/dags/hello_airflow.py for tasks to queue
[2026-05-31T08:11:59.572+0000] {logging_mixin.py:190} INFO - [2026-05-31T08:11:59.572+0000] {dagbag.py:588} INFO - Filling up the DagBag from /opt/airflow/dags/hello_airflow.py
[2026-05-31T08:11:59.580+0000] {processor.py:925} INFO - DAG(s) 'hello_airflow' retrieved from /opt/airflow/dags/hello_airflow.py
[2026-05-31T08:11:59.600+0000] {logging_mixin.py:190} INFO - [2026-05-31T08:11:59.600+0000] {dag.py:3239} INFO - Sync 1 DAGs
[2026-05-31T08:11:59.622+0000] {logging_mixin.py:190} INFO - [2026-05-31T08:11:59.622+0000] {dag.py:4180} INFO - Setting next_dagrun for hello_airflow to 2026-05-31 08:10:00+00:00, run_after=2026-05-31 08:11:00+00:00
[2026-05-31T08:11:59.636+0000] {processor.py:208} INFO - Processing /opt/airflow/dags/hello_airflow.py took 0.071 seconds
[2026-05-31T08:12:30.576+0000] {processor.py:186} INFO - Started process (PID=11274) to work on /opt/airflow/dags/hello_airflow.py
[2026-05-31T08:12:30.577+0000] {processor.py:914} INFO - Processing file /opt/airflow/dags/hello_airflow.py for tasks to queue
[2026-05-31T08:12:30.579+0000] {logging_mixin.py:190} INFO - [2026-05-31T08:12:30.578+0000] {dagbag.py:588} INFO - Filling up the DagBag from /opt/airflow/dags/hello_airflow.py
[2026-05-31T08:12:30.587+0000] {processor.py:925} INFO - DAG(s) 'hello_airflow' retrieved from /opt/airflow/dags/hello_airflow.py
[2026-05-31T08:12:30.605+0000] {logging_mixin.py:190} INFO - [2026-05-31T08:12:30.605+0000] {dag.py:3239} INFO - Sync 1 DAGs
[2026-05-31T08:12:30.625+0000] {logging_mixin.py:190} INFO - [2026-05-31T08:12:30.625+0000] {dag.py:4180} INFO - Setting next_dagrun for hello_airflow to 2026-05-31 08:11:00+00:00, run_after=2026-05-31 08:12:00+00:00
[2026-05-31T08:12:30.638+0000] {processor.py:208} INFO - Processing /opt/airflow/dags/hello_airflow.py took 0.067 seconds
[2026-05-31T08:13:00.934+0000] {processor.py:186} INFO - Started process (PID=11298) to work on /opt/airflow/dags/hello_airflow.py
[2026-05-31T08:13:00.935+0000] {processor.py:914} INFO - Processing file /opt/airflow/dags/hello_airflow.py for tasks to queue
[2026-05-31T08:13:00.937+0000] {logging_mixin.py:190} INFO - [2026-05-31T08:13:00.937+0000] {dagbag.py:588} INFO - Filling up the DagBag from /opt/airflow/dags/hello_airflow.py
[2026-05-31T08:13:00.944+0000] {processor.py:925} INFO - DAG(s) 'hello_airflow' retrieved from /opt/airflow/dags/hello_airflow.py
[2026-05-31T08:13:00.962+0000] {logging_mixin.py:190} INFO - [2026-05-31T08:13:00.961+0000] {dag.py:3239} INFO - Sync 1 DAGs
[2026-05-31T08:13:00.982+0000] {logging_mixin.py:190} INFO - [2026-05-31T08:13:00.981+0000] {dag.py:4180} INFO - Setting next_dagrun for hello_airflow to 2026-05-31 08:12:00+00:00, run_after=2026-05-31 08:13:00+00:00
[2026-05-31T08:13:00.998+0000] {processor.py:208} INFO - Processing /opt/airflow/dags/hello_airflow.py took 0.068 seconds
[2026-05-31T08:13:31.399+0000] {processor.py:186} INFO - Started process (PID=11322) to work on /opt/airflow/dags/hello_airflow.py
[2026-05-31T08:13:31.400+0000] {processor.py:914} INFO - Processing file /opt/airflow/dags/hello_airflow.py for tasks to queue
[2026-05-31T08:13:31.402+0000] {logging_mixin.py:190} INFO - [2026-05-31T08:13:31.402+0000] {dagbag.py:588} INFO - Filling up the DagBag from /opt/airflow/dags/hello_airflow.py
[2026-05-31T08:13:31.410+0000] {processor.py:925} INFO - DAG(s) 'hello_airflow' retrieved from /opt/airflow/dags/hello_airflow.py
[2026-05-31T08:13:31.427+0000] {logging_mixin.py:190} INFO - [2026-05-31T08:13:31.427+0000] {dag.py:3239} INFO - Sync 1 DAGs
[2026-05-31T08:13:31.447+0000] {logging_mixin.py:190} INFO - [2026-05-31T08:13:31.447+0000] {dag.py:4180} INFO - Setting next_dagrun for hello_airflow to 2026-05-31 08:12:00+00:00, run_after=2026-05-31 08:13:00+00:00
[2026-05-31T08:13:31.460+0000] {processor.py:208} INFO - Processing /opt/airflow/dags/hello_airflow.py took 0.065 seconds
[2026-05-31T08:14:02.321+0000] {processor.py:186} INFO - Started process (PID=11346) to work on /opt/airflow/dags/hello_airflow.py
[2026-05-31T08:14:02.322+0000] {processor.py:914} INFO - Processing file /opt/airflow/dags/hello_airflow.py for tasks to queue
[2026-05-31T08:14:02.328+0000] {logging_mixin.py:190} INFO - [2026-05-31T08:14:02.325+0000] {dagbag.py:588} INFO - Filling up the DagBag from /opt/airflow/dags/hello_airflow.py
[2026-05-31T08:14:02.335+0000] {processor.py:925} INFO - DAG(s) 'hello_airflow' retrieved from /opt/airflow/dags/hello_airflow.py
[2026-05-31T08:14:02.353+0000] {logging_mixin.py:190} INFO - [2026-05-31T08:14:02.353+0000] {dag.py:3239} INFO - Sync 1 DAGs
[2026-05-31T08:14:02.374+0000] {logging_mixin.py:190} INFO - [2026-05-31T08:14:02.374+0000] {dag.py:4180} INFO - Setting next_dagrun for hello_airflow to 2026-05-31 08:13:00+00:00, run_after=2026-05-31 08:14:00+00:00
[2026-05-31T08:14:02.389+0000] {processor.py:208} INFO - Processing /opt/airflow/dags/hello_airflow.py took 0.073 seconds
[2026-05-31T08:14:33.228+0000] {processor.py:186} INFO - Started process (PID=11370) to work on /opt/airflow/dags/hello_airflow.py
[2026-05-31T08:14:33.230+0000] {processor.py:914} INFO - Processing file /opt/airflow/dags/hello_airflow.py for tasks to queue
[2026-05-31T08:14:33.232+0000] {logging_mixin.py:190} INFO - [2026-05-31T08:14:33.231+0000] {dagbag.py:588} INFO - Filling up the DagBag from /opt/airflow/dags/hello_airflow.py
[2026-05-31T08:14:33.243+0000] {processor.py:925} INFO - DAG(s) 'hello_airflow' retrieved from /opt/airflow/dags/hello_airflow.py
[2026-05-31T08:14:33.263+0000] {logging_mixin.py:190} INFO - [2026-05-31T08:14:33.263+0000] {dag.py:3239} INFO - Sync 1 DAGs
[2026-05-31T08:14:33.288+0000] {logging_mixin.py:190} INFO - [2026-05-31T08:14:33.288+0000] {dag.py:4180} INFO - Setting next_dagrun for hello_airflow to 2026-05-31 08:13:00+00:00, run_after=2026-05-31 08:14:00+00:00
[2026-05-31T08:14:33.305+0000] {processor.py:208} INFO - Processing /opt/airflow/dags/hello_airflow.py took 0.082 seconds
[2026-05-31T08:15:04.038+0000] {processor.py:186} INFO - Started process (PID=11394) to work on /opt/airflow/dags/hello_airflow.py
[2026-05-31T08:15:04.039+0000] {processor.py:914} INFO - Processing file /opt/airflow/dags/hello_airflow.py for tasks to queue
[2026-05-31T08:15:04.041+0000] {logging_mixin.py:190} INFO - [2026-05-31T08:15:04.041+0000] {dagbag.py:588} INFO - Filling up the DagBag from /opt/airflow/dags/hello_airflow.py
[2026-05-31T08:15:04.050+0000] {processor.py:925} INFO - DAG(s) 'hello_airflow' retrieved from /opt/airflow/dags/hello_airflow.py
[2026-05-31T08:15:04.069+0000] {logging_mixin.py:190} INFO - [2026-05-31T08:15:04.068+0000] {dag.py:3239} INFO - Sync 1 DAGs
[2026-05-31T08:15:04.093+0000] {logging_mixin.py:190} INFO - [2026-05-31T08:15:04.093+0000] {dag.py:4180} INFO - Setting next_dagrun for hello_airflow to 2026-05-31 08:14:00+00:00, run_after=2026-05-31 08:15:00+00:00
[2026-05-31T08:15:04.107+0000] {processor.py:208} INFO - Processing /opt/airflow/dags/hello_airflow.py took 0.075 seconds
[2026-05-31T08:15:35.138+0000] {processor.py:186} INFO - Started process (PID=11419) to work on /opt/airflow/dags/hello_airflow.py
[2026-05-31T08:15:35.140+0000] {processor.py:914} INFO - Processing file /opt/airflow/dags/hello_airflow.py for tasks to queue
[2026-05-31T08:15:35.143+0000] {logging_mixin.py:190} INFO - [2026-05-31T08:15:35.143+0000] {dagbag.py:588} INFO - Filling up the DagBag from /opt/airflow/dags/hello_airflow.py
[2026-05-31T08:15:35.155+0000] {processor.py:925} INFO - DAG(s) 'hello_airflow' retrieved from /opt/airflow/dags/hello_airflow.py
[2026-05-31T08:15:35.174+0000] {logging_mixin.py:190} INFO - [2026-05-31T08:15:35.174+0000] {dag.py:3239} INFO - Sync 1 DAGs
[2026-05-31T08:15:35.195+0000] {logging_mixin.py:190} INFO - [2026-05-31T08:15:35.195+0000] {dag.py:4180} INFO - Setting next_dagrun for hello_airflow to 2026-05-31 08:14:00+00:00, run_after=2026-05-31 08:15:00+00:00
[2026-05-31T08:15:35.210+0000] {processor.py:208} INFO - Processing /opt/airflow/dags/hello_airflow.py took 0.078 seconds
[2026-05-31T08:16:07.267+0000] {processor.py:186} INFO - Started process (PID=11443) to work on /opt/airflow/dags/hello_airflow.py
[2026-05-31T08:16:07.268+0000] {processor.py:914} INFO - Processing file /opt/airflow/dags/hello_airflow.py for tasks to queue
[2026-05-31T08:16:07.270+0000] {logging_mixin.py:190} INFO - [2026-05-31T08:16:07.270+0000] {dagbag.py:588} INFO - Filling up the DagBag from /opt/airflow/dags/hello_airflow.py
[2026-05-31T08:16:07.279+0000] {processor.py:925} INFO - DAG(s) 'hello_airflow' retrieved from /opt/airflow/dags/hello_airflow.py
[2026-05-31T08:16:07.297+0000] {logging_mixin.py:190} INFO - [2026-05-31T08:16:07.297+0000] {dag.py:3239} INFO - Sync 1 DAGs
[2026-05-31T08:16:07.318+0000] {logging_mixin.py:190} INFO - [2026-05-31T08:16:07.318+0000] {dag.py:4180} INFO - Setting next_dagrun for hello_airflow to 2026-05-31 08:15:00+00:00, run_after=2026-05-31 08:16:00+00:00
[2026-05-31T08:16:07.332+0000] {processor.py:208} INFO - Processing /opt/airflow/dags/hello_airflow.py took 0.070 seconds
[2026-05-31T08:16:37.557+0000] {processor.py:186} INFO - Started process (PID=11461) to work on /opt/airflow/dags/hello_airflow.py
[2026-05-31T08:16:37.560+0000] {processor.py:914} INFO - Processing file /opt/airflow/dags/hello_airflow.py for tasks to queue
[2026-05-31T08:16:37.567+0000] {logging_mixin.py:190} INFO - [2026-05-31T08:16:37.564+0000] {dagbag.py:588} INFO - Filling up the DagBag from /opt/airflow/dags/hello_airflow.py
[2026-05-31T08:16:37.585+0000] {processor.py:925} INFO - DAG(s) 'hello_airflow' retrieved from /opt/airflow/dags/hello_airflow.py
[2026-05-31T08:16:37.623+0000] {logging_mixin.py:190} INFO - [2026-05-31T08:16:37.623+0000] {dag.py:3239} INFO - Sync 1 DAGs
[2026-05-31T08:16:37.666+0000] {logging_mixin.py:190} INFO - [2026-05-31T08:16:37.666+0000] {dag.py:4180} INFO - Setting next_dagrun for hello_airflow to 2026-05-31 08:15:00+00:00, run_after=2026-05-31 08:16:00+00:00
[2026-05-31T08:16:37.693+0000] {processor.py:208} INFO - Processing /opt/airflow/dags/hello_airflow.py took 0.153 seconds
[2026-05-31T08:17:07.765+0000] {processor.py:186} INFO - Started process (PID=11483) to work on /opt/airflow/dags/hello_airflow.py
[2026-05-31T08:17:07.765+0000] {processor.py:914} INFO - Processing file /opt/airflow/dags/hello_airflow.py for tasks to queue
[2026-05-31T08:17:07.768+0000] {logging_mixin.py:190} INFO - [2026-05-31T08:17:07.767+0000] {dagbag.py:588} INFO - Filling up the DagBag from /opt/airflow/dags/hello_airflow.py
[2026-05-31T08:17:07.775+0000] {processor.py:925} INFO - DAG(s) 'hello_airflow' retrieved from /opt/airflow/dags/hello_airflow.py
[2026-05-31T08:17:07.792+0000] {logging_mixin.py:190} INFO - [2026-05-31T08:17:07.792+0000] {dag.py:3239} INFO - Sync 1 DAGs
[2026-05-31T08:17:07.812+0000] {logging_mixin.py:190} INFO - [2026-05-31T08:17:07.812+0000] {dag.py:4180} INFO - Setting next_dagrun for hello_airflow to 2026-05-31 08:16:00+00:00, run_after=2026-05-31 08:17:00+00:00
[2026-05-31T08:17:07.825+0000] {processor.py:208} INFO - Processing /opt/airflow/dags/hello_airflow.py took 0.065 seconds
[2026-05-31T08:17:38.123+0000] {processor.py:186} INFO - Started process (PID=11508) to work on /opt/airflow/dags/hello_airflow.py
[2026-05-31T08:17:38.124+0000] {processor.py:914} INFO - Processing file /opt/airflow/dags/hello_airflow.py for tasks to queue
[2026-05-31T08:17:38.126+0000] {logging_mixin.py:190} INFO - [2026-05-31T08:17:38.126+0000] {dagbag.py:588} INFO - Filling up the DagBag from /opt/airflow/dags/hello_airflow.py
[2026-05-31T08:17:38.134+0000] {processor.py:925} INFO - DAG(s) 'hello_airflow' retrieved from /opt/airflow/dags/hello_airflow.py
[2026-05-31T08:17:38.152+0000] {logging_mixin.py:190} INFO - [2026-05-31T08:17:38.152+0000] {dag.py:3239} INFO - Sync 1 DAGs
[2026-05-31T08:17:38.174+0000] {logging_mixin.py:190} INFO - [2026-05-31T08:17:38.174+0000] {dag.py:4180} INFO - Setting next_dagrun for hello_airflow to 2026-05-31 08:16:00+00:00, run_after=2026-05-31 08:17:00+00:00
[2026-05-31T08:17:38.189+0000] {processor.py:208} INFO - Processing /opt/airflow/dags/hello_airflow.py took 0.071 seconds
[2026-05-31T08:18:09.123+0000] {processor.py:186} INFO - Started process (PID=11532) to work on /opt/airflow/dags/hello_airflow.py
[2026-05-31T08:18:09.124+0000] {processor.py:914} INFO - Processing file /opt/airflow/dags/hello_airflow.py for tasks to queue
[2026-05-31T08:18:09.126+0000] {logging_mixin.py:190} INFO - [2026-05-31T08:18:09.126+0000] {dagbag.py:588} INFO - Filling up the DagBag from /opt/airflow/dags/hello_airflow.py
[2026-05-31T08:18:09.133+0000] {processor.py:925} INFO - DAG(s) 'hello_airflow' retrieved from /opt/airflow/dags/hello_airflow.py
[2026-05-31T08:18:09.150+0000] {logging_mixin.py:190} INFO - [2026-05-31T08:18:09.150+0000] {dag.py:3239} INFO - Sync 1 DAGs
[2026-05-31T08:18:09.170+0000] {logging_mixin.py:190} INFO - [2026-05-31T08:18:09.170+0000] {dag.py:4180} INFO - Setting next_dagrun for hello_airflow to 2026-05-31 08:17:00+00:00, run_after=2026-05-31 08:18:00+00:00
[2026-05-31T08:18:09.184+0000] {processor.py:208} INFO - Processing /opt/airflow/dags/hello_airflow.py took 0.065 seconds
[2026-05-31T08:18:39.245+0000] {processor.py:186} INFO - Started process (PID=11554) to work on /opt/airflow/dags/hello_airflow.py
[2026-05-31T08:18:39.246+0000] {processor.py:914} INFO - Processing file /opt/airflow/dags/hello_airflow.py for tasks to queue
[2026-05-31T08:18:39.247+0000] {logging_mixin.py:190} INFO - [2026-05-31T08:18:39.247+0000] {dagbag.py:588} INFO - Filling up the DagBag from /opt/airflow/dags/hello_airflow.py
[2026-05-31T08:18:39.255+0000] {processor.py:925} INFO - DAG(s) 'hello_airflow' retrieved from /opt/airflow/dags/hello_airflow.py
[2026-05-31T08:18:39.274+0000] {logging_mixin.py:190} INFO - [2026-05-31T08:18:39.274+0000] {dag.py:3239} INFO - Sync 1 DAGs
[2026-05-31T08:18:39.296+0000] {logging_mixin.py:190} INFO - [2026-05-31T08:18:39.296+0000] {dag.py:4180} INFO - Setting next_dagrun for hello_airflow to 2026-05-31 08:17:00+00:00, run_after=2026-05-31 08:18:00+00:00
[2026-05-31T08:18:39.310+0000] {processor.py:208} INFO - Processing /opt/airflow/dags/hello_airflow.py took 0.069 seconds
[2026-05-31T08:19:09.439+0000] {processor.py:186} INFO - Started process (PID=11578) to work on /opt/airflow/dags/hello_airflow.py
[2026-05-31T08:19:09.440+0000] {processor.py:914} INFO - Processing file /opt/airflow/dags/hello_airflow.py for tasks to queue
[2026-05-31T08:19:09.442+0000] {logging_mixin.py:190} INFO - [2026-05-31T08:19:09.442+0000] {dagbag.py:588} INFO - Filling up the DagBag from /opt/airflow/dags/hello_airflow.py
[2026-05-31T08:19:09.451+0000] {processor.py:925} INFO - DAG(s) 'hello_airflow' retrieved from /opt/airflow/dags/hello_airflow.py
[2026-05-31T08:19:09.469+0000] {logging_mixin.py:190} INFO - [2026-05-31T08:19:09.469+0000] {dag.py:3239} INFO - Sync 1 DAGs
[2026-05-31T08:19:09.490+0000] {logging_mixin.py:190} INFO - [2026-05-31T08:19:09.490+0000] {dag.py:4180} INFO - Setting next_dagrun for hello_airflow to 2026-05-31 08:18:00+00:00, run_after=2026-05-31 08:19:00+00:00
[2026-05-31T08:19:09.503+0000] {processor.py:208} INFO - Processing /opt/airflow/dags/hello_airflow.py took 0.071 seconds
[2026-05-31T08:19:39.688+0000] {processor.py:186} INFO - Started process (PID=11602) to work on /opt/airflow/dags/hello_airflow.py
[2026-05-31T08:19:39.691+0000] {processor.py:914} INFO - Processing file /opt/airflow/dags/hello_airflow.py for tasks to queue
[2026-05-31T08:19:39.693+0000] {logging_mixin.py:190} INFO - [2026-05-31T08:19:39.693+0000] {dagbag.py:588} INFO - Filling up the DagBag from /opt/airflow/dags/hello_airflow.py
[2026-05-31T08:19:39.709+0000] {processor.py:925} INFO - DAG(s) 'hello_airflow' retrieved from /opt/airflow/dags/hello_airflow.py
[2026-05-31T08:19:39.736+0000] {logging_mixin.py:190} INFO - [2026-05-31T08:19:39.736+0000] {dag.py:3239} INFO - Sync 1 DAGs
[2026-05-31T08:19:39.775+0000] {logging_mixin.py:190} INFO - [2026-05-31T08:19:39.774+0000] {dag.py:4180} INFO - Setting next_dagrun for hello_airflow to 2026-05-31 08:18:00+00:00, run_after=2026-05-31 08:19:00+00:00
[2026-05-31T08:19:39.798+0000] {processor.py:208} INFO - Processing /opt/airflow/dags/hello_airflow.py took 0.123 seconds
[2026-05-31T08:20:09.996+0000] {processor.py:186} INFO - Started process (PID=11625) to work on /opt/airflow/dags/hello_airflow.py
[2026-05-31T08:20:09.998+0000] {processor.py:914} INFO - Processing file /opt/airflow/dags/hello_airflow.py for tasks to queue
[2026-05-31T08:20:10.000+0000] {logging_mixin.py:190} INFO - [2026-05-31T08:20:09.999+0000] {dagbag.py:588} INFO - Filling up the DagBag from /opt/airflow/dags/hello_airflow.py
[2026-05-31T08:20:10.007+0000] {processor.py:925} INFO - DAG(s) 'hello_airflow' retrieved from /opt/airflow/dags/hello_airflow.py
[2026-05-31T08:20:10.024+0000] {logging_mixin.py:190} INFO - [2026-05-31T08:20:10.024+0000] {dag.py:3239} INFO - Sync 1 DAGs
[2026-05-31T08:20:10.044+0000] {logging_mixin.py:190} INFO - [2026-05-31T08:20:10.044+0000] {dag.py:4180} INFO - Setting next_dagrun for hello_airflow to 2026-05-31 08:19:00+00:00, run_after=2026-05-31 08:20:00+00:00
[2026-05-31T08:20:10.059+0000] {processor.py:208} INFO - Processing /opt/airflow/dags/hello_airflow.py took 0.069 seconds
[2026-05-31T08:20:40.098+0000] {processor.py:186} INFO - Started process (PID=11649) to work on /opt/airflow/dags/hello_airflow.py
[2026-05-31T08:20:40.099+0000] {processor.py:914} INFO - Processing file /opt/airflow/dags/hello_airflow.py for tasks to queue
[2026-05-31T08:20:40.101+0000] {logging_mixin.py:190} INFO - [2026-05-31T08:20:40.101+0000] {dagbag.py:588} INFO - Filling up the DagBag from /opt/airflow/dags/hello_airflow.py
[2026-05-31T08:20:40.108+0000] {processor.py:925} INFO - DAG(s) 'hello_airflow' retrieved from /opt/airflow/dags/hello_airflow.py
[2026-05-31T08:20:40.126+0000] {logging_mixin.py:190} INFO - [2026-05-31T08:20:40.126+0000] {dag.py:3239} INFO - Sync 1 DAGs
[2026-05-31T08:20:40.145+0000] {logging_mixin.py:190} INFO - [2026-05-31T08:20:40.145+0000] {dag.py:4180} INFO - Setting next_dagrun for hello_airflow to 2026-05-31 08:19:00+00:00, run_after=2026-05-31 08:20:00+00:00
[2026-05-31T08:20:40.157+0000] {processor.py:208} INFO - Processing /opt/airflow/dags/hello_airflow.py took 0.064 seconds
[2026-05-31T08:21:10.386+0000] {processor.py:186} INFO - Started process (PID=11673) to work on /opt/airflow/dags/hello_airflow.py
[2026-05-31T08:21:10.387+0000] {processor.py:914} INFO - Processing file /opt/airflow/dags/hello_airflow.py for tasks to queue
[2026-05-31T08:21:10.389+0000] {logging_mixin.py:190} INFO - [2026-05-31T08:21:10.389+0000] {dagbag.py:588} INFO - Filling up the DagBag from /opt/airflow/dags/hello_airflow.py
[2026-05-31T08:21:10.397+0000] {processor.py:925} INFO - DAG(s) 'hello_airflow' retrieved from /opt/airflow/dags/hello_airflow.py
[2026-05-31T08:21:10.415+0000] {logging_mixin.py:190} INFO - [2026-05-31T08:21:10.414+0000] {dag.py:3239} INFO - Sync 1 DAGs
[2026-05-31T08:21:10.435+0000] {logging_mixin.py:190} INFO - [2026-05-31T08:21:10.434+0000] {dag.py:4180} INFO - Setting next_dagrun for hello_airflow to 2026-05-31 08:20:00+00:00, run_after=2026-05-31 08:21:00+00:00
[2026-05-31T08:21:10.447+0000] {processor.py:208} INFO - Processing /opt/airflow/dags/hello_airflow.py took 0.067 seconds
[2026-05-31T08:21:40.704+0000] {processor.py:186} INFO - Started process (PID=11697) to work on /opt/airflow/dags/hello_airflow.py
[2026-05-31T08:21:40.705+0000] {processor.py:914} INFO - Processing file /opt/airflow/dags/hello_airflow.py for tasks to queue
[2026-05-31T08:21:40.707+0000] {logging_mixin.py:190} INFO - [2026-05-31T08:21:40.707+0000] {dagbag.py:588} INFO - Filling up the DagBag from /opt/airflow/dags/hello_airflow.py
[2026-05-31T08:21:40.715+0000] {processor.py:925} INFO - DAG(s) 'hello_airflow' retrieved from /opt/airflow/dags/hello_airflow.py
[2026-05-31T08:21:40.731+0000] {logging_mixin.py:190} INFO - [2026-05-31T08:21:40.731+0000] {dag.py:3239} INFO - Sync 1 DAGs
[2026-05-31T08:21:40.750+0000] {logging_mixin.py:190} INFO - [2026-05-31T08:21:40.749+0000] {dag.py:4180} INFO - Setting next_dagrun for hello_airflow to 2026-05-31 08:20:00+00:00, run_after=2026-05-31 08:21:00+00:00
[2026-05-31T08:21:40.764+0000] {processor.py:208} INFO - Processing /opt/airflow/dags/hello_airflow.py took 0.064 seconds
[2026-05-31T08:22:11.160+0000] {processor.py:186} INFO - Started process (PID=11721) to work on /opt/airflow/dags/hello_airflow.py
[2026-05-31T08:22:11.161+0000] {processor.py:914} INFO - Processing file /opt/airflow/dags/hello_airflow.py for tasks to queue
[2026-05-31T08:22:11.162+0000] {logging_mixin.py:190} INFO - [2026-05-31T08:22:11.162+0000] {dagbag.py:588} INFO - Filling up the DagBag from /opt/airflow/dags/hello_airflow.py
[2026-05-31T08:22:11.170+0000] {processor.py:925} INFO - DAG(s) 'hello_airflow' retrieved from /opt/airflow/dags/hello_airflow.py
[2026-05-31T08:22:11.187+0000] {logging_mixin.py:190} INFO - [2026-05-31T08:22:11.186+0000] {dag.py:3239} INFO - Sync 1 DAGs
[2026-05-31T08:22:11.206+0000] {logging_mixin.py:190} INFO - [2026-05-31T08:22:11.206+0000] {dag.py:4180} INFO - Setting next_dagrun for hello_airflow to 2026-05-31 08:21:00+00:00, run_after=2026-05-31 08:22:00+00:00
[2026-05-31T08:22:11.219+0000] {processor.py:208} INFO - Processing /opt/airflow/dags/hello_airflow.py took 0.064 seconds
[2026-05-31T08:22:41.609+0000] {processor.py:186} INFO - Started process (PID=11741) to work on /opt/airflow/dags/hello_airflow.py
[2026-05-31T08:22:41.610+0000] {processor.py:914} INFO - Processing file /opt/airflow/dags/hello_airflow.py for tasks to queue
[2026-05-31T08:22:41.612+0000] {logging_mixin.py:190} INFO - [2026-05-31T08:22:41.612+0000] {dagbag.py:588} INFO - Filling up the DagBag from /opt/airflow/dags/hello_airflow.py
[2026-05-31T08:22:41.620+0000] {processor.py:925} INFO - DAG(s) 'hello_airflow' retrieved from /opt/airflow/dags/hello_airflow.py
[2026-05-31T08:22:41.636+0000] {logging_mixin.py:190} INFO - [2026-05-31T08:22:41.636+0000] {dag.py:3239} INFO - Sync 1 DAGs
[2026-05-31T08:22:41.655+0000] {logging_mixin.py:190} INFO - [2026-05-31T08:22:41.655+0000] {dag.py:4180} INFO - Setting next_dagrun for hello_airflow to 2026-05-31 08:21:00+00:00, run_after=2026-05-31 08:22:00+00:00
[2026-05-31T08:22:41.670+0000] {processor.py:208} INFO - Processing /opt/airflow/dags/hello_airflow.py took 0.066 seconds
[2026-05-31T08:23:12.247+0000] {processor.py:186} INFO - Started process (PID=11764) to work on /opt/airflow/dags/hello_airflow.py
[2026-05-31T08:23:12.249+0000] {processor.py:914} INFO - Processing file /opt/airflow/dags/hello_airflow.py for tasks to queue
[2026-05-31T08:23:12.252+0000] {logging_mixin.py:190} INFO - [2026-05-31T08:23:12.251+0000] {dagbag.py:588} INFO - Filling up the DagBag from /opt/airflow/dags/hello_airflow.py
[2026-05-31T08:23:12.263+0000] {processor.py:925} INFO - DAG(s) 'hello_airflow' retrieved from /opt/airflow/dags/hello_airflow.py
[2026-05-31T08:23:12.282+0000] {logging_mixin.py:190} INFO - [2026-05-31T08:23:12.282+0000] {dag.py:3239} INFO - Sync 1 DAGs
[2026-05-31T08:23:12.307+0000] {logging_mixin.py:190} INFO - [2026-05-31T08:23:12.306+0000] {dag.py:4180} INFO - Setting next_dagrun for hello_airflow to 2026-05-31 08:22:00+00:00, run_after=2026-05-31 08:23:00+00:00
[2026-05-31T08:23:12.321+0000] {processor.py:208} INFO - Processing /opt/airflow/dags/hello_airflow.py took 0.085 seconds
[2026-05-31T08:23:42.818+0000] {processor.py:186} INFO - Started process (PID=11787) to work on /opt/airflow/dags/hello_airflow.py
[2026-05-31T08:23:42.826+0000] {processor.py:914} INFO - Processing file /opt/airflow/dags/hello_airflow.py for tasks to queue
[2026-05-31T08:23:42.840+0000] {logging_mixin.py:190} INFO - [2026-05-31T08:23:42.840+0000] {dagbag.py:588} INFO - Filling up the DagBag from /opt/airflow/dags/hello_airflow.py
[2026-05-31T08:23:42.895+0000] {processor.py:925} INFO - DAG(s) 'hello_airflow' retrieved from /opt/airflow/dags/hello_airflow.py
[2026-05-31T08:23:43.092+0000] {logging_mixin.py:190} INFO - [2026-05-31T08:23:43.092+0000] {dag.py:3239} INFO - Sync 1 DAGs
[2026-05-31T08:23:43.244+0000] {logging_mixin.py:190} INFO - [2026-05-31T08:23:43.244+0000] {dag.py:4180} INFO - Setting next_dagrun for hello_airflow to 2026-05-31 08:22:00+00:00, run_after=2026-05-31 08:23:00+00:00
[2026-05-31T08:23:43.279+0000] {processor.py:208} INFO - Processing /opt/airflow/dags/hello_airflow.py took 0.516 seconds
[2026-05-31T08:24:14.216+0000] {processor.py:186} INFO - Started process (PID=11811) to work on /opt/airflow/dags/hello_airflow.py
[2026-05-31T08:24:14.218+0000] {processor.py:914} INFO - Processing file /opt/airflow/dags/hello_airflow.py for tasks to queue
[2026-05-31T08:24:14.220+0000] {logging_mixin.py:190} INFO - [2026-05-31T08:24:14.220+0000] {dagbag.py:588} INFO - Filling up the DagBag from /opt/airflow/dags/hello_airflow.py
[2026-05-31T08:24:14.232+0000] {processor.py:925} INFO - DAG(s) 'hello_airflow' retrieved from /opt/airflow/dags/hello_airflow.py
[2026-05-31T08:24:14.256+0000] {logging_mixin.py:190} INFO - [2026-05-31T08:24:14.256+0000] {dag.py:3239} INFO - Sync 1 DAGs
[2026-05-31T08:24:14.283+0000] {logging_mixin.py:190} INFO - [2026-05-31T08:24:14.283+0000] {dag.py:4180} INFO - Setting next_dagrun for hello_airflow to 2026-05-31 08:23:00+00:00, run_after=2026-05-31 08:24:00+00:00
[2026-05-31T08:24:14.299+0000] {processor.py:208} INFO - Processing /opt/airflow/dags/hello_airflow.py took 0.095 seconds
[2026-05-31T08:24:44.800+0000] {processor.py:186} INFO - Started process (PID=11835) to work on /opt/airflow/dags/hello_airflow.py
[2026-05-31T08:24:44.809+0000] {processor.py:914} INFO - Processing file /opt/airflow/dags/hello_airflow.py for tasks to queue
[2026-05-31T08:24:44.812+0000] {logging_mixin.py:190} INFO - [2026-05-31T08:24:44.812+0000] {dagbag.py:588} INFO - Filling up the DagBag from /opt/airflow/dags/hello_airflow.py
[2026-05-31T08:24:44.826+0000] {processor.py:925} INFO - DAG(s) 'hello_airflow' retrieved from /opt/airflow/dags/hello_airflow.py
[2026-05-31T08:24:44.862+0000] {logging_mixin.py:190} INFO - [2026-05-31T08:24:44.862+0000] {dag.py:3239} INFO - Sync 1 DAGs
[2026-05-31T08:24:44.887+0000] {logging_mixin.py:190} INFO - [2026-05-31T08:24:44.887+0000] {dag.py:4180} INFO - Setting next_dagrun for hello_airflow to 2026-05-31 08:23:00+00:00, run_after=2026-05-31 08:24:00+00:00
[2026-05-31T08:24:44.905+0000] {processor.py:208} INFO - Processing /opt/airflow/dags/hello_airflow.py took 0.122 seconds
[2026-05-31T08:25:15.000+0000] {processor.py:186} INFO - Started process (PID=11860) to work on /opt/airflow/dags/hello_airflow.py
[2026-05-31T08:25:15.003+0000] {processor.py:914} INFO - Processing file /opt/airflow/dags/hello_airflow.py for tasks to queue
[2026-05-31T08:25:15.005+0000] {logging_mixin.py:190} INFO - [2026-05-31T08:25:15.005+0000] {dagbag.py:588} INFO - Filling up the DagBag from /opt/airflow/dags/hello_airflow.py
[2026-05-31T08:25:15.028+0000] {processor.py:925} INFO - DAG(s) 'hello_airflow' retrieved from /opt/airflow/dags/hello_airflow.py
[2026-05-31T08:25:15.100+0000] {logging_mixin.py:190} INFO - [2026-05-31T08:25:15.100+0000] {dag.py:3239} INFO - Sync 1 DAGs
[2026-05-31T08:25:15.171+0000] {logging_mixin.py:190} INFO - [2026-05-31T08:25:15.169+0000] {dag.py:4180} INFO - Setting next_dagrun for hello_airflow to 2026-05-31 08:24:00+00:00, run_after=2026-05-31 08:25:00+00:00
[2026-05-31T08:25:15.321+0000] {processor.py:208} INFO - Processing /opt/airflow/dags/hello_airflow.py took 0.344 seconds
[2026-05-31T08:25:45.401+0000] {processor.py:186} INFO - Started process (PID=11884) to work on /opt/airflow/dags/hello_airflow.py
[2026-05-31T08:25:45.402+0000] {processor.py:914} INFO - Processing file /opt/airflow/dags/hello_airflow.py for tasks to queue
[2026-05-31T08:25:45.405+0000] {logging_mixin.py:190} INFO - [2026-05-31T08:25:45.404+0000] {dagbag.py:588} INFO - Filling up the DagBag from /opt/airflow/dags/hello_airflow.py
[2026-05-31T08:25:45.417+0000] {processor.py:925} INFO - DAG(s) 'hello_airflow' retrieved from /opt/airflow/dags/hello_airflow.py
[2026-05-31T08:25:45.463+0000] {logging_mixin.py:190} INFO - [2026-05-31T08:25:45.463+0000] {dag.py:3239} INFO - Sync 1 DAGs
[2026-05-31T08:25:45.550+0000] {logging_mixin.py:190} INFO - [2026-05-31T08:25:45.543+0000] {dag.py:4180} INFO - Setting next_dagrun for hello_airflow to 2026-05-31 08:24:00+00:00, run_after=2026-05-31 08:25:00+00:00
[2026-05-31T08:25:45.588+0000] {processor.py:208} INFO - Processing /opt/airflow/dags/hello_airflow.py took 0.193 seconds
[2026-05-31T08:26:15.781+0000] {processor.py:186} INFO - Started process (PID=11909) to work on /opt/airflow/dags/hello_airflow.py
[2026-05-31T08:26:15.782+0000] {processor.py:914} INFO - Processing file /opt/airflow/dags/hello_airflow.py for tasks to queue
[2026-05-31T08:26:15.788+0000] {logging_mixin.py:190} INFO - [2026-05-31T08:26:15.787+0000] {dagbag.py:588} INFO - Filling up the DagBag from /opt/airflow/dags/hello_airflow.py
[2026-05-31T08:26:15.797+0000] {processor.py:925} INFO - DAG(s) 'hello_airflow' retrieved from /opt/airflow/dags/hello_airflow.py
[2026-05-31T08:26:15.826+0000] {logging_mixin.py:190} INFO - [2026-05-31T08:26:15.826+0000] {dag.py:3239} INFO - Sync 1 DAGs
[2026-05-31T08:26:15.850+0000] {logging_mixin.py:190} INFO - [2026-05-31T08:26:15.850+0000] {dag.py:4180} INFO - Setting next_dagrun for hello_airflow to 2026-05-31 08:25:00+00:00, run_after=2026-05-31 08:26:00+00:00
[2026-05-31T08:26:15.864+0000] {processor.py:208} INFO - Processing /opt/airflow/dags/hello_airflow.py took 0.110 seconds
[2026-05-31T08:26:46.338+0000] {processor.py:186} INFO - Started process (PID=11946) to work on /opt/airflow/dags/hello_airflow.py
[2026-05-31T08:26:46.339+0000] {processor.py:914} INFO - Processing file /opt/airflow/dags/hello_airflow.py for tasks to queue
[2026-05-31T08:26:46.342+0000] {logging_mixin.py:190} INFO - [2026-05-31T08:26:46.341+0000] {dagbag.py:588} INFO - Filling up the DagBag from /opt/airflow/dags/hello_airflow.py
[2026-05-31T08:26:46.363+0000] {processor.py:925} INFO - DAG(s) 'hello_airflow' retrieved from /opt/airflow/dags/hello_airflow.py
[2026-05-31T08:26:46.469+0000] {logging_mixin.py:190} INFO - [2026-05-31T08:26:46.469+0000] {dag.py:3239} INFO - Sync 1 DAGs
[2026-05-31T08:26:46.529+0000] {logging_mixin.py:190} INFO - [2026-05-31T08:26:46.528+0000] {dag.py:4180} INFO - Setting next_dagrun for hello_airflow to 2026-05-31 08:25:00+00:00, run_after=2026-05-31 08:26:00+00:00
[2026-05-31T08:26:46.548+0000] {processor.py:208} INFO - Processing /opt/airflow/dags/hello_airflow.py took 0.219 seconds
[2026-05-31T08:27:16.790+0000] {processor.py:186} INFO - Started process (PID=11969) to work on /opt/airflow/dags/hello_airflow.py
[2026-05-31T08:27:16.791+0000] {processor.py:914} INFO - Processing file /opt/airflow/dags/hello_airflow.py for tasks to queue
[2026-05-31T08:27:16.796+0000] {logging_mixin.py:190} INFO - [2026-05-31T08:27:16.795+0000] {dagbag.py:588} INFO - Filling up the DagBag from /opt/airflow/dags/hello_airflow.py
[2026-05-31T08:27:16.813+0000] {processor.py:925} INFO - DAG(s) 'hello_airflow' retrieved from /opt/airflow/dags/hello_airflow.py
[2026-05-31T08:27:16.843+0000] {logging_mixin.py:190} INFO - [2026-05-31T08:27:16.843+0000] {dag.py:3239} INFO - Sync 1 DAGs
[2026-05-31T08:27:16.876+0000] {logging_mixin.py:190} INFO - [2026-05-31T08:27:16.876+0000] {dag.py:4180} INFO - Setting next_dagrun for hello_airflow to 2026-05-31 08:26:00+00:00, run_after=2026-05-31 08:27:00+00:00
[2026-05-31T08:27:16.891+0000] {processor.py:208} INFO - Processing /opt/airflow/dags/hello_airflow.py took 0.106 seconds
[2026-05-31T08:27:47.255+0000] {processor.py:186} INFO - Started process (PID=11992) to work on /opt/airflow/dags/hello_airflow.py
[2026-05-31T08:27:47.259+0000] {processor.py:914} INFO - Processing file /opt/airflow/dags/hello_airflow.py for tasks to queue
[2026-05-31T08:27:47.262+0000] {logging_mixin.py:190} INFO - [2026-05-31T08:27:47.261+0000] {dagbag.py:588} INFO - Filling up the DagBag from /opt/airflow/dags/hello_airflow.py
[2026-05-31T08:27:47.269+0000] {processor.py:925} INFO - DAG(s) 'hello_airflow' retrieved from /opt/airflow/dags/hello_airflow.py
[2026-05-31T08:27:47.286+0000] {logging_mixin.py:190} INFO - [2026-05-31T08:27:47.286+0000] {dag.py:3239} INFO - Sync 1 DAGs
[2026-05-31T08:27:47.307+0000] {logging_mixin.py:190} INFO - [2026-05-31T08:27:47.306+0000] {dag.py:4180} INFO - Setting next_dagrun for hello_airflow to 2026-05-31 08:26:00+00:00, run_after=2026-05-31 08:27:00+00:00
[2026-05-31T08:27:47.322+0000] {processor.py:208} INFO - Processing /opt/airflow/dags/hello_airflow.py took 0.082 seconds
[2026-05-31T08:28:17.677+0000] {processor.py:186} INFO - Started process (PID=12017) to work on /opt/airflow/dags/hello_airflow.py
[2026-05-31T08:28:17.681+0000] {processor.py:914} INFO - Processing file /opt/airflow/dags/hello_airflow.py for tasks to queue
[2026-05-31T08:28:17.690+0000] {logging_mixin.py:190} INFO - [2026-05-31T08:28:17.690+0000] {dagbag.py:588} INFO - Filling up the DagBag from /opt/airflow/dags/hello_airflow.py
[2026-05-31T08:28:17.722+0000] {processor.py:925} INFO - DAG(s) 'hello_airflow' retrieved from /opt/airflow/dags/hello_airflow.py
[2026-05-31T08:28:17.763+0000] {logging_mixin.py:190} INFO - [2026-05-31T08:28:17.763+0000] {dag.py:3239} INFO - Sync 1 DAGs
[2026-05-31T08:28:17.796+0000] {logging_mixin.py:190} INFO - [2026-05-31T08:28:17.795+0000] {dag.py:4180} INFO - Setting next_dagrun for hello_airflow to 2026-05-31 08:27:00+00:00, run_after=2026-05-31 08:28:00+00:00
[2026-05-31T08:28:17.820+0000] {processor.py:208} INFO - Processing /opt/airflow/dags/hello_airflow.py took 0.166 seconds
[2026-05-31T08:28:48.263+0000] {processor.py:186} INFO - Started process (PID=12039) to work on /opt/airflow/dags/hello_airflow.py
[2026-05-31T08:28:48.263+0000] {processor.py:914} INFO - Processing file /opt/airflow/dags/hello_airflow.py for tasks to queue
[2026-05-31T08:28:48.265+0000] {logging_mixin.py:190} INFO - [2026-05-31T08:28:48.265+0000] {dagbag.py:588} INFO - Filling up the DagBag from /opt/airflow/dags/hello_airflow.py
[2026-05-31T08:28:48.273+0000] {processor.py:925} INFO - DAG(s) 'hello_airflow' retrieved from /opt/airflow/dags/hello_airflow.py
[2026-05-31T08:28:48.291+0000] {logging_mixin.py:190} INFO - [2026-05-31T08:28:48.291+0000] {dag.py:3239} INFO - Sync 1 DAGs
[2026-05-31T08:28:48.311+0000] {logging_mixin.py:190} INFO - [2026-05-31T08:28:48.311+0000] {dag.py:4180} INFO - Setting next_dagrun for hello_airflow to 2026-05-31 08:27:00+00:00, run_after=2026-05-31 08:28:00+00:00
[2026-05-31T08:28:48.324+0000] {processor.py:208} INFO - Processing /opt/airflow/dags/hello_airflow.py took 0.067 seconds
[2026-05-31T08:29:19.241+0000] {processor.py:186} INFO - Started process (PID=12059) to work on /opt/airflow/dags/hello_airflow.py
[2026-05-31T08:29:19.243+0000] {processor.py:914} INFO - Processing file /opt/airflow/dags/hello_airflow.py for tasks to queue
[2026-05-31T08:29:19.247+0000] {logging_mixin.py:190} INFO - [2026-05-31T08:29:19.247+0000] {dagbag.py:588} INFO - Filling up the DagBag from /opt/airflow/dags/hello_airflow.py
[2026-05-31T08:29:19.261+0000] {processor.py:925} INFO - DAG(s) 'hello_airflow' retrieved from /opt/airflow/dags/hello_airflow.py
[2026-05-31T08:29:19.356+0000] {logging_mixin.py:190} INFO - [2026-05-31T08:29:19.354+0000] {dag.py:3239} INFO - Sync 1 DAGs
[2026-05-31T08:29:19.442+0000] {logging_mixin.py:190} INFO - [2026-05-31T08:29:19.442+0000] {dag.py:4180} INFO - Setting next_dagrun for hello_airflow to 2026-05-31 08:28:00+00:00, run_after=2026-05-31 08:29:00+00:00
[2026-05-31T08:29:19.484+0000] {processor.py:208} INFO - Processing /opt/airflow/dags/hello_airflow.py took 0.255 seconds
[2026-05-31T08:29:49.995+0000] {processor.py:186} INFO - Started process (PID=12082) to work on /opt/airflow/dags/hello_airflow.py
[2026-05-31T08:29:50.003+0000] {processor.py:914} INFO - Processing file /opt/airflow/dags/hello_airflow.py for tasks to queue
[2026-05-31T08:29:50.009+0000] {logging_mixin.py:190} INFO - [2026-05-31T08:29:50.009+0000] {dagbag.py:588} INFO - Filling up the DagBag from /opt/airflow/dags/hello_airflow.py
[2026-05-31T08:29:50.034+0000] {processor.py:925} INFO - DAG(s) 'hello_airflow' retrieved from /opt/airflow/dags/hello_airflow.py
[2026-05-31T08:29:50.091+0000] {logging_mixin.py:190} INFO - [2026-05-31T08:29:50.091+0000] {dag.py:3239} INFO - Sync 1 DAGs
[2026-05-31T08:29:50.124+0000] {logging_mixin.py:190} INFO - [2026-05-31T08:29:50.124+0000] {dag.py:4180} INFO - Setting next_dagrun for hello_airflow to 2026-05-31 08:28:00+00:00, run_after=2026-05-31 08:29:00+00:00
[2026-05-31T08:29:50.146+0000] {processor.py:208} INFO - Processing /opt/airflow/dags/hello_airflow.py took 0.166 seconds
[2026-05-31T08:30:20.550+0000] {processor.py:186} INFO - Started process (PID=12106) to work on /opt/airflow/dags/hello_airflow.py
[2026-05-31T08:30:20.552+0000] {processor.py:914} INFO - Processing file /opt/airflow/dags/hello_airflow.py for tasks to queue
[2026-05-31T08:30:20.555+0000] {logging_mixin.py:190} INFO - [2026-05-31T08:30:20.554+0000] {dagbag.py:588} INFO - Filling up the DagBag from /opt/airflow/dags/hello_airflow.py
[2026-05-31T08:30:20.568+0000] {processor.py:925} INFO - DAG(s) 'hello_airflow' retrieved from /opt/airflow/dags/hello_airflow.py
[2026-05-31T08:30:20.597+0000] {logging_mixin.py:190} INFO - [2026-05-31T08:30:20.597+0000] {dag.py:3239} INFO - Sync 1 DAGs
[2026-05-31T08:30:20.647+0000] {logging_mixin.py:190} INFO - [2026-05-31T08:30:20.646+0000] {dag.py:4180} INFO - Setting next_dagrun for hello_airflow to 2026-05-31 08:29:00+00:00, run_after=2026-05-31 08:30:00+00:00
[2026-05-31T08:30:20.664+0000] {processor.py:208} INFO - Processing /opt/airflow/dags/hello_airflow.py took 0.132 seconds
[2026-05-31T08:30:51.599+0000] {processor.py:186} INFO - Started process (PID=12134) to work on /opt/airflow/dags/hello_airflow.py
[2026-05-31T08:30:51.601+0000] {processor.py:914} INFO - Processing file /opt/airflow/dags/hello_airflow.py for tasks to queue
[2026-05-31T08:30:51.604+0000] {logging_mixin.py:190} INFO - [2026-05-31T08:30:51.603+0000] {dagbag.py:588} INFO - Filling up the DagBag from /opt/airflow/dags/hello_airflow.py
[2026-05-31T08:30:51.613+0000] {processor.py:925} INFO - DAG(s) 'hello_airflow' retrieved from /opt/airflow/dags/hello_airflow.py
[2026-05-31T08:30:51.634+0000] {logging_mixin.py:190} INFO - [2026-05-31T08:30:51.634+0000] {dag.py:3239} INFO - Sync 1 DAGs
[2026-05-31T08:30:51.673+0000] {logging_mixin.py:190} INFO - [2026-05-31T08:30:51.673+0000] {dag.py:4180} INFO - Setting next_dagrun for hello_airflow to 2026-05-31 08:29:00+00:00, run_after=2026-05-31 08:30:00+00:00
[2026-05-31T08:30:51.690+0000] {processor.py:208} INFO - Processing /opt/airflow/dags/hello_airflow.py took 0.104 seconds
[2026-05-31T08:31:22.388+0000] {processor.py:186} INFO - Started process (PID=12158) to work on /opt/airflow/dags/hello_airflow.py
[2026-05-31T08:31:22.389+0000] {processor.py:914} INFO - Processing file /opt/airflow/dags/hello_airflow.py for tasks to queue
[2026-05-31T08:31:22.391+0000] {logging_mixin.py:190} INFO - [2026-05-31T08:31:22.391+0000] {dagbag.py:588} INFO - Filling up the DagBag from /opt/airflow/dags/hello_airflow.py
[2026-05-31T08:31:22.409+0000] {processor.py:925} INFO - DAG(s) 'hello_airflow' retrieved from /opt/airflow/dags/hello_airflow.py
[2026-05-31T08:31:22.430+0000] {logging_mixin.py:190} INFO - [2026-05-31T08:31:22.430+0000] {dag.py:3239} INFO - Sync 1 DAGs
[2026-05-31T08:31:22.460+0000] {logging_mixin.py:190} INFO - [2026-05-31T08:31:22.460+0000] {dag.py:4180} INFO - Setting next_dagrun for hello_airflow to 2026-05-31 08:30:00+00:00, run_after=2026-05-31 08:31:00+00:00
[2026-05-31T08:31:22.476+0000] {processor.py:208} INFO - Processing /opt/airflow/dags/hello_airflow.py took 0.094 seconds
[2026-05-31T08:31:52.690+0000] {processor.py:186} INFO - Started process (PID=12182) to work on /opt/airflow/dags/hello_airflow.py
[2026-05-31T08:31:52.690+0000] {processor.py:914} INFO - Processing file /opt/airflow/dags/hello_airflow.py for tasks to queue
[2026-05-31T08:31:52.692+0000] {logging_mixin.py:190} INFO - [2026-05-31T08:31:52.692+0000] {dagbag.py:588} INFO - Filling up the DagBag from /opt/airflow/dags/hello_airflow.py
[2026-05-31T08:31:52.701+0000] {processor.py:925} INFO - DAG(s) 'hello_airflow' retrieved from /opt/airflow/dags/hello_airflow.py
[2026-05-31T08:31:52.722+0000] {logging_mixin.py:190} INFO - [2026-05-31T08:31:52.722+0000] {dag.py:3239} INFO - Sync 1 DAGs
[2026-05-31T08:31:52.746+0000] {logging_mixin.py:190} INFO - [2026-05-31T08:31:52.746+0000] {dag.py:4180} INFO - Setting next_dagrun for hello_airflow to 2026-05-31 08:30:00+00:00, run_after=2026-05-31 08:31:00+00:00
[2026-05-31T08:31:52.760+0000] {processor.py:208} INFO - Processing /opt/airflow/dags/hello_airflow.py took 0.076 seconds
[2026-05-31T08:32:22.870+0000] {processor.py:186} INFO - Started process (PID=12206) to work on /opt/airflow/dags/hello_airflow.py
[2026-05-31T08:32:22.871+0000] {processor.py:914} INFO - Processing file /opt/airflow/dags/hello_airflow.py for tasks to queue
[2026-05-31T08:32:22.873+0000] {logging_mixin.py:190} INFO - [2026-05-31T08:32:22.873+0000] {dagbag.py:588} INFO - Filling up the DagBag from /opt/airflow/dags/hello_airflow.py
[2026-05-31T08:32:22.881+0000] {processor.py:925} INFO - DAG(s) 'hello_airflow' retrieved from /opt/airflow/dags/hello_airflow.py
[2026-05-31T08:32:22.897+0000] {logging_mixin.py:190} INFO - [2026-05-31T08:32:22.897+0000] {dag.py:3239} INFO - Sync 1 DAGs
[2026-05-31T08:32:22.921+0000] {logging_mixin.py:190} INFO - [2026-05-31T08:32:22.921+0000] {dag.py:4180} INFO - Setting next_dagrun for hello_airflow to 2026-05-31 08:31:00+00:00, run_after=2026-05-31 08:32:00+00:00
[2026-05-31T08:32:22.933+0000] {processor.py:208} INFO - Processing /opt/airflow/dags/hello_airflow.py took 0.068 seconds
[2026-05-31T08:32:53.136+0000] {processor.py:186} INFO - Started process (PID=12231) to work on /opt/airflow/dags/hello_airflow.py
[2026-05-31T08:32:53.137+0000] {processor.py:914} INFO - Processing file /opt/airflow/dags/hello_airflow.py for tasks to queue
[2026-05-31T08:32:53.139+0000] {logging_mixin.py:190} INFO - [2026-05-31T08:32:53.139+0000] {dagbag.py:588} INFO - Filling up the DagBag from /opt/airflow/dags/hello_airflow.py
[2026-05-31T08:32:53.147+0000] {processor.py:925} INFO - DAG(s) 'hello_airflow' retrieved from /opt/airflow/dags/hello_airflow.py
[2026-05-31T08:32:53.167+0000] {logging_mixin.py:190} INFO - [2026-05-31T08:32:53.166+0000] {dag.py:3239} INFO - Sync 1 DAGs
[2026-05-31T08:32:53.189+0000] {logging_mixin.py:190} INFO - [2026-05-31T08:32:53.189+0000] {dag.py:4180} INFO - Setting next_dagrun for hello_airflow to 2026-05-31 08:31:00+00:00, run_after=2026-05-31 08:32:00+00:00
[2026-05-31T08:32:53.206+0000] {processor.py:208} INFO - Processing /opt/airflow/dags/hello_airflow.py took 0.076 seconds
[2026-05-31T08:33:23.339+0000] {processor.py:186} INFO - Started process (PID=12255) to work on /opt/airflow/dags/hello_airflow.py
[2026-05-31T08:33:23.341+0000] {processor.py:914} INFO - Processing file /opt/airflow/dags/hello_airflow.py for tasks to queue
[2026-05-31T08:33:23.343+0000] {logging_mixin.py:190} INFO - [2026-05-31T08:33:23.342+0000] {dagbag.py:588} INFO - Filling up the DagBag from /opt/airflow/dags/hello_airflow.py
[2026-05-31T08:33:23.351+0000] {processor.py:925} INFO - DAG(s) 'hello_airflow' retrieved from /opt/airflow/dags/hello_airflow.py
[2026-05-31T08:33:23.369+0000] {logging_mixin.py:190} INFO - [2026-05-31T08:33:23.369+0000] {dag.py:3239} INFO - Sync 1 DAGs
[2026-05-31T08:33:23.390+0000] {logging_mixin.py:190} INFO - [2026-05-31T08:33:23.390+0000] {dag.py:4180} INFO - Setting next_dagrun for hello_airflow to 2026-05-31 08:32:00+00:00, run_after=2026-05-31 08:33:00+00:00
[2026-05-31T08:33:23.403+0000] {processor.py:208} INFO - Processing /opt/airflow/dags/hello_airflow.py took 0.069 seconds
[2026-05-31T08:33:54.532+0000] {processor.py:186} INFO - Started process (PID=12276) to work on /opt/airflow/dags/hello_airflow.py
[2026-05-31T08:33:54.539+0000] {processor.py:914} INFO - Processing file /opt/airflow/dags/hello_airflow.py for tasks to queue
[2026-05-31T08:33:54.548+0000] {logging_mixin.py:190} INFO - [2026-05-31T08:33:54.548+0000] {dagbag.py:588} INFO - Filling up the DagBag from /opt/airflow/dags/hello_airflow.py
[2026-05-31T08:33:54.571+0000] {processor.py:925} INFO - DAG(s) 'hello_airflow' retrieved from /opt/airflow/dags/hello_airflow.py
[2026-05-31T08:33:54.608+0000] {logging_mixin.py:190} INFO - [2026-05-31T08:33:54.608+0000] {dag.py:3239} INFO - Sync 1 DAGs
[2026-05-31T08:33:54.648+0000] {logging_mixin.py:190} INFO - [2026-05-31T08:33:54.648+0000] {dag.py:4180} INFO - Setting next_dagrun for hello_airflow to 2026-05-31 08:32:00+00:00, run_after=2026-05-31 08:33:00+00:00
[2026-05-31T08:33:54.678+0000] {processor.py:208} INFO - Processing /opt/airflow/dags/hello_airflow.py took 0.160 seconds
[2026-05-31T08:34:25.578+0000] {processor.py:186} INFO - Started process (PID=12296) to work on /opt/airflow/dags/hello_airflow.py
[2026-05-31T08:34:25.579+0000] {processor.py:914} INFO - Processing file /opt/airflow/dags/hello_airflow.py for tasks to queue
[2026-05-31T08:34:25.581+0000] {logging_mixin.py:190} INFO - [2026-05-31T08:34:25.581+0000] {dagbag.py:588} INFO - Filling up the DagBag from /opt/airflow/dags/hello_airflow.py
[2026-05-31T08:34:25.588+0000] {processor.py:925} INFO - DAG(s) 'hello_airflow' retrieved from /opt/airflow/dags/hello_airflow.py
[2026-05-31T08:34:25.606+0000] {logging_mixin.py:190} INFO - [2026-05-31T08:34:25.605+0000] {dag.py:3239} INFO - Sync 1 DAGs
[2026-05-31T08:34:25.626+0000] {logging_mixin.py:190} INFO - [2026-05-31T08:34:25.626+0000] {dag.py:4180} INFO - Setting next_dagrun for hello_airflow to 2026-05-31 08:33:00+00:00, run_after=2026-05-31 08:34:00+00:00
[2026-05-31T08:34:25.638+0000] {processor.py:208} INFO - Processing /opt/airflow/dags/hello_airflow.py took 0.066 seconds
[2026-05-31T08:34:55.821+0000] {processor.py:186} INFO - Started process (PID=12321) to work on /opt/airflow/dags/hello_airflow.py
[2026-05-31T08:34:55.822+0000] {processor.py:914} INFO - Processing file /opt/airflow/dags/hello_airflow.py for tasks to queue
[2026-05-31T08:34:55.823+0000] {logging_mixin.py:190} INFO - [2026-05-31T08:34:55.823+0000] {dagbag.py:588} INFO - Filling up the DagBag from /opt/airflow/dags/hello_airflow.py
[2026-05-31T08:34:55.831+0000] {processor.py:925} INFO - DAG(s) 'hello_airflow' retrieved from /opt/airflow/dags/hello_airflow.py
[2026-05-31T08:34:55.850+0000] {logging_mixin.py:190} INFO - [2026-05-31T08:34:55.850+0000] {dag.py:3239} INFO - Sync 1 DAGs
[2026-05-31T08:34:55.873+0000] {logging_mixin.py:190} INFO - [2026-05-31T08:34:55.873+0000] {dag.py:4180} INFO - Setting next_dagrun for hello_airflow to 2026-05-31 08:33:00+00:00, run_after=2026-05-31 08:34:00+00:00
[2026-05-31T08:34:55.888+0000] {processor.py:208} INFO - Processing /opt/airflow/dags/hello_airflow.py took 0.072 seconds
[2026-05-31T08:35:26.101+0000] {processor.py:186} INFO - Started process (PID=12345) to work on /opt/airflow/dags/hello_airflow.py
[2026-05-31T08:35:26.103+0000] {processor.py:914} INFO - Processing file /opt/airflow/dags/hello_airflow.py for tasks to queue
[2026-05-31T08:35:26.105+0000] {logging_mixin.py:190} INFO - [2026-05-31T08:35:26.105+0000] {dagbag.py:588} INFO - Filling up the DagBag from /opt/airflow/dags/hello_airflow.py
[2026-05-31T08:35:26.114+0000] {processor.py:925} INFO - DAG(s) 'hello_airflow' retrieved from /opt/airflow/dags/hello_airflow.py
[2026-05-31T08:35:26.135+0000] {logging_mixin.py:190} INFO - [2026-05-31T08:35:26.134+0000] {dag.py:3239} INFO - Sync 1 DAGs
[2026-05-31T08:35:26.157+0000] {logging_mixin.py:190} INFO - [2026-05-31T08:35:26.157+0000] {dag.py:4180} INFO - Setting next_dagrun for hello_airflow to 2026-05-31 08:34:00+00:00, run_after=2026-05-31 08:35:00+00:00
[2026-05-31T08:35:26.171+0000] {processor.py:208} INFO - Processing /opt/airflow/dags/hello_airflow.py took 0.077 seconds
[2026-05-31T08:35:56.594+0000] {processor.py:186} INFO - Started process (PID=12369) to work on /opt/airflow/dags/hello_airflow.py
[2026-05-31T08:35:56.595+0000] {processor.py:914} INFO - Processing file /opt/airflow/dags/hello_airflow.py for tasks to queue
[2026-05-31T08:35:56.597+0000] {logging_mixin.py:190} INFO - [2026-05-31T08:35:56.597+0000] {dagbag.py:588} INFO - Filling up the DagBag from /opt/airflow/dags/hello_airflow.py
[2026-05-31T08:35:56.604+0000] {processor.py:925} INFO - DAG(s) 'hello_airflow' retrieved from /opt/airflow/dags/hello_airflow.py
[2026-05-31T08:35:56.623+0000] {logging_mixin.py:190} INFO - [2026-05-31T08:35:56.623+0000] {dag.py:3239} INFO - Sync 1 DAGs
[2026-05-31T08:35:56.645+0000] {logging_mixin.py:190} INFO - [2026-05-31T08:35:56.644+0000] {dag.py:4180} INFO - Setting next_dagrun for hello_airflow to 2026-05-31 08:34:00+00:00, run_after=2026-05-31 08:35:00+00:00
[2026-05-31T08:35:56.660+0000] {processor.py:208} INFO - Processing /opt/airflow/dags/hello_airflow.py took 0.070 seconds
[2026-05-31T08:36:26.701+0000] {processor.py:186} INFO - Started process (PID=12393) to work on /opt/airflow/dags/hello_airflow.py
[2026-05-31T08:36:26.702+0000] {processor.py:914} INFO - Processing file /opt/airflow/dags/hello_airflow.py for tasks to queue
[2026-05-31T08:36:26.704+0000] {logging_mixin.py:190} INFO - [2026-05-31T08:36:26.704+0000] {dagbag.py:588} INFO - Filling up the DagBag from /opt/airflow/dags/hello_airflow.py
[2026-05-31T08:36:26.712+0000] {processor.py:925} INFO - DAG(s) 'hello_airflow' retrieved from /opt/airflow/dags/hello_airflow.py
[2026-05-31T08:36:26.729+0000] {logging_mixin.py:190} INFO - [2026-05-31T08:36:26.728+0000] {dag.py:3239} INFO - Sync 1 DAGs
[2026-05-31T08:36:26.749+0000] {logging_mixin.py:190} INFO - [2026-05-31T08:36:26.749+0000] {dag.py:4180} INFO - Setting next_dagrun for hello_airflow to 2026-05-31 08:35:00+00:00, run_after=2026-05-31 08:36:00+00:00
[2026-05-31T08:36:26.762+0000] {processor.py:208} INFO - Processing /opt/airflow/dags/hello_airflow.py took 0.066 seconds
[2026-05-31T08:36:57.005+0000] {processor.py:186} INFO - Started process (PID=12418) to work on /opt/airflow/dags/hello_airflow.py
[2026-05-31T08:36:57.006+0000] {processor.py:914} INFO - Processing file /opt/airflow/dags/hello_airflow.py for tasks to queue
[2026-05-31T08:36:57.008+0000] {logging_mixin.py:190} INFO - [2026-05-31T08:36:57.008+0000] {dagbag.py:588} INFO - Filling up the DagBag from /opt/airflow/dags/hello_airflow.py
[2026-05-31T08:36:57.016+0000] {processor.py:925} INFO - DAG(s) 'hello_airflow' retrieved from /opt/airflow/dags/hello_airflow.py
[2026-05-31T08:36:57.033+0000] {logging_mixin.py:190} INFO - [2026-05-31T08:36:57.033+0000] {dag.py:3239} INFO - Sync 1 DAGs
[2026-05-31T08:36:57.056+0000] {logging_mixin.py:190} INFO - [2026-05-31T08:36:57.056+0000] {dag.py:4180} INFO - Setting next_dagrun for hello_airflow to 2026-05-31 08:35:00+00:00, run_after=2026-05-31 08:36:00+00:00
[2026-05-31T08:36:57.070+0000] {processor.py:208} INFO - Processing /opt/airflow/dags/hello_airflow.py took 0.070 seconds
[2026-05-31T08:37:27.502+0000] {processor.py:186} INFO - Started process (PID=12443) to work on /opt/airflow/dags/hello_airflow.py
[2026-05-31T08:37:27.503+0000] {processor.py:914} INFO - Processing file /opt/airflow/dags/hello_airflow.py for tasks to queue
[2026-05-31T08:37:27.506+0000] {logging_mixin.py:190} INFO - [2026-05-31T08:37:27.506+0000] {dagbag.py:588} INFO - Filling up the DagBag from /opt/airflow/dags/hello_airflow.py
[2026-05-31T08:37:27.515+0000] {processor.py:925} INFO - DAG(s) 'hello_airflow' retrieved from /opt/airflow/dags/hello_airflow.py
[2026-05-31T08:37:27.537+0000] {logging_mixin.py:190} INFO - [2026-05-31T08:37:27.536+0000] {dag.py:3239} INFO - Sync 1 DAGs
[2026-05-31T08:37:27.559+0000] {logging_mixin.py:190} INFO - [2026-05-31T08:37:27.558+0000] {dag.py:4180} INFO - Setting next_dagrun for hello_airflow to 2026-05-31 08:36:00+00:00, run_after=2026-05-31 08:37:00+00:00
[2026-05-31T08:37:27.571+0000] {processor.py:208} INFO - Processing /opt/airflow/dags/hello_airflow.py took 0.075 seconds
[2026-05-31T08:37:58.044+0000] {processor.py:186} INFO - Started process (PID=12468) to work on /opt/airflow/dags/hello_airflow.py
[2026-05-31T08:37:58.045+0000] {processor.py:914} INFO - Processing file /opt/airflow/dags/hello_airflow.py for tasks to queue
[2026-05-31T08:37:58.047+0000] {logging_mixin.py:190} INFO - [2026-05-31T08:37:58.047+0000] {dagbag.py:588} INFO - Filling up the DagBag from /opt/airflow/dags/hello_airflow.py
[2026-05-31T08:37:58.056+0000] {processor.py:925} INFO - DAG(s) 'hello_airflow' retrieved from /opt/airflow/dags/hello_airflow.py
[2026-05-31T08:37:58.073+0000] {logging_mixin.py:190} INFO - [2026-05-31T08:37:58.073+0000] {dag.py:3239} INFO - Sync 1 DAGs
[2026-05-31T08:37:58.093+0000] {logging_mixin.py:190} INFO - [2026-05-31T08:37:58.093+0000] {dag.py:4180} INFO - Setting next_dagrun for hello_airflow to 2026-05-31 08:36:00+00:00, run_after=2026-05-31 08:37:00+00:00
[2026-05-31T08:37:58.106+0000] {processor.py:208} INFO - Processing /opt/airflow/dags/hello_airflow.py took 0.067 seconds
[2026-05-31T08:38:28.565+0000] {processor.py:186} INFO - Started process (PID=12492) to work on /opt/airflow/dags/hello_airflow.py
[2026-05-31T08:38:28.567+0000] {processor.py:914} INFO - Processing file /opt/airflow/dags/hello_airflow.py for tasks to queue
[2026-05-31T08:38:28.569+0000] {logging_mixin.py:190} INFO - [2026-05-31T08:38:28.569+0000] {dagbag.py:588} INFO - Filling up the DagBag from /opt/airflow/dags/hello_airflow.py
[2026-05-31T08:38:28.578+0000] {processor.py:925} INFO - DAG(s) 'hello_airflow' retrieved from /opt/airflow/dags/hello_airflow.py
[2026-05-31T08:38:28.599+0000] {logging_mixin.py:190} INFO - [2026-05-31T08:38:28.598+0000] {dag.py:3239} INFO - Sync 1 DAGs
[2026-05-31T08:38:28.620+0000] {logging_mixin.py:190} INFO - [2026-05-31T08:38:28.620+0000] {dag.py:4180} INFO - Setting next_dagrun for hello_airflow to 2026-05-31 08:37:00+00:00, run_after=2026-05-31 08:38:00+00:00
[2026-05-31T08:38:28.633+0000] {processor.py:208} INFO - Processing /opt/airflow/dags/hello_airflow.py took 0.077 seconds
[2026-05-31T08:38:58.767+0000] {processor.py:186} INFO - Started process (PID=12516) to work on /opt/airflow/dags/hello_airflow.py
[2026-05-31T08:38:58.767+0000] {processor.py:914} INFO - Processing file /opt/airflow/dags/hello_airflow.py for tasks to queue
[2026-05-31T08:38:58.772+0000] {logging_mixin.py:190} INFO - [2026-05-31T08:38:58.771+0000] {dagbag.py:588} INFO - Filling up the DagBag from /opt/airflow/dags/hello_airflow.py
[2026-05-31T08:38:58.781+0000] {processor.py:925} INFO - DAG(s) 'hello_airflow' retrieved from /opt/airflow/dags/hello_airflow.py
[2026-05-31T08:38:58.798+0000] {logging_mixin.py:190} INFO - [2026-05-31T08:38:58.797+0000] {dag.py:3239} INFO - Sync 1 DAGs
[2026-05-31T08:38:58.817+0000] {logging_mixin.py:190} INFO - [2026-05-31T08:38:58.817+0000] {dag.py:4180} INFO - Setting next_dagrun for hello_airflow to 2026-05-31 08:37:00+00:00, run_after=2026-05-31 08:38:00+00:00
[2026-05-31T08:38:58.829+0000] {processor.py:208} INFO - Processing /opt/airflow/dags/hello_airflow.py took 0.069 seconds
[2026-05-31T08:39:29.305+0000] {processor.py:186} INFO - Started process (PID=12540) to work on /opt/airflow/dags/hello_airflow.py
[2026-05-31T08:39:29.306+0000] {processor.py:914} INFO - Processing file /opt/airflow/dags/hello_airflow.py for tasks to queue
[2026-05-31T08:39:29.310+0000] {logging_mixin.py:190} INFO - [2026-05-31T08:39:29.310+0000] {dagbag.py:588} INFO - Filling up the DagBag from /opt/airflow/dags/hello_airflow.py
[2026-05-31T08:39:29.321+0000] {processor.py:925} INFO - DAG(s) 'hello_airflow' retrieved from /opt/airflow/dags/hello_airflow.py
[2026-05-31T08:39:29.350+0000] {logging_mixin.py:190} INFO - [2026-05-31T08:39:29.350+0000] {dag.py:3239} INFO - Sync 1 DAGs
[2026-05-31T08:39:29.395+0000] {logging_mixin.py:190} INFO - [2026-05-31T08:39:29.395+0000] {dag.py:4180} INFO - Setting next_dagrun for hello_airflow to 2026-05-31 08:38:00+00:00, run_after=2026-05-31 08:39:00+00:00
[2026-05-31T08:39:29.415+0000] {processor.py:208} INFO - Processing /opt/airflow/dags/hello_airflow.py took 0.117 seconds
[2026-05-31T08:39:59.662+0000] {processor.py:186} INFO - Started process (PID=12564) to work on /opt/airflow/dags/hello_airflow.py
[2026-05-31T08:39:59.664+0000] {processor.py:914} INFO - Processing file /opt/airflow/dags/hello_airflow.py for tasks to queue
[2026-05-31T08:39:59.670+0000] {logging_mixin.py:190} INFO - [2026-05-31T08:39:59.669+0000] {dagbag.py:588} INFO - Filling up the DagBag from /opt/airflow/dags/hello_airflow.py
[2026-05-31T08:39:59.688+0000] {processor.py:925} INFO - DAG(s) 'hello_airflow' retrieved from /opt/airflow/dags/hello_airflow.py
[2026-05-31T08:39:59.730+0000] {logging_mixin.py:190} INFO - [2026-05-31T08:39:59.730+0000] {dag.py:3239} INFO - Sync 1 DAGs
[2026-05-31T08:39:59.774+0000] {logging_mixin.py:190} INFO - [2026-05-31T08:39:59.773+0000] {dag.py:4180} INFO - Setting next_dagrun for hello_airflow to 2026-05-31 08:38:00+00:00, run_after=2026-05-31 08:39:00+00:00
[2026-05-31T08:39:59.801+0000] {processor.py:208} INFO - Processing /opt/airflow/dags/hello_airflow.py took 0.150 seconds
[2026-05-31T08:40:31.301+0000] {processor.py:186} INFO - Started process (PID=12586) to work on /opt/airflow/dags/hello_airflow.py
[2026-05-31T08:40:31.305+0000] {processor.py:914} INFO - Processing file /opt/airflow/dags/hello_airflow.py for tasks to queue
[2026-05-31T08:40:31.312+0000] {logging_mixin.py:190} INFO - [2026-05-31T08:40:31.312+0000] {dagbag.py:588} INFO - Filling up the DagBag from /opt/airflow/dags/hello_airflow.py
[2026-05-31T08:40:31.347+0000] {processor.py:925} INFO - DAG(s) 'hello_airflow' retrieved from /opt/airflow/dags/hello_airflow.py
[2026-05-31T08:40:31.395+0000] {logging_mixin.py:190} INFO - [2026-05-31T08:40:31.395+0000] {dag.py:3239} INFO - Sync 1 DAGs
[2026-05-31T08:40:31.450+0000] {logging_mixin.py:190} INFO - [2026-05-31T08:40:31.449+0000] {dag.py:4180} INFO - Setting next_dagrun for hello_airflow to 2026-05-31 08:39:00+00:00, run_after=2026-05-31 08:40:00+00:00
[2026-05-31T08:40:31.975+0000] {processor.py:208} INFO - Processing /opt/airflow/dags/hello_airflow.py took 0.702 seconds
[2026-05-31T08:41:02.768+0000] {processor.py:186} INFO - Started process (PID=12606) to work on /opt/airflow/dags/hello_airflow.py
[2026-05-31T08:41:02.769+0000] {processor.py:914} INFO - Processing file /opt/airflow/dags/hello_airflow.py for tasks to queue
[2026-05-31T08:41:02.774+0000] {logging_mixin.py:190} INFO - [2026-05-31T08:41:02.774+0000] {dagbag.py:588} INFO - Filling up the DagBag from /opt/airflow/dags/hello_airflow.py
[2026-05-31T08:41:02.783+0000] {processor.py:925} INFO - DAG(s) 'hello_airflow' retrieved from /opt/airflow/dags/hello_airflow.py
[2026-05-31T08:41:02.807+0000] {logging_mixin.py:190} INFO - [2026-05-31T08:41:02.807+0000] {dag.py:3239} INFO - Sync 1 DAGs
[2026-05-31T08:41:02.833+0000] {logging_mixin.py:190} INFO - [2026-05-31T08:41:02.832+0000] {dag.py:4180} INFO - Setting next_dagrun for hello_airflow to 2026-05-31 08:40:00+00:00, run_after=2026-05-31 08:41:00+00:00
[2026-05-31T08:41:02.849+0000] {processor.py:208} INFO - Processing /opt/airflow/dags/hello_airflow.py took 0.086 seconds
[2026-05-31T08:41:32.966+0000] {processor.py:186} INFO - Started process (PID=12631) to work on /opt/airflow/dags/hello_airflow.py
[2026-05-31T08:41:32.969+0000] {processor.py:914} INFO - Processing file /opt/airflow/dags/hello_airflow.py for tasks to queue
[2026-05-31T08:41:32.972+0000] {logging_mixin.py:190} INFO - [2026-05-31T08:41:32.971+0000] {dagbag.py:588} INFO - Filling up the DagBag from /opt/airflow/dags/hello_airflow.py
[2026-05-31T08:41:32.980+0000] {processor.py:925} INFO - DAG(s) 'hello_airflow' retrieved from /opt/airflow/dags/hello_airflow.py
[2026-05-31T08:41:33.007+0000] {logging_mixin.py:190} INFO - [2026-05-31T08:41:33.007+0000] {dag.py:3239} INFO - Sync 1 DAGs
[2026-05-31T08:41:33.039+0000] {logging_mixin.py:190} INFO - [2026-05-31T08:41:33.038+0000] {dag.py:4180} INFO - Setting next_dagrun for hello_airflow to 2026-05-31 08:40:00+00:00, run_after=2026-05-31 08:41:00+00:00
[2026-05-31T08:41:33.057+0000] {processor.py:208} INFO - Processing /opt/airflow/dags/hello_airflow.py took 0.112 seconds
[2026-05-31T08:42:03.749+0000] {processor.py:186} INFO - Started process (PID=12655) to work on /opt/airflow/dags/hello_airflow.py
[2026-05-31T08:42:03.752+0000] {processor.py:914} INFO - Processing file /opt/airflow/dags/hello_airflow.py for tasks to queue
[2026-05-31T08:42:03.761+0000] {logging_mixin.py:190} INFO - [2026-05-31T08:42:03.758+0000] {dagbag.py:588} INFO - Filling up the DagBag from /opt/airflow/dags/hello_airflow.py
[2026-05-31T08:42:03.800+0000] {processor.py:925} INFO - DAG(s) 'hello_airflow' retrieved from /opt/airflow/dags/hello_airflow.py
[2026-05-31T08:42:03.857+0000] {logging_mixin.py:190} INFO - [2026-05-31T08:42:03.856+0000] {dag.py:3239} INFO - Sync 1 DAGs
[2026-05-31T08:42:03.918+0000] {logging_mixin.py:190} INFO - [2026-05-31T08:42:03.918+0000] {dag.py:4180} INFO - Setting next_dagrun for hello_airflow to 2026-05-31 08:41:00+00:00, run_after=2026-05-31 08:42:00+00:00
[2026-05-31T08:42:03.933+0000] {processor.py:208} INFO - Processing /opt/airflow/dags/hello_airflow.py took 0.204 seconds
[2026-05-31T08:42:34.035+0000] {processor.py:186} INFO - Started process (PID=12681) to work on /opt/airflow/dags/hello_airflow.py
[2026-05-31T08:42:34.036+0000] {processor.py:914} INFO - Processing file /opt/airflow/dags/hello_airflow.py for tasks to queue
[2026-05-31T08:42:34.039+0000] {logging_mixin.py:190} INFO - [2026-05-31T08:42:34.039+0000] {dagbag.py:588} INFO - Filling up the DagBag from /opt/airflow/dags/hello_airflow.py
[2026-05-31T08:42:34.049+0000] {processor.py:925} INFO - DAG(s) 'hello_airflow' retrieved from /opt/airflow/dags/hello_airflow.py
[2026-05-31T08:42:34.075+0000] {logging_mixin.py:190} INFO - [2026-05-31T08:42:34.075+0000] {dag.py:3239} INFO - Sync 1 DAGs
[2026-05-31T08:42:34.098+0000] {logging_mixin.py:190} INFO - [2026-05-31T08:42:34.098+0000] {dag.py:4180} INFO - Setting next_dagrun for hello_airflow to 2026-05-31 08:41:00+00:00, run_after=2026-05-31 08:42:00+00:00
[2026-05-31T08:42:34.115+0000] {processor.py:208} INFO - Processing /opt/airflow/dags/hello_airflow.py took 0.085 seconds
[2026-05-31T08:43:04.309+0000] {processor.py:186} INFO - Started process (PID=12705) to work on /opt/airflow/dags/hello_airflow.py
[2026-05-31T08:43:04.310+0000] {processor.py:914} INFO - Processing file /opt/airflow/dags/hello_airflow.py for tasks to queue
[2026-05-31T08:43:04.318+0000] {logging_mixin.py:190} INFO - [2026-05-31T08:43:04.317+0000] {dagbag.py:588} INFO - Filling up the DagBag from /opt/airflow/dags/hello_airflow.py
[2026-05-31T08:43:04.327+0000] {processor.py:925} INFO - DAG(s) 'hello_airflow' retrieved from /opt/airflow/dags/hello_airflow.py
[2026-05-31T08:43:04.347+0000] {logging_mixin.py:190} INFO - [2026-05-31T08:43:04.346+0000] {dag.py:3239} INFO - Sync 1 DAGs
[2026-05-31T08:43:04.484+0000] {logging_mixin.py:190} INFO - [2026-05-31T08:43:04.484+0000] {dag.py:4180} INFO - Setting next_dagrun for hello_airflow to 2026-05-31 08:42:00+00:00, run_after=2026-05-31 08:43:00+00:00
[2026-05-31T08:43:04.497+0000] {processor.py:208} INFO - Processing /opt/airflow/dags/hello_airflow.py took 0.195 seconds
[2026-05-31T08:43:34.751+0000] {processor.py:186} INFO - Started process (PID=12729) to work on /opt/airflow/dags/hello_airflow.py
[2026-05-31T08:43:34.752+0000] {processor.py:914} INFO - Processing file /opt/airflow/dags/hello_airflow.py for tasks to queue
[2026-05-31T08:43:34.755+0000] {logging_mixin.py:190} INFO - [2026-05-31T08:43:34.755+0000] {dagbag.py:588} INFO - Filling up the DagBag from /opt/airflow/dags/hello_airflow.py
[2026-05-31T08:43:34.767+0000] {processor.py:925} INFO - DAG(s) 'hello_airflow' retrieved from /opt/airflow/dags/hello_airflow.py
[2026-05-31T08:43:34.789+0000] {logging_mixin.py:190} INFO - [2026-05-31T08:43:34.789+0000] {dag.py:3239} INFO - Sync 1 DAGs
[2026-05-31T08:43:34.810+0000] {logging_mixin.py:190} INFO - [2026-05-31T08:43:34.810+0000] {dag.py:4180} INFO - Setting next_dagrun for hello_airflow to 2026-05-31 08:42:00+00:00, run_after=2026-05-31 08:43:00+00:00
[2026-05-31T08:43:34.830+0000] {processor.py:208} INFO - Processing /opt/airflow/dags/hello_airflow.py took 0.085 seconds
[2026-05-31T08:44:05.327+0000] {processor.py:186} INFO - Started process (PID=12754) to work on /opt/airflow/dags/hello_airflow.py
[2026-05-31T08:44:05.328+0000] {processor.py:914} INFO - Processing file /opt/airflow/dags/hello_airflow.py for tasks to queue
[2026-05-31T08:44:05.331+0000] {logging_mixin.py:190} INFO - [2026-05-31T08:44:05.330+0000] {dagbag.py:588} INFO - Filling up the DagBag from /opt/airflow/dags/hello_airflow.py
[2026-05-31T08:44:05.346+0000] {processor.py:925} INFO - DAG(s) 'hello_airflow' retrieved from /opt/airflow/dags/hello_airflow.py
[2026-05-31T08:44:05.365+0000] {logging_mixin.py:190} INFO - [2026-05-31T08:44:05.365+0000] {dag.py:3239} INFO - Sync 1 DAGs
[2026-05-31T08:44:05.386+0000] {logging_mixin.py:190} INFO - [2026-05-31T08:44:05.386+0000] {dag.py:4180} INFO - Setting next_dagrun for hello_airflow to 2026-05-31 08:43:00+00:00, run_after=2026-05-31 08:44:00+00:00
[2026-05-31T08:44:05.401+0000] {processor.py:208} INFO - Processing /opt/airflow/dags/hello_airflow.py took 0.079 seconds
[2026-05-31T08:44:35.605+0000] {processor.py:186} INFO - Started process (PID=12778) to work on /opt/airflow/dags/hello_airflow.py
[2026-05-31T08:44:35.606+0000] {processor.py:914} INFO - Processing file /opt/airflow/dags/hello_airflow.py for tasks to queue
[2026-05-31T08:44:35.608+0000] {logging_mixin.py:190} INFO - [2026-05-31T08:44:35.608+0000] {dagbag.py:588} INFO - Filling up the DagBag from /opt/airflow/dags/hello_airflow.py
[2026-05-31T08:44:35.617+0000] {processor.py:925} INFO - DAG(s) 'hello_airflow' retrieved from /opt/airflow/dags/hello_airflow.py
[2026-05-31T08:44:35.634+0000] {logging_mixin.py:190} INFO - [2026-05-31T08:44:35.634+0000] {dag.py:3239} INFO - Sync 1 DAGs
[2026-05-31T08:44:35.655+0000] {logging_mixin.py:190} INFO - [2026-05-31T08:44:35.655+0000] {dag.py:4180} INFO - Setting next_dagrun for hello_airflow to 2026-05-31 08:43:00+00:00, run_after=2026-05-31 08:44:00+00:00
[2026-05-31T08:44:35.671+0000] {processor.py:208} INFO - Processing /opt/airflow/dags/hello_airflow.py took 0.073 seconds
[2026-05-31T08:45:05.806+0000] {processor.py:186} INFO - Started process (PID=12801) to work on /opt/airflow/dags/hello_airflow.py
[2026-05-31T08:45:05.807+0000] {processor.py:914} INFO - Processing file /opt/airflow/dags/hello_airflow.py for tasks to queue
[2026-05-31T08:45:05.809+0000] {logging_mixin.py:190} INFO - [2026-05-31T08:45:05.809+0000] {dagbag.py:588} INFO - Filling up the DagBag from /opt/airflow/dags/hello_airflow.py
[2026-05-31T08:45:05.817+0000] {processor.py:925} INFO - DAG(s) 'hello_airflow' retrieved from /opt/airflow/dags/hello_airflow.py
[2026-05-31T08:45:05.833+0000] {logging_mixin.py:190} INFO - [2026-05-31T08:45:05.833+0000] {dag.py:3239} INFO - Sync 1 DAGs
[2026-05-31T08:45:05.853+0000] {logging_mixin.py:190} INFO - [2026-05-31T08:45:05.853+0000] {dag.py:4180} INFO - Setting next_dagrun for hello_airflow to 2026-05-31 08:44:00+00:00, run_after=2026-05-31 08:45:00+00:00
[2026-05-31T08:45:05.867+0000] {processor.py:208} INFO - Processing /opt/airflow/dags/hello_airflow.py took 0.066 seconds
[2026-05-31T08:45:35.961+0000] {processor.py:186} INFO - Started process (PID=12825) to work on /opt/airflow/dags/hello_airflow.py
[2026-05-31T08:45:35.962+0000] {processor.py:914} INFO - Processing file /opt/airflow/dags/hello_airflow.py for tasks to queue
[2026-05-31T08:45:35.966+0000] {logging_mixin.py:190} INFO - [2026-05-31T08:45:35.965+0000] {dagbag.py:588} INFO - Filling up the DagBag from /opt/airflow/dags/hello_airflow.py
[2026-05-31T08:45:35.982+0000] {processor.py:925} INFO - DAG(s) 'hello_airflow' retrieved from /opt/airflow/dags/hello_airflow.py
[2026-05-31T08:45:36.020+0000] {logging_mixin.py:190} INFO - [2026-05-31T08:45:36.020+0000] {dag.py:3239} INFO - Sync 1 DAGs
[2026-05-31T08:45:36.060+0000] {logging_mixin.py:190} INFO - [2026-05-31T08:45:36.060+0000] {dag.py:4180} INFO - Setting next_dagrun for hello_airflow to 2026-05-31 08:44:00+00:00, run_after=2026-05-31 08:45:00+00:00
[2026-05-31T08:45:36.085+0000] {processor.py:208} INFO - Processing /opt/airflow/dags/hello_airflow.py took 0.133 seconds
[2026-05-31T08:46:06.919+0000] {processor.py:186} INFO - Started process (PID=12849) to work on /opt/airflow/dags/hello_airflow.py
[2026-05-31T08:46:06.921+0000] {processor.py:914} INFO - Processing file /opt/airflow/dags/hello_airflow.py for tasks to queue
[2026-05-31T08:46:06.925+0000] {logging_mixin.py:190} INFO - [2026-05-31T08:46:06.924+0000] {dagbag.py:588} INFO - Filling up the DagBag from /opt/airflow/dags/hello_airflow.py
[2026-05-31T08:46:06.938+0000] {processor.py:925} INFO - DAG(s) 'hello_airflow' retrieved from /opt/airflow/dags/hello_airflow.py
[2026-05-31T08:46:06.966+0000] {logging_mixin.py:190} INFO - [2026-05-31T08:46:06.965+0000] {dag.py:3239} INFO - Sync 1 DAGs
[2026-05-31T08:46:06.991+0000] {logging_mixin.py:190} INFO - [2026-05-31T08:46:06.990+0000] {dag.py:4180} INFO - Setting next_dagrun for hello_airflow to 2026-05-31 08:45:00+00:00, run_after=2026-05-31 08:46:00+00:00
[2026-05-31T08:46:07.005+0000] {processor.py:208} INFO - Processing /opt/airflow/dags/hello_airflow.py took 0.094 seconds
[2026-05-31T08:46:37.739+0000] {processor.py:186} INFO - Started process (PID=12873) to work on /opt/airflow/dags/hello_airflow.py
[2026-05-31T08:46:37.740+0000] {processor.py:914} INFO - Processing file /opt/airflow/dags/hello_airflow.py for tasks to queue
[2026-05-31T08:46:37.742+0000] {logging_mixin.py:190} INFO - [2026-05-31T08:46:37.742+0000] {dagbag.py:588} INFO - Filling up the DagBag from /opt/airflow/dags/hello_airflow.py
[2026-05-31T08:46:37.751+0000] {processor.py:925} INFO - DAG(s) 'hello_airflow' retrieved from /opt/airflow/dags/hello_airflow.py
[2026-05-31T08:46:37.768+0000] {logging_mixin.py:190} INFO - [2026-05-31T08:46:37.768+0000] {dag.py:3239} INFO - Sync 1 DAGs
[2026-05-31T08:46:37.798+0000] {logging_mixin.py:190} INFO - [2026-05-31T08:46:37.798+0000] {dag.py:4180} INFO - Setting next_dagrun for hello_airflow to 2026-05-31 08:45:00+00:00, run_after=2026-05-31 08:46:00+00:00
[2026-05-31T08:46:37.811+0000] {processor.py:208} INFO - Processing /opt/airflow/dags/hello_airflow.py took 0.076 seconds
[2026-05-31T08:47:08.496+0000] {processor.py:186} INFO - Started process (PID=12892) to work on /opt/airflow/dags/hello_airflow.py
[2026-05-31T08:47:08.501+0000] {processor.py:914} INFO - Processing file /opt/airflow/dags/hello_airflow.py for tasks to queue
[2026-05-31T08:47:08.503+0000] {logging_mixin.py:190} INFO - [2026-05-31T08:47:08.503+0000] {dagbag.py:588} INFO - Filling up the DagBag from /opt/airflow/dags/hello_airflow.py
[2026-05-31T08:47:08.511+0000] {processor.py:925} INFO - DAG(s) 'hello_airflow' retrieved from /opt/airflow/dags/hello_airflow.py
[2026-05-31T08:47:08.540+0000] {logging_mixin.py:190} INFO - [2026-05-31T08:47:08.540+0000] {dag.py:3239} INFO - Sync 1 DAGs
[2026-05-31T08:47:08.562+0000] {logging_mixin.py:190} INFO - [2026-05-31T08:47:08.562+0000] {dag.py:4180} INFO - Setting next_dagrun for hello_airflow to 2026-05-31 08:46:00+00:00, run_after=2026-05-31 08:47:00+00:00
[2026-05-31T08:47:08.579+0000] {processor.py:208} INFO - Processing /opt/airflow/dags/hello_airflow.py took 0.089 seconds
[2026-05-31T08:47:38.766+0000] {processor.py:186} INFO - Started process (PID=12916) to work on /opt/airflow/dags/hello_airflow.py
[2026-05-31T08:47:38.767+0000] {processor.py:914} INFO - Processing file /opt/airflow/dags/hello_airflow.py for tasks to queue
[2026-05-31T08:47:38.770+0000] {logging_mixin.py:190} INFO - [2026-05-31T08:47:38.769+0000] {dagbag.py:588} INFO - Filling up the DagBag from /opt/airflow/dags/hello_airflow.py
[2026-05-31T08:47:38.778+0000] {processor.py:925} INFO - DAG(s) 'hello_airflow' retrieved from /opt/airflow/dags/hello_airflow.py
[2026-05-31T08:47:38.794+0000] {logging_mixin.py:190} INFO - [2026-05-31T08:47:38.794+0000] {dag.py:3239} INFO - Sync 1 DAGs
[2026-05-31T08:47:38.814+0000] {logging_mixin.py:190} INFO - [2026-05-31T08:47:38.814+0000] {dag.py:4180} INFO - Setting next_dagrun for hello_airflow to 2026-05-31 08:46:00+00:00, run_after=2026-05-31 08:47:00+00:00
[2026-05-31T08:47:38.826+0000] {processor.py:208} INFO - Processing /opt/airflow/dags/hello_airflow.py took 0.065 seconds
[2026-05-31T08:48:09.516+0000] {processor.py:186} INFO - Started process (PID=12940) to work on /opt/airflow/dags/hello_airflow.py
[2026-05-31T08:48:09.517+0000] {processor.py:914} INFO - Processing file /opt/airflow/dags/hello_airflow.py for tasks to queue
[2026-05-31T08:48:09.518+0000] {logging_mixin.py:190} INFO - [2026-05-31T08:48:09.518+0000] {dagbag.py:588} INFO - Filling up the DagBag from /opt/airflow/dags/hello_airflow.py
[2026-05-31T08:48:09.528+0000] {processor.py:925} INFO - DAG(s) 'hello_airflow' retrieved from /opt/airflow/dags/hello_airflow.py
[2026-05-31T08:48:09.551+0000] {logging_mixin.py:190} INFO - [2026-05-31T08:48:09.551+0000] {dag.py:3239} INFO - Sync 1 DAGs
[2026-05-31T08:48:09.575+0000] {logging_mixin.py:190} INFO - [2026-05-31T08:48:09.575+0000] {dag.py:4180} INFO - Setting next_dagrun for hello_airflow to 2026-05-31 08:47:00+00:00, run_after=2026-05-31 08:48:00+00:00
[2026-05-31T08:48:09.589+0000] {processor.py:208} INFO - Processing /opt/airflow/dags/hello_airflow.py took 0.078 seconds
[2026-05-31T08:48:39.913+0000] {processor.py:186} INFO - Started process (PID=12964) to work on /opt/airflow/dags/hello_airflow.py
[2026-05-31T08:48:39.913+0000] {processor.py:914} INFO - Processing file /opt/airflow/dags/hello_airflow.py for tasks to queue
[2026-05-31T08:48:39.915+0000] {logging_mixin.py:190} INFO - [2026-05-31T08:48:39.915+0000] {dagbag.py:588} INFO - Filling up the DagBag from /opt/airflow/dags/hello_airflow.py
[2026-05-31T08:48:39.923+0000] {processor.py:925} INFO - DAG(s) 'hello_airflow' retrieved from /opt/airflow/dags/hello_airflow.py
[2026-05-31T08:48:39.940+0000] {logging_mixin.py:190} INFO - [2026-05-31T08:48:39.940+0000] {dag.py:3239} INFO - Sync 1 DAGs
[2026-05-31T08:48:39.961+0000] {logging_mixin.py:190} INFO - [2026-05-31T08:48:39.961+0000] {dag.py:4180} INFO - Setting next_dagrun for hello_airflow to 2026-05-31 08:47:00+00:00, run_after=2026-05-31 08:48:00+00:00
[2026-05-31T08:48:39.977+0000] {processor.py:208} INFO - Processing /opt/airflow/dags/hello_airflow.py took 0.069 seconds
[2026-05-31T08:49:10.703+0000] {processor.py:186} INFO - Started process (PID=12988) to work on /opt/airflow/dags/hello_airflow.py
[2026-05-31T08:49:10.704+0000] {processor.py:914} INFO - Processing file /opt/airflow/dags/hello_airflow.py for tasks to queue
[2026-05-31T08:49:10.707+0000] {logging_mixin.py:190} INFO - [2026-05-31T08:49:10.707+0000] {dagbag.py:588} INFO - Filling up the DagBag from /opt/airflow/dags/hello_airflow.py
[2026-05-31T08:49:10.722+0000] {processor.py:925} INFO - DAG(s) 'hello_airflow' retrieved from /opt/airflow/dags/hello_airflow.py
[2026-05-31T08:49:10.748+0000] {logging_mixin.py:190} INFO - [2026-05-31T08:49:10.748+0000] {dag.py:3239} INFO - Sync 1 DAGs
[2026-05-31T08:49:10.776+0000] {logging_mixin.py:190} INFO - [2026-05-31T08:49:10.776+0000] {dag.py:4180} INFO - Setting next_dagrun for hello_airflow to 2026-05-31 08:48:00+00:00, run_after=2026-05-31 08:49:00+00:00
[2026-05-31T08:49:10.792+0000] {processor.py:208} INFO - Processing /opt/airflow/dags/hello_airflow.py took 0.096 seconds
[2026-05-31T08:49:41.583+0000] {processor.py:186} INFO - Started process (PID=13013) to work on /opt/airflow/dags/hello_airflow.py
[2026-05-31T08:49:41.584+0000] {processor.py:914} INFO - Processing file /opt/airflow/dags/hello_airflow.py for tasks to queue
[2026-05-31T08:49:41.586+0000] {logging_mixin.py:190} INFO - [2026-05-31T08:49:41.586+0000] {dagbag.py:588} INFO - Filling up the DagBag from /opt/airflow/dags/hello_airflow.py
[2026-05-31T08:49:41.594+0000] {processor.py:925} INFO - DAG(s) 'hello_airflow' retrieved from /opt/airflow/dags/hello_airflow.py
[2026-05-31T08:49:41.611+0000] {logging_mixin.py:190} INFO - [2026-05-31T08:49:41.611+0000] {dag.py:3239} INFO - Sync 1 DAGs
[2026-05-31T08:49:41.631+0000] {logging_mixin.py:190} INFO - [2026-05-31T08:49:41.630+0000] {dag.py:4180} INFO - Setting next_dagrun for hello_airflow to 2026-05-31 08:48:00+00:00, run_after=2026-05-31 08:49:00+00:00
[2026-05-31T08:49:41.644+0000] {processor.py:208} INFO - Processing /opt/airflow/dags/hello_airflow.py took 0.070 seconds
[2026-05-31T08:50:11.935+0000] {processor.py:186} INFO - Started process (PID=13036) to work on /opt/airflow/dags/hello_airflow.py
[2026-05-31T08:50:11.936+0000] {processor.py:914} INFO - Processing file /opt/airflow/dags/hello_airflow.py for tasks to queue
[2026-05-31T08:50:11.938+0000] {logging_mixin.py:190} INFO - [2026-05-31T08:50:11.937+0000] {dagbag.py:588} INFO - Filling up the DagBag from /opt/airflow/dags/hello_airflow.py
[2026-05-31T08:50:11.945+0000] {processor.py:925} INFO - DAG(s) 'hello_airflow' retrieved from /opt/airflow/dags/hello_airflow.py
[2026-05-31T08:50:11.961+0000] {logging_mixin.py:190} INFO - [2026-05-31T08:50:11.961+0000] {dag.py:3239} INFO - Sync 1 DAGs
[2026-05-31T08:50:11.980+0000] {logging_mixin.py:190} INFO - [2026-05-31T08:50:11.980+0000] {dag.py:4180} INFO - Setting next_dagrun for hello_airflow to 2026-05-31 08:49:00+00:00, run_after=2026-05-31 08:50:00+00:00
[2026-05-31T08:50:11.993+0000] {processor.py:208} INFO - Processing /opt/airflow/dags/hello_airflow.py took 0.063 seconds
[2026-05-31T08:50:42.711+0000] {processor.py:186} INFO - Started process (PID=13059) to work on /opt/airflow/dags/hello_airflow.py
[2026-05-31T08:50:42.711+0000] {processor.py:914} INFO - Processing file /opt/airflow/dags/hello_airflow.py for tasks to queue
[2026-05-31T08:50:42.713+0000] {logging_mixin.py:190} INFO - [2026-05-31T08:50:42.713+0000] {dagbag.py:588} INFO - Filling up the DagBag from /opt/airflow/dags/hello_airflow.py
[2026-05-31T08:50:42.721+0000] {processor.py:925} INFO - DAG(s) 'hello_airflow' retrieved from /opt/airflow/dags/hello_airflow.py
[2026-05-31T08:50:42.737+0000] {logging_mixin.py:190} INFO - [2026-05-31T08:50:42.737+0000] {dag.py:3239} INFO - Sync 1 DAGs
[2026-05-31T08:50:42.757+0000] {logging_mixin.py:190} INFO - [2026-05-31T08:50:42.757+0000] {dag.py:4180} INFO - Setting next_dagrun for hello_airflow to 2026-05-31 08:49:00+00:00, run_after=2026-05-31 08:50:00+00:00
[2026-05-31T08:50:42.769+0000] {processor.py:208} INFO - Processing /opt/airflow/dags/hello_airflow.py took 0.068 seconds
[2026-05-31T08:51:13.668+0000] {processor.py:186} INFO - Started process (PID=13083) to work on /opt/airflow/dags/hello_airflow.py
[2026-05-31T08:51:13.671+0000] {processor.py:914} INFO - Processing file /opt/airflow/dags/hello_airflow.py for tasks to queue
[2026-05-31T08:51:13.673+0000] {logging_mixin.py:190} INFO - [2026-05-31T08:51:13.673+0000] {dagbag.py:588} INFO - Filling up the DagBag from /opt/airflow/dags/hello_airflow.py
[2026-05-31T08:51:13.682+0000] {processor.py:925} INFO - DAG(s) 'hello_airflow' retrieved from /opt/airflow/dags/hello_airflow.py
[2026-05-31T08:51:13.703+0000] {logging_mixin.py:190} INFO - [2026-05-31T08:51:13.703+0000] {dag.py:3239} INFO - Sync 1 DAGs
[2026-05-31T08:51:13.727+0000] {logging_mixin.py:190} INFO - [2026-05-31T08:51:13.727+0000] {dag.py:4180} INFO - Setting next_dagrun for hello_airflow to 2026-05-31 08:50:00+00:00, run_after=2026-05-31 08:51:00+00:00
[2026-05-31T08:51:13.743+0000] {processor.py:208} INFO - Processing /opt/airflow/dags/hello_airflow.py took 0.080 seconds
[2026-05-31T08:51:43.899+0000] {processor.py:186} INFO - Started process (PID=13108) to work on /opt/airflow/dags/hello_airflow.py
[2026-05-31T08:51:43.900+0000] {processor.py:914} INFO - Processing file /opt/airflow/dags/hello_airflow.py for tasks to queue
[2026-05-31T08:51:43.902+0000] {logging_mixin.py:190} INFO - [2026-05-31T08:51:43.902+0000] {dagbag.py:588} INFO - Filling up the DagBag from /opt/airflow/dags/hello_airflow.py
[2026-05-31T08:51:43.913+0000] {processor.py:925} INFO - DAG(s) 'hello_airflow' retrieved from /opt/airflow/dags/hello_airflow.py
[2026-05-31T08:51:43.958+0000] {logging_mixin.py:190} INFO - [2026-05-31T08:51:43.957+0000] {dag.py:3239} INFO - Sync 1 DAGs
[2026-05-31T08:51:43.982+0000] {logging_mixin.py:190} INFO - [2026-05-31T08:51:43.982+0000] {dag.py:4180} INFO - Setting next_dagrun for hello_airflow to 2026-05-31 08:50:00+00:00, run_after=2026-05-31 08:51:00+00:00
[2026-05-31T08:51:44.000+0000] {processor.py:208} INFO - Processing /opt/airflow/dags/hello_airflow.py took 0.106 seconds
[2026-05-31T08:52:14.925+0000] {processor.py:186} INFO - Started process (PID=13132) to work on /opt/airflow/dags/hello_airflow.py
[2026-05-31T08:52:14.927+0000] {processor.py:914} INFO - Processing file /opt/airflow/dags/hello_airflow.py for tasks to queue
[2026-05-31T08:52:14.929+0000] {logging_mixin.py:190} INFO - [2026-05-31T08:52:14.928+0000] {dagbag.py:588} INFO - Filling up the DagBag from /opt/airflow/dags/hello_airflow.py
[2026-05-31T08:52:14.936+0000] {processor.py:925} INFO - DAG(s) 'hello_airflow' retrieved from /opt/airflow/dags/hello_airflow.py
[2026-05-31T08:52:14.955+0000] {logging_mixin.py:190} INFO - [2026-05-31T08:52:14.955+0000] {dag.py:3239} INFO - Sync 1 DAGs
[2026-05-31T08:52:14.978+0000] {logging_mixin.py:190} INFO - [2026-05-31T08:52:14.978+0000] {dag.py:4180} INFO - Setting next_dagrun for hello_airflow to 2026-05-31 08:51:00+00:00, run_after=2026-05-31 08:52:00+00:00
[2026-05-31T08:52:14.992+0000] {processor.py:208} INFO - Processing /opt/airflow/dags/hello_airflow.py took 0.073 seconds
[2026-05-31T08:52:46.101+0000] {processor.py:186} INFO - Started process (PID=13157) to work on /opt/airflow/dags/hello_airflow.py
[2026-05-31T08:52:46.102+0000] {processor.py:914} INFO - Processing file /opt/airflow/dags/hello_airflow.py for tasks to queue
[2026-05-31T08:52:46.104+0000] {logging_mixin.py:190} INFO - [2026-05-31T08:52:46.104+0000] {dagbag.py:588} INFO - Filling up the DagBag from /opt/airflow/dags/hello_airflow.py
[2026-05-31T08:52:46.112+0000] {processor.py:925} INFO - DAG(s) 'hello_airflow' retrieved from /opt/airflow/dags/hello_airflow.py
[2026-05-31T08:52:46.130+0000] {logging_mixin.py:190} INFO - [2026-05-31T08:52:46.130+0000] {dag.py:3239} INFO - Sync 1 DAGs
[2026-05-31T08:52:46.151+0000] {logging_mixin.py:190} INFO - [2026-05-31T08:52:46.151+0000] {dag.py:4180} INFO - Setting next_dagrun for hello_airflow to 2026-05-31 08:51:00+00:00, run_after=2026-05-31 08:52:00+00:00
[2026-05-31T08:52:46.175+0000] {processor.py:208} INFO - Processing /opt/airflow/dags/hello_airflow.py took 0.080 seconds
[2026-05-31T08:53:17.287+0000] {processor.py:186} INFO - Started process (PID=13182) to work on /opt/airflow/dags/hello_airflow.py
[2026-05-31T08:53:17.290+0000] {processor.py:914} INFO - Processing file /opt/airflow/dags/hello_airflow.py for tasks to queue
[2026-05-31T08:53:17.293+0000] {logging_mixin.py:190} INFO - [2026-05-31T08:53:17.293+0000] {dagbag.py:588} INFO - Filling up the DagBag from /opt/airflow/dags/hello_airflow.py
[2026-05-31T08:53:17.312+0000] {processor.py:925} INFO - DAG(s) 'hello_airflow' retrieved from /opt/airflow/dags/hello_airflow.py
[2026-05-31T08:53:17.340+0000] {logging_mixin.py:190} INFO - [2026-05-31T08:53:17.340+0000] {dag.py:3239} INFO - Sync 1 DAGs
[2026-05-31T08:53:17.362+0000] {logging_mixin.py:190} INFO - [2026-05-31T08:53:17.362+0000] {dag.py:4180} INFO - Setting next_dagrun for hello_airflow to 2026-05-31 08:52:00+00:00, run_after=2026-05-31 08:53:00+00:00
[2026-05-31T08:53:17.376+0000] {processor.py:208} INFO - Processing /opt/airflow/dags/hello_airflow.py took 0.105 seconds
[2026-05-31T08:53:48.171+0000] {processor.py:186} INFO - Started process (PID=13206) to work on /opt/airflow/dags/hello_airflow.py
[2026-05-31T08:53:48.172+0000] {processor.py:914} INFO - Processing file /opt/airflow/dags/hello_airflow.py for tasks to queue
[2026-05-31T08:53:48.174+0000] {logging_mixin.py:190} INFO - [2026-05-31T08:53:48.174+0000] {dagbag.py:588} INFO - Filling up the DagBag from /opt/airflow/dags/hello_airflow.py
[2026-05-31T08:53:48.182+0000] {processor.py:925} INFO - DAG(s) 'hello_airflow' retrieved from /opt/airflow/dags/hello_airflow.py
[2026-05-31T08:53:48.200+0000] {logging_mixin.py:190} INFO - [2026-05-31T08:53:48.199+0000] {dag.py:3239} INFO - Sync 1 DAGs
[2026-05-31T08:53:48.220+0000] {logging_mixin.py:190} INFO - [2026-05-31T08:53:48.220+0000] {dag.py:4180} INFO - Setting next_dagrun for hello_airflow to 2026-05-31 08:52:00+00:00, run_after=2026-05-31 08:53:00+00:00
[2026-05-31T08:53:48.235+0000] {processor.py:208} INFO - Processing /opt/airflow/dags/hello_airflow.py took 0.069 seconds
[2026-05-31T08:54:19.432+0000] {processor.py:186} INFO - Started process (PID=13232) to work on /opt/airflow/dags/hello_airflow.py
[2026-05-31T08:54:19.433+0000] {processor.py:914} INFO - Processing file /opt/airflow/dags/hello_airflow.py for tasks to queue
[2026-05-31T08:54:19.435+0000] {logging_mixin.py:190} INFO - [2026-05-31T08:54:19.434+0000] {dagbag.py:588} INFO - Filling up the DagBag from /opt/airflow/dags/hello_airflow.py
[2026-05-31T08:54:19.442+0000] {processor.py:925} INFO - DAG(s) 'hello_airflow' retrieved from /opt/airflow/dags/hello_airflow.py
[2026-05-31T08:54:19.459+0000] {logging_mixin.py:190} INFO - [2026-05-31T08:54:19.459+0000] {dag.py:3239} INFO - Sync 1 DAGs
[2026-05-31T08:54:19.479+0000] {logging_mixin.py:190} INFO - [2026-05-31T08:54:19.479+0000] {dag.py:4180} INFO - Setting next_dagrun for hello_airflow to 2026-05-31 08:53:00+00:00, run_after=2026-05-31 08:54:00+00:00
[2026-05-31T08:54:19.492+0000] {processor.py:208} INFO - Processing /opt/airflow/dags/hello_airflow.py took 0.064 seconds
[2026-05-31T08:54:50.257+0000] {processor.py:186} INFO - Started process (PID=13253) to work on /opt/airflow/dags/hello_airflow.py
[2026-05-31T08:54:50.257+0000] {processor.py:914} INFO - Processing file /opt/airflow/dags/hello_airflow.py for tasks to queue
[2026-05-31T08:54:50.259+0000] {logging_mixin.py:190} INFO - [2026-05-31T08:54:50.259+0000] {dagbag.py:588} INFO - Filling up the DagBag from /opt/airflow/dags/hello_airflow.py
[2026-05-31T08:54:50.266+0000] {processor.py:925} INFO - DAG(s) 'hello_airflow' retrieved from /opt/airflow/dags/hello_airflow.py
[2026-05-31T08:54:50.283+0000] {logging_mixin.py:190} INFO - [2026-05-31T08:54:50.283+0000] {dag.py:3239} INFO - Sync 1 DAGs
[2026-05-31T08:54:50.302+0000] {logging_mixin.py:190} INFO - [2026-05-31T08:54:50.302+0000] {dag.py:4180} INFO - Setting next_dagrun for hello_airflow to 2026-05-31 08:53:00+00:00, run_after=2026-05-31 08:54:00+00:00
[2026-05-31T08:54:50.315+0000] {processor.py:208} INFO - Processing /opt/airflow/dags/hello_airflow.py took 0.063 seconds
[2026-05-31T08:55:20.985+0000] {processor.py:186} INFO - Started process (PID=13277) to work on /opt/airflow/dags/hello_airflow.py
[2026-05-31T08:55:20.986+0000] {processor.py:914} INFO - Processing file /opt/airflow/dags/hello_airflow.py for tasks to queue
[2026-05-31T08:55:20.989+0000] {logging_mixin.py:190} INFO - [2026-05-31T08:55:20.989+0000] {dagbag.py:588} INFO - Filling up the DagBag from /opt/airflow/dags/hello_airflow.py
[2026-05-31T08:55:20.996+0000] {processor.py:925} INFO - DAG(s) 'hello_airflow' retrieved from /opt/airflow/dags/hello_airflow.py
[2026-05-31T08:55:21.014+0000] {logging_mixin.py:190} INFO - [2026-05-31T08:55:21.014+0000] {dag.py:3239} INFO - Sync 1 DAGs
[2026-05-31T08:55:21.035+0000] {logging_mixin.py:190} INFO - [2026-05-31T08:55:21.035+0000] {dag.py:4180} INFO - Setting next_dagrun for hello_airflow to 2026-05-31 08:54:00+00:00, run_after=2026-05-31 08:55:00+00:00
[2026-05-31T08:55:21.048+0000] {processor.py:208} INFO - Processing /opt/airflow/dags/hello_airflow.py took 0.068 seconds
[2026-05-31T08:55:51.934+0000] {processor.py:186} INFO - Started process (PID=13301) to work on /opt/airflow/dags/hello_airflow.py
[2026-05-31T08:55:51.935+0000] {processor.py:914} INFO - Processing file /opt/airflow/dags/hello_airflow.py for tasks to queue
[2026-05-31T08:55:51.937+0000] {logging_mixin.py:190} INFO - [2026-05-31T08:55:51.937+0000] {dagbag.py:588} INFO - Filling up the DagBag from /opt/airflow/dags/hello_airflow.py
[2026-05-31T08:55:51.946+0000] {processor.py:925} INFO - DAG(s) 'hello_airflow' retrieved from /opt/airflow/dags/hello_airflow.py
[2026-05-31T08:55:51.963+0000] {logging_mixin.py:190} INFO - [2026-05-31T08:55:51.962+0000] {dag.py:3239} INFO - Sync 1 DAGs
[2026-05-31T08:55:51.982+0000] {logging_mixin.py:190} INFO - [2026-05-31T08:55:51.982+0000] {dag.py:4180} INFO - Setting next_dagrun for hello_airflow to 2026-05-31 08:54:00+00:00, run_after=2026-05-31 08:55:00+00:00
[2026-05-31T08:55:51.996+0000] {processor.py:208} INFO - Processing /opt/airflow/dags/hello_airflow.py took 0.067 seconds
[2026-05-31T08:56:23.127+0000] {processor.py:186} INFO - Started process (PID=13326) to work on /opt/airflow/dags/hello_airflow.py
[2026-05-31T08:56:23.128+0000] {processor.py:914} INFO - Processing file /opt/airflow/dags/hello_airflow.py for tasks to queue
[2026-05-31T08:56:23.130+0000] {logging_mixin.py:190} INFO - [2026-05-31T08:56:23.130+0000] {dagbag.py:588} INFO - Filling up the DagBag from /opt/airflow/dags/hello_airflow.py
[2026-05-31T08:56:23.139+0000] {processor.py:925} INFO - DAG(s) 'hello_airflow' retrieved from /opt/airflow/dags/hello_airflow.py
[2026-05-31T08:56:23.158+0000] {logging_mixin.py:190} INFO - [2026-05-31T08:56:23.157+0000] {dag.py:3239} INFO - Sync 1 DAGs
[2026-05-31T08:56:23.188+0000] {logging_mixin.py:190} INFO - [2026-05-31T08:56:23.187+0000] {dag.py:4180} INFO - Setting next_dagrun for hello_airflow to 2026-05-31 08:55:00+00:00, run_after=2026-05-31 08:56:00+00:00
[2026-05-31T08:56:23.210+0000] {processor.py:208} INFO - Processing /opt/airflow/dags/hello_airflow.py took 0.089 seconds
[2026-05-31T08:56:53.934+0000] {processor.py:186} INFO - Started process (PID=13350) to work on /opt/airflow/dags/hello_airflow.py
[2026-05-31T08:56:53.936+0000] {processor.py:914} INFO - Processing file /opt/airflow/dags/hello_airflow.py for tasks to queue
[2026-05-31T08:56:53.939+0000] {logging_mixin.py:190} INFO - [2026-05-31T08:56:53.938+0000] {dagbag.py:588} INFO - Filling up the DagBag from /opt/airflow/dags/hello_airflow.py
[2026-05-31T08:56:53.948+0000] {processor.py:925} INFO - DAG(s) 'hello_airflow' retrieved from /opt/airflow/dags/hello_airflow.py
[2026-05-31T08:56:53.967+0000] {logging_mixin.py:190} INFO - [2026-05-31T08:56:53.966+0000] {dag.py:3239} INFO - Sync 1 DAGs
[2026-05-31T08:56:53.988+0000] {logging_mixin.py:190} INFO - [2026-05-31T08:56:53.988+0000] {dag.py:4180} INFO - Setting next_dagrun for hello_airflow to 2026-05-31 08:55:00+00:00, run_after=2026-05-31 08:56:00+00:00
[2026-05-31T08:56:54.003+0000] {processor.py:208} INFO - Processing /opt/airflow/dags/hello_airflow.py took 0.075 seconds
[2026-05-31T08:57:24.747+0000] {processor.py:186} INFO - Started process (PID=13375) to work on /opt/airflow/dags/hello_airflow.py
[2026-05-31T08:57:24.748+0000] {processor.py:914} INFO - Processing file /opt/airflow/dags/hello_airflow.py for tasks to queue
[2026-05-31T08:57:24.750+0000] {logging_mixin.py:190} INFO - [2026-05-31T08:57:24.750+0000] {dagbag.py:588} INFO - Filling up the DagBag from /opt/airflow/dags/hello_airflow.py
[2026-05-31T08:57:24.758+0000] {processor.py:925} INFO - DAG(s) 'hello_airflow' retrieved from /opt/airflow/dags/hello_airflow.py
[2026-05-31T08:57:24.776+0000] {logging_mixin.py:190} INFO - [2026-05-31T08:57:24.775+0000] {dag.py:3239} INFO - Sync 1 DAGs
[2026-05-31T08:57:24.797+0000] {logging_mixin.py:190} INFO - [2026-05-31T08:57:24.797+0000] {dag.py:4180} INFO - Setting next_dagrun for hello_airflow to 2026-05-31 08:56:00+00:00, run_after=2026-05-31 08:57:00+00:00
[2026-05-31T08:57:24.817+0000] {processor.py:208} INFO - Processing /opt/airflow/dags/hello_airflow.py took 0.075 seconds
[2026-05-31T08:57:55.535+0000] {processor.py:186} INFO - Started process (PID=13399) to work on /opt/airflow/dags/hello_airflow.py
[2026-05-31T08:57:55.538+0000] {processor.py:914} INFO - Processing file /opt/airflow/dags/hello_airflow.py for tasks to queue
[2026-05-31T08:57:55.542+0000] {logging_mixin.py:190} INFO - [2026-05-31T08:57:55.541+0000] {dagbag.py:588} INFO - Filling up the DagBag from /opt/airflow/dags/hello_airflow.py
[2026-05-31T08:57:55.558+0000] {processor.py:925} INFO - DAG(s) 'hello_airflow' retrieved from /opt/airflow/dags/hello_airflow.py
[2026-05-31T08:57:55.586+0000] {logging_mixin.py:190} INFO - [2026-05-31T08:57:55.586+0000] {dag.py:3239} INFO - Sync 1 DAGs
[2026-05-31T08:57:55.626+0000] {logging_mixin.py:190} INFO - [2026-05-31T08:57:55.626+0000] {dag.py:4180} INFO - Setting next_dagrun for hello_airflow to 2026-05-31 08:56:00+00:00, run_after=2026-05-31 08:57:00+00:00
[2026-05-31T08:57:55.643+0000] {processor.py:208} INFO - Processing /opt/airflow/dags/hello_airflow.py took 0.113 seconds
[2026-05-31T08:58:26.541+0000] {processor.py:186} INFO - Started process (PID=13424) to work on /opt/airflow/dags/hello_airflow.py
[2026-05-31T08:58:26.542+0000] {processor.py:914} INFO - Processing file /opt/airflow/dags/hello_airflow.py for tasks to queue
[2026-05-31T08:58:26.544+0000] {logging_mixin.py:190} INFO - [2026-05-31T08:58:26.544+0000] {dagbag.py:588} INFO - Filling up the DagBag from /opt/airflow/dags/hello_airflow.py
[2026-05-31T08:58:26.553+0000] {processor.py:925} INFO - DAG(s) 'hello_airflow' retrieved from /opt/airflow/dags/hello_airflow.py
[2026-05-31T08:58:26.571+0000] {logging_mixin.py:190} INFO - [2026-05-31T08:58:26.571+0000] {dag.py:3239} INFO - Sync 1 DAGs
[2026-05-31T08:58:26.592+0000] {logging_mixin.py:190} INFO - [2026-05-31T08:58:26.592+0000] {dag.py:4180} INFO - Setting next_dagrun for hello_airflow to 2026-05-31 08:57:00+00:00, run_after=2026-05-31 08:58:00+00:00
[2026-05-31T08:58:26.605+0000] {processor.py:208} INFO - Processing /opt/airflow/dags/hello_airflow.py took 0.069 seconds
[2026-05-31T08:58:57.512+0000] {processor.py:186} INFO - Started process (PID=13448) to work on /opt/airflow/dags/hello_airflow.py
[2026-05-31T08:58:57.513+0000] {processor.py:914} INFO - Processing file /opt/airflow/dags/hello_airflow.py for tasks to queue
[2026-05-31T08:58:57.515+0000] {logging_mixin.py:190} INFO - [2026-05-31T08:58:57.515+0000] {dagbag.py:588} INFO - Filling up the DagBag from /opt/airflow/dags/hello_airflow.py
[2026-05-31T08:58:57.523+0000] {processor.py:925} INFO - DAG(s) 'hello_airflow' retrieved from /opt/airflow/dags/hello_airflow.py
[2026-05-31T08:58:57.543+0000] {logging_mixin.py:190} INFO - [2026-05-31T08:58:57.543+0000] {dag.py:3239} INFO - Sync 1 DAGs
[2026-05-31T08:58:57.564+0000] {logging_mixin.py:190} INFO - [2026-05-31T08:58:57.564+0000] {dag.py:4180} INFO - Setting next_dagrun for hello_airflow to 2026-05-31 08:57:00+00:00, run_after=2026-05-31 08:58:00+00:00
[2026-05-31T08:58:57.579+0000] {processor.py:208} INFO - Processing /opt/airflow/dags/hello_airflow.py took 0.071 seconds
[2026-05-31T08:59:28.142+0000] {processor.py:186} INFO - Started process (PID=13472) to work on /opt/airflow/dags/hello_airflow.py
[2026-05-31T08:59:28.144+0000] {processor.py:914} INFO - Processing file /opt/airflow/dags/hello_airflow.py for tasks to queue
[2026-05-31T08:59:28.148+0000] {logging_mixin.py:190} INFO - [2026-05-31T08:59:28.148+0000] {dagbag.py:588} INFO - Filling up the DagBag from /opt/airflow/dags/hello_airflow.py
[2026-05-31T08:59:28.164+0000] {processor.py:925} INFO - DAG(s) 'hello_airflow' retrieved from /opt/airflow/dags/hello_airflow.py
[2026-05-31T08:59:28.207+0000] {logging_mixin.py:190} INFO - [2026-05-31T08:59:28.207+0000] {dag.py:3239} INFO - Sync 1 DAGs
[2026-05-31T08:59:28.231+0000] {logging_mixin.py:190} INFO - [2026-05-31T08:59:28.231+0000] {dag.py:4180} INFO - Setting next_dagrun for hello_airflow to 2026-05-31 08:58:00+00:00, run_after=2026-05-31 08:59:00+00:00
[2026-05-31T08:59:28.245+0000] {processor.py:208} INFO - Processing /opt/airflow/dags/hello_airflow.py took 0.116 seconds
[2026-05-31T08:59:59.440+0000] {processor.py:186} INFO - Started process (PID=13496) to work on /opt/airflow/dags/hello_airflow.py
[2026-05-31T08:59:59.443+0000] {processor.py:914} INFO - Processing file /opt/airflow/dags/hello_airflow.py for tasks to queue
[2026-05-31T08:59:59.447+0000] {logging_mixin.py:190} INFO - [2026-05-31T08:59:59.446+0000] {dagbag.py:588} INFO - Filling up the DagBag from /opt/airflow/dags/hello_airflow.py
[2026-05-31T08:59:59.470+0000] {processor.py:925} INFO - DAG(s) 'hello_airflow' retrieved from /opt/airflow/dags/hello_airflow.py
[2026-05-31T08:59:59.495+0000] {logging_mixin.py:190} INFO - [2026-05-31T08:59:59.495+0000] {dag.py:3239} INFO - Sync 1 DAGs
[2026-05-31T08:59:59.519+0000] {logging_mixin.py:190} INFO - [2026-05-31T08:59:59.518+0000] {dag.py:4180} INFO - Setting next_dagrun for hello_airflow to 2026-05-31 08:58:00+00:00, run_after=2026-05-31 08:59:00+00:00
[2026-05-31T08:59:59.532+0000] {processor.py:208} INFO - Processing /opt/airflow/dags/hello_airflow.py took 0.104 seconds
[2026-05-31T09:00:30.022+0000] {processor.py:186} INFO - Started process (PID=13521) to work on /opt/airflow/dags/hello_airflow.py
[2026-05-31T09:00:30.023+0000] {processor.py:914} INFO - Processing file /opt/airflow/dags/hello_airflow.py for tasks to queue
[2026-05-31T09:00:30.025+0000] {logging_mixin.py:190} INFO - [2026-05-31T09:00:30.025+0000] {dagbag.py:588} INFO - Filling up the DagBag from /opt/airflow/dags/hello_airflow.py
[2026-05-31T09:00:30.033+0000] {processor.py:925} INFO - DAG(s) 'hello_airflow' retrieved from /opt/airflow/dags/hello_airflow.py
[2026-05-31T09:00:30.053+0000] {logging_mixin.py:190} INFO - [2026-05-31T09:00:30.053+0000] {dag.py:3239} INFO - Sync 1 DAGs
[2026-05-31T09:00:30.077+0000] {logging_mixin.py:190} INFO - [2026-05-31T09:00:30.077+0000] {dag.py:4180} INFO - Setting next_dagrun for hello_airflow to 2026-05-31 08:59:00+00:00, run_after=2026-05-31 09:00:00+00:00
[2026-05-31T09:00:30.094+0000] {processor.py:208} INFO - Processing /opt/airflow/dags/hello_airflow.py took 0.076 seconds
[2026-05-31T09:01:00.899+0000] {processor.py:186} INFO - Started process (PID=13545) to work on /opt/airflow/dags/hello_airflow.py
[2026-05-31T09:01:00.901+0000] {processor.py:914} INFO - Processing file /opt/airflow/dags/hello_airflow.py for tasks to queue
[2026-05-31T09:01:00.906+0000] {logging_mixin.py:190} INFO - [2026-05-31T09:01:00.905+0000] {dagbag.py:588} INFO - Filling up the DagBag from /opt/airflow/dags/hello_airflow.py
[2026-05-31T09:01:00.923+0000] {processor.py:925} INFO - DAG(s) 'hello_airflow' retrieved from /opt/airflow/dags/hello_airflow.py
[2026-05-31T09:01:00.941+0000] {logging_mixin.py:190} INFO - [2026-05-31T09:01:00.941+0000] {dag.py:3239} INFO - Sync 1 DAGs
[2026-05-31T09:01:00.963+0000] {logging_mixin.py:190} INFO - [2026-05-31T09:01:00.963+0000] {dag.py:4180} INFO - Setting next_dagrun for hello_airflow to 2026-05-31 09:00:00+00:00, run_after=2026-05-31 09:01:00+00:00
[2026-05-31T09:01:00.977+0000] {processor.py:208} INFO - Processing /opt/airflow/dags/hello_airflow.py took 0.085 seconds
[2026-05-31T09:01:31.697+0000] {processor.py:186} INFO - Started process (PID=13569) to work on /opt/airflow/dags/hello_airflow.py
[2026-05-31T09:01:31.699+0000] {processor.py:914} INFO - Processing file /opt/airflow/dags/hello_airflow.py for tasks to queue
[2026-05-31T09:01:31.701+0000] {logging_mixin.py:190} INFO - [2026-05-31T09:01:31.701+0000] {dagbag.py:588} INFO - Filling up the DagBag from /opt/airflow/dags/hello_airflow.py
[2026-05-31T09:01:31.711+0000] {processor.py:925} INFO - DAG(s) 'hello_airflow' retrieved from /opt/airflow/dags/hello_airflow.py
[2026-05-31T09:01:31.732+0000] {logging_mixin.py:190} INFO - [2026-05-31T09:01:31.732+0000] {dag.py:3239} INFO - Sync 1 DAGs
[2026-05-31T09:01:31.757+0000] {logging_mixin.py:190} INFO - [2026-05-31T09:01:31.757+0000] {dag.py:4180} INFO - Setting next_dagrun for hello_airflow to 2026-05-31 09:00:00+00:00, run_after=2026-05-31 09:01:00+00:00
[2026-05-31T09:01:31.771+0000] {processor.py:208} INFO - Processing /opt/airflow/dags/hello_airflow.py took 0.079 seconds
[2026-05-31T09:02:02.614+0000] {processor.py:186} INFO - Started process (PID=13593) to work on /opt/airflow/dags/hello_airflow.py
[2026-05-31T09:02:02.615+0000] {processor.py:914} INFO - Processing file /opt/airflow/dags/hello_airflow.py for tasks to queue
[2026-05-31T09:02:02.618+0000] {logging_mixin.py:190} INFO - [2026-05-31T09:02:02.617+0000] {dagbag.py:588} INFO - Filling up the DagBag from /opt/airflow/dags/hello_airflow.py
[2026-05-31T09:02:02.626+0000] {processor.py:925} INFO - DAG(s) 'hello_airflow' retrieved from /opt/airflow/dags/hello_airflow.py
[2026-05-31T09:02:02.645+0000] {logging_mixin.py:190} INFO - [2026-05-31T09:02:02.645+0000] {dag.py:3239} INFO - Sync 1 DAGs
[2026-05-31T09:02:02.672+0000] {logging_mixin.py:190} INFO - [2026-05-31T09:02:02.671+0000] {dag.py:4180} INFO - Setting next_dagrun for hello_airflow to 2026-05-31 09:01:00+00:00, run_after=2026-05-31 09:02:00+00:00
[2026-05-31T09:02:02.688+0000] {processor.py:208} INFO - Processing /opt/airflow/dags/hello_airflow.py took 0.079 seconds
[2026-05-31T09:02:34.977+0000] {processor.py:186} INFO - Started process (PID=13616) to work on /opt/airflow/dags/hello_airflow.py
[2026-05-31T09:02:34.982+0000] {processor.py:914} INFO - Processing file /opt/airflow/dags/hello_airflow.py for tasks to queue
[2026-05-31T09:02:34.985+0000] {logging_mixin.py:190} INFO - [2026-05-31T09:02:34.985+0000] {dagbag.py:588} INFO - Filling up the DagBag from /opt/airflow/dags/hello_airflow.py
[2026-05-31T09:02:35.016+0000] {processor.py:925} INFO - DAG(s) 'hello_airflow' retrieved from /opt/airflow/dags/hello_airflow.py
[2026-05-31T09:02:35.071+0000] {logging_mixin.py:190} INFO - [2026-05-31T09:02:35.071+0000] {dag.py:3239} INFO - Sync 1 DAGs
[2026-05-31T09:02:35.151+0000] {logging_mixin.py:190} INFO - [2026-05-31T09:02:35.149+0000] {dag.py:4180} INFO - Setting next_dagrun for hello_airflow to 2026-05-31 09:01:00+00:00, run_after=2026-05-31 09:02:00+00:00
[2026-05-31T09:02:35.187+0000] {processor.py:208} INFO - Processing /opt/airflow/dags/hello_airflow.py took 0.231 seconds
[2026-05-31T09:03:05.567+0000] {processor.py:186} INFO - Started process (PID=13633) to work on /opt/airflow/dags/hello_airflow.py
[2026-05-31T09:03:05.568+0000] {processor.py:914} INFO - Processing file /opt/airflow/dags/hello_airflow.py for tasks to queue
[2026-05-31T09:03:05.572+0000] {logging_mixin.py:190} INFO - [2026-05-31T09:03:05.572+0000] {dagbag.py:588} INFO - Filling up the DagBag from /opt/airflow/dags/hello_airflow.py
[2026-05-31T09:03:05.583+0000] {processor.py:925} INFO - DAG(s) 'hello_airflow' retrieved from /opt/airflow/dags/hello_airflow.py
[2026-05-31T09:03:05.637+0000] {logging_mixin.py:190} INFO - [2026-05-31T09:03:05.637+0000] {dag.py:3239} INFO - Sync 1 DAGs
[2026-05-31T09:03:05.660+0000] {logging_mixin.py:190} INFO - [2026-05-31T09:03:05.659+0000] {dag.py:4180} INFO - Setting next_dagrun for hello_airflow to 2026-05-31 09:02:00+00:00, run_after=2026-05-31 09:03:00+00:00
[2026-05-31T09:03:05.680+0000] {processor.py:208} INFO - Processing /opt/airflow/dags/hello_airflow.py took 0.123 seconds
[2026-05-31T09:03:36.587+0000] {processor.py:186} INFO - Started process (PID=13655) to work on /opt/airflow/dags/hello_airflow.py
[2026-05-31T09:03:36.588+0000] {processor.py:914} INFO - Processing file /opt/airflow/dags/hello_airflow.py for tasks to queue
[2026-05-31T09:03:36.591+0000] {logging_mixin.py:190} INFO - [2026-05-31T09:03:36.590+0000] {dagbag.py:588} INFO - Filling up the DagBag from /opt/airflow/dags/hello_airflow.py
[2026-05-31T09:03:36.616+0000] {processor.py:925} INFO - DAG(s) 'hello_airflow' retrieved from /opt/airflow/dags/hello_airflow.py
[2026-05-31T09:03:36.675+0000] {logging_mixin.py:190} INFO - [2026-05-31T09:03:36.675+0000] {dag.py:3239} INFO - Sync 1 DAGs
[2026-05-31T09:03:36.712+0000] {logging_mixin.py:190} INFO - [2026-05-31T09:03:36.712+0000] {dag.py:4180} INFO - Setting next_dagrun for hello_airflow to 2026-05-31 09:02:00+00:00, run_after=2026-05-31 09:03:00+00:00
[2026-05-31T09:03:36.737+0000] {processor.py:208} INFO - Processing /opt/airflow/dags/hello_airflow.py took 0.161 seconds
[2026-05-31T09:04:06.805+0000] {processor.py:186} INFO - Started process (PID=13678) to work on /opt/airflow/dags/hello_airflow.py
[2026-05-31T09:04:06.807+0000] {processor.py:914} INFO - Processing file /opt/airflow/dags/hello_airflow.py for tasks to queue
[2026-05-31T09:04:06.812+0000] {logging_mixin.py:190} INFO - [2026-05-31T09:04:06.810+0000] {dagbag.py:588} INFO - Filling up the DagBag from /opt/airflow/dags/hello_airflow.py
[2026-05-31T09:04:06.842+0000] {processor.py:925} INFO - DAG(s) 'hello_airflow' retrieved from /opt/airflow/dags/hello_airflow.py
[2026-05-31T09:04:06.887+0000] {logging_mixin.py:190} INFO - [2026-05-31T09:04:06.887+0000] {dag.py:3239} INFO - Sync 1 DAGs
[2026-05-31T09:04:06.939+0000] {logging_mixin.py:190} INFO - [2026-05-31T09:04:06.939+0000] {dag.py:4180} INFO - Setting next_dagrun for hello_airflow to 2026-05-31 09:03:00+00:00, run_after=2026-05-31 09:04:00+00:00
[2026-05-31T09:04:07.035+0000] {processor.py:208} INFO - Processing /opt/airflow/dags/hello_airflow.py took 0.244 seconds
[2026-05-31T09:04:38.494+0000] {processor.py:186} INFO - Started process (PID=13704) to work on /opt/airflow/dags/hello_airflow.py
[2026-05-31T09:04:38.498+0000] {processor.py:914} INFO - Processing file /opt/airflow/dags/hello_airflow.py for tasks to queue
[2026-05-31T09:04:38.503+0000] {logging_mixin.py:190} INFO - [2026-05-31T09:04:38.503+0000] {dagbag.py:588} INFO - Filling up the DagBag from /opt/airflow/dags/hello_airflow.py
[2026-05-31T09:04:38.525+0000] {processor.py:925} INFO - DAG(s) 'hello_airflow' retrieved from /opt/airflow/dags/hello_airflow.py
[2026-05-31T09:04:38.568+0000] {logging_mixin.py:190} INFO - [2026-05-31T09:04:38.567+0000] {dag.py:3239} INFO - Sync 1 DAGs
[2026-05-31T09:04:38.592+0000] {logging_mixin.py:190} INFO - [2026-05-31T09:04:38.591+0000] {dag.py:4180} INFO - Setting next_dagrun for hello_airflow to 2026-05-31 09:03:00+00:00, run_after=2026-05-31 09:04:00+00:00
[2026-05-31T09:04:38.619+0000] {processor.py:208} INFO - Processing /opt/airflow/dags/hello_airflow.py took 0.135 seconds
[2026-05-31T09:05:08.996+0000] {processor.py:186} INFO - Started process (PID=13730) to work on /opt/airflow/dags/hello_airflow.py
[2026-05-31T09:05:08.996+0000] {processor.py:914} INFO - Processing file /opt/airflow/dags/hello_airflow.py for tasks to queue
[2026-05-31T09:05:08.998+0000] {logging_mixin.py:190} INFO - [2026-05-31T09:05:08.998+0000] {dagbag.py:588} INFO - Filling up the DagBag from /opt/airflow/dags/hello_airflow.py
[2026-05-31T09:05:09.007+0000] {processor.py:925} INFO - DAG(s) 'hello_airflow' retrieved from /opt/airflow/dags/hello_airflow.py
[2026-05-31T09:05:09.029+0000] {logging_mixin.py:190} INFO - [2026-05-31T09:05:09.028+0000] {dag.py:3239} INFO - Sync 1 DAGs
[2026-05-31T09:05:09.057+0000] {logging_mixin.py:190} INFO - [2026-05-31T09:05:09.057+0000] {dag.py:4180} INFO - Setting next_dagrun for hello_airflow to 2026-05-31 09:04:00+00:00, run_after=2026-05-31 09:05:00+00:00
[2026-05-31T09:05:09.073+0000] {processor.py:208} INFO - Processing /opt/airflow/dags/hello_airflow.py took 0.085 seconds
[2026-05-31T09:05:40.154+0000] {processor.py:186} INFO - Started process (PID=13763) to work on /opt/airflow/dags/hello_airflow.py
[2026-05-31T09:05:40.155+0000] {processor.py:914} INFO - Processing file /opt/airflow/dags/hello_airflow.py for tasks to queue
[2026-05-31T09:05:40.157+0000] {logging_mixin.py:190} INFO - [2026-05-31T09:05:40.157+0000] {dagbag.py:588} INFO - Filling up the DagBag from /opt/airflow/dags/hello_airflow.py
[2026-05-31T09:05:40.165+0000] {processor.py:925} INFO - DAG(s) 'hello_airflow' retrieved from /opt/airflow/dags/hello_airflow.py
[2026-05-31T09:05:40.188+0000] {logging_mixin.py:190} INFO - [2026-05-31T09:05:40.188+0000] {dag.py:3239} INFO - Sync 1 DAGs
[2026-05-31T09:05:40.211+0000] {logging_mixin.py:190} INFO - [2026-05-31T09:05:40.211+0000] {dag.py:4180} INFO - Setting next_dagrun for hello_airflow to 2026-05-31 09:04:00+00:00, run_after=2026-05-31 09:05:00+00:00
[2026-05-31T09:05:40.225+0000] {processor.py:208} INFO - Processing /opt/airflow/dags/hello_airflow.py took 0.076 seconds
[2026-05-31T09:06:11.578+0000] {processor.py:186} INFO - Started process (PID=13789) to work on /opt/airflow/dags/hello_airflow.py
[2026-05-31T09:06:11.580+0000] {processor.py:914} INFO - Processing file /opt/airflow/dags/hello_airflow.py for tasks to queue
[2026-05-31T09:06:11.583+0000] {logging_mixin.py:190} INFO - [2026-05-31T09:06:11.583+0000] {dagbag.py:588} INFO - Filling up the DagBag from /opt/airflow/dags/hello_airflow.py
[2026-05-31T09:06:11.596+0000] {processor.py:925} INFO - DAG(s) 'hello_airflow' retrieved from /opt/airflow/dags/hello_airflow.py
[2026-05-31T09:06:11.616+0000] {logging_mixin.py:190} INFO - [2026-05-31T09:06:11.616+0000] {dag.py:3239} INFO - Sync 1 DAGs
[2026-05-31T09:06:11.643+0000] {logging_mixin.py:190} INFO - [2026-05-31T09:06:11.643+0000] {dag.py:4180} INFO - Setting next_dagrun for hello_airflow to 2026-05-31 09:05:00+00:00, run_after=2026-05-31 09:06:00+00:00
[2026-05-31T09:06:11.658+0000] {processor.py:208} INFO - Processing /opt/airflow/dags/hello_airflow.py took 0.087 seconds
[2026-05-31T09:06:42.320+0000] {processor.py:186} INFO - Started process (PID=13819) to work on /opt/airflow/dags/hello_airflow.py
[2026-05-31T09:06:42.326+0000] {processor.py:914} INFO - Processing file /opt/airflow/dags/hello_airflow.py for tasks to queue
[2026-05-31T09:06:42.330+0000] {logging_mixin.py:190} INFO - [2026-05-31T09:06:42.330+0000] {dagbag.py:588} INFO - Filling up the DagBag from /opt/airflow/dags/hello_airflow.py
[2026-05-31T09:06:42.346+0000] {processor.py:925} INFO - DAG(s) 'hello_airflow' retrieved from /opt/airflow/dags/hello_airflow.py
[2026-05-31T09:06:42.382+0000] {logging_mixin.py:190} INFO - [2026-05-31T09:06:42.382+0000] {dag.py:3239} INFO - Sync 1 DAGs
[2026-05-31T09:06:42.437+0000] {logging_mixin.py:190} INFO - [2026-05-31T09:06:42.437+0000] {dag.py:4180} INFO - Setting next_dagrun for hello_airflow to 2026-05-31 09:05:00+00:00, run_after=2026-05-31 09:06:00+00:00
[2026-05-31T09:06:42.467+0000] {processor.py:208} INFO - Processing /opt/airflow/dags/hello_airflow.py took 0.153 seconds
[2026-05-31T09:07:12.631+0000] {processor.py:186} INFO - Started process (PID=13840) to work on /opt/airflow/dags/hello_airflow.py
[2026-05-31T09:07:12.632+0000] {processor.py:914} INFO - Processing file /opt/airflow/dags/hello_airflow.py for tasks to queue
[2026-05-31T09:07:12.634+0000] {logging_mixin.py:190} INFO - [2026-05-31T09:07:12.634+0000] {dagbag.py:588} INFO - Filling up the DagBag from /opt/airflow/dags/hello_airflow.py
[2026-05-31T09:07:12.643+0000] {processor.py:925} INFO - DAG(s) 'hello_airflow' retrieved from /opt/airflow/dags/hello_airflow.py
[2026-05-31T09:07:12.662+0000] {logging_mixin.py:190} INFO - [2026-05-31T09:07:12.662+0000] {dag.py:3239} INFO - Sync 1 DAGs
[2026-05-31T09:07:12.686+0000] {logging_mixin.py:190} INFO - [2026-05-31T09:07:12.686+0000] {dag.py:4180} INFO - Setting next_dagrun for hello_airflow to 2026-05-31 09:06:00+00:00, run_after=2026-05-31 09:07:00+00:00
[2026-05-31T09:07:12.701+0000] {processor.py:208} INFO - Processing /opt/airflow/dags/hello_airflow.py took 0.074 seconds
[2026-05-31T09:07:43.546+0000] {processor.py:186} INFO - Started process (PID=13866) to work on /opt/airflow/dags/hello_airflow.py
[2026-05-31T09:07:43.547+0000] {processor.py:914} INFO - Processing file /opt/airflow/dags/hello_airflow.py for tasks to queue
[2026-05-31T09:07:43.549+0000] {logging_mixin.py:190} INFO - [2026-05-31T09:07:43.549+0000] {dagbag.py:588} INFO - Filling up the DagBag from /opt/airflow/dags/hello_airflow.py
[2026-05-31T09:07:43.558+0000] {processor.py:925} INFO - DAG(s) 'hello_airflow' retrieved from /opt/airflow/dags/hello_airflow.py
[2026-05-31T09:07:43.579+0000] {logging_mixin.py:190} INFO - [2026-05-31T09:07:43.579+0000] {dag.py:3239} INFO - Sync 1 DAGs
[2026-05-31T09:07:43.602+0000] {logging_mixin.py:190} INFO - [2026-05-31T09:07:43.602+0000] {dag.py:4180} INFO - Setting next_dagrun for hello_airflow to 2026-05-31 09:06:00+00:00, run_after=2026-05-31 09:07:00+00:00
[2026-05-31T09:07:43.619+0000] {processor.py:208} INFO - Processing /opt/airflow/dags/hello_airflow.py took 0.080 seconds
[2026-05-31T09:08:14.325+0000] {processor.py:186} INFO - Started process (PID=13890) to work on /opt/airflow/dags/hello_airflow.py
[2026-05-31T09:08:14.326+0000] {processor.py:914} INFO - Processing file /opt/airflow/dags/hello_airflow.py for tasks to queue
[2026-05-31T09:08:14.328+0000] {logging_mixin.py:190} INFO - [2026-05-31T09:08:14.328+0000] {dagbag.py:588} INFO - Filling up the DagBag from /opt/airflow/dags/hello_airflow.py
[2026-05-31T09:08:14.335+0000] {processor.py:925} INFO - DAG(s) 'hello_airflow' retrieved from /opt/airflow/dags/hello_airflow.py
[2026-05-31T09:08:14.353+0000] {logging_mixin.py:190} INFO - [2026-05-31T09:08:14.353+0000] {dag.py:3239} INFO - Sync 1 DAGs
[2026-05-31T09:08:14.374+0000] {logging_mixin.py:190} INFO - [2026-05-31T09:08:14.373+0000] {dag.py:4180} INFO - Setting next_dagrun for hello_airflow to 2026-05-31 09:07:00+00:00, run_after=2026-05-31 09:08:00+00:00
[2026-05-31T09:08:14.387+0000] {processor.py:208} INFO - Processing /opt/airflow/dags/hello_airflow.py took 0.066 seconds
[2026-05-31T09:08:45.068+0000] {processor.py:186} INFO - Started process (PID=13914) to work on /opt/airflow/dags/hello_airflow.py
[2026-05-31T09:08:45.069+0000] {processor.py:914} INFO - Processing file /opt/airflow/dags/hello_airflow.py for tasks to queue
[2026-05-31T09:08:45.071+0000] {logging_mixin.py:190} INFO - [2026-05-31T09:08:45.071+0000] {dagbag.py:588} INFO - Filling up the DagBag from /opt/airflow/dags/hello_airflow.py
[2026-05-31T09:08:45.079+0000] {processor.py:925} INFO - DAG(s) 'hello_airflow' retrieved from /opt/airflow/dags/hello_airflow.py
[2026-05-31T09:08:45.097+0000] {logging_mixin.py:190} INFO - [2026-05-31T09:08:45.097+0000] {dag.py:3239} INFO - Sync 1 DAGs
[2026-05-31T09:08:45.119+0000] {logging_mixin.py:190} INFO - [2026-05-31T09:08:45.119+0000] {dag.py:4180} INFO - Setting next_dagrun for hello_airflow to 2026-05-31 09:07:00+00:00, run_after=2026-05-31 09:08:00+00:00
[2026-05-31T09:08:45.133+0000] {processor.py:208} INFO - Processing /opt/airflow/dags/hello_airflow.py took 0.069 seconds
[2026-05-31T09:09:16.407+0000] {processor.py:186} INFO - Started process (PID=13938) to work on /opt/airflow/dags/hello_airflow.py
[2026-05-31T09:09:16.408+0000] {processor.py:914} INFO - Processing file /opt/airflow/dags/hello_airflow.py for tasks to queue
[2026-05-31T09:09:16.410+0000] {logging_mixin.py:190} INFO - [2026-05-31T09:09:16.410+0000] {dagbag.py:588} INFO - Filling up the DagBag from /opt/airflow/dags/hello_airflow.py
[2026-05-31T09:09:16.418+0000] {processor.py:925} INFO - DAG(s) 'hello_airflow' retrieved from /opt/airflow/dags/hello_airflow.py
[2026-05-31T09:09:16.439+0000] {logging_mixin.py:190} INFO - [2026-05-31T09:09:16.438+0000] {dag.py:3239} INFO - Sync 1 DAGs
[2026-05-31T09:09:16.461+0000] {logging_mixin.py:190} INFO - [2026-05-31T09:09:16.461+0000] {dag.py:4180} INFO - Setting next_dagrun for hello_airflow to 2026-05-31 09:08:00+00:00, run_after=2026-05-31 09:09:00+00:00
[2026-05-31T09:09:16.475+0000] {processor.py:208} INFO - Processing /opt/airflow/dags/hello_airflow.py took 0.074 seconds
[2026-05-31T09:09:47.537+0000] {processor.py:186} INFO - Started process (PID=13962) to work on /opt/airflow/dags/hello_airflow.py
[2026-05-31T09:09:47.538+0000] {processor.py:914} INFO - Processing file /opt/airflow/dags/hello_airflow.py for tasks to queue
[2026-05-31T09:09:47.540+0000] {logging_mixin.py:190} INFO - [2026-05-31T09:09:47.540+0000] {dagbag.py:588} INFO - Filling up the DagBag from /opt/airflow/dags/hello_airflow.py
[2026-05-31T09:09:47.548+0000] {processor.py:925} INFO - DAG(s) 'hello_airflow' retrieved from /opt/airflow/dags/hello_airflow.py
[2026-05-31T09:09:47.565+0000] {logging_mixin.py:190} INFO - [2026-05-31T09:09:47.565+0000] {dag.py:3239} INFO - Sync 1 DAGs
[2026-05-31T09:09:47.588+0000] {logging_mixin.py:190} INFO - [2026-05-31T09:09:47.588+0000] {dag.py:4180} INFO - Setting next_dagrun for hello_airflow to 2026-05-31 09:08:00+00:00, run_after=2026-05-31 09:09:00+00:00
[2026-05-31T09:09:47.602+0000] {processor.py:208} INFO - Processing /opt/airflow/dags/hello_airflow.py took 0.070 seconds
[2026-05-31T09:10:18.531+0000] {processor.py:186} INFO - Started process (PID=13981) to work on /opt/airflow/dags/hello_airflow.py
[2026-05-31T09:10:18.532+0000] {processor.py:914} INFO - Processing file /opt/airflow/dags/hello_airflow.py for tasks to queue
[2026-05-31T09:10:18.534+0000] {logging_mixin.py:190} INFO - [2026-05-31T09:10:18.534+0000] {dagbag.py:588} INFO - Filling up the DagBag from /opt/airflow/dags/hello_airflow.py
[2026-05-31T09:10:18.542+0000] {processor.py:925} INFO - DAG(s) 'hello_airflow' retrieved from /opt/airflow/dags/hello_airflow.py
[2026-05-31T09:10:18.564+0000] {logging_mixin.py:190} INFO - [2026-05-31T09:10:18.564+0000] {dag.py:3239} INFO - Sync 1 DAGs
[2026-05-31T09:10:18.588+0000] {logging_mixin.py:190} INFO - [2026-05-31T09:10:18.588+0000] {dag.py:4180} INFO - Setting next_dagrun for hello_airflow to 2026-05-31 09:09:00+00:00, run_after=2026-05-31 09:10:00+00:00
[2026-05-31T09:10:18.603+0000] {processor.py:208} INFO - Processing /opt/airflow/dags/hello_airflow.py took 0.077 seconds
[2026-05-31T09:10:49.768+0000] {processor.py:186} INFO - Started process (PID=14005) to work on /opt/airflow/dags/hello_airflow.py
[2026-05-31T09:10:49.771+0000] {processor.py:914} INFO - Processing file /opt/airflow/dags/hello_airflow.py for tasks to queue
[2026-05-31T09:10:49.773+0000] {logging_mixin.py:190} INFO - [2026-05-31T09:10:49.773+0000] {dagbag.py:588} INFO - Filling up the DagBag from /opt/airflow/dags/hello_airflow.py
[2026-05-31T09:10:49.783+0000] {processor.py:925} INFO - DAG(s) 'hello_airflow' retrieved from /opt/airflow/dags/hello_airflow.py
[2026-05-31T09:10:49.808+0000] {logging_mixin.py:190} INFO - [2026-05-31T09:10:49.808+0000] {dag.py:3239} INFO - Sync 1 DAGs
[2026-05-31T09:10:49.849+0000] {logging_mixin.py:190} INFO - [2026-05-31T09:10:49.849+0000] {dag.py:4180} INFO - Setting next_dagrun for hello_airflow to 2026-05-31 09:09:00+00:00, run_after=2026-05-31 09:10:00+00:00
[2026-05-31T09:10:49.862+0000] {processor.py:208} INFO - Processing /opt/airflow/dags/hello_airflow.py took 0.099 seconds
[2026-05-31T09:11:20.573+0000] {processor.py:186} INFO - Started process (PID=14028) to work on /opt/airflow/dags/hello_airflow.py
[2026-05-31T09:11:20.575+0000] {processor.py:914} INFO - Processing file /opt/airflow/dags/hello_airflow.py for tasks to queue
[2026-05-31T09:11:20.578+0000] {logging_mixin.py:190} INFO - [2026-05-31T09:11:20.578+0000] {dagbag.py:588} INFO - Filling up the DagBag from /opt/airflow/dags/hello_airflow.py
[2026-05-31T09:11:20.588+0000] {processor.py:925} INFO - DAG(s) 'hello_airflow' retrieved from /opt/airflow/dags/hello_airflow.py
[2026-05-31T09:11:20.607+0000] {logging_mixin.py:190} INFO - [2026-05-31T09:11:20.606+0000] {dag.py:3239} INFO - Sync 1 DAGs
[2026-05-31T09:11:20.630+0000] {logging_mixin.py:190} INFO - [2026-05-31T09:11:20.629+0000] {dag.py:4180} INFO - Setting next_dagrun for hello_airflow to 2026-05-31 09:10:00+00:00, run_after=2026-05-31 09:11:00+00:00
[2026-05-31T09:11:20.647+0000] {processor.py:208} INFO - Processing /opt/airflow/dags/hello_airflow.py took 0.080 seconds
[2026-05-31T09:11:51.481+0000] {processor.py:186} INFO - Started process (PID=14059) to work on /opt/airflow/dags/hello_airflow.py
[2026-05-31T09:11:51.482+0000] {processor.py:914} INFO - Processing file /opt/airflow/dags/hello_airflow.py for tasks to queue
[2026-05-31T09:11:51.484+0000] {logging_mixin.py:190} INFO - [2026-05-31T09:11:51.484+0000] {dagbag.py:588} INFO - Filling up the DagBag from /opt/airflow/dags/hello_airflow.py
[2026-05-31T09:11:51.493+0000] {processor.py:925} INFO - DAG(s) 'hello_airflow' retrieved from /opt/airflow/dags/hello_airflow.py
[2026-05-31T09:11:51.511+0000] {logging_mixin.py:190} INFO - [2026-05-31T09:11:51.511+0000] {dag.py:3239} INFO - Sync 1 DAGs
[2026-05-31T09:11:51.533+0000] {logging_mixin.py:190} INFO - [2026-05-31T09:11:51.533+0000] {dag.py:4180} INFO - Setting next_dagrun for hello_airflow to 2026-05-31 09:10:00+00:00, run_after=2026-05-31 09:11:00+00:00
[2026-05-31T09:11:51.547+0000] {processor.py:208} INFO - Processing /opt/airflow/dags/hello_airflow.py took 0.071 seconds
[2026-05-31T09:12:22.842+0000] {processor.py:186} INFO - Started process (PID=14082) to work on /opt/airflow/dags/hello_airflow.py
[2026-05-31T09:12:22.843+0000] {processor.py:914} INFO - Processing file /opt/airflow/dags/hello_airflow.py for tasks to queue
[2026-05-31T09:12:22.845+0000] {logging_mixin.py:190} INFO - [2026-05-31T09:12:22.845+0000] {dagbag.py:588} INFO - Filling up the DagBag from /opt/airflow/dags/hello_airflow.py
[2026-05-31T09:12:22.853+0000] {processor.py:925} INFO - DAG(s) 'hello_airflow' retrieved from /opt/airflow/dags/hello_airflow.py
[2026-05-31T09:12:22.871+0000] {logging_mixin.py:190} INFO - [2026-05-31T09:12:22.871+0000] {dag.py:3239} INFO - Sync 1 DAGs
[2026-05-31T09:12:22.898+0000] {logging_mixin.py:190} INFO - [2026-05-31T09:12:22.898+0000] {dag.py:4180} INFO - Setting next_dagrun for hello_airflow to 2026-05-31 09:11:00+00:00, run_after=2026-05-31 09:12:00+00:00
[2026-05-31T09:12:22.912+0000] {processor.py:208} INFO - Processing /opt/airflow/dags/hello_airflow.py took 0.075 seconds
[2026-05-31T09:12:53.817+0000] {processor.py:186} INFO - Started process (PID=14107) to work on /opt/airflow/dags/hello_airflow.py
[2026-05-31T09:12:53.818+0000] {processor.py:914} INFO - Processing file /opt/airflow/dags/hello_airflow.py for tasks to queue
[2026-05-31T09:12:53.821+0000] {logging_mixin.py:190} INFO - [2026-05-31T09:12:53.821+0000] {dagbag.py:588} INFO - Filling up the DagBag from /opt/airflow/dags/hello_airflow.py
[2026-05-31T09:12:53.831+0000] {processor.py:925} INFO - DAG(s) 'hello_airflow' retrieved from /opt/airflow/dags/hello_airflow.py
[2026-05-31T09:12:53.850+0000] {logging_mixin.py:190} INFO - [2026-05-31T09:12:53.850+0000] {dag.py:3239} INFO - Sync 1 DAGs
[2026-05-31T09:12:53.872+0000] {logging_mixin.py:190} INFO - [2026-05-31T09:12:53.872+0000] {dag.py:4180} INFO - Setting next_dagrun for hello_airflow to 2026-05-31 09:11:00+00:00, run_after=2026-05-31 09:12:00+00:00
[2026-05-31T09:12:53.888+0000] {processor.py:208} INFO - Processing /opt/airflow/dags/hello_airflow.py took 0.076 seconds
[2026-05-31T09:13:25.720+0000] {processor.py:186} INFO - Started process (PID=14131) to work on /opt/airflow/dags/hello_airflow.py
[2026-05-31T09:13:25.721+0000] {processor.py:914} INFO - Processing file /opt/airflow/dags/hello_airflow.py for tasks to queue
[2026-05-31T09:13:25.723+0000] {logging_mixin.py:190} INFO - [2026-05-31T09:13:25.723+0000] {dagbag.py:588} INFO - Filling up the DagBag from /opt/airflow/dags/hello_airflow.py
[2026-05-31T09:13:25.732+0000] {processor.py:925} INFO - DAG(s) 'hello_airflow' retrieved from /opt/airflow/dags/hello_airflow.py
[2026-05-31T09:13:25.752+0000] {logging_mixin.py:190} INFO - [2026-05-31T09:13:25.752+0000] {dag.py:3239} INFO - Sync 1 DAGs
[2026-05-31T09:13:25.774+0000] {logging_mixin.py:190} INFO - [2026-05-31T09:13:25.774+0000] {dag.py:4180} INFO - Setting next_dagrun for hello_airflow to 2026-05-31 09:12:00+00:00, run_after=2026-05-31 09:13:00+00:00
[2026-05-31T09:13:25.791+0000] {processor.py:208} INFO - Processing /opt/airflow/dags/hello_airflow.py took 0.076 seconds
[2026-05-31T09:13:56.705+0000] {processor.py:186} INFO - Started process (PID=14155) to work on /opt/airflow/dags/hello_airflow.py
[2026-05-31T09:13:56.707+0000] {processor.py:914} INFO - Processing file /opt/airflow/dags/hello_airflow.py for tasks to queue
[2026-05-31T09:13:56.712+0000] {logging_mixin.py:190} INFO - [2026-05-31T09:13:56.712+0000] {dagbag.py:588} INFO - Filling up the DagBag from /opt/airflow/dags/hello_airflow.py
[2026-05-31T09:13:56.733+0000] {processor.py:925} INFO - DAG(s) 'hello_airflow' retrieved from /opt/airflow/dags/hello_airflow.py
[2026-05-31T09:13:56.778+0000] {logging_mixin.py:190} INFO - [2026-05-31T09:13:56.778+0000] {dag.py:3239} INFO - Sync 1 DAGs
[2026-05-31T09:13:56.828+0000] {logging_mixin.py:190} INFO - [2026-05-31T09:13:56.828+0000] {dag.py:4180} INFO - Setting next_dagrun for hello_airflow to 2026-05-31 09:12:00+00:00, run_after=2026-05-31 09:13:00+00:00
[2026-05-31T09:13:56.858+0000] {processor.py:208} INFO - Processing /opt/airflow/dags/hello_airflow.py took 0.177 seconds
[2026-05-31T09:14:27.886+0000] {processor.py:186} INFO - Started process (PID=14178) to work on /opt/airflow/dags/hello_airflow.py
[2026-05-31T09:14:27.886+0000] {processor.py:914} INFO - Processing file /opt/airflow/dags/hello_airflow.py for tasks to queue
[2026-05-31T09:14:27.888+0000] {logging_mixin.py:190} INFO - [2026-05-31T09:14:27.888+0000] {dagbag.py:588} INFO - Filling up the DagBag from /opt/airflow/dags/hello_airflow.py
[2026-05-31T09:14:27.896+0000] {processor.py:925} INFO - DAG(s) 'hello_airflow' retrieved from /opt/airflow/dags/hello_airflow.py
[2026-05-31T09:14:27.916+0000] {logging_mixin.py:190} INFO - [2026-05-31T09:14:27.916+0000] {dag.py:3239} INFO - Sync 1 DAGs
[2026-05-31T09:14:27.939+0000] {logging_mixin.py:190} INFO - [2026-05-31T09:14:27.939+0000] {dag.py:4180} INFO - Setting next_dagrun for hello_airflow to 2026-05-31 09:13:00+00:00, run_after=2026-05-31 09:14:00+00:00
[2026-05-31T09:14:27.954+0000] {processor.py:208} INFO - Processing /opt/airflow/dags/hello_airflow.py took 0.073 seconds
[2026-05-31T09:14:58.897+0000] {processor.py:186} INFO - Started process (PID=14202) to work on /opt/airflow/dags/hello_airflow.py
[2026-05-31T09:14:58.899+0000] {processor.py:914} INFO - Processing file /opt/airflow/dags/hello_airflow.py for tasks to queue
[2026-05-31T09:14:58.901+0000] {logging_mixin.py:190} INFO - [2026-05-31T09:14:58.900+0000] {dagbag.py:588} INFO - Filling up the DagBag from /opt/airflow/dags/hello_airflow.py
[2026-05-31T09:14:58.909+0000] {processor.py:925} INFO - DAG(s) 'hello_airflow' retrieved from /opt/airflow/dags/hello_airflow.py
[2026-05-31T09:14:58.927+0000] {logging_mixin.py:190} INFO - [2026-05-31T09:14:58.927+0000] {dag.py:3239} INFO - Sync 1 DAGs
[2026-05-31T09:14:58.950+0000] {logging_mixin.py:190} INFO - [2026-05-31T09:14:58.950+0000] {dag.py:4180} INFO - Setting next_dagrun for hello_airflow to 2026-05-31 09:13:00+00:00, run_after=2026-05-31 09:14:00+00:00
[2026-05-31T09:14:58.965+0000] {processor.py:208} INFO - Processing /opt/airflow/dags/hello_airflow.py took 0.073 seconds
[2026-05-31T09:15:30.138+0000] {processor.py:186} INFO - Started process (PID=14227) to work on /opt/airflow/dags/hello_airflow.py
[2026-05-31T09:15:30.140+0000] {processor.py:914} INFO - Processing file /opt/airflow/dags/hello_airflow.py for tasks to queue
[2026-05-31T09:15:30.143+0000] {logging_mixin.py:190} INFO - [2026-05-31T09:15:30.142+0000] {dagbag.py:588} INFO - Filling up the DagBag from /opt/airflow/dags/hello_airflow.py
[2026-05-31T09:15:30.152+0000] {processor.py:925} INFO - DAG(s) 'hello_airflow' retrieved from /opt/airflow/dags/hello_airflow.py
[2026-05-31T09:15:30.172+0000] {logging_mixin.py:190} INFO - [2026-05-31T09:15:30.171+0000] {dag.py:3239} INFO - Sync 1 DAGs
[2026-05-31T09:15:30.195+0000] {logging_mixin.py:190} INFO - [2026-05-31T09:15:30.195+0000] {dag.py:4180} INFO - Setting next_dagrun for hello_airflow to 2026-05-31 09:14:00+00:00, run_after=2026-05-31 09:15:00+00:00
[2026-05-31T09:15:30.209+0000] {processor.py:208} INFO - Processing /opt/airflow/dags/hello_airflow.py took 0.076 seconds
[2026-05-31T09:16:00.686+0000] {processor.py:186} INFO - Started process (PID=14252) to work on /opt/airflow/dags/hello_airflow.py
[2026-05-31T09:16:00.688+0000] {processor.py:914} INFO - Processing file /opt/airflow/dags/hello_airflow.py for tasks to queue
[2026-05-31T09:16:00.692+0000] {logging_mixin.py:190} INFO - [2026-05-31T09:16:00.692+0000] {dagbag.py:588} INFO - Filling up the DagBag from /opt/airflow/dags/hello_airflow.py
[2026-05-31T09:16:00.700+0000] {processor.py:925} INFO - DAG(s) 'hello_airflow' retrieved from /opt/airflow/dags/hello_airflow.py
[2026-05-31T09:16:00.721+0000] {logging_mixin.py:190} INFO - [2026-05-31T09:16:00.721+0000] {dag.py:3239} INFO - Sync 1 DAGs
[2026-05-31T09:16:00.760+0000] {logging_mixin.py:190} INFO - [2026-05-31T09:16:00.760+0000] {dag.py:4180} INFO - Setting next_dagrun for hello_airflow to 2026-05-31 09:15:00+00:00, run_after=2026-05-31 09:16:00+00:00
[2026-05-31T09:16:00.780+0000] {processor.py:208} INFO - Processing /opt/airflow/dags/hello_airflow.py took 0.099 seconds
[2026-05-31T09:16:30.900+0000] {processor.py:186} INFO - Started process (PID=14274) to work on /opt/airflow/dags/hello_airflow.py
[2026-05-31T09:16:30.901+0000] {processor.py:914} INFO - Processing file /opt/airflow/dags/hello_airflow.py for tasks to queue
[2026-05-31T09:16:30.904+0000] {logging_mixin.py:190} INFO - [2026-05-31T09:16:30.903+0000] {dagbag.py:588} INFO - Filling up the DagBag from /opt/airflow/dags/hello_airflow.py
[2026-05-31T09:16:30.912+0000] {processor.py:925} INFO - DAG(s) 'hello_airflow' retrieved from /opt/airflow/dags/hello_airflow.py
[2026-05-31T09:16:30.932+0000] {logging_mixin.py:190} INFO - [2026-05-31T09:16:30.932+0000] {dag.py:3239} INFO - Sync 1 DAGs
[2026-05-31T09:16:30.954+0000] {logging_mixin.py:190} INFO - [2026-05-31T09:16:30.954+0000] {dag.py:4180} INFO - Setting next_dagrun for hello_airflow to 2026-05-31 09:15:00+00:00, run_after=2026-05-31 09:16:00+00:00
[2026-05-31T09:16:30.973+0000] {processor.py:208} INFO - Processing /opt/airflow/dags/hello_airflow.py took 0.078 seconds
[2026-05-31T09:17:01.534+0000] {processor.py:186} INFO - Started process (PID=14298) to work on /opt/airflow/dags/hello_airflow.py
[2026-05-31T09:17:01.536+0000] {processor.py:914} INFO - Processing file /opt/airflow/dags/hello_airflow.py for tasks to queue
[2026-05-31T09:17:01.538+0000] {logging_mixin.py:190} INFO - [2026-05-31T09:17:01.538+0000] {dagbag.py:588} INFO - Filling up the DagBag from /opt/airflow/dags/hello_airflow.py
[2026-05-31T09:17:01.546+0000] {processor.py:925} INFO - DAG(s) 'hello_airflow' retrieved from /opt/airflow/dags/hello_airflow.py
[2026-05-31T09:17:01.566+0000] {logging_mixin.py:190} INFO - [2026-05-31T09:17:01.566+0000] {dag.py:3239} INFO - Sync 1 DAGs
[2026-05-31T09:17:01.594+0000] {logging_mixin.py:190} INFO - [2026-05-31T09:17:01.593+0000] {dag.py:4180} INFO - Setting next_dagrun for hello_airflow to 2026-05-31 09:16:00+00:00, run_after=2026-05-31 09:17:00+00:00
[2026-05-31T09:17:01.610+0000] {processor.py:208} INFO - Processing /opt/airflow/dags/hello_airflow.py took 0.081 seconds
[2026-05-31T09:17:31.751+0000] {processor.py:186} INFO - Started process (PID=14320) to work on /opt/airflow/dags/hello_airflow.py
[2026-05-31T09:17:31.755+0000] {processor.py:914} INFO - Processing file /opt/airflow/dags/hello_airflow.py for tasks to queue
[2026-05-31T09:17:31.759+0000] {logging_mixin.py:190} INFO - [2026-05-31T09:17:31.759+0000] {dagbag.py:588} INFO - Filling up the DagBag from /opt/airflow/dags/hello_airflow.py
[2026-05-31T09:17:31.777+0000] {processor.py:925} INFO - DAG(s) 'hello_airflow' retrieved from /opt/airflow/dags/hello_airflow.py
[2026-05-31T09:17:31.818+0000] {logging_mixin.py:190} INFO - [2026-05-31T09:17:31.818+0000] {dag.py:3239} INFO - Sync 1 DAGs
[2026-05-31T09:17:31.860+0000] {logging_mixin.py:190} INFO - [2026-05-31T09:17:31.860+0000] {dag.py:4180} INFO - Setting next_dagrun for hello_airflow to 2026-05-31 09:16:00+00:00, run_after=2026-05-31 09:17:00+00:00
[2026-05-31T09:17:31.901+0000] {processor.py:208} INFO - Processing /opt/airflow/dags/hello_airflow.py took 0.163 seconds
[2026-05-31T09:18:02.311+0000] {processor.py:186} INFO - Started process (PID=14345) to work on /opt/airflow/dags/hello_airflow.py
[2026-05-31T09:18:02.312+0000] {processor.py:914} INFO - Processing file /opt/airflow/dags/hello_airflow.py for tasks to queue
[2026-05-31T09:18:02.314+0000] {logging_mixin.py:190} INFO - [2026-05-31T09:18:02.314+0000] {dagbag.py:588} INFO - Filling up the DagBag from /opt/airflow/dags/hello_airflow.py
[2026-05-31T09:18:02.323+0000] {processor.py:925} INFO - DAG(s) 'hello_airflow' retrieved from /opt/airflow/dags/hello_airflow.py
[2026-05-31T09:18:02.343+0000] {logging_mixin.py:190} INFO - [2026-05-31T09:18:02.343+0000] {dag.py:3239} INFO - Sync 1 DAGs
[2026-05-31T09:18:02.368+0000] {logging_mixin.py:190} INFO - [2026-05-31T09:18:02.367+0000] {dag.py:4180} INFO - Setting next_dagrun for hello_airflow to 2026-05-31 09:17:00+00:00, run_after=2026-05-31 09:18:00+00:00
[2026-05-31T09:18:02.386+0000] {processor.py:208} INFO - Processing /opt/airflow/dags/hello_airflow.py took 0.081 seconds
[2026-05-31T09:18:33.336+0000] {processor.py:186} INFO - Started process (PID=14364) to work on /opt/airflow/dags/hello_airflow.py
[2026-05-31T09:18:33.339+0000] {processor.py:914} INFO - Processing file /opt/airflow/dags/hello_airflow.py for tasks to queue
[2026-05-31T09:18:33.343+0000] {logging_mixin.py:190} INFO - [2026-05-31T09:18:33.343+0000] {dagbag.py:588} INFO - Filling up the DagBag from /opt/airflow/dags/hello_airflow.py
[2026-05-31T09:18:33.354+0000] {processor.py:925} INFO - DAG(s) 'hello_airflow' retrieved from /opt/airflow/dags/hello_airflow.py
[2026-05-31T09:18:33.377+0000] {logging_mixin.py:190} INFO - [2026-05-31T09:18:33.377+0000] {dag.py:3239} INFO - Sync 1 DAGs
[2026-05-31T09:18:33.404+0000] {logging_mixin.py:190} INFO - [2026-05-31T09:18:33.403+0000] {dag.py:4180} INFO - Setting next_dagrun for hello_airflow to 2026-05-31 09:17:00+00:00, run_after=2026-05-31 09:18:00+00:00
[2026-05-31T09:18:33.419+0000] {processor.py:208} INFO - Processing /opt/airflow/dags/hello_airflow.py took 0.090 seconds
[2026-05-31T09:19:03.693+0000] {processor.py:186} INFO - Started process (PID=14386) to work on /opt/airflow/dags/hello_airflow.py
[2026-05-31T09:19:03.693+0000] {processor.py:914} INFO - Processing file /opt/airflow/dags/hello_airflow.py for tasks to queue
[2026-05-31T09:19:03.696+0000] {logging_mixin.py:190} INFO - [2026-05-31T09:19:03.695+0000] {dagbag.py:588} INFO - Filling up the DagBag from /opt/airflow/dags/hello_airflow.py
[2026-05-31T09:19:03.705+0000] {processor.py:925} INFO - DAG(s) 'hello_airflow' retrieved from /opt/airflow/dags/hello_airflow.py
[2026-05-31T09:19:03.731+0000] {logging_mixin.py:190} INFO - [2026-05-31T09:19:03.730+0000] {dag.py:3239} INFO - Sync 1 DAGs
[2026-05-31T09:19:03.766+0000] {logging_mixin.py:190} INFO - [2026-05-31T09:19:03.765+0000] {dag.py:4180} INFO - Setting next_dagrun for hello_airflow to 2026-05-31 09:18:00+00:00, run_after=2026-05-31 09:19:00+00:00
[2026-05-31T09:19:03.780+0000] {processor.py:208} INFO - Processing /opt/airflow/dags/hello_airflow.py took 0.094 seconds
[2026-05-31T09:19:34.264+0000] {processor.py:186} INFO - Started process (PID=14410) to work on /opt/airflow/dags/hello_airflow.py
[2026-05-31T09:19:34.266+0000] {processor.py:914} INFO - Processing file /opt/airflow/dags/hello_airflow.py for tasks to queue
[2026-05-31T09:19:34.268+0000] {logging_mixin.py:190} INFO - [2026-05-31T09:19:34.267+0000] {dagbag.py:588} INFO - Filling up the DagBag from /opt/airflow/dags/hello_airflow.py
[2026-05-31T09:19:34.276+0000] {processor.py:925} INFO - DAG(s) 'hello_airflow' retrieved from /opt/airflow/dags/hello_airflow.py
[2026-05-31T09:19:34.294+0000] {logging_mixin.py:190} INFO - [2026-05-31T09:19:34.293+0000] {dag.py:3239} INFO - Sync 1 DAGs
[2026-05-31T09:19:34.322+0000] {logging_mixin.py:190} INFO - [2026-05-31T09:19:34.322+0000] {dag.py:4180} INFO - Setting next_dagrun for hello_airflow to 2026-05-31 09:18:00+00:00, run_after=2026-05-31 09:19:00+00:00
[2026-05-31T09:19:34.338+0000] {processor.py:208} INFO - Processing /opt/airflow/dags/hello_airflow.py took 0.079 seconds
[2026-05-31T09:20:04.685+0000] {processor.py:186} INFO - Started process (PID=14434) to work on /opt/airflow/dags/hello_airflow.py
[2026-05-31T09:20:04.686+0000] {processor.py:914} INFO - Processing file /opt/airflow/dags/hello_airflow.py for tasks to queue
[2026-05-31T09:20:04.688+0000] {logging_mixin.py:190} INFO - [2026-05-31T09:20:04.687+0000] {dagbag.py:588} INFO - Filling up the DagBag from /opt/airflow/dags/hello_airflow.py
[2026-05-31T09:20:04.695+0000] {processor.py:925} INFO - DAG(s) 'hello_airflow' retrieved from /opt/airflow/dags/hello_airflow.py
[2026-05-31T09:20:04.715+0000] {logging_mixin.py:190} INFO - [2026-05-31T09:20:04.715+0000] {dag.py:3239} INFO - Sync 1 DAGs
[2026-05-31T09:20:04.734+0000] {logging_mixin.py:190} INFO - [2026-05-31T09:20:04.734+0000] {dag.py:4180} INFO - Setting next_dagrun for hello_airflow to 2026-05-31 09:19:00+00:00, run_after=2026-05-31 09:20:00+00:00
[2026-05-31T09:20:04.747+0000] {processor.py:208} INFO - Processing /opt/airflow/dags/hello_airflow.py took 0.067 seconds
[2026-05-31T09:20:35.081+0000] {processor.py:186} INFO - Started process (PID=14458) to work on /opt/airflow/dags/hello_airflow.py
[2026-05-31T09:20:35.082+0000] {processor.py:914} INFO - Processing file /opt/airflow/dags/hello_airflow.py for tasks to queue
[2026-05-31T09:20:35.084+0000] {logging_mixin.py:190} INFO - [2026-05-31T09:20:35.083+0000] {dagbag.py:588} INFO - Filling up the DagBag from /opt/airflow/dags/hello_airflow.py
[2026-05-31T09:20:35.092+0000] {processor.py:925} INFO - DAG(s) 'hello_airflow' retrieved from /opt/airflow/dags/hello_airflow.py
[2026-05-31T09:20:35.117+0000] {logging_mixin.py:190} INFO - [2026-05-31T09:20:35.117+0000] {dag.py:3239} INFO - Sync 1 DAGs
[2026-05-31T09:20:35.141+0000] {logging_mixin.py:190} INFO - [2026-05-31T09:20:35.141+0000] {dag.py:4180} INFO - Setting next_dagrun for hello_airflow to 2026-05-31 09:19:00+00:00, run_after=2026-05-31 09:20:00+00:00
[2026-05-31T09:20:35.157+0000] {processor.py:208} INFO - Processing /opt/airflow/dags/hello_airflow.py took 0.082 seconds
[2026-05-31T09:21:05.532+0000] {processor.py:186} INFO - Started process (PID=14482) to work on /opt/airflow/dags/hello_airflow.py
[2026-05-31T09:21:05.533+0000] {processor.py:914} INFO - Processing file /opt/airflow/dags/hello_airflow.py for tasks to queue
[2026-05-31T09:21:05.535+0000] {logging_mixin.py:190} INFO - [2026-05-31T09:21:05.535+0000] {dagbag.py:588} INFO - Filling up the DagBag from /opt/airflow/dags/hello_airflow.py
[2026-05-31T09:21:05.544+0000] {processor.py:925} INFO - DAG(s) 'hello_airflow' retrieved from /opt/airflow/dags/hello_airflow.py
[2026-05-31T09:21:05.563+0000] {logging_mixin.py:190} INFO - [2026-05-31T09:21:05.563+0000] {dag.py:3239} INFO - Sync 1 DAGs
[2026-05-31T09:21:05.584+0000] {logging_mixin.py:190} INFO - [2026-05-31T09:21:05.584+0000] {dag.py:4180} INFO - Setting next_dagrun for hello_airflow to 2026-05-31 09:20:00+00:00, run_after=2026-05-31 09:21:00+00:00
[2026-05-31T09:21:05.598+0000] {processor.py:208} INFO - Processing /opt/airflow/dags/hello_airflow.py took 0.071 seconds
[2026-05-31T09:21:36.031+0000] {processor.py:186} INFO - Started process (PID=14507) to work on /opt/airflow/dags/hello_airflow.py
[2026-05-31T09:21:36.032+0000] {processor.py:914} INFO - Processing file /opt/airflow/dags/hello_airflow.py for tasks to queue
[2026-05-31T09:21:36.034+0000] {logging_mixin.py:190} INFO - [2026-05-31T09:21:36.034+0000] {dagbag.py:588} INFO - Filling up the DagBag from /opt/airflow/dags/hello_airflow.py
[2026-05-31T09:21:36.043+0000] {processor.py:925} INFO - DAG(s) 'hello_airflow' retrieved from /opt/airflow/dags/hello_airflow.py
[2026-05-31T09:21:36.062+0000] {logging_mixin.py:190} INFO - [2026-05-31T09:21:36.062+0000] {dag.py:3239} INFO - Sync 1 DAGs
[2026-05-31T09:21:36.093+0000] {logging_mixin.py:190} INFO - [2026-05-31T09:21:36.093+0000] {dag.py:4180} INFO - Setting next_dagrun for hello_airflow to 2026-05-31 09:20:00+00:00, run_after=2026-05-31 09:21:00+00:00
[2026-05-31T09:21:36.135+0000] {processor.py:208} INFO - Processing /opt/airflow/dags/hello_airflow.py took 0.108 seconds
[2026-05-31T09:22:06.553+0000] {processor.py:186} INFO - Started process (PID=14532) to work on /opt/airflow/dags/hello_airflow.py
[2026-05-31T09:22:06.554+0000] {processor.py:914} INFO - Processing file /opt/airflow/dags/hello_airflow.py for tasks to queue
[2026-05-31T09:22:06.556+0000] {logging_mixin.py:190} INFO - [2026-05-31T09:22:06.556+0000] {dagbag.py:588} INFO - Filling up the DagBag from /opt/airflow/dags/hello_airflow.py
[2026-05-31T09:22:06.566+0000] {processor.py:925} INFO - DAG(s) 'hello_airflow' retrieved from /opt/airflow/dags/hello_airflow.py
[2026-05-31T09:22:06.594+0000] {logging_mixin.py:190} INFO - [2026-05-31T09:22:06.594+0000] {dag.py:3239} INFO - Sync 1 DAGs
[2026-05-31T09:22:06.620+0000] {logging_mixin.py:190} INFO - [2026-05-31T09:22:06.619+0000] {dag.py:4180} INFO - Setting next_dagrun for hello_airflow to 2026-05-31 09:21:00+00:00, run_after=2026-05-31 09:22:00+00:00
[2026-05-31T09:22:06.635+0000] {processor.py:208} INFO - Processing /opt/airflow/dags/hello_airflow.py took 0.090 seconds
[2026-05-31T09:22:36.730+0000] {processor.py:186} INFO - Started process (PID=14556) to work on /opt/airflow/dags/hello_airflow.py
[2026-05-31T09:22:36.731+0000] {processor.py:914} INFO - Processing file /opt/airflow/dags/hello_airflow.py for tasks to queue
[2026-05-31T09:22:36.735+0000] {logging_mixin.py:190} INFO - [2026-05-31T09:22:36.733+0000] {dagbag.py:588} INFO - Filling up the DagBag from /opt/airflow/dags/hello_airflow.py
[2026-05-31T09:22:36.744+0000] {processor.py:925} INFO - DAG(s) 'hello_airflow' retrieved from /opt/airflow/dags/hello_airflow.py
[2026-05-31T09:22:36.767+0000] {logging_mixin.py:190} INFO - [2026-05-31T09:22:36.765+0000] {dag.py:3239} INFO - Sync 1 DAGs
[2026-05-31T09:22:36.793+0000] {logging_mixin.py:190} INFO - [2026-05-31T09:22:36.793+0000] {dag.py:4180} INFO - Setting next_dagrun for hello_airflow to 2026-05-31 09:21:00+00:00, run_after=2026-05-31 09:22:00+00:00
[2026-05-31T09:22:36.811+0000] {processor.py:208} INFO - Processing /opt/airflow/dags/hello_airflow.py took 0.088 seconds
[2026-05-31T09:23:07.502+0000] {processor.py:186} INFO - Started process (PID=14580) to work on /opt/airflow/dags/hello_airflow.py
[2026-05-31T09:23:07.503+0000] {processor.py:914} INFO - Processing file /opt/airflow/dags/hello_airflow.py for tasks to queue
[2026-05-31T09:23:07.506+0000] {logging_mixin.py:190} INFO - [2026-05-31T09:23:07.505+0000] {dagbag.py:588} INFO - Filling up the DagBag from /opt/airflow/dags/hello_airflow.py
[2026-05-31T09:23:07.516+0000] {processor.py:925} INFO - DAG(s) 'hello_airflow' retrieved from /opt/airflow/dags/hello_airflow.py
[2026-05-31T09:23:07.536+0000] {logging_mixin.py:190} INFO - [2026-05-31T09:23:07.536+0000] {dag.py:3239} INFO - Sync 1 DAGs
[2026-05-31T09:23:07.588+0000] {logging_mixin.py:190} INFO - [2026-05-31T09:23:07.588+0000] {dag.py:4180} INFO - Setting next_dagrun for hello_airflow to 2026-05-31 09:22:00+00:00, run_after=2026-05-31 09:23:00+00:00
[2026-05-31T09:23:07.605+0000] {processor.py:208} INFO - Processing /opt/airflow/dags/hello_airflow.py took 0.110 seconds
[2026-05-31T09:23:38.678+0000] {processor.py:186} INFO - Started process (PID=14605) to work on /opt/airflow/dags/hello_airflow.py
[2026-05-31T09:23:38.684+0000] {processor.py:914} INFO - Processing file /opt/airflow/dags/hello_airflow.py for tasks to queue
[2026-05-31T09:23:38.705+0000] {logging_mixin.py:190} INFO - [2026-05-31T09:23:38.704+0000] {dagbag.py:588} INFO - Filling up the DagBag from /opt/airflow/dags/hello_airflow.py
[2026-05-31T09:23:38.724+0000] {processor.py:925} INFO - DAG(s) 'hello_airflow' retrieved from /opt/airflow/dags/hello_airflow.py
[2026-05-31T09:23:38.838+0000] {logging_mixin.py:190} INFO - [2026-05-31T09:23:38.838+0000] {dag.py:3239} INFO - Sync 1 DAGs
[2026-05-31T09:23:38.871+0000] {logging_mixin.py:190} INFO - [2026-05-31T09:23:38.869+0000] {dag.py:4180} INFO - Setting next_dagrun for hello_airflow to 2026-05-31 09:22:00+00:00, run_after=2026-05-31 09:23:00+00:00
[2026-05-31T09:23:38.893+0000] {processor.py:208} INFO - Processing /opt/airflow/dags/hello_airflow.py took 0.238 seconds
[2026-05-31T09:24:09.582+0000] {processor.py:186} INFO - Started process (PID=14624) to work on /opt/airflow/dags/hello_airflow.py
[2026-05-31T09:24:09.583+0000] {processor.py:914} INFO - Processing file /opt/airflow/dags/hello_airflow.py for tasks to queue
[2026-05-31T09:24:09.585+0000] {logging_mixin.py:190} INFO - [2026-05-31T09:24:09.585+0000] {dagbag.py:588} INFO - Filling up the DagBag from /opt/airflow/dags/hello_airflow.py
[2026-05-31T09:24:09.593+0000] {processor.py:925} INFO - DAG(s) 'hello_airflow' retrieved from /opt/airflow/dags/hello_airflow.py
[2026-05-31T09:24:09.611+0000] {logging_mixin.py:190} INFO - [2026-05-31T09:24:09.610+0000] {dag.py:3239} INFO - Sync 1 DAGs
[2026-05-31T09:24:09.633+0000] {logging_mixin.py:190} INFO - [2026-05-31T09:24:09.633+0000] {dag.py:4180} INFO - Setting next_dagrun for hello_airflow to 2026-05-31 09:23:00+00:00, run_after=2026-05-31 09:24:00+00:00
[2026-05-31T09:24:09.648+0000] {processor.py:208} INFO - Processing /opt/airflow/dags/hello_airflow.py took 0.071 seconds
[2026-05-31T09:24:39.762+0000] {processor.py:186} INFO - Started process (PID=14647) to work on /opt/airflow/dags/hello_airflow.py
[2026-05-31T09:24:39.764+0000] {processor.py:914} INFO - Processing file /opt/airflow/dags/hello_airflow.py for tasks to queue
[2026-05-31T09:24:39.767+0000] {logging_mixin.py:190} INFO - [2026-05-31T09:24:39.766+0000] {dagbag.py:588} INFO - Filling up the DagBag from /opt/airflow/dags/hello_airflow.py
[2026-05-31T09:24:39.775+0000] {processor.py:925} INFO - DAG(s) 'hello_airflow' retrieved from /opt/airflow/dags/hello_airflow.py
[2026-05-31T09:24:39.793+0000] {logging_mixin.py:190} INFO - [2026-05-31T09:24:39.793+0000] {dag.py:3239} INFO - Sync 1 DAGs
[2026-05-31T09:24:39.815+0000] {logging_mixin.py:190} INFO - [2026-05-31T09:24:39.815+0000] {dag.py:4180} INFO - Setting next_dagrun for hello_airflow to 2026-05-31 09:23:00+00:00, run_after=2026-05-31 09:24:00+00:00
[2026-05-31T09:24:39.828+0000] {processor.py:208} INFO - Processing /opt/airflow/dags/hello_airflow.py took 0.077 seconds
[2026-05-31T09:25:09.864+0000] {processor.py:186} INFO - Started process (PID=14670) to work on /opt/airflow/dags/hello_airflow.py
[2026-05-31T09:25:09.864+0000] {processor.py:914} INFO - Processing file /opt/airflow/dags/hello_airflow.py for tasks to queue
[2026-05-31T09:25:09.866+0000] {logging_mixin.py:190} INFO - [2026-05-31T09:25:09.866+0000] {dagbag.py:588} INFO - Filling up the DagBag from /opt/airflow/dags/hello_airflow.py
[2026-05-31T09:25:09.875+0000] {processor.py:925} INFO - DAG(s) 'hello_airflow' retrieved from /opt/airflow/dags/hello_airflow.py
[2026-05-31T09:25:09.893+0000] {logging_mixin.py:190} INFO - [2026-05-31T09:25:09.893+0000] {dag.py:3239} INFO - Sync 1 DAGs
[2026-05-31T09:25:09.914+0000] {logging_mixin.py:190} INFO - [2026-05-31T09:25:09.914+0000] {dag.py:4180} INFO - Setting next_dagrun for hello_airflow to 2026-05-31 09:24:00+00:00, run_after=2026-05-31 09:25:00+00:00
[2026-05-31T09:25:09.930+0000] {processor.py:208} INFO - Processing /opt/airflow/dags/hello_airflow.py took 0.072 seconds
[2026-05-31T09:25:40.003+0000] {processor.py:186} INFO - Started process (PID=14694) to work on /opt/airflow/dags/hello_airflow.py
[2026-05-31T09:25:40.004+0000] {processor.py:914} INFO - Processing file /opt/airflow/dags/hello_airflow.py for tasks to queue
[2026-05-31T09:25:40.006+0000] {logging_mixin.py:190} INFO - [2026-05-31T09:25:40.006+0000] {dagbag.py:588} INFO - Filling up the DagBag from /opt/airflow/dags/hello_airflow.py
[2026-05-31T09:25:40.013+0000] {processor.py:925} INFO - DAG(s) 'hello_airflow' retrieved from /opt/airflow/dags/hello_airflow.py
[2026-05-31T09:25:40.033+0000] {logging_mixin.py:190} INFO - [2026-05-31T09:25:40.033+0000] {dag.py:3239} INFO - Sync 1 DAGs
[2026-05-31T09:25:40.057+0000] {logging_mixin.py:190} INFO - [2026-05-31T09:25:40.057+0000] {dag.py:4180} INFO - Setting next_dagrun for hello_airflow to 2026-05-31 09:24:00+00:00, run_after=2026-05-31 09:25:00+00:00
[2026-05-31T09:25:40.072+0000] {processor.py:208} INFO - Processing /opt/airflow/dags/hello_airflow.py took 0.074 seconds
[2026-05-31T09:26:10.104+0000] {processor.py:186} INFO - Started process (PID=14719) to work on /opt/airflow/dags/hello_airflow.py
[2026-05-31T09:26:10.105+0000] {processor.py:914} INFO - Processing file /opt/airflow/dags/hello_airflow.py for tasks to queue
[2026-05-31T09:26:10.108+0000] {logging_mixin.py:190} INFO - [2026-05-31T09:26:10.108+0000] {dagbag.py:588} INFO - Filling up the DagBag from /opt/airflow/dags/hello_airflow.py
[2026-05-31T09:26:10.116+0000] {processor.py:925} INFO - DAG(s) 'hello_airflow' retrieved from /opt/airflow/dags/hello_airflow.py
[2026-05-31T09:26:10.134+0000] {logging_mixin.py:190} INFO - [2026-05-31T09:26:10.134+0000] {dag.py:3239} INFO - Sync 1 DAGs
[2026-05-31T09:26:10.187+0000] {logging_mixin.py:190} INFO - [2026-05-31T09:26:10.186+0000] {dag.py:4180} INFO - Setting next_dagrun for hello_airflow to 2026-05-31 09:25:00+00:00, run_after=2026-05-31 09:26:00+00:00
[2026-05-31T09:26:10.200+0000] {processor.py:208} INFO - Processing /opt/airflow/dags/hello_airflow.py took 0.101 seconds
[2026-05-31T09:26:40.325+0000] {processor.py:186} INFO - Started process (PID=14742) to work on /opt/airflow/dags/hello_airflow.py
[2026-05-31T09:26:40.326+0000] {processor.py:914} INFO - Processing file /opt/airflow/dags/hello_airflow.py for tasks to queue
[2026-05-31T09:26:40.329+0000] {logging_mixin.py:190} INFO - [2026-05-31T09:26:40.329+0000] {dagbag.py:588} INFO - Filling up the DagBag from /opt/airflow/dags/hello_airflow.py
[2026-05-31T09:26:40.338+0000] {processor.py:925} INFO - DAG(s) 'hello_airflow' retrieved from /opt/airflow/dags/hello_airflow.py
[2026-05-31T09:26:40.363+0000] {logging_mixin.py:190} INFO - [2026-05-31T09:26:40.362+0000] {dag.py:3239} INFO - Sync 1 DAGs
[2026-05-31T09:26:40.387+0000] {logging_mixin.py:190} INFO - [2026-05-31T09:26:40.387+0000] {dag.py:4180} INFO - Setting next_dagrun for hello_airflow to 2026-05-31 09:25:00+00:00, run_after=2026-05-31 09:26:00+00:00
[2026-05-31T09:26:40.403+0000] {processor.py:208} INFO - Processing /opt/airflow/dags/hello_airflow.py took 0.084 seconds
[2026-05-31T09:27:10.858+0000] {processor.py:186} INFO - Started process (PID=14766) to work on /opt/airflow/dags/hello_airflow.py
[2026-05-31T09:27:10.858+0000] {processor.py:914} INFO - Processing file /opt/airflow/dags/hello_airflow.py for tasks to queue
[2026-05-31T09:27:10.862+0000] {logging_mixin.py:190} INFO - [2026-05-31T09:27:10.861+0000] {dagbag.py:588} INFO - Filling up the DagBag from /opt/airflow/dags/hello_airflow.py
[2026-05-31T09:27:10.869+0000] {processor.py:925} INFO - DAG(s) 'hello_airflow' retrieved from /opt/airflow/dags/hello_airflow.py
[2026-05-31T09:27:10.894+0000] {logging_mixin.py:190} INFO - [2026-05-31T09:27:10.894+0000] {dag.py:3239} INFO - Sync 1 DAGs
[2026-05-31T09:27:10.918+0000] {logging_mixin.py:190} INFO - [2026-05-31T09:27:10.918+0000] {dag.py:4180} INFO - Setting next_dagrun for hello_airflow to 2026-05-31 09:26:00+00:00, run_after=2026-05-31 09:27:00+00:00
[2026-05-31T09:27:10.935+0000] {processor.py:208} INFO - Processing /opt/airflow/dags/hello_airflow.py took 0.083 seconds
[2026-05-31T09:27:41.111+0000] {processor.py:186} INFO - Started process (PID=14790) to work on /opt/airflow/dags/hello_airflow.py
[2026-05-31T09:27:41.111+0000] {processor.py:914} INFO - Processing file /opt/airflow/dags/hello_airflow.py for tasks to queue
[2026-05-31T09:27:41.113+0000] {logging_mixin.py:190} INFO - [2026-05-31T09:27:41.113+0000] {dagbag.py:588} INFO - Filling up the DagBag from /opt/airflow/dags/hello_airflow.py
[2026-05-31T09:27:41.121+0000] {processor.py:925} INFO - DAG(s) 'hello_airflow' retrieved from /opt/airflow/dags/hello_airflow.py
[2026-05-31T09:27:41.141+0000] {logging_mixin.py:190} INFO - [2026-05-31T09:27:41.141+0000] {dag.py:3239} INFO - Sync 1 DAGs
[2026-05-31T09:27:41.164+0000] {logging_mixin.py:190} INFO - [2026-05-31T09:27:41.164+0000] {dag.py:4180} INFO - Setting next_dagrun for hello_airflow to 2026-05-31 09:26:00+00:00, run_after=2026-05-31 09:27:00+00:00
[2026-05-31T09:27:41.179+0000] {processor.py:208} INFO - Processing /opt/airflow/dags/hello_airflow.py took 0.073 seconds
[2026-05-31T09:28:11.536+0000] {processor.py:186} INFO - Started process (PID=14814) to work on /opt/airflow/dags/hello_airflow.py
[2026-05-31T09:28:11.537+0000] {processor.py:914} INFO - Processing file /opt/airflow/dags/hello_airflow.py for tasks to queue
[2026-05-31T09:28:11.539+0000] {logging_mixin.py:190} INFO - [2026-05-31T09:28:11.539+0000] {dagbag.py:588} INFO - Filling up the DagBag from /opt/airflow/dags/hello_airflow.py
[2026-05-31T09:28:11.548+0000] {processor.py:925} INFO - DAG(s) 'hello_airflow' retrieved from /opt/airflow/dags/hello_airflow.py
[2026-05-31T09:28:11.569+0000] {logging_mixin.py:190} INFO - [2026-05-31T09:28:11.569+0000] {dag.py:3239} INFO - Sync 1 DAGs
[2026-05-31T09:28:11.590+0000] {logging_mixin.py:190} INFO - [2026-05-31T09:28:11.590+0000] {dag.py:4180} INFO - Setting next_dagrun for hello_airflow to 2026-05-31 09:27:00+00:00, run_after=2026-05-31 09:28:00+00:00
[2026-05-31T09:28:11.605+0000] {processor.py:208} INFO - Processing /opt/airflow/dags/hello_airflow.py took 0.076 seconds
[2026-05-31T09:28:41.725+0000] {processor.py:186} INFO - Started process (PID=14838) to work on /opt/airflow/dags/hello_airflow.py
[2026-05-31T09:28:41.725+0000] {processor.py:914} INFO - Processing file /opt/airflow/dags/hello_airflow.py for tasks to queue
[2026-05-31T09:28:41.728+0000] {logging_mixin.py:190} INFO - [2026-05-31T09:28:41.728+0000] {dagbag.py:588} INFO - Filling up the DagBag from /opt/airflow/dags/hello_airflow.py
[2026-05-31T09:28:41.736+0000] {processor.py:925} INFO - DAG(s) 'hello_airflow' retrieved from /opt/airflow/dags/hello_airflow.py
[2026-05-31T09:28:41.756+0000] {logging_mixin.py:190} INFO - [2026-05-31T09:28:41.756+0000] {dag.py:3239} INFO - Sync 1 DAGs
[2026-05-31T09:28:41.779+0000] {logging_mixin.py:190} INFO - [2026-05-31T09:28:41.779+0000] {dag.py:4180} INFO - Setting next_dagrun for hello_airflow to 2026-05-31 09:27:00+00:00, run_after=2026-05-31 09:28:00+00:00
[2026-05-31T09:28:41.794+0000] {processor.py:208} INFO - Processing /opt/airflow/dags/hello_airflow.py took 0.075 seconds
[2026-05-31T09:29:12.270+0000] {processor.py:186} INFO - Started process (PID=14862) to work on /opt/airflow/dags/hello_airflow.py
[2026-05-31T09:29:12.271+0000] {processor.py:914} INFO - Processing file /opt/airflow/dags/hello_airflow.py for tasks to queue
[2026-05-31T09:29:12.274+0000] {logging_mixin.py:190} INFO - [2026-05-31T09:29:12.274+0000] {dagbag.py:588} INFO - Filling up the DagBag from /opt/airflow/dags/hello_airflow.py
[2026-05-31T09:29:12.284+0000] {processor.py:925} INFO - DAG(s) 'hello_airflow' retrieved from /opt/airflow/dags/hello_airflow.py
[2026-05-31T09:29:12.307+0000] {logging_mixin.py:190} INFO - [2026-05-31T09:29:12.307+0000] {dag.py:3239} INFO - Sync 1 DAGs
[2026-05-31T09:29:12.328+0000] {logging_mixin.py:190} INFO - [2026-05-31T09:29:12.328+0000] {dag.py:4180} INFO - Setting next_dagrun for hello_airflow to 2026-05-31 09:28:00+00:00, run_after=2026-05-31 09:29:00+00:00
[2026-05-31T09:29:12.346+0000] {processor.py:208} INFO - Processing /opt/airflow/dags/hello_airflow.py took 0.084 seconds
[2026-05-31T09:29:42.478+0000] {processor.py:186} INFO - Started process (PID=14886) to work on /opt/airflow/dags/hello_airflow.py
[2026-05-31T09:29:42.479+0000] {processor.py:914} INFO - Processing file /opt/airflow/dags/hello_airflow.py for tasks to queue
[2026-05-31T09:29:42.480+0000] {logging_mixin.py:190} INFO - [2026-05-31T09:29:42.480+0000] {dagbag.py:588} INFO - Filling up the DagBag from /opt/airflow/dags/hello_airflow.py
[2026-05-31T09:29:42.488+0000] {processor.py:925} INFO - DAG(s) 'hello_airflow' retrieved from /opt/airflow/dags/hello_airflow.py
[2026-05-31T09:29:42.509+0000] {logging_mixin.py:190} INFO - [2026-05-31T09:29:42.509+0000] {dag.py:3239} INFO - Sync 1 DAGs
[2026-05-31T09:29:42.530+0000] {logging_mixin.py:190} INFO - [2026-05-31T09:29:42.530+0000] {dag.py:4180} INFO - Setting next_dagrun for hello_airflow to 2026-05-31 09:28:00+00:00, run_after=2026-05-31 09:29:00+00:00
[2026-05-31T09:29:42.545+0000] {processor.py:208} INFO - Processing /opt/airflow/dags/hello_airflow.py took 0.071 seconds
[2026-05-31T09:30:12.963+0000] {processor.py:186} INFO - Started process (PID=14907) to work on /opt/airflow/dags/hello_airflow.py
[2026-05-31T09:30:12.964+0000] {processor.py:914} INFO - Processing file /opt/airflow/dags/hello_airflow.py for tasks to queue
[2026-05-31T09:30:12.969+0000] {logging_mixin.py:190} INFO - [2026-05-31T09:30:12.968+0000] {dagbag.py:588} INFO - Filling up the DagBag from /opt/airflow/dags/hello_airflow.py
[2026-05-31T09:30:12.990+0000] {processor.py:925} INFO - DAG(s) 'hello_airflow' retrieved from /opt/airflow/dags/hello_airflow.py
[2026-05-31T09:30:13.040+0000] {logging_mixin.py:190} INFO - [2026-05-31T09:30:13.040+0000] {dag.py:3239} INFO - Sync 1 DAGs
[2026-05-31T09:30:13.099+0000] {logging_mixin.py:190} INFO - [2026-05-31T09:30:13.097+0000] {dag.py:4180} INFO - Setting next_dagrun for hello_airflow to 2026-05-31 09:29:00+00:00, run_after=2026-05-31 09:30:00+00:00
[2026-05-31T09:30:13.135+0000] {processor.py:208} INFO - Processing /opt/airflow/dags/hello_airflow.py took 0.190 seconds
[2026-05-31T09:30:43.170+0000] {processor.py:186} INFO - Started process (PID=14930) to work on /opt/airflow/dags/hello_airflow.py
[2026-05-31T09:30:43.170+0000] {processor.py:914} INFO - Processing file /opt/airflow/dags/hello_airflow.py for tasks to queue
[2026-05-31T09:30:43.172+0000] {logging_mixin.py:190} INFO - [2026-05-31T09:30:43.172+0000] {dagbag.py:588} INFO - Filling up the DagBag from /opt/airflow/dags/hello_airflow.py
[2026-05-31T09:30:43.180+0000] {processor.py:925} INFO - DAG(s) 'hello_airflow' retrieved from /opt/airflow/dags/hello_airflow.py
[2026-05-31T09:30:43.201+0000] {logging_mixin.py:190} INFO - [2026-05-31T09:30:43.201+0000] {dag.py:3239} INFO - Sync 1 DAGs
[2026-05-31T09:30:43.223+0000] {logging_mixin.py:190} INFO - [2026-05-31T09:30:43.222+0000] {dag.py:4180} INFO - Setting next_dagrun for hello_airflow to 2026-05-31 09:29:00+00:00, run_after=2026-05-31 09:30:00+00:00
[2026-05-31T09:30:43.239+0000] {processor.py:208} INFO - Processing /opt/airflow/dags/hello_airflow.py took 0.074 seconds
[2026-05-31T09:31:13.653+0000] {processor.py:186} INFO - Started process (PID=14955) to work on /opt/airflow/dags/hello_airflow.py
[2026-05-31T09:31:13.654+0000] {processor.py:914} INFO - Processing file /opt/airflow/dags/hello_airflow.py for tasks to queue
[2026-05-31T09:31:13.657+0000] {logging_mixin.py:190} INFO - [2026-05-31T09:31:13.657+0000] {dagbag.py:588} INFO - Filling up the DagBag from /opt/airflow/dags/hello_airflow.py
[2026-05-31T09:31:13.670+0000] {processor.py:925} INFO - DAG(s) 'hello_airflow' retrieved from /opt/airflow/dags/hello_airflow.py
[2026-05-31T09:31:13.693+0000] {logging_mixin.py:190} INFO - [2026-05-31T09:31:13.693+0000] {dag.py:3239} INFO - Sync 1 DAGs
[2026-05-31T09:31:13.721+0000] {logging_mixin.py:190} INFO - [2026-05-31T09:31:13.720+0000] {dag.py:4180} INFO - Setting next_dagrun for hello_airflow to 2026-05-31 09:30:00+00:00, run_after=2026-05-31 09:31:00+00:00
[2026-05-31T09:31:13.738+0000] {processor.py:208} INFO - Processing /opt/airflow/dags/hello_airflow.py took 0.096 seconds
[2026-05-31T09:31:44.095+0000] {processor.py:186} INFO - Started process (PID=14979) to work on /opt/airflow/dags/hello_airflow.py
[2026-05-31T09:31:44.097+0000] {processor.py:914} INFO - Processing file /opt/airflow/dags/hello_airflow.py for tasks to queue
[2026-05-31T09:31:44.099+0000] {logging_mixin.py:190} INFO - [2026-05-31T09:31:44.099+0000] {dagbag.py:588} INFO - Filling up the DagBag from /opt/airflow/dags/hello_airflow.py
[2026-05-31T09:31:44.109+0000] {processor.py:925} INFO - DAG(s) 'hello_airflow' retrieved from /opt/airflow/dags/hello_airflow.py
[2026-05-31T09:31:44.128+0000] {logging_mixin.py:190} INFO - [2026-05-31T09:31:44.128+0000] {dag.py:3239} INFO - Sync 1 DAGs
[2026-05-31T09:31:44.160+0000] {logging_mixin.py:190} INFO - [2026-05-31T09:31:44.159+0000] {dag.py:4180} INFO - Setting next_dagrun for hello_airflow to 2026-05-31 09:30:00+00:00, run_after=2026-05-31 09:31:00+00:00
[2026-05-31T09:31:44.181+0000] {processor.py:208} INFO - Processing /opt/airflow/dags/hello_airflow.py took 0.096 seconds
[2026-05-31T09:32:14.435+0000] {processor.py:186} INFO - Started process (PID=15003) to work on /opt/airflow/dags/hello_airflow.py
[2026-05-31T09:32:14.438+0000] {processor.py:914} INFO - Processing file /opt/airflow/dags/hello_airflow.py for tasks to queue
[2026-05-31T09:32:14.444+0000] {logging_mixin.py:190} INFO - [2026-05-31T09:32:14.443+0000] {dagbag.py:588} INFO - Filling up the DagBag from /opt/airflow/dags/hello_airflow.py
[2026-05-31T09:32:14.453+0000] {processor.py:925} INFO - DAG(s) 'hello_airflow' retrieved from /opt/airflow/dags/hello_airflow.py
[2026-05-31T09:32:14.476+0000] {logging_mixin.py:190} INFO - [2026-05-31T09:32:14.476+0000] {dag.py:3239} INFO - Sync 1 DAGs
[2026-05-31T09:32:14.504+0000] {logging_mixin.py:190} INFO - [2026-05-31T09:32:14.504+0000] {dag.py:4180} INFO - Setting next_dagrun for hello_airflow to 2026-05-31 09:31:00+00:00, run_after=2026-05-31 09:32:00+00:00
[2026-05-31T09:32:14.520+0000] {processor.py:208} INFO - Processing /opt/airflow/dags/hello_airflow.py took 0.099 seconds
[2026-05-31T09:32:44.626+0000] {processor.py:186} INFO - Started process (PID=15026) to work on /opt/airflow/dags/hello_airflow.py
[2026-05-31T09:32:44.627+0000] {processor.py:914} INFO - Processing file /opt/airflow/dags/hello_airflow.py for tasks to queue
[2026-05-31T09:32:44.629+0000] {logging_mixin.py:190} INFO - [2026-05-31T09:32:44.629+0000] {dagbag.py:588} INFO - Filling up the DagBag from /opt/airflow/dags/hello_airflow.py
[2026-05-31T09:32:44.641+0000] {processor.py:925} INFO - DAG(s) 'hello_airflow' retrieved from /opt/airflow/dags/hello_airflow.py
[2026-05-31T09:32:44.672+0000] {logging_mixin.py:190} INFO - [2026-05-31T09:32:44.671+0000] {dag.py:3239} INFO - Sync 1 DAGs
[2026-05-31T09:32:44.699+0000] {logging_mixin.py:190} INFO - [2026-05-31T09:32:44.699+0000] {dag.py:4180} INFO - Setting next_dagrun for hello_airflow to 2026-05-31 09:31:00+00:00, run_after=2026-05-31 09:32:00+00:00
[2026-05-31T09:32:44.715+0000] {processor.py:208} INFO - Processing /opt/airflow/dags/hello_airflow.py took 0.095 seconds
[2026-05-31T09:33:15.235+0000] {processor.py:186} INFO - Started process (PID=15051) to work on /opt/airflow/dags/hello_airflow.py
[2026-05-31T09:33:15.236+0000] {processor.py:914} INFO - Processing file /opt/airflow/dags/hello_airflow.py for tasks to queue
[2026-05-31T09:33:15.239+0000] {logging_mixin.py:190} INFO - [2026-05-31T09:33:15.238+0000] {dagbag.py:588} INFO - Filling up the DagBag from /opt/airflow/dags/hello_airflow.py
[2026-05-31T09:33:15.251+0000] {processor.py:925} INFO - DAG(s) 'hello_airflow' retrieved from /opt/airflow/dags/hello_airflow.py
[2026-05-31T09:33:15.282+0000] {logging_mixin.py:190} INFO - [2026-05-31T09:33:15.282+0000] {dag.py:3239} INFO - Sync 1 DAGs
[2026-05-31T09:33:15.310+0000] {logging_mixin.py:190} INFO - [2026-05-31T09:33:15.310+0000] {dag.py:4180} INFO - Setting next_dagrun for hello_airflow to 2026-05-31 09:32:00+00:00, run_after=2026-05-31 09:33:00+00:00
[2026-05-31T09:33:15.326+0000] {processor.py:208} INFO - Processing /opt/airflow/dags/hello_airflow.py took 0.099 seconds
[2026-05-31T09:33:45.456+0000] {processor.py:186} INFO - Started process (PID=15075) to work on /opt/airflow/dags/hello_airflow.py
[2026-05-31T09:33:45.461+0000] {processor.py:914} INFO - Processing file /opt/airflow/dags/hello_airflow.py for tasks to queue
[2026-05-31T09:33:45.471+0000] {logging_mixin.py:190} INFO - [2026-05-31T09:33:45.468+0000] {dagbag.py:588} INFO - Filling up the DagBag from /opt/airflow/dags/hello_airflow.py
[2026-05-31T09:33:45.500+0000] {processor.py:925} INFO - DAG(s) 'hello_airflow' retrieved from /opt/airflow/dags/hello_airflow.py
[2026-05-31T09:33:45.560+0000] {logging_mixin.py:190} INFO - [2026-05-31T09:33:45.560+0000] {dag.py:3239} INFO - Sync 1 DAGs
[2026-05-31T09:33:45.594+0000] {logging_mixin.py:190} INFO - [2026-05-31T09:33:45.594+0000] {dag.py:4180} INFO - Setting next_dagrun for hello_airflow to 2026-05-31 09:32:00+00:00, run_after=2026-05-31 09:33:00+00:00
[2026-05-31T09:33:45.616+0000] {processor.py:208} INFO - Processing /opt/airflow/dags/hello_airflow.py took 0.183 seconds
[2026-05-31T09:34:15.801+0000] {processor.py:186} INFO - Started process (PID=15099) to work on /opt/airflow/dags/hello_airflow.py
[2026-05-31T09:34:15.804+0000] {processor.py:914} INFO - Processing file /opt/airflow/dags/hello_airflow.py for tasks to queue
[2026-05-31T09:34:15.808+0000] {logging_mixin.py:190} INFO - [2026-05-31T09:34:15.808+0000] {dagbag.py:588} INFO - Filling up the DagBag from /opt/airflow/dags/hello_airflow.py
[2026-05-31T09:34:15.823+0000] {processor.py:925} INFO - DAG(s) 'hello_airflow' retrieved from /opt/airflow/dags/hello_airflow.py
[2026-05-31T09:34:15.845+0000] {logging_mixin.py:190} INFO - [2026-05-31T09:34:15.845+0000] {dag.py:3239} INFO - Sync 1 DAGs
[2026-05-31T09:34:15.869+0000] {logging_mixin.py:190} INFO - [2026-05-31T09:34:15.869+0000] {dag.py:4180} INFO - Setting next_dagrun for hello_airflow to 2026-05-31 09:33:00+00:00, run_after=2026-05-31 09:34:00+00:00
[2026-05-31T09:34:15.888+0000] {processor.py:208} INFO - Processing /opt/airflow/dags/hello_airflow.py took 0.099 seconds
[2026-05-31T09:34:46.077+0000] {processor.py:186} INFO - Started process (PID=15124) to work on /opt/airflow/dags/hello_airflow.py
[2026-05-31T09:34:46.080+0000] {processor.py:914} INFO - Processing file /opt/airflow/dags/hello_airflow.py for tasks to queue
[2026-05-31T09:34:46.081+0000] {logging_mixin.py:190} INFO - [2026-05-31T09:34:46.081+0000] {dagbag.py:588} INFO - Filling up the DagBag from /opt/airflow/dags/hello_airflow.py
[2026-05-31T09:34:46.097+0000] {processor.py:925} INFO - DAG(s) 'hello_airflow' retrieved from /opt/airflow/dags/hello_airflow.py
[2026-05-31T09:34:46.129+0000] {logging_mixin.py:190} INFO - [2026-05-31T09:34:46.128+0000] {dag.py:3239} INFO - Sync 1 DAGs
[2026-05-31T09:34:46.168+0000] {logging_mixin.py:190} INFO - [2026-05-31T09:34:46.167+0000] {dag.py:4180} INFO - Setting next_dagrun for hello_airflow to 2026-05-31 09:33:00+00:00, run_after=2026-05-31 09:34:00+00:00
[2026-05-31T09:34:46.189+0000] {processor.py:208} INFO - Processing /opt/airflow/dags/hello_airflow.py took 0.124 seconds
[2026-05-31T09:35:16.569+0000] {processor.py:186} INFO - Started process (PID=15147) to work on /opt/airflow/dags/hello_airflow.py
[2026-05-31T09:35:16.570+0000] {processor.py:914} INFO - Processing file /opt/airflow/dags/hello_airflow.py for tasks to queue
[2026-05-31T09:35:16.578+0000] {logging_mixin.py:190} INFO - [2026-05-31T09:35:16.578+0000] {dagbag.py:588} INFO - Filling up the DagBag from /opt/airflow/dags/hello_airflow.py
[2026-05-31T09:35:16.586+0000] {processor.py:925} INFO - DAG(s) 'hello_airflow' retrieved from /opt/airflow/dags/hello_airflow.py
[2026-05-31T09:35:16.603+0000] {logging_mixin.py:190} INFO - [2026-05-31T09:35:16.603+0000] {dag.py:3239} INFO - Sync 1 DAGs
[2026-05-31T09:35:16.624+0000] {logging_mixin.py:190} INFO - [2026-05-31T09:35:16.624+0000] {dag.py:4180} INFO - Setting next_dagrun for hello_airflow to 2026-05-31 09:34:00+00:00, run_after=2026-05-31 09:35:00+00:00
[2026-05-31T09:35:16.637+0000] {processor.py:208} INFO - Processing /opt/airflow/dags/hello_airflow.py took 0.073 seconds
[2026-05-31T09:35:47.035+0000] {processor.py:186} INFO - Started process (PID=15171) to work on /opt/airflow/dags/hello_airflow.py
[2026-05-31T09:35:47.036+0000] {processor.py:914} INFO - Processing file /opt/airflow/dags/hello_airflow.py for tasks to queue
[2026-05-31T09:35:47.039+0000] {logging_mixin.py:190} INFO - [2026-05-31T09:35:47.038+0000] {dagbag.py:588} INFO - Filling up the DagBag from /opt/airflow/dags/hello_airflow.py
[2026-05-31T09:35:47.046+0000] {processor.py:925} INFO - DAG(s) 'hello_airflow' retrieved from /opt/airflow/dags/hello_airflow.py
[2026-05-31T09:35:47.065+0000] {logging_mixin.py:190} INFO - [2026-05-31T09:35:47.065+0000] {dag.py:3239} INFO - Sync 1 DAGs
[2026-05-31T09:35:47.090+0000] {logging_mixin.py:190} INFO - [2026-05-31T09:35:47.090+0000] {dag.py:4180} INFO - Setting next_dagrun for hello_airflow to 2026-05-31 09:34:00+00:00, run_after=2026-05-31 09:35:00+00:00
[2026-05-31T09:35:47.105+0000] {processor.py:208} INFO - Processing /opt/airflow/dags/hello_airflow.py took 0.079 seconds
[2026-05-31T09:36:17.175+0000] {processor.py:186} INFO - Started process (PID=15195) to work on /opt/airflow/dags/hello_airflow.py
[2026-05-31T09:36:17.176+0000] {processor.py:914} INFO - Processing file /opt/airflow/dags/hello_airflow.py for tasks to queue
[2026-05-31T09:36:17.180+0000] {logging_mixin.py:190} INFO - [2026-05-31T09:36:17.180+0000] {dagbag.py:588} INFO - Filling up the DagBag from /opt/airflow/dags/hello_airflow.py
[2026-05-31T09:36:17.190+0000] {processor.py:925} INFO - DAG(s) 'hello_airflow' retrieved from /opt/airflow/dags/hello_airflow.py
[2026-05-31T09:36:17.220+0000] {logging_mixin.py:190} INFO - [2026-05-31T09:36:17.220+0000] {dag.py:3239} INFO - Sync 1 DAGs
[2026-05-31T09:36:17.245+0000] {logging_mixin.py:190} INFO - [2026-05-31T09:36:17.245+0000] {dag.py:4180} INFO - Setting next_dagrun for hello_airflow to 2026-05-31 09:35:00+00:00, run_after=2026-05-31 09:36:00+00:00
[2026-05-31T09:36:17.269+0000] {processor.py:208} INFO - Processing /opt/airflow/dags/hello_airflow.py took 0.101 seconds
[2026-05-31T09:36:47.772+0000] {processor.py:186} INFO - Started process (PID=15217) to work on /opt/airflow/dags/hello_airflow.py
[2026-05-31T09:36:47.773+0000] {processor.py:914} INFO - Processing file /opt/airflow/dags/hello_airflow.py for tasks to queue
[2026-05-31T09:36:47.775+0000] {logging_mixin.py:190} INFO - [2026-05-31T09:36:47.774+0000] {dagbag.py:588} INFO - Filling up the DagBag from /opt/airflow/dags/hello_airflow.py
[2026-05-31T09:36:47.783+0000] {processor.py:925} INFO - DAG(s) 'hello_airflow' retrieved from /opt/airflow/dags/hello_airflow.py
[2026-05-31T09:36:47.800+0000] {logging_mixin.py:190} INFO - [2026-05-31T09:36:47.800+0000] {dag.py:3239} INFO - Sync 1 DAGs
[2026-05-31T09:36:47.823+0000] {logging_mixin.py:190} INFO - [2026-05-31T09:36:47.822+0000] {dag.py:4180} INFO - Setting next_dagrun for hello_airflow to 2026-05-31 09:35:00+00:00, run_after=2026-05-31 09:36:00+00:00
[2026-05-31T09:36:47.836+0000] {processor.py:208} INFO - Processing /opt/airflow/dags/hello_airflow.py took 0.068 seconds
[2026-05-31T09:37:17.952+0000] {processor.py:186} INFO - Started process (PID=15237) to work on /opt/airflow/dags/hello_airflow.py
[2026-05-31T09:37:17.953+0000] {processor.py:914} INFO - Processing file /opt/airflow/dags/hello_airflow.py for tasks to queue
[2026-05-31T09:37:17.956+0000] {logging_mixin.py:190} INFO - [2026-05-31T09:37:17.955+0000] {dagbag.py:588} INFO - Filling up the DagBag from /opt/airflow/dags/hello_airflow.py
[2026-05-31T09:37:17.967+0000] {processor.py:925} INFO - DAG(s) 'hello_airflow' retrieved from /opt/airflow/dags/hello_airflow.py
[2026-05-31T09:37:17.988+0000] {logging_mixin.py:190} INFO - [2026-05-31T09:37:17.987+0000] {dag.py:3239} INFO - Sync 1 DAGs
[2026-05-31T09:37:18.010+0000] {logging_mixin.py:190} INFO - [2026-05-31T09:37:18.009+0000] {dag.py:4180} INFO - Setting next_dagrun for hello_airflow to 2026-05-31 09:36:00+00:00, run_after=2026-05-31 09:37:00+00:00
[2026-05-31T09:37:18.028+0000] {processor.py:208} INFO - Processing /opt/airflow/dags/hello_airflow.py took 0.084 seconds
[2026-05-31T09:37:48.279+0000] {processor.py:186} INFO - Started process (PID=15261) to work on /opt/airflow/dags/hello_airflow.py
[2026-05-31T09:37:48.281+0000] {processor.py:914} INFO - Processing file /opt/airflow/dags/hello_airflow.py for tasks to queue
[2026-05-31T09:37:48.283+0000] {logging_mixin.py:190} INFO - [2026-05-31T09:37:48.283+0000] {dagbag.py:588} INFO - Filling up the DagBag from /opt/airflow/dags/hello_airflow.py
[2026-05-31T09:37:48.291+0000] {processor.py:925} INFO - DAG(s) 'hello_airflow' retrieved from /opt/airflow/dags/hello_airflow.py
[2026-05-31T09:37:48.309+0000] {logging_mixin.py:190} INFO - [2026-05-31T09:37:48.309+0000] {dag.py:3239} INFO - Sync 1 DAGs
[2026-05-31T09:37:48.449+0000] {logging_mixin.py:190} INFO - [2026-05-31T09:37:48.449+0000] {dag.py:4180} INFO - Setting next_dagrun for hello_airflow to 2026-05-31 09:36:00+00:00, run_after=2026-05-31 09:37:00+00:00
[2026-05-31T09:37:48.461+0000] {processor.py:208} INFO - Processing /opt/airflow/dags/hello_airflow.py took 0.187 seconds
[2026-05-31T09:38:18.744+0000] {processor.py:186} INFO - Started process (PID=15284) to work on /opt/airflow/dags/hello_airflow.py
[2026-05-31T09:38:18.749+0000] {processor.py:914} INFO - Processing file /opt/airflow/dags/hello_airflow.py for tasks to queue
[2026-05-31T09:38:18.751+0000] {logging_mixin.py:190} INFO - [2026-05-31T09:38:18.751+0000] {dagbag.py:588} INFO - Filling up the DagBag from /opt/airflow/dags/hello_airflow.py
[2026-05-31T09:38:18.759+0000] {processor.py:925} INFO - DAG(s) 'hello_airflow' retrieved from /opt/airflow/dags/hello_airflow.py
[2026-05-31T09:38:18.776+0000] {logging_mixin.py:190} INFO - [2026-05-31T09:38:18.776+0000] {dag.py:3239} INFO - Sync 1 DAGs
[2026-05-31T09:38:18.802+0000] {logging_mixin.py:190} INFO - [2026-05-31T09:38:18.802+0000] {dag.py:4180} INFO - Setting next_dagrun for hello_airflow to 2026-05-31 09:37:00+00:00, run_after=2026-05-31 09:38:00+00:00
[2026-05-31T09:38:18.816+0000] {processor.py:208} INFO - Processing /opt/airflow/dags/hello_airflow.py took 0.078 seconds
[2026-05-31T09:38:49.081+0000] {processor.py:186} INFO - Started process (PID=15308) to work on /opt/airflow/dags/hello_airflow.py
[2026-05-31T09:38:49.082+0000] {processor.py:914} INFO - Processing file /opt/airflow/dags/hello_airflow.py for tasks to queue
[2026-05-31T09:38:49.085+0000] {logging_mixin.py:190} INFO - [2026-05-31T09:38:49.084+0000] {dagbag.py:588} INFO - Filling up the DagBag from /opt/airflow/dags/hello_airflow.py
[2026-05-31T09:38:49.093+0000] {processor.py:925} INFO - DAG(s) 'hello_airflow' retrieved from /opt/airflow/dags/hello_airflow.py
[2026-05-31T09:38:49.109+0000] {logging_mixin.py:190} INFO - [2026-05-31T09:38:49.109+0000] {dag.py:3239} INFO - Sync 1 DAGs
[2026-05-31T09:38:49.129+0000] {logging_mixin.py:190} INFO - [2026-05-31T09:38:49.129+0000] {dag.py:4180} INFO - Setting next_dagrun for hello_airflow to 2026-05-31 09:37:00+00:00, run_after=2026-05-31 09:38:00+00:00
[2026-05-31T09:38:49.142+0000] {processor.py:208} INFO - Processing /opt/airflow/dags/hello_airflow.py took 0.065 seconds
[2026-05-31T09:39:19.381+0000] {processor.py:186} INFO - Started process (PID=15333) to work on /opt/airflow/dags/hello_airflow.py
[2026-05-31T09:39:19.383+0000] {processor.py:914} INFO - Processing file /opt/airflow/dags/hello_airflow.py for tasks to queue
[2026-05-31T09:39:19.385+0000] {logging_mixin.py:190} INFO - [2026-05-31T09:39:19.385+0000] {dagbag.py:588} INFO - Filling up the DagBag from /opt/airflow/dags/hello_airflow.py
[2026-05-31T09:39:19.400+0000] {processor.py:925} INFO - DAG(s) 'hello_airflow' retrieved from /opt/airflow/dags/hello_airflow.py
[2026-05-31T09:39:19.426+0000] {logging_mixin.py:190} INFO - [2026-05-31T09:39:19.426+0000] {dag.py:3239} INFO - Sync 1 DAGs
[2026-05-31T09:39:19.457+0000] {logging_mixin.py:190} INFO - [2026-05-31T09:39:19.457+0000] {dag.py:4180} INFO - Setting next_dagrun for hello_airflow to 2026-05-31 09:38:00+00:00, run_after=2026-05-31 09:39:00+00:00
[2026-05-31T09:39:19.474+0000] {processor.py:208} INFO - Processing /opt/airflow/dags/hello_airflow.py took 0.106 seconds
[2026-05-31T09:39:49.563+0000] {processor.py:186} INFO - Started process (PID=15357) to work on /opt/airflow/dags/hello_airflow.py
[2026-05-31T09:39:49.564+0000] {processor.py:914} INFO - Processing file /opt/airflow/dags/hello_airflow.py for tasks to queue
[2026-05-31T09:39:49.566+0000] {logging_mixin.py:190} INFO - [2026-05-31T09:39:49.566+0000] {dagbag.py:588} INFO - Filling up the DagBag from /opt/airflow/dags/hello_airflow.py
[2026-05-31T09:39:49.574+0000] {processor.py:925} INFO - DAG(s) 'hello_airflow' retrieved from /opt/airflow/dags/hello_airflow.py
[2026-05-31T09:39:49.591+0000] {logging_mixin.py:190} INFO - [2026-05-31T09:39:49.590+0000] {dag.py:3239} INFO - Sync 1 DAGs
[2026-05-31T09:39:49.611+0000] {logging_mixin.py:190} INFO - [2026-05-31T09:39:49.611+0000] {dag.py:4180} INFO - Setting next_dagrun for hello_airflow to 2026-05-31 09:38:00+00:00, run_after=2026-05-31 09:39:00+00:00
[2026-05-31T09:39:49.625+0000] {processor.py:208} INFO - Processing /opt/airflow/dags/hello_airflow.py took 0.067 seconds
[2026-05-31T09:40:19.804+0000] {processor.py:186} INFO - Started process (PID=15380) to work on /opt/airflow/dags/hello_airflow.py
[2026-05-31T09:40:19.805+0000] {processor.py:914} INFO - Processing file /opt/airflow/dags/hello_airflow.py for tasks to queue
[2026-05-31T09:40:19.809+0000] {logging_mixin.py:190} INFO - [2026-05-31T09:40:19.808+0000] {dagbag.py:588} INFO - Filling up the DagBag from /opt/airflow/dags/hello_airflow.py
[2026-05-31T09:40:19.819+0000] {processor.py:925} INFO - DAG(s) 'hello_airflow' retrieved from /opt/airflow/dags/hello_airflow.py
[2026-05-31T09:40:19.860+0000] {logging_mixin.py:190} INFO - [2026-05-31T09:40:19.852+0000] {dag.py:3239} INFO - Sync 1 DAGs
[2026-05-31T09:40:19.918+0000] {logging_mixin.py:190} INFO - [2026-05-31T09:40:19.918+0000] {dag.py:4180} INFO - Setting next_dagrun for hello_airflow to 2026-05-31 09:39:00+00:00, run_after=2026-05-31 09:40:00+00:00
[2026-05-31T09:40:19.935+0000] {processor.py:208} INFO - Processing /opt/airflow/dags/hello_airflow.py took 0.136 seconds
[2026-05-31T09:40:50.191+0000] {processor.py:186} INFO - Started process (PID=15404) to work on /opt/airflow/dags/hello_airflow.py
[2026-05-31T09:40:50.192+0000] {processor.py:914} INFO - Processing file /opt/airflow/dags/hello_airflow.py for tasks to queue
[2026-05-31T09:40:50.195+0000] {logging_mixin.py:190} INFO - [2026-05-31T09:40:50.194+0000] {dagbag.py:588} INFO - Filling up the DagBag from /opt/airflow/dags/hello_airflow.py
[2026-05-31T09:40:50.203+0000] {processor.py:925} INFO - DAG(s) 'hello_airflow' retrieved from /opt/airflow/dags/hello_airflow.py
[2026-05-31T09:40:50.224+0000] {logging_mixin.py:190} INFO - [2026-05-31T09:40:50.224+0000] {dag.py:3239} INFO - Sync 1 DAGs
[2026-05-31T09:40:50.251+0000] {logging_mixin.py:190} INFO - [2026-05-31T09:40:50.251+0000] {dag.py:4180} INFO - Setting next_dagrun for hello_airflow to 2026-05-31 09:39:00+00:00, run_after=2026-05-31 09:40:00+00:00
[2026-05-31T09:40:50.266+0000] {processor.py:208} INFO - Processing /opt/airflow/dags/hello_airflow.py took 0.081 seconds
[2026-05-31T09:41:20.976+0000] {processor.py:186} INFO - Started process (PID=15428) to work on /opt/airflow/dags/hello_airflow.py
[2026-05-31T09:41:20.978+0000] {processor.py:914} INFO - Processing file /opt/airflow/dags/hello_airflow.py for tasks to queue
[2026-05-31T09:41:20.980+0000] {logging_mixin.py:190} INFO - [2026-05-31T09:41:20.980+0000] {dagbag.py:588} INFO - Filling up the DagBag from /opt/airflow/dags/hello_airflow.py
[2026-05-31T09:41:20.988+0000] {processor.py:925} INFO - DAG(s) 'hello_airflow' retrieved from /opt/airflow/dags/hello_airflow.py
[2026-05-31T09:41:21.007+0000] {logging_mixin.py:190} INFO - [2026-05-31T09:41:21.007+0000] {dag.py:3239} INFO - Sync 1 DAGs
[2026-05-31T09:41:21.031+0000] {logging_mixin.py:190} INFO - [2026-05-31T09:41:21.031+0000] {dag.py:4180} INFO - Setting next_dagrun for hello_airflow to 2026-05-31 09:40:00+00:00, run_after=2026-05-31 09:41:00+00:00
[2026-05-31T09:41:21.045+0000] {processor.py:208} INFO - Processing /opt/airflow/dags/hello_airflow.py took 0.074 seconds
[2026-05-31T09:41:51.701+0000] {processor.py:186} INFO - Started process (PID=15453) to work on /opt/airflow/dags/hello_airflow.py
[2026-05-31T09:41:51.702+0000] {processor.py:914} INFO - Processing file /opt/airflow/dags/hello_airflow.py for tasks to queue
[2026-05-31T09:41:51.704+0000] {logging_mixin.py:190} INFO - [2026-05-31T09:41:51.704+0000] {dagbag.py:588} INFO - Filling up the DagBag from /opt/airflow/dags/hello_airflow.py
[2026-05-31T09:41:51.712+0000] {processor.py:925} INFO - DAG(s) 'hello_airflow' retrieved from /opt/airflow/dags/hello_airflow.py
[2026-05-31T09:41:51.729+0000] {logging_mixin.py:190} INFO - [2026-05-31T09:41:51.729+0000] {dag.py:3239} INFO - Sync 1 DAGs
[2026-05-31T09:41:51.748+0000] {logging_mixin.py:190} INFO - [2026-05-31T09:41:51.748+0000] {dag.py:4180} INFO - Setting next_dagrun for hello_airflow to 2026-05-31 09:40:00+00:00, run_after=2026-05-31 09:41:00+00:00
[2026-05-31T09:41:51.761+0000] {processor.py:208} INFO - Processing /opt/airflow/dags/hello_airflow.py took 0.065 seconds
[2026-05-31T09:42:22.482+0000] {processor.py:186} INFO - Started process (PID=15477) to work on /opt/airflow/dags/hello_airflow.py
[2026-05-31T09:42:22.486+0000] {processor.py:914} INFO - Processing file /opt/airflow/dags/hello_airflow.py for tasks to queue
[2026-05-31T09:42:22.490+0000] {logging_mixin.py:190} INFO - [2026-05-31T09:42:22.490+0000] {dagbag.py:588} INFO - Filling up the DagBag from /opt/airflow/dags/hello_airflow.py
[2026-05-31T09:42:22.501+0000] {processor.py:925} INFO - DAG(s) 'hello_airflow' retrieved from /opt/airflow/dags/hello_airflow.py
[2026-05-31T09:42:22.523+0000] {logging_mixin.py:190} INFO - [2026-05-31T09:42:22.523+0000] {dag.py:3239} INFO - Sync 1 DAGs
[2026-05-31T09:42:22.546+0000] {logging_mixin.py:190} INFO - [2026-05-31T09:42:22.546+0000] {dag.py:4180} INFO - Setting next_dagrun for hello_airflow to 2026-05-31 09:41:00+00:00, run_after=2026-05-31 09:42:00+00:00
[2026-05-31T09:42:22.578+0000] {processor.py:208} INFO - Processing /opt/airflow/dags/hello_airflow.py took 0.106 seconds
[2026-05-31T09:42:52.888+0000] {processor.py:186} INFO - Started process (PID=15501) to work on /opt/airflow/dags/hello_airflow.py
[2026-05-31T09:42:52.891+0000] {processor.py:914} INFO - Processing file /opt/airflow/dags/hello_airflow.py for tasks to queue
[2026-05-31T09:42:52.894+0000] {logging_mixin.py:190} INFO - [2026-05-31T09:42:52.893+0000] {dagbag.py:588} INFO - Filling up the DagBag from /opt/airflow/dags/hello_airflow.py
[2026-05-31T09:42:52.910+0000] {processor.py:925} INFO - DAG(s) 'hello_airflow' retrieved from /opt/airflow/dags/hello_airflow.py
[2026-05-31T09:42:52.961+0000] {logging_mixin.py:190} INFO - [2026-05-31T09:42:52.960+0000] {dag.py:3239} INFO - Sync 1 DAGs
[2026-05-31T09:42:53.000+0000] {logging_mixin.py:190} INFO - [2026-05-31T09:42:53.000+0000] {dag.py:4180} INFO - Setting next_dagrun for hello_airflow to 2026-05-31 09:41:00+00:00, run_after=2026-05-31 09:42:00+00:00
[2026-05-31T09:42:53.020+0000] {processor.py:208} INFO - Processing /opt/airflow/dags/hello_airflow.py took 0.146 seconds
[2026-05-31T09:43:23.803+0000] {processor.py:186} INFO - Started process (PID=15523) to work on /opt/airflow/dags/hello_airflow.py
[2026-05-31T09:43:23.811+0000] {processor.py:914} INFO - Processing file /opt/airflow/dags/hello_airflow.py for tasks to queue
[2026-05-31T09:43:23.816+0000] {logging_mixin.py:190} INFO - [2026-05-31T09:43:23.816+0000] {dagbag.py:588} INFO - Filling up the DagBag from /opt/airflow/dags/hello_airflow.py
[2026-05-31T09:43:23.848+0000] {processor.py:925} INFO - DAG(s) 'hello_airflow' retrieved from /opt/airflow/dags/hello_airflow.py
[2026-05-31T09:43:23.903+0000] {logging_mixin.py:190} INFO - [2026-05-31T09:43:23.903+0000] {dag.py:3239} INFO - Sync 1 DAGs
[2026-05-31T09:43:23.987+0000] {logging_mixin.py:190} INFO - [2026-05-31T09:43:23.987+0000] {dag.py:4180} INFO - Setting next_dagrun for hello_airflow to 2026-05-31 09:42:00+00:00, run_after=2026-05-31 09:43:00+00:00
[2026-05-31T09:43:24.048+0000] {processor.py:208} INFO - Processing /opt/airflow/dags/hello_airflow.py took 0.261 seconds
[2026-05-31T09:43:54.789+0000] {processor.py:186} INFO - Started process (PID=15551) to work on /opt/airflow/dags/hello_airflow.py
[2026-05-31T09:43:54.790+0000] {processor.py:914} INFO - Processing file /opt/airflow/dags/hello_airflow.py for tasks to queue
[2026-05-31T09:43:54.792+0000] {logging_mixin.py:190} INFO - [2026-05-31T09:43:54.792+0000] {dagbag.py:588} INFO - Filling up the DagBag from /opt/airflow/dags/hello_airflow.py
[2026-05-31T09:43:54.799+0000] {processor.py:925} INFO - DAG(s) 'hello_airflow' retrieved from /opt/airflow/dags/hello_airflow.py
[2026-05-31T09:43:54.821+0000] {logging_mixin.py:190} INFO - [2026-05-31T09:43:54.820+0000] {dag.py:3239} INFO - Sync 1 DAGs
[2026-05-31T09:43:54.843+0000] {logging_mixin.py:190} INFO - [2026-05-31T09:43:54.843+0000] {dag.py:4180} INFO - Setting next_dagrun for hello_airflow to 2026-05-31 09:42:00+00:00, run_after=2026-05-31 09:43:00+00:00
[2026-05-31T09:43:54.858+0000] {processor.py:208} INFO - Processing /opt/airflow/dags/hello_airflow.py took 0.074 seconds
[2026-05-31T09:44:24.952+0000] {processor.py:186} INFO - Started process (PID=15575) to work on /opt/airflow/dags/hello_airflow.py
[2026-05-31T09:44:24.952+0000] {processor.py:914} INFO - Processing file /opt/airflow/dags/hello_airflow.py for tasks to queue
[2026-05-31T09:44:24.955+0000] {logging_mixin.py:190} INFO - [2026-05-31T09:44:24.955+0000] {dagbag.py:588} INFO - Filling up the DagBag from /opt/airflow/dags/hello_airflow.py
[2026-05-31T09:44:24.964+0000] {processor.py:925} INFO - DAG(s) 'hello_airflow' retrieved from /opt/airflow/dags/hello_airflow.py
[2026-05-31T09:44:24.987+0000] {logging_mixin.py:190} INFO - [2026-05-31T09:44:24.987+0000] {dag.py:3239} INFO - Sync 1 DAGs
[2026-05-31T09:44:25.011+0000] {logging_mixin.py:190} INFO - [2026-05-31T09:44:25.011+0000] {dag.py:4180} INFO - Setting next_dagrun for hello_airflow to 2026-05-31 09:43:00+00:00, run_after=2026-05-31 09:44:00+00:00
[2026-05-31T09:44:25.027+0000] {processor.py:208} INFO - Processing /opt/airflow/dags/hello_airflow.py took 0.080 seconds
[2026-05-31T09:44:55.506+0000] {processor.py:186} INFO - Started process (PID=15598) to work on /opt/airflow/dags/hello_airflow.py
[2026-05-31T09:44:55.508+0000] {processor.py:914} INFO - Processing file /opt/airflow/dags/hello_airflow.py for tasks to queue
[2026-05-31T09:44:55.510+0000] {logging_mixin.py:190} INFO - [2026-05-31T09:44:55.510+0000] {dagbag.py:588} INFO - Filling up the DagBag from /opt/airflow/dags/hello_airflow.py
[2026-05-31T09:44:55.519+0000] {processor.py:925} INFO - DAG(s) 'hello_airflow' retrieved from /opt/airflow/dags/hello_airflow.py
[2026-05-31T09:44:55.548+0000] {logging_mixin.py:190} INFO - [2026-05-31T09:44:55.548+0000] {dag.py:3239} INFO - Sync 1 DAGs
[2026-05-31T09:44:55.571+0000] {logging_mixin.py:190} INFO - [2026-05-31T09:44:55.571+0000] {dag.py:4180} INFO - Setting next_dagrun for hello_airflow to 2026-05-31 09:43:00+00:00, run_after=2026-05-31 09:44:00+00:00
[2026-05-31T09:44:55.588+0000] {processor.py:208} INFO - Processing /opt/airflow/dags/hello_airflow.py took 0.087 seconds
[2026-05-31T09:45:26.123+0000] {processor.py:186} INFO - Started process (PID=15622) to work on /opt/airflow/dags/hello_airflow.py
[2026-05-31T09:45:26.124+0000] {processor.py:914} INFO - Processing file /opt/airflow/dags/hello_airflow.py for tasks to queue
[2026-05-31T09:45:26.126+0000] {logging_mixin.py:190} INFO - [2026-05-31T09:45:26.126+0000] {dagbag.py:588} INFO - Filling up the DagBag from /opt/airflow/dags/hello_airflow.py
[2026-05-31T09:45:26.134+0000] {processor.py:925} INFO - DAG(s) 'hello_airflow' retrieved from /opt/airflow/dags/hello_airflow.py
[2026-05-31T09:45:26.155+0000] {logging_mixin.py:190} INFO - [2026-05-31T09:45:26.155+0000] {dag.py:3239} INFO - Sync 1 DAGs
[2026-05-31T09:45:26.179+0000] {logging_mixin.py:190} INFO - [2026-05-31T09:45:26.178+0000] {dag.py:4180} INFO - Setting next_dagrun for hello_airflow to 2026-05-31 09:44:00+00:00, run_after=2026-05-31 09:45:00+00:00
[2026-05-31T09:45:26.195+0000] {processor.py:208} INFO - Processing /opt/airflow/dags/hello_airflow.py took 0.078 seconds
[2026-05-31T09:45:56.794+0000] {processor.py:186} INFO - Started process (PID=15646) to work on /opt/airflow/dags/hello_airflow.py
[2026-05-31T09:45:56.795+0000] {processor.py:914} INFO - Processing file /opt/airflow/dags/hello_airflow.py for tasks to queue
[2026-05-31T09:45:56.798+0000] {logging_mixin.py:190} INFO - [2026-05-31T09:45:56.797+0000] {dagbag.py:588} INFO - Filling up the DagBag from /opt/airflow/dags/hello_airflow.py
[2026-05-31T09:45:56.805+0000] {processor.py:925} INFO - DAG(s) 'hello_airflow' retrieved from /opt/airflow/dags/hello_airflow.py
[2026-05-31T09:45:56.827+0000] {logging_mixin.py:190} INFO - [2026-05-31T09:45:56.827+0000] {dag.py:3239} INFO - Sync 1 DAGs
[2026-05-31T09:45:56.852+0000] {logging_mixin.py:190} INFO - [2026-05-31T09:45:56.852+0000] {dag.py:4180} INFO - Setting next_dagrun for hello_airflow to 2026-05-31 09:44:00+00:00, run_after=2026-05-31 09:45:00+00:00
[2026-05-31T09:45:56.867+0000] {processor.py:208} INFO - Processing /opt/airflow/dags/hello_airflow.py took 0.080 seconds
[2026-05-31T09:46:27.011+0000] {processor.py:186} INFO - Started process (PID=15670) to work on /opt/airflow/dags/hello_airflow.py
[2026-05-31T09:46:27.012+0000] {processor.py:914} INFO - Processing file /opt/airflow/dags/hello_airflow.py for tasks to queue
[2026-05-31T09:46:27.014+0000] {logging_mixin.py:190} INFO - [2026-05-31T09:46:27.014+0000] {dagbag.py:588} INFO - Filling up the DagBag from /opt/airflow/dags/hello_airflow.py
[2026-05-31T09:46:27.021+0000] {processor.py:925} INFO - DAG(s) 'hello_airflow' retrieved from /opt/airflow/dags/hello_airflow.py
[2026-05-31T09:46:27.041+0000] {logging_mixin.py:190} INFO - [2026-05-31T09:46:27.040+0000] {dag.py:3239} INFO - Sync 1 DAGs
[2026-05-31T09:46:27.061+0000] {logging_mixin.py:190} INFO - [2026-05-31T09:46:27.061+0000] {dag.py:4180} INFO - Setting next_dagrun for hello_airflow to 2026-05-31 09:45:00+00:00, run_after=2026-05-31 09:46:00+00:00
[2026-05-31T09:46:27.075+0000] {processor.py:208} INFO - Processing /opt/airflow/dags/hello_airflow.py took 0.069 seconds
[2026-05-31T09:46:57.171+0000] {processor.py:186} INFO - Started process (PID=15694) to work on /opt/airflow/dags/hello_airflow.py
[2026-05-31T09:46:57.172+0000] {processor.py:914} INFO - Processing file /opt/airflow/dags/hello_airflow.py for tasks to queue
[2026-05-31T09:46:57.174+0000] {logging_mixin.py:190} INFO - [2026-05-31T09:46:57.174+0000] {dagbag.py:588} INFO - Filling up the DagBag from /opt/airflow/dags/hello_airflow.py
[2026-05-31T09:46:57.181+0000] {processor.py:925} INFO - DAG(s) 'hello_airflow' retrieved from /opt/airflow/dags/hello_airflow.py
[2026-05-31T09:46:57.203+0000] {logging_mixin.py:190} INFO - [2026-05-31T09:46:57.203+0000] {dag.py:3239} INFO - Sync 1 DAGs
[2026-05-31T09:46:57.225+0000] {logging_mixin.py:190} INFO - [2026-05-31T09:46:57.225+0000] {dag.py:4180} INFO - Setting next_dagrun for hello_airflow to 2026-05-31 09:45:00+00:00, run_after=2026-05-31 09:46:00+00:00
[2026-05-31T09:46:57.241+0000] {processor.py:208} INFO - Processing /opt/airflow/dags/hello_airflow.py took 0.076 seconds
[2026-05-31T09:47:27.326+0000] {processor.py:186} INFO - Started process (PID=15718) to work on /opt/airflow/dags/hello_airflow.py
[2026-05-31T09:47:27.327+0000] {processor.py:914} INFO - Processing file /opt/airflow/dags/hello_airflow.py for tasks to queue
[2026-05-31T09:47:27.329+0000] {logging_mixin.py:190} INFO - [2026-05-31T09:47:27.329+0000] {dagbag.py:588} INFO - Filling up the DagBag from /opt/airflow/dags/hello_airflow.py
[2026-05-31T09:47:27.337+0000] {processor.py:925} INFO - DAG(s) 'hello_airflow' retrieved from /opt/airflow/dags/hello_airflow.py
[2026-05-31T09:47:27.357+0000] {logging_mixin.py:190} INFO - [2026-05-31T09:47:27.357+0000] {dag.py:3239} INFO - Sync 1 DAGs
[2026-05-31T09:47:27.378+0000] {logging_mixin.py:190} INFO - [2026-05-31T09:47:27.378+0000] {dag.py:4180} INFO - Setting next_dagrun for hello_airflow to 2026-05-31 09:46:00+00:00, run_after=2026-05-31 09:47:00+00:00
[2026-05-31T09:47:27.392+0000] {processor.py:208} INFO - Processing /opt/airflow/dags/hello_airflow.py took 0.070 seconds
[2026-05-31T09:47:57.866+0000] {processor.py:186} INFO - Started process (PID=15741) to work on /opt/airflow/dags/hello_airflow.py
[2026-05-31T09:47:57.869+0000] {processor.py:914} INFO - Processing file /opt/airflow/dags/hello_airflow.py for tasks to queue
[2026-05-31T09:47:57.873+0000] {logging_mixin.py:190} INFO - [2026-05-31T09:47:57.872+0000] {dagbag.py:588} INFO - Filling up the DagBag from /opt/airflow/dags/hello_airflow.py
[2026-05-31T09:47:57.884+0000] {processor.py:925} INFO - DAG(s) 'hello_airflow' retrieved from /opt/airflow/dags/hello_airflow.py
[2026-05-31T09:47:57.907+0000] {logging_mixin.py:190} INFO - [2026-05-31T09:47:57.907+0000] {dag.py:3239} INFO - Sync 1 DAGs
[2026-05-31T09:47:57.931+0000] {logging_mixin.py:190} INFO - [2026-05-31T09:47:57.931+0000] {dag.py:4180} INFO - Setting next_dagrun for hello_airflow to 2026-05-31 09:46:00+00:00, run_after=2026-05-31 09:47:00+00:00
[2026-05-31T09:47:57.945+0000] {processor.py:208} INFO - Processing /opt/airflow/dags/hello_airflow.py took 0.086 seconds
[2026-05-31T09:48:28.015+0000] {processor.py:186} INFO - Started process (PID=15766) to work on /opt/airflow/dags/hello_airflow.py
[2026-05-31T09:48:28.016+0000] {processor.py:914} INFO - Processing file /opt/airflow/dags/hello_airflow.py for tasks to queue
[2026-05-31T09:48:28.019+0000] {logging_mixin.py:190} INFO - [2026-05-31T09:48:28.018+0000] {dagbag.py:588} INFO - Filling up the DagBag from /opt/airflow/dags/hello_airflow.py
[2026-05-31T09:48:28.026+0000] {processor.py:925} INFO - DAG(s) 'hello_airflow' retrieved from /opt/airflow/dags/hello_airflow.py
[2026-05-31T09:48:28.046+0000] {logging_mixin.py:190} INFO - [2026-05-31T09:48:28.046+0000] {dag.py:3239} INFO - Sync 1 DAGs
[2026-05-31T09:48:28.069+0000] {logging_mixin.py:190} INFO - [2026-05-31T09:48:28.069+0000] {dag.py:4180} INFO - Setting next_dagrun for hello_airflow to 2026-05-31 09:47:00+00:00, run_after=2026-05-31 09:48:00+00:00
[2026-05-31T09:48:28.084+0000] {processor.py:208} INFO - Processing /opt/airflow/dags/hello_airflow.py took 0.078 seconds
[2026-05-31T09:48:58.963+0000] {processor.py:186} INFO - Started process (PID=15789) to work on /opt/airflow/dags/hello_airflow.py
[2026-05-31T09:48:58.964+0000] {processor.py:914} INFO - Processing file /opt/airflow/dags/hello_airflow.py for tasks to queue
[2026-05-31T09:48:58.967+0000] {logging_mixin.py:190} INFO - [2026-05-31T09:48:58.967+0000] {dagbag.py:588} INFO - Filling up the DagBag from /opt/airflow/dags/hello_airflow.py
[2026-05-31T09:48:58.976+0000] {processor.py:925} INFO - DAG(s) 'hello_airflow' retrieved from /opt/airflow/dags/hello_airflow.py
[2026-05-31T09:48:58.995+0000] {logging_mixin.py:190} INFO - [2026-05-31T09:48:58.995+0000] {dag.py:3239} INFO - Sync 1 DAGs
[2026-05-31T09:48:59.017+0000] {logging_mixin.py:190} INFO - [2026-05-31T09:48:59.017+0000] {dag.py:4180} INFO - Setting next_dagrun for hello_airflow to 2026-05-31 09:47:00+00:00, run_after=2026-05-31 09:48:00+00:00
[2026-05-31T09:48:59.034+0000] {processor.py:208} INFO - Processing /opt/airflow/dags/hello_airflow.py took 0.080 seconds
[2026-05-31T09:49:29.153+0000] {processor.py:186} INFO - Started process (PID=15812) to work on /opt/airflow/dags/hello_airflow.py
[2026-05-31T09:49:29.153+0000] {processor.py:914} INFO - Processing file /opt/airflow/dags/hello_airflow.py for tasks to queue
[2026-05-31T09:49:29.155+0000] {logging_mixin.py:190} INFO - [2026-05-31T09:49:29.155+0000] {dagbag.py:588} INFO - Filling up the DagBag from /opt/airflow/dags/hello_airflow.py
[2026-05-31T09:49:29.163+0000] {processor.py:925} INFO - DAG(s) 'hello_airflow' retrieved from /opt/airflow/dags/hello_airflow.py
[2026-05-31T09:49:29.183+0000] {logging_mixin.py:190} INFO - [2026-05-31T09:49:29.183+0000] {dag.py:3239} INFO - Sync 1 DAGs
[2026-05-31T09:49:29.206+0000] {logging_mixin.py:190} INFO - [2026-05-31T09:49:29.206+0000] {dag.py:4180} INFO - Setting next_dagrun for hello_airflow to 2026-05-31 09:48:00+00:00, run_after=2026-05-31 09:49:00+00:00
[2026-05-31T09:49:29.221+0000] {processor.py:208} INFO - Processing /opt/airflow/dags/hello_airflow.py took 0.073 seconds
[2026-05-31T09:49:59.976+0000] {processor.py:186} INFO - Started process (PID=15831) to work on /opt/airflow/dags/hello_airflow.py
[2026-05-31T09:49:59.977+0000] {processor.py:914} INFO - Processing file /opt/airflow/dags/hello_airflow.py for tasks to queue
[2026-05-31T09:49:59.980+0000] {logging_mixin.py:190} INFO - [2026-05-31T09:49:59.979+0000] {dagbag.py:588} INFO - Filling up the DagBag from /opt/airflow/dags/hello_airflow.py
[2026-05-31T09:49:59.988+0000] {processor.py:925} INFO - DAG(s) 'hello_airflow' retrieved from /opt/airflow/dags/hello_airflow.py
[2026-05-31T09:50:00.005+0000] {logging_mixin.py:190} INFO - [2026-05-31T09:50:00.004+0000] {dag.py:3239} INFO - Sync 1 DAGs
[2026-05-31T09:50:00.026+0000] {logging_mixin.py:190} INFO - [2026-05-31T09:50:00.026+0000] {dag.py:4180} INFO - Setting next_dagrun for hello_airflow to 2026-05-31 09:49:00+00:00, run_after=2026-05-31 09:50:00+00:00
[2026-05-31T09:50:00.043+0000] {processor.py:208} INFO - Processing /opt/airflow/dags/hello_airflow.py took 0.075 seconds
[2026-05-31T09:50:30.148+0000] {processor.py:186} INFO - Started process (PID=15854) to work on /opt/airflow/dags/hello_airflow.py
[2026-05-31T09:50:30.149+0000] {processor.py:914} INFO - Processing file /opt/airflow/dags/hello_airflow.py for tasks to queue
[2026-05-31T09:50:30.151+0000] {logging_mixin.py:190} INFO - [2026-05-31T09:50:30.150+0000] {dagbag.py:588} INFO - Filling up the DagBag from /opt/airflow/dags/hello_airflow.py
[2026-05-31T09:50:30.159+0000] {processor.py:925} INFO - DAG(s) 'hello_airflow' retrieved from /opt/airflow/dags/hello_airflow.py
[2026-05-31T09:50:30.179+0000] {logging_mixin.py:190} INFO - [2026-05-31T09:50:30.179+0000] {dag.py:3239} INFO - Sync 1 DAGs
[2026-05-31T09:50:30.200+0000] {logging_mixin.py:190} INFO - [2026-05-31T09:50:30.200+0000] {dag.py:4180} INFO - Setting next_dagrun for hello_airflow to 2026-05-31 09:49:00+00:00, run_after=2026-05-31 09:50:00+00:00
[2026-05-31T09:50:30.215+0000] {processor.py:208} INFO - Processing /opt/airflow/dags/hello_airflow.py took 0.074 seconds
[2026-05-31T09:51:00.291+0000] {processor.py:186} INFO - Started process (PID=15879) to work on /opt/airflow/dags/hello_airflow.py
[2026-05-31T09:51:00.292+0000] {processor.py:914} INFO - Processing file /opt/airflow/dags/hello_airflow.py for tasks to queue
[2026-05-31T09:51:00.294+0000] {logging_mixin.py:190} INFO - [2026-05-31T09:51:00.294+0000] {dagbag.py:588} INFO - Filling up the DagBag from /opt/airflow/dags/hello_airflow.py
[2026-05-31T09:51:00.303+0000] {processor.py:925} INFO - DAG(s) 'hello_airflow' retrieved from /opt/airflow/dags/hello_airflow.py
[2026-05-31T09:51:00.321+0000] {logging_mixin.py:190} INFO - [2026-05-31T09:51:00.321+0000] {dag.py:3239} INFO - Sync 1 DAGs
[2026-05-31T09:51:00.342+0000] {logging_mixin.py:190} INFO - [2026-05-31T09:51:00.342+0000] {dag.py:4180} INFO - Setting next_dagrun for hello_airflow to 2026-05-31 09:50:00+00:00, run_after=2026-05-31 09:51:00+00:00
[2026-05-31T09:51:00.355+0000] {processor.py:208} INFO - Processing /opt/airflow/dags/hello_airflow.py took 0.073 seconds
[2026-05-31T09:51:30.755+0000] {processor.py:186} INFO - Started process (PID=15903) to work on /opt/airflow/dags/hello_airflow.py
[2026-05-31T09:51:30.756+0000] {processor.py:914} INFO - Processing file /opt/airflow/dags/hello_airflow.py for tasks to queue
[2026-05-31T09:51:30.758+0000] {logging_mixin.py:190} INFO - [2026-05-31T09:51:30.758+0000] {dagbag.py:588} INFO - Filling up the DagBag from /opt/airflow/dags/hello_airflow.py
[2026-05-31T09:51:30.766+0000] {processor.py:925} INFO - DAG(s) 'hello_airflow' retrieved from /opt/airflow/dags/hello_airflow.py
[2026-05-31T09:51:30.789+0000] {logging_mixin.py:190} INFO - [2026-05-31T09:51:30.788+0000] {dag.py:3239} INFO - Sync 1 DAGs
[2026-05-31T09:51:30.811+0000] {logging_mixin.py:190} INFO - [2026-05-31T09:51:30.811+0000] {dag.py:4180} INFO - Setting next_dagrun for hello_airflow to 2026-05-31 09:50:00+00:00, run_after=2026-05-31 09:51:00+00:00
[2026-05-31T09:51:30.827+0000] {processor.py:208} INFO - Processing /opt/airflow/dags/hello_airflow.py took 0.077 seconds
[2026-05-31T09:52:01.004+0000] {processor.py:186} INFO - Started process (PID=15926) to work on /opt/airflow/dags/hello_airflow.py
[2026-05-31T09:52:01.006+0000] {processor.py:914} INFO - Processing file /opt/airflow/dags/hello_airflow.py for tasks to queue
[2026-05-31T09:52:01.008+0000] {logging_mixin.py:190} INFO - [2026-05-31T09:52:01.008+0000] {dagbag.py:588} INFO - Filling up the DagBag from /opt/airflow/dags/hello_airflow.py
[2026-05-31T09:52:01.016+0000] {processor.py:925} INFO - DAG(s) 'hello_airflow' retrieved from /opt/airflow/dags/hello_airflow.py
[2026-05-31T09:52:01.033+0000] {logging_mixin.py:190} INFO - [2026-05-31T09:52:01.033+0000] {dag.py:3239} INFO - Sync 1 DAGs
[2026-05-31T09:52:01.055+0000] {logging_mixin.py:190} INFO - [2026-05-31T09:52:01.055+0000] {dag.py:4180} INFO - Setting next_dagrun for hello_airflow to 2026-05-31 09:51:00+00:00, run_after=2026-05-31 09:52:00+00:00
[2026-05-31T09:52:01.068+0000] {processor.py:208} INFO - Processing /opt/airflow/dags/hello_airflow.py took 0.086 seconds
[2026-05-31T09:52:31.925+0000] {processor.py:186} INFO - Started process (PID=15950) to work on /opt/airflow/dags/hello_airflow.py
[2026-05-31T09:52:31.928+0000] {processor.py:914} INFO - Processing file /opt/airflow/dags/hello_airflow.py for tasks to queue
[2026-05-31T09:52:31.930+0000] {logging_mixin.py:190} INFO - [2026-05-31T09:52:31.930+0000] {dagbag.py:588} INFO - Filling up the DagBag from /opt/airflow/dags/hello_airflow.py
[2026-05-31T09:52:31.940+0000] {processor.py:925} INFO - DAG(s) 'hello_airflow' retrieved from /opt/airflow/dags/hello_airflow.py
[2026-05-31T09:52:31.962+0000] {logging_mixin.py:190} INFO - [2026-05-31T09:52:31.962+0000] {dag.py:3239} INFO - Sync 1 DAGs
[2026-05-31T09:52:31.983+0000] {logging_mixin.py:190} INFO - [2026-05-31T09:52:31.983+0000] {dag.py:4180} INFO - Setting next_dagrun for hello_airflow to 2026-05-31 09:51:00+00:00, run_after=2026-05-31 09:52:00+00:00
[2026-05-31T09:52:31.996+0000] {processor.py:208} INFO - Processing /opt/airflow/dags/hello_airflow.py took 0.078 seconds
[2026-05-31T09:53:03.189+0000] {processor.py:186} INFO - Started process (PID=15974) to work on /opt/airflow/dags/hello_airflow.py
[2026-05-31T09:53:03.190+0000] {processor.py:914} INFO - Processing file /opt/airflow/dags/hello_airflow.py for tasks to queue
[2026-05-31T09:53:03.192+0000] {logging_mixin.py:190} INFO - [2026-05-31T09:53:03.192+0000] {dagbag.py:588} INFO - Filling up the DagBag from /opt/airflow/dags/hello_airflow.py
[2026-05-31T09:53:03.201+0000] {processor.py:925} INFO - DAG(s) 'hello_airflow' retrieved from /opt/airflow/dags/hello_airflow.py
[2026-05-31T09:53:03.220+0000] {logging_mixin.py:190} INFO - [2026-05-31T09:53:03.220+0000] {dag.py:3239} INFO - Sync 1 DAGs
[2026-05-31T09:53:03.251+0000] {logging_mixin.py:190} INFO - [2026-05-31T09:53:03.251+0000] {dag.py:4180} INFO - Setting next_dagrun for hello_airflow to 2026-05-31 09:52:00+00:00, run_after=2026-05-31 09:53:00+00:00
[2026-05-31T09:53:03.267+0000] {processor.py:208} INFO - Processing /opt/airflow/dags/hello_airflow.py took 0.083 seconds
[2026-05-31T09:53:34.393+0000] {processor.py:186} INFO - Started process (PID=15998) to work on /opt/airflow/dags/hello_airflow.py
[2026-05-31T09:53:34.395+0000] {processor.py:914} INFO - Processing file /opt/airflow/dags/hello_airflow.py for tasks to queue
[2026-05-31T09:53:34.397+0000] {logging_mixin.py:190} INFO - [2026-05-31T09:53:34.397+0000] {dagbag.py:588} INFO - Filling up the DagBag from /opt/airflow/dags/hello_airflow.py
[2026-05-31T09:53:34.409+0000] {processor.py:925} INFO - DAG(s) 'hello_airflow' retrieved from /opt/airflow/dags/hello_airflow.py
[2026-05-31T09:53:34.441+0000] {logging_mixin.py:190} INFO - [2026-05-31T09:53:34.441+0000] {dag.py:3239} INFO - Sync 1 DAGs
[2026-05-31T09:53:34.460+0000] {logging_mixin.py:190} INFO - [2026-05-31T09:53:34.460+0000] {dag.py:4180} INFO - Setting next_dagrun for hello_airflow to 2026-05-31 09:52:00+00:00, run_after=2026-05-31 09:53:00+00:00
[2026-05-31T09:53:34.473+0000] {processor.py:208} INFO - Processing /opt/airflow/dags/hello_airflow.py took 0.087 seconds
[2026-05-31T09:54:04.858+0000] {processor.py:186} INFO - Started process (PID=16023) to work on /opt/airflow/dags/hello_airflow.py
[2026-05-31T09:54:04.859+0000] {processor.py:914} INFO - Processing file /opt/airflow/dags/hello_airflow.py for tasks to queue
[2026-05-31T09:54:04.861+0000] {logging_mixin.py:190} INFO - [2026-05-31T09:54:04.861+0000] {dagbag.py:588} INFO - Filling up the DagBag from /opt/airflow/dags/hello_airflow.py
[2026-05-31T09:54:04.869+0000] {processor.py:925} INFO - DAG(s) 'hello_airflow' retrieved from /opt/airflow/dags/hello_airflow.py
[2026-05-31T09:54:04.889+0000] {logging_mixin.py:190} INFO - [2026-05-31T09:54:04.889+0000] {dag.py:3239} INFO - Sync 1 DAGs
[2026-05-31T09:54:04.911+0000] {logging_mixin.py:190} INFO - [2026-05-31T09:54:04.910+0000] {dag.py:4180} INFO - Setting next_dagrun for hello_airflow to 2026-05-31 09:53:00+00:00, run_after=2026-05-31 09:54:00+00:00
[2026-05-31T09:54:04.927+0000] {processor.py:208} INFO - Processing /opt/airflow/dags/hello_airflow.py took 0.073 seconds
[2026-05-31T09:54:36.236+0000] {processor.py:186} INFO - Started process (PID=16047) to work on /opt/airflow/dags/hello_airflow.py
[2026-05-31T09:54:36.237+0000] {processor.py:914} INFO - Processing file /opt/airflow/dags/hello_airflow.py for tasks to queue
[2026-05-31T09:54:36.240+0000] {logging_mixin.py:190} INFO - [2026-05-31T09:54:36.239+0000] {dagbag.py:588} INFO - Filling up the DagBag from /opt/airflow/dags/hello_airflow.py
[2026-05-31T09:54:36.250+0000] {processor.py:925} INFO - DAG(s) 'hello_airflow' retrieved from /opt/airflow/dags/hello_airflow.py
[2026-05-31T09:54:36.278+0000] {logging_mixin.py:190} INFO - [2026-05-31T09:54:36.278+0000] {dag.py:3239} INFO - Sync 1 DAGs
[2026-05-31T09:54:36.300+0000] {logging_mixin.py:190} INFO - [2026-05-31T09:54:36.300+0000] {dag.py:4180} INFO - Setting next_dagrun for hello_airflow to 2026-05-31 09:53:00+00:00, run_after=2026-05-31 09:54:00+00:00
[2026-05-31T09:54:36.322+0000] {processor.py:208} INFO - Processing /opt/airflow/dags/hello_airflow.py took 0.094 seconds
[2026-05-31T09:55:06.382+0000] {processor.py:186} INFO - Started process (PID=16072) to work on /opt/airflow/dags/hello_airflow.py
[2026-05-31T09:55:06.383+0000] {processor.py:914} INFO - Processing file /opt/airflow/dags/hello_airflow.py for tasks to queue
[2026-05-31T09:55:06.385+0000] {logging_mixin.py:190} INFO - [2026-05-31T09:55:06.385+0000] {dagbag.py:588} INFO - Filling up the DagBag from /opt/airflow/dags/hello_airflow.py
[2026-05-31T09:55:06.393+0000] {processor.py:925} INFO - DAG(s) 'hello_airflow' retrieved from /opt/airflow/dags/hello_airflow.py
[2026-05-31T09:55:06.411+0000] {logging_mixin.py:190} INFO - [2026-05-31T09:55:06.410+0000] {dag.py:3239} INFO - Sync 1 DAGs
[2026-05-31T09:55:06.432+0000] {logging_mixin.py:190} INFO - [2026-05-31T09:55:06.431+0000] {dag.py:4180} INFO - Setting next_dagrun for hello_airflow to 2026-05-31 09:54:00+00:00, run_after=2026-05-31 09:55:00+00:00
[2026-05-31T09:55:06.445+0000] {processor.py:208} INFO - Processing /opt/airflow/dags/hello_airflow.py took 0.069 seconds
[2026-05-31T09:55:37.225+0000] {processor.py:186} INFO - Started process (PID=16096) to work on /opt/airflow/dags/hello_airflow.py
[2026-05-31T09:55:37.226+0000] {processor.py:914} INFO - Processing file /opt/airflow/dags/hello_airflow.py for tasks to queue
[2026-05-31T09:55:37.228+0000] {logging_mixin.py:190} INFO - [2026-05-31T09:55:37.228+0000] {dagbag.py:588} INFO - Filling up the DagBag from /opt/airflow/dags/hello_airflow.py
[2026-05-31T09:55:37.238+0000] {processor.py:925} INFO - DAG(s) 'hello_airflow' retrieved from /opt/airflow/dags/hello_airflow.py
[2026-05-31T09:55:37.256+0000] {logging_mixin.py:190} INFO - [2026-05-31T09:55:37.256+0000] {dag.py:3239} INFO - Sync 1 DAGs
[2026-05-31T09:55:37.278+0000] {logging_mixin.py:190} INFO - [2026-05-31T09:55:37.278+0000] {dag.py:4180} INFO - Setting next_dagrun for hello_airflow to 2026-05-31 09:54:00+00:00, run_after=2026-05-31 09:55:00+00:00
[2026-05-31T09:55:37.295+0000] {processor.py:208} INFO - Processing /opt/airflow/dags/hello_airflow.py took 0.077 seconds
[2026-05-31T09:56:08.201+0000] {processor.py:186} INFO - Started process (PID=16120) to work on /opt/airflow/dags/hello_airflow.py
[2026-05-31T09:56:08.203+0000] {processor.py:914} INFO - Processing file /opt/airflow/dags/hello_airflow.py for tasks to queue
[2026-05-31T09:56:08.205+0000] {logging_mixin.py:190} INFO - [2026-05-31T09:56:08.205+0000] {dagbag.py:588} INFO - Filling up the DagBag from /opt/airflow/dags/hello_airflow.py
[2026-05-31T09:56:08.214+0000] {processor.py:925} INFO - DAG(s) 'hello_airflow' retrieved from /opt/airflow/dags/hello_airflow.py
[2026-05-31T09:56:08.233+0000] {logging_mixin.py:190} INFO - [2026-05-31T09:56:08.232+0000] {dag.py:3239} INFO - Sync 1 DAGs
[2026-05-31T09:56:08.253+0000] {logging_mixin.py:190} INFO - [2026-05-31T09:56:08.253+0000] {dag.py:4180} INFO - Setting next_dagrun for hello_airflow to 2026-05-31 09:55:00+00:00, run_after=2026-05-31 09:56:00+00:00
[2026-05-31T09:56:08.265+0000] {processor.py:208} INFO - Processing /opt/airflow/dags/hello_airflow.py took 0.076 seconds
[2026-05-31T09:56:39.225+0000] {processor.py:186} INFO - Started process (PID=16143) to work on /opt/airflow/dags/hello_airflow.py
[2026-05-31T09:56:39.226+0000] {processor.py:914} INFO - Processing file /opt/airflow/dags/hello_airflow.py for tasks to queue
[2026-05-31T09:56:39.228+0000] {logging_mixin.py:190} INFO - [2026-05-31T09:56:39.227+0000] {dagbag.py:588} INFO - Filling up the DagBag from /opt/airflow/dags/hello_airflow.py
[2026-05-31T09:56:39.235+0000] {processor.py:925} INFO - DAG(s) 'hello_airflow' retrieved from /opt/airflow/dags/hello_airflow.py
[2026-05-31T09:56:39.255+0000] {logging_mixin.py:190} INFO - [2026-05-31T09:56:39.255+0000] {dag.py:3239} INFO - Sync 1 DAGs
[2026-05-31T09:56:39.276+0000] {logging_mixin.py:190} INFO - [2026-05-31T09:56:39.276+0000] {dag.py:4180} INFO - Setting next_dagrun for hello_airflow to 2026-05-31 09:55:00+00:00, run_after=2026-05-31 09:56:00+00:00
[2026-05-31T09:56:39.290+0000] {processor.py:208} INFO - Processing /opt/airflow/dags/hello_airflow.py took 0.070 seconds
[2026-05-31T09:57:10.708+0000] {processor.py:186} INFO - Started process (PID=16167) to work on /opt/airflow/dags/hello_airflow.py
[2026-05-31T09:57:10.709+0000] {processor.py:914} INFO - Processing file /opt/airflow/dags/hello_airflow.py for tasks to queue
[2026-05-31T09:57:10.712+0000] {logging_mixin.py:190} INFO - [2026-05-31T09:57:10.712+0000] {dagbag.py:588} INFO - Filling up the DagBag from /opt/airflow/dags/hello_airflow.py
[2026-05-31T09:57:10.721+0000] {processor.py:925} INFO - DAG(s) 'hello_airflow' retrieved from /opt/airflow/dags/hello_airflow.py
[2026-05-31T09:57:10.741+0000] {logging_mixin.py:190} INFO - [2026-05-31T09:57:10.741+0000] {dag.py:3239} INFO - Sync 1 DAGs
[2026-05-31T09:57:10.763+0000] {logging_mixin.py:190} INFO - [2026-05-31T09:57:10.763+0000] {dag.py:4180} INFO - Setting next_dagrun for hello_airflow to 2026-05-31 09:56:00+00:00, run_after=2026-05-31 09:57:00+00:00
[2026-05-31T09:57:10.783+0000] {processor.py:208} INFO - Processing /opt/airflow/dags/hello_airflow.py took 0.081 seconds
[2026-05-31T09:57:40.898+0000] {processor.py:186} INFO - Started process (PID=16185) to work on /opt/airflow/dags/hello_airflow.py
[2026-05-31T09:57:40.898+0000] {processor.py:914} INFO - Processing file /opt/airflow/dags/hello_airflow.py for tasks to queue
[2026-05-31T09:57:40.900+0000] {logging_mixin.py:190} INFO - [2026-05-31T09:57:40.900+0000] {dagbag.py:588} INFO - Filling up the DagBag from /opt/airflow/dags/hello_airflow.py
[2026-05-31T09:57:40.908+0000] {processor.py:925} INFO - DAG(s) 'hello_airflow' retrieved from /opt/airflow/dags/hello_airflow.py
[2026-05-31T09:57:40.937+0000] {logging_mixin.py:190} INFO - [2026-05-31T09:57:40.936+0000] {dag.py:3239} INFO - Sync 1 DAGs
[2026-05-31T09:57:40.956+0000] {logging_mixin.py:190} INFO - [2026-05-31T09:57:40.956+0000] {dag.py:4180} INFO - Setting next_dagrun for hello_airflow to 2026-05-31 09:56:00+00:00, run_after=2026-05-31 09:57:00+00:00
[2026-05-31T09:57:40.972+0000] {processor.py:208} INFO - Processing /opt/airflow/dags/hello_airflow.py took 0.085 seconds
[2026-05-31T09:58:11.745+0000] {processor.py:186} INFO - Started process (PID=16208) to work on /opt/airflow/dags/hello_airflow.py
[2026-05-31T09:58:11.746+0000] {processor.py:914} INFO - Processing file /opt/airflow/dags/hello_airflow.py for tasks to queue
[2026-05-31T09:58:11.748+0000] {logging_mixin.py:190} INFO - [2026-05-31T09:58:11.748+0000] {dagbag.py:588} INFO - Filling up the DagBag from /opt/airflow/dags/hello_airflow.py
[2026-05-31T09:58:11.757+0000] {processor.py:925} INFO - DAG(s) 'hello_airflow' retrieved from /opt/airflow/dags/hello_airflow.py
[2026-05-31T09:58:11.775+0000] {logging_mixin.py:190} INFO - [2026-05-31T09:58:11.774+0000] {dag.py:3239} INFO - Sync 1 DAGs
[2026-05-31T09:58:11.797+0000] {logging_mixin.py:190} INFO - [2026-05-31T09:58:11.796+0000] {dag.py:4180} INFO - Setting next_dagrun for hello_airflow to 2026-05-31 09:57:00+00:00, run_after=2026-05-31 09:58:00+00:00
[2026-05-31T09:58:11.810+0000] {processor.py:208} INFO - Processing /opt/airflow/dags/hello_airflow.py took 0.070 seconds
[2026-05-31T09:58:42.691+0000] {processor.py:186} INFO - Started process (PID=16233) to work on /opt/airflow/dags/hello_airflow.py
[2026-05-31T09:58:42.691+0000] {processor.py:914} INFO - Processing file /opt/airflow/dags/hello_airflow.py for tasks to queue
[2026-05-31T09:58:42.693+0000] {logging_mixin.py:190} INFO - [2026-05-31T09:58:42.693+0000] {dagbag.py:588} INFO - Filling up the DagBag from /opt/airflow/dags/hello_airflow.py
[2026-05-31T09:58:42.701+0000] {processor.py:925} INFO - DAG(s) 'hello_airflow' retrieved from /opt/airflow/dags/hello_airflow.py
[2026-05-31T09:58:42.721+0000] {logging_mixin.py:190} INFO - [2026-05-31T09:58:42.721+0000] {dag.py:3239} INFO - Sync 1 DAGs
[2026-05-31T09:58:42.744+0000] {logging_mixin.py:190} INFO - [2026-05-31T09:58:42.744+0000] {dag.py:4180} INFO - Setting next_dagrun for hello_airflow to 2026-05-31 09:57:00+00:00, run_after=2026-05-31 09:58:00+00:00
[2026-05-31T09:58:42.760+0000] {processor.py:208} INFO - Processing /opt/airflow/dags/hello_airflow.py took 0.074 seconds
[2026-05-31T09:59:13.825+0000] {processor.py:186} INFO - Started process (PID=16258) to work on /opt/airflow/dags/hello_airflow.py
[2026-05-31T09:59:13.826+0000] {processor.py:914} INFO - Processing file /opt/airflow/dags/hello_airflow.py for tasks to queue
[2026-05-31T09:59:13.828+0000] {logging_mixin.py:190} INFO - [2026-05-31T09:59:13.828+0000] {dagbag.py:588} INFO - Filling up the DagBag from /opt/airflow/dags/hello_airflow.py
[2026-05-31T09:59:13.836+0000] {processor.py:925} INFO - DAG(s) 'hello_airflow' retrieved from /opt/airflow/dags/hello_airflow.py
[2026-05-31T09:59:13.859+0000] {logging_mixin.py:190} INFO - [2026-05-31T09:59:13.859+0000] {dag.py:3239} INFO - Sync 1 DAGs
[2026-05-31T09:59:13.882+0000] {logging_mixin.py:190} INFO - [2026-05-31T09:59:13.882+0000] {dag.py:4180} INFO - Setting next_dagrun for hello_airflow to 2026-05-31 09:58:00+00:00, run_after=2026-05-31 09:59:00+00:00
[2026-05-31T09:59:13.896+0000] {processor.py:208} INFO - Processing /opt/airflow/dags/hello_airflow.py took 0.076 seconds
[2026-05-31T09:59:45.004+0000] {processor.py:186} INFO - Started process (PID=16281) to work on /opt/airflow/dags/hello_airflow.py
[2026-05-31T09:59:45.005+0000] {processor.py:914} INFO - Processing file /opt/airflow/dags/hello_airflow.py for tasks to queue
[2026-05-31T09:59:45.007+0000] {logging_mixin.py:190} INFO - [2026-05-31T09:59:45.007+0000] {dagbag.py:588} INFO - Filling up the DagBag from /opt/airflow/dags/hello_airflow.py
[2026-05-31T09:59:45.016+0000] {processor.py:925} INFO - DAG(s) 'hello_airflow' retrieved from /opt/airflow/dags/hello_airflow.py
[2026-05-31T09:59:45.035+0000] {logging_mixin.py:190} INFO - [2026-05-31T09:59:45.035+0000] {dag.py:3239} INFO - Sync 1 DAGs
[2026-05-31T09:59:45.055+0000] {logging_mixin.py:190} INFO - [2026-05-31T09:59:45.055+0000] {dag.py:4180} INFO - Setting next_dagrun for hello_airflow to 2026-05-31 09:58:00+00:00, run_after=2026-05-31 09:59:00+00:00
[2026-05-31T09:59:45.073+0000] {processor.py:208} INFO - Processing /opt/airflow/dags/hello_airflow.py took 0.073 seconds
[2026-05-31T10:00:16.107+0000] {processor.py:186} INFO - Started process (PID=16305) to work on /opt/airflow/dags/hello_airflow.py
[2026-05-31T10:00:16.108+0000] {processor.py:914} INFO - Processing file /opt/airflow/dags/hello_airflow.py for tasks to queue
[2026-05-31T10:00:16.110+0000] {logging_mixin.py:190} INFO - [2026-05-31T10:00:16.110+0000] {dagbag.py:588} INFO - Filling up the DagBag from /opt/airflow/dags/hello_airflow.py
[2026-05-31T10:00:16.123+0000] {processor.py:925} INFO - DAG(s) 'hello_airflow' retrieved from /opt/airflow/dags/hello_airflow.py
[2026-05-31T10:00:16.154+0000] {logging_mixin.py:190} INFO - [2026-05-31T10:00:16.153+0000] {dag.py:3239} INFO - Sync 1 DAGs
[2026-05-31T10:00:16.182+0000] {logging_mixin.py:190} INFO - [2026-05-31T10:00:16.182+0000] {dag.py:4180} INFO - Setting next_dagrun for hello_airflow to 2026-05-31 09:59:00+00:00, run_after=2026-05-31 10:00:00+00:00
[2026-05-31T10:00:16.214+0000] {processor.py:208} INFO - Processing /opt/airflow/dags/hello_airflow.py took 0.113 seconds
[2026-05-31T10:00:47.428+0000] {processor.py:186} INFO - Started process (PID=16329) to work on /opt/airflow/dags/hello_airflow.py
[2026-05-31T10:00:47.429+0000] {processor.py:914} INFO - Processing file /opt/airflow/dags/hello_airflow.py for tasks to queue
[2026-05-31T10:00:47.431+0000] {logging_mixin.py:190} INFO - [2026-05-31T10:00:47.430+0000] {dagbag.py:588} INFO - Filling up the DagBag from /opt/airflow/dags/hello_airflow.py
[2026-05-31T10:00:47.438+0000] {processor.py:925} INFO - DAG(s) 'hello_airflow' retrieved from /opt/airflow/dags/hello_airflow.py
[2026-05-31T10:00:47.460+0000] {logging_mixin.py:190} INFO - [2026-05-31T10:00:47.460+0000] {dag.py:3239} INFO - Sync 1 DAGs
[2026-05-31T10:00:47.481+0000] {logging_mixin.py:190} INFO - [2026-05-31T10:00:47.481+0000] {dag.py:4180} INFO - Setting next_dagrun for hello_airflow to 2026-05-31 09:59:00+00:00, run_after=2026-05-31 10:00:00+00:00
[2026-05-31T10:00:47.496+0000] {processor.py:208} INFO - Processing /opt/airflow/dags/hello_airflow.py took 0.072 seconds
[2026-05-31T10:01:18.346+0000] {processor.py:186} INFO - Started process (PID=16353) to work on /opt/airflow/dags/hello_airflow.py
[2026-05-31T10:01:18.347+0000] {processor.py:914} INFO - Processing file /opt/airflow/dags/hello_airflow.py for tasks to queue
[2026-05-31T10:01:18.349+0000] {logging_mixin.py:190} INFO - [2026-05-31T10:01:18.349+0000] {dagbag.py:588} INFO - Filling up the DagBag from /opt/airflow/dags/hello_airflow.py
[2026-05-31T10:01:18.357+0000] {processor.py:925} INFO - DAG(s) 'hello_airflow' retrieved from /opt/airflow/dags/hello_airflow.py
[2026-05-31T10:01:18.375+0000] {logging_mixin.py:190} INFO - [2026-05-31T10:01:18.375+0000] {dag.py:3239} INFO - Sync 1 DAGs
[2026-05-31T10:01:18.396+0000] {logging_mixin.py:190} INFO - [2026-05-31T10:01:18.396+0000] {dag.py:4180} INFO - Setting next_dagrun for hello_airflow to 2026-05-31 10:00:00+00:00, run_after=2026-05-31 10:01:00+00:00
[2026-05-31T10:01:18.427+0000] {processor.py:208} INFO - Processing /opt/airflow/dags/hello_airflow.py took 0.086 seconds
[2026-05-31T10:01:48.510+0000] {processor.py:186} INFO - Started process (PID=16376) to work on /opt/airflow/dags/hello_airflow.py
[2026-05-31T10:01:48.511+0000] {processor.py:914} INFO - Processing file /opt/airflow/dags/hello_airflow.py for tasks to queue
[2026-05-31T10:01:48.512+0000] {logging_mixin.py:190} INFO - [2026-05-31T10:01:48.512+0000] {dagbag.py:588} INFO - Filling up the DagBag from /opt/airflow/dags/hello_airflow.py
[2026-05-31T10:01:48.520+0000] {processor.py:925} INFO - DAG(s) 'hello_airflow' retrieved from /opt/airflow/dags/hello_airflow.py
[2026-05-31T10:01:48.541+0000] {logging_mixin.py:190} INFO - [2026-05-31T10:01:48.541+0000] {dag.py:3239} INFO - Sync 1 DAGs
[2026-05-31T10:01:48.562+0000] {logging_mixin.py:190} INFO - [2026-05-31T10:01:48.562+0000] {dag.py:4180} INFO - Setting next_dagrun for hello_airflow to 2026-05-31 10:00:00+00:00, run_after=2026-05-31 10:01:00+00:00
[2026-05-31T10:01:48.584+0000] {processor.py:208} INFO - Processing /opt/airflow/dags/hello_airflow.py took 0.079 seconds
[2026-05-31T10:02:19.135+0000] {processor.py:186} INFO - Started process (PID=16403) to work on /opt/airflow/dags/hello_airflow.py
[2026-05-31T10:02:19.137+0000] {processor.py:914} INFO - Processing file /opt/airflow/dags/hello_airflow.py for tasks to queue
[2026-05-31T10:02:19.139+0000] {logging_mixin.py:190} INFO - [2026-05-31T10:02:19.139+0000] {dagbag.py:588} INFO - Filling up the DagBag from /opt/airflow/dags/hello_airflow.py
[2026-05-31T10:02:19.148+0000] {processor.py:925} INFO - DAG(s) 'hello_airflow' retrieved from /opt/airflow/dags/hello_airflow.py
[2026-05-31T10:02:19.170+0000] {logging_mixin.py:190} INFO - [2026-05-31T10:02:19.170+0000] {dag.py:3239} INFO - Sync 1 DAGs
[2026-05-31T10:02:19.193+0000] {logging_mixin.py:190} INFO - [2026-05-31T10:02:19.193+0000] {dag.py:4180} INFO - Setting next_dagrun for hello_airflow to 2026-05-31 10:01:00+00:00, run_after=2026-05-31 10:02:00+00:00
[2026-05-31T10:02:19.212+0000] {processor.py:208} INFO - Processing /opt/airflow/dags/hello_airflow.py took 0.086 seconds
[2026-05-31T10:02:50.223+0000] {processor.py:186} INFO - Started process (PID=16427) to work on /opt/airflow/dags/hello_airflow.py
[2026-05-31T10:02:50.224+0000] {processor.py:914} INFO - Processing file /opt/airflow/dags/hello_airflow.py for tasks to queue
[2026-05-31T10:02:50.226+0000] {logging_mixin.py:190} INFO - [2026-05-31T10:02:50.225+0000] {dagbag.py:588} INFO - Filling up the DagBag from /opt/airflow/dags/hello_airflow.py
[2026-05-31T10:02:50.233+0000] {processor.py:925} INFO - DAG(s) 'hello_airflow' retrieved from /opt/airflow/dags/hello_airflow.py
[2026-05-31T10:02:50.254+0000] {logging_mixin.py:190} INFO - [2026-05-31T10:02:50.254+0000] {dag.py:3239} INFO - Sync 1 DAGs
[2026-05-31T10:02:50.277+0000] {logging_mixin.py:190} INFO - [2026-05-31T10:02:50.277+0000] {dag.py:4180} INFO - Setting next_dagrun for hello_airflow to 2026-05-31 10:01:00+00:00, run_after=2026-05-31 10:02:00+00:00
[2026-05-31T10:02:50.294+0000] {processor.py:208} INFO - Processing /opt/airflow/dags/hello_airflow.py took 0.076 seconds
[2026-05-31T10:03:20.744+0000] {processor.py:186} INFO - Started process (PID=16451) to work on /opt/airflow/dags/hello_airflow.py
[2026-05-31T10:03:20.745+0000] {processor.py:914} INFO - Processing file /opt/airflow/dags/hello_airflow.py for tasks to queue
[2026-05-31T10:03:20.747+0000] {logging_mixin.py:190} INFO - [2026-05-31T10:03:20.746+0000] {dagbag.py:588} INFO - Filling up the DagBag from /opt/airflow/dags/hello_airflow.py
[2026-05-31T10:03:20.754+0000] {processor.py:925} INFO - DAG(s) 'hello_airflow' retrieved from /opt/airflow/dags/hello_airflow.py
[2026-05-31T10:03:20.773+0000] {logging_mixin.py:190} INFO - [2026-05-31T10:03:20.773+0000] {dag.py:3239} INFO - Sync 1 DAGs
[2026-05-31T10:03:20.795+0000] {logging_mixin.py:190} INFO - [2026-05-31T10:03:20.795+0000] {dag.py:4180} INFO - Setting next_dagrun for hello_airflow to 2026-05-31 10:02:00+00:00, run_after=2026-05-31 10:03:00+00:00
[2026-05-31T10:03:20.823+0000] {processor.py:208} INFO - Processing /opt/airflow/dags/hello_airflow.py took 0.084 seconds
[2026-05-31T10:03:51.176+0000] {processor.py:186} INFO - Started process (PID=16476) to work on /opt/airflow/dags/hello_airflow.py
[2026-05-31T10:03:51.177+0000] {processor.py:914} INFO - Processing file /opt/airflow/dags/hello_airflow.py for tasks to queue
[2026-05-31T10:03:51.180+0000] {logging_mixin.py:190} INFO - [2026-05-31T10:03:51.179+0000] {dagbag.py:588} INFO - Filling up the DagBag from /opt/airflow/dags/hello_airflow.py
[2026-05-31T10:03:51.189+0000] {processor.py:925} INFO - DAG(s) 'hello_airflow' retrieved from /opt/airflow/dags/hello_airflow.py
[2026-05-31T10:03:51.209+0000] {logging_mixin.py:190} INFO - [2026-05-31T10:03:51.209+0000] {dag.py:3239} INFO - Sync 1 DAGs
[2026-05-31T10:03:51.232+0000] {logging_mixin.py:190} INFO - [2026-05-31T10:03:51.231+0000] {dag.py:4180} INFO - Setting next_dagrun for hello_airflow to 2026-05-31 10:02:00+00:00, run_after=2026-05-31 10:03:00+00:00
[2026-05-31T10:03:51.249+0000] {processor.py:208} INFO - Processing /opt/airflow/dags/hello_airflow.py took 0.078 seconds
[2026-05-31T10:04:21.878+0000] {processor.py:186} INFO - Started process (PID=16501) to work on /opt/airflow/dags/hello_airflow.py
[2026-05-31T10:04:21.897+0000] {processor.py:914} INFO - Processing file /opt/airflow/dags/hello_airflow.py for tasks to queue
[2026-05-31T10:04:21.903+0000] {logging_mixin.py:190} INFO - [2026-05-31T10:04:21.903+0000] {dagbag.py:588} INFO - Filling up the DagBag from /opt/airflow/dags/hello_airflow.py
[2026-05-31T10:04:21.922+0000] {processor.py:925} INFO - DAG(s) 'hello_airflow' retrieved from /opt/airflow/dags/hello_airflow.py
[2026-05-31T10:04:21.963+0000] {logging_mixin.py:190} INFO - [2026-05-31T10:04:21.963+0000] {dag.py:3239} INFO - Sync 1 DAGs
[2026-05-31T10:04:22.015+0000] {logging_mixin.py:190} INFO - [2026-05-31T10:04:22.014+0000] {dag.py:4180} INFO - Setting next_dagrun for hello_airflow to 2026-05-31 10:03:00+00:00, run_after=2026-05-31 10:04:00+00:00
[2026-05-31T10:04:22.065+0000] {processor.py:208} INFO - Processing /opt/airflow/dags/hello_airflow.py took 0.208 seconds
[2026-05-31T10:04:54.277+0000] {processor.py:186} INFO - Started process (PID=16525) to work on /opt/airflow/dags/hello_airflow.py
[2026-05-31T10:04:54.280+0000] {processor.py:914} INFO - Processing file /opt/airflow/dags/hello_airflow.py for tasks to queue
[2026-05-31T10:04:54.283+0000] {logging_mixin.py:190} INFO - [2026-05-31T10:04:54.282+0000] {dagbag.py:588} INFO - Filling up the DagBag from /opt/airflow/dags/hello_airflow.py
[2026-05-31T10:04:54.301+0000] {processor.py:925} INFO - DAG(s) 'hello_airflow' retrieved from /opt/airflow/dags/hello_airflow.py
[2026-05-31T10:04:54.333+0000] {logging_mixin.py:190} INFO - [2026-05-31T10:04:54.333+0000] {dag.py:3239} INFO - Sync 1 DAGs
[2026-05-31T10:04:54.375+0000] {logging_mixin.py:190} INFO - [2026-05-31T10:04:54.375+0000] {dag.py:4180} INFO - Setting next_dagrun for hello_airflow to 2026-05-31 10:03:00+00:00, run_after=2026-05-31 10:04:00+00:00
[2026-05-31T10:04:54.402+0000] {processor.py:208} INFO - Processing /opt/airflow/dags/hello_airflow.py took 0.134 seconds
[2026-05-31T10:05:24.641+0000] {processor.py:186} INFO - Started process (PID=16543) to work on /opt/airflow/dags/hello_airflow.py
[2026-05-31T10:05:24.641+0000] {processor.py:914} INFO - Processing file /opt/airflow/dags/hello_airflow.py for tasks to queue
[2026-05-31T10:05:24.644+0000] {logging_mixin.py:190} INFO - [2026-05-31T10:05:24.643+0000] {dagbag.py:588} INFO - Filling up the DagBag from /opt/airflow/dags/hello_airflow.py
[2026-05-31T10:05:24.652+0000] {processor.py:925} INFO - DAG(s) 'hello_airflow' retrieved from /opt/airflow/dags/hello_airflow.py
[2026-05-31T10:05:24.670+0000] {logging_mixin.py:190} INFO - [2026-05-31T10:05:24.670+0000] {dag.py:3239} INFO - Sync 1 DAGs
[2026-05-31T10:05:24.691+0000] {logging_mixin.py:190} INFO - [2026-05-31T10:05:24.691+0000] {dag.py:4180} INFO - Setting next_dagrun for hello_airflow to 2026-05-31 10:04:00+00:00, run_after=2026-05-31 10:05:00+00:00
[2026-05-31T10:05:24.707+0000] {processor.py:208} INFO - Processing /opt/airflow/dags/hello_airflow.py took 0.071 seconds
[2026-05-31T10:05:55.538+0000] {processor.py:186} INFO - Started process (PID=16567) to work on /opt/airflow/dags/hello_airflow.py
[2026-05-31T10:05:55.539+0000] {processor.py:914} INFO - Processing file /opt/airflow/dags/hello_airflow.py for tasks to queue
[2026-05-31T10:05:55.541+0000] {logging_mixin.py:190} INFO - [2026-05-31T10:05:55.541+0000] {dagbag.py:588} INFO - Filling up the DagBag from /opt/airflow/dags/hello_airflow.py
[2026-05-31T10:05:55.550+0000] {processor.py:925} INFO - DAG(s) 'hello_airflow' retrieved from /opt/airflow/dags/hello_airflow.py
[2026-05-31T10:05:55.568+0000] {logging_mixin.py:190} INFO - [2026-05-31T10:05:55.568+0000] {dag.py:3239} INFO - Sync 1 DAGs
[2026-05-31T10:05:55.590+0000] {logging_mixin.py:190} INFO - [2026-05-31T10:05:55.590+0000] {dag.py:4180} INFO - Setting next_dagrun for hello_airflow to 2026-05-31 10:04:00+00:00, run_after=2026-05-31 10:05:00+00:00
[2026-05-31T10:05:55.605+0000] {processor.py:208} INFO - Processing /opt/airflow/dags/hello_airflow.py took 0.072 seconds
[2026-05-31T10:06:26.055+0000] {processor.py:186} INFO - Started process (PID=16591) to work on /opt/airflow/dags/hello_airflow.py
[2026-05-31T10:06:26.059+0000] {processor.py:914} INFO - Processing file /opt/airflow/dags/hello_airflow.py for tasks to queue
[2026-05-31T10:06:26.062+0000] {logging_mixin.py:190} INFO - [2026-05-31T10:06:26.061+0000] {dagbag.py:588} INFO - Filling up the DagBag from /opt/airflow/dags/hello_airflow.py
[2026-05-31T10:06:26.071+0000] {processor.py:925} INFO - DAG(s) 'hello_airflow' retrieved from /opt/airflow/dags/hello_airflow.py
[2026-05-31T10:06:26.095+0000] {logging_mixin.py:190} INFO - [2026-05-31T10:06:26.095+0000] {dag.py:3239} INFO - Sync 1 DAGs
[2026-05-31T10:06:26.120+0000] {logging_mixin.py:190} INFO - [2026-05-31T10:06:26.119+0000] {dag.py:4180} INFO - Setting next_dagrun for hello_airflow to 2026-05-31 10:05:00+00:00, run_after=2026-05-31 10:06:00+00:00
[2026-05-31T10:06:26.134+0000] {processor.py:208} INFO - Processing /opt/airflow/dags/hello_airflow.py took 0.084 seconds
[2026-05-31T10:06:57.229+0000] {processor.py:186} INFO - Started process (PID=16623) to work on /opt/airflow/dags/hello_airflow.py
[2026-05-31T10:06:57.230+0000] {processor.py:914} INFO - Processing file /opt/airflow/dags/hello_airflow.py for tasks to queue
[2026-05-31T10:06:57.232+0000] {logging_mixin.py:190} INFO - [2026-05-31T10:06:57.232+0000] {dagbag.py:588} INFO - Filling up the DagBag from /opt/airflow/dags/hello_airflow.py
[2026-05-31T10:06:57.243+0000] {processor.py:925} INFO - DAG(s) 'hello_airflow' retrieved from /opt/airflow/dags/hello_airflow.py
[2026-05-31T10:06:57.263+0000] {logging_mixin.py:190} INFO - [2026-05-31T10:06:57.262+0000] {dag.py:3239} INFO - Sync 1 DAGs
[2026-05-31T10:06:57.286+0000] {logging_mixin.py:190} INFO - [2026-05-31T10:06:57.286+0000] {dag.py:4180} INFO - Setting next_dagrun for hello_airflow to 2026-05-31 10:05:00+00:00, run_after=2026-05-31 10:06:00+00:00
[2026-05-31T10:06:57.303+0000] {processor.py:208} INFO - Processing /opt/airflow/dags/hello_airflow.py took 0.080 seconds
[2026-05-31T10:07:28.534+0000] {processor.py:186} INFO - Started process (PID=16648) to work on /opt/airflow/dags/hello_airflow.py
[2026-05-31T10:07:28.570+0000] {processor.py:914} INFO - Processing file /opt/airflow/dags/hello_airflow.py for tasks to queue
[2026-05-31T10:07:28.573+0000] {logging_mixin.py:190} INFO - [2026-05-31T10:07:28.573+0000] {dagbag.py:588} INFO - Filling up the DagBag from /opt/airflow/dags/hello_airflow.py
[2026-05-31T10:07:28.582+0000] {processor.py:925} INFO - DAG(s) 'hello_airflow' retrieved from /opt/airflow/dags/hello_airflow.py
[2026-05-31T10:07:28.601+0000] {logging_mixin.py:190} INFO - [2026-05-31T10:07:28.601+0000] {dag.py:3239} INFO - Sync 1 DAGs
[2026-05-31T10:07:28.623+0000] {logging_mixin.py:190} INFO - [2026-05-31T10:07:28.623+0000] {dag.py:4180} INFO - Setting next_dagrun for hello_airflow to 2026-05-31 10:06:00+00:00, run_after=2026-05-31 10:07:00+00:00
[2026-05-31T10:07:28.683+0000] {processor.py:208} INFO - Processing /opt/airflow/dags/hello_airflow.py took 0.154 seconds
[2026-05-31T10:07:59.079+0000] {processor.py:186} INFO - Started process (PID=16672) to work on /opt/airflow/dags/hello_airflow.py
[2026-05-31T10:07:59.080+0000] {processor.py:914} INFO - Processing file /opt/airflow/dags/hello_airflow.py for tasks to queue
[2026-05-31T10:07:59.082+0000] {logging_mixin.py:190} INFO - [2026-05-31T10:07:59.082+0000] {dagbag.py:588} INFO - Filling up the DagBag from /opt/airflow/dags/hello_airflow.py
[2026-05-31T10:07:59.091+0000] {processor.py:925} INFO - DAG(s) 'hello_airflow' retrieved from /opt/airflow/dags/hello_airflow.py
[2026-05-31T10:07:59.111+0000] {logging_mixin.py:190} INFO - [2026-05-31T10:07:59.111+0000] {dag.py:3239} INFO - Sync 1 DAGs
[2026-05-31T10:07:59.135+0000] {logging_mixin.py:190} INFO - [2026-05-31T10:07:59.135+0000] {dag.py:4180} INFO - Setting next_dagrun for hello_airflow to 2026-05-31 10:06:00+00:00, run_after=2026-05-31 10:07:00+00:00
[2026-05-31T10:07:59.151+0000] {processor.py:208} INFO - Processing /opt/airflow/dags/hello_airflow.py took 0.077 seconds
[2026-05-31T10:08:30.076+0000] {processor.py:186} INFO - Started process (PID=16696) to work on /opt/airflow/dags/hello_airflow.py
[2026-05-31T10:08:30.077+0000] {processor.py:914} INFO - Processing file /opt/airflow/dags/hello_airflow.py for tasks to queue
[2026-05-31T10:08:30.079+0000] {logging_mixin.py:190} INFO - [2026-05-31T10:08:30.078+0000] {dagbag.py:588} INFO - Filling up the DagBag from /opt/airflow/dags/hello_airflow.py
[2026-05-31T10:08:30.086+0000] {processor.py:925} INFO - DAG(s) 'hello_airflow' retrieved from /opt/airflow/dags/hello_airflow.py
[2026-05-31T10:08:30.104+0000] {logging_mixin.py:190} INFO - [2026-05-31T10:08:30.103+0000] {dag.py:3239} INFO - Sync 1 DAGs
[2026-05-31T10:08:30.123+0000] {logging_mixin.py:190} INFO - [2026-05-31T10:08:30.123+0000] {dag.py:4180} INFO - Setting next_dagrun for hello_airflow to 2026-05-31 10:07:00+00:00, run_after=2026-05-31 10:08:00+00:00
[2026-05-31T10:08:30.139+0000] {processor.py:208} INFO - Processing /opt/airflow/dags/hello_airflow.py took 0.068 seconds
[2026-05-31T10:09:01.088+0000] {processor.py:186} INFO - Started process (PID=16720) to work on /opt/airflow/dags/hello_airflow.py
[2026-05-31T10:09:01.089+0000] {processor.py:914} INFO - Processing file /opt/airflow/dags/hello_airflow.py for tasks to queue
[2026-05-31T10:09:01.091+0000] {logging_mixin.py:190} INFO - [2026-05-31T10:09:01.091+0000] {dagbag.py:588} INFO - Filling up the DagBag from /opt/airflow/dags/hello_airflow.py
[2026-05-31T10:09:01.099+0000] {processor.py:925} INFO - DAG(s) 'hello_airflow' retrieved from /opt/airflow/dags/hello_airflow.py
[2026-05-31T10:09:01.118+0000] {logging_mixin.py:190} INFO - [2026-05-31T10:09:01.118+0000] {dag.py:3239} INFO - Sync 1 DAGs
[2026-05-31T10:09:01.140+0000] {logging_mixin.py:190} INFO - [2026-05-31T10:09:01.140+0000] {dag.py:4180} INFO - Setting next_dagrun for hello_airflow to 2026-05-31 10:08:00+00:00, run_after=2026-05-31 10:09:00+00:00
[2026-05-31T10:09:01.154+0000] {processor.py:208} INFO - Processing /opt/airflow/dags/hello_airflow.py took 0.071 seconds
[2026-05-31T10:09:32.114+0000] {processor.py:186} INFO - Started process (PID=16744) to work on /opt/airflow/dags/hello_airflow.py
[2026-05-31T10:09:32.115+0000] {processor.py:914} INFO - Processing file /opt/airflow/dags/hello_airflow.py for tasks to queue
[2026-05-31T10:09:32.116+0000] {logging_mixin.py:190} INFO - [2026-05-31T10:09:32.116+0000] {dagbag.py:588} INFO - Filling up the DagBag from /opt/airflow/dags/hello_airflow.py
[2026-05-31T10:09:32.124+0000] {processor.py:925} INFO - DAG(s) 'hello_airflow' retrieved from /opt/airflow/dags/hello_airflow.py
[2026-05-31T10:09:32.144+0000] {logging_mixin.py:190} INFO - [2026-05-31T10:09:32.144+0000] {dag.py:3239} INFO - Sync 1 DAGs
[2026-05-31T10:09:32.164+0000] {logging_mixin.py:190} INFO - [2026-05-31T10:09:32.164+0000] {dag.py:4180} INFO - Setting next_dagrun for hello_airflow to 2026-05-31 10:08:00+00:00, run_after=2026-05-31 10:09:00+00:00
[2026-05-31T10:09:32.180+0000] {processor.py:208} INFO - Processing /opt/airflow/dags/hello_airflow.py took 0.071 seconds
[2026-05-31T10:10:03.422+0000] {processor.py:186} INFO - Started process (PID=16768) to work on /opt/airflow/dags/hello_airflow.py
[2026-05-31T10:10:03.423+0000] {processor.py:914} INFO - Processing file /opt/airflow/dags/hello_airflow.py for tasks to queue
[2026-05-31T10:10:03.424+0000] {logging_mixin.py:190} INFO - [2026-05-31T10:10:03.424+0000] {dagbag.py:588} INFO - Filling up the DagBag from /opt/airflow/dags/hello_airflow.py
[2026-05-31T10:10:03.433+0000] {processor.py:925} INFO - DAG(s) 'hello_airflow' retrieved from /opt/airflow/dags/hello_airflow.py
[2026-05-31T10:10:03.456+0000] {logging_mixin.py:190} INFO - [2026-05-31T10:10:03.456+0000] {dag.py:3239} INFO - Sync 1 DAGs
[2026-05-31T10:10:03.478+0000] {logging_mixin.py:190} INFO - [2026-05-31T10:10:03.478+0000] {dag.py:4180} INFO - Setting next_dagrun for hello_airflow to 2026-05-31 10:09:00+00:00, run_after=2026-05-31 10:10:00+00:00
[2026-05-31T10:10:03.501+0000] {processor.py:208} INFO - Processing /opt/airflow/dags/hello_airflow.py took 0.083 seconds
[2026-05-31T10:10:34.509+0000] {processor.py:186} INFO - Started process (PID=16795) to work on /opt/airflow/dags/hello_airflow.py
[2026-05-31T10:10:34.510+0000] {processor.py:914} INFO - Processing file /opt/airflow/dags/hello_airflow.py for tasks to queue
[2026-05-31T10:10:34.513+0000] {logging_mixin.py:190} INFO - [2026-05-31T10:10:34.512+0000] {dagbag.py:588} INFO - Filling up the DagBag from /opt/airflow/dags/hello_airflow.py
[2026-05-31T10:10:34.521+0000] {processor.py:925} INFO - DAG(s) 'hello_airflow' retrieved from /opt/airflow/dags/hello_airflow.py
[2026-05-31T10:10:34.538+0000] {logging_mixin.py:190} INFO - [2026-05-31T10:10:34.538+0000] {dag.py:3239} INFO - Sync 1 DAGs
[2026-05-31T10:10:34.557+0000] {logging_mixin.py:190} INFO - [2026-05-31T10:10:34.557+0000] {dag.py:4180} INFO - Setting next_dagrun for hello_airflow to 2026-05-31 10:09:00+00:00, run_after=2026-05-31 10:10:00+00:00
[2026-05-31T10:10:34.571+0000] {processor.py:208} INFO - Processing /opt/airflow/dags/hello_airflow.py took 0.066 seconds
[2026-05-31T10:11:04.949+0000] {processor.py:186} INFO - Started process (PID=16819) to work on /opt/airflow/dags/hello_airflow.py
[2026-05-31T10:11:04.950+0000] {processor.py:914} INFO - Processing file /opt/airflow/dags/hello_airflow.py for tasks to queue
[2026-05-31T10:11:04.952+0000] {logging_mixin.py:190} INFO - [2026-05-31T10:11:04.952+0000] {dagbag.py:588} INFO - Filling up the DagBag from /opt/airflow/dags/hello_airflow.py
[2026-05-31T10:11:04.962+0000] {processor.py:925} INFO - DAG(s) 'hello_airflow' retrieved from /opt/airflow/dags/hello_airflow.py
[2026-05-31T10:11:04.980+0000] {logging_mixin.py:190} INFO - [2026-05-31T10:11:04.979+0000] {dag.py:3239} INFO - Sync 1 DAGs
[2026-05-31T10:11:05.000+0000] {logging_mixin.py:190} INFO - [2026-05-31T10:11:05.000+0000] {dag.py:4180} INFO - Setting next_dagrun for hello_airflow to 2026-05-31 10:10:00+00:00, run_after=2026-05-31 10:11:00+00:00
[2026-05-31T10:11:05.014+0000] {processor.py:208} INFO - Processing /opt/airflow/dags/hello_airflow.py took 0.070 seconds
[2026-05-31T10:11:35.443+0000] {processor.py:186} INFO - Started process (PID=16843) to work on /opt/airflow/dags/hello_airflow.py
[2026-05-31T10:11:35.444+0000] {processor.py:914} INFO - Processing file /opt/airflow/dags/hello_airflow.py for tasks to queue
[2026-05-31T10:11:35.448+0000] {logging_mixin.py:190} INFO - [2026-05-31T10:11:35.448+0000] {dagbag.py:588} INFO - Filling up the DagBag from /opt/airflow/dags/hello_airflow.py
[2026-05-31T10:11:35.458+0000] {processor.py:925} INFO - DAG(s) 'hello_airflow' retrieved from /opt/airflow/dags/hello_airflow.py
[2026-05-31T10:11:35.483+0000] {logging_mixin.py:190} INFO - [2026-05-31T10:11:35.482+0000] {dag.py:3239} INFO - Sync 1 DAGs
[2026-05-31T10:11:35.505+0000] {logging_mixin.py:190} INFO - [2026-05-31T10:11:35.505+0000] {dag.py:4180} INFO - Setting next_dagrun for hello_airflow to 2026-05-31 10:10:00+00:00, run_after=2026-05-31 10:11:00+00:00
[2026-05-31T10:11:35.519+0000] {processor.py:208} INFO - Processing /opt/airflow/dags/hello_airflow.py took 0.084 seconds
[2026-05-31T10:12:06.469+0000] {processor.py:186} INFO - Started process (PID=16868) to work on /opt/airflow/dags/hello_airflow.py
[2026-05-31T10:12:06.470+0000] {processor.py:914} INFO - Processing file /opt/airflow/dags/hello_airflow.py for tasks to queue
[2026-05-31T10:12:06.472+0000] {logging_mixin.py:190} INFO - [2026-05-31T10:12:06.472+0000] {dagbag.py:588} INFO - Filling up the DagBag from /opt/airflow/dags/hello_airflow.py
[2026-05-31T10:12:06.481+0000] {processor.py:925} INFO - DAG(s) 'hello_airflow' retrieved from /opt/airflow/dags/hello_airflow.py
[2026-05-31T10:12:06.501+0000] {logging_mixin.py:190} INFO - [2026-05-31T10:12:06.501+0000] {dag.py:3239} INFO - Sync 1 DAGs
[2026-05-31T10:12:06.528+0000] {logging_mixin.py:190} INFO - [2026-05-31T10:12:06.527+0000] {dag.py:4180} INFO - Setting next_dagrun for hello_airflow to 2026-05-31 10:11:00+00:00, run_after=2026-05-31 10:12:00+00:00
[2026-05-31T10:12:06.543+0000] {processor.py:208} INFO - Processing /opt/airflow/dags/hello_airflow.py took 0.079 seconds
[2026-05-31T10:12:37.580+0000] {processor.py:186} INFO - Started process (PID=16892) to work on /opt/airflow/dags/hello_airflow.py
[2026-05-31T10:12:37.582+0000] {processor.py:914} INFO - Processing file /opt/airflow/dags/hello_airflow.py for tasks to queue
[2026-05-31T10:12:37.584+0000] {logging_mixin.py:190} INFO - [2026-05-31T10:12:37.583+0000] {dagbag.py:588} INFO - Filling up the DagBag from /opt/airflow/dags/hello_airflow.py
[2026-05-31T10:12:37.591+0000] {processor.py:925} INFO - DAG(s) 'hello_airflow' retrieved from /opt/airflow/dags/hello_airflow.py
[2026-05-31T10:12:37.609+0000] {logging_mixin.py:190} INFO - [2026-05-31T10:12:37.608+0000] {dag.py:3239} INFO - Sync 1 DAGs
[2026-05-31T10:12:37.641+0000] {logging_mixin.py:190} INFO - [2026-05-31T10:12:37.641+0000] {dag.py:4180} INFO - Setting next_dagrun for hello_airflow to 2026-05-31 10:11:00+00:00, run_after=2026-05-31 10:12:00+00:00
[2026-05-31T10:12:37.657+0000] {processor.py:208} INFO - Processing /opt/airflow/dags/hello_airflow.py took 0.082 seconds
[2026-05-31T10:13:09.382+0000] {processor.py:186} INFO - Started process (PID=16914) to work on /opt/airflow/dags/hello_airflow.py
[2026-05-31T10:13:09.383+0000] {processor.py:914} INFO - Processing file /opt/airflow/dags/hello_airflow.py for tasks to queue
[2026-05-31T10:13:09.385+0000] {logging_mixin.py:190} INFO - [2026-05-31T10:13:09.385+0000] {dagbag.py:588} INFO - Filling up the DagBag from /opt/airflow/dags/hello_airflow.py
[2026-05-31T10:13:09.393+0000] {processor.py:925} INFO - DAG(s) 'hello_airflow' retrieved from /opt/airflow/dags/hello_airflow.py
[2026-05-31T10:13:09.411+0000] {logging_mixin.py:190} INFO - [2026-05-31T10:13:09.411+0000] {dag.py:3239} INFO - Sync 1 DAGs
[2026-05-31T10:13:09.433+0000] {logging_mixin.py:190} INFO - [2026-05-31T10:13:09.433+0000] {dag.py:4180} INFO - Setting next_dagrun for hello_airflow to 2026-05-31 10:12:00+00:00, run_after=2026-05-31 10:13:00+00:00
[2026-05-31T10:13:09.449+0000] {processor.py:208} INFO - Processing /opt/airflow/dags/hello_airflow.py took 0.074 seconds
[2026-05-31T10:13:39.742+0000] {processor.py:186} INFO - Started process (PID=16934) to work on /opt/airflow/dags/hello_airflow.py
[2026-05-31T10:13:39.743+0000] {processor.py:914} INFO - Processing file /opt/airflow/dags/hello_airflow.py for tasks to queue
[2026-05-31T10:13:39.745+0000] {logging_mixin.py:190} INFO - [2026-05-31T10:13:39.745+0000] {dagbag.py:588} INFO - Filling up the DagBag from /opt/airflow/dags/hello_airflow.py
[2026-05-31T10:13:39.752+0000] {processor.py:925} INFO - DAG(s) 'hello_airflow' retrieved from /opt/airflow/dags/hello_airflow.py
[2026-05-31T10:13:39.772+0000] {logging_mixin.py:190} INFO - [2026-05-31T10:13:39.772+0000] {dag.py:3239} INFO - Sync 1 DAGs
[2026-05-31T10:13:39.796+0000] {logging_mixin.py:190} INFO - [2026-05-31T10:13:39.796+0000] {dag.py:4180} INFO - Setting next_dagrun for hello_airflow to 2026-05-31 10:12:00+00:00, run_after=2026-05-31 10:13:00+00:00
[2026-05-31T10:13:39.810+0000] {processor.py:208} INFO - Processing /opt/airflow/dags/hello_airflow.py took 0.073 seconds
[2026-05-31T10:14:10.001+0000] {processor.py:186} INFO - Started process (PID=16958) to work on /opt/airflow/dags/hello_airflow.py
[2026-05-31T10:14:10.002+0000] {processor.py:914} INFO - Processing file /opt/airflow/dags/hello_airflow.py for tasks to queue
[2026-05-31T10:14:10.005+0000] {logging_mixin.py:190} INFO - [2026-05-31T10:14:10.005+0000] {dagbag.py:588} INFO - Filling up the DagBag from /opt/airflow/dags/hello_airflow.py
[2026-05-31T10:14:10.015+0000] {processor.py:925} INFO - DAG(s) 'hello_airflow' retrieved from /opt/airflow/dags/hello_airflow.py
[2026-05-31T10:14:10.032+0000] {logging_mixin.py:190} INFO - [2026-05-31T10:14:10.032+0000] {dag.py:3239} INFO - Sync 1 DAGs
[2026-05-31T10:14:10.052+0000] {logging_mixin.py:190} INFO - [2026-05-31T10:14:10.052+0000] {dag.py:4180} INFO - Setting next_dagrun for hello_airflow to 2026-05-31 10:13:00+00:00, run_after=2026-05-31 10:14:00+00:00
[2026-05-31T10:14:10.065+0000] {processor.py:208} INFO - Processing /opt/airflow/dags/hello_airflow.py took 0.071 seconds
[2026-05-31T10:14:41.253+0000] {processor.py:186} INFO - Started process (PID=16982) to work on /opt/airflow/dags/hello_airflow.py
[2026-05-31T10:14:41.254+0000] {processor.py:914} INFO - Processing file /opt/airflow/dags/hello_airflow.py for tasks to queue
[2026-05-31T10:14:41.256+0000] {logging_mixin.py:190} INFO - [2026-05-31T10:14:41.256+0000] {dagbag.py:588} INFO - Filling up the DagBag from /opt/airflow/dags/hello_airflow.py
[2026-05-31T10:14:41.264+0000] {processor.py:925} INFO - DAG(s) 'hello_airflow' retrieved from /opt/airflow/dags/hello_airflow.py
[2026-05-31T10:14:41.280+0000] {logging_mixin.py:190} INFO - [2026-05-31T10:14:41.280+0000] {dag.py:3239} INFO - Sync 1 DAGs
[2026-05-31T10:14:41.300+0000] {logging_mixin.py:190} INFO - [2026-05-31T10:14:41.299+0000] {dag.py:4180} INFO - Setting next_dagrun for hello_airflow to 2026-05-31 10:13:00+00:00, run_after=2026-05-31 10:14:00+00:00
[2026-05-31T10:14:41.312+0000] {processor.py:208} INFO - Processing /opt/airflow/dags/hello_airflow.py took 0.064 seconds
[2026-05-31T10:15:12.317+0000] {processor.py:186} INFO - Started process (PID=17006) to work on /opt/airflow/dags/hello_airflow.py
[2026-05-31T10:15:12.317+0000] {processor.py:914} INFO - Processing file /opt/airflow/dags/hello_airflow.py for tasks to queue
[2026-05-31T10:15:12.324+0000] {logging_mixin.py:190} INFO - [2026-05-31T10:15:12.323+0000] {dagbag.py:588} INFO - Filling up the DagBag from /opt/airflow/dags/hello_airflow.py
[2026-05-31T10:15:12.334+0000] {processor.py:925} INFO - DAG(s) 'hello_airflow' retrieved from /opt/airflow/dags/hello_airflow.py
[2026-05-31T10:15:12.350+0000] {logging_mixin.py:190} INFO - [2026-05-31T10:15:12.350+0000] {dag.py:3239} INFO - Sync 1 DAGs
[2026-05-31T10:15:12.371+0000] {logging_mixin.py:190} INFO - [2026-05-31T10:15:12.371+0000] {dag.py:4180} INFO - Setting next_dagrun for hello_airflow to 2026-05-31 10:14:00+00:00, run_after=2026-05-31 10:15:00+00:00
[2026-05-31T10:15:12.385+0000] {processor.py:208} INFO - Processing /opt/airflow/dags/hello_airflow.py took 0.074 seconds
[2026-05-31T10:15:42.828+0000] {processor.py:186} INFO - Started process (PID=17031) to work on /opt/airflow/dags/hello_airflow.py
[2026-05-31T10:15:42.829+0000] {processor.py:914} INFO - Processing file /opt/airflow/dags/hello_airflow.py for tasks to queue
[2026-05-31T10:15:42.831+0000] {logging_mixin.py:190} INFO - [2026-05-31T10:15:42.831+0000] {dagbag.py:588} INFO - Filling up the DagBag from /opt/airflow/dags/hello_airflow.py
[2026-05-31T10:15:42.840+0000] {processor.py:925} INFO - DAG(s) 'hello_airflow' retrieved from /opt/airflow/dags/hello_airflow.py
[2026-05-31T10:15:42.858+0000] {logging_mixin.py:190} INFO - [2026-05-31T10:15:42.858+0000] {dag.py:3239} INFO - Sync 1 DAGs
[2026-05-31T10:15:42.880+0000] {logging_mixin.py:190} INFO - [2026-05-31T10:15:42.879+0000] {dag.py:4180} INFO - Setting next_dagrun for hello_airflow to 2026-05-31 10:14:00+00:00, run_after=2026-05-31 10:15:00+00:00
[2026-05-31T10:15:42.892+0000] {processor.py:208} INFO - Processing /opt/airflow/dags/hello_airflow.py took 0.069 seconds
[2026-05-31T10:16:13.898+0000] {processor.py:186} INFO - Started process (PID=17054) to work on /opt/airflow/dags/hello_airflow.py
[2026-05-31T10:16:13.899+0000] {processor.py:914} INFO - Processing file /opt/airflow/dags/hello_airflow.py for tasks to queue
[2026-05-31T10:16:13.901+0000] {logging_mixin.py:190} INFO - [2026-05-31T10:16:13.900+0000] {dagbag.py:588} INFO - Filling up the DagBag from /opt/airflow/dags/hello_airflow.py
[2026-05-31T10:16:13.910+0000] {processor.py:925} INFO - DAG(s) 'hello_airflow' retrieved from /opt/airflow/dags/hello_airflow.py
[2026-05-31T10:16:13.928+0000] {logging_mixin.py:190} INFO - [2026-05-31T10:16:13.928+0000] {dag.py:3239} INFO - Sync 1 DAGs
[2026-05-31T10:16:13.947+0000] {logging_mixin.py:190} INFO - [2026-05-31T10:16:13.947+0000] {dag.py:4180} INFO - Setting next_dagrun for hello_airflow to 2026-05-31 10:15:00+00:00, run_after=2026-05-31 10:16:00+00:00
[2026-05-31T10:16:13.960+0000] {processor.py:208} INFO - Processing /opt/airflow/dags/hello_airflow.py took 0.068 seconds
[2026-05-31T10:16:45.112+0000] {processor.py:186} INFO - Started process (PID=17080) to work on /opt/airflow/dags/hello_airflow.py
[2026-05-31T10:16:45.113+0000] {processor.py:914} INFO - Processing file /opt/airflow/dags/hello_airflow.py for tasks to queue
[2026-05-31T10:16:45.115+0000] {logging_mixin.py:190} INFO - [2026-05-31T10:16:45.115+0000] {dagbag.py:588} INFO - Filling up the DagBag from /opt/airflow/dags/hello_airflow.py
[2026-05-31T10:16:45.124+0000] {processor.py:925} INFO - DAG(s) 'hello_airflow' retrieved from /opt/airflow/dags/hello_airflow.py
[2026-05-31T10:16:45.143+0000] {logging_mixin.py:190} INFO - [2026-05-31T10:16:45.142+0000] {dag.py:3239} INFO - Sync 1 DAGs
[2026-05-31T10:16:45.163+0000] {logging_mixin.py:190} INFO - [2026-05-31T10:16:45.163+0000] {dag.py:4180} INFO - Setting next_dagrun for hello_airflow to 2026-05-31 10:15:00+00:00, run_after=2026-05-31 10:16:00+00:00
[2026-05-31T10:16:45.177+0000] {processor.py:208} INFO - Processing /opt/airflow/dags/hello_airflow.py took 0.069 seconds
[2026-05-31T10:17:16.243+0000] {processor.py:186} INFO - Started process (PID=17107) to work on /opt/airflow/dags/hello_airflow.py
[2026-05-31T10:17:16.244+0000] {processor.py:914} INFO - Processing file /opt/airflow/dags/hello_airflow.py for tasks to queue
[2026-05-31T10:17:16.245+0000] {logging_mixin.py:190} INFO - [2026-05-31T10:17:16.245+0000] {dagbag.py:588} INFO - Filling up the DagBag from /opt/airflow/dags/hello_airflow.py
[2026-05-31T10:17:16.253+0000] {processor.py:925} INFO - DAG(s) 'hello_airflow' retrieved from /opt/airflow/dags/hello_airflow.py
[2026-05-31T10:17:16.273+0000] {logging_mixin.py:190} INFO - [2026-05-31T10:17:16.273+0000] {dag.py:3239} INFO - Sync 1 DAGs
[2026-05-31T10:17:16.295+0000] {logging_mixin.py:190} INFO - [2026-05-31T10:17:16.294+0000] {dag.py:4180} INFO - Setting next_dagrun for hello_airflow to 2026-05-31 10:16:00+00:00, run_after=2026-05-31 10:17:00+00:00
[2026-05-31T10:17:16.309+0000] {processor.py:208} INFO - Processing /opt/airflow/dags/hello_airflow.py took 0.070 seconds
[2026-05-31T10:17:46.761+0000] {processor.py:186} INFO - Started process (PID=17131) to work on /opt/airflow/dags/hello_airflow.py
[2026-05-31T10:17:46.762+0000] {processor.py:914} INFO - Processing file /opt/airflow/dags/hello_airflow.py for tasks to queue
[2026-05-31T10:17:46.764+0000] {logging_mixin.py:190} INFO - [2026-05-31T10:17:46.763+0000] {dagbag.py:588} INFO - Filling up the DagBag from /opt/airflow/dags/hello_airflow.py
[2026-05-31T10:17:46.772+0000] {processor.py:925} INFO - DAG(s) 'hello_airflow' retrieved from /opt/airflow/dags/hello_airflow.py
[2026-05-31T10:17:46.789+0000] {logging_mixin.py:190} INFO - [2026-05-31T10:17:46.789+0000] {dag.py:3239} INFO - Sync 1 DAGs
[2026-05-31T10:17:46.809+0000] {logging_mixin.py:190} INFO - [2026-05-31T10:17:46.809+0000] {dag.py:4180} INFO - Setting next_dagrun for hello_airflow to 2026-05-31 10:16:00+00:00, run_after=2026-05-31 10:17:00+00:00
[2026-05-31T10:17:46.822+0000] {processor.py:208} INFO - Processing /opt/airflow/dags/hello_airflow.py took 0.066 seconds
[2026-05-31T10:18:17.662+0000] {processor.py:186} INFO - Started process (PID=17155) to work on /opt/airflow/dags/hello_airflow.py
[2026-05-31T10:18:17.664+0000] {processor.py:914} INFO - Processing file /opt/airflow/dags/hello_airflow.py for tasks to queue
[2026-05-31T10:18:17.669+0000] {logging_mixin.py:190} INFO - [2026-05-31T10:18:17.669+0000] {dagbag.py:588} INFO - Filling up the DagBag from /opt/airflow/dags/hello_airflow.py
[2026-05-31T10:18:17.690+0000] {processor.py:925} INFO - DAG(s) 'hello_airflow' retrieved from /opt/airflow/dags/hello_airflow.py
[2026-05-31T10:18:17.710+0000] {logging_mixin.py:190} INFO - [2026-05-31T10:18:17.710+0000] {dag.py:3239} INFO - Sync 1 DAGs
[2026-05-31T10:18:17.733+0000] {logging_mixin.py:190} INFO - [2026-05-31T10:18:17.733+0000] {dag.py:4180} INFO - Setting next_dagrun for hello_airflow to 2026-05-31 10:17:00+00:00, run_after=2026-05-31 10:18:00+00:00
[2026-05-31T10:18:17.761+0000] {processor.py:208} INFO - Processing /opt/airflow/dags/hello_airflow.py took 0.115 seconds
[2026-05-31T10:18:48.165+0000] {processor.py:186} INFO - Started process (PID=17180) to work on /opt/airflow/dags/hello_airflow.py
[2026-05-31T10:18:48.166+0000] {processor.py:914} INFO - Processing file /opt/airflow/dags/hello_airflow.py for tasks to queue
[2026-05-31T10:18:48.169+0000] {logging_mixin.py:190} INFO - [2026-05-31T10:18:48.168+0000] {dagbag.py:588} INFO - Filling up the DagBag from /opt/airflow/dags/hello_airflow.py
[2026-05-31T10:18:48.177+0000] {processor.py:925} INFO - DAG(s) 'hello_airflow' retrieved from /opt/airflow/dags/hello_airflow.py
[2026-05-31T10:18:48.197+0000] {logging_mixin.py:190} INFO - [2026-05-31T10:18:48.197+0000] {dag.py:3239} INFO - Sync 1 DAGs
[2026-05-31T10:18:48.222+0000] {logging_mixin.py:190} INFO - [2026-05-31T10:18:48.222+0000] {dag.py:4180} INFO - Setting next_dagrun for hello_airflow to 2026-05-31 10:17:00+00:00, run_after=2026-05-31 10:18:00+00:00
[2026-05-31T10:18:48.242+0000] {processor.py:208} INFO - Processing /opt/airflow/dags/hello_airflow.py took 0.083 seconds
[2026-05-31T10:19:19.397+0000] {processor.py:186} INFO - Started process (PID=17204) to work on /opt/airflow/dags/hello_airflow.py
[2026-05-31T10:19:19.398+0000] {processor.py:914} INFO - Processing file /opt/airflow/dags/hello_airflow.py for tasks to queue
[2026-05-31T10:19:19.400+0000] {logging_mixin.py:190} INFO - [2026-05-31T10:19:19.400+0000] {dagbag.py:588} INFO - Filling up the DagBag from /opt/airflow/dags/hello_airflow.py
[2026-05-31T10:19:19.409+0000] {processor.py:925} INFO - DAG(s) 'hello_airflow' retrieved from /opt/airflow/dags/hello_airflow.py
[2026-05-31T10:19:19.426+0000] {logging_mixin.py:190} INFO - [2026-05-31T10:19:19.426+0000] {dag.py:3239} INFO - Sync 1 DAGs
[2026-05-31T10:19:19.448+0000] {logging_mixin.py:190} INFO - [2026-05-31T10:19:19.448+0000] {dag.py:4180} INFO - Setting next_dagrun for hello_airflow to 2026-05-31 10:18:00+00:00, run_after=2026-05-31 10:19:00+00:00
[2026-05-31T10:19:19.461+0000] {processor.py:208} INFO - Processing /opt/airflow/dags/hello_airflow.py took 0.070 seconds
[2026-05-31T10:19:49.678+0000] {processor.py:186} INFO - Started process (PID=17226) to work on /opt/airflow/dags/hello_airflow.py
[2026-05-31T10:19:49.679+0000] {processor.py:914} INFO - Processing file /opt/airflow/dags/hello_airflow.py for tasks to queue
[2026-05-31T10:19:49.681+0000] {logging_mixin.py:190} INFO - [2026-05-31T10:19:49.681+0000] {dagbag.py:588} INFO - Filling up the DagBag from /opt/airflow/dags/hello_airflow.py
[2026-05-31T10:19:49.689+0000] {processor.py:925} INFO - DAG(s) 'hello_airflow' retrieved from /opt/airflow/dags/hello_airflow.py
[2026-05-31T10:19:49.707+0000] {logging_mixin.py:190} INFO - [2026-05-31T10:19:49.707+0000] {dag.py:3239} INFO - Sync 1 DAGs
[2026-05-31T10:19:49.728+0000] {logging_mixin.py:190} INFO - [2026-05-31T10:19:49.728+0000] {dag.py:4180} INFO - Setting next_dagrun for hello_airflow to 2026-05-31 10:18:00+00:00, run_after=2026-05-31 10:19:00+00:00
[2026-05-31T10:19:49.741+0000] {processor.py:208} INFO - Processing /opt/airflow/dags/hello_airflow.py took 0.068 seconds
[2026-05-31T10:20:19.925+0000] {processor.py:186} INFO - Started process (PID=17249) to work on /opt/airflow/dags/hello_airflow.py
[2026-05-31T10:20:19.927+0000] {processor.py:914} INFO - Processing file /opt/airflow/dags/hello_airflow.py for tasks to queue
[2026-05-31T10:20:19.932+0000] {logging_mixin.py:190} INFO - [2026-05-31T10:20:19.931+0000] {dagbag.py:588} INFO - Filling up the DagBag from /opt/airflow/dags/hello_airflow.py
[2026-05-31T10:20:19.941+0000] {processor.py:925} INFO - DAG(s) 'hello_airflow' retrieved from /opt/airflow/dags/hello_airflow.py
[2026-05-31T10:20:19.964+0000] {logging_mixin.py:190} INFO - [2026-05-31T10:20:19.964+0000] {dag.py:3239} INFO - Sync 1 DAGs
[2026-05-31T10:20:19.986+0000] {logging_mixin.py:190} INFO - [2026-05-31T10:20:19.986+0000] {dag.py:4180} INFO - Setting next_dagrun for hello_airflow to 2026-05-31 10:19:00+00:00, run_after=2026-05-31 10:20:00+00:00
[2026-05-31T10:20:19.999+0000] {processor.py:208} INFO - Processing /opt/airflow/dags/hello_airflow.py took 0.080 seconds
[2026-05-31T10:20:50.266+0000] {processor.py:186} INFO - Started process (PID=17273) to work on /opt/airflow/dags/hello_airflow.py
[2026-05-31T10:20:50.266+0000] {processor.py:914} INFO - Processing file /opt/airflow/dags/hello_airflow.py for tasks to queue
[2026-05-31T10:20:50.269+0000] {logging_mixin.py:190} INFO - [2026-05-31T10:20:50.268+0000] {dagbag.py:588} INFO - Filling up the DagBag from /opt/airflow/dags/hello_airflow.py
[2026-05-31T10:20:50.278+0000] {processor.py:925} INFO - DAG(s) 'hello_airflow' retrieved from /opt/airflow/dags/hello_airflow.py
[2026-05-31T10:20:50.300+0000] {logging_mixin.py:190} INFO - [2026-05-31T10:20:50.300+0000] {dag.py:3239} INFO - Sync 1 DAGs
[2026-05-31T10:20:50.322+0000] {logging_mixin.py:190} INFO - [2026-05-31T10:20:50.322+0000] {dag.py:4180} INFO - Setting next_dagrun for hello_airflow to 2026-05-31 10:19:00+00:00, run_after=2026-05-31 10:20:00+00:00
[2026-05-31T10:20:50.336+0000] {processor.py:208} INFO - Processing /opt/airflow/dags/hello_airflow.py took 0.075 seconds
[2026-05-31T10:21:20.777+0000] {processor.py:186} INFO - Started process (PID=17298) to work on /opt/airflow/dags/hello_airflow.py
[2026-05-31T10:21:20.782+0000] {processor.py:914} INFO - Processing file /opt/airflow/dags/hello_airflow.py for tasks to queue
[2026-05-31T10:21:20.784+0000] {logging_mixin.py:190} INFO - [2026-05-31T10:21:20.784+0000] {dagbag.py:588} INFO - Filling up the DagBag from /opt/airflow/dags/hello_airflow.py
[2026-05-31T10:21:20.793+0000] {processor.py:925} INFO - DAG(s) 'hello_airflow' retrieved from /opt/airflow/dags/hello_airflow.py
[2026-05-31T10:21:20.815+0000] {logging_mixin.py:190} INFO - [2026-05-31T10:21:20.815+0000] {dag.py:3239} INFO - Sync 1 DAGs
[2026-05-31T10:21:20.840+0000] {logging_mixin.py:190} INFO - [2026-05-31T10:21:20.840+0000] {dag.py:4180} INFO - Setting next_dagrun for hello_airflow to 2026-05-31 10:20:00+00:00, run_after=2026-05-31 10:21:00+00:00
[2026-05-31T10:21:20.853+0000] {processor.py:208} INFO - Processing /opt/airflow/dags/hello_airflow.py took 0.088 seconds
[2026-05-31T10:21:50.947+0000] {processor.py:186} INFO - Started process (PID=17316) to work on /opt/airflow/dags/hello_airflow.py
[2026-05-31T10:21:50.948+0000] {processor.py:914} INFO - Processing file /opt/airflow/dags/hello_airflow.py for tasks to queue
[2026-05-31T10:21:50.950+0000] {logging_mixin.py:190} INFO - [2026-05-31T10:21:50.950+0000] {dagbag.py:588} INFO - Filling up the DagBag from /opt/airflow/dags/hello_airflow.py
[2026-05-31T10:21:50.958+0000] {processor.py:925} INFO - DAG(s) 'hello_airflow' retrieved from /opt/airflow/dags/hello_airflow.py
[2026-05-31T10:21:50.976+0000] {logging_mixin.py:190} INFO - [2026-05-31T10:21:50.976+0000] {dag.py:3239} INFO - Sync 1 DAGs
[2026-05-31T10:21:50.997+0000] {logging_mixin.py:190} INFO - [2026-05-31T10:21:50.997+0000] {dag.py:4180} INFO - Setting next_dagrun for hello_airflow to 2026-05-31 10:20:00+00:00, run_after=2026-05-31 10:21:00+00:00
[2026-05-31T10:21:51.012+0000] {processor.py:208} INFO - Processing /opt/airflow/dags/hello_airflow.py took 0.071 seconds
[2026-05-31T10:22:21.425+0000] {processor.py:186} INFO - Started process (PID=17340) to work on /opt/airflow/dags/hello_airflow.py
[2026-05-31T10:22:21.427+0000] {processor.py:914} INFO - Processing file /opt/airflow/dags/hello_airflow.py for tasks to queue
[2026-05-31T10:22:21.429+0000] {logging_mixin.py:190} INFO - [2026-05-31T10:22:21.429+0000] {dagbag.py:588} INFO - Filling up the DagBag from /opt/airflow/dags/hello_airflow.py
[2026-05-31T10:22:21.437+0000] {processor.py:925} INFO - DAG(s) 'hello_airflow' retrieved from /opt/airflow/dags/hello_airflow.py
[2026-05-31T10:22:21.456+0000] {logging_mixin.py:190} INFO - [2026-05-31T10:22:21.455+0000] {dag.py:3239} INFO - Sync 1 DAGs
[2026-05-31T10:22:21.476+0000] {logging_mixin.py:190} INFO - [2026-05-31T10:22:21.476+0000] {dag.py:4180} INFO - Setting next_dagrun for hello_airflow to 2026-05-31 10:21:00+00:00, run_after=2026-05-31 10:22:00+00:00
[2026-05-31T10:22:21.491+0000] {processor.py:208} INFO - Processing /opt/airflow/dags/hello_airflow.py took 0.073 seconds
[2026-05-31T10:22:52.457+0000] {processor.py:186} INFO - Started process (PID=17365) to work on /opt/airflow/dags/hello_airflow.py
[2026-05-31T10:22:52.459+0000] {processor.py:914} INFO - Processing file /opt/airflow/dags/hello_airflow.py for tasks to queue
[2026-05-31T10:22:52.462+0000] {logging_mixin.py:190} INFO - [2026-05-31T10:22:52.461+0000] {dagbag.py:588} INFO - Filling up the DagBag from /opt/airflow/dags/hello_airflow.py
[2026-05-31T10:22:52.472+0000] {processor.py:925} INFO - DAG(s) 'hello_airflow' retrieved from /opt/airflow/dags/hello_airflow.py
[2026-05-31T10:22:52.490+0000] {logging_mixin.py:190} INFO - [2026-05-31T10:22:52.490+0000] {dag.py:3239} INFO - Sync 1 DAGs
[2026-05-31T10:22:52.512+0000] {logging_mixin.py:190} INFO - [2026-05-31T10:22:52.512+0000] {dag.py:4180} INFO - Setting next_dagrun for hello_airflow to 2026-05-31 10:21:00+00:00, run_after=2026-05-31 10:22:00+00:00
[2026-05-31T10:22:52.525+0000] {processor.py:208} INFO - Processing /opt/airflow/dags/hello_airflow.py took 0.075 seconds
[2026-05-31T10:23:22.641+0000] {processor.py:186} INFO - Started process (PID=17388) to work on /opt/airflow/dags/hello_airflow.py
[2026-05-31T10:23:22.642+0000] {processor.py:914} INFO - Processing file /opt/airflow/dags/hello_airflow.py for tasks to queue
[2026-05-31T10:23:22.645+0000] {logging_mixin.py:190} INFO - [2026-05-31T10:23:22.645+0000] {dagbag.py:588} INFO - Filling up the DagBag from /opt/airflow/dags/hello_airflow.py
[2026-05-31T10:23:22.657+0000] {processor.py:925} INFO - DAG(s) 'hello_airflow' retrieved from /opt/airflow/dags/hello_airflow.py
[2026-05-31T10:23:22.679+0000] {logging_mixin.py:190} INFO - [2026-05-31T10:23:22.679+0000] {dag.py:3239} INFO - Sync 1 DAGs
[2026-05-31T10:23:22.708+0000] {logging_mixin.py:190} INFO - [2026-05-31T10:23:22.708+0000] {dag.py:4180} INFO - Setting next_dagrun for hello_airflow to 2026-05-31 10:22:00+00:00, run_after=2026-05-31 10:23:00+00:00
[2026-05-31T10:23:22.880+0000] {processor.py:208} INFO - Processing /opt/airflow/dags/hello_airflow.py took 0.248 seconds
[2026-05-31T10:23:53.661+0000] {processor.py:186} INFO - Started process (PID=17413) to work on /opt/airflow/dags/hello_airflow.py
[2026-05-31T10:23:53.662+0000] {processor.py:914} INFO - Processing file /opt/airflow/dags/hello_airflow.py for tasks to queue
[2026-05-31T10:23:53.664+0000] {logging_mixin.py:190} INFO - [2026-05-31T10:23:53.664+0000] {dagbag.py:588} INFO - Filling up the DagBag from /opt/airflow/dags/hello_airflow.py
[2026-05-31T10:23:53.673+0000] {processor.py:925} INFO - DAG(s) 'hello_airflow' retrieved from /opt/airflow/dags/hello_airflow.py
[2026-05-31T10:23:53.691+0000] {logging_mixin.py:190} INFO - [2026-05-31T10:23:53.691+0000] {dag.py:3239} INFO - Sync 1 DAGs
[2026-05-31T10:23:53.712+0000] {logging_mixin.py:190} INFO - [2026-05-31T10:23:53.712+0000] {dag.py:4180} INFO - Setting next_dagrun for hello_airflow to 2026-05-31 10:22:00+00:00, run_after=2026-05-31 10:23:00+00:00
[2026-05-31T10:23:53.726+0000] {processor.py:208} INFO - Processing /opt/airflow/dags/hello_airflow.py took 0.070 seconds
[2026-05-31T10:24:23.758+0000] {processor.py:186} INFO - Started process (PID=17436) to work on /opt/airflow/dags/hello_airflow.py
[2026-05-31T10:24:23.759+0000] {processor.py:914} INFO - Processing file /opt/airflow/dags/hello_airflow.py for tasks to queue
[2026-05-31T10:24:23.761+0000] {logging_mixin.py:190} INFO - [2026-05-31T10:24:23.761+0000] {dagbag.py:588} INFO - Filling up the DagBag from /opt/airflow/dags/hello_airflow.py
[2026-05-31T10:24:23.769+0000] {processor.py:925} INFO - DAG(s) 'hello_airflow' retrieved from /opt/airflow/dags/hello_airflow.py
[2026-05-31T10:24:23.786+0000] {logging_mixin.py:190} INFO - [2026-05-31T10:24:23.786+0000] {dag.py:3239} INFO - Sync 1 DAGs
[2026-05-31T10:24:23.808+0000] {logging_mixin.py:190} INFO - [2026-05-31T10:24:23.808+0000] {dag.py:4180} INFO - Setting next_dagrun for hello_airflow to 2026-05-31 10:23:00+00:00, run_after=2026-05-31 10:24:00+00:00
[2026-05-31T10:24:23.821+0000] {processor.py:208} INFO - Processing /opt/airflow/dags/hello_airflow.py took 0.068 seconds
[2026-05-31T10:24:53.975+0000] {processor.py:186} INFO - Started process (PID=17461) to work on /opt/airflow/dags/hello_airflow.py
[2026-05-31T10:24:53.976+0000] {processor.py:914} INFO - Processing file /opt/airflow/dags/hello_airflow.py for tasks to queue
[2026-05-31T10:24:53.977+0000] {logging_mixin.py:190} INFO - [2026-05-31T10:24:53.977+0000] {dagbag.py:588} INFO - Filling up the DagBag from /opt/airflow/dags/hello_airflow.py
[2026-05-31T10:24:53.985+0000] {processor.py:925} INFO - DAG(s) 'hello_airflow' retrieved from /opt/airflow/dags/hello_airflow.py
[2026-05-31T10:24:54.002+0000] {logging_mixin.py:190} INFO - [2026-05-31T10:24:54.002+0000] {dag.py:3239} INFO - Sync 1 DAGs
[2026-05-31T10:24:54.023+0000] {logging_mixin.py:190} INFO - [2026-05-31T10:24:54.022+0000] {dag.py:4180} INFO - Setting next_dagrun for hello_airflow to 2026-05-31 10:23:00+00:00, run_after=2026-05-31 10:24:00+00:00
[2026-05-31T10:24:54.152+0000] {processor.py:208} INFO - Processing /opt/airflow/dags/hello_airflow.py took 0.182 seconds
[2026-05-31T10:25:24.831+0000] {processor.py:186} INFO - Started process (PID=17485) to work on /opt/airflow/dags/hello_airflow.py
[2026-05-31T10:25:24.833+0000] {processor.py:914} INFO - Processing file /opt/airflow/dags/hello_airflow.py for tasks to queue
[2026-05-31T10:25:24.837+0000] {logging_mixin.py:190} INFO - [2026-05-31T10:25:24.837+0000] {dagbag.py:588} INFO - Filling up the DagBag from /opt/airflow/dags/hello_airflow.py
[2026-05-31T10:25:24.849+0000] {processor.py:925} INFO - DAG(s) 'hello_airflow' retrieved from /opt/airflow/dags/hello_airflow.py
[2026-05-31T10:25:24.870+0000] {logging_mixin.py:190} INFO - [2026-05-31T10:25:24.870+0000] {dag.py:3239} INFO - Sync 1 DAGs
[2026-05-31T10:25:24.894+0000] {logging_mixin.py:190} INFO - [2026-05-31T10:25:24.894+0000] {dag.py:4180} INFO - Setting next_dagrun for hello_airflow to 2026-05-31 10:24:00+00:00, run_after=2026-05-31 10:25:00+00:00
[2026-05-31T10:25:24.909+0000] {processor.py:208} INFO - Processing /opt/airflow/dags/hello_airflow.py took 0.084 seconds
[2026-05-31T10:25:54.963+0000] {processor.py:186} INFO - Started process (PID=17508) to work on /opt/airflow/dags/hello_airflow.py
[2026-05-31T10:25:54.964+0000] {processor.py:914} INFO - Processing file /opt/airflow/dags/hello_airflow.py for tasks to queue
[2026-05-31T10:25:54.966+0000] {logging_mixin.py:190} INFO - [2026-05-31T10:25:54.966+0000] {dagbag.py:588} INFO - Filling up the DagBag from /opt/airflow/dags/hello_airflow.py
[2026-05-31T10:25:54.974+0000] {processor.py:925} INFO - DAG(s) 'hello_airflow' retrieved from /opt/airflow/dags/hello_airflow.py
[2026-05-31T10:25:54.990+0000] {logging_mixin.py:190} INFO - [2026-05-31T10:25:54.990+0000] {dag.py:3239} INFO - Sync 1 DAGs
[2026-05-31T10:25:55.128+0000] {logging_mixin.py:190} INFO - [2026-05-31T10:25:55.128+0000] {dag.py:4180} INFO - Setting next_dagrun for hello_airflow to 2026-05-31 10:24:00+00:00, run_after=2026-05-31 10:25:00+00:00
[2026-05-31T10:25:55.140+0000] {processor.py:208} INFO - Processing /opt/airflow/dags/hello_airflow.py took 0.182 seconds
[2026-05-31T10:26:26.152+0000] {processor.py:186} INFO - Started process (PID=17533) to work on /opt/airflow/dags/hello_airflow.py
[2026-05-31T10:26:26.153+0000] {processor.py:914} INFO - Processing file /opt/airflow/dags/hello_airflow.py for tasks to queue
[2026-05-31T10:26:26.156+0000] {logging_mixin.py:190} INFO - [2026-05-31T10:26:26.156+0000] {dagbag.py:588} INFO - Filling up the DagBag from /opt/airflow/dags/hello_airflow.py
[2026-05-31T10:26:26.165+0000] {processor.py:925} INFO - DAG(s) 'hello_airflow' retrieved from /opt/airflow/dags/hello_airflow.py
[2026-05-31T10:26:26.187+0000] {logging_mixin.py:190} INFO - [2026-05-31T10:26:26.186+0000] {dag.py:3239} INFO - Sync 1 DAGs
[2026-05-31T10:26:26.210+0000] {logging_mixin.py:190} INFO - [2026-05-31T10:26:26.210+0000] {dag.py:4180} INFO - Setting next_dagrun for hello_airflow to 2026-05-31 10:25:00+00:00, run_after=2026-05-31 10:26:00+00:00
[2026-05-31T10:26:26.224+0000] {processor.py:208} INFO - Processing /opt/airflow/dags/hello_airflow.py took 0.077 seconds
[2026-05-31T10:26:56.285+0000] {processor.py:186} INFO - Started process (PID=17557) to work on /opt/airflow/dags/hello_airflow.py
[2026-05-31T10:26:56.286+0000] {processor.py:914} INFO - Processing file /opt/airflow/dags/hello_airflow.py for tasks to queue
[2026-05-31T10:26:56.288+0000] {logging_mixin.py:190} INFO - [2026-05-31T10:26:56.287+0000] {dagbag.py:588} INFO - Filling up the DagBag from /opt/airflow/dags/hello_airflow.py
[2026-05-31T10:26:56.296+0000] {processor.py:925} INFO - DAG(s) 'hello_airflow' retrieved from /opt/airflow/dags/hello_airflow.py
[2026-05-31T10:26:56.321+0000] {logging_mixin.py:190} INFO - [2026-05-31T10:26:56.321+0000] {dag.py:3239} INFO - Sync 1 DAGs
[2026-05-31T10:26:56.342+0000] {logging_mixin.py:190} INFO - [2026-05-31T10:26:56.341+0000] {dag.py:4180} INFO - Setting next_dagrun for hello_airflow to 2026-05-31 10:25:00+00:00, run_after=2026-05-31 10:26:00+00:00
[2026-05-31T10:26:56.358+0000] {processor.py:208} INFO - Processing /opt/airflow/dags/hello_airflow.py took 0.080 seconds
[2026-05-31T10:27:26.406+0000] {processor.py:186} INFO - Started process (PID=17581) to work on /opt/airflow/dags/hello_airflow.py
[2026-05-31T10:27:26.408+0000] {processor.py:914} INFO - Processing file /opt/airflow/dags/hello_airflow.py for tasks to queue
[2026-05-31T10:27:26.415+0000] {logging_mixin.py:190} INFO - [2026-05-31T10:27:26.414+0000] {dagbag.py:588} INFO - Filling up the DagBag from /opt/airflow/dags/hello_airflow.py
[2026-05-31T10:27:26.427+0000] {processor.py:925} INFO - DAG(s) 'hello_airflow' retrieved from /opt/airflow/dags/hello_airflow.py
[2026-05-31T10:27:26.450+0000] {logging_mixin.py:190} INFO - [2026-05-31T10:27:26.450+0000] {dag.py:3239} INFO - Sync 1 DAGs
[2026-05-31T10:27:26.473+0000] {logging_mixin.py:190} INFO - [2026-05-31T10:27:26.473+0000] {dag.py:4180} INFO - Setting next_dagrun for hello_airflow to 2026-05-31 10:26:00+00:00, run_after=2026-05-31 10:27:00+00:00
[2026-05-31T10:27:26.487+0000] {processor.py:208} INFO - Processing /opt/airflow/dags/hello_airflow.py took 0.088 seconds
[2026-05-31T10:27:56.777+0000] {processor.py:186} INFO - Started process (PID=17605) to work on /opt/airflow/dags/hello_airflow.py
[2026-05-31T10:27:56.778+0000] {processor.py:914} INFO - Processing file /opt/airflow/dags/hello_airflow.py for tasks to queue
[2026-05-31T10:27:56.780+0000] {logging_mixin.py:190} INFO - [2026-05-31T10:27:56.780+0000] {dagbag.py:588} INFO - Filling up the DagBag from /opt/airflow/dags/hello_airflow.py
[2026-05-31T10:27:56.788+0000] {processor.py:925} INFO - DAG(s) 'hello_airflow' retrieved from /opt/airflow/dags/hello_airflow.py
[2026-05-31T10:27:56.805+0000] {logging_mixin.py:190} INFO - [2026-05-31T10:27:56.805+0000] {dag.py:3239} INFO - Sync 1 DAGs
[2026-05-31T10:27:56.825+0000] {logging_mixin.py:190} INFO - [2026-05-31T10:27:56.825+0000] {dag.py:4180} INFO - Setting next_dagrun for hello_airflow to 2026-05-31 10:26:00+00:00, run_after=2026-05-31 10:27:00+00:00
[2026-05-31T10:27:56.838+0000] {processor.py:208} INFO - Processing /opt/airflow/dags/hello_airflow.py took 0.065 seconds
[2026-05-31T10:28:27.003+0000] {processor.py:186} INFO - Started process (PID=17624) to work on /opt/airflow/dags/hello_airflow.py
[2026-05-31T10:28:27.007+0000] {processor.py:914} INFO - Processing file /opt/airflow/dags/hello_airflow.py for tasks to queue
[2026-05-31T10:28:27.012+0000] {logging_mixin.py:190} INFO - [2026-05-31T10:28:27.011+0000] {dagbag.py:588} INFO - Filling up the DagBag from /opt/airflow/dags/hello_airflow.py
[2026-05-31T10:28:27.033+0000] {processor.py:925} INFO - DAG(s) 'hello_airflow' retrieved from /opt/airflow/dags/hello_airflow.py
[2026-05-31T10:28:27.074+0000] {logging_mixin.py:190} INFO - [2026-05-31T10:28:27.074+0000] {dag.py:3239} INFO - Sync 1 DAGs
[2026-05-31T10:28:27.121+0000] {logging_mixin.py:190} INFO - [2026-05-31T10:28:27.121+0000] {dag.py:4180} INFO - Setting next_dagrun for hello_airflow to 2026-05-31 10:27:00+00:00, run_after=2026-05-31 10:28:00+00:00
[2026-05-31T10:28:27.146+0000] {processor.py:208} INFO - Processing /opt/airflow/dags/hello_airflow.py took 0.160 seconds
[2026-05-31T10:28:58.092+0000] {processor.py:186} INFO - Started process (PID=17647) to work on /opt/airflow/dags/hello_airflow.py
[2026-05-31T10:28:58.093+0000] {processor.py:914} INFO - Processing file /opt/airflow/dags/hello_airflow.py for tasks to queue
[2026-05-31T10:28:58.095+0000] {logging_mixin.py:190} INFO - [2026-05-31T10:28:58.095+0000] {dagbag.py:588} INFO - Filling up the DagBag from /opt/airflow/dags/hello_airflow.py
[2026-05-31T10:28:58.102+0000] {processor.py:925} INFO - DAG(s) 'hello_airflow' retrieved from /opt/airflow/dags/hello_airflow.py
[2026-05-31T10:28:58.118+0000] {logging_mixin.py:190} INFO - [2026-05-31T10:28:58.118+0000] {dag.py:3239} INFO - Sync 1 DAGs
[2026-05-31T10:28:58.137+0000] {logging_mixin.py:190} INFO - [2026-05-31T10:28:58.137+0000] {dag.py:4180} INFO - Setting next_dagrun for hello_airflow to 2026-05-31 10:27:00+00:00, run_after=2026-05-31 10:28:00+00:00
[2026-05-31T10:28:58.150+0000] {processor.py:208} INFO - Processing /opt/airflow/dags/hello_airflow.py took 0.065 seconds
[2026-05-31T10:29:28.206+0000] {processor.py:186} INFO - Started process (PID=17671) to work on /opt/airflow/dags/hello_airflow.py
[2026-05-31T10:29:28.206+0000] {processor.py:914} INFO - Processing file /opt/airflow/dags/hello_airflow.py for tasks to queue
[2026-05-31T10:29:28.208+0000] {logging_mixin.py:190} INFO - [2026-05-31T10:29:28.208+0000] {dagbag.py:588} INFO - Filling up the DagBag from /opt/airflow/dags/hello_airflow.py
[2026-05-31T10:29:28.216+0000] {processor.py:925} INFO - DAG(s) 'hello_airflow' retrieved from /opt/airflow/dags/hello_airflow.py
[2026-05-31T10:29:28.235+0000] {logging_mixin.py:190} INFO - [2026-05-31T10:29:28.235+0000] {dag.py:3239} INFO - Sync 1 DAGs
[2026-05-31T10:29:28.255+0000] {logging_mixin.py:190} INFO - [2026-05-31T10:29:28.255+0000] {dag.py:4180} INFO - Setting next_dagrun for hello_airflow to 2026-05-31 10:28:00+00:00, run_after=2026-05-31 10:29:00+00:00
[2026-05-31T10:29:28.269+0000] {processor.py:208} INFO - Processing /opt/airflow/dags/hello_airflow.py took 0.069 seconds
[2026-05-31T10:29:58.995+0000] {processor.py:186} INFO - Started process (PID=17702) to work on /opt/airflow/dags/hello_airflow.py
[2026-05-31T10:29:58.996+0000] {processor.py:914} INFO - Processing file /opt/airflow/dags/hello_airflow.py for tasks to queue
[2026-05-31T10:29:58.997+0000] {logging_mixin.py:190} INFO - [2026-05-31T10:29:58.997+0000] {dagbag.py:588} INFO - Filling up the DagBag from /opt/airflow/dags/hello_airflow.py
[2026-05-31T10:29:59.005+0000] {processor.py:925} INFO - DAG(s) 'hello_airflow' retrieved from /opt/airflow/dags/hello_airflow.py
[2026-05-31T10:29:59.026+0000] {logging_mixin.py:190} INFO - [2026-05-31T10:29:59.025+0000] {dag.py:3239} INFO - Sync 1 DAGs
[2026-05-31T10:29:59.048+0000] {logging_mixin.py:190} INFO - [2026-05-31T10:29:59.048+0000] {dag.py:4180} INFO - Setting next_dagrun for hello_airflow to 2026-05-31 10:28:00+00:00, run_after=2026-05-31 10:29:00+00:00
[2026-05-31T10:29:59.064+0000] {processor.py:208} INFO - Processing /opt/airflow/dags/hello_airflow.py took 0.074 seconds
[2026-05-31T10:30:29.185+0000] {processor.py:186} INFO - Started process (PID=17726) to work on /opt/airflow/dags/hello_airflow.py
[2026-05-31T10:30:29.186+0000] {processor.py:914} INFO - Processing file /opt/airflow/dags/hello_airflow.py for tasks to queue
[2026-05-31T10:30:29.188+0000] {logging_mixin.py:190} INFO - [2026-05-31T10:30:29.188+0000] {dagbag.py:588} INFO - Filling up the DagBag from /opt/airflow/dags/hello_airflow.py
[2026-05-31T10:30:29.199+0000] {processor.py:925} INFO - DAG(s) 'hello_airflow' retrieved from /opt/airflow/dags/hello_airflow.py
[2026-05-31T10:30:29.219+0000] {logging_mixin.py:190} INFO - [2026-05-31T10:30:29.218+0000] {dag.py:3239} INFO - Sync 1 DAGs
[2026-05-31T10:30:29.240+0000] {logging_mixin.py:190} INFO - [2026-05-31T10:30:29.240+0000] {dag.py:4180} INFO - Setting next_dagrun for hello_airflow to 2026-05-31 10:29:00+00:00, run_after=2026-05-31 10:30:00+00:00
[2026-05-31T10:30:29.254+0000] {processor.py:208} INFO - Processing /opt/airflow/dags/hello_airflow.py took 0.077 seconds
[2026-05-31T10:30:59.444+0000] {processor.py:186} INFO - Started process (PID=17750) to work on /opt/airflow/dags/hello_airflow.py
[2026-05-31T10:30:59.445+0000] {processor.py:914} INFO - Processing file /opt/airflow/dags/hello_airflow.py for tasks to queue
[2026-05-31T10:30:59.447+0000] {logging_mixin.py:190} INFO - [2026-05-31T10:30:59.447+0000] {dagbag.py:588} INFO - Filling up the DagBag from /opt/airflow/dags/hello_airflow.py
[2026-05-31T10:30:59.455+0000] {processor.py:925} INFO - DAG(s) 'hello_airflow' retrieved from /opt/airflow/dags/hello_airflow.py
[2026-05-31T10:30:59.472+0000] {logging_mixin.py:190} INFO - [2026-05-31T10:30:59.471+0000] {dag.py:3239} INFO - Sync 1 DAGs
[2026-05-31T10:30:59.491+0000] {logging_mixin.py:190} INFO - [2026-05-31T10:30:59.490+0000] {dag.py:4180} INFO - Setting next_dagrun for hello_airflow to 2026-05-31 10:29:00+00:00, run_after=2026-05-31 10:30:00+00:00
[2026-05-31T10:30:59.504+0000] {processor.py:208} INFO - Processing /opt/airflow/dags/hello_airflow.py took 0.065 seconds
[2026-05-31T10:31:30.407+0000] {processor.py:186} INFO - Started process (PID=17774) to work on /opt/airflow/dags/hello_airflow.py
[2026-05-31T10:31:30.407+0000] {processor.py:914} INFO - Processing file /opt/airflow/dags/hello_airflow.py for tasks to queue
[2026-05-31T10:31:30.409+0000] {logging_mixin.py:190} INFO - [2026-05-31T10:31:30.409+0000] {dagbag.py:588} INFO - Filling up the DagBag from /opt/airflow/dags/hello_airflow.py
[2026-05-31T10:31:30.417+0000] {processor.py:925} INFO - DAG(s) 'hello_airflow' retrieved from /opt/airflow/dags/hello_airflow.py
[2026-05-31T10:31:30.433+0000] {logging_mixin.py:190} INFO - [2026-05-31T10:31:30.433+0000] {dag.py:3239} INFO - Sync 1 DAGs
[2026-05-31T10:31:30.453+0000] {logging_mixin.py:190} INFO - [2026-05-31T10:31:30.453+0000] {dag.py:4180} INFO - Setting next_dagrun for hello_airflow to 2026-05-31 10:30:00+00:00, run_after=2026-05-31 10:31:00+00:00
[2026-05-31T10:31:30.467+0000] {processor.py:208} INFO - Processing /opt/airflow/dags/hello_airflow.py took 0.065 seconds
[2026-05-31T10:32:00.588+0000] {processor.py:186} INFO - Started process (PID=17798) to work on /opt/airflow/dags/hello_airflow.py
[2026-05-31T10:32:00.589+0000] {processor.py:914} INFO - Processing file /opt/airflow/dags/hello_airflow.py for tasks to queue
[2026-05-31T10:32:00.591+0000] {logging_mixin.py:190} INFO - [2026-05-31T10:32:00.590+0000] {dagbag.py:588} INFO - Filling up the DagBag from /opt/airflow/dags/hello_airflow.py
[2026-05-31T10:32:00.598+0000] {processor.py:925} INFO - DAG(s) 'hello_airflow' retrieved from /opt/airflow/dags/hello_airflow.py
[2026-05-31T10:32:00.617+0000] {logging_mixin.py:190} INFO - [2026-05-31T10:32:00.616+0000] {dag.py:3239} INFO - Sync 1 DAGs
[2026-05-31T10:32:00.638+0000] {logging_mixin.py:190} INFO - [2026-05-31T10:32:00.637+0000] {dag.py:4180} INFO - Setting next_dagrun for hello_airflow to 2026-05-31 10:31:00+00:00, run_after=2026-05-31 10:32:00+00:00
[2026-05-31T10:32:00.653+0000] {processor.py:208} INFO - Processing /opt/airflow/dags/hello_airflow.py took 0.071 seconds
[2026-05-31T10:32:30.695+0000] {processor.py:186} INFO - Started process (PID=17823) to work on /opt/airflow/dags/hello_airflow.py
[2026-05-31T10:32:30.696+0000] {processor.py:914} INFO - Processing file /opt/airflow/dags/hello_airflow.py for tasks to queue
[2026-05-31T10:32:30.698+0000] {logging_mixin.py:190} INFO - [2026-05-31T10:32:30.698+0000] {dagbag.py:588} INFO - Filling up the DagBag from /opt/airflow/dags/hello_airflow.py
[2026-05-31T10:32:30.706+0000] {processor.py:925} INFO - DAG(s) 'hello_airflow' retrieved from /opt/airflow/dags/hello_airflow.py
[2026-05-31T10:32:30.731+0000] {logging_mixin.py:190} INFO - [2026-05-31T10:32:30.731+0000] {dag.py:3239} INFO - Sync 1 DAGs
[2026-05-31T10:32:30.752+0000] {logging_mixin.py:190} INFO - [2026-05-31T10:32:30.751+0000] {dag.py:4180} INFO - Setting next_dagrun for hello_airflow to 2026-05-31 10:31:00+00:00, run_after=2026-05-31 10:32:00+00:00
[2026-05-31T10:32:30.766+0000] {processor.py:208} INFO - Processing /opt/airflow/dags/hello_airflow.py took 0.077 seconds
[2026-05-31T10:33:00.939+0000] {processor.py:186} INFO - Started process (PID=17848) to work on /opt/airflow/dags/hello_airflow.py
[2026-05-31T10:33:00.940+0000] {processor.py:914} INFO - Processing file /opt/airflow/dags/hello_airflow.py for tasks to queue
[2026-05-31T10:33:00.942+0000] {logging_mixin.py:190} INFO - [2026-05-31T10:33:00.942+0000] {dagbag.py:588} INFO - Filling up the DagBag from /opt/airflow/dags/hello_airflow.py
[2026-05-31T10:33:00.952+0000] {processor.py:925} INFO - DAG(s) 'hello_airflow' retrieved from /opt/airflow/dags/hello_airflow.py
[2026-05-31T10:33:00.970+0000] {logging_mixin.py:190} INFO - [2026-05-31T10:33:00.970+0000] {dag.py:3239} INFO - Sync 1 DAGs
[2026-05-31T10:33:00.993+0000] {logging_mixin.py:190} INFO - [2026-05-31T10:33:00.993+0000] {dag.py:4180} INFO - Setting next_dagrun for hello_airflow to 2026-05-31 10:32:00+00:00, run_after=2026-05-31 10:33:00+00:00
[2026-05-31T10:33:01.008+0000] {processor.py:208} INFO - Processing /opt/airflow/dags/hello_airflow.py took 0.074 seconds
[2026-05-31T10:33:31.132+0000] {processor.py:186} INFO - Started process (PID=17873) to work on /opt/airflow/dags/hello_airflow.py
[2026-05-31T10:33:31.133+0000] {processor.py:914} INFO - Processing file /opt/airflow/dags/hello_airflow.py for tasks to queue
[2026-05-31T10:33:31.136+0000] {logging_mixin.py:190} INFO - [2026-05-31T10:33:31.136+0000] {dagbag.py:588} INFO - Filling up the DagBag from /opt/airflow/dags/hello_airflow.py
[2026-05-31T10:33:31.144+0000] {processor.py:925} INFO - DAG(s) 'hello_airflow' retrieved from /opt/airflow/dags/hello_airflow.py
[2026-05-31T10:33:31.165+0000] {logging_mixin.py:190} INFO - [2026-05-31T10:33:31.164+0000] {dag.py:3239} INFO - Sync 1 DAGs
[2026-05-31T10:33:31.188+0000] {logging_mixin.py:190} INFO - [2026-05-31T10:33:31.188+0000] {dag.py:4180} INFO - Setting next_dagrun for hello_airflow to 2026-05-31 10:32:00+00:00, run_after=2026-05-31 10:33:00+00:00
[2026-05-31T10:33:31.214+0000] {processor.py:208} INFO - Processing /opt/airflow/dags/hello_airflow.py took 0.088 seconds
[2026-05-31T10:34:01.471+0000] {processor.py:186} INFO - Started process (PID=17897) to work on /opt/airflow/dags/hello_airflow.py
[2026-05-31T10:34:01.472+0000] {processor.py:914} INFO - Processing file /opt/airflow/dags/hello_airflow.py for tasks to queue
[2026-05-31T10:34:01.474+0000] {logging_mixin.py:190} INFO - [2026-05-31T10:34:01.474+0000] {dagbag.py:588} INFO - Filling up the DagBag from /opt/airflow/dags/hello_airflow.py
[2026-05-31T10:34:01.481+0000] {processor.py:925} INFO - DAG(s) 'hello_airflow' retrieved from /opt/airflow/dags/hello_airflow.py
[2026-05-31T10:34:01.501+0000] {logging_mixin.py:190} INFO - [2026-05-31T10:34:01.501+0000] {dag.py:3239} INFO - Sync 1 DAGs
[2026-05-31T10:34:01.522+0000] {logging_mixin.py:190} INFO - [2026-05-31T10:34:01.522+0000] {dag.py:4180} INFO - Setting next_dagrun for hello_airflow to 2026-05-31 10:33:00+00:00, run_after=2026-05-31 10:34:00+00:00
[2026-05-31T10:34:01.536+0000] {processor.py:208} INFO - Processing /opt/airflow/dags/hello_airflow.py took 0.070 seconds
[2026-05-31T10:34:31.693+0000] {processor.py:186} INFO - Started process (PID=17922) to work on /opt/airflow/dags/hello_airflow.py
[2026-05-31T10:34:31.693+0000] {processor.py:914} INFO - Processing file /opt/airflow/dags/hello_airflow.py for tasks to queue
[2026-05-31T10:34:31.695+0000] {logging_mixin.py:190} INFO - [2026-05-31T10:34:31.695+0000] {dagbag.py:588} INFO - Filling up the DagBag from /opt/airflow/dags/hello_airflow.py
[2026-05-31T10:34:31.702+0000] {processor.py:925} INFO - DAG(s) 'hello_airflow' retrieved from /opt/airflow/dags/hello_airflow.py
[2026-05-31T10:34:31.720+0000] {logging_mixin.py:190} INFO - [2026-05-31T10:34:31.720+0000] {dag.py:3239} INFO - Sync 1 DAGs
[2026-05-31T10:34:31.740+0000] {logging_mixin.py:190} INFO - [2026-05-31T10:34:31.740+0000] {dag.py:4180} INFO - Setting next_dagrun for hello_airflow to 2026-05-31 10:33:00+00:00, run_after=2026-05-31 10:34:00+00:00
[2026-05-31T10:34:31.756+0000] {processor.py:208} INFO - Processing /opt/airflow/dags/hello_airflow.py took 0.068 seconds
[2026-05-31T10:35:01.792+0000] {processor.py:186} INFO - Started process (PID=17941) to work on /opt/airflow/dags/hello_airflow.py
[2026-05-31T10:35:01.793+0000] {processor.py:914} INFO - Processing file /opt/airflow/dags/hello_airflow.py for tasks to queue
[2026-05-31T10:35:01.795+0000] {logging_mixin.py:190} INFO - [2026-05-31T10:35:01.795+0000] {dagbag.py:588} INFO - Filling up the DagBag from /opt/airflow/dags/hello_airflow.py
[2026-05-31T10:35:01.803+0000] {processor.py:925} INFO - DAG(s) 'hello_airflow' retrieved from /opt/airflow/dags/hello_airflow.py
[2026-05-31T10:35:01.819+0000] {logging_mixin.py:190} INFO - [2026-05-31T10:35:01.819+0000] {dag.py:3239} INFO - Sync 1 DAGs
[2026-05-31T10:35:01.841+0000] {logging_mixin.py:190} INFO - [2026-05-31T10:35:01.841+0000] {dag.py:4180} INFO - Setting next_dagrun for hello_airflow to 2026-05-31 10:34:00+00:00, run_after=2026-05-31 10:35:00+00:00
[2026-05-31T10:35:01.856+0000] {processor.py:208} INFO - Processing /opt/airflow/dags/hello_airflow.py took 0.069 seconds
[2026-05-31T10:35:32.638+0000] {processor.py:186} INFO - Started process (PID=17964) to work on /opt/airflow/dags/hello_airflow.py
[2026-05-31T10:35:32.639+0000] {processor.py:914} INFO - Processing file /opt/airflow/dags/hello_airflow.py for tasks to queue
[2026-05-31T10:35:32.641+0000] {logging_mixin.py:190} INFO - [2026-05-31T10:35:32.641+0000] {dagbag.py:588} INFO - Filling up the DagBag from /opt/airflow/dags/hello_airflow.py
[2026-05-31T10:35:32.649+0000] {processor.py:925} INFO - DAG(s) 'hello_airflow' retrieved from /opt/airflow/dags/hello_airflow.py
[2026-05-31T10:35:32.667+0000] {logging_mixin.py:190} INFO - [2026-05-31T10:35:32.667+0000] {dag.py:3239} INFO - Sync 1 DAGs
[2026-05-31T10:35:32.687+0000] {logging_mixin.py:190} INFO - [2026-05-31T10:35:32.687+0000] {dag.py:4180} INFO - Setting next_dagrun for hello_airflow to 2026-05-31 10:34:00+00:00, run_after=2026-05-31 10:35:00+00:00
[2026-05-31T10:35:32.700+0000] {processor.py:208} INFO - Processing /opt/airflow/dags/hello_airflow.py took 0.067 seconds
[2026-05-31T10:36:03.718+0000] {processor.py:186} INFO - Started process (PID=17988) to work on /opt/airflow/dags/hello_airflow.py
[2026-05-31T10:36:03.720+0000] {processor.py:914} INFO - Processing file /opt/airflow/dags/hello_airflow.py for tasks to queue
[2026-05-31T10:36:03.722+0000] {logging_mixin.py:190} INFO - [2026-05-31T10:36:03.722+0000] {dagbag.py:588} INFO - Filling up the DagBag from /opt/airflow/dags/hello_airflow.py
[2026-05-31T10:36:03.733+0000] {processor.py:925} INFO - DAG(s) 'hello_airflow' retrieved from /opt/airflow/dags/hello_airflow.py
[2026-05-31T10:36:03.752+0000] {logging_mixin.py:190} INFO - [2026-05-31T10:36:03.752+0000] {dag.py:3239} INFO - Sync 1 DAGs
[2026-05-31T10:36:03.774+0000] {logging_mixin.py:190} INFO - [2026-05-31T10:36:03.774+0000] {dag.py:4180} INFO - Setting next_dagrun for hello_airflow to 2026-05-31 10:35:00+00:00, run_after=2026-05-31 10:36:00+00:00
[2026-05-31T10:36:03.787+0000] {processor.py:208} INFO - Processing /opt/airflow/dags/hello_airflow.py took 0.074 seconds
[2026-05-31T10:36:34.588+0000] {processor.py:186} INFO - Started process (PID=18012) to work on /opt/airflow/dags/hello_airflow.py
[2026-05-31T10:36:34.589+0000] {processor.py:914} INFO - Processing file /opt/airflow/dags/hello_airflow.py for tasks to queue
[2026-05-31T10:36:34.591+0000] {logging_mixin.py:190} INFO - [2026-05-31T10:36:34.590+0000] {dagbag.py:588} INFO - Filling up the DagBag from /opt/airflow/dags/hello_airflow.py
[2026-05-31T10:36:34.598+0000] {processor.py:925} INFO - DAG(s) 'hello_airflow' retrieved from /opt/airflow/dags/hello_airflow.py
[2026-05-31T10:36:34.617+0000] {logging_mixin.py:190} INFO - [2026-05-31T10:36:34.617+0000] {dag.py:3239} INFO - Sync 1 DAGs
[2026-05-31T10:36:34.640+0000] {logging_mixin.py:190} INFO - [2026-05-31T10:36:34.639+0000] {dag.py:4180} INFO - Setting next_dagrun for hello_airflow to 2026-05-31 10:35:00+00:00, run_after=2026-05-31 10:36:00+00:00
[2026-05-31T10:36:34.654+0000] {processor.py:208} INFO - Processing /opt/airflow/dags/hello_airflow.py took 0.070 seconds
[2026-05-31T10:37:05.587+0000] {processor.py:186} INFO - Started process (PID=18037) to work on /opt/airflow/dags/hello_airflow.py
[2026-05-31T10:37:05.588+0000] {processor.py:914} INFO - Processing file /opt/airflow/dags/hello_airflow.py for tasks to queue
[2026-05-31T10:37:05.589+0000] {logging_mixin.py:190} INFO - [2026-05-31T10:37:05.589+0000] {dagbag.py:588} INFO - Filling up the DagBag from /opt/airflow/dags/hello_airflow.py
[2026-05-31T10:37:05.597+0000] {processor.py:925} INFO - DAG(s) 'hello_airflow' retrieved from /opt/airflow/dags/hello_airflow.py
[2026-05-31T10:37:05.616+0000] {logging_mixin.py:190} INFO - [2026-05-31T10:37:05.616+0000] {dag.py:3239} INFO - Sync 1 DAGs
[2026-05-31T10:37:05.638+0000] {logging_mixin.py:190} INFO - [2026-05-31T10:37:05.638+0000] {dag.py:4180} INFO - Setting next_dagrun for hello_airflow to 2026-05-31 10:36:00+00:00, run_after=2026-05-31 10:37:00+00:00
[2026-05-31T10:37:05.652+0000] {processor.py:208} INFO - Processing /opt/airflow/dags/hello_airflow.py took 0.071 seconds
[2026-05-31T10:37:35.789+0000] {processor.py:186} INFO - Started process (PID=18061) to work on /opt/airflow/dags/hello_airflow.py
[2026-05-31T10:37:35.789+0000] {processor.py:914} INFO - Processing file /opt/airflow/dags/hello_airflow.py for tasks to queue
[2026-05-31T10:37:35.791+0000] {logging_mixin.py:190} INFO - [2026-05-31T10:37:35.791+0000] {dagbag.py:588} INFO - Filling up the DagBag from /opt/airflow/dags/hello_airflow.py
[2026-05-31T10:37:35.799+0000] {processor.py:925} INFO - DAG(s) 'hello_airflow' retrieved from /opt/airflow/dags/hello_airflow.py
[2026-05-31T10:37:35.820+0000] {logging_mixin.py:190} INFO - [2026-05-31T10:37:35.820+0000] {dag.py:3239} INFO - Sync 1 DAGs
[2026-05-31T10:37:35.842+0000] {logging_mixin.py:190} INFO - [2026-05-31T10:37:35.842+0000] {dag.py:4180} INFO - Setting next_dagrun for hello_airflow to 2026-05-31 10:36:00+00:00, run_after=2026-05-31 10:37:00+00:00
[2026-05-31T10:37:35.855+0000] {processor.py:208} INFO - Processing /opt/airflow/dags/hello_airflow.py took 0.072 seconds
[2026-05-31T10:38:06.772+0000] {processor.py:186} INFO - Started process (PID=18086) to work on /opt/airflow/dags/hello_airflow.py
[2026-05-31T10:38:06.773+0000] {processor.py:914} INFO - Processing file /opt/airflow/dags/hello_airflow.py for tasks to queue
[2026-05-31T10:38:06.775+0000] {logging_mixin.py:190} INFO - [2026-05-31T10:38:06.775+0000] {dagbag.py:588} INFO - Filling up the DagBag from /opt/airflow/dags/hello_airflow.py
[2026-05-31T10:38:06.783+0000] {processor.py:925} INFO - DAG(s) 'hello_airflow' retrieved from /opt/airflow/dags/hello_airflow.py
[2026-05-31T10:38:06.800+0000] {logging_mixin.py:190} INFO - [2026-05-31T10:38:06.799+0000] {dag.py:3239} INFO - Sync 1 DAGs
[2026-05-31T10:38:06.819+0000] {logging_mixin.py:190} INFO - [2026-05-31T10:38:06.818+0000] {dag.py:4180} INFO - Setting next_dagrun for hello_airflow to 2026-05-31 10:37:00+00:00, run_after=2026-05-31 10:38:00+00:00
[2026-05-31T10:38:06.831+0000] {processor.py:208} INFO - Processing /opt/airflow/dags/hello_airflow.py took 0.064 seconds
[2026-05-31T10:38:38.012+0000] {processor.py:186} INFO - Started process (PID=18110) to work on /opt/airflow/dags/hello_airflow.py
[2026-05-31T10:38:38.013+0000] {processor.py:914} INFO - Processing file /opt/airflow/dags/hello_airflow.py for tasks to queue
[2026-05-31T10:38:38.018+0000] {logging_mixin.py:190} INFO - [2026-05-31T10:38:38.018+0000] {dagbag.py:588} INFO - Filling up the DagBag from /opt/airflow/dags/hello_airflow.py
[2026-05-31T10:38:38.035+0000] {processor.py:925} INFO - DAG(s) 'hello_airflow' retrieved from /opt/airflow/dags/hello_airflow.py
[2026-05-31T10:38:38.070+0000] {logging_mixin.py:190} INFO - [2026-05-31T10:38:38.070+0000] {dag.py:3239} INFO - Sync 1 DAGs
[2026-05-31T10:38:38.128+0000] {logging_mixin.py:190} INFO - [2026-05-31T10:38:38.126+0000] {dag.py:4180} INFO - Setting next_dagrun for hello_airflow to 2026-05-31 10:37:00+00:00, run_after=2026-05-31 10:38:00+00:00
[2026-05-31T10:38:38.151+0000] {processor.py:208} INFO - Processing /opt/airflow/dags/hello_airflow.py took 0.150 seconds
[2026-05-31T10:39:09.124+0000] {processor.py:186} INFO - Started process (PID=18134) to work on /opt/airflow/dags/hello_airflow.py
[2026-05-31T10:39:09.127+0000] {processor.py:914} INFO - Processing file /opt/airflow/dags/hello_airflow.py for tasks to queue
[2026-05-31T10:39:09.130+0000] {logging_mixin.py:190} INFO - [2026-05-31T10:39:09.130+0000] {dagbag.py:588} INFO - Filling up the DagBag from /opt/airflow/dags/hello_airflow.py
[2026-05-31T10:39:09.146+0000] {processor.py:925} INFO - DAG(s) 'hello_airflow' retrieved from /opt/airflow/dags/hello_airflow.py
[2026-05-31T10:39:09.175+0000] {logging_mixin.py:190} INFO - [2026-05-31T10:39:09.174+0000] {dag.py:3239} INFO - Sync 1 DAGs
[2026-05-31T10:39:09.209+0000] {logging_mixin.py:190} INFO - [2026-05-31T10:39:09.209+0000] {dag.py:4180} INFO - Setting next_dagrun for hello_airflow to 2026-05-31 10:38:00+00:00, run_after=2026-05-31 10:39:00+00:00
[2026-05-31T10:39:09.235+0000] {processor.py:208} INFO - Processing /opt/airflow/dags/hello_airflow.py took 0.126 seconds
[2026-05-31T10:39:40.270+0000] {processor.py:186} INFO - Started process (PID=18158) to work on /opt/airflow/dags/hello_airflow.py
[2026-05-31T10:39:40.272+0000] {processor.py:914} INFO - Processing file /opt/airflow/dags/hello_airflow.py for tasks to queue
[2026-05-31T10:39:40.274+0000] {logging_mixin.py:190} INFO - [2026-05-31T10:39:40.274+0000] {dagbag.py:588} INFO - Filling up the DagBag from /opt/airflow/dags/hello_airflow.py
[2026-05-31T10:39:40.284+0000] {processor.py:925} INFO - DAG(s) 'hello_airflow' retrieved from /opt/airflow/dags/hello_airflow.py
[2026-05-31T10:39:40.300+0000] {logging_mixin.py:190} INFO - [2026-05-31T10:39:40.300+0000] {dag.py:3239} INFO - Sync 1 DAGs
[2026-05-31T10:39:40.320+0000] {logging_mixin.py:190} INFO - [2026-05-31T10:39:40.320+0000] {dag.py:4180} INFO - Setting next_dagrun for hello_airflow to 2026-05-31 10:38:00+00:00, run_after=2026-05-31 10:39:00+00:00
[2026-05-31T10:39:40.332+0000] {processor.py:208} INFO - Processing /opt/airflow/dags/hello_airflow.py took 0.074 seconds
[2026-05-31T10:40:10.414+0000] {processor.py:186} INFO - Started process (PID=18182) to work on /opt/airflow/dags/hello_airflow.py
[2026-05-31T10:40:10.416+0000] {processor.py:914} INFO - Processing file /opt/airflow/dags/hello_airflow.py for tasks to queue
[2026-05-31T10:40:10.418+0000] {logging_mixin.py:190} INFO - [2026-05-31T10:40:10.418+0000] {dagbag.py:588} INFO - Filling up the DagBag from /opt/airflow/dags/hello_airflow.py
[2026-05-31T10:40:10.426+0000] {processor.py:925} INFO - DAG(s) 'hello_airflow' retrieved from /opt/airflow/dags/hello_airflow.py
[2026-05-31T10:40:10.442+0000] {logging_mixin.py:190} INFO - [2026-05-31T10:40:10.442+0000] {dag.py:3239} INFO - Sync 1 DAGs
[2026-05-31T10:40:10.462+0000] {logging_mixin.py:190} INFO - [2026-05-31T10:40:10.462+0000] {dag.py:4180} INFO - Setting next_dagrun for hello_airflow to 2026-05-31 10:39:00+00:00, run_after=2026-05-31 10:40:00+00:00
[2026-05-31T10:40:10.478+0000] {processor.py:208} INFO - Processing /opt/airflow/dags/hello_airflow.py took 0.069 seconds
[2026-05-31T10:40:40.743+0000] {processor.py:186} INFO - Started process (PID=18206) to work on /opt/airflow/dags/hello_airflow.py
[2026-05-31T10:40:40.743+0000] {processor.py:914} INFO - Processing file /opt/airflow/dags/hello_airflow.py for tasks to queue
[2026-05-31T10:40:40.745+0000] {logging_mixin.py:190} INFO - [2026-05-31T10:40:40.745+0000] {dagbag.py:588} INFO - Filling up the DagBag from /opt/airflow/dags/hello_airflow.py
[2026-05-31T10:40:40.754+0000] {processor.py:925} INFO - DAG(s) 'hello_airflow' retrieved from /opt/airflow/dags/hello_airflow.py
[2026-05-31T10:40:40.776+0000] {logging_mixin.py:190} INFO - [2026-05-31T10:40:40.776+0000] {dag.py:3239} INFO - Sync 1 DAGs
[2026-05-31T10:40:40.796+0000] {logging_mixin.py:190} INFO - [2026-05-31T10:40:40.796+0000] {dag.py:4180} INFO - Setting next_dagrun for hello_airflow to 2026-05-31 10:39:00+00:00, run_after=2026-05-31 10:40:00+00:00
[2026-05-31T10:40:40.808+0000] {processor.py:208} INFO - Processing /opt/airflow/dags/hello_airflow.py took 0.075 seconds
[2026-05-31T10:41:11.071+0000] {processor.py:186} INFO - Started process (PID=18230) to work on /opt/airflow/dags/hello_airflow.py
[2026-05-31T10:41:11.073+0000] {processor.py:914} INFO - Processing file /opt/airflow/dags/hello_airflow.py for tasks to queue
[2026-05-31T10:41:11.076+0000] {logging_mixin.py:190} INFO - [2026-05-31T10:41:11.076+0000] {dagbag.py:588} INFO - Filling up the DagBag from /opt/airflow/dags/hello_airflow.py
[2026-05-31T10:41:11.083+0000] {processor.py:925} INFO - DAG(s) 'hello_airflow' retrieved from /opt/airflow/dags/hello_airflow.py
[2026-05-31T10:41:11.109+0000] {logging_mixin.py:190} INFO - [2026-05-31T10:41:11.108+0000] {dag.py:3239} INFO - Sync 1 DAGs
[2026-05-31T10:41:11.132+0000] {logging_mixin.py:190} INFO - [2026-05-31T10:41:11.132+0000] {dag.py:4180} INFO - Setting next_dagrun for hello_airflow to 2026-05-31 10:40:00+00:00, run_after=2026-05-31 10:41:00+00:00
[2026-05-31T10:41:11.146+0000] {processor.py:208} INFO - Processing /opt/airflow/dags/hello_airflow.py took 0.081 seconds
[2026-05-31T10:41:41.988+0000] {processor.py:186} INFO - Started process (PID=18255) to work on /opt/airflow/dags/hello_airflow.py
[2026-05-31T10:41:41.989+0000] {processor.py:914} INFO - Processing file /opt/airflow/dags/hello_airflow.py for tasks to queue
[2026-05-31T10:41:41.991+0000] {logging_mixin.py:190} INFO - [2026-05-31T10:41:41.991+0000] {dagbag.py:588} INFO - Filling up the DagBag from /opt/airflow/dags/hello_airflow.py
[2026-05-31T10:41:41.998+0000] {processor.py:925} INFO - DAG(s) 'hello_airflow' retrieved from /opt/airflow/dags/hello_airflow.py
[2026-05-31T10:41:42.017+0000] {logging_mixin.py:190} INFO - [2026-05-31T10:41:42.017+0000] {dag.py:3239} INFO - Sync 1 DAGs
[2026-05-31T10:41:42.038+0000] {logging_mixin.py:190} INFO - [2026-05-31T10:41:42.038+0000] {dag.py:4180} INFO - Setting next_dagrun for hello_airflow to 2026-05-31 10:40:00+00:00, run_after=2026-05-31 10:41:00+00:00
[2026-05-31T10:41:42.053+0000] {processor.py:208} INFO - Processing /opt/airflow/dags/hello_airflow.py took 0.070 seconds
[2026-05-31T10:42:12.222+0000] {processor.py:186} INFO - Started process (PID=18279) to work on /opt/airflow/dags/hello_airflow.py
[2026-05-31T10:42:12.223+0000] {processor.py:914} INFO - Processing file /opt/airflow/dags/hello_airflow.py for tasks to queue
[2026-05-31T10:42:12.225+0000] {logging_mixin.py:190} INFO - [2026-05-31T10:42:12.225+0000] {dagbag.py:588} INFO - Filling up the DagBag from /opt/airflow/dags/hello_airflow.py
[2026-05-31T10:42:12.235+0000] {processor.py:925} INFO - DAG(s) 'hello_airflow' retrieved from /opt/airflow/dags/hello_airflow.py
[2026-05-31T10:42:12.255+0000] {logging_mixin.py:190} INFO - [2026-05-31T10:42:12.254+0000] {dag.py:3239} INFO - Sync 1 DAGs
[2026-05-31T10:42:12.276+0000] {logging_mixin.py:190} INFO - [2026-05-31T10:42:12.276+0000] {dag.py:4180} INFO - Setting next_dagrun for hello_airflow to 2026-05-31 10:41:00+00:00, run_after=2026-05-31 10:42:00+00:00
[2026-05-31T10:42:12.290+0000] {processor.py:208} INFO - Processing /opt/airflow/dags/hello_airflow.py took 0.074 seconds
[2026-05-31T10:42:43.204+0000] {processor.py:186} INFO - Started process (PID=18299) to work on /opt/airflow/dags/hello_airflow.py
[2026-05-31T10:42:43.206+0000] {processor.py:914} INFO - Processing file /opt/airflow/dags/hello_airflow.py for tasks to queue
[2026-05-31T10:42:43.207+0000] {logging_mixin.py:190} INFO - [2026-05-31T10:42:43.207+0000] {dagbag.py:588} INFO - Filling up the DagBag from /opt/airflow/dags/hello_airflow.py
[2026-05-31T10:42:43.216+0000] {processor.py:925} INFO - DAG(s) 'hello_airflow' retrieved from /opt/airflow/dags/hello_airflow.py
[2026-05-31T10:42:43.235+0000] {logging_mixin.py:190} INFO - [2026-05-31T10:42:43.235+0000] {dag.py:3239} INFO - Sync 1 DAGs
[2026-05-31T10:42:43.259+0000] {logging_mixin.py:190} INFO - [2026-05-31T10:42:43.258+0000] {dag.py:4180} INFO - Setting next_dagrun for hello_airflow to 2026-05-31 10:41:00+00:00, run_after=2026-05-31 10:42:00+00:00
[2026-05-31T10:42:43.276+0000] {processor.py:208} INFO - Processing /opt/airflow/dags/hello_airflow.py took 0.078 seconds
[2026-05-31T10:43:14.148+0000] {processor.py:186} INFO - Started process (PID=18321) to work on /opt/airflow/dags/hello_airflow.py
[2026-05-31T10:43:14.150+0000] {processor.py:914} INFO - Processing file /opt/airflow/dags/hello_airflow.py for tasks to queue
[2026-05-31T10:43:14.155+0000] {logging_mixin.py:190} INFO - [2026-05-31T10:43:14.154+0000] {dagbag.py:588} INFO - Filling up the DagBag from /opt/airflow/dags/hello_airflow.py
[2026-05-31T10:43:14.166+0000] {processor.py:925} INFO - DAG(s) 'hello_airflow' retrieved from /opt/airflow/dags/hello_airflow.py
[2026-05-31T10:43:14.186+0000] {logging_mixin.py:190} INFO - [2026-05-31T10:43:14.186+0000] {dag.py:3239} INFO - Sync 1 DAGs
[2026-05-31T10:43:14.208+0000] {logging_mixin.py:190} INFO - [2026-05-31T10:43:14.208+0000] {dag.py:4180} INFO - Setting next_dagrun for hello_airflow to 2026-05-31 10:42:00+00:00, run_after=2026-05-31 10:43:00+00:00
[2026-05-31T10:43:14.226+0000] {processor.py:208} INFO - Processing /opt/airflow/dags/hello_airflow.py took 0.084 seconds
[2026-05-31T10:43:45.114+0000] {processor.py:186} INFO - Started process (PID=18344) to work on /opt/airflow/dags/hello_airflow.py
[2026-05-31T10:43:45.114+0000] {processor.py:914} INFO - Processing file /opt/airflow/dags/hello_airflow.py for tasks to queue
[2026-05-31T10:43:45.118+0000] {logging_mixin.py:190} INFO - [2026-05-31T10:43:45.117+0000] {dagbag.py:588} INFO - Filling up the DagBag from /opt/airflow/dags/hello_airflow.py
[2026-05-31T10:43:45.125+0000] {processor.py:925} INFO - DAG(s) 'hello_airflow' retrieved from /opt/airflow/dags/hello_airflow.py
[2026-05-31T10:43:45.143+0000] {logging_mixin.py:190} INFO - [2026-05-31T10:43:45.143+0000] {dag.py:3239} INFO - Sync 1 DAGs
[2026-05-31T10:43:45.166+0000] {logging_mixin.py:190} INFO - [2026-05-31T10:43:45.166+0000] {dag.py:4180} INFO - Setting next_dagrun for hello_airflow to 2026-05-31 10:42:00+00:00, run_after=2026-05-31 10:43:00+00:00
[2026-05-31T10:43:45.184+0000] {processor.py:208} INFO - Processing /opt/airflow/dags/hello_airflow.py took 0.079 seconds
[2026-05-31T10:44:15.955+0000] {processor.py:186} INFO - Started process (PID=18368) to work on /opt/airflow/dags/hello_airflow.py
[2026-05-31T10:44:15.957+0000] {processor.py:914} INFO - Processing file /opt/airflow/dags/hello_airflow.py for tasks to queue
[2026-05-31T10:44:15.962+0000] {logging_mixin.py:190} INFO - [2026-05-31T10:44:15.962+0000] {dagbag.py:588} INFO - Filling up the DagBag from /opt/airflow/dags/hello_airflow.py
[2026-05-31T10:44:15.971+0000] {processor.py:925} INFO - DAG(s) 'hello_airflow' retrieved from /opt/airflow/dags/hello_airflow.py
[2026-05-31T10:44:15.987+0000] {logging_mixin.py:190} INFO - [2026-05-31T10:44:15.987+0000] {dag.py:3239} INFO - Sync 1 DAGs
[2026-05-31T10:44:16.008+0000] {logging_mixin.py:190} INFO - [2026-05-31T10:44:16.007+0000] {dag.py:4180} INFO - Setting next_dagrun for hello_airflow to 2026-05-31 10:43:00+00:00, run_after=2026-05-31 10:44:00+00:00
[2026-05-31T10:44:16.022+0000] {processor.py:208} INFO - Processing /opt/airflow/dags/hello_airflow.py took 0.079 seconds
[2026-05-31T10:44:46.715+0000] {processor.py:186} INFO - Started process (PID=18392) to work on /opt/airflow/dags/hello_airflow.py
[2026-05-31T10:44:46.716+0000] {processor.py:914} INFO - Processing file /opt/airflow/dags/hello_airflow.py for tasks to queue
[2026-05-31T10:44:46.718+0000] {logging_mixin.py:190} INFO - [2026-05-31T10:44:46.718+0000] {dagbag.py:588} INFO - Filling up the DagBag from /opt/airflow/dags/hello_airflow.py
[2026-05-31T10:44:46.726+0000] {processor.py:925} INFO - DAG(s) 'hello_airflow' retrieved from /opt/airflow/dags/hello_airflow.py
[2026-05-31T10:44:46.748+0000] {logging_mixin.py:190} INFO - [2026-05-31T10:44:46.748+0000] {dag.py:3239} INFO - Sync 1 DAGs
[2026-05-31T10:44:46.772+0000] {logging_mixin.py:190} INFO - [2026-05-31T10:44:46.772+0000] {dag.py:4180} INFO - Setting next_dagrun for hello_airflow to 2026-05-31 10:43:00+00:00, run_after=2026-05-31 10:44:00+00:00
[2026-05-31T10:44:46.787+0000] {processor.py:208} INFO - Processing /opt/airflow/dags/hello_airflow.py took 0.083 seconds
[2026-05-31T10:45:17.362+0000] {processor.py:186} INFO - Started process (PID=18415) to work on /opt/airflow/dags/hello_airflow.py
[2026-05-31T10:45:17.363+0000] {processor.py:914} INFO - Processing file /opt/airflow/dags/hello_airflow.py for tasks to queue
[2026-05-31T10:45:17.365+0000] {logging_mixin.py:190} INFO - [2026-05-31T10:45:17.365+0000] {dagbag.py:588} INFO - Filling up the DagBag from /opt/airflow/dags/hello_airflow.py
[2026-05-31T10:45:17.373+0000] {processor.py:925} INFO - DAG(s) 'hello_airflow' retrieved from /opt/airflow/dags/hello_airflow.py
[2026-05-31T10:45:17.389+0000] {logging_mixin.py:190} INFO - [2026-05-31T10:45:17.389+0000] {dag.py:3239} INFO - Sync 1 DAGs
[2026-05-31T10:45:17.410+0000] {logging_mixin.py:190} INFO - [2026-05-31T10:45:17.410+0000] {dag.py:4180} INFO - Setting next_dagrun for hello_airflow to 2026-05-31 10:44:00+00:00, run_after=2026-05-31 10:45:00+00:00
[2026-05-31T10:45:17.422+0000] {processor.py:208} INFO - Processing /opt/airflow/dags/hello_airflow.py took 0.070 seconds
[2026-05-31T10:45:47.476+0000] {processor.py:186} INFO - Started process (PID=18439) to work on /opt/airflow/dags/hello_airflow.py
[2026-05-31T10:45:47.477+0000] {processor.py:914} INFO - Processing file /opt/airflow/dags/hello_airflow.py for tasks to queue
[2026-05-31T10:45:47.479+0000] {logging_mixin.py:190} INFO - [2026-05-31T10:45:47.478+0000] {dagbag.py:588} INFO - Filling up the DagBag from /opt/airflow/dags/hello_airflow.py
[2026-05-31T10:45:47.487+0000] {processor.py:925} INFO - DAG(s) 'hello_airflow' retrieved from /opt/airflow/dags/hello_airflow.py
[2026-05-31T10:45:47.505+0000] {logging_mixin.py:190} INFO - [2026-05-31T10:45:47.505+0000] {dag.py:3239} INFO - Sync 1 DAGs
[2026-05-31T10:45:47.543+0000] {logging_mixin.py:190} INFO - [2026-05-31T10:45:47.542+0000] {dag.py:4180} INFO - Setting next_dagrun for hello_airflow to 2026-05-31 10:44:00+00:00, run_after=2026-05-31 10:45:00+00:00
[2026-05-31T10:45:47.557+0000] {processor.py:208} INFO - Processing /opt/airflow/dags/hello_airflow.py took 0.086 seconds
[2026-05-31T10:46:17.816+0000] {processor.py:186} INFO - Started process (PID=18463) to work on /opt/airflow/dags/hello_airflow.py
[2026-05-31T10:46:17.817+0000] {processor.py:914} INFO - Processing file /opt/airflow/dags/hello_airflow.py for tasks to queue
[2026-05-31T10:46:17.819+0000] {logging_mixin.py:190} INFO - [2026-05-31T10:46:17.819+0000] {dagbag.py:588} INFO - Filling up the DagBag from /opt/airflow/dags/hello_airflow.py
[2026-05-31T10:46:17.829+0000] {processor.py:925} INFO - DAG(s) 'hello_airflow' retrieved from /opt/airflow/dags/hello_airflow.py
[2026-05-31T10:46:17.848+0000] {logging_mixin.py:190} INFO - [2026-05-31T10:46:17.848+0000] {dag.py:3239} INFO - Sync 1 DAGs
[2026-05-31T10:46:17.871+0000] {logging_mixin.py:190} INFO - [2026-05-31T10:46:17.871+0000] {dag.py:4180} INFO - Setting next_dagrun for hello_airflow to 2026-05-31 10:45:00+00:00, run_after=2026-05-31 10:46:00+00:00
[2026-05-31T10:46:17.886+0000] {processor.py:208} INFO - Processing /opt/airflow/dags/hello_airflow.py took 0.083 seconds
[2026-05-31T10:46:48.445+0000] {processor.py:186} INFO - Started process (PID=18488) to work on /opt/airflow/dags/hello_airflow.py
[2026-05-31T10:46:48.447+0000] {processor.py:914} INFO - Processing file /opt/airflow/dags/hello_airflow.py for tasks to queue
[2026-05-31T10:46:48.451+0000] {logging_mixin.py:190} INFO - [2026-05-31T10:46:48.450+0000] {dagbag.py:588} INFO - Filling up the DagBag from /opt/airflow/dags/hello_airflow.py
[2026-05-31T10:46:48.463+0000] {processor.py:925} INFO - DAG(s) 'hello_airflow' retrieved from /opt/airflow/dags/hello_airflow.py
[2026-05-31T10:46:48.486+0000] {logging_mixin.py:190} INFO - [2026-05-31T10:46:48.486+0000] {dag.py:3239} INFO - Sync 1 DAGs
[2026-05-31T10:46:48.517+0000] {logging_mixin.py:190} INFO - [2026-05-31T10:46:48.517+0000] {dag.py:4180} INFO - Setting next_dagrun for hello_airflow to 2026-05-31 10:45:00+00:00, run_after=2026-05-31 10:46:00+00:00
[2026-05-31T10:46:48.531+0000] {processor.py:208} INFO - Processing /opt/airflow/dags/hello_airflow.py took 0.094 seconds
[2026-05-31T10:47:18.717+0000] {processor.py:186} INFO - Started process (PID=18512) to work on /opt/airflow/dags/hello_airflow.py
[2026-05-31T10:47:18.719+0000] {processor.py:914} INFO - Processing file /opt/airflow/dags/hello_airflow.py for tasks to queue
[2026-05-31T10:47:18.721+0000] {logging_mixin.py:190} INFO - [2026-05-31T10:47:18.720+0000] {dagbag.py:588} INFO - Filling up the DagBag from /opt/airflow/dags/hello_airflow.py
[2026-05-31T10:47:18.734+0000] {processor.py:925} INFO - DAG(s) 'hello_airflow' retrieved from /opt/airflow/dags/hello_airflow.py
[2026-05-31T10:47:18.757+0000] {logging_mixin.py:190} INFO - [2026-05-31T10:47:18.757+0000] {dag.py:3239} INFO - Sync 1 DAGs
[2026-05-31T10:47:18.779+0000] {logging_mixin.py:190} INFO - [2026-05-31T10:47:18.779+0000] {dag.py:4180} INFO - Setting next_dagrun for hello_airflow to 2026-05-31 10:46:00+00:00, run_after=2026-05-31 10:47:00+00:00
[2026-05-31T10:47:18.796+0000] {processor.py:208} INFO - Processing /opt/airflow/dags/hello_airflow.py took 0.083 seconds
[2026-05-31T10:47:49.178+0000] {processor.py:186} INFO - Started process (PID=18536) to work on /opt/airflow/dags/hello_airflow.py
[2026-05-31T10:47:49.179+0000] {processor.py:914} INFO - Processing file /opt/airflow/dags/hello_airflow.py for tasks to queue
[2026-05-31T10:47:49.186+0000] {logging_mixin.py:190} INFO - [2026-05-31T10:47:49.185+0000] {dagbag.py:588} INFO - Filling up the DagBag from /opt/airflow/dags/hello_airflow.py
[2026-05-31T10:47:49.215+0000] {processor.py:925} INFO - DAG(s) 'hello_airflow' retrieved from /opt/airflow/dags/hello_airflow.py
[2026-05-31T10:47:49.251+0000] {logging_mixin.py:190} INFO - [2026-05-31T10:47:49.251+0000] {dag.py:3239} INFO - Sync 1 DAGs
[2026-05-31T10:47:49.274+0000] {logging_mixin.py:190} INFO - [2026-05-31T10:47:49.273+0000] {dag.py:4180} INFO - Setting next_dagrun for hello_airflow to 2026-05-31 10:46:00+00:00, run_after=2026-05-31 10:47:00+00:00
[2026-05-31T10:47:49.286+0000] {processor.py:208} INFO - Processing /opt/airflow/dags/hello_airflow.py took 0.133 seconds
[2026-05-31T10:48:19.727+0000] {processor.py:186} INFO - Started process (PID=18559) to work on /opt/airflow/dags/hello_airflow.py
[2026-05-31T10:48:19.729+0000] {processor.py:914} INFO - Processing file /opt/airflow/dags/hello_airflow.py for tasks to queue
[2026-05-31T10:48:19.732+0000] {logging_mixin.py:190} INFO - [2026-05-31T10:48:19.732+0000] {dagbag.py:588} INFO - Filling up the DagBag from /opt/airflow/dags/hello_airflow.py
[2026-05-31T10:48:19.745+0000] {processor.py:925} INFO - DAG(s) 'hello_airflow' retrieved from /opt/airflow/dags/hello_airflow.py
[2026-05-31T10:48:19.768+0000] {logging_mixin.py:190} INFO - [2026-05-31T10:48:19.768+0000] {dag.py:3239} INFO - Sync 1 DAGs
[2026-05-31T10:48:19.802+0000] {logging_mixin.py:190} INFO - [2026-05-31T10:48:19.801+0000] {dag.py:4180} INFO - Setting next_dagrun for hello_airflow to 2026-05-31 10:47:00+00:00, run_after=2026-05-31 10:48:00+00:00
[2026-05-31T10:48:19.822+0000] {processor.py:208} INFO - Processing /opt/airflow/dags/hello_airflow.py took 0.102 seconds
[2026-05-31T10:48:50.132+0000] {processor.py:186} INFO - Started process (PID=18582) to work on /opt/airflow/dags/hello_airflow.py
[2026-05-31T10:48:50.135+0000] {processor.py:914} INFO - Processing file /opt/airflow/dags/hello_airflow.py for tasks to queue
[2026-05-31T10:48:50.137+0000] {logging_mixin.py:190} INFO - [2026-05-31T10:48:50.137+0000] {dagbag.py:588} INFO - Filling up the DagBag from /opt/airflow/dags/hello_airflow.py
[2026-05-31T10:48:50.170+0000] {processor.py:925} INFO - DAG(s) 'hello_airflow' retrieved from /opt/airflow/dags/hello_airflow.py
[2026-05-31T10:48:50.203+0000] {logging_mixin.py:190} INFO - [2026-05-31T10:48:50.202+0000] {dag.py:3239} INFO - Sync 1 DAGs
[2026-05-31T10:48:50.233+0000] {logging_mixin.py:190} INFO - [2026-05-31T10:48:50.233+0000] {dag.py:4180} INFO - Setting next_dagrun for hello_airflow to 2026-05-31 10:47:00+00:00, run_after=2026-05-31 10:48:00+00:00
[2026-05-31T10:48:50.278+0000] {processor.py:208} INFO - Processing /opt/airflow/dags/hello_airflow.py took 0.156 seconds
[2026-05-31T10:49:21.264+0000] {processor.py:186} INFO - Started process (PID=18606) to work on /opt/airflow/dags/hello_airflow.py
[2026-05-31T10:49:21.268+0000] {processor.py:914} INFO - Processing file /opt/airflow/dags/hello_airflow.py for tasks to queue
[2026-05-31T10:49:21.272+0000] {logging_mixin.py:190} INFO - [2026-05-31T10:49:21.272+0000] {dagbag.py:588} INFO - Filling up the DagBag from /opt/airflow/dags/hello_airflow.py
[2026-05-31T10:49:21.307+0000] {processor.py:925} INFO - DAG(s) 'hello_airflow' retrieved from /opt/airflow/dags/hello_airflow.py
[2026-05-31T10:49:21.357+0000] {logging_mixin.py:190} INFO - [2026-05-31T10:49:21.357+0000] {dag.py:3239} INFO - Sync 1 DAGs
[2026-05-31T10:49:21.443+0000] {logging_mixin.py:190} INFO - [2026-05-31T10:49:21.443+0000] {dag.py:4180} INFO - Setting next_dagrun for hello_airflow to 2026-05-31 10:48:00+00:00, run_after=2026-05-31 10:49:00+00:00
[2026-05-31T10:49:21.491+0000] {processor.py:208} INFO - Processing /opt/airflow/dags/hello_airflow.py took 0.237 seconds
[2026-05-31T10:49:51.595+0000] {processor.py:186} INFO - Started process (PID=18624) to work on /opt/airflow/dags/hello_airflow.py
[2026-05-31T10:49:51.597+0000] {processor.py:914} INFO - Processing file /opt/airflow/dags/hello_airflow.py for tasks to queue
[2026-05-31T10:49:51.608+0000] {logging_mixin.py:190} INFO - [2026-05-31T10:49:51.607+0000] {dagbag.py:588} INFO - Filling up the DagBag from /opt/airflow/dags/hello_airflow.py
[2026-05-31T10:49:51.624+0000] {processor.py:925} INFO - DAG(s) 'hello_airflow' retrieved from /opt/airflow/dags/hello_airflow.py
[2026-05-31T10:49:51.642+0000] {logging_mixin.py:190} INFO - [2026-05-31T10:49:51.642+0000] {dag.py:3239} INFO - Sync 1 DAGs
[2026-05-31T10:49:51.674+0000] {logging_mixin.py:190} INFO - [2026-05-31T10:49:51.673+0000] {dag.py:4180} INFO - Setting next_dagrun for hello_airflow to 2026-05-31 10:48:00+00:00, run_after=2026-05-31 10:49:00+00:00
[2026-05-31T10:49:51.689+0000] {processor.py:208} INFO - Processing /opt/airflow/dags/hello_airflow.py took 0.103 seconds
[2026-05-31T10:50:22.384+0000] {processor.py:186} INFO - Started process (PID=18648) to work on /opt/airflow/dags/hello_airflow.py
[2026-05-31T10:50:22.386+0000] {processor.py:914} INFO - Processing file /opt/airflow/dags/hello_airflow.py for tasks to queue
[2026-05-31T10:50:22.390+0000] {logging_mixin.py:190} INFO - [2026-05-31T10:50:22.390+0000] {dagbag.py:588} INFO - Filling up the DagBag from /opt/airflow/dags/hello_airflow.py
[2026-05-31T10:50:22.416+0000] {processor.py:925} INFO - DAG(s) 'hello_airflow' retrieved from /opt/airflow/dags/hello_airflow.py
[2026-05-31T10:50:22.446+0000] {logging_mixin.py:190} INFO - [2026-05-31T10:50:22.446+0000] {dag.py:3239} INFO - Sync 1 DAGs
[2026-05-31T10:50:22.615+0000] {logging_mixin.py:190} INFO - [2026-05-31T10:50:22.615+0000] {dag.py:4180} INFO - Setting next_dagrun for hello_airflow to 2026-05-31 10:49:00+00:00, run_after=2026-05-31 10:50:00+00:00
[2026-05-31T10:50:22.664+0000] {processor.py:208} INFO - Processing /opt/airflow/dags/hello_airflow.py took 0.289 seconds
[2026-05-31T10:50:52.800+0000] {processor.py:186} INFO - Started process (PID=18673) to work on /opt/airflow/dags/hello_airflow.py
[2026-05-31T10:50:52.800+0000] {processor.py:914} INFO - Processing file /opt/airflow/dags/hello_airflow.py for tasks to queue
[2026-05-31T10:50:52.804+0000] {logging_mixin.py:190} INFO - [2026-05-31T10:50:52.802+0000] {dagbag.py:588} INFO - Filling up the DagBag from /opt/airflow/dags/hello_airflow.py
[2026-05-31T10:50:52.816+0000] {processor.py:925} INFO - DAG(s) 'hello_airflow' retrieved from /opt/airflow/dags/hello_airflow.py
[2026-05-31T10:50:52.833+0000] {logging_mixin.py:190} INFO - [2026-05-31T10:50:52.833+0000] {dag.py:3239} INFO - Sync 1 DAGs
[2026-05-31T10:50:52.854+0000] {logging_mixin.py:190} INFO - [2026-05-31T10:50:52.854+0000] {dag.py:4180} INFO - Setting next_dagrun for hello_airflow to 2026-05-31 10:49:00+00:00, run_after=2026-05-31 10:50:00+00:00
[2026-05-31T10:50:52.869+0000] {processor.py:208} INFO - Processing /opt/airflow/dags/hello_airflow.py took 0.077 seconds
[2026-05-31T10:51:23.075+0000] {processor.py:186} INFO - Started process (PID=18696) to work on /opt/airflow/dags/hello_airflow.py
[2026-05-31T10:51:23.076+0000] {processor.py:914} INFO - Processing file /opt/airflow/dags/hello_airflow.py for tasks to queue
[2026-05-31T10:51:23.079+0000] {logging_mixin.py:190} INFO - [2026-05-31T10:51:23.078+0000] {dagbag.py:588} INFO - Filling up the DagBag from /opt/airflow/dags/hello_airflow.py
[2026-05-31T10:51:23.087+0000] {processor.py:925} INFO - DAG(s) 'hello_airflow' retrieved from /opt/airflow/dags/hello_airflow.py
[2026-05-31T10:51:23.107+0000] {logging_mixin.py:190} INFO - [2026-05-31T10:51:23.107+0000] {dag.py:3239} INFO - Sync 1 DAGs
[2026-05-31T10:51:23.132+0000] {logging_mixin.py:190} INFO - [2026-05-31T10:51:23.131+0000] {dag.py:4180} INFO - Setting next_dagrun for hello_airflow to 2026-05-31 10:50:00+00:00, run_after=2026-05-31 10:51:00+00:00
[2026-05-31T10:51:23.148+0000] {processor.py:208} INFO - Processing /opt/airflow/dags/hello_airflow.py took 0.081 seconds
[2026-05-31T10:51:53.225+0000] {processor.py:186} INFO - Started process (PID=18720) to work on /opt/airflow/dags/hello_airflow.py
[2026-05-31T10:51:53.227+0000] {processor.py:914} INFO - Processing file /opt/airflow/dags/hello_airflow.py for tasks to queue
[2026-05-31T10:51:53.231+0000] {logging_mixin.py:190} INFO - [2026-05-31T10:51:53.231+0000] {dagbag.py:588} INFO - Filling up the DagBag from /opt/airflow/dags/hello_airflow.py
[2026-05-31T10:51:53.239+0000] {processor.py:925} INFO - DAG(s) 'hello_airflow' retrieved from /opt/airflow/dags/hello_airflow.py
[2026-05-31T10:51:53.256+0000] {logging_mixin.py:190} INFO - [2026-05-31T10:51:53.255+0000] {dag.py:3239} INFO - Sync 1 DAGs
[2026-05-31T10:51:53.277+0000] {logging_mixin.py:190} INFO - [2026-05-31T10:51:53.277+0000] {dag.py:4180} INFO - Setting next_dagrun for hello_airflow to 2026-05-31 10:50:00+00:00, run_after=2026-05-31 10:51:00+00:00
[2026-05-31T10:51:53.291+0000] {processor.py:208} INFO - Processing /opt/airflow/dags/hello_airflow.py took 0.076 seconds
[2026-05-31T10:52:24.013+0000] {processor.py:186} INFO - Started process (PID=18744) to work on /opt/airflow/dags/hello_airflow.py
[2026-05-31T10:52:24.017+0000] {processor.py:914} INFO - Processing file /opt/airflow/dags/hello_airflow.py for tasks to queue
[2026-05-31T10:52:24.022+0000] {logging_mixin.py:190} INFO - [2026-05-31T10:52:24.021+0000] {dagbag.py:588} INFO - Filling up the DagBag from /opt/airflow/dags/hello_airflow.py
[2026-05-31T10:52:24.049+0000] {processor.py:925} INFO - DAG(s) 'hello_airflow' retrieved from /opt/airflow/dags/hello_airflow.py
[2026-05-31T10:52:24.071+0000] {logging_mixin.py:190} INFO - [2026-05-31T10:52:24.071+0000] {dag.py:3239} INFO - Sync 1 DAGs
[2026-05-31T10:52:24.121+0000] {logging_mixin.py:190} INFO - [2026-05-31T10:52:24.121+0000] {dag.py:4180} INFO - Setting next_dagrun for hello_airflow to 2026-05-31 10:51:00+00:00, run_after=2026-05-31 10:52:00+00:00
[2026-05-31T10:52:24.151+0000] {processor.py:208} INFO - Processing /opt/airflow/dags/hello_airflow.py took 0.167 seconds
[2026-05-31T10:52:54.327+0000] {processor.py:186} INFO - Started process (PID=18768) to work on /opt/airflow/dags/hello_airflow.py
[2026-05-31T10:52:54.327+0000] {processor.py:914} INFO - Processing file /opt/airflow/dags/hello_airflow.py for tasks to queue
[2026-05-31T10:52:54.329+0000] {logging_mixin.py:190} INFO - [2026-05-31T10:52:54.329+0000] {dagbag.py:588} INFO - Filling up the DagBag from /opt/airflow/dags/hello_airflow.py
[2026-05-31T10:52:54.338+0000] {processor.py:925} INFO - DAG(s) 'hello_airflow' retrieved from /opt/airflow/dags/hello_airflow.py
[2026-05-31T10:52:54.359+0000] {logging_mixin.py:190} INFO - [2026-05-31T10:52:54.359+0000] {dag.py:3239} INFO - Sync 1 DAGs
[2026-05-31T10:52:54.382+0000] {logging_mixin.py:190} INFO - [2026-05-31T10:52:54.381+0000] {dag.py:4180} INFO - Setting next_dagrun for hello_airflow to 2026-05-31 10:51:00+00:00, run_after=2026-05-31 10:52:00+00:00
[2026-05-31T10:52:54.395+0000] {processor.py:208} INFO - Processing /opt/airflow/dags/hello_airflow.py took 0.078 seconds
[2026-05-31T10:53:24.603+0000] {processor.py:186} INFO - Started process (PID=18793) to work on /opt/airflow/dags/hello_airflow.py
[2026-05-31T10:53:24.604+0000] {processor.py:914} INFO - Processing file /opt/airflow/dags/hello_airflow.py for tasks to queue
[2026-05-31T10:53:24.607+0000] {logging_mixin.py:190} INFO - [2026-05-31T10:53:24.606+0000] {dagbag.py:588} INFO - Filling up the DagBag from /opt/airflow/dags/hello_airflow.py
[2026-05-31T10:53:24.623+0000] {processor.py:925} INFO - DAG(s) 'hello_airflow' retrieved from /opt/airflow/dags/hello_airflow.py
[2026-05-31T10:53:24.663+0000] {logging_mixin.py:190} INFO - [2026-05-31T10:53:24.663+0000] {dag.py:3239} INFO - Sync 1 DAGs
[2026-05-31T10:53:24.690+0000] {logging_mixin.py:190} INFO - [2026-05-31T10:53:24.690+0000] {dag.py:4180} INFO - Setting next_dagrun for hello_airflow to 2026-05-31 10:52:00+00:00, run_after=2026-05-31 10:53:00+00:00
[2026-05-31T10:53:24.705+0000] {processor.py:208} INFO - Processing /opt/airflow/dags/hello_airflow.py took 0.109 seconds
[2026-05-31T10:53:54.985+0000] {processor.py:186} INFO - Started process (PID=18817) to work on /opt/airflow/dags/hello_airflow.py
[2026-05-31T10:53:54.986+0000] {processor.py:914} INFO - Processing file /opt/airflow/dags/hello_airflow.py for tasks to queue
[2026-05-31T10:53:54.988+0000] {logging_mixin.py:190} INFO - [2026-05-31T10:53:54.988+0000] {dagbag.py:588} INFO - Filling up the DagBag from /opt/airflow/dags/hello_airflow.py
[2026-05-31T10:53:54.996+0000] {processor.py:925} INFO - DAG(s) 'hello_airflow' retrieved from /opt/airflow/dags/hello_airflow.py
[2026-05-31T10:53:55.014+0000] {logging_mixin.py:190} INFO - [2026-05-31T10:53:55.014+0000] {dag.py:3239} INFO - Sync 1 DAGs
[2026-05-31T10:53:55.037+0000] {logging_mixin.py:190} INFO - [2026-05-31T10:53:55.037+0000] {dag.py:4180} INFO - Setting next_dagrun for hello_airflow to 2026-05-31 10:52:00+00:00, run_after=2026-05-31 10:53:00+00:00
[2026-05-31T10:53:55.050+0000] {processor.py:208} INFO - Processing /opt/airflow/dags/hello_airflow.py took 0.071 seconds
[2026-05-31T10:54:25.273+0000] {processor.py:186} INFO - Started process (PID=18841) to work on /opt/airflow/dags/hello_airflow.py
[2026-05-31T10:54:25.275+0000] {processor.py:914} INFO - Processing file /opt/airflow/dags/hello_airflow.py for tasks to queue
[2026-05-31T10:54:25.278+0000] {logging_mixin.py:190} INFO - [2026-05-31T10:54:25.278+0000] {dagbag.py:588} INFO - Filling up the DagBag from /opt/airflow/dags/hello_airflow.py
[2026-05-31T10:54:25.289+0000] {processor.py:925} INFO - DAG(s) 'hello_airflow' retrieved from /opt/airflow/dags/hello_airflow.py
[2026-05-31T10:54:25.305+0000] {logging_mixin.py:190} INFO - [2026-05-31T10:54:25.305+0000] {dag.py:3239} INFO - Sync 1 DAGs
[2026-05-31T10:54:25.325+0000] {logging_mixin.py:190} INFO - [2026-05-31T10:54:25.325+0000] {dag.py:4180} INFO - Setting next_dagrun for hello_airflow to 2026-05-31 10:53:00+00:00, run_after=2026-05-31 10:54:00+00:00
[2026-05-31T10:54:25.340+0000] {processor.py:208} INFO - Processing /opt/airflow/dags/hello_airflow.py took 0.073 seconds
[2026-05-31T10:54:55.519+0000] {processor.py:186} INFO - Started process (PID=18865) to work on /opt/airflow/dags/hello_airflow.py
[2026-05-31T10:54:55.520+0000] {processor.py:914} INFO - Processing file /opt/airflow/dags/hello_airflow.py for tasks to queue
[2026-05-31T10:54:55.522+0000] {logging_mixin.py:190} INFO - [2026-05-31T10:54:55.522+0000] {dagbag.py:588} INFO - Filling up the DagBag from /opt/airflow/dags/hello_airflow.py
[2026-05-31T10:54:55.530+0000] {processor.py:925} INFO - DAG(s) 'hello_airflow' retrieved from /opt/airflow/dags/hello_airflow.py
[2026-05-31T10:54:55.547+0000] {logging_mixin.py:190} INFO - [2026-05-31T10:54:55.547+0000] {dag.py:3239} INFO - Sync 1 DAGs
[2026-05-31T10:54:55.569+0000] {logging_mixin.py:190} INFO - [2026-05-31T10:54:55.568+0000] {dag.py:4180} INFO - Setting next_dagrun for hello_airflow to 2026-05-31 10:53:00+00:00, run_after=2026-05-31 10:54:00+00:00
[2026-05-31T10:54:55.583+0000] {processor.py:208} INFO - Processing /opt/airflow/dags/hello_airflow.py took 0.070 seconds
[2026-05-31T10:55:26.441+0000] {processor.py:186} INFO - Started process (PID=18890) to work on /opt/airflow/dags/hello_airflow.py
[2026-05-31T10:55:26.443+0000] {processor.py:914} INFO - Processing file /opt/airflow/dags/hello_airflow.py for tasks to queue
[2026-05-31T10:55:26.446+0000] {logging_mixin.py:190} INFO - [2026-05-31T10:55:26.445+0000] {dagbag.py:588} INFO - Filling up the DagBag from /opt/airflow/dags/hello_airflow.py
[2026-05-31T10:55:26.455+0000] {processor.py:925} INFO - DAG(s) 'hello_airflow' retrieved from /opt/airflow/dags/hello_airflow.py
[2026-05-31T10:55:26.475+0000] {logging_mixin.py:190} INFO - [2026-05-31T10:55:26.473+0000] {dag.py:3239} INFO - Sync 1 DAGs
[2026-05-31T10:55:26.525+0000] {logging_mixin.py:190} INFO - [2026-05-31T10:55:26.525+0000] {dag.py:4180} INFO - Setting next_dagrun for hello_airflow to 2026-05-31 10:54:00+00:00, run_after=2026-05-31 10:55:00+00:00
[2026-05-31T10:55:26.540+0000] {processor.py:208} INFO - Processing /opt/airflow/dags/hello_airflow.py took 0.104 seconds
[2026-05-31T10:55:57.535+0000] {processor.py:186} INFO - Started process (PID=18910) to work on /opt/airflow/dags/hello_airflow.py
[2026-05-31T10:55:57.538+0000] {processor.py:914} INFO - Processing file /opt/airflow/dags/hello_airflow.py for tasks to queue
[2026-05-31T10:55:57.541+0000] {logging_mixin.py:190} INFO - [2026-05-31T10:55:57.541+0000] {dagbag.py:588} INFO - Filling up the DagBag from /opt/airflow/dags/hello_airflow.py
[2026-05-31T10:55:57.550+0000] {processor.py:925} INFO - DAG(s) 'hello_airflow' retrieved from /opt/airflow/dags/hello_airflow.py
[2026-05-31T10:55:57.572+0000] {logging_mixin.py:190} INFO - [2026-05-31T10:55:57.572+0000] {dag.py:3239} INFO - Sync 1 DAGs
[2026-05-31T10:55:57.598+0000] {logging_mixin.py:190} INFO - [2026-05-31T10:55:57.598+0000] {dag.py:4180} INFO - Setting next_dagrun for hello_airflow to 2026-05-31 10:54:00+00:00, run_after=2026-05-31 10:55:00+00:00
[2026-05-31T10:55:57.618+0000] {processor.py:208} INFO - Processing /opt/airflow/dags/hello_airflow.py took 0.091 seconds
[2026-05-31T10:56:27.756+0000] {processor.py:186} INFO - Started process (PID=18934) to work on /opt/airflow/dags/hello_airflow.py
[2026-05-31T10:56:27.757+0000] {processor.py:914} INFO - Processing file /opt/airflow/dags/hello_airflow.py for tasks to queue
[2026-05-31T10:56:27.760+0000] {logging_mixin.py:190} INFO - [2026-05-31T10:56:27.760+0000] {dagbag.py:588} INFO - Filling up the DagBag from /opt/airflow/dags/hello_airflow.py
[2026-05-31T10:56:27.773+0000] {processor.py:925} INFO - DAG(s) 'hello_airflow' retrieved from /opt/airflow/dags/hello_airflow.py
[2026-05-31T10:56:27.796+0000] {logging_mixin.py:190} INFO - [2026-05-31T10:56:27.796+0000] {dag.py:3239} INFO - Sync 1 DAGs
[2026-05-31T10:56:27.823+0000] {logging_mixin.py:190} INFO - [2026-05-31T10:56:27.823+0000] {dag.py:4180} INFO - Setting next_dagrun for hello_airflow to 2026-05-31 10:55:00+00:00, run_after=2026-05-31 10:56:00+00:00
[2026-05-31T10:56:27.840+0000] {processor.py:208} INFO - Processing /opt/airflow/dags/hello_airflow.py took 0.091 seconds
[2026-05-31T10:56:57.959+0000] {processor.py:186} INFO - Started process (PID=18959) to work on /opt/airflow/dags/hello_airflow.py
[2026-05-31T10:56:57.960+0000] {processor.py:914} INFO - Processing file /opt/airflow/dags/hello_airflow.py for tasks to queue
[2026-05-31T10:56:57.962+0000] {logging_mixin.py:190} INFO - [2026-05-31T10:56:57.962+0000] {dagbag.py:588} INFO - Filling up the DagBag from /opt/airflow/dags/hello_airflow.py
[2026-05-31T10:56:57.972+0000] {processor.py:925} INFO - DAG(s) 'hello_airflow' retrieved from /opt/airflow/dags/hello_airflow.py
[2026-05-31T10:56:57.991+0000] {logging_mixin.py:190} INFO - [2026-05-31T10:56:57.991+0000] {dag.py:3239} INFO - Sync 1 DAGs
[2026-05-31T10:56:58.014+0000] {logging_mixin.py:190} INFO - [2026-05-31T10:56:58.014+0000] {dag.py:4180} INFO - Setting next_dagrun for hello_airflow to 2026-05-31 10:55:00+00:00, run_after=2026-05-31 10:56:00+00:00
[2026-05-31T10:56:58.029+0000] {processor.py:208} INFO - Processing /opt/airflow/dags/hello_airflow.py took 0.076 seconds
[2026-05-31T10:57:28.117+0000] {processor.py:186} INFO - Started process (PID=18983) to work on /opt/airflow/dags/hello_airflow.py
[2026-05-31T10:57:28.121+0000] {processor.py:914} INFO - Processing file /opt/airflow/dags/hello_airflow.py for tasks to queue
[2026-05-31T10:57:28.125+0000] {logging_mixin.py:190} INFO - [2026-05-31T10:57:28.124+0000] {dagbag.py:588} INFO - Filling up the DagBag from /opt/airflow/dags/hello_airflow.py
[2026-05-31T10:57:28.148+0000] {processor.py:925} INFO - DAG(s) 'hello_airflow' retrieved from /opt/airflow/dags/hello_airflow.py
[2026-05-31T10:57:28.173+0000] {logging_mixin.py:190} INFO - [2026-05-31T10:57:28.173+0000] {dag.py:3239} INFO - Sync 1 DAGs
[2026-05-31T10:57:28.199+0000] {logging_mixin.py:190} INFO - [2026-05-31T10:57:28.198+0000] {dag.py:4180} INFO - Setting next_dagrun for hello_airflow to 2026-05-31 10:56:00+00:00, run_after=2026-05-31 10:57:00+00:00
[2026-05-31T10:57:28.219+0000] {processor.py:208} INFO - Processing /opt/airflow/dags/hello_airflow.py took 0.107 seconds
[2026-05-31T10:57:59.109+0000] {processor.py:186} INFO - Started process (PID=19007) to work on /opt/airflow/dags/hello_airflow.py
[2026-05-31T10:57:59.110+0000] {processor.py:914} INFO - Processing file /opt/airflow/dags/hello_airflow.py for tasks to queue
[2026-05-31T10:57:59.112+0000] {logging_mixin.py:190} INFO - [2026-05-31T10:57:59.112+0000] {dagbag.py:588} INFO - Filling up the DagBag from /opt/airflow/dags/hello_airflow.py
[2026-05-31T10:57:59.120+0000] {processor.py:925} INFO - DAG(s) 'hello_airflow' retrieved from /opt/airflow/dags/hello_airflow.py
[2026-05-31T10:57:59.141+0000] {logging_mixin.py:190} INFO - [2026-05-31T10:57:59.140+0000] {dag.py:3239} INFO - Sync 1 DAGs
[2026-05-31T10:57:59.163+0000] {logging_mixin.py:190} INFO - [2026-05-31T10:57:59.163+0000] {dag.py:4180} INFO - Setting next_dagrun for hello_airflow to 2026-05-31 10:56:00+00:00, run_after=2026-05-31 10:57:00+00:00
[2026-05-31T10:57:59.177+0000] {processor.py:208} INFO - Processing /opt/airflow/dags/hello_airflow.py took 0.073 seconds
[2026-05-31T10:58:30.090+0000] {processor.py:186} INFO - Started process (PID=19032) to work on /opt/airflow/dags/hello_airflow.py
[2026-05-31T10:58:30.090+0000] {processor.py:914} INFO - Processing file /opt/airflow/dags/hello_airflow.py for tasks to queue
[2026-05-31T10:58:30.092+0000] {logging_mixin.py:190} INFO - [2026-05-31T10:58:30.092+0000] {dagbag.py:588} INFO - Filling up the DagBag from /opt/airflow/dags/hello_airflow.py
[2026-05-31T10:58:30.100+0000] {processor.py:925} INFO - DAG(s) 'hello_airflow' retrieved from /opt/airflow/dags/hello_airflow.py
[2026-05-31T10:58:30.121+0000] {logging_mixin.py:190} INFO - [2026-05-31T10:58:30.121+0000] {dag.py:3239} INFO - Sync 1 DAGs
[2026-05-31T10:58:30.142+0000] {logging_mixin.py:190} INFO - [2026-05-31T10:58:30.141+0000] {dag.py:4180} INFO - Setting next_dagrun for hello_airflow to 2026-05-31 10:57:00+00:00, run_after=2026-05-31 10:58:00+00:00
[2026-05-31T10:58:30.157+0000] {processor.py:208} INFO - Processing /opt/airflow/dags/hello_airflow.py took 0.072 seconds
[2026-05-31T10:59:00.875+0000] {processor.py:186} INFO - Started process (PID=19062) to work on /opt/airflow/dags/hello_airflow.py
[2026-05-31T10:59:00.876+0000] {processor.py:914} INFO - Processing file /opt/airflow/dags/hello_airflow.py for tasks to queue
[2026-05-31T10:59:00.879+0000] {logging_mixin.py:190} INFO - [2026-05-31T10:59:00.878+0000] {dagbag.py:588} INFO - Filling up the DagBag from /opt/airflow/dags/hello_airflow.py
[2026-05-31T10:59:00.887+0000] {processor.py:925} INFO - DAG(s) 'hello_airflow' retrieved from /opt/airflow/dags/hello_airflow.py
[2026-05-31T10:59:00.912+0000] {logging_mixin.py:190} INFO - [2026-05-31T10:59:00.911+0000] {dag.py:3239} INFO - Sync 1 DAGs
[2026-05-31T10:59:00.938+0000] {logging_mixin.py:190} INFO - [2026-05-31T10:59:00.937+0000] {dag.py:4180} INFO - Setting next_dagrun for hello_airflow to 2026-05-31 10:58:00+00:00, run_after=2026-05-31 10:59:00+00:00
[2026-05-31T10:59:00.956+0000] {processor.py:208} INFO - Processing /opt/airflow/dags/hello_airflow.py took 0.087 seconds
[2026-05-31T10:59:31.788+0000] {processor.py:186} INFO - Started process (PID=19086) to work on /opt/airflow/dags/hello_airflow.py
[2026-05-31T10:59:31.789+0000] {processor.py:914} INFO - Processing file /opt/airflow/dags/hello_airflow.py for tasks to queue
[2026-05-31T10:59:31.792+0000] {logging_mixin.py:190} INFO - [2026-05-31T10:59:31.791+0000] {dagbag.py:588} INFO - Filling up the DagBag from /opt/airflow/dags/hello_airflow.py
[2026-05-31T10:59:31.802+0000] {processor.py:925} INFO - DAG(s) 'hello_airflow' retrieved from /opt/airflow/dags/hello_airflow.py
[2026-05-31T10:59:31.823+0000] {logging_mixin.py:190} INFO - [2026-05-31T10:59:31.823+0000] {dag.py:3239} INFO - Sync 1 DAGs
[2026-05-31T10:59:31.845+0000] {logging_mixin.py:190} INFO - [2026-05-31T10:59:31.845+0000] {dag.py:4180} INFO - Setting next_dagrun for hello_airflow to 2026-05-31 10:58:00+00:00, run_after=2026-05-31 10:59:00+00:00
[2026-05-31T10:59:31.863+0000] {processor.py:208} INFO - Processing /opt/airflow/dags/hello_airflow.py took 0.082 seconds
[2026-05-31T11:00:02.017+0000] {processor.py:186} INFO - Started process (PID=19116) to work on /opt/airflow/dags/hello_airflow.py
[2026-05-31T11:00:02.018+0000] {processor.py:914} INFO - Processing file /opt/airflow/dags/hello_airflow.py for tasks to queue
[2026-05-31T11:00:02.020+0000] {logging_mixin.py:190} INFO - [2026-05-31T11:00:02.020+0000] {dagbag.py:588} INFO - Filling up the DagBag from /opt/airflow/dags/hello_airflow.py
[2026-05-31T11:00:02.033+0000] {processor.py:925} INFO - DAG(s) 'hello_airflow' retrieved from /opt/airflow/dags/hello_airflow.py
[2026-05-31T11:00:02.056+0000] {logging_mixin.py:190} INFO - [2026-05-31T11:00:02.056+0000] {dag.py:3239} INFO - Sync 1 DAGs
[2026-05-31T11:00:02.081+0000] {logging_mixin.py:190} INFO - [2026-05-31T11:00:02.081+0000] {dag.py:4180} INFO - Setting next_dagrun for hello_airflow to 2026-05-31 10:59:00+00:00, run_after=2026-05-31 11:00:00+00:00
[2026-05-31T11:00:02.094+0000] {processor.py:208} INFO - Processing /opt/airflow/dags/hello_airflow.py took 0.087 seconds
[2026-05-31T11:00:32.306+0000] {processor.py:186} INFO - Started process (PID=19141) to work on /opt/airflow/dags/hello_airflow.py
[2026-05-31T11:00:32.307+0000] {processor.py:914} INFO - Processing file /opt/airflow/dags/hello_airflow.py for tasks to queue
[2026-05-31T11:00:32.309+0000] {logging_mixin.py:190} INFO - [2026-05-31T11:00:32.309+0000] {dagbag.py:588} INFO - Filling up the DagBag from /opt/airflow/dags/hello_airflow.py
[2026-05-31T11:00:32.319+0000] {processor.py:925} INFO - DAG(s) 'hello_airflow' retrieved from /opt/airflow/dags/hello_airflow.py
[2026-05-31T11:00:32.376+0000] {logging_mixin.py:190} INFO - [2026-05-31T11:00:32.376+0000] {dag.py:3239} INFO - Sync 1 DAGs
[2026-05-31T11:00:32.401+0000] {logging_mixin.py:190} INFO - [2026-05-31T11:00:32.400+0000] {dag.py:4180} INFO - Setting next_dagrun for hello_airflow to 2026-05-31 10:59:00+00:00, run_after=2026-05-31 11:00:00+00:00
[2026-05-31T11:00:32.414+0000] {processor.py:208} INFO - Processing /opt/airflow/dags/hello_airflow.py took 0.114 seconds
[2026-05-31T11:01:02.469+0000] {processor.py:186} INFO - Started process (PID=19165) to work on /opt/airflow/dags/hello_airflow.py
[2026-05-31T11:01:02.470+0000] {processor.py:914} INFO - Processing file /opt/airflow/dags/hello_airflow.py for tasks to queue
[2026-05-31T11:01:02.472+0000] {logging_mixin.py:190} INFO - [2026-05-31T11:01:02.472+0000] {dagbag.py:588} INFO - Filling up the DagBag from /opt/airflow/dags/hello_airflow.py
[2026-05-31T11:01:02.481+0000] {processor.py:925} INFO - DAG(s) 'hello_airflow' retrieved from /opt/airflow/dags/hello_airflow.py
[2026-05-31T11:01:02.504+0000] {logging_mixin.py:190} INFO - [2026-05-31T11:01:02.504+0000] {dag.py:3239} INFO - Sync 1 DAGs
[2026-05-31T11:01:02.526+0000] {logging_mixin.py:190} INFO - [2026-05-31T11:01:02.526+0000] {dag.py:4180} INFO - Setting next_dagrun for hello_airflow to 2026-05-31 11:00:00+00:00, run_after=2026-05-31 11:01:00+00:00
[2026-05-31T11:01:02.538+0000] {processor.py:208} INFO - Processing /opt/airflow/dags/hello_airflow.py took 0.074 seconds
[2026-05-31T11:01:32.562+0000] {processor.py:186} INFO - Started process (PID=19189) to work on /opt/airflow/dags/hello_airflow.py
[2026-05-31T11:01:32.563+0000] {processor.py:914} INFO - Processing file /opt/airflow/dags/hello_airflow.py for tasks to queue
[2026-05-31T11:01:32.565+0000] {logging_mixin.py:190} INFO - [2026-05-31T11:01:32.565+0000] {dagbag.py:588} INFO - Filling up the DagBag from /opt/airflow/dags/hello_airflow.py
[2026-05-31T11:01:32.577+0000] {processor.py:925} INFO - DAG(s) 'hello_airflow' retrieved from /opt/airflow/dags/hello_airflow.py
[2026-05-31T11:01:32.598+0000] {logging_mixin.py:190} INFO - [2026-05-31T11:01:32.598+0000] {dag.py:3239} INFO - Sync 1 DAGs
[2026-05-31T11:01:32.621+0000] {logging_mixin.py:190} INFO - [2026-05-31T11:01:32.621+0000] {dag.py:4180} INFO - Setting next_dagrun for hello_airflow to 2026-05-31 11:00:00+00:00, run_after=2026-05-31 11:01:00+00:00
[2026-05-31T11:01:32.636+0000] {processor.py:208} INFO - Processing /opt/airflow/dags/hello_airflow.py took 0.078 seconds
[2026-05-31T11:02:02.694+0000] {processor.py:186} INFO - Started process (PID=19211) to work on /opt/airflow/dags/hello_airflow.py
[2026-05-31T11:02:02.695+0000] {processor.py:914} INFO - Processing file /opt/airflow/dags/hello_airflow.py for tasks to queue
[2026-05-31T11:02:02.697+0000] {logging_mixin.py:190} INFO - [2026-05-31T11:02:02.697+0000] {dagbag.py:588} INFO - Filling up the DagBag from /opt/airflow/dags/hello_airflow.py
[2026-05-31T11:02:02.705+0000] {processor.py:925} INFO - DAG(s) 'hello_airflow' retrieved from /opt/airflow/dags/hello_airflow.py
[2026-05-31T11:02:02.724+0000] {logging_mixin.py:190} INFO - [2026-05-31T11:02:02.723+0000] {dag.py:3239} INFO - Sync 1 DAGs
[2026-05-31T11:02:02.745+0000] {logging_mixin.py:190} INFO - [2026-05-31T11:02:02.745+0000] {dag.py:4180} INFO - Setting next_dagrun for hello_airflow to 2026-05-31 11:01:00+00:00, run_after=2026-05-31 11:02:00+00:00
[2026-05-31T11:02:02.762+0000] {processor.py:208} INFO - Processing /opt/airflow/dags/hello_airflow.py took 0.073 seconds
[2026-05-31T11:02:33.151+0000] {processor.py:186} INFO - Started process (PID=19231) to work on /opt/airflow/dags/hello_airflow.py
[2026-05-31T11:02:33.153+0000] {processor.py:914} INFO - Processing file /opt/airflow/dags/hello_airflow.py for tasks to queue
[2026-05-31T11:02:33.157+0000] {logging_mixin.py:190} INFO - [2026-05-31T11:02:33.156+0000] {dagbag.py:588} INFO - Filling up the DagBag from /opt/airflow/dags/hello_airflow.py
[2026-05-31T11:02:33.166+0000] {processor.py:925} INFO - DAG(s) 'hello_airflow' retrieved from /opt/airflow/dags/hello_airflow.py
[2026-05-31T11:02:33.186+0000] {logging_mixin.py:190} INFO - [2026-05-31T11:02:33.186+0000] {dag.py:3239} INFO - Sync 1 DAGs
[2026-05-31T11:02:33.209+0000] {logging_mixin.py:190} INFO - [2026-05-31T11:02:33.209+0000] {dag.py:4180} INFO - Setting next_dagrun for hello_airflow to 2026-05-31 11:01:00+00:00, run_after=2026-05-31 11:02:00+00:00
[2026-05-31T11:02:33.231+0000] {processor.py:208} INFO - Processing /opt/airflow/dags/hello_airflow.py took 0.089 seconds
[2026-05-31T11:03:03.598+0000] {processor.py:186} INFO - Started process (PID=19255) to work on /opt/airflow/dags/hello_airflow.py
[2026-05-31T11:03:03.599+0000] {processor.py:914} INFO - Processing file /opt/airflow/dags/hello_airflow.py for tasks to queue
[2026-05-31T11:03:03.602+0000] {logging_mixin.py:190} INFO - [2026-05-31T11:03:03.601+0000] {dagbag.py:588} INFO - Filling up the DagBag from /opt/airflow/dags/hello_airflow.py
[2026-05-31T11:03:03.609+0000] {processor.py:925} INFO - DAG(s) 'hello_airflow' retrieved from /opt/airflow/dags/hello_airflow.py
[2026-05-31T11:03:03.630+0000] {logging_mixin.py:190} INFO - [2026-05-31T11:03:03.629+0000] {dag.py:3239} INFO - Sync 1 DAGs
[2026-05-31T11:03:03.652+0000] {logging_mixin.py:190} INFO - [2026-05-31T11:03:03.652+0000] {dag.py:4180} INFO - Setting next_dagrun for hello_airflow to 2026-05-31 11:02:00+00:00, run_after=2026-05-31 11:03:00+00:00
[2026-05-31T11:03:03.668+0000] {processor.py:208} INFO - Processing /opt/airflow/dags/hello_airflow.py took 0.075 seconds
[2026-05-31T11:03:34.081+0000] {processor.py:186} INFO - Started process (PID=19279) to work on /opt/airflow/dags/hello_airflow.py
[2026-05-31T11:03:34.083+0000] {processor.py:914} INFO - Processing file /opt/airflow/dags/hello_airflow.py for tasks to queue
[2026-05-31T11:03:34.085+0000] {logging_mixin.py:190} INFO - [2026-05-31T11:03:34.085+0000] {dagbag.py:588} INFO - Filling up the DagBag from /opt/airflow/dags/hello_airflow.py
[2026-05-31T11:03:34.093+0000] {processor.py:925} INFO - DAG(s) 'hello_airflow' retrieved from /opt/airflow/dags/hello_airflow.py
[2026-05-31T11:03:34.113+0000] {logging_mixin.py:190} INFO - [2026-05-31T11:03:34.112+0000] {dag.py:3239} INFO - Sync 1 DAGs
[2026-05-31T11:03:34.135+0000] {logging_mixin.py:190} INFO - [2026-05-31T11:03:34.135+0000] {dag.py:4180} INFO - Setting next_dagrun for hello_airflow to 2026-05-31 11:02:00+00:00, run_after=2026-05-31 11:03:00+00:00
[2026-05-31T11:03:34.149+0000] {processor.py:208} INFO - Processing /opt/airflow/dags/hello_airflow.py took 0.075 seconds
[2026-05-31T11:04:04.332+0000] {processor.py:186} INFO - Started process (PID=19304) to work on /opt/airflow/dags/hello_airflow.py
[2026-05-31T11:04:04.333+0000] {processor.py:914} INFO - Processing file /opt/airflow/dags/hello_airflow.py for tasks to queue
[2026-05-31T11:04:04.336+0000] {logging_mixin.py:190} INFO - [2026-05-31T11:04:04.335+0000] {dagbag.py:588} INFO - Filling up the DagBag from /opt/airflow/dags/hello_airflow.py
[2026-05-31T11:04:04.344+0000] {processor.py:925} INFO - DAG(s) 'hello_airflow' retrieved from /opt/airflow/dags/hello_airflow.py
[2026-05-31T11:04:04.362+0000] {logging_mixin.py:190} INFO - [2026-05-31T11:04:04.362+0000] {dag.py:3239} INFO - Sync 1 DAGs
[2026-05-31T11:04:04.384+0000] {logging_mixin.py:190} INFO - [2026-05-31T11:04:04.384+0000] {dag.py:4180} INFO - Setting next_dagrun for hello_airflow to 2026-05-31 11:03:00+00:00, run_after=2026-05-31 11:04:00+00:00
[2026-05-31T11:04:04.397+0000] {processor.py:208} INFO - Processing /opt/airflow/dags/hello_airflow.py took 0.070 seconds
[2026-05-31T11:04:35.084+0000] {processor.py:186} INFO - Started process (PID=19351) to work on /opt/airflow/dags/hello_airflow.py
[2026-05-31T11:04:35.085+0000] {processor.py:914} INFO - Processing file /opt/airflow/dags/hello_airflow.py for tasks to queue
[2026-05-31T11:04:35.091+0000] {logging_mixin.py:190} INFO - [2026-05-31T11:04:35.091+0000] {dagbag.py:588} INFO - Filling up the DagBag from /opt/airflow/dags/hello_airflow.py
[2026-05-31T11:04:35.100+0000] {processor.py:925} INFO - DAG(s) 'hello_airflow' retrieved from /opt/airflow/dags/hello_airflow.py
[2026-05-31T11:04:35.127+0000] {logging_mixin.py:190} INFO - [2026-05-31T11:04:35.127+0000] {dag.py:3239} INFO - Sync 1 DAGs
[2026-05-31T11:04:35.151+0000] {logging_mixin.py:190} INFO - [2026-05-31T11:04:35.151+0000] {dag.py:4180} INFO - Setting next_dagrun for hello_airflow to 2026-05-31 11:03:00+00:00, run_after=2026-05-31 11:04:00+00:00
[2026-05-31T11:04:35.164+0000] {processor.py:208} INFO - Processing /opt/airflow/dags/hello_airflow.py took 0.087 seconds
[2026-05-31T11:05:05.191+0000] {processor.py:186} INFO - Started process (PID=19374) to work on /opt/airflow/dags/hello_airflow.py
[2026-05-31T11:05:05.191+0000] {processor.py:914} INFO - Processing file /opt/airflow/dags/hello_airflow.py for tasks to queue
[2026-05-31T11:05:05.193+0000] {logging_mixin.py:190} INFO - [2026-05-31T11:05:05.193+0000] {dagbag.py:588} INFO - Filling up the DagBag from /opt/airflow/dags/hello_airflow.py
[2026-05-31T11:05:05.201+0000] {processor.py:925} INFO - DAG(s) 'hello_airflow' retrieved from /opt/airflow/dags/hello_airflow.py
[2026-05-31T11:05:05.222+0000] {logging_mixin.py:190} INFO - [2026-05-31T11:05:05.222+0000] {dag.py:3239} INFO - Sync 1 DAGs
[2026-05-31T11:05:05.244+0000] {logging_mixin.py:190} INFO - [2026-05-31T11:05:05.244+0000] {dag.py:4180} INFO - Setting next_dagrun for hello_airflow to 2026-05-31 11:04:00+00:00, run_after=2026-05-31 11:05:00+00:00
[2026-05-31T11:05:05.259+0000] {processor.py:208} INFO - Processing /opt/airflow/dags/hello_airflow.py took 0.074 seconds
[2026-05-31T11:05:35.297+0000] {processor.py:186} INFO - Started process (PID=19398) to work on /opt/airflow/dags/hello_airflow.py
[2026-05-31T11:05:35.301+0000] {processor.py:914} INFO - Processing file /opt/airflow/dags/hello_airflow.py for tasks to queue
[2026-05-31T11:05:35.305+0000] {logging_mixin.py:190} INFO - [2026-05-31T11:05:35.305+0000] {dagbag.py:588} INFO - Filling up the DagBag from /opt/airflow/dags/hello_airflow.py
[2026-05-31T11:05:35.331+0000] {processor.py:925} INFO - DAG(s) 'hello_airflow' retrieved from /opt/airflow/dags/hello_airflow.py
[2026-05-31T11:05:35.372+0000] {logging_mixin.py:190} INFO - [2026-05-31T11:05:35.371+0000] {dag.py:3239} INFO - Sync 1 DAGs
[2026-05-31T11:05:35.394+0000] {logging_mixin.py:190} INFO - [2026-05-31T11:05:35.394+0000] {dag.py:4180} INFO - Setting next_dagrun for hello_airflow to 2026-05-31 11:04:00+00:00, run_after=2026-05-31 11:05:00+00:00
[2026-05-31T11:05:35.420+0000] {processor.py:208} INFO - Processing /opt/airflow/dags/hello_airflow.py took 0.138 seconds
[2026-05-31T11:06:05.648+0000] {processor.py:186} INFO - Started process (PID=19422) to work on /opt/airflow/dags/hello_airflow.py
[2026-05-31T11:06:05.649+0000] {processor.py:914} INFO - Processing file /opt/airflow/dags/hello_airflow.py for tasks to queue
[2026-05-31T11:06:05.652+0000] {logging_mixin.py:190} INFO - [2026-05-31T11:06:05.651+0000] {dagbag.py:588} INFO - Filling up the DagBag from /opt/airflow/dags/hello_airflow.py
[2026-05-31T11:06:05.671+0000] {processor.py:925} INFO - DAG(s) 'hello_airflow' retrieved from /opt/airflow/dags/hello_airflow.py
[2026-05-31T11:06:05.749+0000] {logging_mixin.py:190} INFO - [2026-05-31T11:06:05.747+0000] {dag.py:3239} INFO - Sync 1 DAGs
[2026-05-31T11:06:05.793+0000] {logging_mixin.py:190} INFO - [2026-05-31T11:06:05.793+0000] {dag.py:4180} INFO - Setting next_dagrun for hello_airflow to 2026-05-31 11:05:00+00:00, run_after=2026-05-31 11:06:00+00:00
[2026-05-31T11:06:05.851+0000] {processor.py:208} INFO - Processing /opt/airflow/dags/hello_airflow.py took 0.218 seconds
[2026-05-31T11:06:36.159+0000] {processor.py:186} INFO - Started process (PID=19446) to work on /opt/airflow/dags/hello_airflow.py
[2026-05-31T11:06:36.161+0000] {processor.py:914} INFO - Processing file /opt/airflow/dags/hello_airflow.py for tasks to queue
[2026-05-31T11:06:36.163+0000] {logging_mixin.py:190} INFO - [2026-05-31T11:06:36.163+0000] {dagbag.py:588} INFO - Filling up the DagBag from /opt/airflow/dags/hello_airflow.py
[2026-05-31T11:06:36.181+0000] {processor.py:925} INFO - DAG(s) 'hello_airflow' retrieved from /opt/airflow/dags/hello_airflow.py
[2026-05-31T11:06:36.198+0000] {logging_mixin.py:190} INFO - [2026-05-31T11:06:36.198+0000] {dag.py:3239} INFO - Sync 1 DAGs
[2026-05-31T11:06:36.231+0000] {logging_mixin.py:190} INFO - [2026-05-31T11:06:36.231+0000] {dag.py:4180} INFO - Setting next_dagrun for hello_airflow to 2026-05-31 11:05:00+00:00, run_after=2026-05-31 11:06:00+00:00
[2026-05-31T11:06:36.245+0000] {processor.py:208} INFO - Processing /opt/airflow/dags/hello_airflow.py took 0.099 seconds
[2026-05-31T11:07:06.367+0000] {processor.py:186} INFO - Started process (PID=19472) to work on /opt/airflow/dags/hello_airflow.py
[2026-05-31T11:07:06.368+0000] {processor.py:914} INFO - Processing file /opt/airflow/dags/hello_airflow.py for tasks to queue
[2026-05-31T11:07:06.370+0000] {logging_mixin.py:190} INFO - [2026-05-31T11:07:06.370+0000] {dagbag.py:588} INFO - Filling up the DagBag from /opt/airflow/dags/hello_airflow.py
[2026-05-31T11:07:06.388+0000] {processor.py:925} INFO - DAG(s) 'hello_airflow' retrieved from /opt/airflow/dags/hello_airflow.py
[2026-05-31T11:07:06.481+0000] {logging_mixin.py:190} INFO - [2026-05-31T11:07:06.478+0000] {dag.py:3239} INFO - Sync 1 DAGs
[2026-05-31T11:07:06.517+0000] {logging_mixin.py:190} INFO - [2026-05-31T11:07:06.517+0000] {dag.py:4180} INFO - Setting next_dagrun for hello_airflow to 2026-05-31 11:06:00+00:00, run_after=2026-05-31 11:07:00+00:00
[2026-05-31T11:07:06.537+0000] {processor.py:208} INFO - Processing /opt/airflow/dags/hello_airflow.py took 0.178 seconds
[2026-05-31T11:07:38.708+0000] {processor.py:186} INFO - Started process (PID=19496) to work on /opt/airflow/dags/hello_airflow.py
[2026-05-31T11:07:38.711+0000] {processor.py:914} INFO - Processing file /opt/airflow/dags/hello_airflow.py for tasks to queue
[2026-05-31T11:07:38.714+0000] {logging_mixin.py:190} INFO - [2026-05-31T11:07:38.714+0000] {dagbag.py:588} INFO - Filling up the DagBag from /opt/airflow/dags/hello_airflow.py
[2026-05-31T11:07:38.734+0000] {processor.py:925} INFO - DAG(s) 'hello_airflow' retrieved from /opt/airflow/dags/hello_airflow.py
[2026-05-31T11:07:38.812+0000] {logging_mixin.py:190} INFO - [2026-05-31T11:07:38.812+0000] {dag.py:3239} INFO - Sync 1 DAGs
[2026-05-31T11:07:38.855+0000] {logging_mixin.py:190} INFO - [2026-05-31T11:07:38.855+0000] {dag.py:4180} INFO - Setting next_dagrun for hello_airflow to 2026-05-31 11:06:00+00:00, run_after=2026-05-31 11:07:00+00:00
[2026-05-31T11:07:38.876+0000] {processor.py:208} INFO - Processing /opt/airflow/dags/hello_airflow.py took 0.242 seconds
[2026-05-31T11:08:11.979+0000] {processor.py:186} INFO - Started process (PID=19526) to work on /opt/airflow/dags/hello_airflow.py
[2026-05-31T11:08:11.990+0000] {processor.py:914} INFO - Processing file /opt/airflow/dags/hello_airflow.py for tasks to queue
[2026-05-31T11:08:11.994+0000] {logging_mixin.py:190} INFO - [2026-05-31T11:08:11.994+0000] {dagbag.py:588} INFO - Filling up the DagBag from /opt/airflow/dags/hello_airflow.py
[2026-05-31T11:08:12.013+0000] {processor.py:925} INFO - DAG(s) 'hello_airflow' retrieved from /opt/airflow/dags/hello_airflow.py
[2026-05-31T11:08:12.069+0000] {logging_mixin.py:190} INFO - [2026-05-31T11:08:12.069+0000] {dag.py:3239} INFO - Sync 1 DAGs
[2026-05-31T11:08:12.133+0000] {logging_mixin.py:190} INFO - [2026-05-31T11:08:12.132+0000] {dag.py:4180} INFO - Setting next_dagrun for hello_airflow to 2026-05-31 11:07:00+00:00, run_after=2026-05-31 11:08:00+00:00
[2026-05-31T11:08:12.180+0000] {processor.py:208} INFO - Processing /opt/airflow/dags/hello_airflow.py took 0.214 seconds
[2026-05-31T11:08:42.653+0000] {processor.py:186} INFO - Started process (PID=19543) to work on /opt/airflow/dags/hello_airflow.py
[2026-05-31T11:08:42.656+0000] {processor.py:914} INFO - Processing file /opt/airflow/dags/hello_airflow.py for tasks to queue
[2026-05-31T11:08:42.662+0000] {logging_mixin.py:190} INFO - [2026-05-31T11:08:42.661+0000] {dagbag.py:588} INFO - Filling up the DagBag from /opt/airflow/dags/hello_airflow.py
[2026-05-31T11:08:42.714+0000] {processor.py:925} INFO - DAG(s) 'hello_airflow' retrieved from /opt/airflow/dags/hello_airflow.py
[2026-05-31T11:08:42.811+0000] {logging_mixin.py:190} INFO - [2026-05-31T11:08:42.810+0000] {dag.py:3239} INFO - Sync 1 DAGs
[2026-05-31T11:08:42.958+0000] {logging_mixin.py:190} INFO - [2026-05-31T11:08:42.958+0000] {dag.py:4180} INFO - Setting next_dagrun for hello_airflow to 2026-05-31 11:07:00+00:00, run_after=2026-05-31 11:08:00+00:00
[2026-05-31T11:08:42.995+0000] {processor.py:208} INFO - Processing /opt/airflow/dags/hello_airflow.py took 0.359 seconds
[2026-05-31T11:09:13.128+0000] {processor.py:186} INFO - Started process (PID=19569) to work on /opt/airflow/dags/hello_airflow.py
[2026-05-31T11:09:13.129+0000] {processor.py:914} INFO - Processing file /opt/airflow/dags/hello_airflow.py for tasks to queue
[2026-05-31T11:09:13.132+0000] {logging_mixin.py:190} INFO - [2026-05-31T11:09:13.131+0000] {dagbag.py:588} INFO - Filling up the DagBag from /opt/airflow/dags/hello_airflow.py
[2026-05-31T11:09:13.145+0000] {processor.py:925} INFO - DAG(s) 'hello_airflow' retrieved from /opt/airflow/dags/hello_airflow.py
[2026-05-31T11:09:13.174+0000] {logging_mixin.py:190} INFO - [2026-05-31T11:09:13.174+0000] {dag.py:3239} INFO - Sync 1 DAGs
[2026-05-31T11:09:13.199+0000] {logging_mixin.py:190} INFO - [2026-05-31T11:09:13.199+0000] {dag.py:4180} INFO - Setting next_dagrun for hello_airflow to 2026-05-31 11:08:00+00:00, run_after=2026-05-31 11:09:00+00:00
[2026-05-31T11:09:13.216+0000] {processor.py:208} INFO - Processing /opt/airflow/dags/hello_airflow.py took 0.094 seconds
[2026-05-31T11:09:43.855+0000] {processor.py:186} INFO - Started process (PID=19599) to work on /opt/airflow/dags/hello_airflow.py
[2026-05-31T11:09:43.858+0000] {processor.py:914} INFO - Processing file /opt/airflow/dags/hello_airflow.py for tasks to queue
[2026-05-31T11:09:43.860+0000] {logging_mixin.py:190} INFO - [2026-05-31T11:09:43.860+0000] {dagbag.py:588} INFO - Filling up the DagBag from /opt/airflow/dags/hello_airflow.py
[2026-05-31T11:09:43.870+0000] {processor.py:925} INFO - DAG(s) 'hello_airflow' retrieved from /opt/airflow/dags/hello_airflow.py
[2026-05-31T11:09:43.907+0000] {logging_mixin.py:190} INFO - [2026-05-31T11:09:43.907+0000] {dag.py:3239} INFO - Sync 1 DAGs
[2026-05-31T11:09:43.949+0000] {logging_mixin.py:190} INFO - [2026-05-31T11:09:43.949+0000] {dag.py:4180} INFO - Setting next_dagrun for hello_airflow to 2026-05-31 11:08:00+00:00, run_after=2026-05-31 11:09:00+00:00
[2026-05-31T11:09:43.971+0000] {processor.py:208} INFO - Processing /opt/airflow/dags/hello_airflow.py took 0.122 seconds
[2026-05-31T11:10:15.530+0000] {processor.py:186} INFO - Started process (PID=19623) to work on /opt/airflow/dags/hello_airflow.py
[2026-05-31T11:10:15.531+0000] {processor.py:914} INFO - Processing file /opt/airflow/dags/hello_airflow.py for tasks to queue
[2026-05-31T11:10:15.535+0000] {logging_mixin.py:190} INFO - [2026-05-31T11:10:15.534+0000] {dagbag.py:588} INFO - Filling up the DagBag from /opt/airflow/dags/hello_airflow.py
[2026-05-31T11:10:15.547+0000] {processor.py:925} INFO - DAG(s) 'hello_airflow' retrieved from /opt/airflow/dags/hello_airflow.py
[2026-05-31T11:10:15.570+0000] {logging_mixin.py:190} INFO - [2026-05-31T11:10:15.570+0000] {dag.py:3239} INFO - Sync 1 DAGs
[2026-05-31T11:10:15.598+0000] {logging_mixin.py:190} INFO - [2026-05-31T11:10:15.598+0000] {dag.py:4180} INFO - Setting next_dagrun for hello_airflow to 2026-05-31 11:09:00+00:00, run_after=2026-05-31 11:10:00+00:00
[2026-05-31T11:10:15.618+0000] {processor.py:208} INFO - Processing /opt/airflow/dags/hello_airflow.py took 0.097 seconds
[2026-05-31T11:10:47.205+0000] {processor.py:186} INFO - Started process (PID=19646) to work on /opt/airflow/dags/hello_airflow.py
[2026-05-31T11:10:47.208+0000] {processor.py:914} INFO - Processing file /opt/airflow/dags/hello_airflow.py for tasks to queue
[2026-05-31T11:10:47.212+0000] {logging_mixin.py:190} INFO - [2026-05-31T11:10:47.212+0000] {dagbag.py:588} INFO - Filling up the DagBag from /opt/airflow/dags/hello_airflow.py
[2026-05-31T11:10:47.228+0000] {processor.py:925} INFO - DAG(s) 'hello_airflow' retrieved from /opt/airflow/dags/hello_airflow.py
[2026-05-31T11:10:47.260+0000] {logging_mixin.py:190} INFO - [2026-05-31T11:10:47.260+0000] {dag.py:3239} INFO - Sync 1 DAGs
[2026-05-31T11:10:47.321+0000] {logging_mixin.py:190} INFO - [2026-05-31T11:10:47.321+0000] {dag.py:4180} INFO - Setting next_dagrun for hello_airflow to 2026-05-31 11:09:00+00:00, run_after=2026-05-31 11:10:00+00:00
[2026-05-31T11:10:47.363+0000] {processor.py:208} INFO - Processing /opt/airflow/dags/hello_airflow.py took 0.163 seconds
[2026-05-31T11:11:18.777+0000] {processor.py:186} INFO - Started process (PID=19671) to work on /opt/airflow/dags/hello_airflow.py
[2026-05-31T11:11:18.779+0000] {processor.py:914} INFO - Processing file /opt/airflow/dags/hello_airflow.py for tasks to queue
[2026-05-31T11:11:18.789+0000] {logging_mixin.py:190} INFO - [2026-05-31T11:11:18.788+0000] {dagbag.py:588} INFO - Filling up the DagBag from /opt/airflow/dags/hello_airflow.py
[2026-05-31T11:11:18.820+0000] {processor.py:925} INFO - DAG(s) 'hello_airflow' retrieved from /opt/airflow/dags/hello_airflow.py
[2026-05-31T11:11:18.912+0000] {logging_mixin.py:190} INFO - [2026-05-31T11:11:18.912+0000] {dag.py:3239} INFO - Sync 1 DAGs
[2026-05-31T11:11:18.968+0000] {logging_mixin.py:190} INFO - [2026-05-31T11:11:18.968+0000] {dag.py:4180} INFO - Setting next_dagrun for hello_airflow to 2026-05-31 11:10:00+00:00, run_after=2026-05-31 11:11:00+00:00
[2026-05-31T11:11:18.997+0000] {processor.py:208} INFO - Processing /opt/airflow/dags/hello_airflow.py took 0.260 seconds
[2026-05-31T11:11:49.270+0000] {processor.py:186} INFO - Started process (PID=19694) to work on /opt/airflow/dags/hello_airflow.py
[2026-05-31T11:11:49.271+0000] {processor.py:914} INFO - Processing file /opt/airflow/dags/hello_airflow.py for tasks to queue
[2026-05-31T11:11:49.273+0000] {logging_mixin.py:190} INFO - [2026-05-31T11:11:49.272+0000] {dagbag.py:588} INFO - Filling up the DagBag from /opt/airflow/dags/hello_airflow.py
[2026-05-31T11:11:49.280+0000] {processor.py:925} INFO - DAG(s) 'hello_airflow' retrieved from /opt/airflow/dags/hello_airflow.py
[2026-05-31T11:11:49.306+0000] {logging_mixin.py:190} INFO - [2026-05-31T11:11:49.306+0000] {dag.py:3239} INFO - Sync 1 DAGs
[2026-05-31T11:11:49.342+0000] {logging_mixin.py:190} INFO - [2026-05-31T11:11:49.342+0000] {dag.py:4180} INFO - Setting next_dagrun for hello_airflow to 2026-05-31 11:10:00+00:00, run_after=2026-05-31 11:11:00+00:00
[2026-05-31T11:11:49.355+0000] {processor.py:208} INFO - Processing /opt/airflow/dags/hello_airflow.py took 0.093 seconds
[2026-05-31T11:12:20.126+0000] {processor.py:186} INFO - Started process (PID=19749) to work on /opt/airflow/dags/hello_airflow.py
[2026-05-31T11:12:20.127+0000] {processor.py:914} INFO - Processing file /opt/airflow/dags/hello_airflow.py for tasks to queue
[2026-05-31T11:12:20.129+0000] {logging_mixin.py:190} INFO - [2026-05-31T11:12:20.128+0000] {dagbag.py:588} INFO - Filling up the DagBag from /opt/airflow/dags/hello_airflow.py
[2026-05-31T11:12:20.137+0000] {processor.py:925} INFO - DAG(s) 'hello_airflow' retrieved from /opt/airflow/dags/hello_airflow.py
[2026-05-31T11:12:20.157+0000] {logging_mixin.py:190} INFO - [2026-05-31T11:12:20.157+0000] {dag.py:3239} INFO - Sync 1 DAGs
[2026-05-31T11:12:20.181+0000] {logging_mixin.py:190} INFO - [2026-05-31T11:12:20.181+0000] {dag.py:4180} INFO - Setting next_dagrun for hello_airflow to 2026-05-31 11:11:00+00:00, run_after=2026-05-31 11:12:00+00:00
[2026-05-31T11:12:20.196+0000] {processor.py:208} INFO - Processing /opt/airflow/dags/hello_airflow.py took 0.075 seconds
[2026-05-31T11:12:51.052+0000] {processor.py:186} INFO - Started process (PID=19773) to work on /opt/airflow/dags/hello_airflow.py
[2026-05-31T11:12:51.053+0000] {processor.py:914} INFO - Processing file /opt/airflow/dags/hello_airflow.py for tasks to queue
[2026-05-31T11:12:51.054+0000] {logging_mixin.py:190} INFO - [2026-05-31T11:12:51.054+0000] {dagbag.py:588} INFO - Filling up the DagBag from /opt/airflow/dags/hello_airflow.py
[2026-05-31T11:12:51.067+0000] {processor.py:925} INFO - DAG(s) 'hello_airflow' retrieved from /opt/airflow/dags/hello_airflow.py
[2026-05-31T11:12:51.092+0000] {logging_mixin.py:190} INFO - [2026-05-31T11:12:51.092+0000] {dag.py:3239} INFO - Sync 1 DAGs
[2026-05-31T11:12:51.118+0000] {logging_mixin.py:190} INFO - [2026-05-31T11:12:51.118+0000] {dag.py:4180} INFO - Setting next_dagrun for hello_airflow to 2026-05-31 11:11:00+00:00, run_after=2026-05-31 11:12:00+00:00
[2026-05-31T11:12:51.134+0000] {processor.py:208} INFO - Processing /opt/airflow/dags/hello_airflow.py took 0.087 seconds
[2026-05-31T11:13:22.623+0000] {processor.py:186} INFO - Started process (PID=19822) to work on /opt/airflow/dags/hello_airflow.py
[2026-05-31T11:13:22.625+0000] {processor.py:914} INFO - Processing file /opt/airflow/dags/hello_airflow.py for tasks to queue
[2026-05-31T11:13:22.627+0000] {logging_mixin.py:190} INFO - [2026-05-31T11:13:22.626+0000] {dagbag.py:588} INFO - Filling up the DagBag from /opt/airflow/dags/hello_airflow.py
[2026-05-31T11:13:22.636+0000] {processor.py:925} INFO - DAG(s) 'hello_airflow' retrieved from /opt/airflow/dags/hello_airflow.py
[2026-05-31T11:13:22.656+0000] {logging_mixin.py:190} INFO - [2026-05-31T11:13:22.656+0000] {dag.py:3239} INFO - Sync 1 DAGs
[2026-05-31T11:13:22.684+0000] {logging_mixin.py:190} INFO - [2026-05-31T11:13:22.684+0000] {dag.py:4180} INFO - Setting next_dagrun for hello_airflow to 2026-05-31 11:12:00+00:00, run_after=2026-05-31 11:13:00+00:00
[2026-05-31T11:13:22.700+0000] {processor.py:208} INFO - Processing /opt/airflow/dags/hello_airflow.py took 0.082 seconds
[2026-05-31T11:13:54.301+0000] {processor.py:186} INFO - Started process (PID=19856) to work on /opt/airflow/dags/hello_airflow.py
[2026-05-31T11:13:54.302+0000] {processor.py:914} INFO - Processing file /opt/airflow/dags/hello_airflow.py for tasks to queue
[2026-05-31T11:13:54.304+0000] {logging_mixin.py:190} INFO - [2026-05-31T11:13:54.304+0000] {dagbag.py:588} INFO - Filling up the DagBag from /opt/airflow/dags/hello_airflow.py
[2026-05-31T11:13:54.312+0000] {processor.py:925} INFO - DAG(s) 'hello_airflow' retrieved from /opt/airflow/dags/hello_airflow.py
[2026-05-31T11:13:54.332+0000] {logging_mixin.py:190} INFO - [2026-05-31T11:13:54.332+0000] {dag.py:3239} INFO - Sync 1 DAGs
[2026-05-31T11:13:54.356+0000] {logging_mixin.py:190} INFO - [2026-05-31T11:13:54.356+0000] {dag.py:4180} INFO - Setting next_dagrun for hello_airflow to 2026-05-31 11:12:00+00:00, run_after=2026-05-31 11:13:00+00:00
[2026-05-31T11:13:54.375+0000] {processor.py:208} INFO - Processing /opt/airflow/dags/hello_airflow.py took 0.079 seconds
[2026-05-31T11:15:16.756+0000] {processor.py:186} INFO - Started process (PID=128) to work on /opt/airflow/dags/hello_airflow.py
[2026-05-31T11:15:16.765+0000] {processor.py:914} INFO - Processing file /opt/airflow/dags/hello_airflow.py for tasks to queue
[2026-05-31T11:15:16.771+0000] {logging_mixin.py:190} INFO - [2026-05-31T11:15:16.768+0000] {dagbag.py:588} INFO - Filling up the DagBag from /opt/airflow/dags/hello_airflow.py
[2026-05-31T11:15:16.799+0000] {processor.py:925} INFO - DAG(s) 'hello_airflow' retrieved from /opt/airflow/dags/hello_airflow.py
[2026-05-31T11:15:16.834+0000] {logging_mixin.py:190} INFO - [2026-05-31T11:15:16.834+0000] {dag.py:3239} INFO - Sync 1 DAGs
[2026-05-31T11:15:16.877+0000] {logging_mixin.py:190} INFO - [2026-05-31T11:15:16.877+0000] {dag.py:4180} INFO - Setting next_dagrun for hello_airflow to 2026-05-31 11:14:00+00:00, run_after=2026-05-31 11:15:00+00:00
[2026-05-31T11:15:16.905+0000] {processor.py:208} INFO - Processing /opt/airflow/dags/hello_airflow.py took 0.165 seconds
[2026-05-31T11:15:47.289+0000] {processor.py:186} INFO - Started process (PID=164) to work on /opt/airflow/dags/hello_airflow.py
[2026-05-31T11:15:47.291+0000] {processor.py:914} INFO - Processing file /opt/airflow/dags/hello_airflow.py for tasks to queue
[2026-05-31T11:15:47.294+0000] {logging_mixin.py:190} INFO - [2026-05-31T11:15:47.293+0000] {dagbag.py:588} INFO - Filling up the DagBag from /opt/airflow/dags/hello_airflow.py
[2026-05-31T11:15:47.306+0000] {processor.py:925} INFO - DAG(s) 'hello_airflow' retrieved from /opt/airflow/dags/hello_airflow.py
[2026-05-31T11:15:47.332+0000] {logging_mixin.py:190} INFO - [2026-05-31T11:15:47.332+0000] {dag.py:3239} INFO - Sync 1 DAGs
[2026-05-31T11:15:47.357+0000] {logging_mixin.py:190} INFO - [2026-05-31T11:15:47.357+0000] {dag.py:4180} INFO - Setting next_dagrun for hello_airflow to 2026-05-31 11:14:00+00:00, run_after=2026-05-31 11:15:00+00:00
[2026-05-31T11:15:47.372+0000] {processor.py:208} INFO - Processing /opt/airflow/dags/hello_airflow.py took 0.090 seconds
[2026-05-31T11:16:17.641+0000] {processor.py:186} INFO - Started process (PID=188) to work on /opt/airflow/dags/hello_airflow.py
[2026-05-31T11:16:17.644+0000] {processor.py:914} INFO - Processing file /opt/airflow/dags/hello_airflow.py for tasks to queue
[2026-05-31T11:16:17.648+0000] {logging_mixin.py:190} INFO - [2026-05-31T11:16:17.648+0000] {dagbag.py:588} INFO - Filling up the DagBag from /opt/airflow/dags/hello_airflow.py
[2026-05-31T11:16:17.664+0000] {processor.py:925} INFO - DAG(s) 'hello_airflow' retrieved from /opt/airflow/dags/hello_airflow.py
[2026-05-31T11:16:17.693+0000] {logging_mixin.py:190} INFO - [2026-05-31T11:16:17.693+0000] {dag.py:3239} INFO - Sync 1 DAGs
[2026-05-31T11:16:17.740+0000] {logging_mixin.py:190} INFO - [2026-05-31T11:16:17.740+0000] {dag.py:4180} INFO - Setting next_dagrun for hello_airflow to 2026-05-31 11:15:00+00:00, run_after=2026-05-31 11:16:00+00:00
[2026-05-31T11:16:17.952+0000] {processor.py:208} INFO - Processing /opt/airflow/dags/hello_airflow.py took 0.327 seconds
[2026-05-31T11:16:48.435+0000] {processor.py:186} INFO - Started process (PID=237) to work on /opt/airflow/dags/hello_airflow.py
[2026-05-31T11:16:48.436+0000] {processor.py:914} INFO - Processing file /opt/airflow/dags/hello_airflow.py for tasks to queue
[2026-05-31T11:16:48.439+0000] {logging_mixin.py:190} INFO - [2026-05-31T11:16:48.438+0000] {dagbag.py:588} INFO - Filling up the DagBag from /opt/airflow/dags/hello_airflow.py
[2026-05-31T11:16:48.446+0000] {processor.py:925} INFO - DAG(s) 'hello_airflow' retrieved from /opt/airflow/dags/hello_airflow.py
[2026-05-31T11:16:48.466+0000] {logging_mixin.py:190} INFO - [2026-05-31T11:16:48.466+0000] {dag.py:3239} INFO - Sync 1 DAGs
[2026-05-31T11:16:48.511+0000] {logging_mixin.py:190} INFO - [2026-05-31T11:16:48.511+0000] {dag.py:4180} INFO - Setting next_dagrun for hello_airflow to 2026-05-31 11:15:00+00:00, run_after=2026-05-31 11:16:00+00:00
[2026-05-31T11:16:48.549+0000] {processor.py:208} INFO - Processing /opt/airflow/dags/hello_airflow.py took 0.119 seconds
[2026-05-31T11:17:19.083+0000] {processor.py:186} INFO - Started process (PID=287) to work on /opt/airflow/dags/hello_airflow.py
[2026-05-31T11:17:19.084+0000] {processor.py:914} INFO - Processing file /opt/airflow/dags/hello_airflow.py for tasks to queue
[2026-05-31T11:17:19.089+0000] {logging_mixin.py:190} INFO - [2026-05-31T11:17:19.086+0000] {dagbag.py:588} INFO - Filling up the DagBag from /opt/airflow/dags/hello_airflow.py
[2026-05-31T11:17:19.097+0000] {processor.py:925} INFO - DAG(s) 'hello_airflow' retrieved from /opt/airflow/dags/hello_airflow.py
[2026-05-31T11:17:19.121+0000] {logging_mixin.py:190} INFO - [2026-05-31T11:17:19.121+0000] {dag.py:3239} INFO - Sync 1 DAGs
[2026-05-31T11:17:19.150+0000] {logging_mixin.py:190} INFO - [2026-05-31T11:17:19.149+0000] {dag.py:4180} INFO - Setting next_dagrun for hello_airflow to 2026-05-31 11:16:00+00:00, run_after=2026-05-31 11:17:00+00:00
[2026-05-31T11:17:19.182+0000] {processor.py:208} INFO - Processing /opt/airflow/dags/hello_airflow.py took 0.103 seconds
[2026-05-31T11:17:49.262+0000] {processor.py:186} INFO - Started process (PID=323) to work on /opt/airflow/dags/hello_airflow.py
[2026-05-31T11:17:49.264+0000] {processor.py:914} INFO - Processing file /opt/airflow/dags/hello_airflow.py for tasks to queue
[2026-05-31T11:17:49.267+0000] {logging_mixin.py:190} INFO - [2026-05-31T11:17:49.267+0000] {dagbag.py:588} INFO - Filling up the DagBag from /opt/airflow/dags/hello_airflow.py
[2026-05-31T11:17:49.278+0000] {processor.py:925} INFO - DAG(s) 'hello_airflow' retrieved from /opt/airflow/dags/hello_airflow.py
[2026-05-31T11:17:49.302+0000] {logging_mixin.py:190} INFO - [2026-05-31T11:17:49.302+0000] {dag.py:3239} INFO - Sync 1 DAGs
[2026-05-31T11:17:49.330+0000] {logging_mixin.py:190} INFO - [2026-05-31T11:17:49.330+0000] {dag.py:4180} INFO - Setting next_dagrun for hello_airflow to 2026-05-31 11:16:00+00:00, run_after=2026-05-31 11:17:00+00:00
[2026-05-31T11:17:49.347+0000] {processor.py:208} INFO - Processing /opt/airflow/dags/hello_airflow.py took 0.091 seconds
[2026-05-31T11:18:20.206+0000] {processor.py:186} INFO - Started process (PID=347) to work on /opt/airflow/dags/hello_airflow.py
[2026-05-31T11:18:20.207+0000] {processor.py:914} INFO - Processing file /opt/airflow/dags/hello_airflow.py for tasks to queue
[2026-05-31T11:18:20.209+0000] {logging_mixin.py:190} INFO - [2026-05-31T11:18:20.209+0000] {dagbag.py:588} INFO - Filling up the DagBag from /opt/airflow/dags/hello_airflow.py
[2026-05-31T11:18:20.220+0000] {processor.py:925} INFO - DAG(s) 'hello_airflow' retrieved from /opt/airflow/dags/hello_airflow.py
[2026-05-31T11:18:20.263+0000] {logging_mixin.py:190} INFO - [2026-05-31T11:18:20.263+0000] {dag.py:3239} INFO - Sync 1 DAGs
[2026-05-31T11:18:20.322+0000] {logging_mixin.py:190} INFO - [2026-05-31T11:18:20.320+0000] {dag.py:4180} INFO - Setting next_dagrun for hello_airflow to 2026-05-31 11:17:00+00:00, run_after=2026-05-31 11:18:00+00:00
[2026-05-31T11:18:20.361+0000] {processor.py:208} INFO - Processing /opt/airflow/dags/hello_airflow.py took 0.162 seconds
[2026-05-31T11:18:50.930+0000] {processor.py:186} INFO - Started process (PID=370) to work on /opt/airflow/dags/hello_airflow.py
[2026-05-31T11:18:50.931+0000] {processor.py:914} INFO - Processing file /opt/airflow/dags/hello_airflow.py for tasks to queue
[2026-05-31T11:18:50.933+0000] {logging_mixin.py:190} INFO - [2026-05-31T11:18:50.933+0000] {dagbag.py:588} INFO - Filling up the DagBag from /opt/airflow/dags/hello_airflow.py
[2026-05-31T11:18:50.942+0000] {processor.py:925} INFO - DAG(s) 'hello_airflow' retrieved from /opt/airflow/dags/hello_airflow.py
[2026-05-31T11:18:50.959+0000] {logging_mixin.py:190} INFO - [2026-05-31T11:18:50.958+0000] {dag.py:3239} INFO - Sync 1 DAGs
[2026-05-31T11:18:51.099+0000] {logging_mixin.py:190} INFO - [2026-05-31T11:18:51.099+0000] {dag.py:4180} INFO - Setting next_dagrun for hello_airflow to 2026-05-31 11:17:00+00:00, run_after=2026-05-31 11:18:00+00:00
[2026-05-31T11:18:51.111+0000] {processor.py:208} INFO - Processing /opt/airflow/dags/hello_airflow.py took 0.188 seconds
[2026-05-31T11:19:22.061+0000] {processor.py:186} INFO - Started process (PID=395) to work on /opt/airflow/dags/hello_airflow.py
[2026-05-31T11:19:22.062+0000] {processor.py:914} INFO - Processing file /opt/airflow/dags/hello_airflow.py for tasks to queue
[2026-05-31T11:19:22.064+0000] {logging_mixin.py:190} INFO - [2026-05-31T11:19:22.064+0000] {dagbag.py:588} INFO - Filling up the DagBag from /opt/airflow/dags/hello_airflow.py
[2026-05-31T11:19:22.072+0000] {processor.py:925} INFO - DAG(s) 'hello_airflow' retrieved from /opt/airflow/dags/hello_airflow.py
[2026-05-31T11:19:22.091+0000] {logging_mixin.py:190} INFO - [2026-05-31T11:19:22.091+0000] {dag.py:3239} INFO - Sync 1 DAGs
[2026-05-31T11:19:22.118+0000] {logging_mixin.py:190} INFO - [2026-05-31T11:19:22.118+0000] {dag.py:4180} INFO - Setting next_dagrun for hello_airflow to 2026-05-31 11:18:00+00:00, run_after=2026-05-31 11:19:00+00:00
[2026-05-31T11:19:22.133+0000] {processor.py:208} INFO - Processing /opt/airflow/dags/hello_airflow.py took 0.077 seconds
[2026-05-31T11:19:52.425+0000] {processor.py:186} INFO - Started process (PID=419) to work on /opt/airflow/dags/hello_airflow.py
[2026-05-31T11:19:52.427+0000] {processor.py:914} INFO - Processing file /opt/airflow/dags/hello_airflow.py for tasks to queue
[2026-05-31T11:19:52.429+0000] {logging_mixin.py:190} INFO - [2026-05-31T11:19:52.429+0000] {dagbag.py:588} INFO - Filling up the DagBag from /opt/airflow/dags/hello_airflow.py
[2026-05-31T11:19:52.437+0000] {processor.py:925} INFO - DAG(s) 'hello_airflow' retrieved from /opt/airflow/dags/hello_airflow.py
[2026-05-31T11:19:52.454+0000] {logging_mixin.py:190} INFO - [2026-05-31T11:19:52.454+0000] {dag.py:3239} INFO - Sync 1 DAGs
[2026-05-31T11:19:52.474+0000] {logging_mixin.py:190} INFO - [2026-05-31T11:19:52.474+0000] {dag.py:4180} INFO - Setting next_dagrun for hello_airflow to 2026-05-31 11:18:00+00:00, run_after=2026-05-31 11:19:00+00:00
[2026-05-31T11:19:52.487+0000] {processor.py:208} INFO - Processing /opt/airflow/dags/hello_airflow.py took 0.070 seconds
[2026-05-31T11:20:22.751+0000] {processor.py:186} INFO - Started process (PID=443) to work on /opt/airflow/dags/hello_airflow.py
[2026-05-31T11:20:22.754+0000] {processor.py:914} INFO - Processing file /opt/airflow/dags/hello_airflow.py for tasks to queue
[2026-05-31T11:20:22.756+0000] {logging_mixin.py:190} INFO - [2026-05-31T11:20:22.756+0000] {dagbag.py:588} INFO - Filling up the DagBag from /opt/airflow/dags/hello_airflow.py
[2026-05-31T11:20:22.777+0000] {processor.py:925} INFO - DAG(s) 'hello_airflow' retrieved from /opt/airflow/dags/hello_airflow.py
[2026-05-31T11:20:22.817+0000] {logging_mixin.py:190} INFO - [2026-05-31T11:20:22.817+0000] {dag.py:3239} INFO - Sync 1 DAGs
[2026-05-31T11:20:22.858+0000] {logging_mixin.py:190} INFO - [2026-05-31T11:20:22.858+0000] {dag.py:4180} INFO - Setting next_dagrun for hello_airflow to 2026-05-31 11:19:00+00:00, run_after=2026-05-31 11:20:00+00:00
[2026-05-31T11:20:22.895+0000] {processor.py:208} INFO - Processing /opt/airflow/dags/hello_airflow.py took 0.160 seconds
[2026-05-31T11:20:53.829+0000] {processor.py:186} INFO - Started process (PID=467) to work on /opt/airflow/dags/hello_airflow.py
[2026-05-31T11:20:53.830+0000] {processor.py:914} INFO - Processing file /opt/airflow/dags/hello_airflow.py for tasks to queue
[2026-05-31T11:20:53.831+0000] {logging_mixin.py:190} INFO - [2026-05-31T11:20:53.831+0000] {dagbag.py:588} INFO - Filling up the DagBag from /opt/airflow/dags/hello_airflow.py
[2026-05-31T11:20:53.839+0000] {processor.py:925} INFO - DAG(s) 'hello_airflow' retrieved from /opt/airflow/dags/hello_airflow.py
[2026-05-31T11:20:53.857+0000] {logging_mixin.py:190} INFO - [2026-05-31T11:20:53.857+0000] {dag.py:3239} INFO - Sync 1 DAGs
[2026-05-31T11:20:53.878+0000] {logging_mixin.py:190} INFO - [2026-05-31T11:20:53.877+0000] {dag.py:4180} INFO - Setting next_dagrun for hello_airflow to 2026-05-31 11:19:00+00:00, run_after=2026-05-31 11:20:00+00:00
[2026-05-31T11:20:53.895+0000] {processor.py:208} INFO - Processing /opt/airflow/dags/hello_airflow.py took 0.072 seconds
[2026-05-31T11:21:24.010+0000] {processor.py:186} INFO - Started process (PID=491) to work on /opt/airflow/dags/hello_airflow.py
[2026-05-31T11:21:24.011+0000] {processor.py:914} INFO - Processing file /opt/airflow/dags/hello_airflow.py for tasks to queue
[2026-05-31T11:21:24.013+0000] {logging_mixin.py:190} INFO - [2026-05-31T11:21:24.013+0000] {dagbag.py:588} INFO - Filling up the DagBag from /opt/airflow/dags/hello_airflow.py
[2026-05-31T11:21:24.021+0000] {processor.py:925} INFO - DAG(s) 'hello_airflow' retrieved from /opt/airflow/dags/hello_airflow.py
[2026-05-31T11:21:24.038+0000] {logging_mixin.py:190} INFO - [2026-05-31T11:21:24.038+0000] {dag.py:3239} INFO - Sync 1 DAGs
[2026-05-31T11:21:24.060+0000] {logging_mixin.py:190} INFO - [2026-05-31T11:21:24.060+0000] {dag.py:4180} INFO - Setting next_dagrun for hello_airflow to 2026-05-31 11:20:00+00:00, run_after=2026-05-31 11:21:00+00:00
[2026-05-31T11:21:24.075+0000] {processor.py:208} INFO - Processing /opt/airflow/dags/hello_airflow.py took 0.070 seconds
[2026-05-31T11:21:54.291+0000] {processor.py:186} INFO - Started process (PID=516) to work on /opt/airflow/dags/hello_airflow.py
[2026-05-31T11:21:54.292+0000] {processor.py:914} INFO - Processing file /opt/airflow/dags/hello_airflow.py for tasks to queue
[2026-05-31T11:21:54.295+0000] {logging_mixin.py:190} INFO - [2026-05-31T11:21:54.294+0000] {dagbag.py:588} INFO - Filling up the DagBag from /opt/airflow/dags/hello_airflow.py
[2026-05-31T11:21:54.302+0000] {processor.py:925} INFO - DAG(s) 'hello_airflow' retrieved from /opt/airflow/dags/hello_airflow.py
[2026-05-31T11:21:54.320+0000] {logging_mixin.py:190} INFO - [2026-05-31T11:21:54.320+0000] {dag.py:3239} INFO - Sync 1 DAGs
[2026-05-31T11:21:54.341+0000] {logging_mixin.py:190} INFO - [2026-05-31T11:21:54.341+0000] {dag.py:4180} INFO - Setting next_dagrun for hello_airflow to 2026-05-31 11:20:00+00:00, run_after=2026-05-31 11:21:00+00:00
[2026-05-31T11:21:54.355+0000] {processor.py:208} INFO - Processing /opt/airflow/dags/hello_airflow.py took 0.069 seconds
[2026-05-31T11:22:25.371+0000] {processor.py:186} INFO - Started process (PID=540) to work on /opt/airflow/dags/hello_airflow.py
[2026-05-31T11:22:25.373+0000] {processor.py:914} INFO - Processing file /opt/airflow/dags/hello_airflow.py for tasks to queue
[2026-05-31T11:22:25.375+0000] {logging_mixin.py:190} INFO - [2026-05-31T11:22:25.375+0000] {dagbag.py:588} INFO - Filling up the DagBag from /opt/airflow/dags/hello_airflow.py
[2026-05-31T11:22:25.383+0000] {processor.py:925} INFO - DAG(s) 'hello_airflow' retrieved from /opt/airflow/dags/hello_airflow.py
[2026-05-31T11:22:25.401+0000] {logging_mixin.py:190} INFO - [2026-05-31T11:22:25.401+0000] {dag.py:3239} INFO - Sync 1 DAGs
[2026-05-31T11:22:25.422+0000] {logging_mixin.py:190} INFO - [2026-05-31T11:22:25.421+0000] {dag.py:4180} INFO - Setting next_dagrun for hello_airflow to 2026-05-31 11:21:00+00:00, run_after=2026-05-31 11:22:00+00:00
[2026-05-31T11:22:25.435+0000] {processor.py:208} INFO - Processing /opt/airflow/dags/hello_airflow.py took 0.069 seconds
[2026-05-31T11:22:56.244+0000] {processor.py:186} INFO - Started process (PID=560) to work on /opt/airflow/dags/hello_airflow.py
[2026-05-31T11:22:56.245+0000] {processor.py:914} INFO - Processing file /opt/airflow/dags/hello_airflow.py for tasks to queue
[2026-05-31T11:22:56.247+0000] {logging_mixin.py:190} INFO - [2026-05-31T11:22:56.246+0000] {dagbag.py:588} INFO - Filling up the DagBag from /opt/airflow/dags/hello_airflow.py
[2026-05-31T11:22:56.255+0000] {processor.py:925} INFO - DAG(s) 'hello_airflow' retrieved from /opt/airflow/dags/hello_airflow.py
[2026-05-31T11:22:56.273+0000] {logging_mixin.py:190} INFO - [2026-05-31T11:22:56.273+0000] {dag.py:3239} INFO - Sync 1 DAGs
[2026-05-31T11:22:56.295+0000] {logging_mixin.py:190} INFO - [2026-05-31T11:22:56.295+0000] {dag.py:4180} INFO - Setting next_dagrun for hello_airflow to 2026-05-31 11:21:00+00:00, run_after=2026-05-31 11:22:00+00:00
[2026-05-31T11:22:56.309+0000] {processor.py:208} INFO - Processing /opt/airflow/dags/hello_airflow.py took 0.070 seconds
[2026-05-31T11:23:27.148+0000] {processor.py:186} INFO - Started process (PID=581) to work on /opt/airflow/dags/hello_airflow.py
[2026-05-31T11:23:27.149+0000] {processor.py:914} INFO - Processing file /opt/airflow/dags/hello_airflow.py for tasks to queue
[2026-05-31T11:23:27.151+0000] {logging_mixin.py:190} INFO - [2026-05-31T11:23:27.151+0000] {dagbag.py:588} INFO - Filling up the DagBag from /opt/airflow/dags/hello_airflow.py
[2026-05-31T11:23:27.159+0000] {processor.py:925} INFO - DAG(s) 'hello_airflow' retrieved from /opt/airflow/dags/hello_airflow.py
[2026-05-31T11:23:27.180+0000] {logging_mixin.py:190} INFO - [2026-05-31T11:23:27.180+0000] {dag.py:3239} INFO - Sync 1 DAGs
[2026-05-31T11:23:27.203+0000] {logging_mixin.py:190} INFO - [2026-05-31T11:23:27.203+0000] {dag.py:4180} INFO - Setting next_dagrun for hello_airflow to 2026-05-31 11:22:00+00:00, run_after=2026-05-31 11:23:00+00:00
[2026-05-31T11:23:27.217+0000] {processor.py:208} INFO - Processing /opt/airflow/dags/hello_airflow.py took 0.083 seconds
[2026-05-31T11:23:57.332+0000] {processor.py:186} INFO - Started process (PID=604) to work on /opt/airflow/dags/hello_airflow.py
[2026-05-31T11:23:57.333+0000] {processor.py:914} INFO - Processing file /opt/airflow/dags/hello_airflow.py for tasks to queue
[2026-05-31T11:23:57.336+0000] {logging_mixin.py:190} INFO - [2026-05-31T11:23:57.335+0000] {dagbag.py:588} INFO - Filling up the DagBag from /opt/airflow/dags/hello_airflow.py
[2026-05-31T11:23:57.347+0000] {processor.py:925} INFO - DAG(s) 'hello_airflow' retrieved from /opt/airflow/dags/hello_airflow.py
[2026-05-31T11:23:57.367+0000] {logging_mixin.py:190} INFO - [2026-05-31T11:23:57.367+0000] {dag.py:3239} INFO - Sync 1 DAGs
[2026-05-31T11:23:57.387+0000] {logging_mixin.py:190} INFO - [2026-05-31T11:23:57.387+0000] {dag.py:4180} INFO - Setting next_dagrun for hello_airflow to 2026-05-31 11:22:00+00:00, run_after=2026-05-31 11:23:00+00:00
[2026-05-31T11:23:57.401+0000] {processor.py:208} INFO - Processing /opt/airflow/dags/hello_airflow.py took 0.078 seconds
[2026-05-31T11:24:27.540+0000] {processor.py:186} INFO - Started process (PID=627) to work on /opt/airflow/dags/hello_airflow.py
[2026-05-31T11:24:27.541+0000] {processor.py:914} INFO - Processing file /opt/airflow/dags/hello_airflow.py for tasks to queue
[2026-05-31T11:24:27.542+0000] {logging_mixin.py:190} INFO - [2026-05-31T11:24:27.542+0000] {dagbag.py:588} INFO - Filling up the DagBag from /opt/airflow/dags/hello_airflow.py
[2026-05-31T11:24:27.551+0000] {processor.py:925} INFO - DAG(s) 'hello_airflow' retrieved from /opt/airflow/dags/hello_airflow.py
[2026-05-31T11:24:27.568+0000] {logging_mixin.py:190} INFO - [2026-05-31T11:24:27.568+0000] {dag.py:3239} INFO - Sync 1 DAGs
[2026-05-31T11:24:27.589+0000] {logging_mixin.py:190} INFO - [2026-05-31T11:24:27.588+0000] {dag.py:4180} INFO - Setting next_dagrun for hello_airflow to 2026-05-31 11:23:00+00:00, run_after=2026-05-31 11:24:00+00:00
[2026-05-31T11:24:27.603+0000] {processor.py:208} INFO - Processing /opt/airflow/dags/hello_airflow.py took 0.070 seconds
[2026-05-31T11:24:57.720+0000] {processor.py:186} INFO - Started process (PID=651) to work on /opt/airflow/dags/hello_airflow.py
[2026-05-31T11:24:57.721+0000] {processor.py:914} INFO - Processing file /opt/airflow/dags/hello_airflow.py for tasks to queue
[2026-05-31T11:24:57.723+0000] {logging_mixin.py:190} INFO - [2026-05-31T11:24:57.723+0000] {dagbag.py:588} INFO - Filling up the DagBag from /opt/airflow/dags/hello_airflow.py
[2026-05-31T11:24:57.733+0000] {processor.py:925} INFO - DAG(s) 'hello_airflow' retrieved from /opt/airflow/dags/hello_airflow.py
[2026-05-31T11:24:57.754+0000] {logging_mixin.py:190} INFO - [2026-05-31T11:24:57.754+0000] {dag.py:3239} INFO - Sync 1 DAGs
[2026-05-31T11:24:57.777+0000] {logging_mixin.py:190} INFO - [2026-05-31T11:24:57.776+0000] {dag.py:4180} INFO - Setting next_dagrun for hello_airflow to 2026-05-31 11:23:00+00:00, run_after=2026-05-31 11:24:00+00:00
[2026-05-31T11:24:57.791+0000] {processor.py:208} INFO - Processing /opt/airflow/dags/hello_airflow.py took 0.079 seconds
[2026-05-31T11:25:28.068+0000] {processor.py:186} INFO - Started process (PID=675) to work on /opt/airflow/dags/hello_airflow.py
[2026-05-31T11:25:28.069+0000] {processor.py:914} INFO - Processing file /opt/airflow/dags/hello_airflow.py for tasks to queue
[2026-05-31T11:25:28.070+0000] {logging_mixin.py:190} INFO - [2026-05-31T11:25:28.070+0000] {dagbag.py:588} INFO - Filling up the DagBag from /opt/airflow/dags/hello_airflow.py
[2026-05-31T11:25:28.078+0000] {processor.py:925} INFO - DAG(s) 'hello_airflow' retrieved from /opt/airflow/dags/hello_airflow.py
[2026-05-31T11:25:28.098+0000] {logging_mixin.py:190} INFO - [2026-05-31T11:25:28.098+0000] {dag.py:3239} INFO - Sync 1 DAGs
[2026-05-31T11:25:28.122+0000] {logging_mixin.py:190} INFO - [2026-05-31T11:25:28.122+0000] {dag.py:4180} INFO - Setting next_dagrun for hello_airflow to 2026-05-31 11:24:00+00:00, run_after=2026-05-31 11:25:00+00:00
[2026-05-31T11:25:28.139+0000] {processor.py:208} INFO - Processing /opt/airflow/dags/hello_airflow.py took 0.077 seconds
[2026-05-31T11:25:58.352+0000] {processor.py:186} INFO - Started process (PID=699) to work on /opt/airflow/dags/hello_airflow.py
[2026-05-31T11:25:58.353+0000] {processor.py:914} INFO - Processing file /opt/airflow/dags/hello_airflow.py for tasks to queue
[2026-05-31T11:25:58.355+0000] {logging_mixin.py:190} INFO - [2026-05-31T11:25:58.355+0000] {dagbag.py:588} INFO - Filling up the DagBag from /opt/airflow/dags/hello_airflow.py
[2026-05-31T11:25:58.364+0000] {processor.py:925} INFO - DAG(s) 'hello_airflow' retrieved from /opt/airflow/dags/hello_airflow.py
[2026-05-31T11:25:58.385+0000] {logging_mixin.py:190} INFO - [2026-05-31T11:25:58.384+0000] {dag.py:3239} INFO - Sync 1 DAGs
[2026-05-31T11:25:58.407+0000] {logging_mixin.py:190} INFO - [2026-05-31T11:25:58.406+0000] {dag.py:4180} INFO - Setting next_dagrun for hello_airflow to 2026-05-31 11:24:00+00:00, run_after=2026-05-31 11:25:00+00:00
[2026-05-31T11:25:58.422+0000] {processor.py:208} INFO - Processing /opt/airflow/dags/hello_airflow.py took 0.077 seconds
[2026-05-31T11:26:29.242+0000] {processor.py:186} INFO - Started process (PID=723) to work on /opt/airflow/dags/hello_airflow.py
[2026-05-31T11:26:29.243+0000] {processor.py:914} INFO - Processing file /opt/airflow/dags/hello_airflow.py for tasks to queue
[2026-05-31T11:26:29.246+0000] {logging_mixin.py:190} INFO - [2026-05-31T11:26:29.245+0000] {dagbag.py:588} INFO - Filling up the DagBag from /opt/airflow/dags/hello_airflow.py
[2026-05-31T11:26:29.257+0000] {processor.py:925} INFO - DAG(s) 'hello_airflow' retrieved from /opt/airflow/dags/hello_airflow.py
[2026-05-31T11:26:29.277+0000] {logging_mixin.py:190} INFO - [2026-05-31T11:26:29.276+0000] {dag.py:3239} INFO - Sync 1 DAGs
[2026-05-31T11:26:29.300+0000] {logging_mixin.py:190} INFO - [2026-05-31T11:26:29.300+0000] {dag.py:4180} INFO - Setting next_dagrun for hello_airflow to 2026-05-31 11:25:00+00:00, run_after=2026-05-31 11:26:00+00:00
[2026-05-31T11:26:29.314+0000] {processor.py:208} INFO - Processing /opt/airflow/dags/hello_airflow.py took 0.077 seconds
[2026-05-31T11:26:59.885+0000] {processor.py:186} INFO - Started process (PID=748) to work on /opt/airflow/dags/hello_airflow.py
[2026-05-31T11:26:59.885+0000] {processor.py:914} INFO - Processing file /opt/airflow/dags/hello_airflow.py for tasks to queue
[2026-05-31T11:26:59.887+0000] {logging_mixin.py:190} INFO - [2026-05-31T11:26:59.887+0000] {dagbag.py:588} INFO - Filling up the DagBag from /opt/airflow/dags/hello_airflow.py
[2026-05-31T11:26:59.895+0000] {processor.py:925} INFO - DAG(s) 'hello_airflow' retrieved from /opt/airflow/dags/hello_airflow.py
[2026-05-31T11:26:59.914+0000] {logging_mixin.py:190} INFO - [2026-05-31T11:26:59.914+0000] {dag.py:3239} INFO - Sync 1 DAGs
[2026-05-31T11:26:59.935+0000] {logging_mixin.py:190} INFO - [2026-05-31T11:26:59.935+0000] {dag.py:4180} INFO - Setting next_dagrun for hello_airflow to 2026-05-31 11:25:00+00:00, run_after=2026-05-31 11:26:00+00:00
[2026-05-31T11:26:59.950+0000] {processor.py:208} INFO - Processing /opt/airflow/dags/hello_airflow.py took 0.071 seconds
[2026-05-31T11:27:30.159+0000] {processor.py:186} INFO - Started process (PID=772) to work on /opt/airflow/dags/hello_airflow.py
[2026-05-31T11:27:30.160+0000] {processor.py:914} INFO - Processing file /opt/airflow/dags/hello_airflow.py for tasks to queue
[2026-05-31T11:27:30.162+0000] {logging_mixin.py:190} INFO - [2026-05-31T11:27:30.161+0000] {dagbag.py:588} INFO - Filling up the DagBag from /opt/airflow/dags/hello_airflow.py
[2026-05-31T11:27:30.170+0000] {processor.py:925} INFO - DAG(s) 'hello_airflow' retrieved from /opt/airflow/dags/hello_airflow.py
[2026-05-31T11:27:30.188+0000] {logging_mixin.py:190} INFO - [2026-05-31T11:27:30.188+0000] {dag.py:3239} INFO - Sync 1 DAGs
[2026-05-31T11:27:30.210+0000] {logging_mixin.py:190} INFO - [2026-05-31T11:27:30.210+0000] {dag.py:4180} INFO - Setting next_dagrun for hello_airflow to 2026-05-31 11:26:00+00:00, run_after=2026-05-31 11:27:00+00:00
[2026-05-31T11:27:30.225+0000] {processor.py:208} INFO - Processing /opt/airflow/dags/hello_airflow.py took 0.071 seconds
[2026-05-31T11:28:00.329+0000] {processor.py:186} INFO - Started process (PID=796) to work on /opt/airflow/dags/hello_airflow.py
[2026-05-31T11:28:00.330+0000] {processor.py:914} INFO - Processing file /opt/airflow/dags/hello_airflow.py for tasks to queue
[2026-05-31T11:28:00.332+0000] {logging_mixin.py:190} INFO - [2026-05-31T11:28:00.332+0000] {dagbag.py:588} INFO - Filling up the DagBag from /opt/airflow/dags/hello_airflow.py
[2026-05-31T11:28:00.339+0000] {processor.py:925} INFO - DAG(s) 'hello_airflow' retrieved from /opt/airflow/dags/hello_airflow.py
[2026-05-31T11:28:00.357+0000] {logging_mixin.py:190} INFO - [2026-05-31T11:28:00.357+0000] {dag.py:3239} INFO - Sync 1 DAGs
[2026-05-31T11:28:00.379+0000] {logging_mixin.py:190} INFO - [2026-05-31T11:28:00.379+0000] {dag.py:4180} INFO - Setting next_dagrun for hello_airflow to 2026-05-31 11:27:00+00:00, run_after=2026-05-31 11:28:00+00:00
[2026-05-31T11:28:00.394+0000] {processor.py:208} INFO - Processing /opt/airflow/dags/hello_airflow.py took 0.070 seconds
[2026-05-31T11:28:30.769+0000] {processor.py:186} INFO - Started process (PID=826) to work on /opt/airflow/dags/hello_airflow.py
[2026-05-31T11:28:30.771+0000] {processor.py:914} INFO - Processing file /opt/airflow/dags/hello_airflow.py for tasks to queue
[2026-05-31T11:28:30.774+0000] {logging_mixin.py:190} INFO - [2026-05-31T11:28:30.774+0000] {dagbag.py:588} INFO - Filling up the DagBag from /opt/airflow/dags/hello_airflow.py
[2026-05-31T11:28:30.784+0000] {processor.py:925} INFO - DAG(s) 'hello_airflow' retrieved from /opt/airflow/dags/hello_airflow.py
[2026-05-31T11:28:30.803+0000] {logging_mixin.py:190} INFO - [2026-05-31T11:28:30.803+0000] {dag.py:3239} INFO - Sync 1 DAGs
[2026-05-31T11:28:30.822+0000] {logging_mixin.py:190} INFO - [2026-05-31T11:28:30.822+0000] {dag.py:4180} INFO - Setting next_dagrun for hello_airflow to 2026-05-31 11:27:00+00:00, run_after=2026-05-31 11:28:00+00:00
[2026-05-31T11:28:30.837+0000] {processor.py:208} INFO - Processing /opt/airflow/dags/hello_airflow.py took 0.078 seconds
[2026-05-31T11:29:01.375+0000] {processor.py:186} INFO - Started process (PID=850) to work on /opt/airflow/dags/hello_airflow.py
[2026-05-31T11:29:01.376+0000] {processor.py:914} INFO - Processing file /opt/airflow/dags/hello_airflow.py for tasks to queue
[2026-05-31T11:29:01.377+0000] {logging_mixin.py:190} INFO - [2026-05-31T11:29:01.377+0000] {dagbag.py:588} INFO - Filling up the DagBag from /opt/airflow/dags/hello_airflow.py
[2026-05-31T11:29:01.385+0000] {processor.py:925} INFO - DAG(s) 'hello_airflow' retrieved from /opt/airflow/dags/hello_airflow.py
[2026-05-31T11:29:01.404+0000] {logging_mixin.py:190} INFO - [2026-05-31T11:29:01.403+0000] {dag.py:3239} INFO - Sync 1 DAGs
[2026-05-31T11:29:01.423+0000] {logging_mixin.py:190} INFO - [2026-05-31T11:29:01.422+0000] {dag.py:4180} INFO - Setting next_dagrun for hello_airflow to 2026-05-31 11:28:00+00:00, run_after=2026-05-31 11:29:00+00:00
[2026-05-31T11:29:01.436+0000] {processor.py:208} INFO - Processing /opt/airflow/dags/hello_airflow.py took 0.066 seconds
[2026-05-31T11:29:32.228+0000] {processor.py:186} INFO - Started process (PID=872) to work on /opt/airflow/dags/hello_airflow.py
[2026-05-31T11:29:32.229+0000] {processor.py:914} INFO - Processing file /opt/airflow/dags/hello_airflow.py for tasks to queue
[2026-05-31T11:29:32.234+0000] {logging_mixin.py:190} INFO - [2026-05-31T11:29:32.233+0000] {dagbag.py:588} INFO - Filling up the DagBag from /opt/airflow/dags/hello_airflow.py
[2026-05-31T11:29:32.246+0000] {processor.py:925} INFO - DAG(s) 'hello_airflow' retrieved from /opt/airflow/dags/hello_airflow.py
[2026-05-31T11:29:32.266+0000] {logging_mixin.py:190} INFO - [2026-05-31T11:29:32.266+0000] {dag.py:3239} INFO - Sync 1 DAGs
[2026-05-31T11:29:32.288+0000] {logging_mixin.py:190} INFO - [2026-05-31T11:29:32.288+0000] {dag.py:4180} INFO - Setting next_dagrun for hello_airflow to 2026-05-31 11:28:00+00:00, run_after=2026-05-31 11:29:00+00:00
[2026-05-31T11:29:32.301+0000] {processor.py:208} INFO - Processing /opt/airflow/dags/hello_airflow.py took 0.078 seconds
[2026-05-31T11:30:03.137+0000] {processor.py:186} INFO - Started process (PID=892) to work on /opt/airflow/dags/hello_airflow.py
[2026-05-31T11:30:03.138+0000] {processor.py:914} INFO - Processing file /opt/airflow/dags/hello_airflow.py for tasks to queue
[2026-05-31T11:30:03.144+0000] {logging_mixin.py:190} INFO - [2026-05-31T11:30:03.144+0000] {dagbag.py:588} INFO - Filling up the DagBag from /opt/airflow/dags/hello_airflow.py
[2026-05-31T11:30:03.156+0000] {processor.py:925} INFO - DAG(s) 'hello_airflow' retrieved from /opt/airflow/dags/hello_airflow.py
[2026-05-31T11:30:03.175+0000] {logging_mixin.py:190} INFO - [2026-05-31T11:30:03.175+0000] {dag.py:3239} INFO - Sync 1 DAGs
[2026-05-31T11:30:03.196+0000] {logging_mixin.py:190} INFO - [2026-05-31T11:30:03.196+0000] {dag.py:4180} INFO - Setting next_dagrun for hello_airflow to 2026-05-31 11:29:00+00:00, run_after=2026-05-31 11:30:00+00:00
[2026-05-31T11:30:03.210+0000] {processor.py:208} INFO - Processing /opt/airflow/dags/hello_airflow.py took 0.078 seconds
[2026-05-31T11:30:33.250+0000] {processor.py:186} INFO - Started process (PID=916) to work on /opt/airflow/dags/hello_airflow.py
[2026-05-31T11:30:33.252+0000] {processor.py:914} INFO - Processing file /opt/airflow/dags/hello_airflow.py for tasks to queue
[2026-05-31T11:30:33.254+0000] {logging_mixin.py:190} INFO - [2026-05-31T11:30:33.253+0000] {dagbag.py:588} INFO - Filling up the DagBag from /opt/airflow/dags/hello_airflow.py
[2026-05-31T11:30:33.263+0000] {processor.py:925} INFO - DAG(s) 'hello_airflow' retrieved from /opt/airflow/dags/hello_airflow.py
[2026-05-31T11:30:33.281+0000] {logging_mixin.py:190} INFO - [2026-05-31T11:30:33.281+0000] {dag.py:3239} INFO - Sync 1 DAGs
[2026-05-31T11:30:33.306+0000] {logging_mixin.py:190} INFO - [2026-05-31T11:30:33.306+0000] {dag.py:4180} INFO - Setting next_dagrun for hello_airflow to 2026-05-31 11:29:00+00:00, run_after=2026-05-31 11:30:00+00:00
[2026-05-31T11:30:33.319+0000] {processor.py:208} INFO - Processing /opt/airflow/dags/hello_airflow.py took 0.075 seconds
[2026-05-31T11:31:04.235+0000] {processor.py:186} INFO - Started process (PID=939) to work on /opt/airflow/dags/hello_airflow.py
[2026-05-31T11:31:04.235+0000] {processor.py:914} INFO - Processing file /opt/airflow/dags/hello_airflow.py for tasks to queue
[2026-05-31T11:31:04.238+0000] {logging_mixin.py:190} INFO - [2026-05-31T11:31:04.238+0000] {dagbag.py:588} INFO - Filling up the DagBag from /opt/airflow/dags/hello_airflow.py
[2026-05-31T11:31:04.246+0000] {processor.py:925} INFO - DAG(s) 'hello_airflow' retrieved from /opt/airflow/dags/hello_airflow.py
[2026-05-31T11:31:04.265+0000] {logging_mixin.py:190} INFO - [2026-05-31T11:31:04.265+0000] {dag.py:3239} INFO - Sync 1 DAGs
[2026-05-31T11:31:04.285+0000] {logging_mixin.py:190} INFO - [2026-05-31T11:31:04.285+0000] {dag.py:4180} INFO - Setting next_dagrun for hello_airflow to 2026-05-31 11:30:00+00:00, run_after=2026-05-31 11:31:00+00:00
[2026-05-31T11:31:04.299+0000] {processor.py:208} INFO - Processing /opt/airflow/dags/hello_airflow.py took 0.070 seconds
[2026-05-31T11:31:35.076+0000] {processor.py:186} INFO - Started process (PID=963) to work on /opt/airflow/dags/hello_airflow.py
[2026-05-31T11:31:35.079+0000] {processor.py:914} INFO - Processing file /opt/airflow/dags/hello_airflow.py for tasks to queue
[2026-05-31T11:31:35.081+0000] {logging_mixin.py:190} INFO - [2026-05-31T11:31:35.080+0000] {dagbag.py:588} INFO - Filling up the DagBag from /opt/airflow/dags/hello_airflow.py
[2026-05-31T11:31:35.089+0000] {processor.py:925} INFO - DAG(s) 'hello_airflow' retrieved from /opt/airflow/dags/hello_airflow.py
[2026-05-31T11:31:35.106+0000] {logging_mixin.py:190} INFO - [2026-05-31T11:31:35.106+0000] {dag.py:3239} INFO - Sync 1 DAGs
[2026-05-31T11:31:35.126+0000] {logging_mixin.py:190} INFO - [2026-05-31T11:31:35.126+0000] {dag.py:4180} INFO - Setting next_dagrun for hello_airflow to 2026-05-31 11:30:00+00:00, run_after=2026-05-31 11:31:00+00:00
[2026-05-31T11:31:35.141+0000] {processor.py:208} INFO - Processing /opt/airflow/dags/hello_airflow.py took 0.069 seconds
[2026-05-31T11:32:05.209+0000] {processor.py:186} INFO - Started process (PID=987) to work on /opt/airflow/dags/hello_airflow.py
[2026-05-31T11:32:05.210+0000] {processor.py:914} INFO - Processing file /opt/airflow/dags/hello_airflow.py for tasks to queue
[2026-05-31T11:32:05.213+0000] {logging_mixin.py:190} INFO - [2026-05-31T11:32:05.213+0000] {dagbag.py:588} INFO - Filling up the DagBag from /opt/airflow/dags/hello_airflow.py
[2026-05-31T11:32:05.222+0000] {processor.py:925} INFO - DAG(s) 'hello_airflow' retrieved from /opt/airflow/dags/hello_airflow.py
[2026-05-31T11:32:05.243+0000] {logging_mixin.py:190} INFO - [2026-05-31T11:32:05.243+0000] {dag.py:3239} INFO - Sync 1 DAGs
[2026-05-31T11:32:05.265+0000] {logging_mixin.py:190} INFO - [2026-05-31T11:32:05.265+0000] {dag.py:4180} INFO - Setting next_dagrun for hello_airflow to 2026-05-31 11:31:00+00:00, run_after=2026-05-31 11:32:00+00:00
[2026-05-31T11:32:05.279+0000] {processor.py:208} INFO - Processing /opt/airflow/dags/hello_airflow.py took 0.076 seconds
[2026-05-31T11:32:35.448+0000] {processor.py:186} INFO - Started process (PID=1011) to work on /opt/airflow/dags/hello_airflow.py
[2026-05-31T11:32:35.450+0000] {processor.py:914} INFO - Processing file /opt/airflow/dags/hello_airflow.py for tasks to queue
[2026-05-31T11:32:35.452+0000] {logging_mixin.py:190} INFO - [2026-05-31T11:32:35.452+0000] {dagbag.py:588} INFO - Filling up the DagBag from /opt/airflow/dags/hello_airflow.py
[2026-05-31T11:32:35.460+0000] {processor.py:925} INFO - DAG(s) 'hello_airflow' retrieved from /opt/airflow/dags/hello_airflow.py
[2026-05-31T11:32:35.478+0000] {logging_mixin.py:190} INFO - [2026-05-31T11:32:35.478+0000] {dag.py:3239} INFO - Sync 1 DAGs
[2026-05-31T11:32:35.501+0000] {logging_mixin.py:190} INFO - [2026-05-31T11:32:35.501+0000] {dag.py:4180} INFO - Setting next_dagrun for hello_airflow to 2026-05-31 11:31:00+00:00, run_after=2026-05-31 11:32:00+00:00
[2026-05-31T11:32:35.519+0000] {processor.py:208} INFO - Processing /opt/airflow/dags/hello_airflow.py took 0.077 seconds
[2026-05-31T11:33:05.612+0000] {processor.py:186} INFO - Started process (PID=1035) to work on /opt/airflow/dags/hello_airflow.py
[2026-05-31T11:33:05.613+0000] {processor.py:914} INFO - Processing file /opt/airflow/dags/hello_airflow.py for tasks to queue
[2026-05-31T11:33:05.617+0000] {logging_mixin.py:190} INFO - [2026-05-31T11:33:05.617+0000] {dagbag.py:588} INFO - Filling up the DagBag from /opt/airflow/dags/hello_airflow.py
[2026-05-31T11:33:05.626+0000] {processor.py:925} INFO - DAG(s) 'hello_airflow' retrieved from /opt/airflow/dags/hello_airflow.py
[2026-05-31T11:33:05.647+0000] {logging_mixin.py:190} INFO - [2026-05-31T11:33:05.647+0000] {dag.py:3239} INFO - Sync 1 DAGs
[2026-05-31T11:33:05.669+0000] {logging_mixin.py:190} INFO - [2026-05-31T11:33:05.669+0000] {dag.py:4180} INFO - Setting next_dagrun for hello_airflow to 2026-05-31 11:32:00+00:00, run_after=2026-05-31 11:33:00+00:00
[2026-05-31T11:33:05.683+0000] {processor.py:208} INFO - Processing /opt/airflow/dags/hello_airflow.py took 0.080 seconds
[2026-05-31T11:33:35.848+0000] {processor.py:186} INFO - Started process (PID=1059) to work on /opt/airflow/dags/hello_airflow.py
[2026-05-31T11:33:35.851+0000] {processor.py:914} INFO - Processing file /opt/airflow/dags/hello_airflow.py for tasks to queue
[2026-05-31T11:33:35.853+0000] {logging_mixin.py:190} INFO - [2026-05-31T11:33:35.852+0000] {dagbag.py:588} INFO - Filling up the DagBag from /opt/airflow/dags/hello_airflow.py
[2026-05-31T11:33:35.860+0000] {processor.py:925} INFO - DAG(s) 'hello_airflow' retrieved from /opt/airflow/dags/hello_airflow.py
[2026-05-31T11:33:35.879+0000] {logging_mixin.py:190} INFO - [2026-05-31T11:33:35.879+0000] {dag.py:3239} INFO - Sync 1 DAGs
[2026-05-31T11:33:35.901+0000] {logging_mixin.py:190} INFO - [2026-05-31T11:33:35.901+0000] {dag.py:4180} INFO - Setting next_dagrun for hello_airflow to 2026-05-31 11:32:00+00:00, run_after=2026-05-31 11:33:00+00:00
[2026-05-31T11:33:35.915+0000] {processor.py:208} INFO - Processing /opt/airflow/dags/hello_airflow.py took 0.071 seconds
[2026-05-31T11:34:05.989+0000] {processor.py:186} INFO - Started process (PID=1083) to work on /opt/airflow/dags/hello_airflow.py
[2026-05-31T11:34:05.990+0000] {processor.py:914} INFO - Processing file /opt/airflow/dags/hello_airflow.py for tasks to queue
[2026-05-31T11:34:05.992+0000] {logging_mixin.py:190} INFO - [2026-05-31T11:34:05.992+0000] {dagbag.py:588} INFO - Filling up the DagBag from /opt/airflow/dags/hello_airflow.py
[2026-05-31T11:34:05.999+0000] {processor.py:925} INFO - DAG(s) 'hello_airflow' retrieved from /opt/airflow/dags/hello_airflow.py
[2026-05-31T11:34:06.020+0000] {logging_mixin.py:190} INFO - [2026-05-31T11:34:06.020+0000] {dag.py:3239} INFO - Sync 1 DAGs
[2026-05-31T11:34:06.042+0000] {logging_mixin.py:190} INFO - [2026-05-31T11:34:06.041+0000] {dag.py:4180} INFO - Setting next_dagrun for hello_airflow to 2026-05-31 11:33:00+00:00, run_after=2026-05-31 11:34:00+00:00
[2026-05-31T11:34:06.056+0000] {processor.py:208} INFO - Processing /opt/airflow/dags/hello_airflow.py took 0.075 seconds
[2026-05-31T11:34:36.124+0000] {processor.py:186} INFO - Started process (PID=1107) to work on /opt/airflow/dags/hello_airflow.py
[2026-05-31T11:34:36.125+0000] {processor.py:914} INFO - Processing file /opt/airflow/dags/hello_airflow.py for tasks to queue
[2026-05-31T11:34:36.127+0000] {logging_mixin.py:190} INFO - [2026-05-31T11:34:36.127+0000] {dagbag.py:588} INFO - Filling up the DagBag from /opt/airflow/dags/hello_airflow.py
[2026-05-31T11:34:36.135+0000] {processor.py:925} INFO - DAG(s) 'hello_airflow' retrieved from /opt/airflow/dags/hello_airflow.py
[2026-05-31T11:34:36.156+0000] {logging_mixin.py:190} INFO - [2026-05-31T11:34:36.155+0000] {dag.py:3239} INFO - Sync 1 DAGs
[2026-05-31T11:34:36.177+0000] {logging_mixin.py:190} INFO - [2026-05-31T11:34:36.177+0000] {dag.py:4180} INFO - Setting next_dagrun for hello_airflow to 2026-05-31 11:33:00+00:00, run_after=2026-05-31 11:34:00+00:00
[2026-05-31T11:34:36.191+0000] {processor.py:208} INFO - Processing /opt/airflow/dags/hello_airflow.py took 0.072 seconds
[2026-05-31T11:35:07.027+0000] {processor.py:186} INFO - Started process (PID=1131) to work on /opt/airflow/dags/hello_airflow.py
[2026-05-31T11:35:07.028+0000] {processor.py:914} INFO - Processing file /opt/airflow/dags/hello_airflow.py for tasks to queue
[2026-05-31T11:35:07.031+0000] {logging_mixin.py:190} INFO - [2026-05-31T11:35:07.031+0000] {dagbag.py:588} INFO - Filling up the DagBag from /opt/airflow/dags/hello_airflow.py
[2026-05-31T11:35:07.038+0000] {processor.py:925} INFO - DAG(s) 'hello_airflow' retrieved from /opt/airflow/dags/hello_airflow.py
[2026-05-31T11:35:07.058+0000] {logging_mixin.py:190} INFO - [2026-05-31T11:35:07.058+0000] {dag.py:3239} INFO - Sync 1 DAGs
[2026-05-31T11:35:07.081+0000] {logging_mixin.py:190} INFO - [2026-05-31T11:35:07.080+0000] {dag.py:4180} INFO - Setting next_dagrun for hello_airflow to 2026-05-31 11:34:00+00:00, run_after=2026-05-31 11:35:00+00:00
[2026-05-31T11:35:07.096+0000] {processor.py:208} INFO - Processing /opt/airflow/dags/hello_airflow.py took 0.074 seconds
[2026-05-31T11:35:37.740+0000] {processor.py:186} INFO - Started process (PID=1155) to work on /opt/airflow/dags/hello_airflow.py
[2026-05-31T11:35:37.741+0000] {processor.py:914} INFO - Processing file /opt/airflow/dags/hello_airflow.py for tasks to queue
[2026-05-31T11:35:37.743+0000] {logging_mixin.py:190} INFO - [2026-05-31T11:35:37.743+0000] {dagbag.py:588} INFO - Filling up the DagBag from /opt/airflow/dags/hello_airflow.py
[2026-05-31T11:35:37.750+0000] {processor.py:925} INFO - DAG(s) 'hello_airflow' retrieved from /opt/airflow/dags/hello_airflow.py
[2026-05-31T11:35:37.768+0000] {logging_mixin.py:190} INFO - [2026-05-31T11:35:37.768+0000] {dag.py:3239} INFO - Sync 1 DAGs
[2026-05-31T11:35:37.790+0000] {logging_mixin.py:190} INFO - [2026-05-31T11:35:37.790+0000] {dag.py:4180} INFO - Setting next_dagrun for hello_airflow to 2026-05-31 11:34:00+00:00, run_after=2026-05-31 11:35:00+00:00
[2026-05-31T11:35:37.804+0000] {processor.py:208} INFO - Processing /opt/airflow/dags/hello_airflow.py took 0.069 seconds
[2026-05-31T11:36:08.650+0000] {processor.py:186} INFO - Started process (PID=1179) to work on /opt/airflow/dags/hello_airflow.py
[2026-05-31T11:36:08.651+0000] {processor.py:914} INFO - Processing file /opt/airflow/dags/hello_airflow.py for tasks to queue
[2026-05-31T11:36:08.653+0000] {logging_mixin.py:190} INFO - [2026-05-31T11:36:08.653+0000] {dagbag.py:588} INFO - Filling up the DagBag from /opt/airflow/dags/hello_airflow.py
[2026-05-31T11:36:08.663+0000] {processor.py:925} INFO - DAG(s) 'hello_airflow' retrieved from /opt/airflow/dags/hello_airflow.py
[2026-05-31T11:36:08.694+0000] {logging_mixin.py:190} INFO - [2026-05-31T11:36:08.694+0000] {dag.py:3239} INFO - Sync 1 DAGs
[2026-05-31T11:36:08.729+0000] {logging_mixin.py:190} INFO - [2026-05-31T11:36:08.729+0000] {dag.py:4180} INFO - Setting next_dagrun for hello_airflow to 2026-05-31 11:35:00+00:00, run_after=2026-05-31 11:36:00+00:00
[2026-05-31T11:36:08.743+0000] {processor.py:208} INFO - Processing /opt/airflow/dags/hello_airflow.py took 0.099 seconds
[2026-05-31T11:36:39.593+0000] {processor.py:186} INFO - Started process (PID=1197) to work on /opt/airflow/dags/hello_airflow.py
[2026-05-31T11:36:39.594+0000] {processor.py:914} INFO - Processing file /opt/airflow/dags/hello_airflow.py for tasks to queue
[2026-05-31T11:36:39.597+0000] {logging_mixin.py:190} INFO - [2026-05-31T11:36:39.596+0000] {dagbag.py:588} INFO - Filling up the DagBag from /opt/airflow/dags/hello_airflow.py
[2026-05-31T11:36:39.604+0000] {processor.py:925} INFO - DAG(s) 'hello_airflow' retrieved from /opt/airflow/dags/hello_airflow.py
[2026-05-31T11:36:39.621+0000] {logging_mixin.py:190} INFO - [2026-05-31T11:36:39.621+0000] {dag.py:3239} INFO - Sync 1 DAGs
[2026-05-31T11:36:39.643+0000] {logging_mixin.py:190} INFO - [2026-05-31T11:36:39.643+0000] {dag.py:4180} INFO - Setting next_dagrun for hello_airflow to 2026-05-31 11:35:00+00:00, run_after=2026-05-31 11:36:00+00:00
[2026-05-31T11:36:39.656+0000] {processor.py:208} INFO - Processing /opt/airflow/dags/hello_airflow.py took 0.071 seconds
[2026-05-31T11:37:10.417+0000] {processor.py:186} INFO - Started process (PID=1220) to work on /opt/airflow/dags/hello_airflow.py
[2026-05-31T11:37:10.419+0000] {processor.py:914} INFO - Processing file /opt/airflow/dags/hello_airflow.py for tasks to queue
[2026-05-31T11:37:10.421+0000] {logging_mixin.py:190} INFO - [2026-05-31T11:37:10.421+0000] {dagbag.py:588} INFO - Filling up the DagBag from /opt/airflow/dags/hello_airflow.py
[2026-05-31T11:37:10.429+0000] {processor.py:925} INFO - DAG(s) 'hello_airflow' retrieved from /opt/airflow/dags/hello_airflow.py
[2026-05-31T11:37:10.449+0000] {logging_mixin.py:190} INFO - [2026-05-31T11:37:10.449+0000] {dag.py:3239} INFO - Sync 1 DAGs
[2026-05-31T11:37:10.469+0000] {logging_mixin.py:190} INFO - [2026-05-31T11:37:10.469+0000] {dag.py:4180} INFO - Setting next_dagrun for hello_airflow to 2026-05-31 11:36:00+00:00, run_after=2026-05-31 11:37:00+00:00
[2026-05-31T11:37:10.485+0000] {processor.py:208} INFO - Processing /opt/airflow/dags/hello_airflow.py took 0.074 seconds
[2026-05-31T11:37:41.341+0000] {processor.py:186} INFO - Started process (PID=1244) to work on /opt/airflow/dags/hello_airflow.py
[2026-05-31T11:37:41.341+0000] {processor.py:914} INFO - Processing file /opt/airflow/dags/hello_airflow.py for tasks to queue
[2026-05-31T11:37:41.343+0000] {logging_mixin.py:190} INFO - [2026-05-31T11:37:41.343+0000] {dagbag.py:588} INFO - Filling up the DagBag from /opt/airflow/dags/hello_airflow.py
[2026-05-31T11:37:41.351+0000] {processor.py:925} INFO - DAG(s) 'hello_airflow' retrieved from /opt/airflow/dags/hello_airflow.py
[2026-05-31T11:37:41.370+0000] {logging_mixin.py:190} INFO - [2026-05-31T11:37:41.370+0000] {dag.py:3239} INFO - Sync 1 DAGs
[2026-05-31T11:37:41.390+0000] {logging_mixin.py:190} INFO - [2026-05-31T11:37:41.390+0000] {dag.py:4180} INFO - Setting next_dagrun for hello_airflow to 2026-05-31 11:36:00+00:00, run_after=2026-05-31 11:37:00+00:00
[2026-05-31T11:37:41.405+0000] {processor.py:208} INFO - Processing /opt/airflow/dags/hello_airflow.py took 0.070 seconds
[2026-05-31T11:38:11.575+0000] {processor.py:186} INFO - Started process (PID=1268) to work on /opt/airflow/dags/hello_airflow.py
[2026-05-31T11:38:11.577+0000] {processor.py:914} INFO - Processing file /opt/airflow/dags/hello_airflow.py for tasks to queue
[2026-05-31T11:38:11.579+0000] {logging_mixin.py:190} INFO - [2026-05-31T11:38:11.579+0000] {dagbag.py:588} INFO - Filling up the DagBag from /opt/airflow/dags/hello_airflow.py
[2026-05-31T11:38:11.587+0000] {processor.py:925} INFO - DAG(s) 'hello_airflow' retrieved from /opt/airflow/dags/hello_airflow.py
[2026-05-31T11:38:11.608+0000] {logging_mixin.py:190} INFO - [2026-05-31T11:38:11.607+0000] {dag.py:3239} INFO - Sync 1 DAGs
[2026-05-31T11:38:11.628+0000] {logging_mixin.py:190} INFO - [2026-05-31T11:38:11.628+0000] {dag.py:4180} INFO - Setting next_dagrun for hello_airflow to 2026-05-31 11:37:00+00:00, run_after=2026-05-31 11:38:00+00:00
[2026-05-31T11:38:11.642+0000] {processor.py:208} INFO - Processing /opt/airflow/dags/hello_airflow.py took 0.072 seconds
[2026-05-31T11:38:41.716+0000] {processor.py:186} INFO - Started process (PID=1293) to work on /opt/airflow/dags/hello_airflow.py
[2026-05-31T11:38:41.716+0000] {processor.py:914} INFO - Processing file /opt/airflow/dags/hello_airflow.py for tasks to queue
[2026-05-31T11:38:41.718+0000] {logging_mixin.py:190} INFO - [2026-05-31T11:38:41.718+0000] {dagbag.py:588} INFO - Filling up the DagBag from /opt/airflow/dags/hello_airflow.py
[2026-05-31T11:38:41.726+0000] {processor.py:925} INFO - DAG(s) 'hello_airflow' retrieved from /opt/airflow/dags/hello_airflow.py
[2026-05-31T11:38:41.746+0000] {logging_mixin.py:190} INFO - [2026-05-31T11:38:41.746+0000] {dag.py:3239} INFO - Sync 1 DAGs
[2026-05-31T11:38:41.769+0000] {logging_mixin.py:190} INFO - [2026-05-31T11:38:41.769+0000] {dag.py:4180} INFO - Setting next_dagrun for hello_airflow to 2026-05-31 11:37:00+00:00, run_after=2026-05-31 11:38:00+00:00
[2026-05-31T11:38:41.784+0000] {processor.py:208} INFO - Processing /opt/airflow/dags/hello_airflow.py took 0.073 seconds
[2026-05-31T11:39:12.596+0000] {processor.py:186} INFO - Started process (PID=1317) to work on /opt/airflow/dags/hello_airflow.py
[2026-05-31T11:39:12.597+0000] {processor.py:914} INFO - Processing file /opt/airflow/dags/hello_airflow.py for tasks to queue
[2026-05-31T11:39:12.599+0000] {logging_mixin.py:190} INFO - [2026-05-31T11:39:12.598+0000] {dagbag.py:588} INFO - Filling up the DagBag from /opt/airflow/dags/hello_airflow.py
[2026-05-31T11:39:12.606+0000] {processor.py:925} INFO - DAG(s) 'hello_airflow' retrieved from /opt/airflow/dags/hello_airflow.py
[2026-05-31T11:39:12.625+0000] {logging_mixin.py:190} INFO - [2026-05-31T11:39:12.624+0000] {dag.py:3239} INFO - Sync 1 DAGs
[2026-05-31T11:39:12.645+0000] {logging_mixin.py:190} INFO - [2026-05-31T11:39:12.644+0000] {dag.py:4180} INFO - Setting next_dagrun for hello_airflow to 2026-05-31 11:38:00+00:00, run_after=2026-05-31 11:39:00+00:00
[2026-05-31T11:39:12.662+0000] {processor.py:208} INFO - Processing /opt/airflow/dags/hello_airflow.py took 0.072 seconds
[2026-05-31T11:39:43.506+0000] {processor.py:186} INFO - Started process (PID=1341) to work on /opt/airflow/dags/hello_airflow.py
[2026-05-31T11:39:43.507+0000] {processor.py:914} INFO - Processing file /opt/airflow/dags/hello_airflow.py for tasks to queue
[2026-05-31T11:39:43.509+0000] {logging_mixin.py:190} INFO - [2026-05-31T11:39:43.509+0000] {dagbag.py:588} INFO - Filling up the DagBag from /opt/airflow/dags/hello_airflow.py
[2026-05-31T11:39:43.516+0000] {processor.py:925} INFO - DAG(s) 'hello_airflow' retrieved from /opt/airflow/dags/hello_airflow.py
[2026-05-31T11:39:43.533+0000] {logging_mixin.py:190} INFO - [2026-05-31T11:39:43.533+0000] {dag.py:3239} INFO - Sync 1 DAGs
[2026-05-31T11:39:43.553+0000] {logging_mixin.py:190} INFO - [2026-05-31T11:39:43.553+0000] {dag.py:4180} INFO - Setting next_dagrun for hello_airflow to 2026-05-31 11:38:00+00:00, run_after=2026-05-31 11:39:00+00:00
[2026-05-31T11:39:43.567+0000] {processor.py:208} INFO - Processing /opt/airflow/dags/hello_airflow.py took 0.066 seconds
[2026-05-31T11:40:13.732+0000] {processor.py:186} INFO - Started process (PID=1365) to work on /opt/airflow/dags/hello_airflow.py
[2026-05-31T11:40:13.733+0000] {processor.py:914} INFO - Processing file /opt/airflow/dags/hello_airflow.py for tasks to queue
[2026-05-31T11:40:13.737+0000] {logging_mixin.py:190} INFO - [2026-05-31T11:40:13.737+0000] {dagbag.py:588} INFO - Filling up the DagBag from /opt/airflow/dags/hello_airflow.py
[2026-05-31T11:40:13.745+0000] {processor.py:925} INFO - DAG(s) 'hello_airflow' retrieved from /opt/airflow/dags/hello_airflow.py
[2026-05-31T11:40:13.767+0000] {logging_mixin.py:190} INFO - [2026-05-31T11:40:13.767+0000] {dag.py:3239} INFO - Sync 1 DAGs
[2026-05-31T11:40:13.788+0000] {logging_mixin.py:190} INFO - [2026-05-31T11:40:13.788+0000] {dag.py:4180} INFO - Setting next_dagrun for hello_airflow to 2026-05-31 11:39:00+00:00, run_after=2026-05-31 11:40:00+00:00
[2026-05-31T11:40:13.803+0000] {processor.py:208} INFO - Processing /opt/airflow/dags/hello_airflow.py took 0.076 seconds
[2026-05-31T11:40:43.973+0000] {processor.py:186} INFO - Started process (PID=1388) to work on /opt/airflow/dags/hello_airflow.py
[2026-05-31T11:40:43.976+0000] {processor.py:914} INFO - Processing file /opt/airflow/dags/hello_airflow.py for tasks to queue
[2026-05-31T11:40:43.981+0000] {logging_mixin.py:190} INFO - [2026-05-31T11:40:43.981+0000] {dagbag.py:588} INFO - Filling up the DagBag from /opt/airflow/dags/hello_airflow.py
[2026-05-31T11:40:43.993+0000] {processor.py:925} INFO - DAG(s) 'hello_airflow' retrieved from /opt/airflow/dags/hello_airflow.py
[2026-05-31T11:40:44.012+0000] {logging_mixin.py:190} INFO - [2026-05-31T11:40:44.012+0000] {dag.py:3239} INFO - Sync 1 DAGs
[2026-05-31T11:40:44.039+0000] {logging_mixin.py:190} INFO - [2026-05-31T11:40:44.039+0000] {dag.py:4180} INFO - Setting next_dagrun for hello_airflow to 2026-05-31 11:39:00+00:00, run_after=2026-05-31 11:40:00+00:00
[2026-05-31T11:40:44.054+0000] {processor.py:208} INFO - Processing /opt/airflow/dags/hello_airflow.py took 0.086 seconds
[2026-05-31T11:41:14.182+0000] {processor.py:186} INFO - Started process (PID=1412) to work on /opt/airflow/dags/hello_airflow.py
[2026-05-31T11:41:14.183+0000] {processor.py:914} INFO - Processing file /opt/airflow/dags/hello_airflow.py for tasks to queue
[2026-05-31T11:41:14.184+0000] {logging_mixin.py:190} INFO - [2026-05-31T11:41:14.184+0000] {dagbag.py:588} INFO - Filling up the DagBag from /opt/airflow/dags/hello_airflow.py
[2026-05-31T11:41:14.192+0000] {processor.py:925} INFO - DAG(s) 'hello_airflow' retrieved from /opt/airflow/dags/hello_airflow.py
[2026-05-31T11:41:14.210+0000] {logging_mixin.py:190} INFO - [2026-05-31T11:41:14.210+0000] {dag.py:3239} INFO - Sync 1 DAGs
[2026-05-31T11:41:14.232+0000] {logging_mixin.py:190} INFO - [2026-05-31T11:41:14.232+0000] {dag.py:4180} INFO - Setting next_dagrun for hello_airflow to 2026-05-31 11:40:00+00:00, run_after=2026-05-31 11:41:00+00:00
[2026-05-31T11:41:14.247+0000] {processor.py:208} INFO - Processing /opt/airflow/dags/hello_airflow.py took 0.071 seconds
[2026-05-31T11:41:44.527+0000] {processor.py:186} INFO - Started process (PID=1436) to work on /opt/airflow/dags/hello_airflow.py
[2026-05-31T11:41:44.529+0000] {processor.py:914} INFO - Processing file /opt/airflow/dags/hello_airflow.py for tasks to queue
[2026-05-31T11:41:44.531+0000] {logging_mixin.py:190} INFO - [2026-05-31T11:41:44.531+0000] {dagbag.py:588} INFO - Filling up the DagBag from /opt/airflow/dags/hello_airflow.py
[2026-05-31T11:41:44.538+0000] {processor.py:925} INFO - DAG(s) 'hello_airflow' retrieved from /opt/airflow/dags/hello_airflow.py
[2026-05-31T11:41:44.554+0000] {logging_mixin.py:190} INFO - [2026-05-31T11:41:44.553+0000] {dag.py:3239} INFO - Sync 1 DAGs
[2026-05-31T11:41:44.574+0000] {logging_mixin.py:190} INFO - [2026-05-31T11:41:44.574+0000] {dag.py:4180} INFO - Setting next_dagrun for hello_airflow to 2026-05-31 11:40:00+00:00, run_after=2026-05-31 11:41:00+00:00
[2026-05-31T11:41:44.589+0000] {processor.py:208} INFO - Processing /opt/airflow/dags/hello_airflow.py took 0.067 seconds
[2026-05-31T11:42:14.858+0000] {processor.py:186} INFO - Started process (PID=1460) to work on /opt/airflow/dags/hello_airflow.py
[2026-05-31T11:42:14.859+0000] {processor.py:914} INFO - Processing file /opt/airflow/dags/hello_airflow.py for tasks to queue
[2026-05-31T11:42:14.861+0000] {logging_mixin.py:190} INFO - [2026-05-31T11:42:14.861+0000] {dagbag.py:588} INFO - Filling up the DagBag from /opt/airflow/dags/hello_airflow.py
[2026-05-31T11:42:14.869+0000] {processor.py:925} INFO - DAG(s) 'hello_airflow' retrieved from /opt/airflow/dags/hello_airflow.py
[2026-05-31T11:42:14.888+0000] {logging_mixin.py:190} INFO - [2026-05-31T11:42:14.888+0000] {dag.py:3239} INFO - Sync 1 DAGs
[2026-05-31T11:42:14.909+0000] {logging_mixin.py:190} INFO - [2026-05-31T11:42:14.909+0000] {dag.py:4180} INFO - Setting next_dagrun for hello_airflow to 2026-05-31 11:41:00+00:00, run_after=2026-05-31 11:42:00+00:00
[2026-05-31T11:42:14.924+0000] {processor.py:208} INFO - Processing /opt/airflow/dags/hello_airflow.py took 0.071 seconds
[2026-05-31T11:42:45.189+0000] {processor.py:186} INFO - Started process (PID=1484) to work on /opt/airflow/dags/hello_airflow.py
[2026-05-31T11:42:45.192+0000] {processor.py:914} INFO - Processing file /opt/airflow/dags/hello_airflow.py for tasks to queue
[2026-05-31T11:42:45.195+0000] {logging_mixin.py:190} INFO - [2026-05-31T11:42:45.194+0000] {dagbag.py:588} INFO - Filling up the DagBag from /opt/airflow/dags/hello_airflow.py
[2026-05-31T11:42:45.205+0000] {processor.py:925} INFO - DAG(s) 'hello_airflow' retrieved from /opt/airflow/dags/hello_airflow.py
[2026-05-31T11:42:45.224+0000] {logging_mixin.py:190} INFO - [2026-05-31T11:42:45.224+0000] {dag.py:3239} INFO - Sync 1 DAGs
[2026-05-31T11:42:45.248+0000] {logging_mixin.py:190} INFO - [2026-05-31T11:42:45.248+0000] {dag.py:4180} INFO - Setting next_dagrun for hello_airflow to 2026-05-31 11:41:00+00:00, run_after=2026-05-31 11:42:00+00:00
[2026-05-31T11:42:45.261+0000] {processor.py:208} INFO - Processing /opt/airflow/dags/hello_airflow.py took 0.081 seconds
[2026-05-31T11:43:15.441+0000] {processor.py:186} INFO - Started process (PID=1508) to work on /opt/airflow/dags/hello_airflow.py
[2026-05-31T11:43:15.442+0000] {processor.py:914} INFO - Processing file /opt/airflow/dags/hello_airflow.py for tasks to queue
[2026-05-31T11:43:15.444+0000] {logging_mixin.py:190} INFO - [2026-05-31T11:43:15.444+0000] {dagbag.py:588} INFO - Filling up the DagBag from /opt/airflow/dags/hello_airflow.py
[2026-05-31T11:43:15.452+0000] {processor.py:925} INFO - DAG(s) 'hello_airflow' retrieved from /opt/airflow/dags/hello_airflow.py
[2026-05-31T11:43:15.470+0000] {logging_mixin.py:190} INFO - [2026-05-31T11:43:15.469+0000] {dag.py:3239} INFO - Sync 1 DAGs
[2026-05-31T11:43:15.490+0000] {logging_mixin.py:190} INFO - [2026-05-31T11:43:15.490+0000] {dag.py:4180} INFO - Setting next_dagrun for hello_airflow to 2026-05-31 11:42:00+00:00, run_after=2026-05-31 11:43:00+00:00
[2026-05-31T11:43:15.504+0000] {processor.py:208} INFO - Processing /opt/airflow/dags/hello_airflow.py took 0.068 seconds
[2026-05-31T11:43:46.289+0000] {processor.py:186} INFO - Started process (PID=1527) to work on /opt/airflow/dags/hello_airflow.py
[2026-05-31T11:43:46.302+0000] {processor.py:914} INFO - Processing file /opt/airflow/dags/hello_airflow.py for tasks to queue
[2026-05-31T11:43:46.304+0000] {logging_mixin.py:190} INFO - [2026-05-31T11:43:46.304+0000] {dagbag.py:588} INFO - Filling up the DagBag from /opt/airflow/dags/hello_airflow.py
[2026-05-31T11:43:46.312+0000] {processor.py:925} INFO - DAG(s) 'hello_airflow' retrieved from /opt/airflow/dags/hello_airflow.py
[2026-05-31T11:43:46.329+0000] {logging_mixin.py:190} INFO - [2026-05-31T11:43:46.329+0000] {dag.py:3239} INFO - Sync 1 DAGs
[2026-05-31T11:43:46.350+0000] {logging_mixin.py:190} INFO - [2026-05-31T11:43:46.350+0000] {dag.py:4180} INFO - Setting next_dagrun for hello_airflow to 2026-05-31 11:42:00+00:00, run_after=2026-05-31 11:43:00+00:00
[2026-05-31T11:43:46.368+0000] {processor.py:208} INFO - Processing /opt/airflow/dags/hello_airflow.py took 0.086 seconds
[2026-05-31T11:44:17.002+0000] {processor.py:186} INFO - Started process (PID=1550) to work on /opt/airflow/dags/hello_airflow.py
[2026-05-31T11:44:17.003+0000] {processor.py:914} INFO - Processing file /opt/airflow/dags/hello_airflow.py for tasks to queue
[2026-05-31T11:44:17.008+0000] {logging_mixin.py:190} INFO - [2026-05-31T11:44:17.007+0000] {dagbag.py:588} INFO - Filling up the DagBag from /opt/airflow/dags/hello_airflow.py
[2026-05-31T11:44:17.022+0000] {processor.py:925} INFO - DAG(s) 'hello_airflow' retrieved from /opt/airflow/dags/hello_airflow.py
[2026-05-31T11:44:17.038+0000] {logging_mixin.py:190} INFO - [2026-05-31T11:44:17.038+0000] {dag.py:3239} INFO - Sync 1 DAGs
[2026-05-31T11:44:17.060+0000] {logging_mixin.py:190} INFO - [2026-05-31T11:44:17.060+0000] {dag.py:4180} INFO - Setting next_dagrun for hello_airflow to 2026-05-31 11:43:00+00:00, run_after=2026-05-31 11:44:00+00:00
[2026-05-31T11:44:17.074+0000] {processor.py:208} INFO - Processing /opt/airflow/dags/hello_airflow.py took 0.077 seconds
[2026-05-31T11:44:47.945+0000] {processor.py:186} INFO - Started process (PID=1574) to work on /opt/airflow/dags/hello_airflow.py
[2026-05-31T11:44:47.946+0000] {processor.py:914} INFO - Processing file /opt/airflow/dags/hello_airflow.py for tasks to queue
[2026-05-31T11:44:47.948+0000] {logging_mixin.py:190} INFO - [2026-05-31T11:44:47.948+0000] {dagbag.py:588} INFO - Filling up the DagBag from /opt/airflow/dags/hello_airflow.py
[2026-05-31T11:44:47.956+0000] {processor.py:925} INFO - DAG(s) 'hello_airflow' retrieved from /opt/airflow/dags/hello_airflow.py
[2026-05-31T11:44:47.975+0000] {logging_mixin.py:190} INFO - [2026-05-31T11:44:47.975+0000] {dag.py:3239} INFO - Sync 1 DAGs
[2026-05-31T11:44:47.998+0000] {logging_mixin.py:190} INFO - [2026-05-31T11:44:47.998+0000] {dag.py:4180} INFO - Setting next_dagrun for hello_airflow to 2026-05-31 11:43:00+00:00, run_after=2026-05-31 11:44:00+00:00
[2026-05-31T11:44:48.012+0000] {processor.py:208} INFO - Processing /opt/airflow/dags/hello_airflow.py took 0.072 seconds
[2026-05-31T11:45:18.116+0000] {processor.py:186} INFO - Started process (PID=1598) to work on /opt/airflow/dags/hello_airflow.py
[2026-05-31T11:45:18.117+0000] {processor.py:914} INFO - Processing file /opt/airflow/dags/hello_airflow.py for tasks to queue
[2026-05-31T11:45:18.120+0000] {logging_mixin.py:190} INFO - [2026-05-31T11:45:18.119+0000] {dagbag.py:588} INFO - Filling up the DagBag from /opt/airflow/dags/hello_airflow.py
[2026-05-31T11:45:18.127+0000] {processor.py:925} INFO - DAG(s) 'hello_airflow' retrieved from /opt/airflow/dags/hello_airflow.py
[2026-05-31T11:45:18.146+0000] {logging_mixin.py:190} INFO - [2026-05-31T11:45:18.146+0000] {dag.py:3239} INFO - Sync 1 DAGs
[2026-05-31T11:45:18.167+0000] {logging_mixin.py:190} INFO - [2026-05-31T11:45:18.167+0000] {dag.py:4180} INFO - Setting next_dagrun for hello_airflow to 2026-05-31 11:44:00+00:00, run_after=2026-05-31 11:45:00+00:00
[2026-05-31T11:45:18.183+0000] {processor.py:208} INFO - Processing /opt/airflow/dags/hello_airflow.py took 0.071 seconds
[2026-05-31T11:45:48.229+0000] {processor.py:186} INFO - Started process (PID=1622) to work on /opt/airflow/dags/hello_airflow.py
[2026-05-31T11:45:48.230+0000] {processor.py:914} INFO - Processing file /opt/airflow/dags/hello_airflow.py for tasks to queue
[2026-05-31T11:45:48.232+0000] {logging_mixin.py:190} INFO - [2026-05-31T11:45:48.232+0000] {dagbag.py:588} INFO - Filling up the DagBag from /opt/airflow/dags/hello_airflow.py
[2026-05-31T11:45:48.239+0000] {processor.py:925} INFO - DAG(s) 'hello_airflow' retrieved from /opt/airflow/dags/hello_airflow.py
[2026-05-31T11:45:48.259+0000] {logging_mixin.py:190} INFO - [2026-05-31T11:45:48.259+0000] {dag.py:3239} INFO - Sync 1 DAGs
[2026-05-31T11:45:48.279+0000] {logging_mixin.py:190} INFO - [2026-05-31T11:45:48.279+0000] {dag.py:4180} INFO - Setting next_dagrun for hello_airflow to 2026-05-31 11:44:00+00:00, run_after=2026-05-31 11:45:00+00:00
[2026-05-31T11:45:48.293+0000] {processor.py:208} INFO - Processing /opt/airflow/dags/hello_airflow.py took 0.070 seconds
[2026-05-31T11:46:18.842+0000] {processor.py:186} INFO - Started process (PID=1646) to work on /opt/airflow/dags/hello_airflow.py
[2026-05-31T11:46:18.843+0000] {processor.py:914} INFO - Processing file /opt/airflow/dags/hello_airflow.py for tasks to queue
[2026-05-31T11:46:18.845+0000] {logging_mixin.py:190} INFO - [2026-05-31T11:46:18.844+0000] {dagbag.py:588} INFO - Filling up the DagBag from /opt/airflow/dags/hello_airflow.py
[2026-05-31T11:46:18.852+0000] {processor.py:925} INFO - DAG(s) 'hello_airflow' retrieved from /opt/airflow/dags/hello_airflow.py
[2026-05-31T11:46:18.870+0000] {logging_mixin.py:190} INFO - [2026-05-31T11:46:18.870+0000] {dag.py:3239} INFO - Sync 1 DAGs
[2026-05-31T11:46:18.891+0000] {logging_mixin.py:190} INFO - [2026-05-31T11:46:18.890+0000] {dag.py:4180} INFO - Setting next_dagrun for hello_airflow to 2026-05-31 11:45:00+00:00, run_after=2026-05-31 11:46:00+00:00
[2026-05-31T11:46:18.904+0000] {processor.py:208} INFO - Processing /opt/airflow/dags/hello_airflow.py took 0.069 seconds
[2026-05-31T11:46:48.977+0000] {processor.py:186} INFO - Started process (PID=1670) to work on /opt/airflow/dags/hello_airflow.py
[2026-05-31T11:46:48.978+0000] {processor.py:914} INFO - Processing file /opt/airflow/dags/hello_airflow.py for tasks to queue
[2026-05-31T11:46:48.980+0000] {logging_mixin.py:190} INFO - [2026-05-31T11:46:48.980+0000] {dagbag.py:588} INFO - Filling up the DagBag from /opt/airflow/dags/hello_airflow.py
[2026-05-31T11:46:48.988+0000] {processor.py:925} INFO - DAG(s) 'hello_airflow' retrieved from /opt/airflow/dags/hello_airflow.py
[2026-05-31T11:46:49.011+0000] {logging_mixin.py:190} INFO - [2026-05-31T11:46:49.011+0000] {dag.py:3239} INFO - Sync 1 DAGs
[2026-05-31T11:46:49.035+0000] {logging_mixin.py:190} INFO - [2026-05-31T11:46:49.035+0000] {dag.py:4180} INFO - Setting next_dagrun for hello_airflow to 2026-05-31 11:45:00+00:00, run_after=2026-05-31 11:46:00+00:00
[2026-05-31T11:46:49.051+0000] {processor.py:208} INFO - Processing /opt/airflow/dags/hello_airflow.py took 0.080 seconds
[2026-05-31T11:47:19.192+0000] {processor.py:186} INFO - Started process (PID=1694) to work on /opt/airflow/dags/hello_airflow.py
[2026-05-31T11:47:19.193+0000] {processor.py:914} INFO - Processing file /opt/airflow/dags/hello_airflow.py for tasks to queue
[2026-05-31T11:47:19.195+0000] {logging_mixin.py:190} INFO - [2026-05-31T11:47:19.194+0000] {dagbag.py:588} INFO - Filling up the DagBag from /opt/airflow/dags/hello_airflow.py
[2026-05-31T11:47:19.202+0000] {processor.py:925} INFO - DAG(s) 'hello_airflow' retrieved from /opt/airflow/dags/hello_airflow.py
[2026-05-31T11:47:19.221+0000] {logging_mixin.py:190} INFO - [2026-05-31T11:47:19.221+0000] {dag.py:3239} INFO - Sync 1 DAGs
[2026-05-31T11:47:19.242+0000] {logging_mixin.py:190} INFO - [2026-05-31T11:47:19.242+0000] {dag.py:4180} INFO - Setting next_dagrun for hello_airflow to 2026-05-31 11:46:00+00:00, run_after=2026-05-31 11:47:00+00:00
[2026-05-31T11:47:19.257+0000] {processor.py:208} INFO - Processing /opt/airflow/dags/hello_airflow.py took 0.071 seconds
[2026-05-31T11:47:49.968+0000] {processor.py:186} INFO - Started process (PID=1719) to work on /opt/airflow/dags/hello_airflow.py
[2026-05-31T11:47:49.969+0000] {processor.py:914} INFO - Processing file /opt/airflow/dags/hello_airflow.py for tasks to queue
[2026-05-31T11:47:49.971+0000] {logging_mixin.py:190} INFO - [2026-05-31T11:47:49.971+0000] {dagbag.py:588} INFO - Filling up the DagBag from /opt/airflow/dags/hello_airflow.py
[2026-05-31T11:47:49.978+0000] {processor.py:925} INFO - DAG(s) 'hello_airflow' retrieved from /opt/airflow/dags/hello_airflow.py
[2026-05-31T11:47:49.999+0000] {logging_mixin.py:190} INFO - [2026-05-31T11:47:49.999+0000] {dag.py:3239} INFO - Sync 1 DAGs
[2026-05-31T11:47:50.025+0000] {logging_mixin.py:190} INFO - [2026-05-31T11:47:50.024+0000] {dag.py:4180} INFO - Setting next_dagrun for hello_airflow to 2026-05-31 11:46:00+00:00, run_after=2026-05-31 11:47:00+00:00
[2026-05-31T11:47:50.042+0000] {processor.py:208} INFO - Processing /opt/airflow/dags/hello_airflow.py took 0.081 seconds
[2026-05-31T11:48:20.276+0000] {processor.py:186} INFO - Started process (PID=1743) to work on /opt/airflow/dags/hello_airflow.py
[2026-05-31T11:48:20.277+0000] {processor.py:914} INFO - Processing file /opt/airflow/dags/hello_airflow.py for tasks to queue
[2026-05-31T11:48:20.280+0000] {logging_mixin.py:190} INFO - [2026-05-31T11:48:20.280+0000] {dagbag.py:588} INFO - Filling up the DagBag from /opt/airflow/dags/hello_airflow.py
[2026-05-31T11:48:20.287+0000] {processor.py:925} INFO - DAG(s) 'hello_airflow' retrieved from /opt/airflow/dags/hello_airflow.py
[2026-05-31T11:48:20.311+0000] {logging_mixin.py:190} INFO - [2026-05-31T11:48:20.311+0000] {dag.py:3239} INFO - Sync 1 DAGs
[2026-05-31T11:48:20.332+0000] {logging_mixin.py:190} INFO - [2026-05-31T11:48:20.332+0000] {dag.py:4180} INFO - Setting next_dagrun for hello_airflow to 2026-05-31 11:47:00+00:00, run_after=2026-05-31 11:48:00+00:00
[2026-05-31T11:48:20.346+0000] {processor.py:208} INFO - Processing /opt/airflow/dags/hello_airflow.py took 0.074 seconds
[2026-05-31T11:48:50.629+0000] {processor.py:186} INFO - Started process (PID=1767) to work on /opt/airflow/dags/hello_airflow.py
[2026-05-31T11:48:50.630+0000] {processor.py:914} INFO - Processing file /opt/airflow/dags/hello_airflow.py for tasks to queue
[2026-05-31T11:48:50.632+0000] {logging_mixin.py:190} INFO - [2026-05-31T11:48:50.632+0000] {dagbag.py:588} INFO - Filling up the DagBag from /opt/airflow/dags/hello_airflow.py
[2026-05-31T11:48:50.640+0000] {processor.py:925} INFO - DAG(s) 'hello_airflow' retrieved from /opt/airflow/dags/hello_airflow.py
[2026-05-31T11:48:50.658+0000] {logging_mixin.py:190} INFO - [2026-05-31T11:48:50.658+0000] {dag.py:3239} INFO - Sync 1 DAGs
[2026-05-31T11:48:50.678+0000] {logging_mixin.py:190} INFO - [2026-05-31T11:48:50.678+0000] {dag.py:4180} INFO - Setting next_dagrun for hello_airflow to 2026-05-31 11:47:00+00:00, run_after=2026-05-31 11:48:00+00:00
[2026-05-31T11:48:50.692+0000] {processor.py:208} INFO - Processing /opt/airflow/dags/hello_airflow.py took 0.069 seconds
[2026-05-31T11:49:21.444+0000] {processor.py:186} INFO - Started process (PID=1791) to work on /opt/airflow/dags/hello_airflow.py
[2026-05-31T11:49:21.445+0000] {processor.py:914} INFO - Processing file /opt/airflow/dags/hello_airflow.py for tasks to queue
[2026-05-31T11:49:21.447+0000] {logging_mixin.py:190} INFO - [2026-05-31T11:49:21.447+0000] {dagbag.py:588} INFO - Filling up the DagBag from /opt/airflow/dags/hello_airflow.py
[2026-05-31T11:49:21.454+0000] {processor.py:925} INFO - DAG(s) 'hello_airflow' retrieved from /opt/airflow/dags/hello_airflow.py
[2026-05-31T11:49:21.476+0000] {logging_mixin.py:190} INFO - [2026-05-31T11:49:21.476+0000] {dag.py:3239} INFO - Sync 1 DAGs
[2026-05-31T11:49:21.501+0000] {logging_mixin.py:190} INFO - [2026-05-31T11:49:21.501+0000] {dag.py:4180} INFO - Setting next_dagrun for hello_airflow to 2026-05-31 11:48:00+00:00, run_after=2026-05-31 11:49:00+00:00
[2026-05-31T11:49:21.522+0000] {processor.py:208} INFO - Processing /opt/airflow/dags/hello_airflow.py took 0.083 seconds
[2026-05-31T11:49:51.635+0000] {processor.py:186} INFO - Started process (PID=1814) to work on /opt/airflow/dags/hello_airflow.py
[2026-05-31T11:49:51.638+0000] {processor.py:914} INFO - Processing file /opt/airflow/dags/hello_airflow.py for tasks to queue
[2026-05-31T11:49:51.645+0000] {logging_mixin.py:190} INFO - [2026-05-31T11:49:51.644+0000] {dagbag.py:588} INFO - Filling up the DagBag from /opt/airflow/dags/hello_airflow.py
[2026-05-31T11:49:51.670+0000] {processor.py:925} INFO - DAG(s) 'hello_airflow' retrieved from /opt/airflow/dags/hello_airflow.py
[2026-05-31T11:49:51.722+0000] {logging_mixin.py:190} INFO - [2026-05-31T11:49:51.722+0000] {dag.py:3239} INFO - Sync 1 DAGs
[2026-05-31T11:49:51.793+0000] {logging_mixin.py:190} INFO - [2026-05-31T11:49:51.793+0000] {dag.py:4180} INFO - Setting next_dagrun for hello_airflow to 2026-05-31 11:48:00+00:00, run_after=2026-05-31 11:49:00+00:00
[2026-05-31T11:49:51.835+0000] {processor.py:208} INFO - Processing /opt/airflow/dags/hello_airflow.py took 0.218 seconds
[2026-05-31T11:50:21.969+0000] {processor.py:186} INFO - Started process (PID=1835) to work on /opt/airflow/dags/hello_airflow.py
[2026-05-31T11:50:21.970+0000] {processor.py:914} INFO - Processing file /opt/airflow/dags/hello_airflow.py for tasks to queue
[2026-05-31T11:50:21.973+0000] {logging_mixin.py:190} INFO - [2026-05-31T11:50:21.973+0000] {dagbag.py:588} INFO - Filling up the DagBag from /opt/airflow/dags/hello_airflow.py
[2026-05-31T11:50:21.982+0000] {processor.py:925} INFO - DAG(s) 'hello_airflow' retrieved from /opt/airflow/dags/hello_airflow.py
[2026-05-31T11:50:22.004+0000] {logging_mixin.py:190} INFO - [2026-05-31T11:50:22.004+0000] {dag.py:3239} INFO - Sync 1 DAGs
[2026-05-31T11:50:22.029+0000] {logging_mixin.py:190} INFO - [2026-05-31T11:50:22.028+0000] {dag.py:4180} INFO - Setting next_dagrun for hello_airflow to 2026-05-31 11:49:00+00:00, run_after=2026-05-31 11:50:00+00:00
[2026-05-31T11:50:22.044+0000] {processor.py:208} INFO - Processing /opt/airflow/dags/hello_airflow.py took 0.081 seconds
[2026-05-31T11:50:52.147+0000] {processor.py:186} INFO - Started process (PID=1859) to work on /opt/airflow/dags/hello_airflow.py
[2026-05-31T11:50:52.148+0000] {processor.py:914} INFO - Processing file /opt/airflow/dags/hello_airflow.py for tasks to queue
[2026-05-31T11:50:52.150+0000] {logging_mixin.py:190} INFO - [2026-05-31T11:50:52.150+0000] {dagbag.py:588} INFO - Filling up the DagBag from /opt/airflow/dags/hello_airflow.py
[2026-05-31T11:50:52.158+0000] {processor.py:925} INFO - DAG(s) 'hello_airflow' retrieved from /opt/airflow/dags/hello_airflow.py
[2026-05-31T11:50:52.176+0000] {logging_mixin.py:190} INFO - [2026-05-31T11:50:52.176+0000] {dag.py:3239} INFO - Sync 1 DAGs
[2026-05-31T11:50:52.197+0000] {logging_mixin.py:190} INFO - [2026-05-31T11:50:52.197+0000] {dag.py:4180} INFO - Setting next_dagrun for hello_airflow to 2026-05-31 11:49:00+00:00, run_after=2026-05-31 11:50:00+00:00
[2026-05-31T11:50:52.213+0000] {processor.py:208} INFO - Processing /opt/airflow/dags/hello_airflow.py took 0.071 seconds
[2026-05-31T11:51:22.576+0000] {processor.py:186} INFO - Started process (PID=1884) to work on /opt/airflow/dags/hello_airflow.py
[2026-05-31T11:51:22.578+0000] {processor.py:914} INFO - Processing file /opt/airflow/dags/hello_airflow.py for tasks to queue
[2026-05-31T11:51:22.582+0000] {logging_mixin.py:190} INFO - [2026-05-31T11:51:22.582+0000] {dagbag.py:588} INFO - Filling up the DagBag from /opt/airflow/dags/hello_airflow.py
[2026-05-31T11:51:22.590+0000] {processor.py:925} INFO - DAG(s) 'hello_airflow' retrieved from /opt/airflow/dags/hello_airflow.py
[2026-05-31T11:51:22.623+0000] {logging_mixin.py:190} INFO - [2026-05-31T11:51:22.623+0000] {dag.py:3239} INFO - Sync 1 DAGs
[2026-05-31T11:51:22.653+0000] {logging_mixin.py:190} INFO - [2026-05-31T11:51:22.652+0000] {dag.py:4180} INFO - Setting next_dagrun for hello_airflow to 2026-05-31 11:50:00+00:00, run_after=2026-05-31 11:51:00+00:00
[2026-05-31T11:51:22.670+0000] {processor.py:208} INFO - Processing /opt/airflow/dags/hello_airflow.py took 0.100 seconds
[2026-05-31T11:51:52.789+0000] {processor.py:186} INFO - Started process (PID=1909) to work on /opt/airflow/dags/hello_airflow.py
[2026-05-31T11:51:52.790+0000] {processor.py:914} INFO - Processing file /opt/airflow/dags/hello_airflow.py for tasks to queue
[2026-05-31T11:51:52.792+0000] {logging_mixin.py:190} INFO - [2026-05-31T11:51:52.792+0000] {dagbag.py:588} INFO - Filling up the DagBag from /opt/airflow/dags/hello_airflow.py
[2026-05-31T11:51:52.805+0000] {processor.py:925} INFO - DAG(s) 'hello_airflow' retrieved from /opt/airflow/dags/hello_airflow.py
[2026-05-31T11:51:52.830+0000] {logging_mixin.py:190} INFO - [2026-05-31T11:51:52.829+0000] {dag.py:3239} INFO - Sync 1 DAGs
[2026-05-31T11:51:52.855+0000] {logging_mixin.py:190} INFO - [2026-05-31T11:51:52.855+0000] {dag.py:4180} INFO - Setting next_dagrun for hello_airflow to 2026-05-31 11:50:00+00:00, run_after=2026-05-31 11:51:00+00:00
[2026-05-31T11:51:52.871+0000] {processor.py:208} INFO - Processing /opt/airflow/dags/hello_airflow.py took 0.087 seconds
[2026-05-31T11:52:23.328+0000] {processor.py:186} INFO - Started process (PID=1933) to work on /opt/airflow/dags/hello_airflow.py
[2026-05-31T11:52:23.329+0000] {processor.py:914} INFO - Processing file /opt/airflow/dags/hello_airflow.py for tasks to queue
[2026-05-31T11:52:23.331+0000] {logging_mixin.py:190} INFO - [2026-05-31T11:52:23.331+0000] {dagbag.py:588} INFO - Filling up the DagBag from /opt/airflow/dags/hello_airflow.py
[2026-05-31T11:52:23.341+0000] {processor.py:925} INFO - DAG(s) 'hello_airflow' retrieved from /opt/airflow/dags/hello_airflow.py
[2026-05-31T11:52:23.360+0000] {logging_mixin.py:190} INFO - [2026-05-31T11:52:23.360+0000] {dag.py:3239} INFO - Sync 1 DAGs
[2026-05-31T11:52:23.383+0000] {logging_mixin.py:190} INFO - [2026-05-31T11:52:23.383+0000] {dag.py:4180} INFO - Setting next_dagrun for hello_airflow to 2026-05-31 11:51:00+00:00, run_after=2026-05-31 11:52:00+00:00
[2026-05-31T11:52:23.400+0000] {processor.py:208} INFO - Processing /opt/airflow/dags/hello_airflow.py took 0.079 seconds
[2026-05-31T11:52:54.375+0000] {processor.py:186} INFO - Started process (PID=1958) to work on /opt/airflow/dags/hello_airflow.py
[2026-05-31T11:52:54.376+0000] {processor.py:914} INFO - Processing file /opt/airflow/dags/hello_airflow.py for tasks to queue
[2026-05-31T11:52:54.378+0000] {logging_mixin.py:190} INFO - [2026-05-31T11:52:54.378+0000] {dagbag.py:588} INFO - Filling up the DagBag from /opt/airflow/dags/hello_airflow.py
[2026-05-31T11:52:54.387+0000] {processor.py:925} INFO - DAG(s) 'hello_airflow' retrieved from /opt/airflow/dags/hello_airflow.py
[2026-05-31T11:52:54.406+0000] {logging_mixin.py:190} INFO - [2026-05-31T11:52:54.405+0000] {dag.py:3239} INFO - Sync 1 DAGs
[2026-05-31T11:52:54.428+0000] {logging_mixin.py:190} INFO - [2026-05-31T11:52:54.428+0000] {dag.py:4180} INFO - Setting next_dagrun for hello_airflow to 2026-05-31 11:51:00+00:00, run_after=2026-05-31 11:52:00+00:00
[2026-05-31T11:52:54.442+0000] {processor.py:208} INFO - Processing /opt/airflow/dags/hello_airflow.py took 0.073 seconds
[2026-05-31T11:53:24.898+0000] {processor.py:186} INFO - Started process (PID=1982) to work on /opt/airflow/dags/hello_airflow.py
[2026-05-31T11:53:24.899+0000] {processor.py:914} INFO - Processing file /opt/airflow/dags/hello_airflow.py for tasks to queue
[2026-05-31T11:53:24.901+0000] {logging_mixin.py:190} INFO - [2026-05-31T11:53:24.901+0000] {dagbag.py:588} INFO - Filling up the DagBag from /opt/airflow/dags/hello_airflow.py
[2026-05-31T11:53:24.910+0000] {processor.py:925} INFO - DAG(s) 'hello_airflow' retrieved from /opt/airflow/dags/hello_airflow.py
[2026-05-31T11:53:24.929+0000] {logging_mixin.py:190} INFO - [2026-05-31T11:53:24.929+0000] {dag.py:3239} INFO - Sync 1 DAGs
[2026-05-31T11:53:24.949+0000] {logging_mixin.py:190} INFO - [2026-05-31T11:53:24.949+0000] {dag.py:4180} INFO - Setting next_dagrun for hello_airflow to 2026-05-31 11:52:00+00:00, run_after=2026-05-31 11:53:00+00:00
[2026-05-31T11:53:24.962+0000] {processor.py:208} INFO - Processing /opt/airflow/dags/hello_airflow.py took 0.070 seconds
[2026-05-31T11:53:55.379+0000] {processor.py:186} INFO - Started process (PID=2007) to work on /opt/airflow/dags/hello_airflow.py
[2026-05-31T11:53:55.380+0000] {processor.py:914} INFO - Processing file /opt/airflow/dags/hello_airflow.py for tasks to queue
[2026-05-31T11:53:55.382+0000] {logging_mixin.py:190} INFO - [2026-05-31T11:53:55.382+0000] {dagbag.py:588} INFO - Filling up the DagBag from /opt/airflow/dags/hello_airflow.py
[2026-05-31T11:53:55.391+0000] {processor.py:925} INFO - DAG(s) 'hello_airflow' retrieved from /opt/airflow/dags/hello_airflow.py
[2026-05-31T11:53:55.409+0000] {logging_mixin.py:190} INFO - [2026-05-31T11:53:55.409+0000] {dag.py:3239} INFO - Sync 1 DAGs
[2026-05-31T11:53:55.432+0000] {logging_mixin.py:190} INFO - [2026-05-31T11:53:55.432+0000] {dag.py:4180} INFO - Setting next_dagrun for hello_airflow to 2026-05-31 11:52:00+00:00, run_after=2026-05-31 11:53:00+00:00
[2026-05-31T11:53:55.445+0000] {processor.py:208} INFO - Processing /opt/airflow/dags/hello_airflow.py took 0.072 seconds
[2026-05-31T11:54:26.505+0000] {processor.py:186} INFO - Started process (PID=2032) to work on /opt/airflow/dags/hello_airflow.py
[2026-05-31T11:54:26.506+0000] {processor.py:914} INFO - Processing file /opt/airflow/dags/hello_airflow.py for tasks to queue
[2026-05-31T11:54:26.509+0000] {logging_mixin.py:190} INFO - [2026-05-31T11:54:26.509+0000] {dagbag.py:588} INFO - Filling up the DagBag from /opt/airflow/dags/hello_airflow.py
[2026-05-31T11:54:26.519+0000] {processor.py:925} INFO - DAG(s) 'hello_airflow' retrieved from /opt/airflow/dags/hello_airflow.py
[2026-05-31T11:54:26.540+0000] {logging_mixin.py:190} INFO - [2026-05-31T11:54:26.540+0000] {dag.py:3239} INFO - Sync 1 DAGs
[2026-05-31T11:54:26.565+0000] {logging_mixin.py:190} INFO - [2026-05-31T11:54:26.565+0000] {dag.py:4180} INFO - Setting next_dagrun for hello_airflow to 2026-05-31 11:53:00+00:00, run_after=2026-05-31 11:54:00+00:00
[2026-05-31T11:54:26.580+0000] {processor.py:208} INFO - Processing /opt/airflow/dags/hello_airflow.py took 0.082 seconds
[2026-05-31T11:54:58.295+0000] {processor.py:186} INFO - Started process (PID=2057) to work on /opt/airflow/dags/hello_airflow.py
[2026-05-31T11:54:58.309+0000] {processor.py:914} INFO - Processing file /opt/airflow/dags/hello_airflow.py for tasks to queue
[2026-05-31T11:54:58.330+0000] {logging_mixin.py:190} INFO - [2026-05-31T11:54:58.329+0000] {dagbag.py:588} INFO - Filling up the DagBag from /opt/airflow/dags/hello_airflow.py
[2026-05-31T11:54:58.406+0000] {processor.py:925} INFO - DAG(s) 'hello_airflow' retrieved from /opt/airflow/dags/hello_airflow.py
[2026-05-31T11:54:58.431+0000] {logging_mixin.py:190} INFO - [2026-05-31T11:54:58.431+0000] {dag.py:3239} INFO - Sync 1 DAGs
[2026-05-31T11:54:58.462+0000] {logging_mixin.py:190} INFO - [2026-05-31T11:54:58.461+0000] {dag.py:4180} INFO - Setting next_dagrun for hello_airflow to 2026-05-31 11:53:00+00:00, run_after=2026-05-31 11:54:00+00:00
[2026-05-31T11:54:58.486+0000] {processor.py:208} INFO - Processing /opt/airflow/dags/hello_airflow.py took 0.268 seconds
[2026-05-31T11:55:29.469+0000] {processor.py:186} INFO - Started process (PID=2081) to work on /opt/airflow/dags/hello_airflow.py
[2026-05-31T11:55:29.470+0000] {processor.py:914} INFO - Processing file /opt/airflow/dags/hello_airflow.py for tasks to queue
[2026-05-31T11:55:29.472+0000] {logging_mixin.py:190} INFO - [2026-05-31T11:55:29.471+0000] {dagbag.py:588} INFO - Filling up the DagBag from /opt/airflow/dags/hello_airflow.py
[2026-05-31T11:55:29.486+0000] {processor.py:925} INFO - DAG(s) 'hello_airflow' retrieved from /opt/airflow/dags/hello_airflow.py
[2026-05-31T11:55:29.505+0000] {logging_mixin.py:190} INFO - [2026-05-31T11:55:29.505+0000] {dag.py:3239} INFO - Sync 1 DAGs
[2026-05-31T11:55:29.528+0000] {logging_mixin.py:190} INFO - [2026-05-31T11:55:29.528+0000] {dag.py:4180} INFO - Setting next_dagrun for hello_airflow to 2026-05-31 11:54:00+00:00, run_after=2026-05-31 11:55:00+00:00
[2026-05-31T11:55:29.549+0000] {processor.py:208} INFO - Processing /opt/airflow/dags/hello_airflow.py took 0.085 seconds
[2026-05-31T11:55:59.867+0000] {processor.py:186} INFO - Started process (PID=2104) to work on /opt/airflow/dags/hello_airflow.py
[2026-05-31T11:55:59.868+0000] {processor.py:914} INFO - Processing file /opt/airflow/dags/hello_airflow.py for tasks to queue
[2026-05-31T11:55:59.870+0000] {logging_mixin.py:190} INFO - [2026-05-31T11:55:59.870+0000] {dagbag.py:588} INFO - Filling up the DagBag from /opt/airflow/dags/hello_airflow.py
[2026-05-31T11:55:59.879+0000] {processor.py:925} INFO - DAG(s) 'hello_airflow' retrieved from /opt/airflow/dags/hello_airflow.py
[2026-05-31T11:55:59.897+0000] {logging_mixin.py:190} INFO - [2026-05-31T11:55:59.896+0000] {dag.py:3239} INFO - Sync 1 DAGs
[2026-05-31T11:55:59.919+0000] {logging_mixin.py:190} INFO - [2026-05-31T11:55:59.919+0000] {dag.py:4180} INFO - Setting next_dagrun for hello_airflow to 2026-05-31 11:54:00+00:00, run_after=2026-05-31 11:55:00+00:00
[2026-05-31T11:55:59.933+0000] {processor.py:208} INFO - Processing /opt/airflow/dags/hello_airflow.py took 0.071 seconds
[2026-05-31T11:56:30.957+0000] {processor.py:186} INFO - Started process (PID=2128) to work on /opt/airflow/dags/hello_airflow.py
[2026-05-31T11:56:30.958+0000] {processor.py:914} INFO - Processing file /opt/airflow/dags/hello_airflow.py for tasks to queue
[2026-05-31T11:56:30.960+0000] {logging_mixin.py:190} INFO - [2026-05-31T11:56:30.960+0000] {dagbag.py:588} INFO - Filling up the DagBag from /opt/airflow/dags/hello_airflow.py
[2026-05-31T11:56:30.968+0000] {processor.py:925} INFO - DAG(s) 'hello_airflow' retrieved from /opt/airflow/dags/hello_airflow.py
[2026-05-31T11:56:30.988+0000] {logging_mixin.py:190} INFO - [2026-05-31T11:56:30.988+0000] {dag.py:3239} INFO - Sync 1 DAGs
[2026-05-31T11:56:31.011+0000] {logging_mixin.py:190} INFO - [2026-05-31T11:56:31.010+0000] {dag.py:4180} INFO - Setting next_dagrun for hello_airflow to 2026-05-31 11:55:00+00:00, run_after=2026-05-31 11:56:00+00:00
[2026-05-31T11:56:31.026+0000] {processor.py:208} INFO - Processing /opt/airflow/dags/hello_airflow.py took 0.077 seconds
[2026-05-31T11:57:02.159+0000] {processor.py:186} INFO - Started process (PID=2153) to work on /opt/airflow/dags/hello_airflow.py
[2026-05-31T11:57:02.160+0000] {processor.py:914} INFO - Processing file /opt/airflow/dags/hello_airflow.py for tasks to queue
[2026-05-31T11:57:02.163+0000] {logging_mixin.py:190} INFO - [2026-05-31T11:57:02.162+0000] {dagbag.py:588} INFO - Filling up the DagBag from /opt/airflow/dags/hello_airflow.py
[2026-05-31T11:57:02.172+0000] {processor.py:925} INFO - DAG(s) 'hello_airflow' retrieved from /opt/airflow/dags/hello_airflow.py
[2026-05-31T11:57:02.193+0000] {logging_mixin.py:190} INFO - [2026-05-31T11:57:02.193+0000] {dag.py:3239} INFO - Sync 1 DAGs
[2026-05-31T11:57:02.216+0000] {logging_mixin.py:190} INFO - [2026-05-31T11:57:02.216+0000] {dag.py:4180} INFO - Setting next_dagrun for hello_airflow to 2026-05-31 11:56:00+00:00, run_after=2026-05-31 11:57:00+00:00
[2026-05-31T11:57:02.242+0000] {processor.py:208} INFO - Processing /opt/airflow/dags/hello_airflow.py took 0.089 seconds
[2026-05-31T11:57:33.508+0000] {processor.py:186} INFO - Started process (PID=2177) to work on /opt/airflow/dags/hello_airflow.py
[2026-05-31T11:57:33.510+0000] {processor.py:914} INFO - Processing file /opt/airflow/dags/hello_airflow.py for tasks to queue
[2026-05-31T11:57:33.513+0000] {logging_mixin.py:190} INFO - [2026-05-31T11:57:33.512+0000] {dagbag.py:588} INFO - Filling up the DagBag from /opt/airflow/dags/hello_airflow.py
[2026-05-31T11:57:33.523+0000] {processor.py:925} INFO - DAG(s) 'hello_airflow' retrieved from /opt/airflow/dags/hello_airflow.py
[2026-05-31T11:57:33.544+0000] {logging_mixin.py:190} INFO - [2026-05-31T11:57:33.544+0000] {dag.py:3239} INFO - Sync 1 DAGs
[2026-05-31T11:57:33.565+0000] {logging_mixin.py:190} INFO - [2026-05-31T11:57:33.564+0000] {dag.py:4180} INFO - Setting next_dagrun for hello_airflow to 2026-05-31 11:56:00+00:00, run_after=2026-05-31 11:57:00+00:00
[2026-05-31T11:57:33.580+0000] {processor.py:208} INFO - Processing /opt/airflow/dags/hello_airflow.py took 0.076 seconds
[2026-05-31T11:58:04.406+0000] {processor.py:186} INFO - Started process (PID=2206) to work on /opt/airflow/dags/hello_airflow.py
[2026-05-31T11:58:04.407+0000] {processor.py:914} INFO - Processing file /opt/airflow/dags/hello_airflow.py for tasks to queue
[2026-05-31T11:58:04.409+0000] {logging_mixin.py:190} INFO - [2026-05-31T11:58:04.409+0000] {dagbag.py:588} INFO - Filling up the DagBag from /opt/airflow/dags/hello_airflow.py
[2026-05-31T11:58:04.417+0000] {processor.py:925} INFO - DAG(s) 'hello_airflow' retrieved from /opt/airflow/dags/hello_airflow.py
[2026-05-31T11:58:04.435+0000] {logging_mixin.py:190} INFO - [2026-05-31T11:58:04.434+0000] {dag.py:3239} INFO - Sync 1 DAGs
[2026-05-31T11:58:04.458+0000] {logging_mixin.py:190} INFO - [2026-05-31T11:58:04.457+0000] {dag.py:4180} INFO - Setting next_dagrun for hello_airflow to 2026-05-31 11:57:00+00:00, run_after=2026-05-31 11:58:00+00:00
[2026-05-31T11:58:04.474+0000] {processor.py:208} INFO - Processing /opt/airflow/dags/hello_airflow.py took 0.073 seconds
[2026-05-31T11:58:35.096+0000] {processor.py:186} INFO - Started process (PID=2226) to work on /opt/airflow/dags/hello_airflow.py
[2026-05-31T11:58:35.097+0000] {processor.py:914} INFO - Processing file /opt/airflow/dags/hello_airflow.py for tasks to queue
[2026-05-31T11:58:35.099+0000] {logging_mixin.py:190} INFO - [2026-05-31T11:58:35.099+0000] {dagbag.py:588} INFO - Filling up the DagBag from /opt/airflow/dags/hello_airflow.py
[2026-05-31T11:58:35.108+0000] {processor.py:925} INFO - DAG(s) 'hello_airflow' retrieved from /opt/airflow/dags/hello_airflow.py
[2026-05-31T11:58:35.129+0000] {logging_mixin.py:190} INFO - [2026-05-31T11:58:35.128+0000] {dag.py:3239} INFO - Sync 1 DAGs
[2026-05-31T11:58:35.158+0000] {logging_mixin.py:190} INFO - [2026-05-31T11:58:35.158+0000] {dag.py:4180} INFO - Setting next_dagrun for hello_airflow to 2026-05-31 11:57:00+00:00, run_after=2026-05-31 11:58:00+00:00
[2026-05-31T11:58:35.176+0000] {processor.py:208} INFO - Processing /opt/airflow/dags/hello_airflow.py took 0.085 seconds
[2026-05-31T11:59:05.238+0000] {processor.py:186} INFO - Started process (PID=2247) to work on /opt/airflow/dags/hello_airflow.py
[2026-05-31T11:59:05.238+0000] {processor.py:914} INFO - Processing file /opt/airflow/dags/hello_airflow.py for tasks to queue
[2026-05-31T11:59:05.241+0000] {logging_mixin.py:190} INFO - [2026-05-31T11:59:05.241+0000] {dagbag.py:588} INFO - Filling up the DagBag from /opt/airflow/dags/hello_airflow.py
[2026-05-31T11:59:05.248+0000] {processor.py:925} INFO - DAG(s) 'hello_airflow' retrieved from /opt/airflow/dags/hello_airflow.py
[2026-05-31T11:59:05.268+0000] {logging_mixin.py:190} INFO - [2026-05-31T11:59:05.268+0000] {dag.py:3239} INFO - Sync 1 DAGs
[2026-05-31T11:59:05.291+0000] {logging_mixin.py:190} INFO - [2026-05-31T11:59:05.290+0000] {dag.py:4180} INFO - Setting next_dagrun for hello_airflow to 2026-05-31 11:58:00+00:00, run_after=2026-05-31 11:59:00+00:00
[2026-05-31T11:59:05.305+0000] {processor.py:208} INFO - Processing /opt/airflow/dags/hello_airflow.py took 0.075 seconds
[2026-05-31T11:59:36.147+0000] {processor.py:186} INFO - Started process (PID=2271) to work on /opt/airflow/dags/hello_airflow.py
[2026-05-31T11:59:36.148+0000] {processor.py:914} INFO - Processing file /opt/airflow/dags/hello_airflow.py for tasks to queue
[2026-05-31T11:59:36.150+0000] {logging_mixin.py:190} INFO - [2026-05-31T11:59:36.150+0000] {dagbag.py:588} INFO - Filling up the DagBag from /opt/airflow/dags/hello_airflow.py
[2026-05-31T11:59:36.158+0000] {processor.py:925} INFO - DAG(s) 'hello_airflow' retrieved from /opt/airflow/dags/hello_airflow.py
[2026-05-31T11:59:36.176+0000] {logging_mixin.py:190} INFO - [2026-05-31T11:59:36.176+0000] {dag.py:3239} INFO - Sync 1 DAGs
[2026-05-31T11:59:36.197+0000] {logging_mixin.py:190} INFO - [2026-05-31T11:59:36.197+0000] {dag.py:4180} INFO - Setting next_dagrun for hello_airflow to 2026-05-31 11:58:00+00:00, run_after=2026-05-31 11:59:00+00:00
[2026-05-31T11:59:36.214+0000] {processor.py:208} INFO - Processing /opt/airflow/dags/hello_airflow.py took 0.072 seconds
[2026-05-31T12:00:06.788+0000] {processor.py:186} INFO - Started process (PID=2295) to work on /opt/airflow/dags/hello_airflow.py
[2026-05-31T12:00:06.789+0000] {processor.py:914} INFO - Processing file /opt/airflow/dags/hello_airflow.py for tasks to queue
[2026-05-31T12:00:06.791+0000] {logging_mixin.py:190} INFO - [2026-05-31T12:00:06.790+0000] {dagbag.py:588} INFO - Filling up the DagBag from /opt/airflow/dags/hello_airflow.py
[2026-05-31T12:00:06.801+0000] {processor.py:925} INFO - DAG(s) 'hello_airflow' retrieved from /opt/airflow/dags/hello_airflow.py
[2026-05-31T12:00:06.825+0000] {logging_mixin.py:190} INFO - [2026-05-31T12:00:06.825+0000] {dag.py:3239} INFO - Sync 1 DAGs
[2026-05-31T12:00:06.852+0000] {logging_mixin.py:190} INFO - [2026-05-31T12:00:06.852+0000] {dag.py:4180} INFO - Setting next_dagrun for hello_airflow to 2026-05-31 11:59:00+00:00, run_after=2026-05-31 12:00:00+00:00
[2026-05-31T12:00:06.915+0000] {processor.py:208} INFO - Processing /opt/airflow/dags/hello_airflow.py took 0.135 seconds
[2026-05-31T12:00:37.095+0000] {processor.py:186} INFO - Started process (PID=2317) to work on /opt/airflow/dags/hello_airflow.py
[2026-05-31T12:00:37.110+0000] {processor.py:914} INFO - Processing file /opt/airflow/dags/hello_airflow.py for tasks to queue
[2026-05-31T12:00:37.118+0000] {logging_mixin.py:190} INFO - [2026-05-31T12:00:37.118+0000] {dagbag.py:588} INFO - Filling up the DagBag from /opt/airflow/dags/hello_airflow.py
[2026-05-31T12:00:37.139+0000] {processor.py:925} INFO - DAG(s) 'hello_airflow' retrieved from /opt/airflow/dags/hello_airflow.py
[2026-05-31T12:00:37.196+0000] {logging_mixin.py:190} INFO - [2026-05-31T12:00:37.195+0000] {dag.py:3239} INFO - Sync 1 DAGs
[2026-05-31T12:00:37.308+0000] {logging_mixin.py:190} INFO - [2026-05-31T12:00:37.308+0000] {dag.py:4180} INFO - Setting next_dagrun for hello_airflow to 2026-05-31 11:59:00+00:00, run_after=2026-05-31 12:00:00+00:00
[2026-05-31T12:00:37.342+0000] {processor.py:208} INFO - Processing /opt/airflow/dags/hello_airflow.py took 0.276 seconds
[2026-05-31T12:01:08.501+0000] {processor.py:186} INFO - Started process (PID=2343) to work on /opt/airflow/dags/hello_airflow.py
[2026-05-31T12:01:08.502+0000] {processor.py:914} INFO - Processing file /opt/airflow/dags/hello_airflow.py for tasks to queue
[2026-05-31T12:01:08.508+0000] {logging_mixin.py:190} INFO - [2026-05-31T12:01:08.508+0000] {dagbag.py:588} INFO - Filling up the DagBag from /opt/airflow/dags/hello_airflow.py
[2026-05-31T12:01:08.520+0000] {processor.py:925} INFO - DAG(s) 'hello_airflow' retrieved from /opt/airflow/dags/hello_airflow.py
[2026-05-31T12:01:08.641+0000] {logging_mixin.py:190} INFO - [2026-05-31T12:01:08.641+0000] {dag.py:3239} INFO - Sync 1 DAGs
[2026-05-31T12:01:08.762+0000] {logging_mixin.py:190} INFO - [2026-05-31T12:01:08.761+0000] {dag.py:4180} INFO - Setting next_dagrun for hello_airflow to 2026-05-31 12:00:00+00:00, run_after=2026-05-31 12:01:00+00:00
[2026-05-31T12:01:08.788+0000] {processor.py:208} INFO - Processing /opt/airflow/dags/hello_airflow.py took 0.295 seconds
[2026-05-31T12:01:39.493+0000] {processor.py:186} INFO - Started process (PID=2367) to work on /opt/airflow/dags/hello_airflow.py
[2026-05-31T12:01:39.496+0000] {processor.py:914} INFO - Processing file /opt/airflow/dags/hello_airflow.py for tasks to queue
[2026-05-31T12:01:39.498+0000] {logging_mixin.py:190} INFO - [2026-05-31T12:01:39.498+0000] {dagbag.py:588} INFO - Filling up the DagBag from /opt/airflow/dags/hello_airflow.py
[2026-05-31T12:01:39.506+0000] {processor.py:925} INFO - DAG(s) 'hello_airflow' retrieved from /opt/airflow/dags/hello_airflow.py
[2026-05-31T12:01:39.526+0000] {logging_mixin.py:190} INFO - [2026-05-31T12:01:39.525+0000] {dag.py:3239} INFO - Sync 1 DAGs
[2026-05-31T12:01:39.552+0000] {logging_mixin.py:190} INFO - [2026-05-31T12:01:39.552+0000] {dag.py:4180} INFO - Setting next_dagrun for hello_airflow to 2026-05-31 12:00:00+00:00, run_after=2026-05-31 12:01:00+00:00
[2026-05-31T12:01:39.565+0000] {processor.py:208} INFO - Processing /opt/airflow/dags/hello_airflow.py took 0.077 seconds
[2026-05-31T12:02:10.306+0000] {processor.py:186} INFO - Started process (PID=2391) to work on /opt/airflow/dags/hello_airflow.py
[2026-05-31T12:02:10.307+0000] {processor.py:914} INFO - Processing file /opt/airflow/dags/hello_airflow.py for tasks to queue
[2026-05-31T12:02:10.317+0000] {logging_mixin.py:190} INFO - [2026-05-31T12:02:10.316+0000] {dagbag.py:588} INFO - Filling up the DagBag from /opt/airflow/dags/hello_airflow.py
[2026-05-31T12:02:10.338+0000] {processor.py:925} INFO - DAG(s) 'hello_airflow' retrieved from /opt/airflow/dags/hello_airflow.py
[2026-05-31T12:02:10.371+0000] {logging_mixin.py:190} INFO - [2026-05-31T12:02:10.371+0000] {dag.py:3239} INFO - Sync 1 DAGs
[2026-05-31T12:02:10.409+0000] {logging_mixin.py:190} INFO - [2026-05-31T12:02:10.409+0000] {dag.py:4180} INFO - Setting next_dagrun for hello_airflow to 2026-05-31 12:01:00+00:00, run_after=2026-05-31 12:02:00+00:00
[2026-05-31T12:02:10.430+0000] {processor.py:208} INFO - Processing /opt/airflow/dags/hello_airflow.py took 0.136 seconds
[2026-05-31T12:02:40.521+0000] {processor.py:186} INFO - Started process (PID=2413) to work on /opt/airflow/dags/hello_airflow.py
[2026-05-31T12:02:40.524+0000] {processor.py:914} INFO - Processing file /opt/airflow/dags/hello_airflow.py for tasks to queue
[2026-05-31T12:02:40.534+0000] {logging_mixin.py:190} INFO - [2026-05-31T12:02:40.531+0000] {dagbag.py:588} INFO - Filling up the DagBag from /opt/airflow/dags/hello_airflow.py
[2026-05-31T12:02:40.556+0000] {processor.py:925} INFO - DAG(s) 'hello_airflow' retrieved from /opt/airflow/dags/hello_airflow.py
[2026-05-31T12:02:40.608+0000] {logging_mixin.py:190} INFO - [2026-05-31T12:02:40.608+0000] {dag.py:3239} INFO - Sync 1 DAGs
[2026-05-31T12:02:40.663+0000] {logging_mixin.py:190} INFO - [2026-05-31T12:02:40.663+0000] {dag.py:4180} INFO - Setting next_dagrun for hello_airflow to 2026-05-31 12:01:00+00:00, run_after=2026-05-31 12:02:00+00:00
[2026-05-31T12:02:40.693+0000] {processor.py:208} INFO - Processing /opt/airflow/dags/hello_airflow.py took 0.192 seconds
[2026-05-31T12:03:11.058+0000] {processor.py:186} INFO - Started process (PID=2436) to work on /opt/airflow/dags/hello_airflow.py
[2026-05-31T12:03:11.060+0000] {processor.py:914} INFO - Processing file /opt/airflow/dags/hello_airflow.py for tasks to queue
[2026-05-31T12:03:11.068+0000] {logging_mixin.py:190} INFO - [2026-05-31T12:03:11.068+0000] {dagbag.py:588} INFO - Filling up the DagBag from /opt/airflow/dags/hello_airflow.py
[2026-05-31T12:03:11.089+0000] {processor.py:925} INFO - DAG(s) 'hello_airflow' retrieved from /opt/airflow/dags/hello_airflow.py
[2026-05-31T12:03:11.139+0000] {logging_mixin.py:190} INFO - [2026-05-31T12:03:11.139+0000] {dag.py:3239} INFO - Sync 1 DAGs
[2026-05-31T12:03:11.195+0000] {logging_mixin.py:190} INFO - [2026-05-31T12:03:11.195+0000] {dag.py:4180} INFO - Setting next_dagrun for hello_airflow to 2026-05-31 12:02:00+00:00, run_after=2026-05-31 12:03:00+00:00
[2026-05-31T12:03:11.216+0000] {processor.py:208} INFO - Processing /opt/airflow/dags/hello_airflow.py took 0.176 seconds
[2026-05-31T12:03:42.260+0000] {processor.py:186} INFO - Started process (PID=2457) to work on /opt/airflow/dags/hello_airflow.py
[2026-05-31T12:03:42.266+0000] {processor.py:914} INFO - Processing file /opt/airflow/dags/hello_airflow.py for tasks to queue
[2026-05-31T12:03:42.273+0000] {logging_mixin.py:190} INFO - [2026-05-31T12:03:42.272+0000] {dagbag.py:588} INFO - Filling up the DagBag from /opt/airflow/dags/hello_airflow.py
[2026-05-31T12:03:42.314+0000] {processor.py:925} INFO - DAG(s) 'hello_airflow' retrieved from /opt/airflow/dags/hello_airflow.py
[2026-05-31T12:03:42.501+0000] {logging_mixin.py:190} INFO - [2026-05-31T12:03:42.495+0000] {dag.py:3239} INFO - Sync 1 DAGs
[2026-05-31T12:03:42.666+0000] {logging_mixin.py:190} INFO - [2026-05-31T12:03:42.663+0000] {dag.py:4180} INFO - Setting next_dagrun for hello_airflow to 2026-05-31 12:02:00+00:00, run_after=2026-05-31 12:03:00+00:00
[2026-05-31T12:03:42.765+0000] {processor.py:208} INFO - Processing /opt/airflow/dags/hello_airflow.py took 0.535 seconds
[2026-05-31T12:04:13.285+0000] {processor.py:186} INFO - Started process (PID=2478) to work on /opt/airflow/dags/hello_airflow.py
[2026-05-31T12:04:13.294+0000] {processor.py:914} INFO - Processing file /opt/airflow/dags/hello_airflow.py for tasks to queue
[2026-05-31T12:04:13.297+0000] {logging_mixin.py:190} INFO - [2026-05-31T12:04:13.297+0000] {dagbag.py:588} INFO - Filling up the DagBag from /opt/airflow/dags/hello_airflow.py
[2026-05-31T12:04:13.316+0000] {processor.py:925} INFO - DAG(s) 'hello_airflow' retrieved from /opt/airflow/dags/hello_airflow.py
[2026-05-31T12:04:13.360+0000] {logging_mixin.py:190} INFO - [2026-05-31T12:04:13.360+0000] {dag.py:3239} INFO - Sync 1 DAGs
[2026-05-31T12:04:13.403+0000] {logging_mixin.py:190} INFO - [2026-05-31T12:04:13.403+0000] {dag.py:4180} INFO - Setting next_dagrun for hello_airflow to 2026-05-31 12:03:00+00:00, run_after=2026-05-31 12:04:00+00:00
[2026-05-31T12:04:13.424+0000] {processor.py:208} INFO - Processing /opt/airflow/dags/hello_airflow.py took 0.147 seconds
[2026-05-31T12:04:43.503+0000] {processor.py:186} INFO - Started process (PID=2502) to work on /opt/airflow/dags/hello_airflow.py
[2026-05-31T12:04:43.505+0000] {processor.py:914} INFO - Processing file /opt/airflow/dags/hello_airflow.py for tasks to queue
[2026-05-31T12:04:43.507+0000] {logging_mixin.py:190} INFO - [2026-05-31T12:04:43.507+0000] {dagbag.py:588} INFO - Filling up the DagBag from /opt/airflow/dags/hello_airflow.py
[2026-05-31T12:04:43.516+0000] {processor.py:925} INFO - DAG(s) 'hello_airflow' retrieved from /opt/airflow/dags/hello_airflow.py
[2026-05-31T12:04:43.543+0000] {logging_mixin.py:190} INFO - [2026-05-31T12:04:43.543+0000] {dag.py:3239} INFO - Sync 1 DAGs
[2026-05-31T12:04:43.571+0000] {logging_mixin.py:190} INFO - [2026-05-31T12:04:43.571+0000] {dag.py:4180} INFO - Setting next_dagrun for hello_airflow to 2026-05-31 12:03:00+00:00, run_after=2026-05-31 12:04:00+00:00
[2026-05-31T12:04:43.591+0000] {processor.py:208} INFO - Processing /opt/airflow/dags/hello_airflow.py took 0.093 seconds
[2026-05-31T12:05:13.690+0000] {processor.py:186} INFO - Started process (PID=2526) to work on /opt/airflow/dags/hello_airflow.py
[2026-05-31T12:05:13.691+0000] {processor.py:914} INFO - Processing file /opt/airflow/dags/hello_airflow.py for tasks to queue
[2026-05-31T12:05:13.693+0000] {logging_mixin.py:190} INFO - [2026-05-31T12:05:13.693+0000] {dagbag.py:588} INFO - Filling up the DagBag from /opt/airflow/dags/hello_airflow.py
[2026-05-31T12:05:13.703+0000] {processor.py:925} INFO - DAG(s) 'hello_airflow' retrieved from /opt/airflow/dags/hello_airflow.py
[2026-05-31T12:05:13.727+0000] {logging_mixin.py:190} INFO - [2026-05-31T12:05:13.727+0000] {dag.py:3239} INFO - Sync 1 DAGs
[2026-05-31T12:05:13.749+0000] {logging_mixin.py:190} INFO - [2026-05-31T12:05:13.749+0000] {dag.py:4180} INFO - Setting next_dagrun for hello_airflow to 2026-05-31 12:04:00+00:00, run_after=2026-05-31 12:05:00+00:00
[2026-05-31T12:05:13.765+0000] {processor.py:208} INFO - Processing /opt/airflow/dags/hello_airflow.py took 0.081 seconds
[2026-05-31T12:05:44.021+0000] {processor.py:186} INFO - Started process (PID=2550) to work on /opt/airflow/dags/hello_airflow.py
[2026-05-31T12:05:44.023+0000] {processor.py:914} INFO - Processing file /opt/airflow/dags/hello_airflow.py for tasks to queue
[2026-05-31T12:05:44.027+0000] {logging_mixin.py:190} INFO - [2026-05-31T12:05:44.026+0000] {dagbag.py:588} INFO - Filling up the DagBag from /opt/airflow/dags/hello_airflow.py
[2026-05-31T12:05:44.035+0000] {processor.py:925} INFO - DAG(s) 'hello_airflow' retrieved from /opt/airflow/dags/hello_airflow.py
[2026-05-31T12:05:44.054+0000] {logging_mixin.py:190} INFO - [2026-05-31T12:05:44.054+0000] {dag.py:3239} INFO - Sync 1 DAGs
[2026-05-31T12:05:44.077+0000] {logging_mixin.py:190} INFO - [2026-05-31T12:05:44.077+0000] {dag.py:4180} INFO - Setting next_dagrun for hello_airflow to 2026-05-31 12:04:00+00:00, run_after=2026-05-31 12:05:00+00:00
[2026-05-31T12:05:44.091+0000] {processor.py:208} INFO - Processing /opt/airflow/dags/hello_airflow.py took 0.076 seconds
[2026-05-31T12:06:14.672+0000] {processor.py:186} INFO - Started process (PID=2574) to work on /opt/airflow/dags/hello_airflow.py
[2026-05-31T12:06:14.673+0000] {processor.py:914} INFO - Processing file /opt/airflow/dags/hello_airflow.py for tasks to queue
[2026-05-31T12:06:14.676+0000] {logging_mixin.py:190} INFO - [2026-05-31T12:06:14.676+0000] {dagbag.py:588} INFO - Filling up the DagBag from /opt/airflow/dags/hello_airflow.py
[2026-05-31T12:06:14.684+0000] {processor.py:925} INFO - DAG(s) 'hello_airflow' retrieved from /opt/airflow/dags/hello_airflow.py
[2026-05-31T12:06:14.703+0000] {logging_mixin.py:190} INFO - [2026-05-31T12:06:14.703+0000] {dag.py:3239} INFO - Sync 1 DAGs
[2026-05-31T12:06:14.728+0000] {logging_mixin.py:190} INFO - [2026-05-31T12:06:14.727+0000] {dag.py:4180} INFO - Setting next_dagrun for hello_airflow to 2026-05-31 12:05:00+00:00, run_after=2026-05-31 12:06:00+00:00
[2026-05-31T12:06:14.747+0000] {processor.py:208} INFO - Processing /opt/airflow/dags/hello_airflow.py took 0.081 seconds
[2026-05-31T12:06:45.284+0000] {processor.py:186} INFO - Started process (PID=2598) to work on /opt/airflow/dags/hello_airflow.py
[2026-05-31T12:06:45.285+0000] {processor.py:914} INFO - Processing file /opt/airflow/dags/hello_airflow.py for tasks to queue
[2026-05-31T12:06:45.288+0000] {logging_mixin.py:190} INFO - [2026-05-31T12:06:45.287+0000] {dagbag.py:588} INFO - Filling up the DagBag from /opt/airflow/dags/hello_airflow.py
[2026-05-31T12:06:45.296+0000] {processor.py:925} INFO - DAG(s) 'hello_airflow' retrieved from /opt/airflow/dags/hello_airflow.py
[2026-05-31T12:06:45.318+0000] {logging_mixin.py:190} INFO - [2026-05-31T12:06:45.317+0000] {dag.py:3239} INFO - Sync 1 DAGs
[2026-05-31T12:06:45.345+0000] {logging_mixin.py:190} INFO - [2026-05-31T12:06:45.345+0000] {dag.py:4180} INFO - Setting next_dagrun for hello_airflow to 2026-05-31 12:05:00+00:00, run_after=2026-05-31 12:06:00+00:00
[2026-05-31T12:06:45.365+0000] {processor.py:208} INFO - Processing /opt/airflow/dags/hello_airflow.py took 0.088 seconds
[2026-05-31T12:07:16.051+0000] {processor.py:186} INFO - Started process (PID=2622) to work on /opt/airflow/dags/hello_airflow.py
[2026-05-31T12:07:16.052+0000] {processor.py:914} INFO - Processing file /opt/airflow/dags/hello_airflow.py for tasks to queue
[2026-05-31T12:07:16.053+0000] {logging_mixin.py:190} INFO - [2026-05-31T12:07:16.053+0000] {dagbag.py:588} INFO - Filling up the DagBag from /opt/airflow/dags/hello_airflow.py
[2026-05-31T12:07:16.063+0000] {processor.py:925} INFO - DAG(s) 'hello_airflow' retrieved from /opt/airflow/dags/hello_airflow.py
[2026-05-31T12:07:16.088+0000] {logging_mixin.py:190} INFO - [2026-05-31T12:07:16.088+0000] {dag.py:3239} INFO - Sync 1 DAGs
[2026-05-31T12:07:16.121+0000] {logging_mixin.py:190} INFO - [2026-05-31T12:07:16.121+0000] {dag.py:4180} INFO - Setting next_dagrun for hello_airflow to 2026-05-31 12:06:00+00:00, run_after=2026-05-31 12:07:00+00:00
[2026-05-31T12:07:16.137+0000] {processor.py:208} INFO - Processing /opt/airflow/dags/hello_airflow.py took 0.093 seconds
[2026-05-31T12:07:46.438+0000] {processor.py:186} INFO - Started process (PID=2646) to work on /opt/airflow/dags/hello_airflow.py
[2026-05-31T12:07:46.439+0000] {processor.py:914} INFO - Processing file /opt/airflow/dags/hello_airflow.py for tasks to queue
[2026-05-31T12:07:46.442+0000] {logging_mixin.py:190} INFO - [2026-05-31T12:07:46.442+0000] {dagbag.py:588} INFO - Filling up the DagBag from /opt/airflow/dags/hello_airflow.py
[2026-05-31T12:07:46.451+0000] {processor.py:925} INFO - DAG(s) 'hello_airflow' retrieved from /opt/airflow/dags/hello_airflow.py
[2026-05-31T12:07:46.471+0000] {logging_mixin.py:190} INFO - [2026-05-31T12:07:46.471+0000] {dag.py:3239} INFO - Sync 1 DAGs
[2026-05-31T12:07:46.501+0000] {logging_mixin.py:190} INFO - [2026-05-31T12:07:46.500+0000] {dag.py:4180} INFO - Setting next_dagrun for hello_airflow to 2026-05-31 12:06:00+00:00, run_after=2026-05-31 12:07:00+00:00
[2026-05-31T12:07:46.519+0000] {processor.py:208} INFO - Processing /opt/airflow/dags/hello_airflow.py took 0.087 seconds
[2026-05-31T12:08:17.205+0000] {processor.py:186} INFO - Started process (PID=2670) to work on /opt/airflow/dags/hello_airflow.py
[2026-05-31T12:08:17.206+0000] {processor.py:914} INFO - Processing file /opt/airflow/dags/hello_airflow.py for tasks to queue
[2026-05-31T12:08:17.208+0000] {logging_mixin.py:190} INFO - [2026-05-31T12:08:17.208+0000] {dagbag.py:588} INFO - Filling up the DagBag from /opt/airflow/dags/hello_airflow.py
[2026-05-31T12:08:17.217+0000] {processor.py:925} INFO - DAG(s) 'hello_airflow' retrieved from /opt/airflow/dags/hello_airflow.py
[2026-05-31T12:08:17.236+0000] {logging_mixin.py:190} INFO - [2026-05-31T12:08:17.236+0000] {dag.py:3239} INFO - Sync 1 DAGs
[2026-05-31T12:08:17.390+0000] {logging_mixin.py:190} INFO - [2026-05-31T12:08:17.390+0000] {dag.py:4180} INFO - Setting next_dagrun for hello_airflow to 2026-05-31 12:07:00+00:00, run_after=2026-05-31 12:08:00+00:00
[2026-05-31T12:08:17.402+0000] {processor.py:208} INFO - Processing /opt/airflow/dags/hello_airflow.py took 0.203 seconds
[2026-05-31T12:08:47.569+0000] {processor.py:186} INFO - Started process (PID=2694) to work on /opt/airflow/dags/hello_airflow.py
[2026-05-31T12:08:47.570+0000] {processor.py:914} INFO - Processing file /opt/airflow/dags/hello_airflow.py for tasks to queue
[2026-05-31T12:08:47.573+0000] {logging_mixin.py:190} INFO - [2026-05-31T12:08:47.573+0000] {dagbag.py:588} INFO - Filling up the DagBag from /opt/airflow/dags/hello_airflow.py
[2026-05-31T12:08:47.583+0000] {processor.py:925} INFO - DAG(s) 'hello_airflow' retrieved from /opt/airflow/dags/hello_airflow.py
[2026-05-31T12:08:47.602+0000] {logging_mixin.py:190} INFO - [2026-05-31T12:08:47.602+0000] {dag.py:3239} INFO - Sync 1 DAGs
[2026-05-31T12:08:47.626+0000] {logging_mixin.py:190} INFO - [2026-05-31T12:08:47.626+0000] {dag.py:4180} INFO - Setting next_dagrun for hello_airflow to 2026-05-31 12:07:00+00:00, run_after=2026-05-31 12:08:00+00:00
[2026-05-31T12:08:47.649+0000] {processor.py:208} INFO - Processing /opt/airflow/dags/hello_airflow.py took 0.086 seconds
[2026-05-31T12:09:17.801+0000] {processor.py:186} INFO - Started process (PID=2718) to work on /opt/airflow/dags/hello_airflow.py
[2026-05-31T12:09:17.802+0000] {processor.py:914} INFO - Processing file /opt/airflow/dags/hello_airflow.py for tasks to queue
[2026-05-31T12:09:17.804+0000] {logging_mixin.py:190} INFO - [2026-05-31T12:09:17.804+0000] {dagbag.py:588} INFO - Filling up the DagBag from /opt/airflow/dags/hello_airflow.py
[2026-05-31T12:09:17.814+0000] {processor.py:925} INFO - DAG(s) 'hello_airflow' retrieved from /opt/airflow/dags/hello_airflow.py
[2026-05-31T12:09:17.835+0000] {logging_mixin.py:190} INFO - [2026-05-31T12:09:17.835+0000] {dag.py:3239} INFO - Sync 1 DAGs
[2026-05-31T12:09:18.001+0000] {logging_mixin.py:190} INFO - [2026-05-31T12:09:18.001+0000] {dag.py:4180} INFO - Setting next_dagrun for hello_airflow to 2026-05-31 12:08:00+00:00, run_after=2026-05-31 12:09:00+00:00
[2026-05-31T12:09:18.018+0000] {processor.py:208} INFO - Processing /opt/airflow/dags/hello_airflow.py took 0.222 seconds
[2026-05-31T12:09:48.317+0000] {processor.py:186} INFO - Started process (PID=2737) to work on /opt/airflow/dags/hello_airflow.py
[2026-05-31T12:09:48.318+0000] {processor.py:914} INFO - Processing file /opt/airflow/dags/hello_airflow.py for tasks to queue
[2026-05-31T12:09:48.320+0000] {logging_mixin.py:190} INFO - [2026-05-31T12:09:48.319+0000] {dagbag.py:588} INFO - Filling up the DagBag from /opt/airflow/dags/hello_airflow.py
[2026-05-31T12:09:48.328+0000] {processor.py:925} INFO - DAG(s) 'hello_airflow' retrieved from /opt/airflow/dags/hello_airflow.py
[2026-05-31T12:09:48.488+0000] {logging_mixin.py:190} INFO - [2026-05-31T12:09:48.488+0000] {dag.py:3239} INFO - Sync 1 DAGs
[2026-05-31T12:09:48.506+0000] {logging_mixin.py:190} INFO - [2026-05-31T12:09:48.506+0000] {dag.py:4180} INFO - Setting next_dagrun for hello_airflow to 2026-05-31 12:08:00+00:00, run_after=2026-05-31 12:09:00+00:00
[2026-05-31T12:09:48.520+0000] {processor.py:208} INFO - Processing /opt/airflow/dags/hello_airflow.py took 0.208 seconds
[2026-05-31T12:10:19.324+0000] {processor.py:186} INFO - Started process (PID=2762) to work on /opt/airflow/dags/hello_airflow.py
[2026-05-31T12:10:19.325+0000] {processor.py:914} INFO - Processing file /opt/airflow/dags/hello_airflow.py for tasks to queue
[2026-05-31T12:10:19.328+0000] {logging_mixin.py:190} INFO - [2026-05-31T12:10:19.328+0000] {dagbag.py:588} INFO - Filling up the DagBag from /opt/airflow/dags/hello_airflow.py
[2026-05-31T12:10:19.337+0000] {processor.py:925} INFO - DAG(s) 'hello_airflow' retrieved from /opt/airflow/dags/hello_airflow.py
[2026-05-31T12:10:19.356+0000] {logging_mixin.py:190} INFO - [2026-05-31T12:10:19.356+0000] {dag.py:3239} INFO - Sync 1 DAGs
[2026-05-31T12:10:19.380+0000] {logging_mixin.py:190} INFO - [2026-05-31T12:10:19.379+0000] {dag.py:4180} INFO - Setting next_dagrun for hello_airflow to 2026-05-31 12:09:00+00:00, run_after=2026-05-31 12:10:00+00:00
[2026-05-31T12:10:19.394+0000] {processor.py:208} INFO - Processing /opt/airflow/dags/hello_airflow.py took 0.077 seconds
[2026-05-31T12:10:49.861+0000] {processor.py:186} INFO - Started process (PID=2786) to work on /opt/airflow/dags/hello_airflow.py
[2026-05-31T12:10:49.862+0000] {processor.py:914} INFO - Processing file /opt/airflow/dags/hello_airflow.py for tasks to queue
[2026-05-31T12:10:49.864+0000] {logging_mixin.py:190} INFO - [2026-05-31T12:10:49.864+0000] {dagbag.py:588} INFO - Filling up the DagBag from /opt/airflow/dags/hello_airflow.py
[2026-05-31T12:10:49.874+0000] {processor.py:925} INFO - DAG(s) 'hello_airflow' retrieved from /opt/airflow/dags/hello_airflow.py
[2026-05-31T12:10:49.893+0000] {logging_mixin.py:190} INFO - [2026-05-31T12:10:49.892+0000] {dag.py:3239} INFO - Sync 1 DAGs
[2026-05-31T12:10:49.913+0000] {logging_mixin.py:190} INFO - [2026-05-31T12:10:49.913+0000] {dag.py:4180} INFO - Setting next_dagrun for hello_airflow to 2026-05-31 12:09:00+00:00, run_after=2026-05-31 12:10:00+00:00
[2026-05-31T12:10:49.928+0000] {processor.py:208} INFO - Processing /opt/airflow/dags/hello_airflow.py took 0.076 seconds
[2026-05-31T12:11:20.366+0000] {processor.py:186} INFO - Started process (PID=2810) to work on /opt/airflow/dags/hello_airflow.py
[2026-05-31T12:11:20.367+0000] {processor.py:914} INFO - Processing file /opt/airflow/dags/hello_airflow.py for tasks to queue
[2026-05-31T12:11:20.369+0000] {logging_mixin.py:190} INFO - [2026-05-31T12:11:20.368+0000] {dagbag.py:588} INFO - Filling up the DagBag from /opt/airflow/dags/hello_airflow.py
[2026-05-31T12:11:20.377+0000] {processor.py:925} INFO - DAG(s) 'hello_airflow' retrieved from /opt/airflow/dags/hello_airflow.py
[2026-05-31T12:11:20.398+0000] {logging_mixin.py:190} INFO - [2026-05-31T12:11:20.397+0000] {dag.py:3239} INFO - Sync 1 DAGs
[2026-05-31T12:11:20.420+0000] {logging_mixin.py:190} INFO - [2026-05-31T12:11:20.420+0000] {dag.py:4180} INFO - Setting next_dagrun for hello_airflow to 2026-05-31 12:10:00+00:00, run_after=2026-05-31 12:11:00+00:00
[2026-05-31T12:11:20.436+0000] {processor.py:208} INFO - Processing /opt/airflow/dags/hello_airflow.py took 0.076 seconds
[2026-05-31T12:11:51.031+0000] {processor.py:186} INFO - Started process (PID=2834) to work on /opt/airflow/dags/hello_airflow.py
[2026-05-31T12:11:51.033+0000] {processor.py:914} INFO - Processing file /opt/airflow/dags/hello_airflow.py for tasks to queue
[2026-05-31T12:11:51.036+0000] {logging_mixin.py:190} INFO - [2026-05-31T12:11:51.036+0000] {dagbag.py:588} INFO - Filling up the DagBag from /opt/airflow/dags/hello_airflow.py
[2026-05-31T12:11:51.048+0000] {processor.py:925} INFO - DAG(s) 'hello_airflow' retrieved from /opt/airflow/dags/hello_airflow.py
[2026-05-31T12:11:51.066+0000] {logging_mixin.py:190} INFO - [2026-05-31T12:11:51.066+0000] {dag.py:3239} INFO - Sync 1 DAGs
[2026-05-31T12:11:51.088+0000] {logging_mixin.py:190} INFO - [2026-05-31T12:11:51.088+0000] {dag.py:4180} INFO - Setting next_dagrun for hello_airflow to 2026-05-31 12:10:00+00:00, run_after=2026-05-31 12:11:00+00:00
[2026-05-31T12:11:51.101+0000] {processor.py:208} INFO - Processing /opt/airflow/dags/hello_airflow.py took 0.083 seconds
[2026-05-31T12:12:21.351+0000] {processor.py:186} INFO - Started process (PID=2858) to work on /opt/airflow/dags/hello_airflow.py
[2026-05-31T12:12:21.352+0000] {processor.py:914} INFO - Processing file /opt/airflow/dags/hello_airflow.py for tasks to queue
[2026-05-31T12:12:21.355+0000] {logging_mixin.py:190} INFO - [2026-05-31T12:12:21.355+0000] {dagbag.py:588} INFO - Filling up the DagBag from /opt/airflow/dags/hello_airflow.py
[2026-05-31T12:12:21.362+0000] {processor.py:925} INFO - DAG(s) 'hello_airflow' retrieved from /opt/airflow/dags/hello_airflow.py
[2026-05-31T12:12:21.383+0000] {logging_mixin.py:190} INFO - [2026-05-31T12:12:21.383+0000] {dag.py:3239} INFO - Sync 1 DAGs
[2026-05-31T12:12:21.406+0000] {logging_mixin.py:190} INFO - [2026-05-31T12:12:21.405+0000] {dag.py:4180} INFO - Setting next_dagrun for hello_airflow to 2026-05-31 12:11:00+00:00, run_after=2026-05-31 12:12:00+00:00
[2026-05-31T12:12:21.422+0000] {processor.py:208} INFO - Processing /opt/airflow/dags/hello_airflow.py took 0.077 seconds
[2026-05-31T12:12:51.506+0000] {processor.py:186} INFO - Started process (PID=2883) to work on /opt/airflow/dags/hello_airflow.py
[2026-05-31T12:12:51.507+0000] {processor.py:914} INFO - Processing file /opt/airflow/dags/hello_airflow.py for tasks to queue
[2026-05-31T12:12:51.511+0000] {logging_mixin.py:190} INFO - [2026-05-31T12:12:51.510+0000] {dagbag.py:588} INFO - Filling up the DagBag from /opt/airflow/dags/hello_airflow.py
[2026-05-31T12:12:51.521+0000] {processor.py:925} INFO - DAG(s) 'hello_airflow' retrieved from /opt/airflow/dags/hello_airflow.py
[2026-05-31T12:12:51.543+0000] {logging_mixin.py:190} INFO - [2026-05-31T12:12:51.543+0000] {dag.py:3239} INFO - Sync 1 DAGs
[2026-05-31T12:12:51.567+0000] {logging_mixin.py:190} INFO - [2026-05-31T12:12:51.567+0000] {dag.py:4180} INFO - Setting next_dagrun for hello_airflow to 2026-05-31 12:11:00+00:00, run_after=2026-05-31 12:12:00+00:00
[2026-05-31T12:12:51.583+0000] {processor.py:208} INFO - Processing /opt/airflow/dags/hello_airflow.py took 0.086 seconds
[2026-05-31T12:13:22.352+0000] {processor.py:186} INFO - Started process (PID=2907) to work on /opt/airflow/dags/hello_airflow.py
[2026-05-31T12:13:22.353+0000] {processor.py:914} INFO - Processing file /opt/airflow/dags/hello_airflow.py for tasks to queue
[2026-05-31T12:13:22.355+0000] {logging_mixin.py:190} INFO - [2026-05-31T12:13:22.355+0000] {dagbag.py:588} INFO - Filling up the DagBag from /opt/airflow/dags/hello_airflow.py
[2026-05-31T12:13:22.363+0000] {processor.py:925} INFO - DAG(s) 'hello_airflow' retrieved from /opt/airflow/dags/hello_airflow.py
[2026-05-31T12:13:22.381+0000] {logging_mixin.py:190} INFO - [2026-05-31T12:13:22.381+0000] {dag.py:3239} INFO - Sync 1 DAGs
[2026-05-31T12:13:22.403+0000] {logging_mixin.py:190} INFO - [2026-05-31T12:13:22.403+0000] {dag.py:4180} INFO - Setting next_dagrun for hello_airflow to 2026-05-31 12:12:00+00:00, run_after=2026-05-31 12:13:00+00:00
[2026-05-31T12:13:22.418+0000] {processor.py:208} INFO - Processing /opt/airflow/dags/hello_airflow.py took 0.072 seconds
[2026-05-31T12:13:52.551+0000] {processor.py:186} INFO - Started process (PID=2931) to work on /opt/airflow/dags/hello_airflow.py
[2026-05-31T12:13:52.554+0000] {processor.py:914} INFO - Processing file /opt/airflow/dags/hello_airflow.py for tasks to queue
[2026-05-31T12:13:52.561+0000] {logging_mixin.py:190} INFO - [2026-05-31T12:13:52.561+0000] {dagbag.py:588} INFO - Filling up the DagBag from /opt/airflow/dags/hello_airflow.py
[2026-05-31T12:13:52.586+0000] {processor.py:925} INFO - DAG(s) 'hello_airflow' retrieved from /opt/airflow/dags/hello_airflow.py
[2026-05-31T12:13:52.638+0000] {logging_mixin.py:190} INFO - [2026-05-31T12:13:52.638+0000] {dag.py:3239} INFO - Sync 1 DAGs
[2026-05-31T12:13:52.668+0000] {logging_mixin.py:190} INFO - [2026-05-31T12:13:52.668+0000] {dag.py:4180} INFO - Setting next_dagrun for hello_airflow to 2026-05-31 12:12:00+00:00, run_after=2026-05-31 12:13:00+00:00
[2026-05-31T12:13:52.681+0000] {processor.py:208} INFO - Processing /opt/airflow/dags/hello_airflow.py took 0.150 seconds
[2026-05-31T12:14:23.699+0000] {processor.py:186} INFO - Started process (PID=2955) to work on /opt/airflow/dags/hello_airflow.py
[2026-05-31T12:14:23.700+0000] {processor.py:914} INFO - Processing file /opt/airflow/dags/hello_airflow.py for tasks to queue
[2026-05-31T12:14:23.702+0000] {logging_mixin.py:190} INFO - [2026-05-31T12:14:23.701+0000] {dagbag.py:588} INFO - Filling up the DagBag from /opt/airflow/dags/hello_airflow.py
[2026-05-31T12:14:23.709+0000] {processor.py:925} INFO - DAG(s) 'hello_airflow' retrieved from /opt/airflow/dags/hello_airflow.py
[2026-05-31T12:14:23.727+0000] {logging_mixin.py:190} INFO - [2026-05-31T12:14:23.727+0000] {dag.py:3239} INFO - Sync 1 DAGs
[2026-05-31T12:14:23.752+0000] {logging_mixin.py:190} INFO - [2026-05-31T12:14:23.752+0000] {dag.py:4180} INFO - Setting next_dagrun for hello_airflow to 2026-05-31 12:13:00+00:00, run_after=2026-05-31 12:14:00+00:00
[2026-05-31T12:14:23.768+0000] {processor.py:208} INFO - Processing /opt/airflow/dags/hello_airflow.py took 0.094 seconds
[2026-05-31T12:14:53.873+0000] {processor.py:186} INFO - Started process (PID=2980) to work on /opt/airflow/dags/hello_airflow.py
[2026-05-31T12:14:53.874+0000] {processor.py:914} INFO - Processing file /opt/airflow/dags/hello_airflow.py for tasks to queue
[2026-05-31T12:14:53.876+0000] {logging_mixin.py:190} INFO - [2026-05-31T12:14:53.876+0000] {dagbag.py:588} INFO - Filling up the DagBag from /opt/airflow/dags/hello_airflow.py
[2026-05-31T12:14:53.885+0000] {processor.py:925} INFO - DAG(s) 'hello_airflow' retrieved from /opt/airflow/dags/hello_airflow.py
[2026-05-31T12:14:53.904+0000] {logging_mixin.py:190} INFO - [2026-05-31T12:14:53.904+0000] {dag.py:3239} INFO - Sync 1 DAGs
[2026-05-31T12:14:53.925+0000] {logging_mixin.py:190} INFO - [2026-05-31T12:14:53.925+0000] {dag.py:4180} INFO - Setting next_dagrun for hello_airflow to 2026-05-31 12:13:00+00:00, run_after=2026-05-31 12:14:00+00:00
[2026-05-31T12:14:53.938+0000] {processor.py:208} INFO - Processing /opt/airflow/dags/hello_airflow.py took 0.070 seconds
[2026-05-31T12:15:24.005+0000] {processor.py:186} INFO - Started process (PID=3004) to work on /opt/airflow/dags/hello_airflow.py
[2026-05-31T12:15:24.007+0000] {processor.py:914} INFO - Processing file /opt/airflow/dags/hello_airflow.py for tasks to queue
[2026-05-31T12:15:24.014+0000] {logging_mixin.py:190} INFO - [2026-05-31T12:15:24.014+0000] {dagbag.py:588} INFO - Filling up the DagBag from /opt/airflow/dags/hello_airflow.py
[2026-05-31T12:15:24.023+0000] {processor.py:925} INFO - DAG(s) 'hello_airflow' retrieved from /opt/airflow/dags/hello_airflow.py
[2026-05-31T12:15:24.041+0000] {logging_mixin.py:190} INFO - [2026-05-31T12:15:24.040+0000] {dag.py:3239} INFO - Sync 1 DAGs
[2026-05-31T12:15:24.061+0000] {logging_mixin.py:190} INFO - [2026-05-31T12:15:24.061+0000] {dag.py:4180} INFO - Setting next_dagrun for hello_airflow to 2026-05-31 12:14:00+00:00, run_after=2026-05-31 12:15:00+00:00
[2026-05-31T12:15:24.079+0000] {processor.py:208} INFO - Processing /opt/airflow/dags/hello_airflow.py took 0.085 seconds
[2026-05-31T12:15:55.113+0000] {processor.py:186} INFO - Started process (PID=3028) to work on /opt/airflow/dags/hello_airflow.py
[2026-05-31T12:15:55.115+0000] {processor.py:914} INFO - Processing file /opt/airflow/dags/hello_airflow.py for tasks to queue
[2026-05-31T12:15:55.117+0000] {logging_mixin.py:190} INFO - [2026-05-31T12:15:55.117+0000] {dagbag.py:588} INFO - Filling up the DagBag from /opt/airflow/dags/hello_airflow.py
[2026-05-31T12:15:55.126+0000] {processor.py:925} INFO - DAG(s) 'hello_airflow' retrieved from /opt/airflow/dags/hello_airflow.py
[2026-05-31T12:15:55.143+0000] {logging_mixin.py:190} INFO - [2026-05-31T12:15:55.143+0000] {dag.py:3239} INFO - Sync 1 DAGs
[2026-05-31T12:15:55.167+0000] {logging_mixin.py:190} INFO - [2026-05-31T12:15:55.167+0000] {dag.py:4180} INFO - Setting next_dagrun for hello_airflow to 2026-05-31 12:14:00+00:00, run_after=2026-05-31 12:15:00+00:00
[2026-05-31T12:15:55.181+0000] {processor.py:208} INFO - Processing /opt/airflow/dags/hello_airflow.py took 0.073 seconds
[2026-05-31T12:16:26.140+0000] {processor.py:186} INFO - Started process (PID=3049) to work on /opt/airflow/dags/hello_airflow.py
[2026-05-31T12:16:26.141+0000] {processor.py:914} INFO - Processing file /opt/airflow/dags/hello_airflow.py for tasks to queue
[2026-05-31T12:16:26.144+0000] {logging_mixin.py:190} INFO - [2026-05-31T12:16:26.143+0000] {dagbag.py:588} INFO - Filling up the DagBag from /opt/airflow/dags/hello_airflow.py
[2026-05-31T12:16:26.152+0000] {processor.py:925} INFO - DAG(s) 'hello_airflow' retrieved from /opt/airflow/dags/hello_airflow.py
[2026-05-31T12:16:26.172+0000] {logging_mixin.py:190} INFO - [2026-05-31T12:16:26.171+0000] {dag.py:3239} INFO - Sync 1 DAGs
[2026-05-31T12:16:26.195+0000] {logging_mixin.py:190} INFO - [2026-05-31T12:16:26.195+0000] {dag.py:4180} INFO - Setting next_dagrun for hello_airflow to 2026-05-31 12:15:00+00:00, run_after=2026-05-31 12:16:00+00:00
[2026-05-31T12:16:26.209+0000] {processor.py:208} INFO - Processing /opt/airflow/dags/hello_airflow.py took 0.075 seconds
[2026-05-31T12:16:57.132+0000] {processor.py:186} INFO - Started process (PID=3072) to work on /opt/airflow/dags/hello_airflow.py
[2026-05-31T12:16:57.133+0000] {processor.py:914} INFO - Processing file /opt/airflow/dags/hello_airflow.py for tasks to queue
[2026-05-31T12:16:57.136+0000] {logging_mixin.py:190} INFO - [2026-05-31T12:16:57.135+0000] {dagbag.py:588} INFO - Filling up the DagBag from /opt/airflow/dags/hello_airflow.py
[2026-05-31T12:16:57.144+0000] {processor.py:925} INFO - DAG(s) 'hello_airflow' retrieved from /opt/airflow/dags/hello_airflow.py
[2026-05-31T12:16:57.161+0000] {logging_mixin.py:190} INFO - [2026-05-31T12:16:57.161+0000] {dag.py:3239} INFO - Sync 1 DAGs
[2026-05-31T12:16:57.183+0000] {logging_mixin.py:190} INFO - [2026-05-31T12:16:57.183+0000] {dag.py:4180} INFO - Setting next_dagrun for hello_airflow to 2026-05-31 12:15:00+00:00, run_after=2026-05-31 12:16:00+00:00
[2026-05-31T12:16:57.197+0000] {processor.py:208} INFO - Processing /opt/airflow/dags/hello_airflow.py took 0.070 seconds
[2026-05-31T12:17:27.546+0000] {processor.py:186} INFO - Started process (PID=3096) to work on /opt/airflow/dags/hello_airflow.py
[2026-05-31T12:17:27.547+0000] {processor.py:914} INFO - Processing file /opt/airflow/dags/hello_airflow.py for tasks to queue
[2026-05-31T12:17:27.549+0000] {logging_mixin.py:190} INFO - [2026-05-31T12:17:27.549+0000] {dagbag.py:588} INFO - Filling up the DagBag from /opt/airflow/dags/hello_airflow.py
[2026-05-31T12:17:27.558+0000] {processor.py:925} INFO - DAG(s) 'hello_airflow' retrieved from /opt/airflow/dags/hello_airflow.py
[2026-05-31T12:17:27.577+0000] {logging_mixin.py:190} INFO - [2026-05-31T12:17:27.577+0000] {dag.py:3239} INFO - Sync 1 DAGs
[2026-05-31T12:17:27.600+0000] {logging_mixin.py:190} INFO - [2026-05-31T12:17:27.600+0000] {dag.py:4180} INFO - Setting next_dagrun for hello_airflow to 2026-05-31 12:16:00+00:00, run_after=2026-05-31 12:17:00+00:00
[2026-05-31T12:17:27.616+0000] {processor.py:208} INFO - Processing /opt/airflow/dags/hello_airflow.py took 0.076 seconds
[2026-05-31T12:17:57.886+0000] {processor.py:186} INFO - Started process (PID=3119) to work on /opt/airflow/dags/hello_airflow.py
[2026-05-31T12:17:57.887+0000] {processor.py:914} INFO - Processing file /opt/airflow/dags/hello_airflow.py for tasks to queue
[2026-05-31T12:17:57.891+0000] {logging_mixin.py:190} INFO - [2026-05-31T12:17:57.891+0000] {dagbag.py:588} INFO - Filling up the DagBag from /opt/airflow/dags/hello_airflow.py
[2026-05-31T12:17:57.901+0000] {processor.py:925} INFO - DAG(s) 'hello_airflow' retrieved from /opt/airflow/dags/hello_airflow.py
[2026-05-31T12:17:57.922+0000] {logging_mixin.py:190} INFO - [2026-05-31T12:17:57.922+0000] {dag.py:3239} INFO - Sync 1 DAGs
[2026-05-31T12:17:57.945+0000] {logging_mixin.py:190} INFO - [2026-05-31T12:17:57.945+0000] {dag.py:4180} INFO - Setting next_dagrun for hello_airflow to 2026-05-31 12:16:00+00:00, run_after=2026-05-31 12:17:00+00:00
[2026-05-31T12:17:57.966+0000] {processor.py:208} INFO - Processing /opt/airflow/dags/hello_airflow.py took 0.087 seconds
[2026-05-31T12:18:29.102+0000] {processor.py:186} INFO - Started process (PID=3144) to work on /opt/airflow/dags/hello_airflow.py
[2026-05-31T12:18:29.103+0000] {processor.py:914} INFO - Processing file /opt/airflow/dags/hello_airflow.py for tasks to queue
[2026-05-31T12:18:29.108+0000] {logging_mixin.py:190} INFO - [2026-05-31T12:18:29.108+0000] {dagbag.py:588} INFO - Filling up the DagBag from /opt/airflow/dags/hello_airflow.py
[2026-05-31T12:18:29.126+0000] {processor.py:925} INFO - DAG(s) 'hello_airflow' retrieved from /opt/airflow/dags/hello_airflow.py
[2026-05-31T12:18:29.144+0000] {logging_mixin.py:190} INFO - [2026-05-31T12:18:29.144+0000] {dag.py:3239} INFO - Sync 1 DAGs
[2026-05-31T12:18:29.166+0000] {logging_mixin.py:190} INFO - [2026-05-31T12:18:29.166+0000] {dag.py:4180} INFO - Setting next_dagrun for hello_airflow to 2026-05-31 12:17:00+00:00, run_after=2026-05-31 12:18:00+00:00
[2026-05-31T12:18:29.180+0000] {processor.py:208} INFO - Processing /opt/airflow/dags/hello_airflow.py took 0.083 seconds
[2026-05-31T12:18:59.832+0000] {processor.py:186} INFO - Started process (PID=3168) to work on /opt/airflow/dags/hello_airflow.py
[2026-05-31T12:18:59.834+0000] {processor.py:914} INFO - Processing file /opt/airflow/dags/hello_airflow.py for tasks to queue
[2026-05-31T12:18:59.838+0000] {logging_mixin.py:190} INFO - [2026-05-31T12:18:59.838+0000] {dagbag.py:588} INFO - Filling up the DagBag from /opt/airflow/dags/hello_airflow.py
[2026-05-31T12:18:59.849+0000] {processor.py:925} INFO - DAG(s) 'hello_airflow' retrieved from /opt/airflow/dags/hello_airflow.py
[2026-05-31T12:18:59.874+0000] {logging_mixin.py:190} INFO - [2026-05-31T12:18:59.874+0000] {dag.py:3239} INFO - Sync 1 DAGs
[2026-05-31T12:18:59.898+0000] {logging_mixin.py:190} INFO - [2026-05-31T12:18:59.898+0000] {dag.py:4180} INFO - Setting next_dagrun for hello_airflow to 2026-05-31 12:17:00+00:00, run_after=2026-05-31 12:18:00+00:00
[2026-05-31T12:18:59.915+0000] {processor.py:208} INFO - Processing /opt/airflow/dags/hello_airflow.py took 0.098 seconds
[2026-05-31T12:19:30.340+0000] {processor.py:186} INFO - Started process (PID=3192) to work on /opt/airflow/dags/hello_airflow.py
[2026-05-31T12:19:30.341+0000] {processor.py:914} INFO - Processing file /opt/airflow/dags/hello_airflow.py for tasks to queue
[2026-05-31T12:19:30.344+0000] {logging_mixin.py:190} INFO - [2026-05-31T12:19:30.344+0000] {dagbag.py:588} INFO - Filling up the DagBag from /opt/airflow/dags/hello_airflow.py
[2026-05-31T12:19:30.354+0000] {processor.py:925} INFO - DAG(s) 'hello_airflow' retrieved from /opt/airflow/dags/hello_airflow.py
[2026-05-31T12:19:30.374+0000] {logging_mixin.py:190} INFO - [2026-05-31T12:19:30.374+0000] {dag.py:3239} INFO - Sync 1 DAGs
[2026-05-31T12:19:30.398+0000] {logging_mixin.py:190} INFO - [2026-05-31T12:19:30.398+0000] {dag.py:4180} INFO - Setting next_dagrun for hello_airflow to 2026-05-31 12:18:00+00:00, run_after=2026-05-31 12:19:00+00:00
[2026-05-31T12:19:30.414+0000] {processor.py:208} INFO - Processing /opt/airflow/dags/hello_airflow.py took 0.081 seconds
[2026-05-31T12:20:00.731+0000] {processor.py:186} INFO - Started process (PID=3216) to work on /opt/airflow/dags/hello_airflow.py
[2026-05-31T12:20:00.732+0000] {processor.py:914} INFO - Processing file /opt/airflow/dags/hello_airflow.py for tasks to queue
[2026-05-31T12:20:00.742+0000] {logging_mixin.py:190} INFO - [2026-05-31T12:20:00.742+0000] {dagbag.py:588} INFO - Filling up the DagBag from /opt/airflow/dags/hello_airflow.py
[2026-05-31T12:20:00.750+0000] {processor.py:925} INFO - DAG(s) 'hello_airflow' retrieved from /opt/airflow/dags/hello_airflow.py
[2026-05-31T12:20:00.772+0000] {logging_mixin.py:190} INFO - [2026-05-31T12:20:00.772+0000] {dag.py:3239} INFO - Sync 1 DAGs
[2026-05-31T12:20:00.795+0000] {logging_mixin.py:190} INFO - [2026-05-31T12:20:00.795+0000] {dag.py:4180} INFO - Setting next_dagrun for hello_airflow to 2026-05-31 12:19:00+00:00, run_after=2026-05-31 12:20:00+00:00
[2026-05-31T12:20:00.810+0000] {processor.py:208} INFO - Processing /opt/airflow/dags/hello_airflow.py took 0.085 seconds
[2026-05-31T12:20:31.015+0000] {processor.py:186} INFO - Started process (PID=3241) to work on /opt/airflow/dags/hello_airflow.py
[2026-05-31T12:20:31.018+0000] {processor.py:914} INFO - Processing file /opt/airflow/dags/hello_airflow.py for tasks to queue
[2026-05-31T12:20:31.020+0000] {logging_mixin.py:190} INFO - [2026-05-31T12:20:31.020+0000] {dagbag.py:588} INFO - Filling up the DagBag from /opt/airflow/dags/hello_airflow.py
[2026-05-31T12:20:31.029+0000] {processor.py:925} INFO - DAG(s) 'hello_airflow' retrieved from /opt/airflow/dags/hello_airflow.py
[2026-05-31T12:20:31.051+0000] {logging_mixin.py:190} INFO - [2026-05-31T12:20:31.050+0000] {dag.py:3239} INFO - Sync 1 DAGs
[2026-05-31T12:20:31.074+0000] {logging_mixin.py:190} INFO - [2026-05-31T12:20:31.074+0000] {dag.py:4180} INFO - Setting next_dagrun for hello_airflow to 2026-05-31 12:19:00+00:00, run_after=2026-05-31 12:20:00+00:00
[2026-05-31T12:20:31.088+0000] {processor.py:208} INFO - Processing /opt/airflow/dags/hello_airflow.py took 0.078 seconds
[2026-05-31T12:21:01.241+0000] {processor.py:186} INFO - Started process (PID=3265) to work on /opt/airflow/dags/hello_airflow.py
[2026-05-31T12:21:01.243+0000] {processor.py:914} INFO - Processing file /opt/airflow/dags/hello_airflow.py for tasks to queue
[2026-05-31T12:21:01.245+0000] {logging_mixin.py:190} INFO - [2026-05-31T12:21:01.245+0000] {dagbag.py:588} INFO - Filling up the DagBag from /opt/airflow/dags/hello_airflow.py
[2026-05-31T12:21:01.254+0000] {processor.py:925} INFO - DAG(s) 'hello_airflow' retrieved from /opt/airflow/dags/hello_airflow.py
[2026-05-31T12:21:01.276+0000] {logging_mixin.py:190} INFO - [2026-05-31T12:21:01.276+0000] {dag.py:3239} INFO - Sync 1 DAGs
[2026-05-31T12:21:01.305+0000] {logging_mixin.py:190} INFO - [2026-05-31T12:21:01.305+0000] {dag.py:4180} INFO - Setting next_dagrun for hello_airflow to 2026-05-31 12:20:00+00:00, run_after=2026-05-31 12:21:00+00:00
[2026-05-31T12:21:01.318+0000] {processor.py:208} INFO - Processing /opt/airflow/dags/hello_airflow.py took 0.089 seconds
[2026-05-31T12:21:31.450+0000] {processor.py:186} INFO - Started process (PID=3289) to work on /opt/airflow/dags/hello_airflow.py
[2026-05-31T12:21:31.451+0000] {processor.py:914} INFO - Processing file /opt/airflow/dags/hello_airflow.py for tasks to queue
[2026-05-31T12:21:31.454+0000] {logging_mixin.py:190} INFO - [2026-05-31T12:21:31.453+0000] {dagbag.py:588} INFO - Filling up the DagBag from /opt/airflow/dags/hello_airflow.py
[2026-05-31T12:21:31.461+0000] {processor.py:925} INFO - DAG(s) 'hello_airflow' retrieved from /opt/airflow/dags/hello_airflow.py
[2026-05-31T12:21:31.481+0000] {logging_mixin.py:190} INFO - [2026-05-31T12:21:31.480+0000] {dag.py:3239} INFO - Sync 1 DAGs
[2026-05-31T12:21:31.501+0000] {logging_mixin.py:190} INFO - [2026-05-31T12:21:31.501+0000] {dag.py:4180} INFO - Setting next_dagrun for hello_airflow to 2026-05-31 12:20:00+00:00, run_after=2026-05-31 12:21:00+00:00
[2026-05-31T12:21:31.513+0000] {processor.py:208} INFO - Processing /opt/airflow/dags/hello_airflow.py took 0.069 seconds
[2026-05-31T12:22:01.649+0000] {processor.py:186} INFO - Started process (PID=3313) to work on /opt/airflow/dags/hello_airflow.py
[2026-05-31T12:22:01.650+0000] {processor.py:914} INFO - Processing file /opt/airflow/dags/hello_airflow.py for tasks to queue
[2026-05-31T12:22:01.652+0000] {logging_mixin.py:190} INFO - [2026-05-31T12:22:01.652+0000] {dagbag.py:588} INFO - Filling up the DagBag from /opt/airflow/dags/hello_airflow.py
[2026-05-31T12:22:01.659+0000] {processor.py:925} INFO - DAG(s) 'hello_airflow' retrieved from /opt/airflow/dags/hello_airflow.py
[2026-05-31T12:22:01.691+0000] {logging_mixin.py:190} INFO - [2026-05-31T12:22:01.690+0000] {dag.py:3239} INFO - Sync 1 DAGs
[2026-05-31T12:22:01.721+0000] {logging_mixin.py:190} INFO - [2026-05-31T12:22:01.720+0000] {dag.py:4180} INFO - Setting next_dagrun for hello_airflow to 2026-05-31 12:21:00+00:00, run_after=2026-05-31 12:22:00+00:00
[2026-05-31T12:22:01.736+0000] {processor.py:208} INFO - Processing /opt/airflow/dags/hello_airflow.py took 0.094 seconds
[2026-05-31T12:22:31.987+0000] {processor.py:186} INFO - Started process (PID=3337) to work on /opt/airflow/dags/hello_airflow.py
[2026-05-31T12:22:31.988+0000] {processor.py:914} INFO - Processing file /opt/airflow/dags/hello_airflow.py for tasks to queue
[2026-05-31T12:22:31.990+0000] {logging_mixin.py:190} INFO - [2026-05-31T12:22:31.989+0000] {dagbag.py:588} INFO - Filling up the DagBag from /opt/airflow/dags/hello_airflow.py
[2026-05-31T12:22:31.998+0000] {processor.py:925} INFO - DAG(s) 'hello_airflow' retrieved from /opt/airflow/dags/hello_airflow.py
[2026-05-31T12:22:32.016+0000] {logging_mixin.py:190} INFO - [2026-05-31T12:22:32.016+0000] {dag.py:3239} INFO - Sync 1 DAGs
[2026-05-31T12:22:32.037+0000] {logging_mixin.py:190} INFO - [2026-05-31T12:22:32.036+0000] {dag.py:4180} INFO - Setting next_dagrun for hello_airflow to 2026-05-31 12:21:00+00:00, run_after=2026-05-31 12:22:00+00:00
[2026-05-31T12:22:32.055+0000] {processor.py:208} INFO - Processing /opt/airflow/dags/hello_airflow.py took 0.074 seconds
[2026-05-31T12:23:03.059+0000] {processor.py:186} INFO - Started process (PID=3357) to work on /opt/airflow/dags/hello_airflow.py
[2026-05-31T12:23:03.061+0000] {processor.py:914} INFO - Processing file /opt/airflow/dags/hello_airflow.py for tasks to queue
[2026-05-31T12:23:03.064+0000] {logging_mixin.py:190} INFO - [2026-05-31T12:23:03.064+0000] {dagbag.py:588} INFO - Filling up the DagBag from /opt/airflow/dags/hello_airflow.py
[2026-05-31T12:23:03.073+0000] {processor.py:925} INFO - DAG(s) 'hello_airflow' retrieved from /opt/airflow/dags/hello_airflow.py
[2026-05-31T12:23:03.092+0000] {logging_mixin.py:190} INFO - [2026-05-31T12:23:03.092+0000] {dag.py:3239} INFO - Sync 1 DAGs
[2026-05-31T12:23:03.117+0000] {logging_mixin.py:190} INFO - [2026-05-31T12:23:03.117+0000] {dag.py:4180} INFO - Setting next_dagrun for hello_airflow to 2026-05-31 12:22:00+00:00, run_after=2026-05-31 12:23:00+00:00
[2026-05-31T12:23:03.133+0000] {processor.py:208} INFO - Processing /opt/airflow/dags/hello_airflow.py took 0.081 seconds
[2026-05-31T12:23:33.268+0000] {processor.py:186} INFO - Started process (PID=3379) to work on /opt/airflow/dags/hello_airflow.py
[2026-05-31T12:23:33.270+0000] {processor.py:914} INFO - Processing file /opt/airflow/dags/hello_airflow.py for tasks to queue
[2026-05-31T12:23:33.274+0000] {logging_mixin.py:190} INFO - [2026-05-31T12:23:33.273+0000] {dagbag.py:588} INFO - Filling up the DagBag from /opt/airflow/dags/hello_airflow.py
[2026-05-31T12:23:33.285+0000] {processor.py:925} INFO - DAG(s) 'hello_airflow' retrieved from /opt/airflow/dags/hello_airflow.py
[2026-05-31T12:23:33.311+0000] {logging_mixin.py:190} INFO - [2026-05-31T12:23:33.311+0000] {dag.py:3239} INFO - Sync 1 DAGs
[2026-05-31T12:23:33.348+0000] {logging_mixin.py:190} INFO - [2026-05-31T12:23:33.347+0000] {dag.py:4180} INFO - Setting next_dagrun for hello_airflow to 2026-05-31 12:22:00+00:00, run_after=2026-05-31 12:23:00+00:00
[2026-05-31T12:23:33.366+0000] {processor.py:208} INFO - Processing /opt/airflow/dags/hello_airflow.py took 0.104 seconds
[2026-05-31T12:24:03.495+0000] {processor.py:186} INFO - Started process (PID=3403) to work on /opt/airflow/dags/hello_airflow.py
[2026-05-31T12:24:03.496+0000] {processor.py:914} INFO - Processing file /opt/airflow/dags/hello_airflow.py for tasks to queue
[2026-05-31T12:24:03.497+0000] {logging_mixin.py:190} INFO - [2026-05-31T12:24:03.497+0000] {dagbag.py:588} INFO - Filling up the DagBag from /opt/airflow/dags/hello_airflow.py
[2026-05-31T12:24:03.505+0000] {processor.py:925} INFO - DAG(s) 'hello_airflow' retrieved from /opt/airflow/dags/hello_airflow.py
[2026-05-31T12:24:03.527+0000] {logging_mixin.py:190} INFO - [2026-05-31T12:24:03.527+0000] {dag.py:3239} INFO - Sync 1 DAGs
[2026-05-31T12:24:03.549+0000] {logging_mixin.py:190} INFO - [2026-05-31T12:24:03.549+0000] {dag.py:4180} INFO - Setting next_dagrun for hello_airflow to 2026-05-31 12:23:00+00:00, run_after=2026-05-31 12:24:00+00:00
[2026-05-31T12:24:03.568+0000] {processor.py:208} INFO - Processing /opt/airflow/dags/hello_airflow.py took 0.081 seconds
[2026-05-31T12:24:34.131+0000] {processor.py:186} INFO - Started process (PID=3428) to work on /opt/airflow/dags/hello_airflow.py
[2026-05-31T12:24:34.132+0000] {processor.py:914} INFO - Processing file /opt/airflow/dags/hello_airflow.py for tasks to queue
[2026-05-31T12:24:34.134+0000] {logging_mixin.py:190} INFO - [2026-05-31T12:24:34.134+0000] {dagbag.py:588} INFO - Filling up the DagBag from /opt/airflow/dags/hello_airflow.py
[2026-05-31T12:24:34.142+0000] {processor.py:925} INFO - DAG(s) 'hello_airflow' retrieved from /opt/airflow/dags/hello_airflow.py
[2026-05-31T12:24:34.161+0000] {logging_mixin.py:190} INFO - [2026-05-31T12:24:34.160+0000] {dag.py:3239} INFO - Sync 1 DAGs
[2026-05-31T12:24:34.183+0000] {logging_mixin.py:190} INFO - [2026-05-31T12:24:34.183+0000] {dag.py:4180} INFO - Setting next_dagrun for hello_airflow to 2026-05-31 12:23:00+00:00, run_after=2026-05-31 12:24:00+00:00
[2026-05-31T12:24:34.197+0000] {processor.py:208} INFO - Processing /opt/airflow/dags/hello_airflow.py took 0.072 seconds
[2026-05-31T12:25:05.015+0000] {processor.py:186} INFO - Started process (PID=3452) to work on /opt/airflow/dags/hello_airflow.py
[2026-05-31T12:25:05.016+0000] {processor.py:914} INFO - Processing file /opt/airflow/dags/hello_airflow.py for tasks to queue
[2026-05-31T12:25:05.017+0000] {logging_mixin.py:190} INFO - [2026-05-31T12:25:05.017+0000] {dagbag.py:588} INFO - Filling up the DagBag from /opt/airflow/dags/hello_airflow.py
[2026-05-31T12:25:05.027+0000] {processor.py:925} INFO - DAG(s) 'hello_airflow' retrieved from /opt/airflow/dags/hello_airflow.py
[2026-05-31T12:25:05.047+0000] {logging_mixin.py:190} INFO - [2026-05-31T12:25:05.047+0000] {dag.py:3239} INFO - Sync 1 DAGs
[2026-05-31T12:25:05.068+0000] {logging_mixin.py:190} INFO - [2026-05-31T12:25:05.068+0000] {dag.py:4180} INFO - Setting next_dagrun for hello_airflow to 2026-05-31 12:24:00+00:00, run_after=2026-05-31 12:25:00+00:00
[2026-05-31T12:25:05.081+0000] {processor.py:208} INFO - Processing /opt/airflow/dags/hello_airflow.py took 0.080 seconds
[2026-05-31T12:25:35.285+0000] {processor.py:186} INFO - Started process (PID=3476) to work on /opt/airflow/dags/hello_airflow.py
[2026-05-31T12:25:35.286+0000] {processor.py:914} INFO - Processing file /opt/airflow/dags/hello_airflow.py for tasks to queue
[2026-05-31T12:25:35.291+0000] {logging_mixin.py:190} INFO - [2026-05-31T12:25:35.290+0000] {dagbag.py:588} INFO - Filling up the DagBag from /opt/airflow/dags/hello_airflow.py
[2026-05-31T12:25:35.298+0000] {processor.py:925} INFO - DAG(s) 'hello_airflow' retrieved from /opt/airflow/dags/hello_airflow.py
[2026-05-31T12:25:35.318+0000] {logging_mixin.py:190} INFO - [2026-05-31T12:25:35.318+0000] {dag.py:3239} INFO - Sync 1 DAGs
[2026-05-31T12:25:35.339+0000] {logging_mixin.py:190} INFO - [2026-05-31T12:25:35.339+0000] {dag.py:4180} INFO - Setting next_dagrun for hello_airflow to 2026-05-31 12:24:00+00:00, run_after=2026-05-31 12:25:00+00:00
[2026-05-31T12:25:35.352+0000] {processor.py:208} INFO - Processing /opt/airflow/dags/hello_airflow.py took 0.078 seconds
[2026-05-31T12:26:05.482+0000] {processor.py:186} INFO - Started process (PID=3499) to work on /opt/airflow/dags/hello_airflow.py
[2026-05-31T12:26:05.484+0000] {processor.py:914} INFO - Processing file /opt/airflow/dags/hello_airflow.py for tasks to queue
[2026-05-31T12:26:05.486+0000] {logging_mixin.py:190} INFO - [2026-05-31T12:26:05.485+0000] {dagbag.py:588} INFO - Filling up the DagBag from /opt/airflow/dags/hello_airflow.py
[2026-05-31T12:26:05.495+0000] {processor.py:925} INFO - DAG(s) 'hello_airflow' retrieved from /opt/airflow/dags/hello_airflow.py
[2026-05-31T12:26:05.515+0000] {logging_mixin.py:190} INFO - [2026-05-31T12:26:05.515+0000] {dag.py:3239} INFO - Sync 1 DAGs
[2026-05-31T12:26:05.540+0000] {logging_mixin.py:190} INFO - [2026-05-31T12:26:05.539+0000] {dag.py:4180} INFO - Setting next_dagrun for hello_airflow to 2026-05-31 12:25:00+00:00, run_after=2026-05-31 12:26:00+00:00
[2026-05-31T12:26:05.554+0000] {processor.py:208} INFO - Processing /opt/airflow/dags/hello_airflow.py took 0.077 seconds
[2026-05-31T12:26:36.375+0000] {processor.py:186} INFO - Started process (PID=3523) to work on /opt/airflow/dags/hello_airflow.py
[2026-05-31T12:26:36.376+0000] {processor.py:914} INFO - Processing file /opt/airflow/dags/hello_airflow.py for tasks to queue
[2026-05-31T12:26:36.378+0000] {logging_mixin.py:190} INFO - [2026-05-31T12:26:36.378+0000] {dagbag.py:588} INFO - Filling up the DagBag from /opt/airflow/dags/hello_airflow.py
[2026-05-31T12:26:36.386+0000] {processor.py:925} INFO - DAG(s) 'hello_airflow' retrieved from /opt/airflow/dags/hello_airflow.py
[2026-05-31T12:26:36.405+0000] {logging_mixin.py:190} INFO - [2026-05-31T12:26:36.405+0000] {dag.py:3239} INFO - Sync 1 DAGs
[2026-05-31T12:26:36.427+0000] {logging_mixin.py:190} INFO - [2026-05-31T12:26:36.426+0000] {dag.py:4180} INFO - Setting next_dagrun for hello_airflow to 2026-05-31 12:25:00+00:00, run_after=2026-05-31 12:26:00+00:00
[2026-05-31T12:26:36.442+0000] {processor.py:208} INFO - Processing /opt/airflow/dags/hello_airflow.py took 0.072 seconds
[2026-05-31T12:27:07.362+0000] {processor.py:186} INFO - Started process (PID=3548) to work on /opt/airflow/dags/hello_airflow.py
[2026-05-31T12:27:07.363+0000] {processor.py:914} INFO - Processing file /opt/airflow/dags/hello_airflow.py for tasks to queue
[2026-05-31T12:27:07.372+0000] {logging_mixin.py:190} INFO - [2026-05-31T12:27:07.371+0000] {dagbag.py:588} INFO - Filling up the DagBag from /opt/airflow/dags/hello_airflow.py
[2026-05-31T12:27:07.387+0000] {processor.py:925} INFO - DAG(s) 'hello_airflow' retrieved from /opt/airflow/dags/hello_airflow.py
[2026-05-31T12:27:07.414+0000] {logging_mixin.py:190} INFO - [2026-05-31T12:27:07.413+0000] {dag.py:3239} INFO - Sync 1 DAGs
[2026-05-31T12:27:07.459+0000] {logging_mixin.py:190} INFO - [2026-05-31T12:27:07.459+0000] {dag.py:4180} INFO - Setting next_dagrun for hello_airflow to 2026-05-31 12:26:00+00:00, run_after=2026-05-31 12:27:00+00:00
[2026-05-31T12:27:07.473+0000] {processor.py:208} INFO - Processing /opt/airflow/dags/hello_airflow.py took 0.117 seconds
[2026-05-31T12:27:38.341+0000] {processor.py:186} INFO - Started process (PID=3576) to work on /opt/airflow/dags/hello_airflow.py
[2026-05-31T12:27:38.342+0000] {processor.py:914} INFO - Processing file /opt/airflow/dags/hello_airflow.py for tasks to queue
[2026-05-31T12:27:38.345+0000] {logging_mixin.py:190} INFO - [2026-05-31T12:27:38.345+0000] {dagbag.py:588} INFO - Filling up the DagBag from /opt/airflow/dags/hello_airflow.py
[2026-05-31T12:27:38.354+0000] {processor.py:925} INFO - DAG(s) 'hello_airflow' retrieved from /opt/airflow/dags/hello_airflow.py
[2026-05-31T12:27:38.372+0000] {logging_mixin.py:190} INFO - [2026-05-31T12:27:38.372+0000] {dag.py:3239} INFO - Sync 1 DAGs
[2026-05-31T12:27:38.406+0000] {logging_mixin.py:190} INFO - [2026-05-31T12:27:38.406+0000] {dag.py:4180} INFO - Setting next_dagrun for hello_airflow to 2026-05-31 12:26:00+00:00, run_after=2026-05-31 12:27:00+00:00
[2026-05-31T12:27:38.423+0000] {processor.py:208} INFO - Processing /opt/airflow/dags/hello_airflow.py took 0.087 seconds
[2026-05-31T12:28:08.665+0000] {processor.py:186} INFO - Started process (PID=3601) to work on /opt/airflow/dags/hello_airflow.py
[2026-05-31T12:28:08.667+0000] {processor.py:914} INFO - Processing file /opt/airflow/dags/hello_airflow.py for tasks to queue
[2026-05-31T12:28:08.671+0000] {logging_mixin.py:190} INFO - [2026-05-31T12:28:08.671+0000] {dagbag.py:588} INFO - Filling up the DagBag from /opt/airflow/dags/hello_airflow.py
[2026-05-31T12:28:08.683+0000] {processor.py:925} INFO - DAG(s) 'hello_airflow' retrieved from /opt/airflow/dags/hello_airflow.py
[2026-05-31T12:28:08.703+0000] {logging_mixin.py:190} INFO - [2026-05-31T12:28:08.703+0000] {dag.py:3239} INFO - Sync 1 DAGs
[2026-05-31T12:28:08.725+0000] {logging_mixin.py:190} INFO - [2026-05-31T12:28:08.725+0000] {dag.py:4180} INFO - Setting next_dagrun for hello_airflow to 2026-05-31 12:27:00+00:00, run_after=2026-05-31 12:28:00+00:00
[2026-05-31T12:28:08.739+0000] {processor.py:208} INFO - Processing /opt/airflow/dags/hello_airflow.py took 0.080 seconds
[2026-05-31T12:28:39.140+0000] {processor.py:186} INFO - Started process (PID=3625) to work on /opt/airflow/dags/hello_airflow.py
[2026-05-31T12:28:39.141+0000] {processor.py:914} INFO - Processing file /opt/airflow/dags/hello_airflow.py for tasks to queue
[2026-05-31T12:28:39.144+0000] {logging_mixin.py:190} INFO - [2026-05-31T12:28:39.143+0000] {dagbag.py:588} INFO - Filling up the DagBag from /opt/airflow/dags/hello_airflow.py
[2026-05-31T12:28:39.155+0000] {processor.py:925} INFO - DAG(s) 'hello_airflow' retrieved from /opt/airflow/dags/hello_airflow.py
[2026-05-31T12:28:39.176+0000] {logging_mixin.py:190} INFO - [2026-05-31T12:28:39.176+0000] {dag.py:3239} INFO - Sync 1 DAGs
[2026-05-31T12:28:39.201+0000] {logging_mixin.py:190} INFO - [2026-05-31T12:28:39.200+0000] {dag.py:4180} INFO - Setting next_dagrun for hello_airflow to 2026-05-31 12:27:00+00:00, run_after=2026-05-31 12:28:00+00:00
[2026-05-31T12:28:39.215+0000] {processor.py:208} INFO - Processing /opt/airflow/dags/hello_airflow.py took 0.087 seconds
[2026-05-31T12:29:09.919+0000] {processor.py:186} INFO - Started process (PID=3649) to work on /opt/airflow/dags/hello_airflow.py
[2026-05-31T12:29:09.921+0000] {processor.py:914} INFO - Processing file /opt/airflow/dags/hello_airflow.py for tasks to queue
[2026-05-31T12:29:09.923+0000] {logging_mixin.py:190} INFO - [2026-05-31T12:29:09.922+0000] {dagbag.py:588} INFO - Filling up the DagBag from /opt/airflow/dags/hello_airflow.py
[2026-05-31T12:29:09.931+0000] {processor.py:925} INFO - DAG(s) 'hello_airflow' retrieved from /opt/airflow/dags/hello_airflow.py
[2026-05-31T12:29:09.949+0000] {logging_mixin.py:190} INFO - [2026-05-31T12:29:09.948+0000] {dag.py:3239} INFO - Sync 1 DAGs
[2026-05-31T12:29:09.969+0000] {logging_mixin.py:190} INFO - [2026-05-31T12:29:09.969+0000] {dag.py:4180} INFO - Setting next_dagrun for hello_airflow to 2026-05-31 12:28:00+00:00, run_after=2026-05-31 12:29:00+00:00
[2026-05-31T12:29:09.983+0000] {processor.py:208} INFO - Processing /opt/airflow/dags/hello_airflow.py took 0.068 seconds
[2026-05-31T12:29:40.794+0000] {processor.py:186} INFO - Started process (PID=3674) to work on /opt/airflow/dags/hello_airflow.py
[2026-05-31T12:29:40.795+0000] {processor.py:914} INFO - Processing file /opt/airflow/dags/hello_airflow.py for tasks to queue
[2026-05-31T12:29:40.797+0000] {logging_mixin.py:190} INFO - [2026-05-31T12:29:40.797+0000] {dagbag.py:588} INFO - Filling up the DagBag from /opt/airflow/dags/hello_airflow.py
[2026-05-31T12:29:40.804+0000] {processor.py:925} INFO - DAG(s) 'hello_airflow' retrieved from /opt/airflow/dags/hello_airflow.py
[2026-05-31T12:29:40.824+0000] {logging_mixin.py:190} INFO - [2026-05-31T12:29:40.824+0000] {dag.py:3239} INFO - Sync 1 DAGs
[2026-05-31T12:29:40.846+0000] {logging_mixin.py:190} INFO - [2026-05-31T12:29:40.846+0000] {dag.py:4180} INFO - Setting next_dagrun for hello_airflow to 2026-05-31 12:28:00+00:00, run_after=2026-05-31 12:29:00+00:00
[2026-05-31T12:29:40.860+0000] {processor.py:208} INFO - Processing /opt/airflow/dags/hello_airflow.py took 0.072 seconds
[2026-05-31T12:30:11.052+0000] {processor.py:186} INFO - Started process (PID=3694) to work on /opt/airflow/dags/hello_airflow.py
[2026-05-31T12:30:11.053+0000] {processor.py:914} INFO - Processing file /opt/airflow/dags/hello_airflow.py for tasks to queue
[2026-05-31T12:30:11.055+0000] {logging_mixin.py:190} INFO - [2026-05-31T12:30:11.055+0000] {dagbag.py:588} INFO - Filling up the DagBag from /opt/airflow/dags/hello_airflow.py
[2026-05-31T12:30:11.063+0000] {processor.py:925} INFO - DAG(s) 'hello_airflow' retrieved from /opt/airflow/dags/hello_airflow.py
[2026-05-31T12:30:11.081+0000] {logging_mixin.py:190} INFO - [2026-05-31T12:30:11.081+0000] {dag.py:3239} INFO - Sync 1 DAGs
[2026-05-31T12:30:11.102+0000] {logging_mixin.py:190} INFO - [2026-05-31T12:30:11.101+0000] {dag.py:4180} INFO - Setting next_dagrun for hello_airflow to 2026-05-31 12:29:00+00:00, run_after=2026-05-31 12:30:00+00:00
[2026-05-31T12:30:11.122+0000] {processor.py:208} INFO - Processing /opt/airflow/dags/hello_airflow.py took 0.075 seconds
[2026-05-31T12:30:41.180+0000] {processor.py:186} INFO - Started process (PID=3716) to work on /opt/airflow/dags/hello_airflow.py
[2026-05-31T12:30:41.181+0000] {processor.py:914} INFO - Processing file /opt/airflow/dags/hello_airflow.py for tasks to queue
[2026-05-31T12:30:41.184+0000] {logging_mixin.py:190} INFO - [2026-05-31T12:30:41.183+0000] {dagbag.py:588} INFO - Filling up the DagBag from /opt/airflow/dags/hello_airflow.py
[2026-05-31T12:30:41.191+0000] {processor.py:925} INFO - DAG(s) 'hello_airflow' retrieved from /opt/airflow/dags/hello_airflow.py
[2026-05-31T12:30:41.211+0000] {logging_mixin.py:190} INFO - [2026-05-31T12:30:41.211+0000] {dag.py:3239} INFO - Sync 1 DAGs
[2026-05-31T12:30:41.232+0000] {logging_mixin.py:190} INFO - [2026-05-31T12:30:41.232+0000] {dag.py:4180} INFO - Setting next_dagrun for hello_airflow to 2026-05-31 12:29:00+00:00, run_after=2026-05-31 12:30:00+00:00
[2026-05-31T12:30:41.246+0000] {processor.py:208} INFO - Processing /opt/airflow/dags/hello_airflow.py took 0.072 seconds
[2026-05-31T12:31:11.970+0000] {processor.py:186} INFO - Started process (PID=3740) to work on /opt/airflow/dags/hello_airflow.py
[2026-05-31T12:31:11.971+0000] {processor.py:914} INFO - Processing file /opt/airflow/dags/hello_airflow.py for tasks to queue
[2026-05-31T12:31:11.973+0000] {logging_mixin.py:190} INFO - [2026-05-31T12:31:11.973+0000] {dagbag.py:588} INFO - Filling up the DagBag from /opt/airflow/dags/hello_airflow.py
[2026-05-31T12:31:11.982+0000] {processor.py:925} INFO - DAG(s) 'hello_airflow' retrieved from /opt/airflow/dags/hello_airflow.py
[2026-05-31T12:31:12.005+0000] {logging_mixin.py:190} INFO - [2026-05-31T12:31:12.005+0000] {dag.py:3239} INFO - Sync 1 DAGs
[2026-05-31T12:31:12.030+0000] {logging_mixin.py:190} INFO - [2026-05-31T12:31:12.030+0000] {dag.py:4180} INFO - Setting next_dagrun for hello_airflow to 2026-05-31 12:30:00+00:00, run_after=2026-05-31 12:31:00+00:00
[2026-05-31T12:31:12.046+0000] {processor.py:208} INFO - Processing /opt/airflow/dags/hello_airflow.py took 0.081 seconds
[2026-05-31T12:31:42.217+0000] {processor.py:186} INFO - Started process (PID=3764) to work on /opt/airflow/dags/hello_airflow.py
[2026-05-31T12:31:42.218+0000] {processor.py:914} INFO - Processing file /opt/airflow/dags/hello_airflow.py for tasks to queue
[2026-05-31T12:31:42.220+0000] {logging_mixin.py:190} INFO - [2026-05-31T12:31:42.220+0000] {dagbag.py:588} INFO - Filling up the DagBag from /opt/airflow/dags/hello_airflow.py
[2026-05-31T12:31:42.232+0000] {processor.py:925} INFO - DAG(s) 'hello_airflow' retrieved from /opt/airflow/dags/hello_airflow.py
[2026-05-31T12:31:42.277+0000] {logging_mixin.py:190} INFO - [2026-05-31T12:31:42.277+0000] {dag.py:3239} INFO - Sync 1 DAGs
[2026-05-31T12:31:42.327+0000] {logging_mixin.py:190} INFO - [2026-05-31T12:31:42.327+0000] {dag.py:4180} INFO - Setting next_dagrun for hello_airflow to 2026-05-31 12:30:00+00:00, run_after=2026-05-31 12:31:00+00:00
[2026-05-31T12:31:42.341+0000] {processor.py:208} INFO - Processing /opt/airflow/dags/hello_airflow.py took 0.129 seconds
[2026-05-31T12:32:12.776+0000] {processor.py:186} INFO - Started process (PID=3788) to work on /opt/airflow/dags/hello_airflow.py
[2026-05-31T12:32:12.777+0000] {processor.py:914} INFO - Processing file /opt/airflow/dags/hello_airflow.py for tasks to queue
[2026-05-31T12:32:12.779+0000] {logging_mixin.py:190} INFO - [2026-05-31T12:32:12.778+0000] {dagbag.py:588} INFO - Filling up the DagBag from /opt/airflow/dags/hello_airflow.py
[2026-05-31T12:32:12.787+0000] {processor.py:925} INFO - DAG(s) 'hello_airflow' retrieved from /opt/airflow/dags/hello_airflow.py
[2026-05-31T12:32:12.811+0000] {logging_mixin.py:190} INFO - [2026-05-31T12:32:12.811+0000] {dag.py:3239} INFO - Sync 1 DAGs
[2026-05-31T12:32:12.833+0000] {logging_mixin.py:190} INFO - [2026-05-31T12:32:12.833+0000] {dag.py:4180} INFO - Setting next_dagrun for hello_airflow to 2026-05-31 12:31:00+00:00, run_after=2026-05-31 12:32:00+00:00
[2026-05-31T12:32:12.848+0000] {processor.py:208} INFO - Processing /opt/airflow/dags/hello_airflow.py took 0.079 seconds
[2026-05-31T12:32:43.394+0000] {processor.py:186} INFO - Started process (PID=3812) to work on /opt/airflow/dags/hello_airflow.py
[2026-05-31T12:32:43.395+0000] {processor.py:914} INFO - Processing file /opt/airflow/dags/hello_airflow.py for tasks to queue
[2026-05-31T12:32:43.397+0000] {logging_mixin.py:190} INFO - [2026-05-31T12:32:43.397+0000] {dagbag.py:588} INFO - Filling up the DagBag from /opt/airflow/dags/hello_airflow.py
[2026-05-31T12:32:43.405+0000] {processor.py:925} INFO - DAG(s) 'hello_airflow' retrieved from /opt/airflow/dags/hello_airflow.py
[2026-05-31T12:32:43.422+0000] {logging_mixin.py:190} INFO - [2026-05-31T12:32:43.422+0000] {dag.py:3239} INFO - Sync 1 DAGs
[2026-05-31T12:32:43.442+0000] {logging_mixin.py:190} INFO - [2026-05-31T12:32:43.442+0000] {dag.py:4180} INFO - Setting next_dagrun for hello_airflow to 2026-05-31 12:31:00+00:00, run_after=2026-05-31 12:32:00+00:00
[2026-05-31T12:32:43.455+0000] {processor.py:208} INFO - Processing /opt/airflow/dags/hello_airflow.py took 0.067 seconds
[2026-05-31T12:33:14.149+0000] {processor.py:186} INFO - Started process (PID=3836) to work on /opt/airflow/dags/hello_airflow.py
[2026-05-31T12:33:14.150+0000] {processor.py:914} INFO - Processing file /opt/airflow/dags/hello_airflow.py for tasks to queue
[2026-05-31T12:33:14.152+0000] {logging_mixin.py:190} INFO - [2026-05-31T12:33:14.151+0000] {dagbag.py:588} INFO - Filling up the DagBag from /opt/airflow/dags/hello_airflow.py
[2026-05-31T12:33:14.179+0000] {processor.py:925} INFO - DAG(s) 'hello_airflow' retrieved from /opt/airflow/dags/hello_airflow.py
[2026-05-31T12:33:14.228+0000] {logging_mixin.py:190} INFO - [2026-05-31T12:33:14.228+0000] {dag.py:3239} INFO - Sync 1 DAGs
[2026-05-31T12:33:14.257+0000] {logging_mixin.py:190} INFO - [2026-05-31T12:33:14.257+0000] {dag.py:4180} INFO - Setting next_dagrun for hello_airflow to 2026-05-31 12:32:00+00:00, run_after=2026-05-31 12:33:00+00:00
[2026-05-31T12:33:14.273+0000] {processor.py:208} INFO - Processing /opt/airflow/dags/hello_airflow.py took 0.129 seconds
[2026-05-31T12:33:45.076+0000] {processor.py:186} INFO - Started process (PID=3860) to work on /opt/airflow/dags/hello_airflow.py
[2026-05-31T12:33:45.077+0000] {processor.py:914} INFO - Processing file /opt/airflow/dags/hello_airflow.py for tasks to queue
[2026-05-31T12:33:45.079+0000] {logging_mixin.py:190} INFO - [2026-05-31T12:33:45.079+0000] {dagbag.py:588} INFO - Filling up the DagBag from /opt/airflow/dags/hello_airflow.py
[2026-05-31T12:33:45.087+0000] {processor.py:925} INFO - DAG(s) 'hello_airflow' retrieved from /opt/airflow/dags/hello_airflow.py
[2026-05-31T12:33:45.105+0000] {logging_mixin.py:190} INFO - [2026-05-31T12:33:45.105+0000] {dag.py:3239} INFO - Sync 1 DAGs
[2026-05-31T12:33:45.126+0000] {logging_mixin.py:190} INFO - [2026-05-31T12:33:45.126+0000] {dag.py:4180} INFO - Setting next_dagrun for hello_airflow to 2026-05-31 12:32:00+00:00, run_after=2026-05-31 12:33:00+00:00
[2026-05-31T12:33:45.139+0000] {processor.py:208} INFO - Processing /opt/airflow/dags/hello_airflow.py took 0.069 seconds
[2026-05-31T12:34:15.580+0000] {processor.py:186} INFO - Started process (PID=3884) to work on /opt/airflow/dags/hello_airflow.py
[2026-05-31T12:34:15.581+0000] {processor.py:914} INFO - Processing file /opt/airflow/dags/hello_airflow.py for tasks to queue
[2026-05-31T12:34:15.583+0000] {logging_mixin.py:190} INFO - [2026-05-31T12:34:15.582+0000] {dagbag.py:588} INFO - Filling up the DagBag from /opt/airflow/dags/hello_airflow.py
[2026-05-31T12:34:15.591+0000] {processor.py:925} INFO - DAG(s) 'hello_airflow' retrieved from /opt/airflow/dags/hello_airflow.py
[2026-05-31T12:34:15.609+0000] {logging_mixin.py:190} INFO - [2026-05-31T12:34:15.609+0000] {dag.py:3239} INFO - Sync 1 DAGs
[2026-05-31T12:34:15.630+0000] {logging_mixin.py:190} INFO - [2026-05-31T12:34:15.630+0000] {dag.py:4180} INFO - Setting next_dagrun for hello_airflow to 2026-05-31 12:33:00+00:00, run_after=2026-05-31 12:34:00+00:00
[2026-05-31T12:34:15.645+0000] {processor.py:208} INFO - Processing /opt/airflow/dags/hello_airflow.py took 0.070 seconds
[2026-05-31T12:34:45.869+0000] {processor.py:186} INFO - Started process (PID=3908) to work on /opt/airflow/dags/hello_airflow.py
[2026-05-31T12:34:45.870+0000] {processor.py:914} INFO - Processing file /opt/airflow/dags/hello_airflow.py for tasks to queue
[2026-05-31T12:34:45.872+0000] {logging_mixin.py:190} INFO - [2026-05-31T12:34:45.872+0000] {dagbag.py:588} INFO - Filling up the DagBag from /opt/airflow/dags/hello_airflow.py
[2026-05-31T12:34:45.880+0000] {processor.py:925} INFO - DAG(s) 'hello_airflow' retrieved from /opt/airflow/dags/hello_airflow.py
[2026-05-31T12:34:45.903+0000] {logging_mixin.py:190} INFO - [2026-05-31T12:34:45.903+0000] {dag.py:3239} INFO - Sync 1 DAGs
[2026-05-31T12:34:45.926+0000] {logging_mixin.py:190} INFO - [2026-05-31T12:34:45.925+0000] {dag.py:4180} INFO - Setting next_dagrun for hello_airflow to 2026-05-31 12:33:00+00:00, run_after=2026-05-31 12:34:00+00:00
[2026-05-31T12:34:45.941+0000] {processor.py:208} INFO - Processing /opt/airflow/dags/hello_airflow.py took 0.079 seconds
[2026-05-31T12:35:16.234+0000] {processor.py:186} INFO - Started process (PID=3931) to work on /opt/airflow/dags/hello_airflow.py
[2026-05-31T12:35:16.235+0000] {processor.py:914} INFO - Processing file /opt/airflow/dags/hello_airflow.py for tasks to queue
[2026-05-31T12:35:16.238+0000] {logging_mixin.py:190} INFO - [2026-05-31T12:35:16.237+0000] {dagbag.py:588} INFO - Filling up the DagBag from /opt/airflow/dags/hello_airflow.py
[2026-05-31T12:35:16.248+0000] {processor.py:925} INFO - DAG(s) 'hello_airflow' retrieved from /opt/airflow/dags/hello_airflow.py
[2026-05-31T12:35:16.268+0000] {logging_mixin.py:190} INFO - [2026-05-31T12:35:16.268+0000] {dag.py:3239} INFO - Sync 1 DAGs
[2026-05-31T12:35:16.292+0000] {logging_mixin.py:190} INFO - [2026-05-31T12:35:16.292+0000] {dag.py:4180} INFO - Setting next_dagrun for hello_airflow to 2026-05-31 12:34:00+00:00, run_after=2026-05-31 12:35:00+00:00
[2026-05-31T12:35:16.308+0000] {processor.py:208} INFO - Processing /opt/airflow/dags/hello_airflow.py took 0.078 seconds
[2026-05-31T12:35:47.223+0000] {processor.py:186} INFO - Started process (PID=3955) to work on /opt/airflow/dags/hello_airflow.py
[2026-05-31T12:35:47.226+0000] {processor.py:914} INFO - Processing file /opt/airflow/dags/hello_airflow.py for tasks to queue
[2026-05-31T12:35:47.228+0000] {logging_mixin.py:190} INFO - [2026-05-31T12:35:47.228+0000] {dagbag.py:588} INFO - Filling up the DagBag from /opt/airflow/dags/hello_airflow.py
[2026-05-31T12:35:47.237+0000] {processor.py:925} INFO - DAG(s) 'hello_airflow' retrieved from /opt/airflow/dags/hello_airflow.py
[2026-05-31T12:35:47.265+0000] {logging_mixin.py:190} INFO - [2026-05-31T12:35:47.264+0000] {dag.py:3239} INFO - Sync 1 DAGs
[2026-05-31T12:35:47.296+0000] {logging_mixin.py:190} INFO - [2026-05-31T12:35:47.295+0000] {dag.py:4180} INFO - Setting next_dagrun for hello_airflow to 2026-05-31 12:34:00+00:00, run_after=2026-05-31 12:35:00+00:00
[2026-05-31T12:35:47.331+0000] {processor.py:208} INFO - Processing /opt/airflow/dags/hello_airflow.py took 0.114 seconds
[2026-05-31T12:36:19.158+0000] {processor.py:186} INFO - Started process (PID=3976) to work on /opt/airflow/dags/hello_airflow.py
[2026-05-31T12:36:19.160+0000] {processor.py:914} INFO - Processing file /opt/airflow/dags/hello_airflow.py for tasks to queue
[2026-05-31T12:36:19.163+0000] {logging_mixin.py:190} INFO - [2026-05-31T12:36:19.163+0000] {dagbag.py:588} INFO - Filling up the DagBag from /opt/airflow/dags/hello_airflow.py
[2026-05-31T12:36:19.186+0000] {processor.py:925} INFO - DAG(s) 'hello_airflow' retrieved from /opt/airflow/dags/hello_airflow.py
[2026-05-31T12:36:19.228+0000] {logging_mixin.py:190} INFO - [2026-05-31T12:36:19.228+0000] {dag.py:3239} INFO - Sync 1 DAGs
[2026-05-31T12:36:19.289+0000] {logging_mixin.py:190} INFO - [2026-05-31T12:36:19.288+0000] {dag.py:4180} INFO - Setting next_dagrun for hello_airflow to 2026-05-31 12:35:00+00:00, run_after=2026-05-31 12:36:00+00:00
[2026-05-31T12:36:19.319+0000] {processor.py:208} INFO - Processing /opt/airflow/dags/hello_airflow.py took 0.178 seconds
[2026-05-31T12:36:50.261+0000] {processor.py:186} INFO - Started process (PID=3998) to work on /opt/airflow/dags/hello_airflow.py
[2026-05-31T12:36:50.264+0000] {processor.py:914} INFO - Processing file /opt/airflow/dags/hello_airflow.py for tasks to queue
[2026-05-31T12:36:50.267+0000] {logging_mixin.py:190} INFO - [2026-05-31T12:36:50.266+0000] {dagbag.py:588} INFO - Filling up the DagBag from /opt/airflow/dags/hello_airflow.py
[2026-05-31T12:36:50.282+0000] {processor.py:925} INFO - DAG(s) 'hello_airflow' retrieved from /opt/airflow/dags/hello_airflow.py
[2026-05-31T12:36:50.308+0000] {logging_mixin.py:190} INFO - [2026-05-31T12:36:50.307+0000] {dag.py:3239} INFO - Sync 1 DAGs
[2026-05-31T12:36:50.328+0000] {logging_mixin.py:190} INFO - [2026-05-31T12:36:50.328+0000] {dag.py:4180} INFO - Setting next_dagrun for hello_airflow to 2026-05-31 12:35:00+00:00, run_after=2026-05-31 12:36:00+00:00
[2026-05-31T12:36:50.343+0000] {processor.py:208} INFO - Processing /opt/airflow/dags/hello_airflow.py took 0.092 seconds
[2026-05-31T12:37:20.694+0000] {processor.py:186} INFO - Started process (PID=4022) to work on /opt/airflow/dags/hello_airflow.py
[2026-05-31T12:37:20.696+0000] {processor.py:914} INFO - Processing file /opt/airflow/dags/hello_airflow.py for tasks to queue
[2026-05-31T12:37:20.701+0000] {logging_mixin.py:190} INFO - [2026-05-31T12:37:20.701+0000] {dagbag.py:588} INFO - Filling up the DagBag from /opt/airflow/dags/hello_airflow.py
[2026-05-31T12:37:20.720+0000] {processor.py:925} INFO - DAG(s) 'hello_airflow' retrieved from /opt/airflow/dags/hello_airflow.py
[2026-05-31T12:37:20.762+0000] {logging_mixin.py:190} INFO - [2026-05-31T12:37:20.761+0000] {dag.py:3239} INFO - Sync 1 DAGs
[2026-05-31T12:37:20.851+0000] {logging_mixin.py:190} INFO - [2026-05-31T12:37:20.851+0000] {dag.py:4180} INFO - Setting next_dagrun for hello_airflow to 2026-05-31 12:36:00+00:00, run_after=2026-05-31 12:37:00+00:00
[2026-05-31T12:37:20.905+0000] {processor.py:208} INFO - Processing /opt/airflow/dags/hello_airflow.py took 0.222 seconds
[2026-05-31T12:37:51.131+0000] {processor.py:186} INFO - Started process (PID=4046) to work on /opt/airflow/dags/hello_airflow.py
[2026-05-31T12:37:51.132+0000] {processor.py:914} INFO - Processing file /opt/airflow/dags/hello_airflow.py for tasks to queue
[2026-05-31T12:37:51.135+0000] {logging_mixin.py:190} INFO - [2026-05-31T12:37:51.135+0000] {dagbag.py:588} INFO - Filling up the DagBag from /opt/airflow/dags/hello_airflow.py
[2026-05-31T12:37:51.145+0000] {processor.py:925} INFO - DAG(s) 'hello_airflow' retrieved from /opt/airflow/dags/hello_airflow.py
[2026-05-31T12:37:51.167+0000] {logging_mixin.py:190} INFO - [2026-05-31T12:37:51.167+0000] {dag.py:3239} INFO - Sync 1 DAGs
[2026-05-31T12:37:51.190+0000] {logging_mixin.py:190} INFO - [2026-05-31T12:37:51.189+0000] {dag.py:4180} INFO - Setting next_dagrun for hello_airflow to 2026-05-31 12:36:00+00:00, run_after=2026-05-31 12:37:00+00:00
[2026-05-31T12:37:51.211+0000] {processor.py:208} INFO - Processing /opt/airflow/dags/hello_airflow.py took 0.092 seconds
[2026-05-31T12:38:21.735+0000] {processor.py:186} INFO - Started process (PID=4070) to work on /opt/airflow/dags/hello_airflow.py
[2026-05-31T12:38:21.737+0000] {processor.py:914} INFO - Processing file /opt/airflow/dags/hello_airflow.py for tasks to queue
[2026-05-31T12:38:21.739+0000] {logging_mixin.py:190} INFO - [2026-05-31T12:38:21.738+0000] {dagbag.py:588} INFO - Filling up the DagBag from /opt/airflow/dags/hello_airflow.py
[2026-05-31T12:38:21.747+0000] {processor.py:925} INFO - DAG(s) 'hello_airflow' retrieved from /opt/airflow/dags/hello_airflow.py
[2026-05-31T12:38:21.764+0000] {logging_mixin.py:190} INFO - [2026-05-31T12:38:21.764+0000] {dag.py:3239} INFO - Sync 1 DAGs
[2026-05-31T12:38:21.784+0000] {logging_mixin.py:190} INFO - [2026-05-31T12:38:21.784+0000] {dag.py:4180} INFO - Setting next_dagrun for hello_airflow to 2026-05-31 12:37:00+00:00, run_after=2026-05-31 12:38:00+00:00
[2026-05-31T12:38:21.797+0000] {processor.py:208} INFO - Processing /opt/airflow/dags/hello_airflow.py took 0.067 seconds
[2026-05-31T12:38:52.337+0000] {processor.py:186} INFO - Started process (PID=4095) to work on /opt/airflow/dags/hello_airflow.py
[2026-05-31T12:38:52.344+0000] {processor.py:914} INFO - Processing file /opt/airflow/dags/hello_airflow.py for tasks to queue
[2026-05-31T12:38:52.352+0000] {logging_mixin.py:190} INFO - [2026-05-31T12:38:52.352+0000] {dagbag.py:588} INFO - Filling up the DagBag from /opt/airflow/dags/hello_airflow.py
[2026-05-31T12:38:52.384+0000] {processor.py:925} INFO - DAG(s) 'hello_airflow' retrieved from /opt/airflow/dags/hello_airflow.py
[2026-05-31T12:38:52.403+0000] {logging_mixin.py:190} INFO - [2026-05-31T12:38:52.403+0000] {dag.py:3239} INFO - Sync 1 DAGs
[2026-05-31T12:38:52.429+0000] {logging_mixin.py:190} INFO - [2026-05-31T12:38:52.429+0000] {dag.py:4180} INFO - Setting next_dagrun for hello_airflow to 2026-05-31 12:37:00+00:00, run_after=2026-05-31 12:38:00+00:00
[2026-05-31T12:38:52.454+0000] {processor.py:208} INFO - Processing /opt/airflow/dags/hello_airflow.py took 0.134 seconds
[2026-05-31T12:39:22.531+0000] {processor.py:186} INFO - Started process (PID=4117) to work on /opt/airflow/dags/hello_airflow.py
[2026-05-31T12:39:22.532+0000] {processor.py:914} INFO - Processing file /opt/airflow/dags/hello_airflow.py for tasks to queue
[2026-05-31T12:39:22.536+0000] {logging_mixin.py:190} INFO - [2026-05-31T12:39:22.535+0000] {dagbag.py:588} INFO - Filling up the DagBag from /opt/airflow/dags/hello_airflow.py
[2026-05-31T12:39:22.545+0000] {processor.py:925} INFO - DAG(s) 'hello_airflow' retrieved from /opt/airflow/dags/hello_airflow.py
[2026-05-31T12:39:22.572+0000] {logging_mixin.py:190} INFO - [2026-05-31T12:39:22.571+0000] {dag.py:3239} INFO - Sync 1 DAGs
[2026-05-31T12:39:22.600+0000] {logging_mixin.py:190} INFO - [2026-05-31T12:39:22.600+0000] {dag.py:4180} INFO - Setting next_dagrun for hello_airflow to 2026-05-31 12:38:00+00:00, run_after=2026-05-31 12:39:00+00:00
[2026-05-31T12:39:22.618+0000] {processor.py:208} INFO - Processing /opt/airflow/dags/hello_airflow.py took 0.093 seconds
[2026-05-31T12:39:52.942+0000] {processor.py:186} INFO - Started process (PID=4142) to work on /opt/airflow/dags/hello_airflow.py
[2026-05-31T12:39:52.943+0000] {processor.py:914} INFO - Processing file /opt/airflow/dags/hello_airflow.py for tasks to queue
[2026-05-31T12:39:52.945+0000] {logging_mixin.py:190} INFO - [2026-05-31T12:39:52.945+0000] {dagbag.py:588} INFO - Filling up the DagBag from /opt/airflow/dags/hello_airflow.py
[2026-05-31T12:39:52.954+0000] {processor.py:925} INFO - DAG(s) 'hello_airflow' retrieved from /opt/airflow/dags/hello_airflow.py
[2026-05-31T12:39:52.975+0000] {logging_mixin.py:190} INFO - [2026-05-31T12:39:52.974+0000] {dag.py:3239} INFO - Sync 1 DAGs
[2026-05-31T12:39:52.997+0000] {logging_mixin.py:190} INFO - [2026-05-31T12:39:52.997+0000] {dag.py:4180} INFO - Setting next_dagrun for hello_airflow to 2026-05-31 12:38:00+00:00, run_after=2026-05-31 12:39:00+00:00
[2026-05-31T12:39:53.014+0000] {processor.py:208} INFO - Processing /opt/airflow/dags/hello_airflow.py took 0.080 seconds
[2026-05-31T12:40:23.224+0000] {processor.py:186} INFO - Started process (PID=4165) to work on /opt/airflow/dags/hello_airflow.py
[2026-05-31T12:40:23.226+0000] {processor.py:914} INFO - Processing file /opt/airflow/dags/hello_airflow.py for tasks to queue
[2026-05-31T12:40:23.228+0000] {logging_mixin.py:190} INFO - [2026-05-31T12:40:23.227+0000] {dagbag.py:588} INFO - Filling up the DagBag from /opt/airflow/dags/hello_airflow.py
[2026-05-31T12:40:23.235+0000] {processor.py:925} INFO - DAG(s) 'hello_airflow' retrieved from /opt/airflow/dags/hello_airflow.py
[2026-05-31T12:40:23.253+0000] {logging_mixin.py:190} INFO - [2026-05-31T12:40:23.253+0000] {dag.py:3239} INFO - Sync 1 DAGs
[2026-05-31T12:40:23.275+0000] {logging_mixin.py:190} INFO - [2026-05-31T12:40:23.275+0000] {dag.py:4180} INFO - Setting next_dagrun for hello_airflow to 2026-05-31 12:39:00+00:00, run_after=2026-05-31 12:40:00+00:00
[2026-05-31T12:40:23.289+0000] {processor.py:208} INFO - Processing /opt/airflow/dags/hello_airflow.py took 0.070 seconds
[2026-05-31T12:40:53.644+0000] {processor.py:186} INFO - Started process (PID=4189) to work on /opt/airflow/dags/hello_airflow.py
[2026-05-31T12:40:53.645+0000] {processor.py:914} INFO - Processing file /opt/airflow/dags/hello_airflow.py for tasks to queue
[2026-05-31T12:40:53.647+0000] {logging_mixin.py:190} INFO - [2026-05-31T12:40:53.647+0000] {dagbag.py:588} INFO - Filling up the DagBag from /opt/airflow/dags/hello_airflow.py
[2026-05-31T12:40:53.656+0000] {processor.py:925} INFO - DAG(s) 'hello_airflow' retrieved from /opt/airflow/dags/hello_airflow.py
[2026-05-31T12:40:53.676+0000] {logging_mixin.py:190} INFO - [2026-05-31T12:40:53.676+0000] {dag.py:3239} INFO - Sync 1 DAGs
[2026-05-31T12:40:53.700+0000] {logging_mixin.py:190} INFO - [2026-05-31T12:40:53.700+0000] {dag.py:4180} INFO - Setting next_dagrun for hello_airflow to 2026-05-31 12:39:00+00:00, run_after=2026-05-31 12:40:00+00:00
[2026-05-31T12:40:53.719+0000] {processor.py:208} INFO - Processing /opt/airflow/dags/hello_airflow.py took 0.080 seconds
[2026-05-31T12:41:24.194+0000] {processor.py:186} INFO - Started process (PID=4232) to work on /opt/airflow/dags/hello_airflow.py
[2026-05-31T12:41:24.195+0000] {processor.py:914} INFO - Processing file /opt/airflow/dags/hello_airflow.py for tasks to queue
[2026-05-31T12:41:24.197+0000] {logging_mixin.py:190} INFO - [2026-05-31T12:41:24.197+0000] {dagbag.py:588} INFO - Filling up the DagBag from /opt/airflow/dags/hello_airflow.py
[2026-05-31T12:41:24.206+0000] {processor.py:925} INFO - DAG(s) 'hello_airflow' retrieved from /opt/airflow/dags/hello_airflow.py
[2026-05-31T12:41:24.233+0000] {logging_mixin.py:190} INFO - [2026-05-31T12:41:24.233+0000] {dag.py:3239} INFO - Sync 1 DAGs
[2026-05-31T12:41:24.259+0000] {logging_mixin.py:190} INFO - [2026-05-31T12:41:24.259+0000] {dag.py:4180} INFO - Setting next_dagrun for hello_airflow to 2026-05-31 12:40:00+00:00, run_after=2026-05-31 12:41:00+00:00
[2026-05-31T12:41:24.275+0000] {processor.py:208} INFO - Processing /opt/airflow/dags/hello_airflow.py took 0.086 seconds
[2026-05-31T12:41:54.506+0000] {processor.py:186} INFO - Started process (PID=4281) to work on /opt/airflow/dags/hello_airflow.py
[2026-05-31T12:41:54.508+0000] {processor.py:914} INFO - Processing file /opt/airflow/dags/hello_airflow.py for tasks to queue
[2026-05-31T12:41:54.511+0000] {logging_mixin.py:190} INFO - [2026-05-31T12:41:54.511+0000] {dagbag.py:588} INFO - Filling up the DagBag from /opt/airflow/dags/hello_airflow.py
[2026-05-31T12:41:54.521+0000] {processor.py:925} INFO - DAG(s) 'hello_airflow' retrieved from /opt/airflow/dags/hello_airflow.py
[2026-05-31T12:41:54.544+0000] {logging_mixin.py:190} INFO - [2026-05-31T12:41:54.543+0000] {dag.py:3239} INFO - Sync 1 DAGs
[2026-05-31T12:41:54.564+0000] {logging_mixin.py:190} INFO - [2026-05-31T12:41:54.564+0000] {dag.py:4180} INFO - Setting next_dagrun for hello_airflow to 2026-05-31 12:40:00+00:00, run_after=2026-05-31 12:41:00+00:00
[2026-05-31T12:41:54.581+0000] {processor.py:208} INFO - Processing /opt/airflow/dags/hello_airflow.py took 0.082 seconds
[2026-05-31T12:42:24.726+0000] {processor.py:186} INFO - Started process (PID=4329) to work on /opt/airflow/dags/hello_airflow.py
[2026-05-31T12:42:24.728+0000] {processor.py:914} INFO - Processing file /opt/airflow/dags/hello_airflow.py for tasks to queue
[2026-05-31T12:42:24.732+0000] {logging_mixin.py:190} INFO - [2026-05-31T12:42:24.732+0000] {dagbag.py:588} INFO - Filling up the DagBag from /opt/airflow/dags/hello_airflow.py
[2026-05-31T12:42:24.741+0000] {processor.py:925} INFO - DAG(s) 'hello_airflow' retrieved from /opt/airflow/dags/hello_airflow.py
[2026-05-31T12:42:24.759+0000] {logging_mixin.py:190} INFO - [2026-05-31T12:42:24.759+0000] {dag.py:3239} INFO - Sync 1 DAGs
[2026-05-31T12:42:24.782+0000] {logging_mixin.py:190} INFO - [2026-05-31T12:42:24.781+0000] {dag.py:4180} INFO - Setting next_dagrun for hello_airflow to 2026-05-31 12:41:00+00:00, run_after=2026-05-31 12:42:00+00:00
[2026-05-31T12:42:24.797+0000] {processor.py:208} INFO - Processing /opt/airflow/dags/hello_airflow.py took 0.077 seconds
[2026-05-31T12:42:55.198+0000] {processor.py:186} INFO - Started process (PID=4351) to work on /opt/airflow/dags/hello_airflow.py
[2026-05-31T12:42:55.200+0000] {processor.py:914} INFO - Processing file /opt/airflow/dags/hello_airflow.py for tasks to queue
[2026-05-31T12:42:55.204+0000] {logging_mixin.py:190} INFO - [2026-05-31T12:42:55.204+0000] {dagbag.py:588} INFO - Filling up the DagBag from /opt/airflow/dags/hello_airflow.py
[2026-05-31T12:42:55.222+0000] {processor.py:925} INFO - DAG(s) 'hello_airflow' retrieved from /opt/airflow/dags/hello_airflow.py
[2026-05-31T12:42:55.259+0000] {logging_mixin.py:190} INFO - [2026-05-31T12:42:55.259+0000] {dag.py:3239} INFO - Sync 1 DAGs
[2026-05-31T12:42:55.306+0000] {logging_mixin.py:190} INFO - [2026-05-31T12:42:55.305+0000] {dag.py:4180} INFO - Setting next_dagrun for hello_airflow to 2026-05-31 12:41:00+00:00, run_after=2026-05-31 12:42:00+00:00
[2026-05-31T12:42:55.336+0000] {processor.py:208} INFO - Processing /opt/airflow/dags/hello_airflow.py took 0.150 seconds
[2026-05-31T12:43:25.517+0000] {processor.py:186} INFO - Started process (PID=4371) to work on /opt/airflow/dags/hello_airflow.py
[2026-05-31T12:43:25.518+0000] {processor.py:914} INFO - Processing file /opt/airflow/dags/hello_airflow.py for tasks to queue
[2026-05-31T12:43:25.520+0000] {logging_mixin.py:190} INFO - [2026-05-31T12:43:25.520+0000] {dagbag.py:588} INFO - Filling up the DagBag from /opt/airflow/dags/hello_airflow.py
[2026-05-31T12:43:25.528+0000] {processor.py:925} INFO - DAG(s) 'hello_airflow' retrieved from /opt/airflow/dags/hello_airflow.py
[2026-05-31T12:43:25.546+0000] {logging_mixin.py:190} INFO - [2026-05-31T12:43:25.546+0000] {dag.py:3239} INFO - Sync 1 DAGs
[2026-05-31T12:43:25.567+0000] {logging_mixin.py:190} INFO - [2026-05-31T12:43:25.567+0000] {dag.py:4180} INFO - Setting next_dagrun for hello_airflow to 2026-05-31 12:42:00+00:00, run_after=2026-05-31 12:43:00+00:00
[2026-05-31T12:43:25.580+0000] {processor.py:208} INFO - Processing /opt/airflow/dags/hello_airflow.py took 0.068 seconds
[2026-05-31T12:43:55.647+0000] {processor.py:186} INFO - Started process (PID=4396) to work on /opt/airflow/dags/hello_airflow.py
[2026-05-31T12:43:55.648+0000] {processor.py:914} INFO - Processing file /opt/airflow/dags/hello_airflow.py for tasks to queue
[2026-05-31T12:43:55.650+0000] {logging_mixin.py:190} INFO - [2026-05-31T12:43:55.650+0000] {dagbag.py:588} INFO - Filling up the DagBag from /opt/airflow/dags/hello_airflow.py
[2026-05-31T12:43:55.657+0000] {processor.py:925} INFO - DAG(s) 'hello_airflow' retrieved from /opt/airflow/dags/hello_airflow.py
[2026-05-31T12:43:55.675+0000] {logging_mixin.py:190} INFO - [2026-05-31T12:43:55.675+0000] {dag.py:3239} INFO - Sync 1 DAGs
[2026-05-31T12:43:55.696+0000] {logging_mixin.py:190} INFO - [2026-05-31T12:43:55.696+0000] {dag.py:4180} INFO - Setting next_dagrun for hello_airflow to 2026-05-31 12:42:00+00:00, run_after=2026-05-31 12:43:00+00:00
[2026-05-31T12:43:55.711+0000] {processor.py:208} INFO - Processing /opt/airflow/dags/hello_airflow.py took 0.068 seconds
[2026-05-31T12:44:26.176+0000] {processor.py:186} INFO - Started process (PID=4422) to work on /opt/airflow/dags/hello_airflow.py
[2026-05-31T12:44:26.177+0000] {processor.py:914} INFO - Processing file /opt/airflow/dags/hello_airflow.py for tasks to queue
[2026-05-31T12:44:26.180+0000] {logging_mixin.py:190} INFO - [2026-05-31T12:44:26.180+0000] {dagbag.py:588} INFO - Filling up the DagBag from /opt/airflow/dags/hello_airflow.py
[2026-05-31T12:44:26.190+0000] {processor.py:925} INFO - DAG(s) 'hello_airflow' retrieved from /opt/airflow/dags/hello_airflow.py
[2026-05-31T12:44:26.216+0000] {logging_mixin.py:190} INFO - [2026-05-31T12:44:26.215+0000] {dag.py:3239} INFO - Sync 1 DAGs
[2026-05-31T12:44:26.244+0000] {logging_mixin.py:190} INFO - [2026-05-31T12:44:26.244+0000] {dag.py:4180} INFO - Setting next_dagrun for hello_airflow to 2026-05-31 12:43:00+00:00, run_after=2026-05-31 12:44:00+00:00
[2026-05-31T12:44:26.260+0000] {processor.py:208} INFO - Processing /opt/airflow/dags/hello_airflow.py took 0.090 seconds
[2026-05-31T12:44:56.641+0000] {processor.py:186} INFO - Started process (PID=4445) to work on /opt/airflow/dags/hello_airflow.py
[2026-05-31T12:44:56.642+0000] {processor.py:914} INFO - Processing file /opt/airflow/dags/hello_airflow.py for tasks to queue
[2026-05-31T12:44:56.644+0000] {logging_mixin.py:190} INFO - [2026-05-31T12:44:56.644+0000] {dagbag.py:588} INFO - Filling up the DagBag from /opt/airflow/dags/hello_airflow.py
[2026-05-31T12:44:56.653+0000] {processor.py:925} INFO - DAG(s) 'hello_airflow' retrieved from /opt/airflow/dags/hello_airflow.py
[2026-05-31T12:44:56.672+0000] {logging_mixin.py:190} INFO - [2026-05-31T12:44:56.672+0000] {dag.py:3239} INFO - Sync 1 DAGs
[2026-05-31T12:44:56.693+0000] {logging_mixin.py:190} INFO - [2026-05-31T12:44:56.693+0000] {dag.py:4180} INFO - Setting next_dagrun for hello_airflow to 2026-05-31 12:43:00+00:00, run_after=2026-05-31 12:44:00+00:00
[2026-05-31T12:44:56.705+0000] {processor.py:208} INFO - Processing /opt/airflow/dags/hello_airflow.py took 0.069 seconds
[2026-05-31T12:45:27.075+0000] {processor.py:186} INFO - Started process (PID=4469) to work on /opt/airflow/dags/hello_airflow.py
[2026-05-31T12:45:27.077+0000] {processor.py:914} INFO - Processing file /opt/airflow/dags/hello_airflow.py for tasks to queue
[2026-05-31T12:45:27.080+0000] {logging_mixin.py:190} INFO - [2026-05-31T12:45:27.079+0000] {dagbag.py:588} INFO - Filling up the DagBag from /opt/airflow/dags/hello_airflow.py
[2026-05-31T12:45:27.091+0000] {processor.py:925} INFO - DAG(s) 'hello_airflow' retrieved from /opt/airflow/dags/hello_airflow.py
[2026-05-31T12:45:27.114+0000] {logging_mixin.py:190} INFO - [2026-05-31T12:45:27.114+0000] {dag.py:3239} INFO - Sync 1 DAGs
[2026-05-31T12:45:27.149+0000] {logging_mixin.py:190} INFO - [2026-05-31T12:45:27.149+0000] {dag.py:4180} INFO - Setting next_dagrun for hello_airflow to 2026-05-31 12:44:00+00:00, run_after=2026-05-31 12:45:00+00:00
[2026-05-31T12:45:27.163+0000] {processor.py:208} INFO - Processing /opt/airflow/dags/hello_airflow.py took 0.094 seconds
[2026-05-31T12:45:57.205+0000] {processor.py:186} INFO - Started process (PID=4492) to work on /opt/airflow/dags/hello_airflow.py
[2026-05-31T12:45:57.205+0000] {processor.py:914} INFO - Processing file /opt/airflow/dags/hello_airflow.py for tasks to queue
[2026-05-31T12:45:57.207+0000] {logging_mixin.py:190} INFO - [2026-05-31T12:45:57.207+0000] {dagbag.py:588} INFO - Filling up the DagBag from /opt/airflow/dags/hello_airflow.py
[2026-05-31T12:45:57.215+0000] {processor.py:925} INFO - DAG(s) 'hello_airflow' retrieved from /opt/airflow/dags/hello_airflow.py
[2026-05-31T12:45:57.234+0000] {logging_mixin.py:190} INFO - [2026-05-31T12:45:57.234+0000] {dag.py:3239} INFO - Sync 1 DAGs
[2026-05-31T12:45:57.259+0000] {logging_mixin.py:190} INFO - [2026-05-31T12:45:57.259+0000] {dag.py:4180} INFO - Setting next_dagrun for hello_airflow to 2026-05-31 12:44:00+00:00, run_after=2026-05-31 12:45:00+00:00
[2026-05-31T12:45:57.275+0000] {processor.py:208} INFO - Processing /opt/airflow/dags/hello_airflow.py took 0.076 seconds
[2026-05-31T12:46:27.335+0000] {processor.py:186} INFO - Started process (PID=4516) to work on /opt/airflow/dags/hello_airflow.py
[2026-05-31T12:46:27.336+0000] {processor.py:914} INFO - Processing file /opt/airflow/dags/hello_airflow.py for tasks to queue
[2026-05-31T12:46:27.338+0000] {logging_mixin.py:190} INFO - [2026-05-31T12:46:27.338+0000] {dagbag.py:588} INFO - Filling up the DagBag from /opt/airflow/dags/hello_airflow.py
[2026-05-31T12:46:27.348+0000] {processor.py:925} INFO - DAG(s) 'hello_airflow' retrieved from /opt/airflow/dags/hello_airflow.py
[2026-05-31T12:46:27.368+0000] {logging_mixin.py:190} INFO - [2026-05-31T12:46:27.368+0000] {dag.py:3239} INFO - Sync 1 DAGs
[2026-05-31T12:46:27.392+0000] {logging_mixin.py:190} INFO - [2026-05-31T12:46:27.392+0000] {dag.py:4180} INFO - Setting next_dagrun for hello_airflow to 2026-05-31 12:45:00+00:00, run_after=2026-05-31 12:46:00+00:00
[2026-05-31T12:46:27.408+0000] {processor.py:208} INFO - Processing /opt/airflow/dags/hello_airflow.py took 0.080 seconds
[2026-05-31T12:46:57.671+0000] {processor.py:186} INFO - Started process (PID=4540) to work on /opt/airflow/dags/hello_airflow.py
[2026-05-31T12:46:57.672+0000] {processor.py:914} INFO - Processing file /opt/airflow/dags/hello_airflow.py for tasks to queue
[2026-05-31T12:46:57.674+0000] {logging_mixin.py:190} INFO - [2026-05-31T12:46:57.674+0000] {dagbag.py:588} INFO - Filling up the DagBag from /opt/airflow/dags/hello_airflow.py
[2026-05-31T12:46:57.682+0000] {processor.py:925} INFO - DAG(s) 'hello_airflow' retrieved from /opt/airflow/dags/hello_airflow.py
[2026-05-31T12:46:57.700+0000] {logging_mixin.py:190} INFO - [2026-05-31T12:46:57.700+0000] {dag.py:3239} INFO - Sync 1 DAGs
[2026-05-31T12:46:57.735+0000] {logging_mixin.py:190} INFO - [2026-05-31T12:46:57.731+0000] {dag.py:4180} INFO - Setting next_dagrun for hello_airflow to 2026-05-31 12:45:00+00:00, run_after=2026-05-31 12:46:00+00:00
[2026-05-31T12:46:57.762+0000] {processor.py:208} INFO - Processing /opt/airflow/dags/hello_airflow.py took 0.096 seconds
[2026-05-31T12:47:28.104+0000] {processor.py:186} INFO - Started process (PID=4564) to work on /opt/airflow/dags/hello_airflow.py
[2026-05-31T12:47:28.112+0000] {processor.py:914} INFO - Processing file /opt/airflow/dags/hello_airflow.py for tasks to queue
[2026-05-31T12:47:28.118+0000] {logging_mixin.py:190} INFO - [2026-05-31T12:47:28.117+0000] {dagbag.py:588} INFO - Filling up the DagBag from /opt/airflow/dags/hello_airflow.py
[2026-05-31T12:47:28.151+0000] {processor.py:925} INFO - DAG(s) 'hello_airflow' retrieved from /opt/airflow/dags/hello_airflow.py
[2026-05-31T12:47:28.199+0000] {logging_mixin.py:190} INFO - [2026-05-31T12:47:28.199+0000] {dag.py:3239} INFO - Sync 1 DAGs
[2026-05-31T12:47:28.228+0000] {logging_mixin.py:190} INFO - [2026-05-31T12:47:28.228+0000] {dag.py:4180} INFO - Setting next_dagrun for hello_airflow to 2026-05-31 12:46:00+00:00, run_after=2026-05-31 12:47:00+00:00
[2026-05-31T12:47:28.245+0000] {processor.py:208} INFO - Processing /opt/airflow/dags/hello_airflow.py took 0.168 seconds
[2026-05-31T12:47:58.323+0000] {processor.py:186} INFO - Started process (PID=4588) to work on /opt/airflow/dags/hello_airflow.py
[2026-05-31T12:47:58.325+0000] {processor.py:914} INFO - Processing file /opt/airflow/dags/hello_airflow.py for tasks to queue
[2026-05-31T12:47:58.328+0000] {logging_mixin.py:190} INFO - [2026-05-31T12:47:58.328+0000] {dagbag.py:588} INFO - Filling up the DagBag from /opt/airflow/dags/hello_airflow.py
[2026-05-31T12:47:58.340+0000] {processor.py:925} INFO - DAG(s) 'hello_airflow' retrieved from /opt/airflow/dags/hello_airflow.py
[2026-05-31T12:47:58.361+0000] {logging_mixin.py:190} INFO - [2026-05-31T12:47:58.360+0000] {dag.py:3239} INFO - Sync 1 DAGs
[2026-05-31T12:47:58.384+0000] {logging_mixin.py:190} INFO - [2026-05-31T12:47:58.384+0000] {dag.py:4180} INFO - Setting next_dagrun for hello_airflow to 2026-05-31 12:46:00+00:00, run_after=2026-05-31 12:47:00+00:00
[2026-05-31T12:47:58.399+0000] {processor.py:208} INFO - Processing /opt/airflow/dags/hello_airflow.py took 0.082 seconds
[2026-05-31T12:48:28.649+0000] {processor.py:186} INFO - Started process (PID=4612) to work on /opt/airflow/dags/hello_airflow.py
[2026-05-31T12:48:28.650+0000] {processor.py:914} INFO - Processing file /opt/airflow/dags/hello_airflow.py for tasks to queue
[2026-05-31T12:48:28.653+0000] {logging_mixin.py:190} INFO - [2026-05-31T12:48:28.652+0000] {dagbag.py:588} INFO - Filling up the DagBag from /opt/airflow/dags/hello_airflow.py
[2026-05-31T12:48:28.660+0000] {processor.py:925} INFO - DAG(s) 'hello_airflow' retrieved from /opt/airflow/dags/hello_airflow.py
[2026-05-31T12:48:28.678+0000] {logging_mixin.py:190} INFO - [2026-05-31T12:48:28.677+0000] {dag.py:3239} INFO - Sync 1 DAGs
[2026-05-31T12:48:28.699+0000] {logging_mixin.py:190} INFO - [2026-05-31T12:48:28.698+0000] {dag.py:4180} INFO - Setting next_dagrun for hello_airflow to 2026-05-31 12:47:00+00:00, run_after=2026-05-31 12:48:00+00:00
[2026-05-31T12:48:28.712+0000] {processor.py:208} INFO - Processing /opt/airflow/dags/hello_airflow.py took 0.068 seconds
[2026-05-31T12:48:59.154+0000] {processor.py:186} INFO - Started process (PID=4636) to work on /opt/airflow/dags/hello_airflow.py
[2026-05-31T12:48:59.155+0000] {processor.py:914} INFO - Processing file /opt/airflow/dags/hello_airflow.py for tasks to queue
[2026-05-31T12:48:59.158+0000] {logging_mixin.py:190} INFO - [2026-05-31T12:48:59.158+0000] {dagbag.py:588} INFO - Filling up the DagBag from /opt/airflow/dags/hello_airflow.py
[2026-05-31T12:48:59.167+0000] {processor.py:925} INFO - DAG(s) 'hello_airflow' retrieved from /opt/airflow/dags/hello_airflow.py
[2026-05-31T12:48:59.184+0000] {logging_mixin.py:190} INFO - [2026-05-31T12:48:59.184+0000] {dag.py:3239} INFO - Sync 1 DAGs
[2026-05-31T12:48:59.321+0000] {logging_mixin.py:190} INFO - [2026-05-31T12:48:59.321+0000] {dag.py:4180} INFO - Setting next_dagrun for hello_airflow to 2026-05-31 12:47:00+00:00, run_after=2026-05-31 12:48:00+00:00
[2026-05-31T12:48:59.333+0000] {processor.py:208} INFO - Processing /opt/airflow/dags/hello_airflow.py took 0.185 seconds
[2026-05-31T12:49:29.606+0000] {processor.py:186} INFO - Started process (PID=4656) to work on /opt/airflow/dags/hello_airflow.py
[2026-05-31T12:49:29.607+0000] {processor.py:914} INFO - Processing file /opt/airflow/dags/hello_airflow.py for tasks to queue
[2026-05-31T12:49:29.609+0000] {logging_mixin.py:190} INFO - [2026-05-31T12:49:29.608+0000] {dagbag.py:588} INFO - Filling up the DagBag from /opt/airflow/dags/hello_airflow.py
[2026-05-31T12:49:29.617+0000] {processor.py:925} INFO - DAG(s) 'hello_airflow' retrieved from /opt/airflow/dags/hello_airflow.py
[2026-05-31T12:49:29.635+0000] {logging_mixin.py:190} INFO - [2026-05-31T12:49:29.634+0000] {dag.py:3239} INFO - Sync 1 DAGs
[2026-05-31T12:49:29.655+0000] {logging_mixin.py:190} INFO - [2026-05-31T12:49:29.655+0000] {dag.py:4180} INFO - Setting next_dagrun for hello_airflow to 2026-05-31 12:48:00+00:00, run_after=2026-05-31 12:49:00+00:00
[2026-05-31T12:49:29.669+0000] {processor.py:208} INFO - Processing /opt/airflow/dags/hello_airflow.py took 0.068 seconds
[2026-05-31T12:49:59.780+0000] {processor.py:186} INFO - Started process (PID=4678) to work on /opt/airflow/dags/hello_airflow.py
[2026-05-31T12:49:59.781+0000] {processor.py:914} INFO - Processing file /opt/airflow/dags/hello_airflow.py for tasks to queue
[2026-05-31T12:49:59.783+0000] {logging_mixin.py:190} INFO - [2026-05-31T12:49:59.783+0000] {dagbag.py:588} INFO - Filling up the DagBag from /opt/airflow/dags/hello_airflow.py
[2026-05-31T12:49:59.791+0000] {processor.py:925} INFO - DAG(s) 'hello_airflow' retrieved from /opt/airflow/dags/hello_airflow.py
[2026-05-31T12:49:59.809+0000] {logging_mixin.py:190} INFO - [2026-05-31T12:49:59.809+0000] {dag.py:3239} INFO - Sync 1 DAGs
[2026-05-31T12:49:59.830+0000] {logging_mixin.py:190} INFO - [2026-05-31T12:49:59.829+0000] {dag.py:4180} INFO - Setting next_dagrun for hello_airflow to 2026-05-31 12:48:00+00:00, run_after=2026-05-31 12:49:00+00:00
[2026-05-31T12:49:59.961+0000] {processor.py:208} INFO - Processing /opt/airflow/dags/hello_airflow.py took 0.186 seconds
[2026-05-31T12:50:30.804+0000] {processor.py:186} INFO - Started process (PID=4701) to work on /opt/airflow/dags/hello_airflow.py
[2026-05-31T12:50:30.805+0000] {processor.py:914} INFO - Processing file /opt/airflow/dags/hello_airflow.py for tasks to queue
[2026-05-31T12:50:30.806+0000] {logging_mixin.py:190} INFO - [2026-05-31T12:50:30.806+0000] {dagbag.py:588} INFO - Filling up the DagBag from /opt/airflow/dags/hello_airflow.py
[2026-05-31T12:50:30.819+0000] {processor.py:925} INFO - DAG(s) 'hello_airflow' retrieved from /opt/airflow/dags/hello_airflow.py
[2026-05-31T12:50:30.836+0000] {logging_mixin.py:190} INFO - [2026-05-31T12:50:30.836+0000] {dag.py:3239} INFO - Sync 1 DAGs
[2026-05-31T12:50:30.856+0000] {logging_mixin.py:190} INFO - [2026-05-31T12:50:30.856+0000] {dag.py:4180} INFO - Setting next_dagrun for hello_airflow to 2026-05-31 12:49:00+00:00, run_after=2026-05-31 12:50:00+00:00
[2026-05-31T12:50:30.869+0000] {processor.py:208} INFO - Processing /opt/airflow/dags/hello_airflow.py took 0.070 seconds
[2026-05-31T12:51:00.982+0000] {processor.py:186} INFO - Started process (PID=4725) to work on /opt/airflow/dags/hello_airflow.py
[2026-05-31T12:51:00.983+0000] {processor.py:914} INFO - Processing file /opt/airflow/dags/hello_airflow.py for tasks to queue
[2026-05-31T12:51:00.986+0000] {logging_mixin.py:190} INFO - [2026-05-31T12:51:00.985+0000] {dagbag.py:588} INFO - Filling up the DagBag from /opt/airflow/dags/hello_airflow.py
[2026-05-31T12:51:00.995+0000] {processor.py:925} INFO - DAG(s) 'hello_airflow' retrieved from /opt/airflow/dags/hello_airflow.py
[2026-05-31T12:51:01.015+0000] {logging_mixin.py:190} INFO - [2026-05-31T12:51:01.015+0000] {dag.py:3239} INFO - Sync 1 DAGs
[2026-05-31T12:51:01.181+0000] {logging_mixin.py:190} INFO - [2026-05-31T12:51:01.180+0000] {dag.py:4180} INFO - Setting next_dagrun for hello_airflow to 2026-05-31 12:50:00+00:00, run_after=2026-05-31 12:51:00+00:00
[2026-05-31T12:51:01.193+0000] {processor.py:208} INFO - Processing /opt/airflow/dags/hello_airflow.py took 0.218 seconds
[2026-05-31T12:51:31.321+0000] {processor.py:186} INFO - Started process (PID=4749) to work on /opt/airflow/dags/hello_airflow.py
[2026-05-31T12:51:31.322+0000] {processor.py:914} INFO - Processing file /opt/airflow/dags/hello_airflow.py for tasks to queue
[2026-05-31T12:51:31.326+0000] {logging_mixin.py:190} INFO - [2026-05-31T12:51:31.325+0000] {dagbag.py:588} INFO - Filling up the DagBag from /opt/airflow/dags/hello_airflow.py
[2026-05-31T12:51:31.344+0000] {processor.py:925} INFO - DAG(s) 'hello_airflow' retrieved from /opt/airflow/dags/hello_airflow.py
[2026-05-31T12:51:31.364+0000] {logging_mixin.py:190} INFO - [2026-05-31T12:51:31.364+0000] {dag.py:3239} INFO - Sync 1 DAGs
[2026-05-31T12:51:31.385+0000] {logging_mixin.py:190} INFO - [2026-05-31T12:51:31.385+0000] {dag.py:4180} INFO - Setting next_dagrun for hello_airflow to 2026-05-31 12:50:00+00:00, run_after=2026-05-31 12:51:00+00:00
[2026-05-31T12:51:31.402+0000] {processor.py:208} INFO - Processing /opt/airflow/dags/hello_airflow.py took 0.087 seconds
[2026-05-31T12:52:02.170+0000] {processor.py:186} INFO - Started process (PID=4774) to work on /opt/airflow/dags/hello_airflow.py
[2026-05-31T12:52:02.171+0000] {processor.py:914} INFO - Processing file /opt/airflow/dags/hello_airflow.py for tasks to queue
[2026-05-31T12:52:02.175+0000] {logging_mixin.py:190} INFO - [2026-05-31T12:52:02.175+0000] {dagbag.py:588} INFO - Filling up the DagBag from /opt/airflow/dags/hello_airflow.py
[2026-05-31T12:52:02.183+0000] {processor.py:925} INFO - DAG(s) 'hello_airflow' retrieved from /opt/airflow/dags/hello_airflow.py
[2026-05-31T12:52:02.201+0000] {logging_mixin.py:190} INFO - [2026-05-31T12:52:02.201+0000] {dag.py:3239} INFO - Sync 1 DAGs
[2026-05-31T12:52:02.223+0000] {logging_mixin.py:190} INFO - [2026-05-31T12:52:02.223+0000] {dag.py:4180} INFO - Setting next_dagrun for hello_airflow to 2026-05-31 12:51:00+00:00, run_after=2026-05-31 12:52:00+00:00
[2026-05-31T12:52:02.238+0000] {processor.py:208} INFO - Processing /opt/airflow/dags/hello_airflow.py took 0.079 seconds
